Gym has been unmaintained since 2022 and does not support NumPy 2.0 amongst other critical functionality.
Please upgrade to Gymnasium, the maintained drop-in replacement of Gym, or contact the authors of your software and request that they upgrade.
See the migration guide at https://gymnasium.farama.org/introduction/migration_guide/ for additional information.
PluginManager::Manager: duplicate static plugin StbImageImporter, ignoring
PluginManager::Manager: duplicate static plugin GltfImporter, ignoring
PluginManager::Manager: duplicate static plugin BasisImporter, ignoring
PluginManager::Manager: duplicate static plugin AssimpImporter, ignoring
PluginManager::Manager: duplicate static plugin AnySceneImporter, ignoring
PluginManager::Manager: duplicate static plugin AnyImageImporter, ignoring
2026-08-11 19:11:28,278 config: habitat:
  seed: 300
  env_task: GymHabitatEnv
  env_task_gym_dependencies: []
  env_task_gym_id: ''
  environment:
    max_episode_steps: 500
    max_episode_seconds: 10000000
    iterator_options:
      cycle: true
      shuffle: true
      group_by_scene: true
      num_episode_sample: -1
      max_scene_repeat_episodes: -1
      max_scene_repeat_steps: 10000
      step_repetition_range: 0.2
  simulator:
    type: Sim-v0
    forward_step_size: 0.25
    turn_angle: 10
    create_renderer: false
    requires_textures: true
    auto_sleep: false
    step_physics: true
    concur_render: false
    needs_markers: true
    update_articulated_agent: true
    scene: data/scene_datasets/habitat-test-scenes/van-gogh-room.glb
    scene_dataset: default
    additional_object_paths: []
    seed: ${habitat.seed}
    default_agent_id: 0
    debug_render: false
    debug_render_articulated_agent: false
    kinematic_mode: false
    should_setup_semantic_ids: true
    debug_render_goal: true
    robot_joint_start_noise: 0.0
    ctrl_freq: 120.0
    ac_freq_ratio: 4
    load_objs: true
    hold_thresh: 0.15
    grasp_impulse: 10000.0
    agents:
      main_agent:
        height: 1.5
        radius: 0.1
        max_climb: 0.2
        max_slope: 45.0
        grasp_managers: 1
        sim_sensors:
          rgb_sensor:
            type: HabitatSimRGBSensor
            height: 256
            width: 256
            position:
            - 0.0
            - 1.25
            - 0.0
            orientation:
            - 0.0
            - 0.0
            - 0.0
            hfov: 90
            sensor_subtype: PINHOLE
            noise_model: None
            noise_model_kwargs: {}
          depth_sensor:
            type: HabitatSimDepthSensor
            height: 256
            width: 256
            position:
            - 0.0
            - 1.25
            - 0.0
            orientation:
            - 0.0
            - 0.0
            - 0.0
            hfov: 90
            sensor_subtype: PINHOLE
            noise_model: None
            noise_model_kwargs: {}
            min_depth: 0.0
            max_depth: 10.0
            normalize_depth: true
        is_set_start_state: false
        start_position:
        - 0.0
        - 0.0
        - 0.0
        start_rotation:
        - 0.0
        - 0.0
        - 0.0
        - 1.0
        joint_start_noise: 0.1
        joint_that_can_control: null
        joint_start_override: null
        articulated_agent_urdf: null
        articulated_agent_type: null
        ik_arm_urdf: null
        motion_data_path: ''
        auto_update_sensor_transform: true
    agents_order:
    - main_agent
    default_agent_navmesh: true
    navmesh_include_static_objects: false
    habitat_sim_v0:
      gpu_device_id: 0
      gpu_gpu: false
      allow_sliding: true
      frustum_culling: true
      enable_physics: false
      enable_hbao: false
      physics_config_file: ./data/default.physics_config.json
      leave_context_with_background_renderer: false
      enable_gfx_replay_save: false
    ep_info: null
    object_ids_start: 100
    renderer:
      enable_batch_renderer: false
      composite_files: null
      classic_replay_renderer: false
  task:
    physics_target_sps: 60.0
    reward_measure: distance_to_goal_reward
    success_measure: spl
    success_reward: 2.5
    slack_reward: -0.01
    end_on_success: true
    type: Nav-v0
    lab_sensors:
      pointgoal_with_gps_compass_sensor:
        type: PointGoalWithGPSCompassSensor
        goal_format: POLAR
        dimensionality: 2
    measurements:
      distance_to_goal:
        type: DistanceToGoal
        distance_to: POINT
      success:
        type: Success
        success_distance: 0.2
      spl:
        type: SPL
      distance_to_goal_reward:
        type: DistanceToGoalReward
    rank0_env0_measure_names:
    - habitat_perf
    rank0_measure_names: []
    goal_sensor_uuid: pointgoal_with_gps_compass
    count_obj_collisions: true
    settle_steps: 5
    constraint_violation_ends_episode: true
    constraint_violation_drops_object: false
    force_regenerate: false
    should_save_to_cache: false
    object_in_hand_sample_prob: 0.167
    min_start_distance: 3.0
    render_target: true
    filter_colliding_states: true
    num_spawn_attempts: 200
    spawn_max_dist_to_obj: 2.0
    base_angle_noise: 0.523599
    spawn_max_dist_to_obj_delta: 0.02
    recep_place_shrink_factor: 0.8
    ee_sample_factor: 0.2
    ee_exclude_region: 0.0
    base_noise: 0.05
    spawn_region_scale: 0.2
    joint_max_impulse: -1.0
    desired_resting_position:
    - 0.5
    - 0.0
    - 1.0
    use_marker_t: true
    cache_robot_init: false
    success_state: 0.0
    should_enforce_target_within_reach: false
    task_spec_base_path: habitat/task/rearrange/pddl/
    task_spec: ''
    pddl_domain_def: replica_cad
    obj_succ_thresh: 0.3
    enable_safe_drop: false
    art_succ_thresh: 0.15
    robot_at_thresh: 2.0
    min_distance_start_agents: -1.0
    actions:
      stop:
        type: StopAction
      move_forward:
        type: MoveForwardAction
        tilt_angle: 15
      turn_left:
        type: TurnLeftAction
        tilt_angle: 15
      turn_right:
        type: TurnRightAction
        tilt_angle: 15
  dataset:
    type: PointNav-v1
    split: train
    scenes_dir: data/scene_datasets
    content_scenes:
    - '*'
    data_path: data/datasets/pointnav/habitat-test-scenes/v1/{split}/{split}.json.gz
    metadata: null
  gym:
    obs_keys: null
    action_keys: null
    achieved_goal_keys: []
    desired_goal_keys: []
habitat_baselines:
  evaluate: false
  trainer_name: ppo
  updater_name: PPO
  distrib_updater_name: DDPPO
  torch_gpu_id: 0
  tensorboard_dir: /home/furp/FURP-2026-AoyeZHANG-RL-Navigation-for-AMR/src/results/closeout_dsr/closeout_baseline_trainseed300_1m_env5/tb
  writer_type: tb
  video_dir: /home/furp/FURP-2026-AoyeZHANG-RL-Navigation-for-AMR/src/results/closeout_dsr/closeout_baseline_trainseed300_1m_env5/video
  video_fps: 10
  test_episode_count: 2
  eval_ckpt_path_dir: data/new_checkpoints
  num_environments: 5
  num_processes: -1
  rollout_storage_name: RolloutStorage
  checkpoint_folder: /home/furp/FURP-2026-AoyeZHANG-RL-Navigation-for-AMR/src/results/closeout_dsr/closeout_baseline_trainseed300_1m_env5/checkpoints
  num_updates: -1
  num_checkpoints: -1
  checkpoint_interval: 625
  total_num_steps: 1000000.0
  log_interval: 10
  log_file: train.log
  force_blind_policy: false
  verbose: true
  vector_env_factory:
    _target_: habitat_baselines.common.HabitatVectorEnvFactory
  evaluator:
    _target_: habitat_baselines.rl.ppo.habitat_evaluator.HabitatEvaluator
  eval_keys_to_include_in_name: []
  force_torch_single_threaded: true
  wb:
    project_name: ''
    entity: ''
    group: ''
    run_name: ''
  load_resume_state_config: true
  eval:
    split: val
    use_ckpt_config: true
    should_load_ckpt: true
    evals_per_ep: 1
    video_option:
    - disk
    - tensorboard
    extra_sim_sensors: {}
  profiling:
    capture_start_step: -1
    num_steps_to_capture: -1
  should_log_single_proc_infos: false
  on_save_ckpt_callback: null
  rl:
    agent:
      type: SingleAgentAccessMgr
      num_agent_types: 1
      num_active_agents_per_type:
      - 1
      num_pool_agents_per_type:
      - 1
      agent_sample_interval: 20
      force_partner_sample_idx: -1
      behavior_latent_dim: -1
      force_all_agents: false
      discrim_reward_weight: 1.0
      allow_self_play: false
      self_play_batched: false
      load_type1_pop_ckpts: null
    preemption:
      append_slurm_job_id: false
      save_resume_state_interval: 100
      save_state_batch_only: false
    policy:
      main_agent:
        name: PointNavResNetPolicy
        action_distribution_type: categorical
        action_dist:
          use_log_std: true
          use_softplus: false
          std_init: ???
          log_std_init: 0.0
          use_std_param: false
          clamp_std: true
          min_std: 1.0e-06
          max_std: 1
          min_log_std: -5
          max_log_std: 2
          action_activation: tanh
          scheduled_std: false
        obs_transforms: {}
        hierarchical_policy: ???
    ppo:
      clip_param: 0.1
      ppo_epoch: 1
      num_mini_batch: 1
      value_loss_coef: 0.5
      entropy_coef: 0.01
      lr: 0.00025
      eps: 1.0e-05
      max_grad_norm: 0.5
      num_steps: 32
      use_gae: true
      use_linear_lr_decay: true
      use_linear_clip_decay: true
      gamma: 0.99
      tau: 0.95
      reward_window_size: 50
      use_normalized_advantage: false
      hidden_size: 512
      entropy_target_factor: 0.0
      use_adaptive_entropy_pen: false
      use_clipped_value_loss: true
      use_double_buffered_sampler: false
    ddppo:
      sync_frac: 0.6
      distrib_backend: GLOO
      rnn_type: GRU
      num_recurrent_layers: 1
      backbone: resnet18
      pretrained_weights: data/ddppo-models/gibson-2plus-resnet50.pth
      pretrained: false
      pretrained_encoder: false
      train_encoder: true
      reset_critic: true
      force_distributed: false
    ver:
      variable_experience: true
      num_inference_workers: 2
      overlap_rollouts_and_learn: false
    auxiliary_losses: {}

2026-08-11 19:11:28,279 Initializing dataset PointNav-v1
2026-08-11 19:11:28,666 There are less scenes (2) than environments (5). Each environment will use all the scenes instead of using a subset.
Gym has been unmaintained since 2022 and does not support NumPy 2.0 amongst other critical functionality.
Please upgrade to Gymnasium, the maintained drop-in replacement of Gym, or contact the authors of your software and request that they upgrade.
See the migration guide at https://gymnasium.farama.org/introduction/migration_guide/ for additional information.
Gym has been unmaintained since 2022 and does not support NumPy 2.0 amongst other critical functionality.
Please upgrade to Gymnasium, the maintained drop-in replacement of Gym, or contact the authors of your software and request that they upgrade.
See the migration guide at https://gymnasium.farama.org/introduction/migration_guide/ for additional information.
Gym has been unmaintained since 2022 and does not support NumPy 2.0 amongst other critical functionality.
Please upgrade to Gymnasium, the maintained drop-in replacement of Gym, or contact the authors of your software and request that they upgrade.
See the migration guide at https://gymnasium.farama.org/introduction/migration_guide/ for additional information.
Gym has been unmaintained since 2022 and does not support NumPy 2.0 amongst other critical functionality.
Please upgrade to Gymnasium, the maintained drop-in replacement of Gym, or contact the authors of your software and request that they upgrade.
See the migration guide at https://gymnasium.farama.org/introduction/migration_guide/ for additional information.
Gym has been unmaintained since 2022 and does not support NumPy 2.0 amongst other critical functionality.
Please upgrade to Gymnasium, the maintained drop-in replacement of Gym, or contact the authors of your software and request that they upgrade.
See the migration guide at https://gymnasium.farama.org/introduction/migration_guide/ for additional information.
PluginManager::Manager: duplicate static plugin StbImageImporter, ignoring
PluginManager::Manager: duplicate static plugin GltfImporter, ignoring
PluginManager::Manager: duplicate static plugin BasisImporter, ignoring
PluginManager::Manager: duplicate static plugin AssimpImporter, ignoring
PluginManager::Manager: duplicate static plugin AnySceneImporter, ignoring
PluginManager::Manager: duplicate static plugin AnyImageImporter, ignoring
PluginManager::Manager: duplicate static plugin StbImageImporter, ignoring
PluginManager::Manager: duplicate static plugin GltfImporter, ignoring
PluginManager::Manager: duplicate static plugin BasisImporter, ignoring
PluginManager::Manager: duplicate static plugin AssimpImporter, ignoring
PluginManager::Manager: duplicate static plugin AnySceneImporter, ignoring
PluginManager::Manager: duplicate static plugin AnyImageImporter, ignoring
PluginManager::Manager: duplicate static plugin StbImageImporter, ignoring
PluginManager::Manager: duplicate static plugin GltfImporter, ignoring
PluginManager::Manager: duplicate static plugin BasisImporter, ignoring
PluginManager::Manager: duplicate static plugin AssimpImporter, ignoring
PluginManager::Manager: duplicate static plugin AnySceneImporter, ignoring
PluginManager::Manager: duplicate static plugin AnyImageImporter, ignoring
PluginManager::Manager: duplicate static plugin StbImageImporter, ignoring
PluginManager::Manager: duplicate static plugin GltfImporter, ignoring
PluginManager::Manager: duplicate static plugin BasisImporter, ignoring
PluginManager::Manager: duplicate static plugin AssimpImporter, ignoring
PluginManager::Manager: duplicate static plugin AnySceneImporter, ignoring
PluginManager::Manager: duplicate static plugin AnyImageImporter, ignoring
PluginManager::Manager: duplicate static plugin StbImageImporter, ignoring
PluginManager::Manager: duplicate static plugin GltfImporter, ignoring
PluginManager::Manager: duplicate static plugin BasisImporter, ignoring
PluginManager::Manager: duplicate static plugin AssimpImporter, ignoring
PluginManager::Manager: duplicate static plugin AnySceneImporter, ignoring
PluginManager::Manager: duplicate static plugin AnyImageImporter, ignoring
2026-08-11 19:11:31,034 Initializing dataset PointNav-v1
2026-08-11 19:11:31,034 Initializing dataset PointNav-v1
2026-08-11 19:11:31,034 Initializing dataset PointNav-v1
2026-08-11 19:11:31,036 Initializing dataset PointNav-v1
2026-08-11 19:11:31,036 Initializing dataset PointNav-v1
2026-08-11 19:11:31,285 initializing sim Sim-v0
2026-08-11 19:11:31,285 initializing sim Sim-v0
2026-08-11 19:11:31,286 initializing sim Sim-v0
2026-08-11 19:11:31,288 initializing sim Sim-v0
PluginManager::Manager: duplicate static plugin StbImageImporter, ignoring
PluginManager::Manager: duplicate static plugin GltfImporter, ignoring
PluginManager::Manager: duplicate static plugin BasisImporter, ignoring
PluginManager::Manager: duplicate static plugin AssimpImporter, ignoring
PluginManager::Manager: duplicate static plugin AnySceneImporter, ignoring
PluginManager::Manager: duplicate static plugin AnyImageImporter, ignoring
PluginManager::Manager: duplicate static plugin StbImageImporter, ignoring
PluginManager::Manager: duplicate static plugin GltfImporter, ignoring
PluginManager::Manager: duplicate static plugin BasisImporter, ignoring
PluginManager::Manager: duplicate static plugin AssimpImporter, ignoring
PluginManager::Manager: duplicate static plugin AnySceneImporter, ignoring
PluginManager::Manager: duplicate static plugin AnyImageImporter, ignoring
PluginManager::Manager: duplicate static plugin StbImageImporter, ignoring
PluginManager::Manager: duplicate static plugin GltfImporter, ignoring
PluginManager::Manager: duplicate static plugin BasisImporter, ignoring
PluginManager::Manager: duplicate static plugin AssimpImporter, ignoring
PluginManager::Manager: duplicate static plugin AnySceneImporter, ignoring
PluginManager::Manager: duplicate static plugin AnyImageImporter, ignoring
PluginManager::Manager: duplicate static plugin StbImageImporter, ignoring
PluginManager::Manager: duplicate static plugin GltfImporter, ignoring
PluginManager::Manager: duplicate static plugin BasisImporter, ignoring
PluginManager::Manager: duplicate static plugin AssimpImporter, ignoring
PluginManager::Manager: duplicate static plugin AnySceneImporter, ignoring
PluginManager::Manager: duplicate static plugin AnyImageImporter, ignoring
2026-08-11 19:11:31,291 initializing sim Sim-v0
PluginManager::Manager: duplicate static plugin StbImageImporter, ignoring
PluginManager::Manager: duplicate static plugin GltfImporter, ignoring
PluginManager::Manager: duplicate static plugin BasisImporter, ignoring
PluginManager::Manager: duplicate static plugin AssimpImporter, ignoring
PluginManager::Manager: duplicate static plugin AnySceneImporter, ignoring
PluginManager::Manager: duplicate static plugin AnyImageImporter, ignoring
Renderer: NVIDIA GeForce RTX 4070/PCIe/SSE2 by NVIDIA Corporation
OpenGL version: 4.6.0 NVIDIA 580.173.02
Using optional features:
    GL_ARB_vertex_array_object
    GL_ARB_separate_shader_objects
    GL_ARB_robustness
    GL_ARB_texture_storage
    GL_ARB_texture_view
    GL_ARB_framebuffer_no_attachments
    GL_ARB_invalidate_subdata
    GL_ARB_texture_storage_multisample
    GL_ARB_multi_bind
    GL_ARB_direct_state_access
    GL_ARB_get_texture_sub_image
    GL_ARB_texture_filter_anisotropic
    GL_KHR_debug
    GL_KHR_parallel_shader_compile
    GL_NV_depth_buffer_float
Using driver workarounds:
    no-forward-compatible-core-context
    nv-egl-incorrect-gl11-function-pointers
    no-layout-qualifiers-on-old-glsl
    nv-zero-context-profile-mask
    nv-implementation-color-read-format-dsa-broken
    nv-cubemap-inconsistent-compressed-image-size
    nv-cubemap-broken-full-compressed-image-query
    nv-compressed-block-size-in-bits
[19:11:31:550921]:[Warning]:[Metadata] SceneDatasetAttributes.cpp(107)::addNewSceneInstanceToDataset : Dataset : 'default' : Lighting Layout Attributes 'no_lights' specified in Scene Attributes but does not exist in dataset, so creating default.
[19:11:31:550990]:[Warning]:[Scene] SemanticScene.h(331)::checkFileExists : ::loadSemanticSceneDescriptor: File `data/scene_datasets/habitat-test-scenes/van-gogh-room.scn` does not exist.  Aborting load.
[19:11:31:550999]:[Warning]:[Scene] SemanticScene.cpp(123)::loadSemanticSceneDescriptor : SSD File Naming Issue! Neither SemanticAttributes-provided name : `data/scene_datasets/habitat-test-scenes/van-gogh-room.scn` nor constructed filename : `data/scene_datasets/habitat-test-scenes/info_semantic.json` exist on disk.
[19:11:31:551005]:[Error]:[Scene] SemanticScene.cpp(139)::loadSemanticSceneDescriptor : SSD Load Failure! File with SemanticAttributes-provided name `data/scene_datasets/habitat-test-scenes/van-gogh-room.scn` exists but failed to load.
Renderer: NVIDIA GeForce RTX 4070/PCIe/SSE2 by NVIDIA Corporation
OpenGL version: 4.6.0 NVIDIA 580.173.02
Using optional features:
    GL_ARB_vertex_array_object
    GL_ARB_separate_shader_objects
    GL_ARB_robustness
    GL_ARB_texture_storage
    GL_ARB_texture_view
    GL_ARB_framebuffer_no_attachments
    GL_ARB_invalidate_subdata
    GL_ARB_texture_storage_multisample
    GL_ARB_multi_bind
    GL_ARB_direct_state_access
    GL_ARB_get_texture_sub_image
    GL_ARB_texture_filter_anisotropic
    GL_KHR_debug
    GL_KHR_parallel_shader_compile
    GL_NV_depth_buffer_float
Using driver workarounds:
    no-forward-compatible-core-context
    nv-egl-incorrect-gl11-function-pointers
    no-layout-qualifiers-on-old-glsl
    nv-zero-context-profile-mask
    nv-implementation-color-read-format-dsa-broken
    nv-cubemap-inconsistent-compressed-image-size
    nv-cubemap-broken-full-compressed-image-query
    nv-compressed-block-size-in-bits
[19:11:31:553260]:[Warning]:[Metadata] SceneDatasetAttributes.cpp(107)::addNewSceneInstanceToDataset : Dataset : 'default' : Lighting Layout Attributes 'no_lights' specified in Scene Attributes but does not exist in dataset, so creating default.
[19:11:31:553319]:[Warning]:[Scene] SemanticScene.h(331)::checkFileExists : ::loadSemanticSceneDescriptor: File `data/scene_datasets/habitat-test-scenes/van-gogh-room.scn` does not exist.  Aborting load.
[19:11:31:553329]:[Warning]:[Scene] SemanticScene.cpp(123)::loadSemanticSceneDescriptor : SSD File Naming Issue! Neither SemanticAttributes-provided name : `data/scene_datasets/habitat-test-scenes/van-gogh-room.scn` nor constructed filename : `data/scene_datasets/habitat-test-scenes/info_semantic.json` exist on disk.
[19:11:31:553334]:[Error]:[Scene] SemanticScene.cpp(139)::loadSemanticSceneDescriptor : SSD Load Failure! File with SemanticAttributes-provided name `data/scene_datasets/habitat-test-scenes/van-gogh-room.scn` exists but failed to load.
Renderer: NVIDIA GeForce RTX 4070/PCIe/SSE2 by NVIDIA Corporation
OpenGL version: 4.6.0 NVIDIA 580.173.02
Using optional features:
    GL_ARB_vertex_array_object
    GL_ARB_separate_shader_objects
    GL_ARB_robustness
    GL_ARB_texture_storage
    GL_ARB_texture_view
    GL_ARB_framebuffer_no_attachments
    GL_ARB_invalidate_subdata
    GL_ARB_texture_storage_multisample
    GL_ARB_multi_bind
    GL_ARB_direct_state_access
    GL_ARB_get_texture_sub_image
    GL_ARB_texture_filter_anisotropic
    GL_KHR_debug
    GL_KHR_parallel_shader_compile
    GL_NV_depth_buffer_float
Using driver workarounds:
    no-forward-compatible-core-context
    nv-egl-incorrect-gl11-function-pointers
    no-layout-qualifiers-on-old-glsl
    nv-zero-context-profile-mask
    nv-implementation-color-read-format-dsa-broken
    nv-cubemap-inconsistent-compressed-image-size
    nv-cubemap-broken-full-compressed-image-query
    nv-compressed-block-size-in-bits
[19:11:31:554139]:[Warning]:[Metadata] SceneDatasetAttributes.cpp(107)::addNewSceneInstanceToDataset : Dataset : 'default' : Lighting Layout Attributes 'no_lights' specified in Scene Attributes but does not exist in dataset, so creating default.
[19:11:31:554231]:[Warning]:[Scene] SemanticScene.h(331)::checkFileExists : ::loadSemanticSceneDescriptor: File `data/scene_datasets/habitat-test-scenes/skokloster-castle.scn` does not exist.  Aborting load.
[19:11:31:554240]:[Warning]:[Scene] SemanticScene.cpp(123)::loadSemanticSceneDescriptor : SSD File Naming Issue! Neither SemanticAttributes-provided name : `data/scene_datasets/habitat-test-scenes/skokloster-castle.scn` nor constructed filename : `data/scene_datasets/habitat-test-scenes/info_semantic.json` exist on disk.
[19:11:31:554245]:[Error]:[Scene] SemanticScene.cpp(139)::loadSemanticSceneDescriptor : SSD Load Failure! File with SemanticAttributes-provided name `data/scene_datasets/habitat-test-scenes/skokloster-castle.scn` exists but failed to load.
Renderer: NVIDIA GeForce RTX 4070/PCIe/SSE2 by NVIDIA Corporation
OpenGL version: 4.6.0 NVIDIA 580.173.02
Using optional features:
    GL_ARB_vertex_array_object
    GL_ARB_separate_shader_objects
    GL_ARB_robustness
    GL_ARB_texture_storage
    GL_ARB_texture_view
    GL_ARB_framebuffer_no_attachments
    GL_ARB_invalidate_subdata
    GL_ARB_texture_storage_multisample
    GL_ARB_multi_bind
    GL_ARB_direct_state_access
    GL_ARB_get_texture_sub_image
    GL_ARB_texture_filter_anisotropic
    GL_KHR_debug
    GL_KHR_parallel_shader_compile
    GL_NV_depth_buffer_float
Using driver workarounds:
    no-forward-compatible-core-context
    nv-egl-incorrect-gl11-function-pointers
    no-layout-qualifiers-on-old-glsl
    nv-zero-context-profile-mask
    nv-implementation-color-read-format-dsa-broken
    nv-cubemap-inconsistent-compressed-image-size
    nv-cubemap-broken-full-compressed-image-query
    nv-compressed-block-size-in-bits
Renderer: NVIDIA GeForce RTX 4070/PCIe/SSE2 by NVIDIA Corporation
OpenGL version: 4.6.0 NVIDIA 580.173.02
Using optional features:
    GL_ARB_vertex_array_object
    GL_ARB_separate_shader_objects
    GL_ARB_robustness
    GL_ARB_texture_storage
    GL_ARB_texture_view
    GL_ARB_framebuffer_no_attachments
    GL_ARB_invalidate_subdata
    GL_ARB_texture_storage_multisample
    GL_ARB_multi_bind
    GL_ARB_direct_state_access
    GL_ARB_get_texture_sub_image
    GL_ARB_texture_filter_anisotropic
    GL_KHR_debug
    GL_KHR_parallel_shader_compile
    GL_NV_depth_buffer_float
Using driver workarounds:
    no-forward-compatible-core-context
    nv-egl-incorrect-gl11-function-pointers
    no-layout-qualifiers-on-old-glsl
    nv-zero-context-profile-mask
    nv-implementation-color-read-format-dsa-broken
    nv-cubemap-inconsistent-compressed-image-size
    nv-cubemap-broken-full-compressed-image-query
    nv-compressed-block-size-in-bits
[19:11:31:555033]:[Warning]:[Metadata] SceneDatasetAttributes.cpp(107)::addNewSceneInstanceToDataset : Dataset : 'default' : Lighting Layout Attributes 'no_lights' specified in Scene Attributes but does not exist in dataset, so creating default.
[19:11:31:555137]:[Warning]:[Scene] SemanticScene.h(331)::checkFileExists : ::loadSemanticSceneDescriptor: File `data/scene_datasets/habitat-test-scenes/skokloster-castle.scn` does not exist.  Aborting load.
[19:11:31:555147]:[Warning]:[Scene] SemanticScene.cpp(123)::loadSemanticSceneDescriptor : SSD File Naming Issue! Neither SemanticAttributes-provided name : `data/scene_datasets/habitat-test-scenes/skokloster-castle.scn` nor constructed filename : `data/scene_datasets/habitat-test-scenes/info_semantic.json` exist on disk.
[19:11:31:555152]:[Error]:[Scene] SemanticScene.cpp(139)::loadSemanticSceneDescriptor : SSD Load Failure! File with SemanticAttributes-provided name `data/scene_datasets/habitat-test-scenes/skokloster-castle.scn` exists but failed to load.
[19:11:31:555252]:[Warning]:[Metadata] SceneDatasetAttributes.cpp(107)::addNewSceneInstanceToDataset : Dataset : 'default' : Lighting Layout Attributes 'no_lights' specified in Scene Attributes but does not exist in dataset, so creating default.
[19:11:31:555343]:[Warning]:[Scene] SemanticScene.h(331)::checkFileExists : ::loadSemanticSceneDescriptor: File `data/scene_datasets/habitat-test-scenes/skokloster-castle.scn` does not exist.  Aborting load.
[19:11:31:555352]:[Warning]:[Scene] SemanticScene.cpp(123)::loadSemanticSceneDescriptor : SSD File Naming Issue! Neither SemanticAttributes-provided name : `data/scene_datasets/habitat-test-scenes/skokloster-castle.scn` nor constructed filename : `data/scene_datasets/habitat-test-scenes/info_semantic.json` exist on disk.
[19:11:31:555357]:[Error]:[Scene] SemanticScene.cpp(139)::loadSemanticSceneDescriptor : SSD Load Failure! File with SemanticAttributes-provided name `data/scene_datasets/habitat-test-scenes/skokloster-castle.scn` exists but failed to load.
[19:11:32:159116]:[Warning]:[Sim] Simulator.cpp(595)::instanceStageForSceneAttributes : The active scene does not contain semantic annotations : activeSemanticSceneID_ = 0
2026-08-11 19:11:32,162 Initializing task Nav-v0
[19:11:32:163902]:[Warning]:[Sim] Simulator.cpp(595)::instanceStageForSceneAttributes : The active scene does not contain semantic annotations : activeSemanticSceneID_ = 0
2026-08-11 19:11:32,166 Initializing task Nav-v0
[19:11:32:454092]:[Warning]:[Sim] Simulator.cpp(595)::instanceStageForSceneAttributes : The active scene does not contain semantic annotations : activeSemanticSceneID_ = 0
2026-08-11 19:11:32,455 Initializing task Nav-v0
[19:11:32:456983]:[Warning]:[Sim] Simulator.cpp(595)::instanceStageForSceneAttributes : The active scene does not contain semantic annotations : activeSemanticSceneID_ = 0
2026-08-11 19:11:32,458 Initializing task Nav-v0
[19:11:32:458986]:[Warning]:[Sim] Simulator.cpp(595)::instanceStageForSceneAttributes : The active scene does not contain semantic annotations : activeSemanticSceneID_ = 0
2026-08-11 19:11:32,460 Initializing task Nav-v0
2026-08-11 19:11:32,910 Number of params to train: 5821797
2026-08-11 19:11:32,911 Agent number of parameters: 5821797
2026-08-11 19:11:37,338 update: 10	fps: 363.469	
2026-08-11 19:11:37,338 Num updates: 10	Num frames 1600
2026-08-11 19:11:37,338 Average window size: 10  distance_to_goal: 6.426  distance_to_goal_reward: 0.000  reward: -0.023  spl: 0.000  success: 0.000
2026-08-11 19:11:37,338 	Perf Stats: trainer.rollout_collect: 0.390 trainer.sample_action: 0.004 trainer.obs_insert: 0.000 trainer.step_env: 0.007 trainer.update_stats: 0.001 trainer.update_agent: 0.048
2026-08-11 19:11:41,291 update: 20	fps: 383.384	
2026-08-11 19:11:41,292 Num updates: 20	Num frames 3200
2026-08-11 19:11:41,292 Average window size: 20  distance_to_goal: 6.289  distance_to_goal_reward: 0.000  reward: -0.024  spl: 0.000  success: 0.000
2026-08-11 19:11:41,292 	Perf Stats: trainer.rollout_collect: 0.374 trainer.sample_action: 0.003 trainer.obs_insert: 0.000 trainer.step_env: 0.007 trainer.update_stats: 0.001 trainer.update_agent: 0.042
2026-08-11 19:11:45,271 update: 30	fps: 389.124	
2026-08-11 19:11:45,271 Num updates: 30	Num frames 4800
2026-08-11 19:11:45,271 Average window size: 30  distance_to_goal: 6.268  distance_to_goal_reward: 0.000  reward: -0.031  spl: 0.000  success: 0.000
2026-08-11 19:11:45,272 	Perf Stats: trainer.rollout_collect: 0.370 trainer.sample_action: 0.003 trainer.obs_insert: 0.000 trainer.step_env: 0.007 trainer.update_stats: 0.001 trainer.update_agent: 0.039
2026-08-11 19:11:49,275 update: 40	fps: 391.708	
2026-08-11 19:11:49,275 Num updates: 40	Num frames 6400
2026-08-11 19:11:49,275 Average window size: 40  distance_to_goal: 6.277  distance_to_goal_reward: 0.000  reward: -0.032  spl: 0.000  success: 0.000
2026-08-11 19:11:49,275 	Perf Stats: trainer.rollout_collect: 0.368 trainer.sample_action: 0.003 trainer.obs_insert: 0.000 trainer.step_env: 0.007 trainer.update_stats: 0.001 trainer.update_agent: 0.038
2026-08-11 19:11:53,376 update: 50	fps: 391.393	
2026-08-11 19:11:53,376 Num updates: 50	Num frames 8000
2026-08-11 19:11:53,376 Average window size: 50  distance_to_goal: 6.329  distance_to_goal_reward: 0.000  reward: -0.031  spl: 0.000  success: 0.000
2026-08-11 19:11:53,376 	Perf Stats: trainer.rollout_collect: 0.369 trainer.sample_action: 0.003 trainer.obs_insert: 0.000 trainer.step_env: 0.007 trainer.update_stats: 0.001 trainer.update_agent: 0.038
2026-08-11 19:11:57,402 update: 60	fps: 392.378	
2026-08-11 19:11:57,402 Num updates: 60	Num frames 9600
2026-08-11 19:11:57,403 Average window size: 50  distance_to_goal: 6.276  distance_to_goal_reward: 0.000  reward: -0.024  spl: 0.000  success: 0.000
2026-08-11 19:11:57,403 	Perf Stats: trainer.rollout_collect: 0.369 trainer.sample_action: 0.003 trainer.obs_insert: 0.000 trainer.step_env: 0.007 trainer.update_stats: 0.001 trainer.update_agent: 0.037
2026-08-11 19:12:01,394 update: 70	fps: 393.561	
2026-08-11 19:12:01,394 Num updates: 70	Num frames 11200
2026-08-11 19:12:01,394 Average window size: 50  distance_to_goal: 6.303  distance_to_goal_reward: 0.000  reward: -0.024  spl: 0.000  success: 0.000
2026-08-11 19:12:01,394 	Perf Stats: trainer.rollout_collect: 0.368 trainer.sample_action: 0.003 trainer.obs_insert: 0.000 trainer.step_env: 0.007 trainer.update_stats: 0.001 trainer.update_agent: 0.037
2026-08-11 19:12:05,375 update: 80	fps: 394.588	
2026-08-11 19:12:05,375 Num updates: 80	Num frames 12800
2026-08-11 19:12:05,375 Average window size: 50  distance_to_goal: 6.248  distance_to_goal_reward: 0.000  reward: -0.015  spl: 0.000  success: 0.000
2026-08-11 19:12:05,375 	Perf Stats: trainer.rollout_collect: 0.367 trainer.sample_action: 0.003 trainer.obs_insert: 0.000 trainer.step_env: 0.007 trainer.update_stats: 0.001 trainer.update_agent: 0.037
2026-08-11 19:12:09,064 update: 90	fps: 398.581	
2026-08-11 19:12:09,064 Num updates: 90	Num frames 14400
2026-08-11 19:12:09,064 Average window size: 50  distance_to_goal: 6.030  distance_to_goal_reward: 0.000  reward: -0.001  spl: 0.001  success: 0.001
2026-08-11 19:12:09,064 	Perf Stats: trainer.rollout_collect: 0.363 trainer.sample_action: 0.003 trainer.obs_insert: 0.000 trainer.step_env: 0.007 trainer.update_stats: 0.001 trainer.update_agent: 0.036
2026-08-11 19:12:12,799 update: 100	fps: 401.374	
2026-08-11 19:12:12,799 Num updates: 100	Num frames 16000
2026-08-11 19:12:12,799 Average window size: 50  distance_to_goal: 5.652  distance_to_goal_reward: 0.000  reward: 0.014  spl: 0.001  success: 0.001
2026-08-11 19:12:12,799 	Perf Stats: trainer.rollout_collect: 0.360 trainer.sample_action: 0.003 trainer.obs_insert: 0.000 trainer.step_env: 0.007 trainer.update_stats: 0.001 trainer.update_agent: 0.036
2026-08-11 19:12:16,368 update: 110	fps: 405.234	
2026-08-11 19:12:16,368 Num updates: 110	Num frames 17600
2026-08-11 19:12:16,368 Average window size: 50  distance_to_goal: 5.128  distance_to_goal_reward: 0.000  reward: 0.020  spl: 0.001  success: 0.001
2026-08-11 19:12:16,368 	Perf Stats: trainer.rollout_collect: 0.356 trainer.sample_action: 0.003 trainer.obs_insert: 0.000 trainer.step_env: 0.007 trainer.update_stats: 0.001 trainer.update_agent: 0.036
2026-08-11 19:12:19,784 update: 120	fps: 409.839	
2026-08-11 19:12:19,784 Num updates: 120	Num frames 19200
2026-08-11 19:12:19,784 Average window size: 50  distance_to_goal: 4.323  distance_to_goal_reward: 0.000  reward: 0.045  spl: 0.001  success: 0.001
2026-08-11 19:12:19,784 	Perf Stats: trainer.rollout_collect: 0.352 trainer.sample_action: 0.003 trainer.obs_insert: 0.000 trainer.step_env: 0.007 trainer.update_stats: 0.001 trainer.update_agent: 0.036
2026-08-11 19:12:23,165 update: 130	fps: 414.101	
2026-08-11 19:12:23,165 Num updates: 130	Num frames 20800
2026-08-11 19:12:23,165 Average window size: 50  distance_to_goal: 3.422  distance_to_goal_reward: 0.000  reward: 0.045  spl: 0.001  success: 0.001
2026-08-11 19:12:23,166 	Perf Stats: trainer.rollout_collect: 0.348 trainer.sample_action: 0.003 trainer.obs_insert: 0.000 trainer.step_env: 0.007 trainer.update_stats: 0.001 trainer.update_agent: 0.036
2026-08-11 19:12:26,610 update: 140	fps: 417.336	
2026-08-11 19:12:26,610 Num updates: 140	Num frames 22400
2026-08-11 19:12:26,610 Average window size: 50  distance_to_goal: 3.024  distance_to_goal_reward: 0.000  reward: 0.032  spl: 0.001  success: 0.001
2026-08-11 19:12:26,610 	Perf Stats: trainer.rollout_collect: 0.345 trainer.sample_action: 0.003 trainer.obs_insert: 0.000 trainer.step_env: 0.007 trainer.update_stats: 0.001 trainer.update_agent: 0.036
2026-08-11 19:12:30,224 update: 150	fps: 418.933	
2026-08-11 19:12:30,224 Num updates: 150	Num frames 24000
2026-08-11 19:12:30,225 Average window size: 50  distance_to_goal: 2.901  distance_to_goal_reward: 0.000  reward: 0.037  spl: 0.001  success: 0.001
2026-08-11 19:12:30,225 	Perf Stats: trainer.rollout_collect: 0.344 trainer.sample_action: 0.003 trainer.obs_insert: 0.000 trainer.step_env: 0.007 trainer.update_stats: 0.001 trainer.update_agent: 0.036
2026-08-11 19:12:33,755 update: 160	fps: 420.923	
2026-08-11 19:12:33,755 Num updates: 160	Num frames 25600
2026-08-11 19:12:33,755 Average window size: 50  distance_to_goal: 3.265  distance_to_goal_reward: 0.000  reward: 0.061  spl: 0.001  success: 0.001
2026-08-11 19:12:33,755 	Perf Stats: trainer.rollout_collect: 0.342 trainer.sample_action: 0.003 trainer.obs_insert: 0.000 trainer.step_env: 0.007 trainer.update_stats: 0.001 trainer.update_agent: 0.036
2026-08-11 19:12:37,225 update: 170	fps: 423.090	
2026-08-11 19:12:37,225 Num updates: 170	Num frames 27200
2026-08-11 19:12:37,225 Average window size: 50  distance_to_goal: 3.644  distance_to_goal_reward: 0.000  reward: 0.095  spl: 0.003  success: 0.004
2026-08-11 19:12:37,225 	Perf Stats: trainer.rollout_collect: 0.340 trainer.sample_action: 0.003 trainer.obs_insert: 0.000 trainer.step_env: 0.006 trainer.update_stats: 0.001 trainer.update_agent: 0.036
2026-08-11 19:12:40,640 update: 180	fps: 425.383	
2026-08-11 19:12:40,640 Num updates: 180	Num frames 28800
2026-08-11 19:12:40,640 Average window size: 50  distance_to_goal: 3.811  distance_to_goal_reward: 0.000  reward: 0.133  spl: 0.003  success: 0.003
2026-08-11 19:12:40,640 	Perf Stats: trainer.rollout_collect: 0.338 trainer.sample_action: 0.003 trainer.obs_insert: 0.000 trainer.step_env: 0.006 trainer.update_stats: 0.001 trainer.update_agent: 0.036
2026-08-11 19:12:44,121 update: 190	fps: 427.057	
2026-08-11 19:12:44,121 Num updates: 190	Num frames 30400
2026-08-11 19:12:44,121 Average window size: 50  distance_to_goal: 3.965  distance_to_goal_reward: 0.000  reward: 0.183  spl: 0.002  success: 0.002
2026-08-11 19:12:44,121 	Perf Stats: trainer.rollout_collect: 0.337 trainer.sample_action: 0.003 trainer.obs_insert: 0.000 trainer.step_env: 0.006 trainer.update_stats: 0.001 trainer.update_agent: 0.036
2026-08-11 19:12:47,556 update: 200	fps: 428.842	
2026-08-11 19:12:47,556 Num updates: 200	Num frames 32000
2026-08-11 19:12:47,556 Average window size: 50  distance_to_goal: 3.758  distance_to_goal_reward: 0.000  reward: 0.255  spl: 0.004  success: 0.004
2026-08-11 19:12:47,556 	Perf Stats: trainer.rollout_collect: 0.335 trainer.sample_action: 0.003 trainer.obs_insert: 0.000 trainer.step_env: 0.006 trainer.update_stats: 0.001 trainer.update_agent: 0.036
2026-08-11 19:12:50,910 update: 210	fps: 430.911	
2026-08-11 19:12:50,910 Num updates: 210	Num frames 33600
2026-08-11 19:12:50,911 Average window size: 50  distance_to_goal: 3.327  distance_to_goal_reward: 0.000  reward: 0.285  spl: 0.007  success: 0.007
2026-08-11 19:12:50,911 	Perf Stats: trainer.rollout_collect: 0.333 trainer.sample_action: 0.003 trainer.obs_insert: 0.000 trainer.step_env: 0.006 trainer.update_stats: 0.001 trainer.update_agent: 0.036
2026-08-11 19:12:54,492 update: 220	fps: 431.605	
2026-08-11 19:12:54,492 Num updates: 220	Num frames 35200
2026-08-11 19:12:54,492 Average window size: 50  distance_to_goal: 3.445  distance_to_goal_reward: 0.000  reward: 0.264  spl: 0.004  success: 0.004
2026-08-11 19:12:54,492 	Perf Stats: trainer.rollout_collect: 0.333 trainer.sample_action: 0.003 trainer.obs_insert: 0.000 trainer.step_env: 0.006 trainer.update_stats: 0.001 trainer.update_agent: 0.036
2026-08-11 19:12:57,972 update: 230	fps: 432.759	
2026-08-11 19:12:57,972 Num updates: 230	Num frames 36800
2026-08-11 19:12:57,972 Average window size: 50  distance_to_goal: 3.460  distance_to_goal_reward: 0.000  reward: 0.281  spl: 0.004  success: 0.004
2026-08-11 19:12:57,972 	Perf Stats: trainer.rollout_collect: 0.332 trainer.sample_action: 0.003 trainer.obs_insert: 0.000 trainer.step_env: 0.006 trainer.update_stats: 0.001 trainer.update_agent: 0.036
2026-08-11 19:13:01,309 update: 240	fps: 434.520	
2026-08-11 19:13:01,310 Num updates: 240	Num frames 38400
2026-08-11 19:13:01,310 Average window size: 50  distance_to_goal: 3.143  distance_to_goal_reward: 0.000  reward: 0.280  spl: 0.008  success: 0.009
2026-08-11 19:13:01,310 	Perf Stats: trainer.rollout_collect: 0.330 trainer.sample_action: 0.003 trainer.obs_insert: 0.000 trainer.step_env: 0.006 trainer.update_stats: 0.001 trainer.update_agent: 0.036
2026-08-11 19:13:04,605 update: 250	fps: 436.351	
2026-08-11 19:13:04,605 Num updates: 250	Num frames 40000
2026-08-11 19:13:04,605 Average window size: 50  distance_to_goal: 3.139  distance_to_goal_reward: 0.000  reward: 0.266  spl: 0.007  success: 0.007
2026-08-11 19:13:04,605 	Perf Stats: trainer.rollout_collect: 0.329 trainer.sample_action: 0.003 trainer.obs_insert: 0.000 trainer.step_env: 0.006 trainer.update_stats: 0.001 trainer.update_agent: 0.036
2026-08-11 19:13:07,941 update: 260	fps: 437.869	
2026-08-11 19:13:07,942 Num updates: 260	Num frames 41600
2026-08-11 19:13:07,942 Average window size: 50  distance_to_goal: 3.128  distance_to_goal_reward: 0.000  reward: 0.304  spl: 0.007  success: 0.007
2026-08-11 19:13:07,942 	Perf Stats: trainer.rollout_collect: 0.327 trainer.sample_action: 0.003 trainer.obs_insert: 0.000 trainer.step_env: 0.006 trainer.update_stats: 0.001 trainer.update_agent: 0.036
2026-08-11 19:13:11,266 update: 270	fps: 439.338	
2026-08-11 19:13:11,266 Num updates: 270	Num frames 43200
2026-08-11 19:13:11,266 Average window size: 50  distance_to_goal: 2.661  distance_to_goal_reward: 0.000  reward: 0.425  spl: 0.010  success: 0.011
2026-08-11 19:13:11,266 	Perf Stats: trainer.rollout_collect: 0.326 trainer.sample_action: 0.003 trainer.obs_insert: 0.000 trainer.step_env: 0.006 trainer.update_stats: 0.001 trainer.update_agent: 0.036
PluginManager::Manager: duplicate static plugin StbImageImporter, ignoring
PluginManager::Manager: duplicate static plugin GltfImporter, ignoring
PluginManager::Manager: duplicate static plugin BasisImporter, ignoring
PluginManager::Manager: duplicate static plugin AssimpImporter, ignoring
PluginManager::Manager: duplicate static plugin AnySceneImporter, ignoring
PluginManager::Manager: duplicate static plugin AnyImageImporter, ignoring
Renderer: NVIDIA GeForce RTX 4070/PCIe/SSE2 by NVIDIA Corporation
OpenGL version: 4.6.0 NVIDIA 580.173.02
Using optional features:
    GL_ARB_vertex_array_object
    GL_ARB_separate_shader_objects
    GL_ARB_robustness
    GL_ARB_texture_storage
    GL_ARB_texture_view
    GL_ARB_framebuffer_no_attachments
    GL_ARB_invalidate_subdata
    GL_ARB_texture_storage_multisample
    GL_ARB_multi_bind
    GL_ARB_direct_state_access
    GL_ARB_get_texture_sub_image
    GL_ARB_texture_filter_anisotropic
    GL_KHR_debug
    GL_KHR_parallel_shader_compile
    GL_NV_depth_buffer_float
Using driver workarounds:
    no-forward-compatible-core-context
    nv-egl-incorrect-gl11-function-pointers
    no-layout-qualifiers-on-old-glsl
    nv-zero-context-profile-mask
    nv-implementation-color-read-format-dsa-broken
    nv-cubemap-inconsistent-compressed-image-size
    nv-cubemap-broken-full-compressed-image-query
    nv-compressed-block-size-in-bits
[19:13:12:621742]:[Warning]:[Scene] SemanticScene.h(331)::checkFileExists : ::loadSemanticSceneDescriptor: File `data/scene_datasets/habitat-test-scenes/van-gogh-room.scn` does not exist.  Aborting load.
[19:13:12:621758]:[Warning]:[Scene] SemanticScene.cpp(123)::loadSemanticSceneDescriptor : SSD File Naming Issue! Neither SemanticAttributes-provided name : `data/scene_datasets/habitat-test-scenes/van-gogh-room.scn` nor constructed filename : `data/scene_datasets/habitat-test-scenes/info_semantic.json` exist on disk.
[19:13:12:621763]:[Error]:[Scene] SemanticScene.cpp(139)::loadSemanticSceneDescriptor : SSD Load Failure! File with SemanticAttributes-provided name `data/scene_datasets/habitat-test-scenes/van-gogh-room.scn` exists but failed to load.
[19:13:13:098476]:[Warning]:[Sim] Simulator.cpp(595)::instanceStageForSceneAttributes : The active scene does not contain semantic annotations : activeSemanticSceneID_ = 0
2026-08-11 19:13:15,133 update: 280	fps: 438.371	
2026-08-11 19:13:15,133 Num updates: 280	Num frames 44800
2026-08-11 19:13:15,133 Average window size: 50  distance_to_goal: 2.300  distance_to_goal_reward: 0.000  reward: 0.518  spl: 0.012  success: 0.013
2026-08-11 19:13:15,133 	Perf Stats: trainer.rollout_collect: 0.327 trainer.sample_action: 0.003 trainer.obs_insert: 0.000 trainer.step_env: 0.006 trainer.update_stats: 0.001 trainer.update_agent: 0.036
PluginManager::Manager: duplicate static plugin StbImageImporter, ignoring
PluginManager::Manager: duplicate static plugin GltfImporter, ignoring
PluginManager::Manager: duplicate static plugin BasisImporter, ignoring
PluginManager::Manager: duplicate static plugin AssimpImporter, ignoring
PluginManager::Manager: duplicate static plugin AnySceneImporter, ignoring
PluginManager::Manager: duplicate static plugin AnyImageImporter, ignoring
Renderer: NVIDIA GeForce RTX 4070/PCIe/SSE2 by NVIDIA Corporation
OpenGL version: 4.6.0 NVIDIA 580.173.02
Using optional features:
    GL_ARB_vertex_array_object
    GL_ARB_separate_shader_objects
    GL_ARB_robustness
    GL_ARB_texture_storage
    GL_ARB_texture_view
    GL_ARB_framebuffer_no_attachments
    GL_ARB_invalidate_subdata
    GL_ARB_texture_storage_multisample
    GL_ARB_multi_bind
    GL_ARB_direct_state_access
    GL_ARB_get_texture_sub_image
    GL_ARB_texture_filter_anisotropic
    GL_KHR_debug
    GL_KHR_parallel_shader_compile
    GL_NV_depth_buffer_float
Using driver workarounds:
    no-forward-compatible-core-context
    nv-egl-incorrect-gl11-function-pointers
    no-layout-qualifiers-on-old-glsl
    nv-zero-context-profile-mask
    nv-implementation-color-read-format-dsa-broken
    nv-cubemap-inconsistent-compressed-image-size
    nv-cubemap-broken-full-compressed-image-query
    nv-compressed-block-size-in-bits
[19:13:16:602841]:[Warning]:[Scene] SemanticScene.h(331)::checkFileExists : ::loadSemanticSceneDescriptor: File `data/scene_datasets/habitat-test-scenes/skokloster-castle.scn` does not exist.  Aborting load.
[19:13:16:602860]:[Warning]:[Scene] SemanticScene.cpp(123)::loadSemanticSceneDescriptor : SSD File Naming Issue! Neither SemanticAttributes-provided name : `data/scene_datasets/habitat-test-scenes/skokloster-castle.scn` nor constructed filename : `data/scene_datasets/habitat-test-scenes/info_semantic.json` exist on disk.
[19:13:16:602865]:[Error]:[Scene] SemanticScene.cpp(139)::loadSemanticSceneDescriptor : SSD Load Failure! File with SemanticAttributes-provided name `data/scene_datasets/habitat-test-scenes/skokloster-castle.scn` exists but failed to load.
[19:13:17:228472]:[Warning]:[Sim] Simulator.cpp(595)::instanceStageForSceneAttributes : The active scene does not contain semantic annotations : activeSemanticSceneID_ = 0
2026-08-11 19:13:19,053 update: 290	fps: 437.254	
2026-08-11 19:13:19,053 Num updates: 290	Num frames 46400
2026-08-11 19:13:19,053 Average window size: 50  distance_to_goal: 2.347  distance_to_goal_reward: 0.000  reward: 0.609  spl: 0.012  success: 0.014
2026-08-11 19:13:19,053 	Perf Stats: trainer.rollout_collect: 0.328 trainer.sample_action: 0.003 trainer.obs_insert: 0.000 trainer.step_env: 0.006 trainer.update_stats: 0.001 trainer.update_agent: 0.036
2026-08-11 19:13:22,518 update: 300	fps: 438.027	
2026-08-11 19:13:22,518 Num updates: 300	Num frames 48000
2026-08-11 19:13:22,518 Average window size: 50  distance_to_goal: 2.570  distance_to_goal_reward: 0.000  reward: 0.691  spl: 0.014  success: 0.015
2026-08-11 19:13:22,518 	Perf Stats: trainer.rollout_collect: 0.327 trainer.sample_action: 0.003 trainer.obs_insert: 0.000 trainer.step_env: 0.006 trainer.update_stats: 0.001 trainer.update_agent: 0.036
2026-08-11 19:13:25,812 update: 310	fps: 439.423	
2026-08-11 19:13:25,812 Num updates: 310	Num frames 49600
2026-08-11 19:13:25,812 Average window size: 50  distance_to_goal: 2.564  distance_to_goal_reward: 0.000  reward: 0.699  spl: 0.011  success: 0.014
2026-08-11 19:13:25,812 	Perf Stats: trainer.rollout_collect: 0.326 trainer.sample_action: 0.003 trainer.obs_insert: 0.000 trainer.step_env: 0.006 trainer.update_stats: 0.001 trainer.update_agent: 0.036
2026-08-11 19:13:29,203 update: 320	fps: 440.366	
2026-08-11 19:13:29,203 Num updates: 320	Num frames 51200
2026-08-11 19:13:29,203 Average window size: 50  distance_to_goal: 2.547  distance_to_goal_reward: 0.000  reward: 0.691  spl: 0.014  success: 0.017
2026-08-11 19:13:29,203 	Perf Stats: trainer.rollout_collect: 0.325 trainer.sample_action: 0.003 trainer.obs_insert: 0.000 trainer.step_env: 0.006 trainer.update_stats: 0.001 trainer.update_agent: 0.036
PluginManager::Manager: duplicate static plugin StbImageImporter, ignoring
PluginManager::Manager: duplicate static plugin GltfImporter, ignoring
PluginManager::Manager: duplicate static plugin BasisImporter, ignoring
PluginManager::Manager: duplicate static plugin AssimpImporter, ignoring
PluginManager::Manager: duplicate static plugin AnySceneImporter, ignoring
PluginManager::Manager: duplicate static plugin AnyImageImporter, ignoring
Renderer: NVIDIA GeForce RTX 4070/PCIe/SSE2 by NVIDIA Corporation
OpenGL version: 4.6.0 NVIDIA 580.173.02
Using optional features:
    GL_ARB_vertex_array_object
    GL_ARB_separate_shader_objects
    GL_ARB_robustness
    GL_ARB_texture_storage
    GL_ARB_texture_view
    GL_ARB_framebuffer_no_attachments
    GL_ARB_invalidate_subdata
    GL_ARB_texture_storage_multisample
    GL_ARB_multi_bind
    GL_ARB_direct_state_access
    GL_ARB_get_texture_sub_image
    GL_ARB_texture_filter_anisotropic
    GL_KHR_debug
    GL_KHR_parallel_shader_compile
    GL_NV_depth_buffer_float
Using driver workarounds:
    no-forward-compatible-core-context
    nv-egl-incorrect-gl11-function-pointers
    no-layout-qualifiers-on-old-glsl
    nv-zero-context-profile-mask
    nv-implementation-color-read-format-dsa-broken
    nv-cubemap-inconsistent-compressed-image-size
    nv-cubemap-broken-full-compressed-image-query
    nv-compressed-block-size-in-bits
[19:13:30:712481]:[Warning]:[Scene] SemanticScene.h(331)::checkFileExists : ::loadSemanticSceneDescriptor: File `data/scene_datasets/habitat-test-scenes/van-gogh-room.scn` does not exist.  Aborting load.
[19:13:30:712497]:[Warning]:[Scene] SemanticScene.cpp(123)::loadSemanticSceneDescriptor : SSD File Naming Issue! Neither SemanticAttributes-provided name : `data/scene_datasets/habitat-test-scenes/van-gogh-room.scn` nor constructed filename : `data/scene_datasets/habitat-test-scenes/info_semantic.json` exist on disk.
[19:13:30:712502]:[Error]:[Scene] SemanticScene.cpp(139)::loadSemanticSceneDescriptor : SSD Load Failure! File with SemanticAttributes-provided name `data/scene_datasets/habitat-test-scenes/van-gogh-room.scn` exists but failed to load.
[19:13:31:189045]:[Warning]:[Sim] Simulator.cpp(595)::instanceStageForSceneAttributes : The active scene does not contain semantic annotations : activeSemanticSceneID_ = 0
2026-08-11 19:13:32,917 update: 330	fps: 440.070	
2026-08-11 19:13:32,917 Num updates: 330	Num frames 52800
2026-08-11 19:13:32,917 Average window size: 50  distance_to_goal: 2.463  distance_to_goal_reward: 0.000  reward: 0.770  spl: 0.020  success: 0.025
2026-08-11 19:13:32,917 	Perf Stats: trainer.rollout_collect: 0.325 trainer.sample_action: 0.003 trainer.obs_insert: 0.000 trainer.step_env: 0.006 trainer.update_stats: 0.001 trainer.update_agent: 0.036
2026-08-11 19:13:36,075 update: 340	fps: 441.776	
2026-08-11 19:13:36,076 Num updates: 340	Num frames 54400
2026-08-11 19:13:36,076 Average window size: 50  distance_to_goal: 2.375  distance_to_goal_reward: 0.000  reward: 0.779  spl: 0.020  success: 0.025
2026-08-11 19:13:36,076 	Perf Stats: trainer.rollout_collect: 0.324 trainer.sample_action: 0.003 trainer.obs_insert: 0.000 trainer.step_env: 0.006 trainer.update_stats: 0.001 trainer.update_agent: 0.036
2026-08-11 19:13:39,310 update: 350	fps: 443.130	
2026-08-11 19:13:39,310 Num updates: 350	Num frames 56000
2026-08-11 19:13:39,310 Average window size: 50  distance_to_goal: 1.996  distance_to_goal_reward: 0.000  reward: 0.717  spl: 0.017  success: 0.023
2026-08-11 19:13:39,310 	Perf Stats: trainer.rollout_collect: 0.323 trainer.sample_action: 0.003 trainer.obs_insert: 0.000 trainer.step_env: 0.006 trainer.update_stats: 0.001 trainer.update_agent: 0.036
PluginManager::Manager: duplicate static plugin StbImageImporter, ignoring
PluginManager::Manager: duplicate static plugin GltfImporter, ignoring
PluginManager::Manager: duplicate static plugin BasisImporter, ignoring
PluginManager::Manager: duplicate static plugin AssimpImporter, ignoring
PluginManager::Manager: duplicate static plugin AnySceneImporter, ignoring
PluginManager::Manager: duplicate static plugin AnyImageImporter, ignoring
Renderer: NVIDIA GeForce RTX 4070/PCIe/SSE2 by NVIDIA Corporation
OpenGL version: 4.6.0 NVIDIA 580.173.02
Using optional features:
    GL_ARB_vertex_array_object
    GL_ARB_separate_shader_objects
    GL_ARB_robustness
    GL_ARB_texture_storage
    GL_ARB_texture_view
    GL_ARB_framebuffer_no_attachments
    GL_ARB_invalidate_subdata
    GL_ARB_texture_storage_multisample
    GL_ARB_multi_bind
    GL_ARB_direct_state_access
    GL_ARB_get_texture_sub_image
    GL_ARB_texture_filter_anisotropic
    GL_KHR_debug
    GL_KHR_parallel_shader_compile
    GL_NV_depth_buffer_float
Using driver workarounds:
    no-forward-compatible-core-context
    nv-egl-incorrect-gl11-function-pointers
    no-layout-qualifiers-on-old-glsl
    nv-zero-context-profile-mask
    nv-implementation-color-read-format-dsa-broken
    nv-cubemap-inconsistent-compressed-image-size
    nv-cubemap-broken-full-compressed-image-query
    nv-compressed-block-size-in-bits
[19:13:40:696113]:[Warning]:[Scene] SemanticScene.h(331)::checkFileExists : ::loadSemanticSceneDescriptor: File `data/scene_datasets/habitat-test-scenes/skokloster-castle.scn` does not exist.  Aborting load.
[19:13:40:696130]:[Warning]:[Scene] SemanticScene.cpp(123)::loadSemanticSceneDescriptor : SSD File Naming Issue! Neither SemanticAttributes-provided name : `data/scene_datasets/habitat-test-scenes/skokloster-castle.scn` nor constructed filename : `data/scene_datasets/habitat-test-scenes/info_semantic.json` exist on disk.
[19:13:40:696135]:[Error]:[Scene] SemanticScene.cpp(139)::loadSemanticSceneDescriptor : SSD Load Failure! File with SemanticAttributes-provided name `data/scene_datasets/habitat-test-scenes/skokloster-castle.scn` exists but failed to load.
[19:13:41:310804]:[Warning]:[Sim] Simulator.cpp(595)::instanceStageForSceneAttributes : The active scene does not contain semantic annotations : activeSemanticSceneID_ = 0
2026-08-11 19:13:43,139 update: 360	fps: 442.385	
2026-08-11 19:13:43,140 Num updates: 360	Num frames 57600
2026-08-11 19:13:43,140 Average window size: 50  distance_to_goal: 1.925  distance_to_goal_reward: 0.000  reward: 0.866  spl: 0.019  success: 0.024
2026-08-11 19:13:43,140 	Perf Stats: trainer.rollout_collect: 0.324 trainer.sample_action: 0.003 trainer.obs_insert: 0.000 trainer.step_env: 0.006 trainer.update_stats: 0.001 trainer.update_agent: 0.036
PluginManager::Manager: duplicate static plugin StbImageImporter, ignoring
PluginManager::Manager: duplicate static plugin GltfImporter, ignoring
PluginManager::Manager: duplicate static plugin BasisImporter, ignoring
PluginManager::Manager: duplicate static plugin AssimpImporter, ignoring
PluginManager::Manager: duplicate static plugin AnySceneImporter, ignoring
PluginManager::Manager: duplicate static plugin AnyImageImporter, ignoring
Renderer: NVIDIA GeForce RTX 4070/PCIe/SSE2 by NVIDIA Corporation
OpenGL version: 4.6.0 NVIDIA 580.173.02
Using optional features:
    GL_ARB_vertex_array_object
    GL_ARB_separate_shader_objects
    GL_ARB_robustness
    GL_ARB_texture_storage
    GL_ARB_texture_view
    GL_ARB_framebuffer_no_attachments
    GL_ARB_invalidate_subdata
    GL_ARB_texture_storage_multisample
    GL_ARB_multi_bind
    GL_ARB_direct_state_access
    GL_ARB_get_texture_sub_image
    GL_ARB_texture_filter_anisotropic
    GL_KHR_debug
    GL_KHR_parallel_shader_compile
    GL_NV_depth_buffer_float
Using driver workarounds:
    no-forward-compatible-core-context
    nv-egl-incorrect-gl11-function-pointers
    no-layout-qualifiers-on-old-glsl
    nv-zero-context-profile-mask
    nv-implementation-color-read-format-dsa-broken
    nv-cubemap-inconsistent-compressed-image-size
    nv-cubemap-broken-full-compressed-image-query
    nv-compressed-block-size-in-bits
[19:13:46:289765]:[Warning]:[Scene] SemanticScene.h(331)::checkFileExists : ::loadSemanticSceneDescriptor: File `data/scene_datasets/habitat-test-scenes/van-gogh-room.scn` does not exist.  Aborting load.
[19:13:46:289780]:[Warning]:[Scene] SemanticScene.cpp(123)::loadSemanticSceneDescriptor : SSD File Naming Issue! Neither SemanticAttributes-provided name : `data/scene_datasets/habitat-test-scenes/van-gogh-room.scn` nor constructed filename : `data/scene_datasets/habitat-test-scenes/info_semantic.json` exist on disk.
[19:13:46:289785]:[Error]:[Scene] SemanticScene.cpp(139)::loadSemanticSceneDescriptor : SSD Load Failure! File with SemanticAttributes-provided name `data/scene_datasets/habitat-test-scenes/van-gogh-room.scn` exists but failed to load.
[19:13:46:766022]:[Warning]:[Sim] Simulator.cpp(595)::instanceStageForSceneAttributes : The active scene does not contain semantic annotations : activeSemanticSceneID_ = 0
2026-08-11 19:13:46,893 update: 370	fps: 441.932	
2026-08-11 19:13:46,893 Num updates: 370	Num frames 59200
2026-08-11 19:13:46,893 Average window size: 50  distance_to_goal: 1.606  distance_to_goal_reward: 0.000  reward: 0.967  spl: 0.027  success: 0.033
2026-08-11 19:13:46,893 	Perf Stats: trainer.rollout_collect: 0.324 trainer.sample_action: 0.003 trainer.obs_insert: 0.000 trainer.step_env: 0.006 trainer.update_stats: 0.001 trainer.update_agent: 0.036
2026-08-11 19:13:50,182 update: 380	fps: 442.999	
2026-08-11 19:13:50,182 Num updates: 380	Num frames 60800
2026-08-11 19:13:50,182 Average window size: 50  distance_to_goal: 1.602  distance_to_goal_reward: 0.000  reward: 0.931  spl: 0.025  success: 0.029
2026-08-11 19:13:50,182 	Perf Stats: trainer.rollout_collect: 0.323 trainer.sample_action: 0.003 trainer.obs_insert: 0.000 trainer.step_env: 0.006 trainer.update_stats: 0.001 trainer.update_agent: 0.036
2026-08-11 19:13:53,352 update: 390	fps: 444.395	
2026-08-11 19:13:53,352 Num updates: 390	Num frames 62400
2026-08-11 19:13:53,352 Average window size: 50  distance_to_goal: 1.576  distance_to_goal_reward: 0.000  reward: 1.014  spl: 0.039  success: 0.048
2026-08-11 19:13:53,352 	Perf Stats: trainer.rollout_collect: 0.322 trainer.sample_action: 0.003 trainer.obs_insert: 0.000 trainer.step_env: 0.006 trainer.update_stats: 0.001 trainer.update_agent: 0.036
2026-08-11 19:13:56,629 update: 400	fps: 445.395	
2026-08-11 19:13:56,629 Num updates: 400	Num frames 64000
2026-08-11 19:13:56,629 Average window size: 50  distance_to_goal: 1.530  distance_to_goal_reward: 0.000  reward: 1.157  spl: 0.053  success: 0.065
2026-08-11 19:13:56,629 	Perf Stats: trainer.rollout_collect: 0.321 trainer.sample_action: 0.003 trainer.obs_insert: 0.000 trainer.step_env: 0.006 trainer.update_stats: 0.001 trainer.update_agent: 0.036
2026-08-11 19:13:59,743 update: 410	fps: 446.843	
2026-08-11 19:13:59,744 Num updates: 410	Num frames 65600
2026-08-11 19:13:59,744 Average window size: 50  distance_to_goal: 1.470  distance_to_goal_reward: 0.000  reward: 1.145  spl: 0.063  success: 0.085
2026-08-11 19:13:59,744 	Perf Stats: trainer.rollout_collect: 0.320 trainer.sample_action: 0.003 trainer.obs_insert: 0.000 trainer.step_env: 0.006 trainer.update_stats: 0.001 trainer.update_agent: 0.036
2026-08-11 19:14:02,852 update: 420	fps: 448.250	
2026-08-11 19:14:02,852 Num updates: 420	Num frames 67200
2026-08-11 19:14:02,852 Average window size: 50  distance_to_goal: 1.344  distance_to_goal_reward: 0.000  reward: 1.236  spl: 0.066  success: 0.096
2026-08-11 19:14:02,852 	Perf Stats: trainer.rollout_collect: 0.319 trainer.sample_action: 0.003 trainer.obs_insert: 0.000 trainer.step_env: 0.006 trainer.update_stats: 0.001 trainer.update_agent: 0.036
2026-08-11 19:14:05,954 update: 430	fps: 449.619	
2026-08-11 19:14:05,954 Num updates: 430	Num frames 68800
2026-08-11 19:14:05,954 Average window size: 50  distance_to_goal: 1.207  distance_to_goal_reward: 0.000  reward: 1.454  spl: 0.087  success: 0.132
2026-08-11 19:14:05,955 	Perf Stats: trainer.rollout_collect: 0.318 trainer.sample_action: 0.003 trainer.obs_insert: 0.000 trainer.step_env: 0.006 trainer.update_stats: 0.001 trainer.update_agent: 0.036
2026-08-11 19:14:09,079 update: 440	fps: 450.869	
2026-08-11 19:14:09,079 Num updates: 440	Num frames 70400
2026-08-11 19:14:09,079 Average window size: 50  distance_to_goal: 1.150  distance_to_goal_reward: 0.000  reward: 1.327  spl: 0.078  success: 0.133
2026-08-11 19:14:09,079 	Perf Stats: trainer.rollout_collect: 0.317 trainer.sample_action: 0.003 trainer.obs_insert: 0.000 trainer.step_env: 0.006 trainer.update_stats: 0.001 trainer.update_agent: 0.036
2026-08-11 19:14:12,211 update: 450	fps: 452.047	
2026-08-11 19:14:12,211 Num updates: 450	Num frames 72000
2026-08-11 19:14:12,212 Average window size: 50  distance_to_goal: 1.085  distance_to_goal_reward: -0.000  reward: 1.417  spl: 0.115  success: 0.178
2026-08-11 19:14:12,212 	Perf Stats: trainer.rollout_collect: 0.316 trainer.sample_action: 0.003 trainer.obs_insert: 0.000 trainer.step_env: 0.006 trainer.update_stats: 0.001 trainer.update_agent: 0.036
2026-08-11 19:14:15,365 update: 460	fps: 453.122	
2026-08-11 19:14:15,365 Num updates: 460	Num frames 73600
2026-08-11 19:14:15,365 Average window size: 50  distance_to_goal: 1.222  distance_to_goal_reward: -0.000  reward: 1.158  spl: 0.107  success: 0.152
2026-08-11 19:14:15,365 	Perf Stats: trainer.rollout_collect: 0.315 trainer.sample_action: 0.003 trainer.obs_insert: 0.000 trainer.step_env: 0.006 trainer.update_stats: 0.001 trainer.update_agent: 0.036
2026-08-11 19:14:18,532 update: 470	fps: 454.118	
2026-08-11 19:14:18,532 Num updates: 470	Num frames 75200
2026-08-11 19:14:18,532 Average window size: 50  distance_to_goal: 1.368  distance_to_goal_reward: -0.000  reward: 0.919  spl: 0.088  success: 0.120
2026-08-11 19:14:18,532 	Perf Stats: trainer.rollout_collect: 0.314 trainer.sample_action: 0.003 trainer.obs_insert: 0.000 trainer.step_env: 0.006 trainer.update_stats: 0.001 trainer.update_agent: 0.036
2026-08-11 19:14:21,639 update: 480	fps: 455.237	
2026-08-11 19:14:21,639 Num updates: 480	Num frames 76800
2026-08-11 19:14:21,639 Average window size: 50  distance_to_goal: 1.566  distance_to_goal_reward: -0.000  reward: 0.713  spl: 0.082  success: 0.107
2026-08-11 19:14:21,640 	Perf Stats: trainer.rollout_collect: 0.314 trainer.sample_action: 0.003 trainer.obs_insert: 0.000 trainer.step_env: 0.006 trainer.update_stats: 0.001 trainer.update_agent: 0.036
2026-08-11 19:14:24,745 update: 490	fps: 456.320	
2026-08-11 19:14:24,746 Num updates: 490	Num frames 78400
2026-08-11 19:14:24,746 Average window size: 50  distance_to_goal: 1.839  distance_to_goal_reward: -0.000  reward: 0.561  spl: 0.071  success: 0.086
2026-08-11 19:14:24,746 	Perf Stats: trainer.rollout_collect: 0.313 trainer.sample_action: 0.003 trainer.obs_insert: 0.000 trainer.step_env: 0.006 trainer.update_stats: 0.001 trainer.update_agent: 0.036
2026-08-11 19:14:28,066 update: 500	fps: 456.803	
2026-08-11 19:14:28,066 Num updates: 500	Num frames 80000
2026-08-11 19:14:28,066 Average window size: 50  distance_to_goal: 3.107  distance_to_goal_reward: 0.000  reward: 0.355  spl: 0.039  success: 0.052
2026-08-11 19:14:28,066 	Perf Stats: trainer.rollout_collect: 0.312 trainer.sample_action: 0.003 trainer.obs_insert: 0.000 trainer.step_env: 0.006 trainer.update_stats: 0.001 trainer.update_agent: 0.035
2026-08-11 19:14:31,374 update: 510	fps: 457.302	
2026-08-11 19:14:31,374 Num updates: 510	Num frames 81600
2026-08-11 19:14:31,374 Average window size: 50  distance_to_goal: 3.881  distance_to_goal_reward: 0.000  reward: 0.333  spl: 0.034  success: 0.048
2026-08-11 19:14:31,374 	Perf Stats: trainer.rollout_collect: 0.312 trainer.sample_action: 0.003 trainer.obs_insert: 0.000 trainer.step_env: 0.006 trainer.update_stats: 0.001 trainer.update_agent: 0.035
2026-08-11 19:14:34,542 update: 520	fps: 458.135	
2026-08-11 19:14:34,542 Num updates: 520	Num frames 83200
2026-08-11 19:14:34,542 Average window size: 50  distance_to_goal: 4.452  distance_to_goal_reward: 0.000  reward: 0.283  spl: 0.038  success: 0.055
2026-08-11 19:14:34,542 	Perf Stats: trainer.rollout_collect: 0.311 trainer.sample_action: 0.003 trainer.obs_insert: 0.000 trainer.step_env: 0.006 trainer.update_stats: 0.001 trainer.update_agent: 0.035
2026-08-11 19:14:37,632 update: 530	fps: 459.134	
2026-08-11 19:14:37,632 Num updates: 530	Num frames 84800
2026-08-11 19:14:37,632 Average window size: 50  distance_to_goal: 4.388  distance_to_goal_reward: 0.000  reward: 0.367  spl: 0.045  success: 0.067
2026-08-11 19:14:37,632 	Perf Stats: trainer.rollout_collect: 0.310 trainer.sample_action: 0.003 trainer.obs_insert: 0.000 trainer.step_env: 0.006 trainer.update_stats: 0.001 trainer.update_agent: 0.035
2026-08-11 19:14:40,773 update: 540	fps: 459.973	
2026-08-11 19:14:40,773 Num updates: 540	Num frames 86400
2026-08-11 19:14:40,773 Average window size: 50  distance_to_goal: 4.109  distance_to_goal_reward: 0.000  reward: 0.592  spl: 0.059  success: 0.088
2026-08-11 19:14:40,773 	Perf Stats: trainer.rollout_collect: 0.310 trainer.sample_action: 0.003 trainer.obs_insert: 0.000 trainer.step_env: 0.006 trainer.update_stats: 0.001 trainer.update_agent: 0.035
2026-08-11 19:14:43,861 update: 550	fps: 460.913	
2026-08-11 19:14:43,870 Num updates: 550	Num frames 88000
2026-08-11 19:14:43,870 Average window size: 50  distance_to_goal: 3.366  distance_to_goal_reward: 0.000  reward: 0.777  spl: 0.079  success: 0.112
2026-08-11 19:14:43,870 	Perf Stats: trainer.rollout_collect: 0.309 trainer.sample_action: 0.003 trainer.obs_insert: 0.000 trainer.step_env: 0.006 trainer.update_stats: 0.001 trainer.update_agent: 0.035
2026-08-11 19:14:46,963 update: 560	fps: 461.792	
2026-08-11 19:14:46,963 Num updates: 560	Num frames 89600
2026-08-11 19:14:46,963 Average window size: 50  distance_to_goal: 2.120  distance_to_goal_reward: 0.000  reward: 1.171  spl: 0.140  success: 0.191
2026-08-11 19:14:46,963 	Perf Stats: trainer.rollout_collect: 0.309 trainer.sample_action: 0.003 trainer.obs_insert: 0.000 trainer.step_env: 0.006 trainer.update_stats: 0.001 trainer.update_agent: 0.035
2026-08-11 19:14:50,109 update: 570	fps: 462.537	
2026-08-11 19:14:50,110 Num updates: 570	Num frames 91200
2026-08-11 19:14:50,110 Average window size: 50  distance_to_goal: 1.399  distance_to_goal_reward: 0.000  reward: 1.544  spl: 0.181  success: 0.238
2026-08-11 19:14:50,110 	Perf Stats: trainer.rollout_collect: 0.308 trainer.sample_action: 0.003 trainer.obs_insert: 0.000 trainer.step_env: 0.006 trainer.update_stats: 0.001 trainer.update_agent: 0.035
2026-08-11 19:14:53,175 update: 580	fps: 463.446	
2026-08-11 19:14:53,175 Num updates: 580	Num frames 92800
2026-08-11 19:14:53,175 Average window size: 50  distance_to_goal: 1.386  distance_to_goal_reward: 0.000  reward: 1.628  spl: 0.180  success: 0.239
2026-08-11 19:14:53,175 	Perf Stats: trainer.rollout_collect: 0.307 trainer.sample_action: 0.003 trainer.obs_insert: 0.000 trainer.step_env: 0.006 trainer.update_stats: 0.001 trainer.update_agent: 0.035
2026-08-11 19:14:56,251 update: 590	fps: 464.304	
2026-08-11 19:14:56,251 Num updates: 590	Num frames 94400
2026-08-11 19:14:56,251 Average window size: 50  distance_to_goal: 1.366  distance_to_goal_reward: 0.000  reward: 1.498  spl: 0.190  success: 0.258
2026-08-11 19:14:56,251 	Perf Stats: trainer.rollout_collect: 0.307 trainer.sample_action: 0.003 trainer.obs_insert: 0.000 trainer.step_env: 0.005 trainer.update_stats: 0.001 trainer.update_agent: 0.035
PluginManager::Manager: duplicate static plugin StbImageImporter, ignoring
PluginManager::Manager: duplicate static plugin GltfImporter, ignoring
PluginManager::Manager: duplicate static plugin BasisImporter, ignoring
PluginManager::Manager: duplicate static plugin AssimpImporter, ignoring
PluginManager::Manager: duplicate static plugin AnySceneImporter, ignoring
PluginManager::Manager: duplicate static plugin AnyImageImporter, ignoring
Renderer: NVIDIA GeForce RTX 4070/PCIe/SSE2 by NVIDIA Corporation
OpenGL version: 4.6.0 NVIDIA 580.173.02
Using optional features:
    GL_ARB_vertex_array_object
    GL_ARB_separate_shader_objects
    GL_ARB_robustness
    GL_ARB_texture_storage
    GL_ARB_texture_view
    GL_ARB_framebuffer_no_attachments
    GL_ARB_invalidate_subdata
    GL_ARB_texture_storage_multisample
    GL_ARB_multi_bind
    GL_ARB_direct_state_access
    GL_ARB_get_texture_sub_image
    GL_ARB_texture_filter_anisotropic
    GL_KHR_debug
    GL_KHR_parallel_shader_compile
    GL_NV_depth_buffer_float
Using driver workarounds:
    no-forward-compatible-core-context
    nv-egl-incorrect-gl11-function-pointers
    no-layout-qualifiers-on-old-glsl
    nv-zero-context-profile-mask
    nv-implementation-color-read-format-dsa-broken
    nv-cubemap-inconsistent-compressed-image-size
    nv-cubemap-broken-full-compressed-image-query
    nv-compressed-block-size-in-bits
[19:14:57:093501]:[Warning]:[Scene] SemanticScene.h(331)::checkFileExists : ::loadSemanticSceneDescriptor: File `data/scene_datasets/habitat-test-scenes/skokloster-castle.scn` does not exist.  Aborting load.
[19:14:57:093517]:[Warning]:[Scene] SemanticScene.cpp(123)::loadSemanticSceneDescriptor : SSD File Naming Issue! Neither SemanticAttributes-provided name : `data/scene_datasets/habitat-test-scenes/skokloster-castle.scn` nor constructed filename : `data/scene_datasets/habitat-test-scenes/info_semantic.json` exist on disk.
[19:14:57:093522]:[Error]:[Scene] SemanticScene.cpp(139)::loadSemanticSceneDescriptor : SSD Load Failure! File with SemanticAttributes-provided name `data/scene_datasets/habitat-test-scenes/skokloster-castle.scn` exists but failed to load.
[19:14:57:729865]:[Warning]:[Sim] Simulator.cpp(595)::instanceStageForSceneAttributes : The active scene does not contain semantic annotations : activeSemanticSceneID_ = 0
PluginManager::Manager: duplicate static plugin StbImageImporter, ignoring
PluginManager::Manager: duplicate static plugin GltfImporter, ignoring
PluginManager::Manager: duplicate static plugin BasisImporter, ignoring
PluginManager::Manager: duplicate static plugin AssimpImporter, ignoring
PluginManager::Manager: duplicate static plugin AnySceneImporter, ignoring
PluginManager::Manager: duplicate static plugin AnyImageImporter, ignoring
Renderer: NVIDIA GeForce RTX 4070/PCIe/SSE2 by NVIDIA Corporation
OpenGL version: 4.6.0 NVIDIA 580.173.02
Using optional features:
    GL_ARB_vertex_array_object
    GL_ARB_separate_shader_objects
    GL_ARB_robustness
    GL_ARB_texture_storage
    GL_ARB_texture_view
    GL_ARB_framebuffer_no_attachments
    GL_ARB_invalidate_subdata
    GL_ARB_texture_storage_multisample
    GL_ARB_multi_bind
    GL_ARB_direct_state_access
    GL_ARB_get_texture_sub_image
    GL_ARB_texture_filter_anisotropic
    GL_KHR_debug
    GL_KHR_parallel_shader_compile
    GL_NV_depth_buffer_float
Using driver workarounds:
    no-forward-compatible-core-context
    nv-egl-incorrect-gl11-function-pointers
    no-layout-qualifiers-on-old-glsl
    nv-zero-context-profile-mask
    nv-implementation-color-read-format-dsa-broken
    nv-cubemap-inconsistent-compressed-image-size
    nv-cubemap-broken-full-compressed-image-query
    nv-compressed-block-size-in-bits
[19:14:58:852447]:[Warning]:[Scene] SemanticScene.h(331)::checkFileExists : ::loadSemanticSceneDescriptor: File `data/scene_datasets/habitat-test-scenes/van-gogh-room.scn` does not exist.  Aborting load.
[19:14:58:852462]:[Warning]:[Scene] SemanticScene.cpp(123)::loadSemanticSceneDescriptor : SSD File Naming Issue! Neither SemanticAttributes-provided name : `data/scene_datasets/habitat-test-scenes/van-gogh-room.scn` nor constructed filename : `data/scene_datasets/habitat-test-scenes/info_semantic.json` exist on disk.
[19:14:58:852467]:[Error]:[Scene] SemanticScene.cpp(139)::loadSemanticSceneDescriptor : SSD Load Failure! File with SemanticAttributes-provided name `data/scene_datasets/habitat-test-scenes/van-gogh-room.scn` exists but failed to load.
[19:14:59:295046]:[Warning]:[Sim] Simulator.cpp(595)::instanceStageForSceneAttributes : The active scene does not contain semantic annotations : activeSemanticSceneID_ = 0
2026-08-11 19:15:00,568 update: 600	fps: 462.356	
2026-08-11 19:15:00,568 Num updates: 600	Num frames 96000
2026-08-11 19:15:00,568 Average window size: 50  distance_to_goal: 1.137  distance_to_goal_reward: 0.000  reward: 1.798  spl: 0.221  success: 0.304
2026-08-11 19:15:00,568 	Perf Stats: trainer.rollout_collect: 0.308 trainer.sample_action: 0.003 trainer.obs_insert: 0.000 trainer.step_env: 0.006 trainer.update_stats: 0.001 trainer.update_agent: 0.035
2026-08-11 19:15:03,682 update: 610	fps: 463.118	
2026-08-11 19:15:03,682 Num updates: 610	Num frames 97600
2026-08-11 19:15:03,682 Average window size: 50  distance_to_goal: 1.152  distance_to_goal_reward: 0.000  reward: 1.901  spl: 0.219  success: 0.301
2026-08-11 19:15:03,682 	Perf Stats: trainer.rollout_collect: 0.307 trainer.sample_action: 0.003 trainer.obs_insert: 0.000 trainer.step_env: 0.006 trainer.update_stats: 0.001 trainer.update_agent: 0.035
PluginManager::Manager: duplicate static plugin StbImageImporter, ignoring
PluginManager::Manager: duplicate static plugin GltfImporter, ignoring
PluginManager::Manager: duplicate static plugin BasisImporter, ignoring
PluginManager::Manager: duplicate static plugin AssimpImporter, ignoring
PluginManager::Manager: duplicate static plugin AnySceneImporter, ignoring
PluginManager::Manager: duplicate static plugin AnyImageImporter, ignoring
Renderer: NVIDIA GeForce RTX 4070/PCIe/SSE2 by NVIDIA Corporation
OpenGL version: 4.6.0 NVIDIA 580.173.02
Using optional features:
    GL_ARB_vertex_array_object
    GL_ARB_separate_shader_objects
    GL_ARB_robustness
    GL_ARB_texture_storage
    GL_ARB_texture_view
    GL_ARB_framebuffer_no_attachments
    GL_ARB_invalidate_subdata
    GL_ARB_texture_storage_multisample
    GL_ARB_multi_bind
    GL_ARB_direct_state_access
    GL_ARB_get_texture_sub_image
    GL_ARB_texture_filter_anisotropic
    GL_KHR_debug
    GL_KHR_parallel_shader_compile
    GL_NV_depth_buffer_float
Using driver workarounds:
    no-forward-compatible-core-context
    nv-egl-incorrect-gl11-function-pointers
    no-layout-qualifiers-on-old-glsl
    nv-zero-context-profile-mask
    nv-implementation-color-read-format-dsa-broken
    nv-cubemap-inconsistent-compressed-image-size
    nv-cubemap-broken-full-compressed-image-query
    nv-compressed-block-size-in-bits
[19:15:04:264313]:[Warning]:[Scene] SemanticScene.h(331)::checkFileExists : ::loadSemanticSceneDescriptor: File `data/scene_datasets/habitat-test-scenes/van-gogh-room.scn` does not exist.  Aborting load.
[19:15:04:264330]:[Warning]:[Scene] SemanticScene.cpp(123)::loadSemanticSceneDescriptor : SSD File Naming Issue! Neither SemanticAttributes-provided name : `data/scene_datasets/habitat-test-scenes/van-gogh-room.scn` nor constructed filename : `data/scene_datasets/habitat-test-scenes/info_semantic.json` exist on disk.
[19:15:04:264335]:[Error]:[Scene] SemanticScene.cpp(139)::loadSemanticSceneDescriptor : SSD Load Failure! File with SemanticAttributes-provided name `data/scene_datasets/habitat-test-scenes/van-gogh-room.scn` exists but failed to load.
[19:15:04:702844]:[Warning]:[Sim] Simulator.cpp(595)::instanceStageForSceneAttributes : The active scene does not contain semantic annotations : activeSemanticSceneID_ = 0
2026-08-11 19:15:07,180 update: 620	fps: 463.023	
2026-08-11 19:15:07,180 Num updates: 620	Num frames 99200
2026-08-11 19:15:07,180 Average window size: 50  distance_to_goal: 0.794  distance_to_goal_reward: 0.000  reward: 1.946  spl: 0.222  success: 0.311
2026-08-11 19:15:07,180 	Perf Stats: trainer.rollout_collect: 0.308 trainer.sample_action: 0.003 trainer.obs_insert: 0.000 trainer.step_env: 0.006 trainer.update_stats: 0.001 trainer.update_agent: 0.035
2026-08-11 19:15:10,237 update: 630	fps: 463.872	
2026-08-11 19:15:10,237 Num updates: 630	Num frames 100800
2026-08-11 19:15:10,237 Average window size: 50  distance_to_goal: 0.751  distance_to_goal_reward: 0.002  reward: 2.028  spl: 0.223  success: 0.319
2026-08-11 19:15:10,237 	Perf Stats: trainer.rollout_collect: 0.307 trainer.sample_action: 0.003 trainer.obs_insert: 0.000 trainer.step_env: 0.006 trainer.update_stats: 0.001 trainer.update_agent: 0.035
2026-08-11 19:15:13,271 update: 640	fps: 464.747	
2026-08-11 19:15:13,271 Num updates: 640	Num frames 102400
2026-08-11 19:15:13,271 Average window size: 50  distance_to_goal: 0.662  distance_to_goal_reward: 0.002  reward: 2.392  spl: 0.274  success: 0.396
2026-08-11 19:15:13,271 	Perf Stats: trainer.rollout_collect: 0.306 trainer.sample_action: 0.003 trainer.obs_insert: 0.000 trainer.step_env: 0.005 trainer.update_stats: 0.001 trainer.update_agent: 0.035
PluginManager::Manager: duplicate static plugin StbImageImporter, ignoring
PluginManager::Manager: duplicate static plugin GltfImporter, ignoring
PluginManager::Manager: duplicate static plugin BasisImporter, ignoring
PluginManager::Manager: duplicate static plugin AssimpImporter, ignoring
PluginManager::Manager: duplicate static plugin AnySceneImporter, ignoring
PluginManager::Manager: duplicate static plugin AnyImageImporter, ignoring
Renderer: NVIDIA GeForce RTX 4070/PCIe/SSE2 by NVIDIA Corporation
OpenGL version: 4.6.0 NVIDIA 580.173.02
Using optional features:
    GL_ARB_vertex_array_object
    GL_ARB_separate_shader_objects
    GL_ARB_robustness
    GL_ARB_texture_storage
    GL_ARB_texture_view
    GL_ARB_framebuffer_no_attachments
    GL_ARB_invalidate_subdata
    GL_ARB_texture_storage_multisample
    GL_ARB_multi_bind
    GL_ARB_direct_state_access
    GL_ARB_get_texture_sub_image
    GL_ARB_texture_filter_anisotropic
    GL_KHR_debug
    GL_KHR_parallel_shader_compile
    GL_NV_depth_buffer_float
Using driver workarounds:
    no-forward-compatible-core-context
    nv-egl-incorrect-gl11-function-pointers
    no-layout-qualifiers-on-old-glsl
    nv-zero-context-profile-mask
    nv-implementation-color-read-format-dsa-broken
    nv-cubemap-inconsistent-compressed-image-size
    nv-cubemap-broken-full-compressed-image-query
    nv-compressed-block-size-in-bits
[19:15:16:139793]:[Warning]:[Scene] SemanticScene.h(331)::checkFileExists : ::loadSemanticSceneDescriptor: File `data/scene_datasets/habitat-test-scenes/skokloster-castle.scn` does not exist.  Aborting load.
[19:15:16:139810]:[Warning]:[Scene] SemanticScene.cpp(123)::loadSemanticSceneDescriptor : SSD File Naming Issue! Neither SemanticAttributes-provided name : `data/scene_datasets/habitat-test-scenes/skokloster-castle.scn` nor constructed filename : `data/scene_datasets/habitat-test-scenes/info_semantic.json` exist on disk.
[19:15:16:139816]:[Error]:[Scene] SemanticScene.cpp(139)::loadSemanticSceneDescriptor : SSD Load Failure! File with SemanticAttributes-provided name `data/scene_datasets/habitat-test-scenes/skokloster-castle.scn` exists but failed to load.
[19:15:16:743974]:[Warning]:[Sim] Simulator.cpp(595)::instanceStageForSceneAttributes : The active scene does not contain semantic annotations : activeSemanticSceneID_ = 0
2026-08-11 19:15:16,924 update: 650	fps: 464.310	
2026-08-11 19:15:16,924 Num updates: 650	Num frames 104000
2026-08-11 19:15:16,925 Average window size: 50  distance_to_goal: 0.543  distance_to_goal_reward: 0.002  reward: 2.401  spl: 0.273  success: 0.410
2026-08-11 19:15:16,925 	Perf Stats: trainer.rollout_collect: 0.307 trainer.sample_action: 0.003 trainer.obs_insert: 0.000 trainer.step_env: 0.005 trainer.update_stats: 0.001 trainer.update_agent: 0.035
2026-08-11 19:15:20,002 update: 660	fps: 465.062	
2026-08-11 19:15:20,003 Num updates: 660	Num frames 105600
2026-08-11 19:15:20,003 Average window size: 50  distance_to_goal: 0.593  distance_to_goal_reward: 0.002  reward: 2.432  spl: 0.292  success: 0.439
2026-08-11 19:15:20,003 	Perf Stats: trainer.rollout_collect: 0.306 trainer.sample_action: 0.003 trainer.obs_insert: 0.000 trainer.step_env: 0.005 trainer.update_stats: 0.001 trainer.update_agent: 0.035
2026-08-11 19:15:23,083 update: 670	fps: 465.790	
2026-08-11 19:15:23,083 Num updates: 670	Num frames 107200
2026-08-11 19:15:23,083 Average window size: 50  distance_to_goal: 0.809  distance_to_goal_reward: 0.002  reward: 2.278  spl: 0.289  success: 0.437
2026-08-11 19:15:23,083 	Perf Stats: trainer.rollout_collect: 0.306 trainer.sample_action: 0.003 trainer.obs_insert: 0.000 trainer.step_env: 0.005 trainer.update_stats: 0.001 trainer.update_agent: 0.035
2026-08-11 19:15:26,086 update: 680	fps: 466.651	
2026-08-11 19:15:26,087 Num updates: 680	Num frames 108800
2026-08-11 19:15:26,087 Average window size: 50  distance_to_goal: 0.869  distance_to_goal_reward: 0.000  reward: 2.222  spl: 0.313  success: 0.458
2026-08-11 19:15:26,087 	Perf Stats: trainer.rollout_collect: 0.305 trainer.sample_action: 0.003 trainer.obs_insert: 0.000 trainer.step_env: 0.005 trainer.update_stats: 0.001 trainer.update_agent: 0.035
2026-08-11 19:15:29,157 update: 690	fps: 467.360	
2026-08-11 19:15:29,157 Num updates: 690	Num frames 110400
2026-08-11 19:15:29,157 Average window size: 50  distance_to_goal: 1.152  distance_to_goal_reward: 0.000  reward: 1.787  spl: 0.286  success: 0.403
2026-08-11 19:15:29,157 	Perf Stats: trainer.rollout_collect: 0.304 trainer.sample_action: 0.003 trainer.obs_insert: 0.000 trainer.step_env: 0.005 trainer.update_stats: 0.001 trainer.update_agent: 0.035
PluginManager::Manager: duplicate static plugin StbImageImporter, ignoring
PluginManager::Manager: duplicate static plugin GltfImporter, ignoring
PluginManager::Manager: duplicate static plugin BasisImporter, ignoring
PluginManager::Manager: duplicate static plugin AssimpImporter, ignoring
PluginManager::Manager: duplicate static plugin AnySceneImporter, ignoring
PluginManager::Manager: duplicate static plugin AnyImageImporter, ignoring
Renderer: NVIDIA GeForce RTX 4070/PCIe/SSE2 by NVIDIA Corporation
OpenGL version: 4.6.0 NVIDIA 580.173.02
Using optional features:
    GL_ARB_vertex_array_object
    GL_ARB_separate_shader_objects
    GL_ARB_robustness
    GL_ARB_texture_storage
    GL_ARB_texture_view
    GL_ARB_framebuffer_no_attachments
    GL_ARB_invalidate_subdata
    GL_ARB_texture_storage_multisample
    GL_ARB_multi_bind
    GL_ARB_direct_state_access
    GL_ARB_get_texture_sub_image
    GL_ARB_texture_filter_anisotropic
    GL_KHR_debug
    GL_KHR_parallel_shader_compile
    GL_NV_depth_buffer_float
Using driver workarounds:
    no-forward-compatible-core-context
    nv-egl-incorrect-gl11-function-pointers
    no-layout-qualifiers-on-old-glsl
    nv-zero-context-profile-mask
    nv-implementation-color-read-format-dsa-broken
    nv-cubemap-inconsistent-compressed-image-size
    nv-cubemap-broken-full-compressed-image-query
    nv-compressed-block-size-in-bits
[19:15:31:796482]:[Warning]:[Scene] SemanticScene.h(331)::checkFileExists : ::loadSemanticSceneDescriptor: File `data/scene_datasets/habitat-test-scenes/skokloster-castle.scn` does not exist.  Aborting load.
[19:15:31:796498]:[Warning]:[Scene] SemanticScene.cpp(123)::loadSemanticSceneDescriptor : SSD File Naming Issue! Neither SemanticAttributes-provided name : `data/scene_datasets/habitat-test-scenes/skokloster-castle.scn` nor constructed filename : `data/scene_datasets/habitat-test-scenes/info_semantic.json` exist on disk.
[19:15:31:796503]:[Error]:[Scene] SemanticScene.cpp(139)::loadSemanticSceneDescriptor : SSD Load Failure! File with SemanticAttributes-provided name `data/scene_datasets/habitat-test-scenes/skokloster-castle.scn` exists but failed to load.
[19:15:32:405300]:[Warning]:[Sim] Simulator.cpp(595)::instanceStageForSceneAttributes : The active scene does not contain semantic annotations : activeSemanticSceneID_ = 0
2026-08-11 19:15:32,925 update: 700	fps: 466.688	
2026-08-11 19:15:32,925 Num updates: 700	Num frames 112000
2026-08-11 19:15:32,925 Average window size: 50  distance_to_goal: 1.271  distance_to_goal_reward: 0.000  reward: 1.732  spl: 0.300  success: 0.410
2026-08-11 19:15:32,925 	Perf Stats: trainer.rollout_collect: 0.305 trainer.sample_action: 0.003 trainer.obs_insert: 0.000 trainer.step_env: 0.005 trainer.update_stats: 0.001 trainer.update_agent: 0.035
2026-08-11 19:15:36,057 update: 710	fps: 467.256	
2026-08-11 19:15:36,057 Num updates: 710	Num frames 113600
2026-08-11 19:15:36,057 Average window size: 50  distance_to_goal: 1.349  distance_to_goal_reward: 0.000  reward: 1.677  spl: 0.302  success: 0.404
2026-08-11 19:15:36,058 	Perf Stats: trainer.rollout_collect: 0.304 trainer.sample_action: 0.003 trainer.obs_insert: 0.000 trainer.step_env: 0.005 trainer.update_stats: 0.001 trainer.update_agent: 0.035
2026-08-11 19:15:39,164 update: 720	fps: 467.858	
2026-08-11 19:15:39,164 Num updates: 720	Num frames 115200
2026-08-11 19:15:39,165 Average window size: 50  distance_to_goal: 1.315  distance_to_goal_reward: 0.000  reward: 2.142  spl: 0.351  success: 0.483
2026-08-11 19:15:39,165 	Perf Stats: trainer.rollout_collect: 0.304 trainer.sample_action: 0.003 trainer.obs_insert: 0.000 trainer.step_env: 0.005 trainer.update_stats: 0.001 trainer.update_agent: 0.035
2026-08-11 19:15:42,274 update: 730	fps: 468.441	
2026-08-11 19:15:42,274 Num updates: 730	Num frames 116800
2026-08-11 19:15:42,274 Average window size: 50  distance_to_goal: 1.195  distance_to_goal_reward: 0.000  reward: 3.004  spl: 0.386  success: 0.537
2026-08-11 19:15:42,274 	Perf Stats: trainer.rollout_collect: 0.304 trainer.sample_action: 0.003 trainer.obs_insert: 0.000 trainer.step_env: 0.005 trainer.update_stats: 0.001 trainer.update_agent: 0.035
2026-08-11 19:15:45,401 update: 740	fps: 468.976	
2026-08-11 19:15:45,401 Num updates: 740	Num frames 118400
2026-08-11 19:15:45,401 Average window size: 50  distance_to_goal: 0.921  distance_to_goal_reward: 0.000  reward: 3.588  spl: 0.394  success: 0.539
2026-08-11 19:15:45,401 	Perf Stats: trainer.rollout_collect: 0.303 trainer.sample_action: 0.003 trainer.obs_insert: 0.000 trainer.step_env: 0.005 trainer.update_stats: 0.001 trainer.update_agent: 0.035
2026-08-11 19:15:48,541 update: 750	fps: 469.475	
2026-08-11 19:15:48,541 Num updates: 750	Num frames 120000
2026-08-11 19:15:48,541 Average window size: 50  distance_to_goal: 0.796  distance_to_goal_reward: 0.000  reward: 3.976  spl: 0.412  success: 0.575
2026-08-11 19:15:48,541 	Perf Stats: trainer.rollout_collect: 0.303 trainer.sample_action: 0.003 trainer.obs_insert: 0.000 trainer.step_env: 0.005 trainer.update_stats: 0.001 trainer.update_agent: 0.035
2026-08-11 19:15:51,640 update: 760	fps: 470.036	
2026-08-11 19:15:51,648 Num updates: 760	Num frames 121600
2026-08-11 19:15:51,648 Average window size: 50  distance_to_goal: 0.585  distance_to_goal_reward: 0.000  reward: 4.433  spl: 0.445  success: 0.632
2026-08-11 19:15:51,649 	Perf Stats: trainer.rollout_collect: 0.302 trainer.sample_action: 0.003 trainer.obs_insert: 0.000 trainer.step_env: 0.005 trainer.update_stats: 0.001 trainer.update_agent: 0.035
2026-08-11 19:15:54,754 update: 770	fps: 470.555	
2026-08-11 19:15:54,754 Num updates: 770	Num frames 123200
2026-08-11 19:15:54,754 Average window size: 50  distance_to_goal: 0.473  distance_to_goal_reward: 0.000  reward: 3.964  spl: 0.442  success: 0.614
2026-08-11 19:15:54,754 	Perf Stats: trainer.rollout_collect: 0.302 trainer.sample_action: 0.003 trainer.obs_insert: 0.000 trainer.step_env: 0.005 trainer.update_stats: 0.001 trainer.update_agent: 0.035
2026-08-11 19:15:57,881 update: 780	fps: 471.040	
2026-08-11 19:15:57,881 Num updates: 780	Num frames 124800
2026-08-11 19:15:57,882 Average window size: 50  distance_to_goal: 0.689  distance_to_goal_reward: 0.000  reward: 3.596  spl: 0.437  success: 0.604
2026-08-11 19:15:57,882 	Perf Stats: trainer.rollout_collect: 0.302 trainer.sample_action: 0.003 trainer.obs_insert: 0.000 trainer.step_env: 0.005 trainer.update_stats: 0.001 trainer.update_agent: 0.035
2026-08-11 19:16:01,004 update: 790	fps: 471.522	
2026-08-11 19:16:01,004 Num updates: 790	Num frames 126400
2026-08-11 19:16:01,004 Average window size: 50  distance_to_goal: 0.615  distance_to_goal_reward: 0.000  reward: 3.773  spl: 0.438  success: 0.621
2026-08-11 19:16:01,004 	Perf Stats: trainer.rollout_collect: 0.301 trainer.sample_action: 0.003 trainer.obs_insert: 0.000 trainer.step_env: 0.005 trainer.update_stats: 0.001 trainer.update_agent: 0.035
2026-08-11 19:16:04,217 update: 800	fps: 471.836	
2026-08-11 19:16:04,217 Num updates: 800	Num frames 128000
2026-08-11 19:16:04,217 Average window size: 50  distance_to_goal: 0.686  distance_to_goal_reward: 0.000  reward: 3.597  spl: 0.427  success: 0.616
2026-08-11 19:16:04,217 	Perf Stats: trainer.rollout_collect: 0.301 trainer.sample_action: 0.003 trainer.obs_insert: 0.000 trainer.step_env: 0.005 trainer.update_stats: 0.001 trainer.update_agent: 0.035
2026-08-11 19:16:07,351 update: 810	fps: 472.277	
2026-08-11 19:16:07,351 Num updates: 810	Num frames 129600
2026-08-11 19:16:07,351 Average window size: 50  distance_to_goal: 0.735  distance_to_goal_reward: 0.000  reward: 3.735  spl: 0.428  success: 0.611
2026-08-11 19:16:07,351 	Perf Stats: trainer.rollout_collect: 0.301 trainer.sample_action: 0.003 trainer.obs_insert: 0.000 trainer.step_env: 0.005 trainer.update_stats: 0.001 trainer.update_agent: 0.035
2026-08-11 19:16:10,455 update: 820	fps: 472.761	
2026-08-11 19:16:10,455 Num updates: 820	Num frames 131200
2026-08-11 19:16:10,455 Average window size: 50  distance_to_goal: 0.667  distance_to_goal_reward: 0.000  reward: 4.119  spl: 0.434  success: 0.609
2026-08-11 19:16:10,455 	Perf Stats: trainer.rollout_collect: 0.300 trainer.sample_action: 0.003 trainer.obs_insert: 0.000 trainer.step_env: 0.005 trainer.update_stats: 0.001 trainer.update_agent: 0.035
2026-08-11 19:16:13,568 update: 830	fps: 473.217	
2026-08-11 19:16:13,568 Num updates: 830	Num frames 132800
2026-08-11 19:16:13,568 Average window size: 50  distance_to_goal: 0.688  distance_to_goal_reward: 0.000  reward: 4.081  spl: 0.428  success: 0.576
2026-08-11 19:16:13,568 	Perf Stats: trainer.rollout_collect: 0.300 trainer.sample_action: 0.003 trainer.obs_insert: 0.000 trainer.step_env: 0.005 trainer.update_stats: 0.001 trainer.update_agent: 0.035
2026-08-11 19:16:16,685 update: 840	fps: 473.659	
2026-08-11 19:16:16,685 Num updates: 840	Num frames 134400
2026-08-11 19:16:16,685 Average window size: 50  distance_to_goal: 0.688  distance_to_goal_reward: 0.000  reward: 4.239  spl: 0.463  success: 0.603
2026-08-11 19:16:16,685 	Perf Stats: trainer.rollout_collect: 0.300 trainer.sample_action: 0.003 trainer.obs_insert: 0.000 trainer.step_env: 0.005 trainer.update_stats: 0.001 trainer.update_agent: 0.035
2026-08-11 19:16:19,793 update: 850	fps: 474.103	
2026-08-11 19:16:19,794 Num updates: 850	Num frames 136000
2026-08-11 19:16:19,794 Average window size: 50  distance_to_goal: 0.794  distance_to_goal_reward: 0.000  reward: 3.899  spl: 0.475  success: 0.592
2026-08-11 19:16:19,794 	Perf Stats: trainer.rollout_collect: 0.300 trainer.sample_action: 0.003 trainer.obs_insert: 0.000 trainer.step_env: 0.005 trainer.update_stats: 0.001 trainer.update_agent: 0.035
2026-08-11 19:16:22,903 update: 860	fps: 474.552	
2026-08-11 19:16:22,904 Num updates: 860	Num frames 137600
2026-08-11 19:16:22,904 Average window size: 50  distance_to_goal: 0.699  distance_to_goal_reward: 0.000  reward: 3.872  spl: 0.449  success: 0.576
2026-08-11 19:16:22,904 	Perf Stats: trainer.rollout_collect: 0.299 trainer.sample_action: 0.003 trainer.obs_insert: 0.000 trainer.step_env: 0.005 trainer.update_stats: 0.001 trainer.update_agent: 0.035
2026-08-11 19:16:26,011 update: 870	fps: 474.963	
2026-08-11 19:16:26,012 Num updates: 870	Num frames 139200
2026-08-11 19:16:26,012 Average window size: 50  distance_to_goal: 1.064  distance_to_goal_reward: 0.002  reward: 3.638  spl: 0.442  success: 0.597
2026-08-11 19:16:26,012 	Perf Stats: trainer.rollout_collect: 0.299 trainer.sample_action: 0.003 trainer.obs_insert: 0.000 trainer.step_env: 0.005 trainer.update_stats: 0.001 trainer.update_agent: 0.035
PluginManager::Manager: duplicate static plugin StbImageImporter, ignoring
PluginManager::Manager: duplicate static plugin GltfImporter, ignoring
PluginManager::Manager: duplicate static plugin BasisImporter, ignoring
PluginManager::Manager: duplicate static plugin AssimpImporter, ignoring
PluginManager::Manager: duplicate static plugin AnySceneImporter, ignoring
PluginManager::Manager: duplicate static plugin AnyImageImporter, ignoring
Renderer: NVIDIA GeForce RTX 4070/PCIe/SSE2 by NVIDIA Corporation
OpenGL version: 4.6.0 NVIDIA 580.173.02
Using optional features:
    GL_ARB_vertex_array_object
    GL_ARB_separate_shader_objects
    GL_ARB_robustness
    GL_ARB_texture_storage
    GL_ARB_texture_view
    GL_ARB_framebuffer_no_attachments
    GL_ARB_invalidate_subdata
    GL_ARB_texture_storage_multisample
    GL_ARB_multi_bind
    GL_ARB_direct_state_access
    GL_ARB_get_texture_sub_image
    GL_ARB_texture_filter_anisotropic
    GL_KHR_debug
    GL_KHR_parallel_shader_compile
    GL_NV_depth_buffer_float
Using driver workarounds:
    no-forward-compatible-core-context
    nv-egl-incorrect-gl11-function-pointers
    no-layout-qualifiers-on-old-glsl
    nv-zero-context-profile-mask
    nv-implementation-color-read-format-dsa-broken
    nv-cubemap-inconsistent-compressed-image-size
    nv-cubemap-broken-full-compressed-image-query
    nv-compressed-block-size-in-bits
[19:16:26:300962]:[Warning]:[Scene] SemanticScene.h(331)::checkFileExists : ::loadSemanticSceneDescriptor: File `data/scene_datasets/habitat-test-scenes/van-gogh-room.scn` does not exist.  Aborting load.
[19:16:26:300978]:[Warning]:[Scene] SemanticScene.cpp(123)::loadSemanticSceneDescriptor : SSD File Naming Issue! Neither SemanticAttributes-provided name : `data/scene_datasets/habitat-test-scenes/van-gogh-room.scn` nor constructed filename : `data/scene_datasets/habitat-test-scenes/info_semantic.json` exist on disk.
[19:16:26:300983]:[Error]:[Scene] SemanticScene.cpp(139)::loadSemanticSceneDescriptor : SSD Load Failure! File with SemanticAttributes-provided name `data/scene_datasets/habitat-test-scenes/van-gogh-room.scn` exists but failed to load.
[19:16:26:774909]:[Warning]:[Sim] Simulator.cpp(595)::instanceStageForSceneAttributes : The active scene does not contain semantic annotations : activeSemanticSceneID_ = 0
2026-08-11 19:16:29,597 update: 880	fps: 474.615	
2026-08-11 19:16:29,597 Num updates: 880	Num frames 140800
2026-08-11 19:16:29,597 Average window size: 50  distance_to_goal: 0.718  distance_to_goal_reward: 0.001  reward: 3.868  spl: 0.429  success: 0.623
2026-08-11 19:16:29,598 	Perf Stats: trainer.rollout_collect: 0.299 trainer.sample_action: 0.003 trainer.obs_insert: 0.000 trainer.step_env: 0.005 trainer.update_stats: 0.001 trainer.update_agent: 0.035
2026-08-11 19:16:32,653 update: 890	fps: 475.115	
2026-08-11 19:16:32,653 Num updates: 890	Num frames 142400
2026-08-11 19:16:32,653 Average window size: 50  distance_to_goal: 0.687  distance_to_goal_reward: 0.001  reward: 3.846  spl: 0.439  success: 0.646
2026-08-11 19:16:32,653 	Perf Stats: trainer.rollout_collect: 0.299 trainer.sample_action: 0.003 trainer.obs_insert: 0.000 trainer.step_env: 0.005 trainer.update_stats: 0.001 trainer.update_agent: 0.035
PluginManager::Manager: duplicate static plugin StbImageImporter, ignoring
PluginManager::Manager: duplicate static plugin GltfImporter, ignoring
PluginManager::Manager: duplicate static plugin BasisImporter, ignoring
PluginManager::Manager: duplicate static plugin AssimpImporter, ignoring
PluginManager::Manager: duplicate static plugin AnySceneImporter, ignoring
PluginManager::Manager: duplicate static plugin AnyImageImporter, ignoring
Renderer: NVIDIA GeForce RTX 4070/PCIe/SSE2 by NVIDIA Corporation
OpenGL version: 4.6.0 NVIDIA 580.173.02
Using optional features:
    GL_ARB_vertex_array_object
    GL_ARB_separate_shader_objects
    GL_ARB_robustness
    GL_ARB_texture_storage
    GL_ARB_texture_view
    GL_ARB_framebuffer_no_attachments
    GL_ARB_invalidate_subdata
    GL_ARB_texture_storage_multisample
    GL_ARB_multi_bind
    GL_ARB_direct_state_access
    GL_ARB_get_texture_sub_image
    GL_ARB_texture_filter_anisotropic
    GL_KHR_debug
    GL_KHR_parallel_shader_compile
    GL_NV_depth_buffer_float
Using driver workarounds:
    no-forward-compatible-core-context
    nv-egl-incorrect-gl11-function-pointers
    no-layout-qualifiers-on-old-glsl
    nv-zero-context-profile-mask
    nv-implementation-color-read-format-dsa-broken
    nv-cubemap-inconsistent-compressed-image-size
    nv-cubemap-broken-full-compressed-image-query
    nv-compressed-block-size-in-bits
[19:16:34:019238]:[Warning]:[Scene] SemanticScene.h(331)::checkFileExists : ::loadSemanticSceneDescriptor: File `data/scene_datasets/habitat-test-scenes/skokloster-castle.scn` does not exist.  Aborting load.
[19:16:34:019254]:[Warning]:[Scene] SemanticScene.cpp(123)::loadSemanticSceneDescriptor : SSD File Naming Issue! Neither SemanticAttributes-provided name : `data/scene_datasets/habitat-test-scenes/skokloster-castle.scn` nor constructed filename : `data/scene_datasets/habitat-test-scenes/info_semantic.json` exist on disk.
[19:16:34:019259]:[Error]:[Scene] SemanticScene.cpp(139)::loadSemanticSceneDescriptor : SSD Load Failure! File with SemanticAttributes-provided name `data/scene_datasets/habitat-test-scenes/skokloster-castle.scn` exists but failed to load.
[19:16:34:628204]:[Warning]:[Sim] Simulator.cpp(595)::instanceStageForSceneAttributes : The active scene does not contain semantic annotations : activeSemanticSceneID_ = 0
2026-08-11 19:16:36,465 update: 900	fps: 474.419	
2026-08-11 19:16:36,465 Num updates: 900	Num frames 144000
2026-08-11 19:16:36,466 Average window size: 50  distance_to_goal: 0.624  distance_to_goal_reward: 0.001  reward: 3.646  spl: 0.440  success: 0.640
2026-08-11 19:16:36,466 	Perf Stats: trainer.rollout_collect: 0.299 trainer.sample_action: 0.003 trainer.obs_insert: 0.000 trainer.step_env: 0.005 trainer.update_stats: 0.001 trainer.update_agent: 0.035
2026-08-11 19:16:39,579 update: 910	fps: 474.820	
2026-08-11 19:16:39,579 Num updates: 910	Num frames 145600
2026-08-11 19:16:39,579 Average window size: 50  distance_to_goal: 0.518  distance_to_goal_reward: 0.000  reward: 3.787  spl: 0.446  success: 0.636
2026-08-11 19:16:39,579 	Perf Stats: trainer.rollout_collect: 0.299 trainer.sample_action: 0.003 trainer.obs_insert: 0.000 trainer.step_env: 0.005 trainer.update_stats: 0.001 trainer.update_agent: 0.035
2026-08-11 19:16:42,713 update: 920	fps: 475.180	
2026-08-11 19:16:42,713 Num updates: 920	Num frames 147200
2026-08-11 19:16:42,714 Average window size: 50  distance_to_goal: 0.525  distance_to_goal_reward: 0.000  reward: 3.725  spl: 0.460  success: 0.646
2026-08-11 19:16:42,714 	Perf Stats: trainer.rollout_collect: 0.299 trainer.sample_action: 0.003 trainer.obs_insert: 0.000 trainer.step_env: 0.005 trainer.update_stats: 0.001 trainer.update_agent: 0.035
PluginManager::Manager: duplicate static plugin StbImageImporter, ignoring
PluginManager::Manager: duplicate static plugin GltfImporter, ignoring
PluginManager::Manager: duplicate static plugin BasisImporter, ignoring
PluginManager::Manager: duplicate static plugin AssimpImporter, ignoring
PluginManager::Manager: duplicate static plugin AnySceneImporter, ignoring
PluginManager::Manager: duplicate static plugin AnyImageImporter, ignoring
Renderer: NVIDIA GeForce RTX 4070/PCIe/SSE2 by NVIDIA Corporation
OpenGL version: 4.6.0 NVIDIA 580.173.02
Using optional features:
    GL_ARB_vertex_array_object
    GL_ARB_separate_shader_objects
    GL_ARB_robustness
    GL_ARB_texture_storage
    GL_ARB_texture_view
    GL_ARB_framebuffer_no_attachments
    GL_ARB_invalidate_subdata
    GL_ARB_texture_storage_multisample
    GL_ARB_multi_bind
    GL_ARB_direct_state_access
    GL_ARB_get_texture_sub_image
    GL_ARB_texture_filter_anisotropic
    GL_KHR_debug
    GL_KHR_parallel_shader_compile
    GL_NV_depth_buffer_float
Using driver workarounds:
    no-forward-compatible-core-context
    nv-egl-incorrect-gl11-function-pointers
    no-layout-qualifiers-on-old-glsl
    nv-zero-context-profile-mask
    nv-implementation-color-read-format-dsa-broken
    nv-cubemap-inconsistent-compressed-image-size
    nv-cubemap-broken-full-compressed-image-query
    nv-compressed-block-size-in-bits
[19:16:45:231723]:[Warning]:[Scene] SemanticScene.h(331)::checkFileExists : ::loadSemanticSceneDescriptor: File `data/scene_datasets/habitat-test-scenes/skokloster-castle.scn` does not exist.  Aborting load.
[19:16:45:231738]:[Warning]:[Scene] SemanticScene.cpp(123)::loadSemanticSceneDescriptor : SSD File Naming Issue! Neither SemanticAttributes-provided name : `data/scene_datasets/habitat-test-scenes/skokloster-castle.scn` nor constructed filename : `data/scene_datasets/habitat-test-scenes/info_semantic.json` exist on disk.
[19:16:45:231743]:[Error]:[Scene] SemanticScene.cpp(139)::loadSemanticSceneDescriptor : SSD Load Failure! File with SemanticAttributes-provided name `data/scene_datasets/habitat-test-scenes/skokloster-castle.scn` exists but failed to load.
[19:16:45:873110]:[Warning]:[Sim] Simulator.cpp(595)::instanceStageForSceneAttributes : The active scene does not contain semantic annotations : activeSemanticSceneID_ = 0
2026-08-11 19:16:46,478 update: 930	fps: 474.578	
2026-08-11 19:16:46,478 Num updates: 930	Num frames 148800
2026-08-11 19:16:46,478 Average window size: 50  distance_to_goal: 0.636  distance_to_goal_reward: 0.000  reward: 3.651  spl: 0.465  success: 0.651
2026-08-11 19:16:46,478 	Perf Stats: trainer.rollout_collect: 0.299 trainer.sample_action: 0.003 trainer.obs_insert: 0.000 trainer.step_env: 0.005 trainer.update_stats: 0.001 trainer.update_agent: 0.035
2026-08-11 19:16:49,657 update: 940	fps: 474.865	
2026-08-11 19:16:49,657 Num updates: 940	Num frames 150400
2026-08-11 19:16:49,658 Average window size: 50  distance_to_goal: 0.806  distance_to_goal_reward: 0.000  reward: 3.566  spl: 0.441  success: 0.620
2026-08-11 19:16:49,658 	Perf Stats: trainer.rollout_collect: 0.299 trainer.sample_action: 0.003 trainer.obs_insert: 0.000 trainer.step_env: 0.005 trainer.update_stats: 0.001 trainer.update_agent: 0.035
2026-08-11 19:16:52,810 update: 950	fps: 475.187	
2026-08-11 19:16:52,810 Num updates: 950	Num frames 152000
2026-08-11 19:16:52,810 Average window size: 50  distance_to_goal: 1.015  distance_to_goal_reward: -0.001  reward: 3.890  spl: 0.446  success: 0.629
2026-08-11 19:16:52,811 	Perf Stats: trainer.rollout_collect: 0.299 trainer.sample_action: 0.003 trainer.obs_insert: 0.000 trainer.step_env: 0.005 trainer.update_stats: 0.001 trainer.update_agent: 0.035
2026-08-11 19:16:55,993 update: 960	fps: 475.458	
2026-08-11 19:16:55,993 Num updates: 960	Num frames 153600
2026-08-11 19:16:55,993 Average window size: 50  distance_to_goal: 0.853  distance_to_goal_reward: -0.001  reward: 4.140  spl: 0.490  success: 0.690
2026-08-11 19:16:55,993 	Perf Stats: trainer.rollout_collect: 0.299 trainer.sample_action: 0.003 trainer.obs_insert: 0.000 trainer.step_env: 0.005 trainer.update_stats: 0.001 trainer.update_agent: 0.035
2026-08-11 19:16:59,189 update: 970	fps: 475.705	
2026-08-11 19:16:59,189 Num updates: 970	Num frames 155200
2026-08-11 19:16:59,189 Average window size: 50  distance_to_goal: 1.430  distance_to_goal_reward: 0.001  reward: 3.982  spl: 0.475  success: 0.636
2026-08-11 19:16:59,189 	Perf Stats: trainer.rollout_collect: 0.298 trainer.sample_action: 0.003 trainer.obs_insert: 0.000 trainer.step_env: 0.005 trainer.update_stats: 0.001 trainer.update_agent: 0.035
PluginManager::Manager: duplicate static plugin StbImageImporter, ignoring
PluginManager::Manager: duplicate static plugin GltfImporter, ignoring
PluginManager::Manager: duplicate static plugin BasisImporter, ignoring
PluginManager::Manager: duplicate static plugin AssimpImporter, ignoring
PluginManager::Manager: duplicate static plugin AnySceneImporter, ignoring
PluginManager::Manager: duplicate static plugin AnyImageImporter, ignoring
Renderer: NVIDIA GeForce RTX 4070/PCIe/SSE2 by NVIDIA Corporation
OpenGL version: 4.6.0 NVIDIA 580.173.02
Using optional features:
    GL_ARB_vertex_array_object
    GL_ARB_separate_shader_objects
    GL_ARB_robustness
    GL_ARB_texture_storage
    GL_ARB_texture_view
    GL_ARB_framebuffer_no_attachments
    GL_ARB_invalidate_subdata
    GL_ARB_texture_storage_multisample
    GL_ARB_multi_bind
    GL_ARB_direct_state_access
    GL_ARB_get_texture_sub_image
    GL_ARB_texture_filter_anisotropic
    GL_KHR_debug
    GL_KHR_parallel_shader_compile
    GL_NV_depth_buffer_float
Using driver workarounds:
    no-forward-compatible-core-context
    nv-egl-incorrect-gl11-function-pointers
    no-layout-qualifiers-on-old-glsl
    nv-zero-context-profile-mask
    nv-implementation-color-read-format-dsa-broken
    nv-cubemap-inconsistent-compressed-image-size
    nv-cubemap-broken-full-compressed-image-query
    nv-compressed-block-size-in-bits
[19:17:02:248686]:[Warning]:[Scene] SemanticScene.h(331)::checkFileExists : ::loadSemanticSceneDescriptor: File `data/scene_datasets/habitat-test-scenes/van-gogh-room.scn` does not exist.  Aborting load.
[19:17:02:248701]:[Warning]:[Scene] SemanticScene.cpp(123)::loadSemanticSceneDescriptor : SSD File Naming Issue! Neither SemanticAttributes-provided name : `data/scene_datasets/habitat-test-scenes/van-gogh-room.scn` nor constructed filename : `data/scene_datasets/habitat-test-scenes/info_semantic.json` exist on disk.
[19:17:02:248706]:[Error]:[Scene] SemanticScene.cpp(139)::loadSemanticSceneDescriptor : SSD Load Failure! File with SemanticAttributes-provided name `data/scene_datasets/habitat-test-scenes/van-gogh-room.scn` exists but failed to load.
[19:17:02:680172]:[Warning]:[Sim] Simulator.cpp(595)::instanceStageForSceneAttributes : The active scene does not contain semantic annotations : activeSemanticSceneID_ = 0
2026-08-11 19:17:02,815 update: 980	fps: 475.326	
2026-08-11 19:17:02,815 Num updates: 980	Num frames 156800
2026-08-11 19:17:02,815 Average window size: 50  distance_to_goal: 1.333  distance_to_goal_reward: 0.001  reward: 4.503  spl: 0.497  success: 0.636
2026-08-11 19:17:02,815 	Perf Stats: trainer.rollout_collect: 0.299 trainer.sample_action: 0.003 trainer.obs_insert: 0.000 trainer.step_env: 0.005 trainer.update_stats: 0.001 trainer.update_agent: 0.035
2026-08-11 19:17:05,969 update: 990	fps: 475.628	
2026-08-11 19:17:05,970 Num updates: 990	Num frames 158400
2026-08-11 19:17:05,970 Average window size: 50  distance_to_goal: 1.191  distance_to_goal_reward: 0.001  reward: 4.137  spl: 0.524  success: 0.648
2026-08-11 19:17:05,970 	Perf Stats: trainer.rollout_collect: 0.299 trainer.sample_action: 0.003 trainer.obs_insert: 0.000 trainer.step_env: 0.005 trainer.update_stats: 0.001 trainer.update_agent: 0.035
PluginManager::Manager: duplicate static plugin StbImageImporter, ignoring
PluginManager::Manager: duplicate static plugin GltfImporter, ignoring
PluginManager::Manager: duplicate static plugin BasisImporter, ignoring
PluginManager::Manager: duplicate static plugin AssimpImporter, ignoring
PluginManager::Manager: duplicate static plugin AnySceneImporter, ignoring
PluginManager::Manager: duplicate static plugin AnyImageImporter, ignoring
Renderer: NVIDIA GeForce RTX 4070/PCIe/SSE2 by NVIDIA Corporation
OpenGL version: 4.6.0 NVIDIA 580.173.02
Using optional features:
    GL_ARB_vertex_array_object
    GL_ARB_separate_shader_objects
    GL_ARB_robustness
    GL_ARB_texture_storage
    GL_ARB_texture_view
    GL_ARB_framebuffer_no_attachments
    GL_ARB_invalidate_subdata
    GL_ARB_texture_storage_multisample
    GL_ARB_multi_bind
    GL_ARB_direct_state_access
    GL_ARB_get_texture_sub_image
    GL_ARB_texture_filter_anisotropic
    GL_KHR_debug
    GL_KHR_parallel_shader_compile
    GL_NV_depth_buffer_float
Using driver workarounds:
    no-forward-compatible-core-context
    nv-egl-incorrect-gl11-function-pointers
    no-layout-qualifiers-on-old-glsl
    nv-zero-context-profile-mask
    nv-implementation-color-read-format-dsa-broken
    nv-cubemap-inconsistent-compressed-image-size
    nv-cubemap-broken-full-compressed-image-query
    nv-compressed-block-size-in-bits
[19:17:07:691626]:[Warning]:[Scene] SemanticScene.h(331)::checkFileExists : ::loadSemanticSceneDescriptor: File `data/scene_datasets/habitat-test-scenes/van-gogh-room.scn` does not exist.  Aborting load.
[19:17:07:691642]:[Warning]:[Scene] SemanticScene.cpp(123)::loadSemanticSceneDescriptor : SSD File Naming Issue! Neither SemanticAttributes-provided name : `data/scene_datasets/habitat-test-scenes/van-gogh-room.scn` nor constructed filename : `data/scene_datasets/habitat-test-scenes/info_semantic.json` exist on disk.
[19:17:07:691647]:[Error]:[Scene] SemanticScene.cpp(139)::loadSemanticSceneDescriptor : SSD Load Failure! File with SemanticAttributes-provided name `data/scene_datasets/habitat-test-scenes/van-gogh-room.scn` exists but failed to load.
[19:17:08:129800]:[Warning]:[Sim] Simulator.cpp(595)::instanceStageForSceneAttributes : The active scene does not contain semantic annotations : activeSemanticSceneID_ = 0
2026-08-11 19:17:09,635 update: 1000	fps: 475.202	
2026-08-11 19:17:09,635 Num updates: 1000	Num frames 160000
2026-08-11 19:17:09,635 Average window size: 50  distance_to_goal: 0.949  distance_to_goal_reward: 0.001  reward: 4.159  spl: 0.506  success: 0.630
2026-08-11 19:17:09,635 	Perf Stats: trainer.rollout_collect: 0.299 trainer.sample_action: 0.003 trainer.obs_insert: 0.000 trainer.step_env: 0.005 trainer.update_stats: 0.001 trainer.update_agent: 0.035
2026-08-11 19:17:12,697 update: 1010	fps: 475.628	
2026-08-11 19:17:12,697 Num updates: 1010	Num frames 161600
2026-08-11 19:17:12,697 Average window size: 50  distance_to_goal: 0.867  distance_to_goal_reward: 0.001  reward: 3.943  spl: 0.511  success: 0.644
2026-08-11 19:17:12,697 	Perf Stats: trainer.rollout_collect: 0.298 trainer.sample_action: 0.003 trainer.obs_insert: 0.000 trainer.step_env: 0.005 trainer.update_stats: 0.001 trainer.update_agent: 0.035
2026-08-11 19:17:15,746 update: 1020	fps: 476.065	
2026-08-11 19:17:15,746 Num updates: 1020	Num frames 163200
2026-08-11 19:17:15,746 Average window size: 50  distance_to_goal: 0.707  distance_to_goal_reward: -0.000  reward: 3.578  spl: 0.524  success: 0.682
2026-08-11 19:17:15,746 	Perf Stats: trainer.rollout_collect: 0.298 trainer.sample_action: 0.003 trainer.obs_insert: 0.000 trainer.step_env: 0.005 trainer.update_stats: 0.001 trainer.update_agent: 0.035
2026-08-11 19:17:18,804 update: 1030	fps: 476.483	
2026-08-11 19:17:18,804 Num updates: 1030	Num frames 164800
2026-08-11 19:17:18,804 Average window size: 50  distance_to_goal: 0.689  distance_to_goal_reward: -0.000  reward: 3.360  spl: 0.536  success: 0.716
2026-08-11 19:17:18,804 	Perf Stats: trainer.rollout_collect: 0.298 trainer.sample_action: 0.003 trainer.obs_insert: 0.000 trainer.step_env: 0.005 trainer.update_stats: 0.001 trainer.update_agent: 0.035
2026-08-11 19:17:21,911 update: 1040	fps: 476.825	
2026-08-11 19:17:21,911 Num updates: 1040	Num frames 166400
2026-08-11 19:17:21,911 Average window size: 50  distance_to_goal: 0.617  distance_to_goal_reward: -0.001  reward: 3.133  spl: 0.503  success: 0.689
2026-08-11 19:17:21,911 	Perf Stats: trainer.rollout_collect: 0.298 trainer.sample_action: 0.003 trainer.obs_insert: 0.000 trainer.step_env: 0.005 trainer.update_stats: 0.001 trainer.update_agent: 0.035
2026-08-11 19:17:25,002 update: 1050	fps: 477.184	
2026-08-11 19:17:25,002 Num updates: 1050	Num frames 168000
2026-08-11 19:17:25,002 Average window size: 50  distance_to_goal: 0.573  distance_to_goal_reward: -0.001  reward: 3.308  spl: 0.511  success: 0.713
2026-08-11 19:17:25,002 	Perf Stats: trainer.rollout_collect: 0.297 trainer.sample_action: 0.003 trainer.obs_insert: 0.000 trainer.step_env: 0.005 trainer.update_stats: 0.001 trainer.update_agent: 0.035
2026-08-11 19:17:28,078 update: 1060	fps: 477.555	
2026-08-11 19:17:28,079 Num updates: 1060	Num frames 169600
2026-08-11 19:17:28,079 Average window size: 50  distance_to_goal: 0.422  distance_to_goal_reward: -0.001  reward: 3.397  spl: 0.512  success: 0.719
2026-08-11 19:17:28,079 	Perf Stats: trainer.rollout_collect: 0.297 trainer.sample_action: 0.003 trainer.obs_insert: 0.000 trainer.step_env: 0.005 trainer.update_stats: 0.001 trainer.update_agent: 0.035
2026-08-11 19:17:31,145 update: 1070	fps: 477.934	
2026-08-11 19:17:31,145 Num updates: 1070	Num frames 171200
2026-08-11 19:17:31,145 Average window size: 50  distance_to_goal: 0.539  distance_to_goal_reward: 0.000  reward: 3.230  spl: 0.501  success: 0.703
2026-08-11 19:17:31,145 	Perf Stats: trainer.rollout_collect: 0.297 trainer.sample_action: 0.003 trainer.obs_insert: 0.000 trainer.step_env: 0.005 trainer.update_stats: 0.001 trainer.update_agent: 0.035
2026-08-11 19:17:34,200 update: 1080	fps: 478.321	
2026-08-11 19:17:34,200 Num updates: 1080	Num frames 172800
2026-08-11 19:17:34,200 Average window size: 50  distance_to_goal: 0.532  distance_to_goal_reward: 0.000  reward: 3.368  spl: 0.507  success: 0.709
2026-08-11 19:17:34,200 	Perf Stats: trainer.rollout_collect: 0.297 trainer.sample_action: 0.003 trainer.obs_insert: 0.000 trainer.step_env: 0.005 trainer.update_stats: 0.001 trainer.update_agent: 0.035
2026-08-11 19:17:37,276 update: 1090	fps: 478.674	
2026-08-11 19:17:37,276 Num updates: 1090	Num frames 174400
2026-08-11 19:17:37,276 Average window size: 50  distance_to_goal: 0.557  distance_to_goal_reward: 0.001  reward: 3.547  spl: 0.552  success: 0.776
2026-08-11 19:17:37,276 	Perf Stats: trainer.rollout_collect: 0.296 trainer.sample_action: 0.003 trainer.obs_insert: 0.000 trainer.step_env: 0.005 trainer.update_stats: 0.001 trainer.update_agent: 0.035
2026-08-11 19:17:40,462 update: 1100	fps: 478.878	
2026-08-11 19:17:40,462 Num updates: 1100	Num frames 176000
2026-08-11 19:17:40,462 Average window size: 50  distance_to_goal: 0.556  distance_to_goal_reward: 0.001  reward: 3.166  spl: 0.539  success: 0.755
2026-08-11 19:17:40,462 	Perf Stats: trainer.rollout_collect: 0.296 trainer.sample_action: 0.003 trainer.obs_insert: 0.000 trainer.step_env: 0.005 trainer.update_stats: 0.001 trainer.update_agent: 0.035
2026-08-11 19:17:43,496 update: 1110	fps: 479.274	
2026-08-11 19:17:43,496 Num updates: 1110	Num frames 177600
2026-08-11 19:17:43,496 Average window size: 50  distance_to_goal: 0.611  distance_to_goal_reward: 0.000  reward: 3.153  spl: 0.526  success: 0.724
2026-08-11 19:17:43,496 	Perf Stats: trainer.rollout_collect: 0.296 trainer.sample_action: 0.003 trainer.obs_insert: 0.000 trainer.step_env: 0.005 trainer.update_stats: 0.001 trainer.update_agent: 0.035
2026-08-11 19:17:46,576 update: 1120	fps: 479.606	
2026-08-11 19:17:46,576 Num updates: 1120	Num frames 179200
2026-08-11 19:17:46,576 Average window size: 50  distance_to_goal: 0.441  distance_to_goal_reward: -0.000  reward: 3.471  spl: 0.584  success: 0.786
2026-08-11 19:17:46,576 	Perf Stats: trainer.rollout_collect: 0.296 trainer.sample_action: 0.003 trainer.obs_insert: 0.000 trainer.step_env: 0.005 trainer.update_stats: 0.001 trainer.update_agent: 0.035
2026-08-11 19:17:49,657 update: 1130	fps: 479.930	
2026-08-11 19:17:49,666 Num updates: 1130	Num frames 180800
2026-08-11 19:17:49,666 Average window size: 50  distance_to_goal: 0.559  distance_to_goal_reward: -0.000  reward: 3.194  spl: 0.551  success: 0.733
2026-08-11 19:17:49,666 	Perf Stats: trainer.rollout_collect: 0.295 trainer.sample_action: 0.003 trainer.obs_insert: 0.000 trainer.step_env: 0.005 trainer.update_stats: 0.001 trainer.update_agent: 0.035
2026-08-11 19:17:52,720 update: 1140	fps: 480.273	
2026-08-11 19:17:52,720 Num updates: 1140	Num frames 182400
2026-08-11 19:17:52,720 Average window size: 50  distance_to_goal: 0.412  distance_to_goal_reward: -0.000  reward: 3.317  spl: 0.569  success: 0.755
2026-08-11 19:17:52,720 	Perf Stats: trainer.rollout_collect: 0.295 trainer.sample_action: 0.003 trainer.obs_insert: 0.000 trainer.step_env: 0.005 trainer.update_stats: 0.001 trainer.update_agent: 0.035
2026-08-11 19:17:55,742 update: 1150	fps: 480.661	
2026-08-11 19:17:55,742 Num updates: 1150	Num frames 184000
2026-08-11 19:17:55,742 Average window size: 50  distance_to_goal: 0.618  distance_to_goal_reward: 0.000  reward: 3.445  spl: 0.601  success: 0.795
2026-08-11 19:17:55,742 	Perf Stats: trainer.rollout_collect: 0.295 trainer.sample_action: 0.003 trainer.obs_insert: 0.000 trainer.step_env: 0.005 trainer.update_stats: 0.001 trainer.update_agent: 0.035
2026-08-11 19:17:58,806 update: 1160	fps: 480.991	
2026-08-11 19:17:58,806 Num updates: 1160	Num frames 185600
2026-08-11 19:17:58,806 Average window size: 50  distance_to_goal: 0.681  distance_to_goal_reward: 0.001  reward: 3.466  spl: 0.570  success: 0.780
2026-08-11 19:17:58,806 	Perf Stats: trainer.rollout_collect: 0.295 trainer.sample_action: 0.003 trainer.obs_insert: 0.000 trainer.step_env: 0.005 trainer.update_stats: 0.001 trainer.update_agent: 0.035
2026-08-11 19:18:01,861 update: 1170	fps: 481.326	
2026-08-11 19:18:01,861 Num updates: 1170	Num frames 187200
2026-08-11 19:18:01,862 Average window size: 50  distance_to_goal: 0.644  distance_to_goal_reward: 0.000  reward: 3.516  spl: 0.525  success: 0.747
2026-08-11 19:18:01,862 	Perf Stats: trainer.rollout_collect: 0.295 trainer.sample_action: 0.003 trainer.obs_insert: 0.000 trainer.step_env: 0.005 trainer.update_stats: 0.001 trainer.update_agent: 0.035
PluginManager::Manager: duplicate static plugin StbImageImporter, ignoring
PluginManager::Manager: duplicate static plugin GltfImporter, ignoring
PluginManager::Manager: duplicate static plugin BasisImporter, ignoring
PluginManager::Manager: duplicate static plugin AssimpImporter, ignoring
PluginManager::Manager: duplicate static plugin AnySceneImporter, ignoring
PluginManager::Manager: duplicate static plugin AnyImageImporter, ignoring
Renderer: NVIDIA GeForce RTX 4070/PCIe/SSE2 by NVIDIA Corporation
OpenGL version: 4.6.0 NVIDIA 580.173.02
Using optional features:
    GL_ARB_vertex_array_object
    GL_ARB_separate_shader_objects
    GL_ARB_robustness
    GL_ARB_texture_storage
    GL_ARB_texture_view
    GL_ARB_framebuffer_no_attachments
    GL_ARB_invalidate_subdata
    GL_ARB_texture_storage_multisample
    GL_ARB_multi_bind
    GL_ARB_direct_state_access
    GL_ARB_get_texture_sub_image
    GL_ARB_texture_filter_anisotropic
    GL_KHR_debug
    GL_KHR_parallel_shader_compile
    GL_NV_depth_buffer_float
Using driver workarounds:
    no-forward-compatible-core-context
    nv-egl-incorrect-gl11-function-pointers
    no-layout-qualifiers-on-old-glsl
    nv-zero-context-profile-mask
    nv-implementation-color-read-format-dsa-broken
    nv-cubemap-inconsistent-compressed-image-size
    nv-cubemap-broken-full-compressed-image-query
    nv-compressed-block-size-in-bits
[19:18:03:913554]:[Warning]:[Scene] SemanticScene.h(331)::checkFileExists : ::loadSemanticSceneDescriptor: File `data/scene_datasets/habitat-test-scenes/skokloster-castle.scn` does not exist.  Aborting load.
[19:18:03:913571]:[Warning]:[Scene] SemanticScene.cpp(123)::loadSemanticSceneDescriptor : SSD File Naming Issue! Neither SemanticAttributes-provided name : `data/scene_datasets/habitat-test-scenes/skokloster-castle.scn` nor constructed filename : `data/scene_datasets/habitat-test-scenes/info_semantic.json` exist on disk.
[19:18:03:913576]:[Error]:[Scene] SemanticScene.cpp(139)::loadSemanticSceneDescriptor : SSD Load Failure! File with SemanticAttributes-provided name `data/scene_datasets/habitat-test-scenes/skokloster-castle.scn` exists but failed to load.
[19:18:04:524760]:[Warning]:[Sim] Simulator.cpp(595)::instanceStageForSceneAttributes : The active scene does not contain semantic annotations : activeSemanticSceneID_ = 0
2026-08-11 19:18:05,559 update: 1180	fps: 480.868	
2026-08-11 19:18:05,559 Num updates: 1180	Num frames 188800
2026-08-11 19:18:05,559 Average window size: 50  distance_to_goal: 0.501  distance_to_goal_reward: 0.000  reward: 3.937  spl: 0.573  success: 0.825
2026-08-11 19:18:05,559 	Perf Stats: trainer.rollout_collect: 0.295 trainer.sample_action: 0.003 trainer.obs_insert: 0.000 trainer.step_env: 0.005 trainer.update_stats: 0.001 trainer.update_agent: 0.035
2026-08-11 19:18:08,691 update: 1190	fps: 481.106	
2026-08-11 19:18:08,691 Num updates: 1190	Num frames 190400
2026-08-11 19:18:08,691 Average window size: 50  distance_to_goal: 0.713  distance_to_goal_reward: 0.000  reward: 3.568  spl: 0.516  success: 0.758
2026-08-11 19:18:08,691 	Perf Stats: trainer.rollout_collect: 0.295 trainer.sample_action: 0.003 trainer.obs_insert: 0.000 trainer.step_env: 0.005 trainer.update_stats: 0.001 trainer.update_agent: 0.035
2026-08-11 19:18:11,938 update: 1200	fps: 481.201	
2026-08-11 19:18:11,938 Num updates: 1200	Num frames 192000
2026-08-11 19:18:11,938 Average window size: 50  distance_to_goal: 0.463  distance_to_goal_reward: -0.001  reward: 3.823  spl: 0.550  success: 0.808
2026-08-11 19:18:11,938 	Perf Stats: trainer.rollout_collect: 0.295 trainer.sample_action: 0.003 trainer.obs_insert: 0.000 trainer.step_env: 0.005 trainer.update_stats: 0.001 trainer.update_agent: 0.035
2026-08-11 19:18:15,056 update: 1210	fps: 481.448	
2026-08-11 19:18:15,057 Num updates: 1210	Num frames 193600
2026-08-11 19:18:15,057 Average window size: 50  distance_to_goal: 0.577  distance_to_goal_reward: 0.000  reward: 3.693  spl: 0.583  success: 0.836
2026-08-11 19:18:15,057 	Perf Stats: trainer.rollout_collect: 0.294 trainer.sample_action: 0.003 trainer.obs_insert: 0.000 trainer.step_env: 0.005 trainer.update_stats: 0.001 trainer.update_agent: 0.035
2026-08-11 19:18:18,188 update: 1220	fps: 481.675	
2026-08-11 19:18:18,188 Num updates: 1220	Num frames 195200
2026-08-11 19:18:18,188 Average window size: 50  distance_to_goal: 0.901  distance_to_goal_reward: 0.000  reward: 3.527  spl: 0.565  success: 0.800
2026-08-11 19:18:18,188 	Perf Stats: trainer.rollout_collect: 0.294 trainer.sample_action: 0.003 trainer.obs_insert: 0.000 trainer.step_env: 0.005 trainer.update_stats: 0.001 trainer.update_agent: 0.035
2026-08-11 19:18:21,306 update: 1230	fps: 481.916	
2026-08-11 19:18:21,306 Num updates: 1230	Num frames 196800
2026-08-11 19:18:21,306 Average window size: 50  distance_to_goal: 0.765  distance_to_goal_reward: 0.000  reward: 4.105  spl: 0.566  success: 0.805
2026-08-11 19:18:21,306 	Perf Stats: trainer.rollout_collect: 0.294 trainer.sample_action: 0.003 trainer.obs_insert: 0.000 trainer.step_env: 0.005 trainer.update_stats: 0.001 trainer.update_agent: 0.035
2026-08-11 19:18:24,419 update: 1240	fps: 482.158	
2026-08-11 19:18:24,419 Num updates: 1240	Num frames 198400
2026-08-11 19:18:24,419 Average window size: 50  distance_to_goal: 0.871  distance_to_goal_reward: 0.000  reward: 4.042  spl: 0.578  success: 0.822
2026-08-11 19:18:24,419 	Perf Stats: trainer.rollout_collect: 0.294 trainer.sample_action: 0.003 trainer.obs_insert: 0.000 trainer.step_env: 0.005 trainer.update_stats: 0.001 trainer.update_agent: 0.035
2026-08-11 19:18:27,539 update: 1250	fps: 482.389	
2026-08-11 19:18:27,539 Num updates: 1250	Num frames 200000
2026-08-11 19:18:27,539 Average window size: 50  distance_to_goal: 1.178  distance_to_goal_reward: 0.000  reward: 3.696  spl: 0.516  success: 0.721
2026-08-11 19:18:27,539 	Perf Stats: trainer.rollout_collect: 0.294 trainer.sample_action: 0.003 trainer.obs_insert: 0.000 trainer.step_env: 0.005 trainer.update_stats: 0.001 trainer.update_agent: 0.035
2026-08-11 19:18:30,713 update: 1260	fps: 482.554	
2026-08-11 19:18:30,713 Num updates: 1260	Num frames 201600
2026-08-11 19:18:30,713 Average window size: 50  distance_to_goal: 0.886  distance_to_goal_reward: 0.000  reward: 3.644  spl: 0.497  success: 0.691
2026-08-11 19:18:30,713 	Perf Stats: trainer.rollout_collect: 0.294 trainer.sample_action: 0.003 trainer.obs_insert: 0.000 trainer.step_env: 0.005 trainer.update_stats: 0.001 trainer.update_agent: 0.035
2026-08-11 19:18:33,820 update: 1270	fps: 482.794	
2026-08-11 19:18:33,820 Num updates: 1270	Num frames 203200
2026-08-11 19:18:33,820 Average window size: 50  distance_to_goal: 1.126  distance_to_goal_reward: 0.004  reward: 3.005  spl: 0.428  success: 0.619
2026-08-11 19:18:33,820 	Perf Stats: trainer.rollout_collect: 0.293 trainer.sample_action: 0.003 trainer.obs_insert: 0.000 trainer.step_env: 0.005 trainer.update_stats: 0.001 trainer.update_agent: 0.035
PluginManager::Manager: duplicate static plugin StbImageImporter, ignoring
PluginManager::Manager: duplicate static plugin GltfImporter, ignoring
PluginManager::Manager: duplicate static plugin BasisImporter, ignoring
PluginManager::Manager: duplicate static plugin AssimpImporter, ignoring
PluginManager::Manager: duplicate static plugin AnySceneImporter, ignoring
PluginManager::Manager: duplicate static plugin AnyImageImporter, ignoring
Renderer: NVIDIA GeForce RTX 4070/PCIe/SSE2 by NVIDIA Corporation
OpenGL version: 4.6.0 NVIDIA 580.173.02
Using optional features:
    GL_ARB_vertex_array_object
    GL_ARB_separate_shader_objects
    GL_ARB_robustness
    GL_ARB_texture_storage
    GL_ARB_texture_view
    GL_ARB_framebuffer_no_attachments
    GL_ARB_invalidate_subdata
    GL_ARB_texture_storage_multisample
    GL_ARB_multi_bind
    GL_ARB_direct_state_access
    GL_ARB_get_texture_sub_image
    GL_ARB_texture_filter_anisotropic
    GL_KHR_debug
    GL_KHR_parallel_shader_compile
    GL_NV_depth_buffer_float
Using driver workarounds:
    no-forward-compatible-core-context
    nv-egl-incorrect-gl11-function-pointers
    no-layout-qualifiers-on-old-glsl
    nv-zero-context-profile-mask
    nv-implementation-color-read-format-dsa-broken
    nv-cubemap-inconsistent-compressed-image-size
    nv-cubemap-broken-full-compressed-image-query
    nv-compressed-block-size-in-bits
[19:18:36:703017]:[Warning]:[Scene] SemanticScene.h(331)::checkFileExists : ::loadSemanticSceneDescriptor: File `data/scene_datasets/habitat-test-scenes/van-gogh-room.scn` does not exist.  Aborting load.
[19:18:36:703033]:[Warning]:[Scene] SemanticScene.cpp(123)::loadSemanticSceneDescriptor : SSD File Naming Issue! Neither SemanticAttributes-provided name : `data/scene_datasets/habitat-test-scenes/van-gogh-room.scn` nor constructed filename : `data/scene_datasets/habitat-test-scenes/info_semantic.json` exist on disk.
[19:18:36:703038]:[Error]:[Scene] SemanticScene.cpp(139)::loadSemanticSceneDescriptor : SSD Load Failure! File with SemanticAttributes-provided name `data/scene_datasets/habitat-test-scenes/van-gogh-room.scn` exists but failed to load.
[19:18:37:136445]:[Warning]:[Sim] Simulator.cpp(595)::instanceStageForSceneAttributes : The active scene does not contain semantic annotations : activeSemanticSceneID_ = 0
2026-08-11 19:18:37,368 update: 1280	fps: 482.527	
2026-08-11 19:18:37,368 Num updates: 1280	Num frames 204800
2026-08-11 19:18:37,368 Average window size: 50  distance_to_goal: 1.378  distance_to_goal_reward: 0.005  reward: 2.026  spl: 0.331  success: 0.481
2026-08-11 19:18:37,368 	Perf Stats: trainer.rollout_collect: 0.294 trainer.sample_action: 0.003 trainer.obs_insert: 0.000 trainer.step_env: 0.005 trainer.update_stats: 0.001 trainer.update_agent: 0.035
PluginManager::Manager: duplicate static plugin StbImageImporter, ignoring
PluginManager::Manager: duplicate static plugin GltfImporter, ignoring
PluginManager::Manager: duplicate static plugin BasisImporter, ignoring
PluginManager::Manager: duplicate static plugin AssimpImporter, ignoring
PluginManager::Manager: duplicate static plugin AnySceneImporter, ignoring
PluginManager::Manager: duplicate static plugin AnyImageImporter, ignoring
Renderer: NVIDIA GeForce RTX 4070/PCIe/SSE2 by NVIDIA Corporation
OpenGL version: 4.6.0 NVIDIA 580.173.02
Using optional features:
    GL_ARB_vertex_array_object
    GL_ARB_separate_shader_objects
    GL_ARB_robustness
    GL_ARB_texture_storage
    GL_ARB_texture_view
    GL_ARB_framebuffer_no_attachments
    GL_ARB_invalidate_subdata
    GL_ARB_texture_storage_multisample
    GL_ARB_multi_bind
    GL_ARB_direct_state_access
    GL_ARB_get_texture_sub_image
    GL_ARB_texture_filter_anisotropic
    GL_KHR_debug
    GL_KHR_parallel_shader_compile
    GL_NV_depth_buffer_float
Using driver workarounds:
    no-forward-compatible-core-context
    nv-egl-incorrect-gl11-function-pointers
    no-layout-qualifiers-on-old-glsl
    nv-zero-context-profile-mask
    nv-implementation-color-read-format-dsa-broken
    nv-cubemap-inconsistent-compressed-image-size
    nv-cubemap-broken-full-compressed-image-query
    nv-compressed-block-size-in-bits
[19:18:39:436593]:[Warning]:[Scene] SemanticScene.h(331)::checkFileExists : ::loadSemanticSceneDescriptor: File `data/scene_datasets/habitat-test-scenes/van-gogh-room.scn` does not exist.  Aborting load.
[19:18:39:436609]:[Warning]:[Scene] SemanticScene.cpp(123)::loadSemanticSceneDescriptor : SSD File Naming Issue! Neither SemanticAttributes-provided name : `data/scene_datasets/habitat-test-scenes/van-gogh-room.scn` nor constructed filename : `data/scene_datasets/habitat-test-scenes/info_semantic.json` exist on disk.
[19:18:39:436614]:[Error]:[Scene] SemanticScene.cpp(139)::loadSemanticSceneDescriptor : SSD Load Failure! File with SemanticAttributes-provided name `data/scene_datasets/habitat-test-scenes/van-gogh-room.scn` exists but failed to load.
[19:18:39:879822]:[Warning]:[Sim] Simulator.cpp(595)::instanceStageForSceneAttributes : The active scene does not contain semantic annotations : activeSemanticSceneID_ = 0
2026-08-11 19:18:40,920 update: 1290	fps: 482.261	
2026-08-11 19:18:40,920 Num updates: 1290	Num frames 206400
2026-08-11 19:18:40,920 Average window size: 50  distance_to_goal: 1.443  distance_to_goal_reward: 0.003  reward: 1.412  spl: 0.173  success: 0.257
2026-08-11 19:18:40,920 	Perf Stats: trainer.rollout_collect: 0.294 trainer.sample_action: 0.003 trainer.obs_insert: 0.000 trainer.step_env: 0.005 trainer.update_stats: 0.001 trainer.update_agent: 0.035
PluginManager::Manager: duplicate static plugin StbImageImporter, ignoring
PluginManager::Manager: duplicate static plugin GltfImporter, ignoring
PluginManager::Manager: duplicate static plugin BasisImporter, ignoring
PluginManager::Manager: duplicate static plugin AssimpImporter, ignoring
PluginManager::Manager: duplicate static plugin AnySceneImporter, ignoring
PluginManager::Manager: duplicate static plugin AnyImageImporter, ignoring
Renderer: NVIDIA GeForce RTX 4070/PCIe/SSE2 by NVIDIA Corporation
OpenGL version: 4.6.0 NVIDIA 580.173.02
Using optional features:
    GL_ARB_vertex_array_object
    GL_ARB_separate_shader_objects
    GL_ARB_robustness
    GL_ARB_texture_storage
    GL_ARB_texture_view
    GL_ARB_framebuffer_no_attachments
    GL_ARB_invalidate_subdata
    GL_ARB_texture_storage_multisample
    GL_ARB_multi_bind
    GL_ARB_direct_state_access
    GL_ARB_get_texture_sub_image
    GL_ARB_texture_filter_anisotropic
    GL_KHR_debug
    GL_KHR_parallel_shader_compile
    GL_NV_depth_buffer_float
Using driver workarounds:
    no-forward-compatible-core-context
    nv-egl-incorrect-gl11-function-pointers
    no-layout-qualifiers-on-old-glsl
    nv-zero-context-profile-mask
    nv-implementation-color-read-format-dsa-broken
    nv-cubemap-inconsistent-compressed-image-size
    nv-cubemap-broken-full-compressed-image-query
    nv-compressed-block-size-in-bits
[19:18:41:278921]:[Warning]:[Scene] SemanticScene.h(331)::checkFileExists : ::loadSemanticSceneDescriptor: File `data/scene_datasets/habitat-test-scenes/skokloster-castle.scn` does not exist.  Aborting load.
[19:18:41:278937]:[Warning]:[Scene] SemanticScene.cpp(123)::loadSemanticSceneDescriptor : SSD File Naming Issue! Neither SemanticAttributes-provided name : `data/scene_datasets/habitat-test-scenes/skokloster-castle.scn` nor constructed filename : `data/scene_datasets/habitat-test-scenes/info_semantic.json` exist on disk.
[19:18:41:278942]:[Error]:[Scene] SemanticScene.cpp(139)::loadSemanticSceneDescriptor : SSD Load Failure! File with SemanticAttributes-provided name `data/scene_datasets/habitat-test-scenes/skokloster-castle.scn` exists but failed to load.
[19:18:41:888253]:[Warning]:[Sim] Simulator.cpp(595)::instanceStageForSceneAttributes : The active scene does not contain semantic annotations : activeSemanticSceneID_ = 0
PluginManager::Manager: duplicate static plugin StbImageImporter, ignoring
PluginManager::Manager: duplicate static plugin GltfImporter, ignoring
PluginManager::Manager: duplicate static plugin BasisImporter, ignoring
PluginManager::Manager: duplicate static plugin AssimpImporter, ignoring
PluginManager::Manager: duplicate static plugin AnySceneImporter, ignoring
PluginManager::Manager: duplicate static plugin AnyImageImporter, ignoring
Renderer: NVIDIA GeForce RTX 4070/PCIe/SSE2 by NVIDIA Corporation
OpenGL version: 4.6.0 NVIDIA 580.173.02
Using optional features:
    GL_ARB_vertex_array_object
    GL_ARB_separate_shader_objects
    GL_ARB_robustness
    GL_ARB_texture_storage
    GL_ARB_texture_view
    GL_ARB_framebuffer_no_attachments
    GL_ARB_invalidate_subdata
    GL_ARB_texture_storage_multisample
    GL_ARB_multi_bind
    GL_ARB_direct_state_access
    GL_ARB_get_texture_sub_image
    GL_ARB_texture_filter_anisotropic
    GL_KHR_debug
    GL_KHR_parallel_shader_compile
    GL_NV_depth_buffer_float
Using driver workarounds:
    no-forward-compatible-core-context
    nv-egl-incorrect-gl11-function-pointers
    no-layout-qualifiers-on-old-glsl
    nv-zero-context-profile-mask
    nv-implementation-color-read-format-dsa-broken
    nv-cubemap-inconsistent-compressed-image-size
    nv-cubemap-broken-full-compressed-image-query
    nv-compressed-block-size-in-bits
[19:18:44:272360]:[Warning]:[Scene] SemanticScene.h(331)::checkFileExists : ::loadSemanticSceneDescriptor: File `data/scene_datasets/habitat-test-scenes/skokloster-castle.scn` does not exist.  Aborting load.
[19:18:44:272375]:[Warning]:[Scene] SemanticScene.cpp(123)::loadSemanticSceneDescriptor : SSD File Naming Issue! Neither SemanticAttributes-provided name : `data/scene_datasets/habitat-test-scenes/skokloster-castle.scn` nor constructed filename : `data/scene_datasets/habitat-test-scenes/info_semantic.json` exist on disk.
[19:18:44:272380]:[Error]:[Scene] SemanticScene.cpp(139)::loadSemanticSceneDescriptor : SSD Load Failure! File with SemanticAttributes-provided name `data/scene_datasets/habitat-test-scenes/skokloster-castle.scn` exists but failed to load.
[19:18:44:889379]:[Warning]:[Sim] Simulator.cpp(595)::instanceStageForSceneAttributes : The active scene does not contain semantic annotations : activeSemanticSceneID_ = 0
2026-08-11 19:18:45,442 update: 1300	fps: 480.918	
2026-08-11 19:18:45,442 Num updates: 1300	Num frames 208000
2026-08-11 19:18:45,442 Average window size: 50  distance_to_goal: 1.333  distance_to_goal_reward: 0.002  reward: 1.096  spl: 0.101  success: 0.151
2026-08-11 19:18:45,442 	Perf Stats: trainer.rollout_collect: 0.295 trainer.sample_action: 0.003 trainer.obs_insert: 0.000 trainer.step_env: 0.005 trainer.update_stats: 0.001 trainer.update_agent: 0.035
2026-08-11 19:18:48,680 update: 1310	fps: 481.017	
2026-08-11 19:18:48,680 Num updates: 1310	Num frames 209600
2026-08-11 19:18:48,680 Average window size: 50  distance_to_goal: 1.530  distance_to_goal_reward: 0.001  reward: 1.069  spl: 0.046  success: 0.073
2026-08-11 19:18:48,680 	Perf Stats: trainer.rollout_collect: 0.295 trainer.sample_action: 0.003 trainer.obs_insert: 0.000 trainer.step_env: 0.005 trainer.update_stats: 0.001 trainer.update_agent: 0.035
2026-08-11 19:18:51,817 update: 1320	fps: 481.224	
2026-08-11 19:18:51,817 Num updates: 1320	Num frames 211200
2026-08-11 19:18:51,817 Average window size: 50  distance_to_goal: 1.341  distance_to_goal_reward: 0.000  reward: 1.147  spl: 0.051  success: 0.072
2026-08-11 19:18:51,817 	Perf Stats: trainer.rollout_collect: 0.295 trainer.sample_action: 0.003 trainer.obs_insert: 0.000 trainer.step_env: 0.005 trainer.update_stats: 0.001 trainer.update_agent: 0.035
2026-08-11 19:18:54,951 update: 1330	fps: 481.431	
2026-08-11 19:18:54,951 Num updates: 1330	Num frames 212800
2026-08-11 19:18:54,951 Average window size: 50  distance_to_goal: 1.425  distance_to_goal_reward: -0.000  reward: 1.165  spl: 0.061  success: 0.092
2026-08-11 19:18:54,951 	Perf Stats: trainer.rollout_collect: 0.294 trainer.sample_action: 0.003 trainer.obs_insert: 0.000 trainer.step_env: 0.005 trainer.update_stats: 0.001 trainer.update_agent: 0.035
2026-08-11 19:18:58,070 update: 1340	fps: 481.652	
2026-08-11 19:18:58,071 Num updates: 1340	Num frames 214400
2026-08-11 19:18:58,071 Average window size: 50  distance_to_goal: 1.497  distance_to_goal_reward: -0.001  reward: 1.329  spl: 0.079  success: 0.121
2026-08-11 19:18:58,071 	Perf Stats: trainer.rollout_collect: 0.294 trainer.sample_action: 0.003 trainer.obs_insert: 0.000 trainer.step_env: 0.005 trainer.update_stats: 0.001 trainer.update_agent: 0.035
2026-08-11 19:19:01,163 update: 1350	fps: 481.899	
2026-08-11 19:19:01,163 Num updates: 1350	Num frames 216000
2026-08-11 19:19:01,163 Average window size: 50  distance_to_goal: 1.478  distance_to_goal_reward: -0.001  reward: 1.629  spl: 0.117  success: 0.189
2026-08-11 19:19:01,163 	Perf Stats: trainer.rollout_collect: 0.294 trainer.sample_action: 0.003 trainer.obs_insert: 0.000 trainer.step_env: 0.005 trainer.update_stats: 0.001 trainer.update_agent: 0.035
2026-08-11 19:19:04,283 update: 1360	fps: 482.112	
2026-08-11 19:19:04,283 Num updates: 1360	Num frames 217600
2026-08-11 19:19:04,283 Average window size: 50  distance_to_goal: 1.225  distance_to_goal_reward: -0.002  reward: 2.001  spl: 0.190  success: 0.303
2026-08-11 19:19:04,283 	Perf Stats: trainer.rollout_collect: 0.294 trainer.sample_action: 0.003 trainer.obs_insert: 0.000 trainer.step_env: 0.005 trainer.update_stats: 0.001 trainer.update_agent: 0.035
2026-08-11 19:19:07,452 update: 1370	fps: 482.271	
2026-08-11 19:19:07,453 Num updates: 1370	Num frames 219200
2026-08-11 19:19:07,453 Average window size: 50  distance_to_goal: 1.184  distance_to_goal_reward: -0.002  reward: 2.339  spl: 0.197  success: 0.315
2026-08-11 19:19:07,453 	Perf Stats: trainer.rollout_collect: 0.294 trainer.sample_action: 0.003 trainer.obs_insert: 0.000 trainer.step_env: 0.005 trainer.update_stats: 0.001 trainer.update_agent: 0.035
2026-08-11 19:19:10,576 update: 1380	fps: 482.475	
2026-08-11 19:19:10,577 Num updates: 1380	Num frames 220800
2026-08-11 19:19:10,577 Average window size: 50  distance_to_goal: 0.885  distance_to_goal_reward: -0.002  reward: 2.605  spl: 0.242  success: 0.362
2026-08-11 19:19:10,577 	Perf Stats: trainer.rollout_collect: 0.294 trainer.sample_action: 0.003 trainer.obs_insert: 0.000 trainer.step_env: 0.005 trainer.update_stats: 0.001 trainer.update_agent: 0.035
2026-08-11 19:19:13,719 update: 1390	fps: 482.657	
2026-08-11 19:19:13,719 Num updates: 1390	Num frames 222400
2026-08-11 19:19:13,719 Average window size: 50  distance_to_goal: 0.794  distance_to_goal_reward: -0.001  reward: 2.736  spl: 0.244  success: 0.370
2026-08-11 19:19:13,719 	Perf Stats: trainer.rollout_collect: 0.294 trainer.sample_action: 0.003 trainer.obs_insert: 0.000 trainer.step_env: 0.005 trainer.update_stats: 0.001 trainer.update_agent: 0.035
2026-08-11 19:19:16,942 update: 1400	fps: 482.753	
2026-08-11 19:19:16,942 Num updates: 1400	Num frames 224000
2026-08-11 19:19:16,942 Average window size: 50  distance_to_goal: 0.750  distance_to_goal_reward: -0.001  reward: 3.236  spl: 0.277  success: 0.415
2026-08-11 19:19:16,942 	Perf Stats: trainer.rollout_collect: 0.293 trainer.sample_action: 0.003 trainer.obs_insert: 0.000 trainer.step_env: 0.005 trainer.update_stats: 0.001 trainer.update_agent: 0.035
2026-08-11 19:19:20,064 update: 1410	fps: 482.951	
2026-08-11 19:19:20,072 Num updates: 1410	Num frames 225600
2026-08-11 19:19:20,072 Average window size: 50  distance_to_goal: 0.800  distance_to_goal_reward: 0.000  reward: 3.436  spl: 0.321  success: 0.469
2026-08-11 19:19:20,073 	Perf Stats: trainer.rollout_collect: 0.293 trainer.sample_action: 0.003 trainer.obs_insert: 0.000 trainer.step_env: 0.005 trainer.update_stats: 0.001 trainer.update_agent: 0.035
2026-08-11 19:19:23,217 update: 1420	fps: 483.115	
2026-08-11 19:19:23,217 Num updates: 1420	Num frames 227200
2026-08-11 19:19:23,218 Average window size: 50  distance_to_goal: 0.842  distance_to_goal_reward: 0.000  reward: 3.443  spl: 0.336  success: 0.506
2026-08-11 19:19:23,218 	Perf Stats: trainer.rollout_collect: 0.293 trainer.sample_action: 0.003 trainer.obs_insert: 0.000 trainer.step_env: 0.005 trainer.update_stats: 0.001 trainer.update_agent: 0.035
2026-08-11 19:19:26,336 update: 1430	fps: 483.313	
2026-08-11 19:19:26,336 Num updates: 1430	Num frames 228800
2026-08-11 19:19:26,336 Average window size: 50  distance_to_goal: 0.740  distance_to_goal_reward: 0.000  reward: 3.836  spl: 0.356  success: 0.557
2026-08-11 19:19:26,336 	Perf Stats: trainer.rollout_collect: 0.293 trainer.sample_action: 0.003 trainer.obs_insert: 0.000 trainer.step_env: 0.005 trainer.update_stats: 0.001 trainer.update_agent: 0.035
2026-08-11 19:19:29,462 update: 1440	fps: 483.500	
2026-08-11 19:19:29,462 Num updates: 1440	Num frames 230400
2026-08-11 19:19:29,462 Average window size: 50  distance_to_goal: 0.575  distance_to_goal_reward: 0.000  reward: 3.940  spl: 0.371  success: 0.600
2026-08-11 19:19:29,462 	Perf Stats: trainer.rollout_collect: 0.293 trainer.sample_action: 0.003 trainer.obs_insert: 0.000 trainer.step_env: 0.005 trainer.update_stats: 0.001 trainer.update_agent: 0.035
2026-08-11 19:19:32,598 update: 1450	fps: 483.673	
2026-08-11 19:19:32,599 Num updates: 1450	Num frames 232000
2026-08-11 19:19:32,599 Average window size: 50  distance_to_goal: 0.639  distance_to_goal_reward: 0.000  reward: 3.744  spl: 0.332  success: 0.538
2026-08-11 19:19:32,599 	Perf Stats: trainer.rollout_collect: 0.293 trainer.sample_action: 0.003 trainer.obs_insert: 0.000 trainer.step_env: 0.005 trainer.update_stats: 0.001 trainer.update_agent: 0.035
2026-08-11 19:19:35,757 update: 1460	fps: 483.824	
2026-08-11 19:19:35,757 Num updates: 1460	Num frames 233600
2026-08-11 19:19:35,757 Average window size: 50  distance_to_goal: 0.483  distance_to_goal_reward: 0.000  reward: 3.896  spl: 0.351  success: 0.586
2026-08-11 19:19:35,757 	Perf Stats: trainer.rollout_collect: 0.293 trainer.sample_action: 0.003 trainer.obs_insert: 0.000 trainer.step_env: 0.005 trainer.update_stats: 0.001 trainer.update_agent: 0.035
2026-08-11 19:19:38,890 update: 1470	fps: 483.996	
2026-08-11 19:19:38,891 Num updates: 1470	Num frames 235200
2026-08-11 19:19:38,891 Average window size: 50  distance_to_goal: 0.359  distance_to_goal_reward: 0.000  reward: 4.066  spl: 0.401  success: 0.647
2026-08-11 19:19:38,891 	Perf Stats: trainer.rollout_collect: 0.293 trainer.sample_action: 0.003 trainer.obs_insert: 0.000 trainer.step_env: 0.005 trainer.update_stats: 0.001 trainer.update_agent: 0.035
2026-08-11 19:19:42,020 update: 1480	fps: 484.171	
2026-08-11 19:19:42,020 Num updates: 1480	Num frames 236800
2026-08-11 19:19:42,020 Average window size: 50  distance_to_goal: 0.598  distance_to_goal_reward: 0.000  reward: 3.770  spl: 0.413  success: 0.633
2026-08-11 19:19:42,020 	Perf Stats: trainer.rollout_collect: 0.293 trainer.sample_action: 0.003 trainer.obs_insert: 0.000 trainer.step_env: 0.005 trainer.update_stats: 0.001 trainer.update_agent: 0.035
2026-08-11 19:19:45,148 update: 1490	fps: 484.344	
2026-08-11 19:19:45,149 Num updates: 1490	Num frames 238400
2026-08-11 19:19:45,149 Average window size: 50  distance_to_goal: 0.692  distance_to_goal_reward: 0.000  reward: 3.496  spl: 0.409  success: 0.614
2026-08-11 19:19:45,149 	Perf Stats: trainer.rollout_collect: 0.292 trainer.sample_action: 0.003 trainer.obs_insert: 0.000 trainer.step_env: 0.005 trainer.update_stats: 0.001 trainer.update_agent: 0.035
PluginManager::Manager: duplicate static plugin StbImageImporter, ignoring
PluginManager::Manager: duplicate static plugin GltfImporter, ignoring
PluginManager::Manager: duplicate static plugin BasisImporter, ignoring
PluginManager::Manager: duplicate static plugin AssimpImporter, ignoring
PluginManager::Manager: duplicate static plugin AnySceneImporter, ignoring
PluginManager::Manager: duplicate static plugin AnyImageImporter, ignoring
Renderer: NVIDIA GeForce RTX 4070/PCIe/SSE2 by NVIDIA Corporation
OpenGL version: 4.6.0 NVIDIA 580.173.02
Using optional features:
    GL_ARB_vertex_array_object
    GL_ARB_separate_shader_objects
    GL_ARB_robustness
    GL_ARB_texture_storage
    GL_ARB_texture_view
    GL_ARB_framebuffer_no_attachments
    GL_ARB_invalidate_subdata
    GL_ARB_texture_storage_multisample
    GL_ARB_multi_bind
    GL_ARB_direct_state_access
    GL_ARB_get_texture_sub_image
    GL_ARB_texture_filter_anisotropic
    GL_KHR_debug
    GL_KHR_parallel_shader_compile
    GL_NV_depth_buffer_float
Using driver workarounds:
    no-forward-compatible-core-context
    nv-egl-incorrect-gl11-function-pointers
    no-layout-qualifiers-on-old-glsl
    nv-zero-context-profile-mask
    nv-implementation-color-read-format-dsa-broken
    nv-cubemap-inconsistent-compressed-image-size
    nv-cubemap-broken-full-compressed-image-query
    nv-compressed-block-size-in-bits
[19:19:47:535943]:[Warning]:[Scene] SemanticScene.h(331)::checkFileExists : ::loadSemanticSceneDescriptor: File `data/scene_datasets/habitat-test-scenes/van-gogh-room.scn` does not exist.  Aborting load.
[19:19:47:535959]:[Warning]:[Scene] SemanticScene.cpp(123)::loadSemanticSceneDescriptor : SSD File Naming Issue! Neither SemanticAttributes-provided name : `data/scene_datasets/habitat-test-scenes/van-gogh-room.scn` nor constructed filename : `data/scene_datasets/habitat-test-scenes/info_semantic.json` exist on disk.
[19:19:47:535964]:[Error]:[Scene] SemanticScene.cpp(139)::loadSemanticSceneDescriptor : SSD Load Failure! File with SemanticAttributes-provided name `data/scene_datasets/habitat-test-scenes/van-gogh-room.scn` exists but failed to load.
[19:19:48:006490]:[Warning]:[Sim] Simulator.cpp(595)::instanceStageForSceneAttributes : The active scene does not contain semantic annotations : activeSemanticSceneID_ = 0
2026-08-11 19:19:48,858 update: 1500	fps: 483.947	
2026-08-11 19:19:48,858 Num updates: 1500	Num frames 240000
2026-08-11 19:19:48,858 Average window size: 50  distance_to_goal: 0.732  distance_to_goal_reward: 0.000  reward: 3.305  spl: 0.421  success: 0.654
2026-08-11 19:19:48,858 	Perf Stats: trainer.rollout_collect: 0.293 trainer.sample_action: 0.003 trainer.obs_insert: 0.000 trainer.step_env: 0.005 trainer.update_stats: 0.001 trainer.update_agent: 0.035
2026-08-11 19:19:51,929 update: 1510	fps: 484.175	
2026-08-11 19:19:51,929 Num updates: 1510	Num frames 241600
2026-08-11 19:19:51,929 Average window size: 50  distance_to_goal: 0.981  distance_to_goal_reward: 0.000  reward: 2.789  spl: 0.423  success: 0.624
2026-08-11 19:19:51,929 	Perf Stats: trainer.rollout_collect: 0.293 trainer.sample_action: 0.003 trainer.obs_insert: 0.000 trainer.step_env: 0.005 trainer.update_stats: 0.001 trainer.update_agent: 0.035
2026-08-11 19:19:55,000 update: 1520	fps: 484.401	
2026-08-11 19:19:55,000 Num updates: 1520	Num frames 243200
2026-08-11 19:19:55,000 Average window size: 50  distance_to_goal: 0.985  distance_to_goal_reward: 0.000  reward: 2.705  spl: 0.446  success: 0.644
2026-08-11 19:19:55,000 	Perf Stats: trainer.rollout_collect: 0.292 trainer.sample_action: 0.003 trainer.obs_insert: 0.000 trainer.step_env: 0.005 trainer.update_stats: 0.001 trainer.update_agent: 0.035
2026-08-11 19:19:58,043 update: 1530	fps: 484.650	
2026-08-11 19:19:58,043 Num updates: 1530	Num frames 244800
2026-08-11 19:19:58,043 Average window size: 50  distance_to_goal: 0.750  distance_to_goal_reward: 0.000  reward: 3.053  spl: 0.495  success: 0.714
2026-08-11 19:19:58,043 	Perf Stats: trainer.rollout_collect: 0.292 trainer.sample_action: 0.003 trainer.obs_insert: 0.000 trainer.step_env: 0.005 trainer.update_stats: 0.001 trainer.update_agent: 0.035
2026-08-11 19:20:01,115 update: 1540	fps: 484.868	
2026-08-11 19:20:01,116 Num updates: 1540	Num frames 246400
2026-08-11 19:20:01,116 Average window size: 50  distance_to_goal: 0.612  distance_to_goal_reward: 0.000  reward: 3.096  spl: 0.478  success: 0.693
2026-08-11 19:20:01,116 	Perf Stats: trainer.rollout_collect: 0.292 trainer.sample_action: 0.003 trainer.obs_insert: 0.000 trainer.step_env: 0.005 trainer.update_stats: 0.001 trainer.update_agent: 0.035
2026-08-11 19:20:04,177 update: 1550	fps: 485.094	
2026-08-11 19:20:04,178 Num updates: 1550	Num frames 248000
2026-08-11 19:20:04,178 Average window size: 50  distance_to_goal: 0.527  distance_to_goal_reward: 0.000  reward: 3.439  spl: 0.518  success: 0.748
2026-08-11 19:20:04,178 	Perf Stats: trainer.rollout_collect: 0.292 trainer.sample_action: 0.003 trainer.obs_insert: 0.000 trainer.step_env: 0.005 trainer.update_stats: 0.001 trainer.update_agent: 0.035
2026-08-11 19:20:07,234 update: 1560	fps: 485.322	
2026-08-11 19:20:07,234 Num updates: 1560	Num frames 249600
2026-08-11 19:20:07,234 Average window size: 50  distance_to_goal: 0.322  distance_to_goal_reward: 0.000  reward: 3.792  spl: 0.555  success: 0.813
2026-08-11 19:20:07,234 	Perf Stats: trainer.rollout_collect: 0.292 trainer.sample_action: 0.003 trainer.obs_insert: 0.000 trainer.step_env: 0.005 trainer.update_stats: 0.001 trainer.update_agent: 0.035
2026-08-11 19:20:10,309 update: 1570	fps: 485.530	
2026-08-11 19:20:10,309 Num updates: 1570	Num frames 251200
2026-08-11 19:20:10,309 Average window size: 50  distance_to_goal: 0.300  distance_to_goal_reward: 0.000  reward: 3.770  spl: 0.564  success: 0.823
2026-08-11 19:20:10,309 	Perf Stats: trainer.rollout_collect: 0.292 trainer.sample_action: 0.003 trainer.obs_insert: 0.000 trainer.step_env: 0.005 trainer.update_stats: 0.001 trainer.update_agent: 0.035
2026-08-11 19:20:13,357 update: 1580	fps: 485.761	
2026-08-11 19:20:13,357 Num updates: 1580	Num frames 252800
2026-08-11 19:20:13,357 Average window size: 50  distance_to_goal: 0.284  distance_to_goal_reward: 0.000  reward: 3.825  spl: 0.553  success: 0.798
2026-08-11 19:20:13,357 	Perf Stats: trainer.rollout_collect: 0.291 trainer.sample_action: 0.003 trainer.obs_insert: 0.000 trainer.step_env: 0.005 trainer.update_stats: 0.001 trainer.update_agent: 0.035
2026-08-11 19:20:16,413 update: 1590	fps: 485.981	
2026-08-11 19:20:16,422 Num updates: 1590	Num frames 254400
2026-08-11 19:20:16,422 Average window size: 50  distance_to_goal: 0.268  distance_to_goal_reward: 0.000  reward: 4.082  spl: 0.599  success: 0.861
2026-08-11 19:20:16,422 	Perf Stats: trainer.rollout_collect: 0.291 trainer.sample_action: 0.003 trainer.obs_insert: 0.000 trainer.step_env: 0.005 trainer.update_stats: 0.001 trainer.update_agent: 0.035
2026-08-11 19:20:19,578 update: 1600	fps: 486.099	
2026-08-11 19:20:19,578 Num updates: 1600	Num frames 256000
2026-08-11 19:20:19,578 Average window size: 50  distance_to_goal: 0.262  distance_to_goal_reward: 0.000  reward: 4.177  spl: 0.606  success: 0.845
2026-08-11 19:20:19,578 	Perf Stats: trainer.rollout_collect: 0.291 trainer.sample_action: 0.003 trainer.obs_insert: 0.000 trainer.step_env: 0.005 trainer.update_stats: 0.001 trainer.update_agent: 0.035
2026-08-11 19:20:22,650 update: 1610	fps: 486.300	
2026-08-11 19:20:22,650 Num updates: 1610	Num frames 257600
2026-08-11 19:20:22,650 Average window size: 50  distance_to_goal: 0.231  distance_to_goal_reward: 0.000  reward: 4.213  spl: 0.596  success: 0.823
2026-08-11 19:20:22,650 	Perf Stats: trainer.rollout_collect: 0.291 trainer.sample_action: 0.003 trainer.obs_insert: 0.000 trainer.step_env: 0.005 trainer.update_stats: 0.001 trainer.update_agent: 0.035
2026-08-11 19:20:25,726 update: 1620	fps: 486.495	
2026-08-11 19:20:25,726 Num updates: 1620	Num frames 259200
2026-08-11 19:20:25,726 Average window size: 50  distance_to_goal: 0.272  distance_to_goal_reward: 0.000  reward: 4.232  spl: 0.560  success: 0.777
2026-08-11 19:20:25,726 	Perf Stats: trainer.rollout_collect: 0.291 trainer.sample_action: 0.003 trainer.obs_insert: 0.000 trainer.step_env: 0.005 trainer.update_stats: 0.001 trainer.update_agent: 0.035
PluginManager::Manager: duplicate static plugin StbImageImporter, ignoring
PluginManager::Manager: duplicate static plugin GltfImporter, ignoring
PluginManager::Manager: duplicate static plugin BasisImporter, ignoring
PluginManager::Manager: duplicate static plugin AssimpImporter, ignoring
PluginManager::Manager: duplicate static plugin AnySceneImporter, ignoring
PluginManager::Manager: duplicate static plugin AnyImageImporter, ignoring
Renderer: NVIDIA GeForce RTX 4070/PCIe/SSE2 by NVIDIA Corporation
OpenGL version: 4.6.0 NVIDIA 580.173.02
Using optional features:
    GL_ARB_vertex_array_object
    GL_ARB_separate_shader_objects
    GL_ARB_robustness
    GL_ARB_texture_storage
    GL_ARB_texture_view
    GL_ARB_framebuffer_no_attachments
    GL_ARB_invalidate_subdata
    GL_ARB_texture_storage_multisample
    GL_ARB_multi_bind
    GL_ARB_direct_state_access
    GL_ARB_get_texture_sub_image
    GL_ARB_texture_filter_anisotropic
    GL_KHR_debug
    GL_KHR_parallel_shader_compile
    GL_NV_depth_buffer_float
Using driver workarounds:
    no-forward-compatible-core-context
    nv-egl-incorrect-gl11-function-pointers
    no-layout-qualifiers-on-old-glsl
    nv-zero-context-profile-mask
    nv-implementation-color-read-format-dsa-broken
    nv-cubemap-inconsistent-compressed-image-size
    nv-cubemap-broken-full-compressed-image-query
    nv-compressed-block-size-in-bits
[19:20:27:302887]:[Warning]:[Scene] SemanticScene.h(331)::checkFileExists : ::loadSemanticSceneDescriptor: File `data/scene_datasets/habitat-test-scenes/skokloster-castle.scn` does not exist.  Aborting load.
[19:20:27:302904]:[Warning]:[Scene] SemanticScene.cpp(123)::loadSemanticSceneDescriptor : SSD File Naming Issue! Neither SemanticAttributes-provided name : `data/scene_datasets/habitat-test-scenes/skokloster-castle.scn` nor constructed filename : `data/scene_datasets/habitat-test-scenes/info_semantic.json` exist on disk.
[19:20:27:302909]:[Error]:[Scene] SemanticScene.cpp(139)::loadSemanticSceneDescriptor : SSD Load Failure! File with SemanticAttributes-provided name `data/scene_datasets/habitat-test-scenes/skokloster-castle.scn` exists but failed to load.
[19:20:27:911474]:[Warning]:[Sim] Simulator.cpp(595)::instanceStageForSceneAttributes : The active scene does not contain semantic annotations : activeSemanticSceneID_ = 0
2026-08-11 19:20:29,473 update: 1630	fps: 486.080	
2026-08-11 19:20:29,473 Num updates: 1630	Num frames 260800
2026-08-11 19:20:29,473 Average window size: 50  distance_to_goal: 0.240  distance_to_goal_reward: 0.000  reward: 4.277  spl: 0.578  success: 0.788
2026-08-11 19:20:29,473 	Perf Stats: trainer.rollout_collect: 0.291 trainer.sample_action: 0.003 trainer.obs_insert: 0.000 trainer.step_env: 0.005 trainer.update_stats: 0.001 trainer.update_agent: 0.035
2026-08-11 19:20:32,610 update: 1640	fps: 486.219	
2026-08-11 19:20:32,610 Num updates: 1640	Num frames 262400
2026-08-11 19:20:32,610 Average window size: 50  distance_to_goal: 0.275  distance_to_goal_reward: 0.000  reward: 4.163  spl: 0.566  success: 0.762
2026-08-11 19:20:32,610 	Perf Stats: trainer.rollout_collect: 0.291 trainer.sample_action: 0.003 trainer.obs_insert: 0.000 trainer.step_env: 0.005 trainer.update_stats: 0.001 trainer.update_agent: 0.035
2026-08-11 19:20:35,736 update: 1650	fps: 486.367	
2026-08-11 19:20:35,737 Num updates: 1650	Num frames 264000
2026-08-11 19:20:35,737 Average window size: 50  distance_to_goal: 0.396  distance_to_goal_reward: 0.000  reward: 4.164  spl: 0.562  success: 0.752
2026-08-11 19:20:35,737 	Perf Stats: trainer.rollout_collect: 0.291 trainer.sample_action: 0.003 trainer.obs_insert: 0.000 trainer.step_env: 0.005 trainer.update_stats: 0.001 trainer.update_agent: 0.035
PluginManager::Manager: duplicate static plugin StbImageImporter, ignoring
PluginManager::Manager: duplicate static plugin GltfImporter, ignoring
PluginManager::Manager: duplicate static plugin BasisImporter, ignoring
PluginManager::Manager: duplicate static plugin AssimpImporter, ignoring
PluginManager::Manager: duplicate static plugin AnySceneImporter, ignoring
PluginManager::Manager: duplicate static plugin AnyImageImporter, ignoring
Renderer: NVIDIA GeForce RTX 4070/PCIe/SSE2 by NVIDIA Corporation
OpenGL version: 4.6.0 NVIDIA 580.173.02
Using optional features:
    GL_ARB_vertex_array_object
    GL_ARB_separate_shader_objects
    GL_ARB_robustness
    GL_ARB_texture_storage
    GL_ARB_texture_view
    GL_ARB_framebuffer_no_attachments
    GL_ARB_invalidate_subdata
    GL_ARB_texture_storage_multisample
    GL_ARB_multi_bind
    GL_ARB_direct_state_access
    GL_ARB_get_texture_sub_image
    GL_ARB_texture_filter_anisotropic
    GL_KHR_debug
    GL_KHR_parallel_shader_compile
    GL_NV_depth_buffer_float
Using driver workarounds:
    no-forward-compatible-core-context
    nv-egl-incorrect-gl11-function-pointers
    no-layout-qualifiers-on-old-glsl
    nv-zero-context-profile-mask
    nv-implementation-color-read-format-dsa-broken
    nv-cubemap-inconsistent-compressed-image-size
    nv-cubemap-broken-full-compressed-image-query
    nv-compressed-block-size-in-bits
[19:20:37:275393]:[Warning]:[Scene] SemanticScene.h(331)::checkFileExists : ::loadSemanticSceneDescriptor: File `data/scene_datasets/habitat-test-scenes/skokloster-castle.scn` does not exist.  Aborting load.
[19:20:37:275409]:[Warning]:[Scene] SemanticScene.cpp(123)::loadSemanticSceneDescriptor : SSD File Naming Issue! Neither SemanticAttributes-provided name : `data/scene_datasets/habitat-test-scenes/skokloster-castle.scn` nor constructed filename : `data/scene_datasets/habitat-test-scenes/info_semantic.json` exist on disk.
[19:20:37:275414]:[Error]:[Scene] SemanticScene.cpp(139)::loadSemanticSceneDescriptor : SSD Load Failure! File with SemanticAttributes-provided name `data/scene_datasets/habitat-test-scenes/skokloster-castle.scn` exists but failed to load.
[19:20:37:904363]:[Warning]:[Sim] Simulator.cpp(595)::instanceStageForSceneAttributes : The active scene does not contain semantic annotations : activeSemanticSceneID_ = 0
2026-08-11 19:20:39,539 update: 1660	fps: 485.910	
2026-08-11 19:20:39,539 Num updates: 1660	Num frames 265600
2026-08-11 19:20:39,539 Average window size: 50  distance_to_goal: 0.439  distance_to_goal_reward: 0.000  reward: 4.020  spl: 0.552  success: 0.745
2026-08-11 19:20:39,539 	Perf Stats: trainer.rollout_collect: 0.291 trainer.sample_action: 0.003 trainer.obs_insert: 0.000 trainer.step_env: 0.005 trainer.update_stats: 0.001 trainer.update_agent: 0.035
PluginManager::Manager: duplicate static plugin StbImageImporter, ignoring
PluginManager::Manager: duplicate static plugin GltfImporter, ignoring
PluginManager::Manager: duplicate static plugin BasisImporter, ignoring
PluginManager::Manager: duplicate static plugin AssimpImporter, ignoring
PluginManager::Manager: duplicate static plugin AnySceneImporter, ignoring
PluginManager::Manager: duplicate static plugin AnyImageImporter, ignoring
Renderer: NVIDIA GeForce RTX 4070/PCIe/SSE2 by NVIDIA Corporation
OpenGL version: 4.6.0 NVIDIA 580.173.02
Using optional features:
    GL_ARB_vertex_array_object
    GL_ARB_separate_shader_objects
    GL_ARB_robustness
    GL_ARB_texture_storage
    GL_ARB_texture_view
    GL_ARB_framebuffer_no_attachments
    GL_ARB_invalidate_subdata
    GL_ARB_texture_storage_multisample
    GL_ARB_multi_bind
    GL_ARB_direct_state_access
    GL_ARB_get_texture_sub_image
    GL_ARB_texture_filter_anisotropic
    GL_KHR_debug
    GL_KHR_parallel_shader_compile
    GL_NV_depth_buffer_float
Using driver workarounds:
    no-forward-compatible-core-context
    nv-egl-incorrect-gl11-function-pointers
    no-layout-qualifiers-on-old-glsl
    nv-zero-context-profile-mask
    nv-implementation-color-read-format-dsa-broken
    nv-cubemap-inconsistent-compressed-image-size
    nv-cubemap-broken-full-compressed-image-query
    nv-compressed-block-size-in-bits
[19:20:41:904678]:[Warning]:[Scene] SemanticScene.h(331)::checkFileExists : ::loadSemanticSceneDescriptor: File `data/scene_datasets/habitat-test-scenes/van-gogh-room.scn` does not exist.  Aborting load.
[19:20:41:904693]:[Warning]:[Scene] SemanticScene.cpp(123)::loadSemanticSceneDescriptor : SSD File Naming Issue! Neither SemanticAttributes-provided name : `data/scene_datasets/habitat-test-scenes/van-gogh-room.scn` nor constructed filename : `data/scene_datasets/habitat-test-scenes/info_semantic.json` exist on disk.
[19:20:41:904698]:[Error]:[Scene] SemanticScene.cpp(139)::loadSemanticSceneDescriptor : SSD Load Failure! File with SemanticAttributes-provided name `data/scene_datasets/habitat-test-scenes/van-gogh-room.scn` exists but failed to load.
[19:20:42:336262]:[Warning]:[Sim] Simulator.cpp(595)::instanceStageForSceneAttributes : The active scene does not contain semantic annotations : activeSemanticSceneID_ = 0
2026-08-11 19:20:43,151 update: 1670	fps: 485.628	
2026-08-11 19:20:43,151 Num updates: 1670	Num frames 267200
2026-08-11 19:20:43,151 Average window size: 50  distance_to_goal: 0.437  distance_to_goal_reward: 0.000  reward: 4.492  spl: 0.573  success: 0.789
2026-08-11 19:20:43,151 	Perf Stats: trainer.rollout_collect: 0.292 trainer.sample_action: 0.003 trainer.obs_insert: 0.000 trainer.step_env: 0.005 trainer.update_stats: 0.001 trainer.update_agent: 0.035
PluginManager::Manager: duplicate static plugin StbImageImporter, ignoring
PluginManager::Manager: duplicate static plugin GltfImporter, ignoring
PluginManager::Manager: duplicate static plugin BasisImporter, ignoring
PluginManager::Manager: duplicate static plugin AssimpImporter, ignoring
PluginManager::Manager: duplicate static plugin AnySceneImporter, ignoring
PluginManager::Manager: duplicate static plugin AnyImageImporter, ignoring
Renderer: NVIDIA GeForce RTX 4070/PCIe/SSE2 by NVIDIA Corporation
OpenGL version: 4.6.0 NVIDIA 580.173.02
Using optional features:
    GL_ARB_vertex_array_object
    GL_ARB_separate_shader_objects
    GL_ARB_robustness
    GL_ARB_texture_storage
    GL_ARB_texture_view
    GL_ARB_framebuffer_no_attachments
    GL_ARB_invalidate_subdata
    GL_ARB_texture_storage_multisample
    GL_ARB_multi_bind
    GL_ARB_direct_state_access
    GL_ARB_get_texture_sub_image
    GL_ARB_texture_filter_anisotropic
    GL_KHR_debug
    GL_KHR_parallel_shader_compile
    GL_NV_depth_buffer_float
Using driver workarounds:
    no-forward-compatible-core-context
    nv-egl-incorrect-gl11-function-pointers
    no-layout-qualifiers-on-old-glsl
    nv-zero-context-profile-mask
    nv-implementation-color-read-format-dsa-broken
    nv-cubemap-inconsistent-compressed-image-size
    nv-cubemap-broken-full-compressed-image-query
    nv-compressed-block-size-in-bits
[19:20:46:218934]:[Warning]:[Scene] SemanticScene.h(331)::checkFileExists : ::loadSemanticSceneDescriptor: File `data/scene_datasets/habitat-test-scenes/van-gogh-room.scn` does not exist.  Aborting load.
[19:20:46:218950]:[Warning]:[Scene] SemanticScene.cpp(123)::loadSemanticSceneDescriptor : SSD File Naming Issue! Neither SemanticAttributes-provided name : `data/scene_datasets/habitat-test-scenes/van-gogh-room.scn` nor constructed filename : `data/scene_datasets/habitat-test-scenes/info_semantic.json` exist on disk.
[19:20:46:218955]:[Error]:[Scene] SemanticScene.cpp(139)::loadSemanticSceneDescriptor : SSD Load Failure! File with SemanticAttributes-provided name `data/scene_datasets/habitat-test-scenes/van-gogh-room.scn` exists but failed to load.
[19:20:46:649784]:[Warning]:[Sim] Simulator.cpp(595)::instanceStageForSceneAttributes : The active scene does not contain semantic annotations : activeSemanticSceneID_ = 0
2026-08-11 19:20:46,742 update: 1680	fps: 485.368	
2026-08-11 19:20:46,743 Num updates: 1680	Num frames 268800
2026-08-11 19:20:46,743 Average window size: 50  distance_to_goal: 0.504  distance_to_goal_reward: -0.001  reward: 4.680  spl: 0.574  success: 0.804
2026-08-11 19:20:46,743 	Perf Stats: trainer.rollout_collect: 0.292 trainer.sample_action: 0.003 trainer.obs_insert: 0.000 trainer.step_env: 0.005 trainer.update_stats: 0.001 trainer.update_agent: 0.035
2026-08-11 19:20:49,816 update: 1690	fps: 485.562	
2026-08-11 19:20:49,816 Num updates: 1690	Num frames 270400
2026-08-11 19:20:49,816 Average window size: 50  distance_to_goal: 0.493  distance_to_goal_reward: -0.001  reward: 4.388  spl: 0.552  success: 0.775
2026-08-11 19:20:49,816 	Perf Stats: trainer.rollout_collect: 0.292 trainer.sample_action: 0.003 trainer.obs_insert: 0.000 trainer.step_env: 0.005 trainer.update_stats: 0.001 trainer.update_agent: 0.035
2026-08-11 19:20:52,993 update: 1700	fps: 485.665	
2026-08-11 19:20:52,993 Num updates: 1700	Num frames 272000
2026-08-11 19:20:52,993 Average window size: 50  distance_to_goal: 0.396  distance_to_goal_reward: -0.001  reward: 4.123  spl: 0.562  success: 0.767
2026-08-11 19:20:52,994 	Perf Stats: trainer.rollout_collect: 0.292 trainer.sample_action: 0.003 trainer.obs_insert: 0.000 trainer.step_env: 0.005 trainer.update_stats: 0.001 trainer.update_agent: 0.035
2026-08-11 19:20:56,090 update: 1710	fps: 485.835	
2026-08-11 19:20:56,091 Num updates: 1710	Num frames 273600
2026-08-11 19:20:56,091 Average window size: 50  distance_to_goal: 0.492  distance_to_goal_reward: -0.001  reward: 3.994  spl: 0.558  success: 0.760
2026-08-11 19:20:56,091 	Perf Stats: trainer.rollout_collect: 0.291 trainer.sample_action: 0.003 trainer.obs_insert: 0.000 trainer.step_env: 0.005 trainer.update_stats: 0.001 trainer.update_agent: 0.035
2026-08-11 19:20:59,168 update: 1720	fps: 486.020	
2026-08-11 19:20:59,168 Num updates: 1720	Num frames 275200
2026-08-11 19:20:59,168 Average window size: 50  distance_to_goal: 0.402  distance_to_goal_reward: -0.001  reward: 3.888  spl: 0.549  success: 0.743
2026-08-11 19:20:59,168 	Perf Stats: trainer.rollout_collect: 0.291 trainer.sample_action: 0.003 trainer.obs_insert: 0.000 trainer.step_env: 0.005 trainer.update_stats: 0.001 trainer.update_agent: 0.035
2026-08-11 19:21:02,241 update: 1730	fps: 486.207	
2026-08-11 19:21:02,241 Num updates: 1730	Num frames 276800
2026-08-11 19:21:02,241 Average window size: 50  distance_to_goal: 0.396  distance_to_goal_reward: 0.000  reward: 3.513  spl: 0.575  success: 0.760
2026-08-11 19:21:02,241 	Perf Stats: trainer.rollout_collect: 0.291 trainer.sample_action: 0.003 trainer.obs_insert: 0.000 trainer.step_env: 0.005 trainer.update_stats: 0.001 trainer.update_agent: 0.035
2026-08-11 19:21:05,307 update: 1740	fps: 486.398	
2026-08-11 19:21:05,307 Num updates: 1740	Num frames 278400
2026-08-11 19:21:05,307 Average window size: 50  distance_to_goal: 0.473  distance_to_goal_reward: 0.000  reward: 3.480  spl: 0.600  success: 0.775
2026-08-11 19:21:05,307 	Perf Stats: trainer.rollout_collect: 0.291 trainer.sample_action: 0.003 trainer.obs_insert: 0.000 trainer.step_env: 0.005 trainer.update_stats: 0.001 trainer.update_agent: 0.035
2026-08-11 19:21:08,424 update: 1750	fps: 486.543	
2026-08-11 19:21:08,425 Num updates: 1750	Num frames 280000
2026-08-11 19:21:08,425 Average window size: 50  distance_to_goal: 0.292  distance_to_goal_reward: 0.000  reward: 3.600  spl: 0.615  success: 0.780
2026-08-11 19:21:08,425 	Perf Stats: trainer.rollout_collect: 0.291 trainer.sample_action: 0.003 trainer.obs_insert: 0.000 trainer.step_env: 0.005 trainer.update_stats: 0.001 trainer.update_agent: 0.035
2026-08-11 19:21:11,508 update: 1760	fps: 486.716	
2026-08-11 19:21:11,508 Num updates: 1760	Num frames 281600
2026-08-11 19:21:11,508 Average window size: 50  distance_to_goal: 0.403  distance_to_goal_reward: 0.000  reward: 3.299  spl: 0.641  success: 0.813
2026-08-11 19:21:11,508 	Perf Stats: trainer.rollout_collect: 0.291 trainer.sample_action: 0.003 trainer.obs_insert: 0.000 trainer.step_env: 0.005 trainer.update_stats: 0.001 trainer.update_agent: 0.035
2026-08-11 19:21:14,565 update: 1770	fps: 486.909	
2026-08-11 19:21:14,565 Num updates: 1770	Num frames 283200
2026-08-11 19:21:14,565 Average window size: 50  distance_to_goal: 0.465  distance_to_goal_reward: 0.000  reward: 3.088  spl: 0.640  success: 0.804
2026-08-11 19:21:14,565 	Perf Stats: trainer.rollout_collect: 0.291 trainer.sample_action: 0.003 trainer.obs_insert: 0.000 trainer.step_env: 0.005 trainer.update_stats: 0.001 trainer.update_agent: 0.035
2026-08-11 19:21:17,629 update: 1780	fps: 487.093	
2026-08-11 19:21:17,630 Num updates: 1780	Num frames 284800
2026-08-11 19:21:17,630 Average window size: 50  distance_to_goal: 0.406  distance_to_goal_reward: 0.000  reward: 3.281  spl: 0.596  success: 0.773
2026-08-11 19:21:17,630 	Perf Stats: trainer.rollout_collect: 0.291 trainer.sample_action: 0.003 trainer.obs_insert: 0.000 trainer.step_env: 0.005 trainer.update_stats: 0.001 trainer.update_agent: 0.035
2026-08-11 19:21:20,715 update: 1790	fps: 487.258	
2026-08-11 19:21:20,715 Num updates: 1790	Num frames 286400
2026-08-11 19:21:20,715 Average window size: 50  distance_to_goal: 0.450  distance_to_goal_reward: 0.000  reward: 3.108  spl: 0.518  success: 0.709
2026-08-11 19:21:20,715 	Perf Stats: trainer.rollout_collect: 0.290 trainer.sample_action: 0.003 trainer.obs_insert: 0.000 trainer.step_env: 0.005 trainer.update_stats: 0.001 trainer.update_agent: 0.035
2026-08-11 19:21:23,872 update: 1800	fps: 487.363	
2026-08-11 19:21:23,880 Num updates: 1800	Num frames 288000
2026-08-11 19:21:23,880 Average window size: 50  distance_to_goal: 0.472  distance_to_goal_reward: 0.000  reward: 3.270  spl: 0.468  success: 0.704
2026-08-11 19:21:23,880 	Perf Stats: trainer.rollout_collect: 0.290 trainer.sample_action: 0.003 trainer.obs_insert: 0.000 trainer.step_env: 0.005 trainer.update_stats: 0.001 trainer.update_agent: 0.035
2026-08-11 19:21:26,987 update: 1810	fps: 487.500	
2026-08-11 19:21:26,987 Num updates: 1810	Num frames 289600
2026-08-11 19:21:26,987 Average window size: 50  distance_to_goal: 0.331  distance_to_goal_reward: 0.000  reward: 3.834  spl: 0.485  success: 0.732
2026-08-11 19:21:26,987 	Perf Stats: trainer.rollout_collect: 0.290 trainer.sample_action: 0.003 trainer.obs_insert: 0.000 trainer.step_env: 0.005 trainer.update_stats: 0.001 trainer.update_agent: 0.035
2026-08-11 19:21:30,046 update: 1820	fps: 487.682	
2026-08-11 19:21:30,046 Num updates: 1820	Num frames 291200
2026-08-11 19:21:30,046 Average window size: 50  distance_to_goal: 0.235  distance_to_goal_reward: 0.000  reward: 3.961  spl: 0.504  success: 0.748
2026-08-11 19:21:30,046 	Perf Stats: trainer.rollout_collect: 0.290 trainer.sample_action: 0.003 trainer.obs_insert: 0.000 trainer.step_env: 0.005 trainer.update_stats: 0.001 trainer.update_agent: 0.035
2026-08-11 19:21:33,126 update: 1830	fps: 487.845	
2026-08-11 19:21:33,126 Num updates: 1830	Num frames 292800
2026-08-11 19:21:33,127 Average window size: 50  distance_to_goal: 0.518  distance_to_goal_reward: 0.000  reward: 3.806  spl: 0.533  success: 0.763
2026-08-11 19:21:33,127 	Perf Stats: trainer.rollout_collect: 0.290 trainer.sample_action: 0.003 trainer.obs_insert: 0.000 trainer.step_env: 0.005 trainer.update_stats: 0.001 trainer.update_agent: 0.035
2026-08-11 19:21:36,219 update: 1840	fps: 487.996	
2026-08-11 19:21:36,219 Num updates: 1840	Num frames 294400
2026-08-11 19:21:36,219 Average window size: 50  distance_to_goal: 0.500  distance_to_goal_reward: 0.000  reward: 3.964  spl: 0.624  success: 0.852
2026-08-11 19:21:36,219 	Perf Stats: trainer.rollout_collect: 0.290 trainer.sample_action: 0.003 trainer.obs_insert: 0.000 trainer.step_env: 0.005 trainer.update_stats: 0.001 trainer.update_agent: 0.035
2026-08-11 19:21:39,313 update: 1850	fps: 488.145	
2026-08-11 19:21:39,313 Num updates: 1850	Num frames 296000
2026-08-11 19:21:39,313 Average window size: 50  distance_to_goal: 0.530  distance_to_goal_reward: 0.000  reward: 3.866  spl: 0.639  success: 0.865
2026-08-11 19:21:39,313 	Perf Stats: trainer.rollout_collect: 0.290 trainer.sample_action: 0.003 trainer.obs_insert: 0.000 trainer.step_env: 0.005 trainer.update_stats: 0.001 trainer.update_agent: 0.035
PluginManager::Manager: duplicate static plugin StbImageImporter, ignoring
PluginManager::Manager: duplicate static plugin GltfImporter, ignoring
PluginManager::Manager: duplicate static plugin BasisImporter, ignoring
PluginManager::Manager: duplicate static plugin AssimpImporter, ignoring
PluginManager::Manager: duplicate static plugin AnySceneImporter, ignoring
PluginManager::Manager: duplicate static plugin AnyImageImporter, ignoring
Renderer: NVIDIA GeForce RTX 4070/PCIe/SSE2 by NVIDIA Corporation
OpenGL version: 4.6.0 NVIDIA 580.173.02
Using optional features:
    GL_ARB_vertex_array_object
    GL_ARB_separate_shader_objects
    GL_ARB_robustness
    GL_ARB_texture_storage
    GL_ARB_texture_view
    GL_ARB_framebuffer_no_attachments
    GL_ARB_invalidate_subdata
    GL_ARB_texture_storage_multisample
    GL_ARB_multi_bind
    GL_ARB_direct_state_access
    GL_ARB_get_texture_sub_image
    GL_ARB_texture_filter_anisotropic
    GL_KHR_debug
    GL_KHR_parallel_shader_compile
    GL_NV_depth_buffer_float
Using driver workarounds:
    no-forward-compatible-core-context
    nv-egl-incorrect-gl11-function-pointers
    no-layout-qualifiers-on-old-glsl
    nv-zero-context-profile-mask
    nv-implementation-color-read-format-dsa-broken
    nv-cubemap-inconsistent-compressed-image-size
    nv-cubemap-broken-full-compressed-image-query
    nv-compressed-block-size-in-bits
[19:21:41:681381]:[Warning]:[Scene] SemanticScene.h(331)::checkFileExists : ::loadSemanticSceneDescriptor: File `data/scene_datasets/habitat-test-scenes/skokloster-castle.scn` does not exist.  Aborting load.
[19:21:41:681397]:[Warning]:[Scene] SemanticScene.cpp(123)::loadSemanticSceneDescriptor : SSD File Naming Issue! Neither SemanticAttributes-provided name : `data/scene_datasets/habitat-test-scenes/skokloster-castle.scn` nor constructed filename : `data/scene_datasets/habitat-test-scenes/info_semantic.json` exist on disk.
[19:21:41:681402]:[Error]:[Scene] SemanticScene.cpp(139)::loadSemanticSceneDescriptor : SSD Load Failure! File with SemanticAttributes-provided name `data/scene_datasets/habitat-test-scenes/skokloster-castle.scn` exists but failed to load.
[19:21:42:285525]:[Warning]:[Sim] Simulator.cpp(595)::instanceStageForSceneAttributes : The active scene does not contain semantic annotations : activeSemanticSceneID_ = 0
2026-08-11 19:21:43,035 update: 1860	fps: 487.789	
2026-08-11 19:21:43,035 Num updates: 1860	Num frames 297600
2026-08-11 19:21:43,036 Average window size: 50  distance_to_goal: 0.543  distance_to_goal_reward: 0.000  reward: 3.838  spl: 0.627  success: 0.852
2026-08-11 19:21:43,036 	Perf Stats: trainer.rollout_collect: 0.290 trainer.sample_action: 0.003 trainer.obs_insert: 0.000 trainer.step_env: 0.005 trainer.update_stats: 0.001 trainer.update_agent: 0.035
2026-08-11 19:21:46,167 update: 1870	fps: 487.907	
2026-08-11 19:21:46,168 Num updates: 1870	Num frames 299200
2026-08-11 19:21:46,168 Average window size: 50  distance_to_goal: 0.597  distance_to_goal_reward: 0.000  reward: 4.224  spl: 0.634  success: 0.849
2026-08-11 19:21:46,168 	Perf Stats: trainer.rollout_collect: 0.290 trainer.sample_action: 0.003 trainer.obs_insert: 0.000 trainer.step_env: 0.005 trainer.update_stats: 0.001 trainer.update_agent: 0.035
2026-08-11 19:21:49,361 update: 1880	fps: 487.975	
2026-08-11 19:21:49,361 Num updates: 1880	Num frames 300800
2026-08-11 19:21:49,361 Average window size: 50  distance_to_goal: 0.314  distance_to_goal_reward: 0.000  reward: 4.625  spl: 0.643  success: 0.874
2026-08-11 19:21:49,361 	Perf Stats: trainer.rollout_collect: 0.290 trainer.sample_action: 0.003 trainer.obs_insert: 0.000 trainer.step_env: 0.005 trainer.update_stats: 0.001 trainer.update_agent: 0.035
2026-08-11 19:21:52,539 update: 1890	fps: 488.054	
2026-08-11 19:21:52,539 Num updates: 1890	Num frames 302400
2026-08-11 19:21:52,539 Average window size: 50  distance_to_goal: 0.326  distance_to_goal_reward: 0.000  reward: 4.881  spl: 0.634  success: 0.854
2026-08-11 19:21:52,539 	Perf Stats: trainer.rollout_collect: 0.290 trainer.sample_action: 0.003 trainer.obs_insert: 0.000 trainer.step_env: 0.005 trainer.update_stats: 0.001 trainer.update_agent: 0.035
2026-08-11 19:21:55,795 update: 1900	fps: 488.072	
2026-08-11 19:21:55,795 Num updates: 1900	Num frames 304000
2026-08-11 19:21:55,795 Average window size: 50  distance_to_goal: 0.344  distance_to_goal_reward: 0.000  reward: 4.932  spl: 0.649  success: 0.835
2026-08-11 19:21:55,795 	Perf Stats: trainer.rollout_collect: 0.290 trainer.sample_action: 0.003 trainer.obs_insert: 0.000 trainer.step_env: 0.005 trainer.update_stats: 0.001 trainer.update_agent: 0.035
PluginManager::Manager: duplicate static plugin StbImageImporter, ignoring
PluginManager::Manager: duplicate static plugin GltfImporter, ignoring
PluginManager::Manager: duplicate static plugin BasisImporter, ignoring
PluginManager::Manager: duplicate static plugin AssimpImporter, ignoring
PluginManager::Manager: duplicate static plugin AnySceneImporter, ignoring
PluginManager::Manager: duplicate static plugin AnyImageImporter, ignoring
Renderer: NVIDIA GeForce RTX 4070/PCIe/SSE2 by NVIDIA Corporation
OpenGL version: 4.6.0 NVIDIA 580.173.02
Using optional features:
    GL_ARB_vertex_array_object
    GL_ARB_separate_shader_objects
    GL_ARB_robustness
    GL_ARB_texture_storage
    GL_ARB_texture_view
    GL_ARB_framebuffer_no_attachments
    GL_ARB_invalidate_subdata
    GL_ARB_texture_storage_multisample
    GL_ARB_multi_bind
    GL_ARB_direct_state_access
    GL_ARB_get_texture_sub_image
    GL_ARB_texture_filter_anisotropic
    GL_KHR_debug
    GL_KHR_parallel_shader_compile
    GL_NV_depth_buffer_float
Using driver workarounds:
    no-forward-compatible-core-context
    nv-egl-incorrect-gl11-function-pointers
    no-layout-qualifiers-on-old-glsl
    nv-zero-context-profile-mask
    nv-implementation-color-read-format-dsa-broken
    nv-cubemap-inconsistent-compressed-image-size
    nv-cubemap-broken-full-compressed-image-query
    nv-compressed-block-size-in-bits
[19:21:55:859225]:[Warning]:[Scene] SemanticScene.h(331)::checkFileExists : ::loadSemanticSceneDescriptor: File `data/scene_datasets/habitat-test-scenes/van-gogh-room.scn` does not exist.  Aborting load.
[19:21:55:859241]:[Warning]:[Scene] SemanticScene.cpp(123)::loadSemanticSceneDescriptor : SSD File Naming Issue! Neither SemanticAttributes-provided name : `data/scene_datasets/habitat-test-scenes/van-gogh-room.scn` nor constructed filename : `data/scene_datasets/habitat-test-scenes/info_semantic.json` exist on disk.
[19:21:55:859246]:[Error]:[Scene] SemanticScene.cpp(139)::loadSemanticSceneDescriptor : SSD Load Failure! File with SemanticAttributes-provided name `data/scene_datasets/habitat-test-scenes/van-gogh-room.scn` exists but failed to load.
[19:21:56:287916]:[Warning]:[Sim] Simulator.cpp(595)::instanceStageForSceneAttributes : The active scene does not contain semantic annotations : activeSemanticSceneID_ = 0
2026-08-11 19:21:59,350 update: 1910	fps: 487.856	
2026-08-11 19:21:59,350 Num updates: 1910	Num frames 305600
2026-08-11 19:21:59,350 Average window size: 50  distance_to_goal: 0.363  distance_to_goal_reward: 0.000  reward: 4.717  spl: 0.652  success: 0.829
2026-08-11 19:21:59,350 	Perf Stats: trainer.rollout_collect: 0.290 trainer.sample_action: 0.003 trainer.obs_insert: 0.000 trainer.step_env: 0.005 trainer.update_stats: 0.001 trainer.update_agent: 0.035
2026-08-11 19:22:02,399 update: 1920	fps: 488.035	
2026-08-11 19:22:02,399 Num updates: 1920	Num frames 307200
2026-08-11 19:22:02,400 Average window size: 50  distance_to_goal: 0.308  distance_to_goal_reward: 0.000  reward: 4.418  spl: 0.649  success: 0.821
2026-08-11 19:22:02,400 	Perf Stats: trainer.rollout_collect: 0.290 trainer.sample_action: 0.003 trainer.obs_insert: 0.000 trainer.step_env: 0.005 trainer.update_stats: 0.001 trainer.update_agent: 0.035
2026-08-11 19:22:05,500 update: 1930	fps: 488.172	
2026-08-11 19:22:05,500 Num updates: 1930	Num frames 308800
2026-08-11 19:22:05,500 Average window size: 50  distance_to_goal: 0.380  distance_to_goal_reward: 0.000  reward: 4.219  spl: 0.642  success: 0.808
2026-08-11 19:22:05,500 	Perf Stats: trainer.rollout_collect: 0.290 trainer.sample_action: 0.003 trainer.obs_insert: 0.000 trainer.step_env: 0.005 trainer.update_stats: 0.001 trainer.update_agent: 0.035
PluginManager::Manager: duplicate static plugin StbImageImporter, ignoring
PluginManager::Manager: duplicate static plugin GltfImporter, ignoring
PluginManager::Manager: duplicate static plugin BasisImporter, ignoring
PluginManager::Manager: duplicate static plugin AssimpImporter, ignoring
PluginManager::Manager: duplicate static plugin AnySceneImporter, ignoring
PluginManager::Manager: duplicate static plugin AnyImageImporter, ignoring
Renderer: NVIDIA GeForce RTX 4070/PCIe/SSE2 by NVIDIA Corporation
OpenGL version: 4.6.0 NVIDIA 580.173.02
Using optional features:
    GL_ARB_vertex_array_object
    GL_ARB_separate_shader_objects
    GL_ARB_robustness
    GL_ARB_texture_storage
    GL_ARB_texture_view
    GL_ARB_framebuffer_no_attachments
    GL_ARB_invalidate_subdata
    GL_ARB_texture_storage_multisample
    GL_ARB_multi_bind
    GL_ARB_direct_state_access
    GL_ARB_get_texture_sub_image
    GL_ARB_texture_filter_anisotropic
    GL_KHR_debug
    GL_KHR_parallel_shader_compile
    GL_NV_depth_buffer_float
Using driver workarounds:
    no-forward-compatible-core-context
    nv-egl-incorrect-gl11-function-pointers
    no-layout-qualifiers-on-old-glsl
    nv-zero-context-profile-mask
    nv-implementation-color-read-format-dsa-broken
    nv-cubemap-inconsistent-compressed-image-size
    nv-cubemap-broken-full-compressed-image-query
    nv-compressed-block-size-in-bits
[19:22:05:637460]:[Warning]:[Scene] SemanticScene.h(331)::checkFileExists : ::loadSemanticSceneDescriptor: File `data/scene_datasets/habitat-test-scenes/skokloster-castle.scn` does not exist.  Aborting load.
[19:22:05:637476]:[Warning]:[Scene] SemanticScene.cpp(123)::loadSemanticSceneDescriptor : SSD File Naming Issue! Neither SemanticAttributes-provided name : `data/scene_datasets/habitat-test-scenes/skokloster-castle.scn` nor constructed filename : `data/scene_datasets/habitat-test-scenes/info_semantic.json` exist on disk.
[19:22:05:637481]:[Error]:[Scene] SemanticScene.cpp(139)::loadSemanticSceneDescriptor : SSD Load Failure! File with SemanticAttributes-provided name `data/scene_datasets/habitat-test-scenes/skokloster-castle.scn` exists but failed to load.
[19:22:06:244964]:[Warning]:[Sim] Simulator.cpp(595)::instanceStageForSceneAttributes : The active scene does not contain semantic annotations : activeSemanticSceneID_ = 0
2026-08-11 19:22:09,245 update: 1940	fps: 487.813	
2026-08-11 19:22:09,246 Num updates: 1940	Num frames 310400
2026-08-11 19:22:09,246 Average window size: 50  distance_to_goal: 0.419  distance_to_goal_reward: 0.000  reward: 3.956  spl: 0.654  success: 0.809
2026-08-11 19:22:09,246 	Perf Stats: trainer.rollout_collect: 0.290 trainer.sample_action: 0.003 trainer.obs_insert: 0.000 trainer.step_env: 0.005 trainer.update_stats: 0.001 trainer.update_agent: 0.035
2026-08-11 19:22:12,373 update: 1950	fps: 487.929	
2026-08-11 19:22:12,373 Num updates: 1950	Num frames 312000
2026-08-11 19:22:12,373 Average window size: 50  distance_to_goal: 0.380  distance_to_goal_reward: 0.000  reward: 3.974  spl: 0.662  success: 0.830
2026-08-11 19:22:12,373 	Perf Stats: trainer.rollout_collect: 0.290 trainer.sample_action: 0.003 trainer.obs_insert: 0.000 trainer.step_env: 0.005 trainer.update_stats: 0.001 trainer.update_agent: 0.035
2026-08-11 19:22:15,526 update: 1960	fps: 488.025	
2026-08-11 19:22:15,526 Num updates: 1960	Num frames 313600
2026-08-11 19:22:15,526 Average window size: 50  distance_to_goal: 0.541  distance_to_goal_reward: 0.000  reward: 3.657  spl: 0.654  success: 0.842
2026-08-11 19:22:15,527 	Perf Stats: trainer.rollout_collect: 0.290 trainer.sample_action: 0.003 trainer.obs_insert: 0.000 trainer.step_env: 0.005 trainer.update_stats: 0.001 trainer.update_agent: 0.035
2026-08-11 19:22:18,641 update: 1970	fps: 488.149	
2026-08-11 19:22:18,641 Num updates: 1970	Num frames 315200
2026-08-11 19:22:18,641 Average window size: 50  distance_to_goal: 0.737  distance_to_goal_reward: 0.000  reward: 3.390  spl: 0.615  success: 0.824
2026-08-11 19:22:18,641 	Perf Stats: trainer.rollout_collect: 0.290 trainer.sample_action: 0.003 trainer.obs_insert: 0.000 trainer.step_env: 0.005 trainer.update_stats: 0.001 trainer.update_agent: 0.035
PluginManager::Manager: duplicate static plugin StbImageImporter, ignoring
PluginManager::Manager: duplicate static plugin GltfImporter, ignoring
PluginManager::Manager: duplicate static plugin BasisImporter, ignoring
PluginManager::Manager: duplicate static plugin AssimpImporter, ignoring
PluginManager::Manager: duplicate static plugin AnySceneImporter, ignoring
PluginManager::Manager: duplicate static plugin AnyImageImporter, ignoring
Renderer: NVIDIA GeForce RTX 4070/PCIe/SSE2 by NVIDIA Corporation
OpenGL version: 4.6.0 NVIDIA 580.173.02
Using optional features:
    GL_ARB_vertex_array_object
    GL_ARB_separate_shader_objects
    GL_ARB_robustness
    GL_ARB_texture_storage
    GL_ARB_texture_view
    GL_ARB_framebuffer_no_attachments
    GL_ARB_invalidate_subdata
    GL_ARB_texture_storage_multisample
    GL_ARB_multi_bind
    GL_ARB_direct_state_access
    GL_ARB_get_texture_sub_image
    GL_ARB_texture_filter_anisotropic
    GL_KHR_debug
    GL_KHR_parallel_shader_compile
    GL_NV_depth_buffer_float
Using driver workarounds:
    no-forward-compatible-core-context
    nv-egl-incorrect-gl11-function-pointers
    no-layout-qualifiers-on-old-glsl
    nv-zero-context-profile-mask
    nv-implementation-color-read-format-dsa-broken
    nv-cubemap-inconsistent-compressed-image-size
    nv-cubemap-broken-full-compressed-image-query
    nv-compressed-block-size-in-bits
[19:22:19:849174]:[Warning]:[Scene] SemanticScene.h(331)::checkFileExists : ::loadSemanticSceneDescriptor: File `data/scene_datasets/habitat-test-scenes/van-gogh-room.scn` does not exist.  Aborting load.
[19:22:19:849190]:[Warning]:[Scene] SemanticScene.cpp(123)::loadSemanticSceneDescriptor : SSD File Naming Issue! Neither SemanticAttributes-provided name : `data/scene_datasets/habitat-test-scenes/van-gogh-room.scn` nor constructed filename : `data/scene_datasets/habitat-test-scenes/info_semantic.json` exist on disk.
[19:22:19:849195]:[Error]:[Scene] SemanticScene.cpp(139)::loadSemanticSceneDescriptor : SSD Load Failure! File with SemanticAttributes-provided name `data/scene_datasets/habitat-test-scenes/van-gogh-room.scn` exists but failed to load.
[19:22:20:292920]:[Warning]:[Sim] Simulator.cpp(595)::instanceStageForSceneAttributes : The active scene does not contain semantic annotations : activeSemanticSceneID_ = 0
2026-08-11 19:22:22,191 update: 1980	fps: 487.943	
2026-08-11 19:22:22,192 Num updates: 1980	Num frames 316800
2026-08-11 19:22:22,192 Average window size: 50  distance_to_goal: 0.822  distance_to_goal_reward: 0.000  reward: 3.284  spl: 0.628  success: 0.845
2026-08-11 19:22:22,192 	Perf Stats: trainer.rollout_collect: 0.290 trainer.sample_action: 0.003 trainer.obs_insert: 0.000 trainer.step_env: 0.005 trainer.update_stats: 0.001 trainer.update_agent: 0.035
PluginManager::Manager: duplicate static plugin StbImageImporter, ignoring
PluginManager::Manager: duplicate static plugin GltfImporter, ignoring
PluginManager::Manager: duplicate static plugin BasisImporter, ignoring
PluginManager::Manager: duplicate static plugin AssimpImporter, ignoring
PluginManager::Manager: duplicate static plugin AnySceneImporter, ignoring
PluginManager::Manager: duplicate static plugin AnyImageImporter, ignoring
Renderer: NVIDIA GeForce RTX 4070/PCIe/SSE2 by NVIDIA Corporation
OpenGL version: 4.6.0 NVIDIA 580.173.02
Using optional features:
    GL_ARB_vertex_array_object
    GL_ARB_separate_shader_objects
    GL_ARB_robustness
    GL_ARB_texture_storage
    GL_ARB_texture_view
    GL_ARB_framebuffer_no_attachments
    GL_ARB_invalidate_subdata
    GL_ARB_texture_storage_multisample
    GL_ARB_multi_bind
    GL_ARB_direct_state_access
    GL_ARB_get_texture_sub_image
    GL_ARB_texture_filter_anisotropic
    GL_KHR_debug
    GL_KHR_parallel_shader_compile
    GL_NV_depth_buffer_float
Using driver workarounds:
    no-forward-compatible-core-context
    nv-egl-incorrect-gl11-function-pointers
    no-layout-qualifiers-on-old-glsl
    nv-zero-context-profile-mask
    nv-implementation-color-read-format-dsa-broken
    nv-cubemap-inconsistent-compressed-image-size
    nv-cubemap-broken-full-compressed-image-query
    nv-compressed-block-size-in-bits
[19:22:24:808540]:[Warning]:[Scene] SemanticScene.h(331)::checkFileExists : ::loadSemanticSceneDescriptor: File `data/scene_datasets/habitat-test-scenes/skokloster-castle.scn` does not exist.  Aborting load.
[19:22:24:808556]:[Warning]:[Scene] SemanticScene.cpp(123)::loadSemanticSceneDescriptor : SSD File Naming Issue! Neither SemanticAttributes-provided name : `data/scene_datasets/habitat-test-scenes/skokloster-castle.scn` nor constructed filename : `data/scene_datasets/habitat-test-scenes/info_semantic.json` exist on disk.
[19:22:24:808561]:[Error]:[Scene] SemanticScene.cpp(139)::loadSemanticSceneDescriptor : SSD Load Failure! File with SemanticAttributes-provided name `data/scene_datasets/habitat-test-scenes/skokloster-castle.scn` exists but failed to load.
[19:22:25:419293]:[Warning]:[Sim] Simulator.cpp(595)::instanceStageForSceneAttributes : The active scene does not contain semantic annotations : activeSemanticSceneID_ = 0
2026-08-11 19:22:25,881 update: 1990	fps: 487.637	
2026-08-11 19:22:25,881 Num updates: 1990	Num frames 318400
2026-08-11 19:22:25,881 Average window size: 50  distance_to_goal: 0.742  distance_to_goal_reward: 0.000  reward: 3.366  spl: 0.619  success: 0.871
2026-08-11 19:22:25,881 	Perf Stats: trainer.rollout_collect: 0.290 trainer.sample_action: 0.003 trainer.obs_insert: 0.000 trainer.step_env: 0.005 trainer.update_stats: 0.001 trainer.update_agent: 0.035
2026-08-11 19:22:29,087 update: 2000	fps: 487.692	
2026-08-11 19:22:29,088 Num updates: 2000	Num frames 320000
2026-08-11 19:22:29,088 Average window size: 50  distance_to_goal: 0.835  distance_to_goal_reward: 0.000  reward: 3.209  spl: 0.589  success: 0.843
2026-08-11 19:22:29,088 	Perf Stats: trainer.rollout_collect: 0.290 trainer.sample_action: 0.003 trainer.obs_insert: 0.000 trainer.step_env: 0.005 trainer.update_stats: 0.001 trainer.update_agent: 0.035
2026-08-11 19:22:32,186 update: 2010	fps: 487.827	
2026-08-11 19:22:32,187 Num updates: 2010	Num frames 321600
2026-08-11 19:22:32,187 Average window size: 50  distance_to_goal: 0.790  distance_to_goal_reward: 0.000  reward: 3.385  spl: 0.568  success: 0.819
2026-08-11 19:22:32,187 	Perf Stats: trainer.rollout_collect: 0.290 trainer.sample_action: 0.003 trainer.obs_insert: 0.000 trainer.step_env: 0.005 trainer.update_stats: 0.001 trainer.update_agent: 0.035
2026-08-11 19:22:35,306 update: 2020	fps: 487.945	
2026-08-11 19:22:35,306 Num updates: 2020	Num frames 323200
2026-08-11 19:22:35,307 Average window size: 50  distance_to_goal: 0.778  distance_to_goal_reward: 0.000  reward: 3.485  spl: 0.563  success: 0.800
2026-08-11 19:22:35,307 	Perf Stats: trainer.rollout_collect: 0.290 trainer.sample_action: 0.003 trainer.obs_insert: 0.000 trainer.step_env: 0.005 trainer.update_stats: 0.001 trainer.update_agent: 0.035
2026-08-11 19:22:38,438 update: 2030	fps: 488.052	
2026-08-11 19:22:38,439 Num updates: 2030	Num frames 324800
2026-08-11 19:22:38,439 Average window size: 50  distance_to_goal: 0.653  distance_to_goal_reward: 0.000  reward: 3.987  spl: 0.523  success: 0.761
2026-08-11 19:22:38,439 	Perf Stats: trainer.rollout_collect: 0.290 trainer.sample_action: 0.003 trainer.obs_insert: 0.000 trainer.step_env: 0.005 trainer.update_stats: 0.001 trainer.update_agent: 0.035
2026-08-11 19:22:41,608 update: 2040	fps: 488.131	
2026-08-11 19:22:41,609 Num updates: 2040	Num frames 326400
2026-08-11 19:22:41,609 Average window size: 50  distance_to_goal: 0.639  distance_to_goal_reward: 0.000  reward: 4.056  spl: 0.518  success: 0.764
2026-08-11 19:22:41,609 	Perf Stats: trainer.rollout_collect: 0.290 trainer.sample_action: 0.003 trainer.obs_insert: 0.000 trainer.step_env: 0.005 trainer.update_stats: 0.001 trainer.update_agent: 0.035
2026-08-11 19:22:44,744 update: 2050	fps: 488.235	
2026-08-11 19:22:44,744 Num updates: 2050	Num frames 328000
2026-08-11 19:22:44,744 Average window size: 50  distance_to_goal: 0.602  distance_to_goal_reward: 0.000  reward: 4.403  spl: 0.534  success: 0.760
2026-08-11 19:22:44,744 	Perf Stats: trainer.rollout_collect: 0.290 trainer.sample_action: 0.003 trainer.obs_insert: 0.000 trainer.step_env: 0.005 trainer.update_stats: 0.001 trainer.update_agent: 0.035
2026-08-11 19:22:47,881 update: 2060	fps: 488.336	
2026-08-11 19:22:47,881 Num updates: 2060	Num frames 329600
2026-08-11 19:22:47,882 Average window size: 50  distance_to_goal: 0.448  distance_to_goal_reward: 0.000  reward: 4.804  spl: 0.590  success: 0.804
2026-08-11 19:22:47,882 	Perf Stats: trainer.rollout_collect: 0.290 trainer.sample_action: 0.003 trainer.obs_insert: 0.000 trainer.step_env: 0.005 trainer.update_stats: 0.001 trainer.update_agent: 0.035
2026-08-11 19:22:51,030 update: 2070	fps: 488.428	
2026-08-11 19:22:51,030 Num updates: 2070	Num frames 331200
2026-08-11 19:22:51,030 Average window size: 50  distance_to_goal: 0.523  distance_to_goal_reward: 0.000  reward: 4.757  spl: 0.583  success: 0.788
2026-08-11 19:22:51,030 	Perf Stats: trainer.rollout_collect: 0.290 trainer.sample_action: 0.003 trainer.obs_insert: 0.000 trainer.step_env: 0.005 trainer.update_stats: 0.001 trainer.update_agent: 0.035
2026-08-11 19:22:54,141 update: 2080	fps: 488.553	
2026-08-11 19:22:54,141 Num updates: 2080	Num frames 332800
2026-08-11 19:22:54,141 Average window size: 50  distance_to_goal: 0.478  distance_to_goal_reward: 0.000  reward: 4.602  spl: 0.602  success: 0.817
2026-08-11 19:22:54,141 	Perf Stats: trainer.rollout_collect: 0.290 trainer.sample_action: 0.003 trainer.obs_insert: 0.000 trainer.step_env: 0.005 trainer.update_stats: 0.001 trainer.update_agent: 0.035
2026-08-11 19:22:57,283 update: 2090	fps: 488.641	
2026-08-11 19:22:57,283 Num updates: 2090	Num frames 334400
2026-08-11 19:22:57,283 Average window size: 50  distance_to_goal: 0.719  distance_to_goal_reward: 0.000  reward: 4.440  spl: 0.591  success: 0.785
2026-08-11 19:22:57,283 	Perf Stats: trainer.rollout_collect: 0.290 trainer.sample_action: 0.003 trainer.obs_insert: 0.000 trainer.step_env: 0.005 trainer.update_stats: 0.001 trainer.update_agent: 0.035
2026-08-11 19:23:00,485 update: 2100	fps: 488.692	
2026-08-11 19:23:00,486 Num updates: 2100	Num frames 336000
2026-08-11 19:23:00,486 Average window size: 50  distance_to_goal: 0.773  distance_to_goal_reward: 0.000  reward: 4.024  spl: 0.599  success: 0.821
2026-08-11 19:23:00,486 	Perf Stats: trainer.rollout_collect: 0.289 trainer.sample_action: 0.003 trainer.obs_insert: 0.000 trainer.step_env: 0.005 trainer.update_stats: 0.001 trainer.update_agent: 0.035
2026-08-11 19:23:03,603 update: 2110	fps: 488.803	
2026-08-11 19:23:03,603 Num updates: 2110	Num frames 337600
2026-08-11 19:23:03,603 Average window size: 50  distance_to_goal: 1.056  distance_to_goal_reward: 0.000  reward: 3.735  spl: 0.558  success: 0.773
2026-08-11 19:23:03,603 	Perf Stats: trainer.rollout_collect: 0.289 trainer.sample_action: 0.003 trainer.obs_insert: 0.000 trainer.step_env: 0.005 trainer.update_stats: 0.001 trainer.update_agent: 0.035
2026-08-11 19:23:06,724 update: 2120	fps: 488.910	
2026-08-11 19:23:06,725 Num updates: 2120	Num frames 339200
2026-08-11 19:23:06,725 Average window size: 50  distance_to_goal: 0.887  distance_to_goal_reward: 0.000  reward: 3.949  spl: 0.583  success: 0.795
2026-08-11 19:23:06,725 	Perf Stats: trainer.rollout_collect: 0.289 trainer.sample_action: 0.003 trainer.obs_insert: 0.000 trainer.step_env: 0.005 trainer.update_stats: 0.001 trainer.update_agent: 0.035
2026-08-11 19:23:09,792 update: 2130	fps: 489.054	
2026-08-11 19:23:09,792 Num updates: 2130	Num frames 340800
2026-08-11 19:23:09,792 Average window size: 50  distance_to_goal: 0.894  distance_to_goal_reward: 0.000  reward: 4.094  spl: 0.600  success: 0.800
2026-08-11 19:23:09,792 	Perf Stats: trainer.rollout_collect: 0.289 trainer.sample_action: 0.003 trainer.obs_insert: 0.000 trainer.step_env: 0.005 trainer.update_stats: 0.001 trainer.update_agent: 0.035
2026-08-11 19:23:12,868 update: 2140	fps: 489.191	
2026-08-11 19:23:12,868 Num updates: 2140	Num frames 342400
2026-08-11 19:23:12,868 Average window size: 50  distance_to_goal: 1.127  distance_to_goal_reward: 0.000  reward: 3.265  spl: 0.558  success: 0.730
2026-08-11 19:23:12,868 	Perf Stats: trainer.rollout_collect: 0.289 trainer.sample_action: 0.003 trainer.obs_insert: 0.000 trainer.step_env: 0.005 trainer.update_stats: 0.001 trainer.update_agent: 0.035
2026-08-11 19:23:15,941 update: 2150	fps: 489.328	
2026-08-11 19:23:15,942 Num updates: 2150	Num frames 344000
2026-08-11 19:23:15,942 Average window size: 50  distance_to_goal: 1.344  distance_to_goal_reward: 0.000  reward: 3.112  spl: 0.551  success: 0.692
2026-08-11 19:23:15,942 	Perf Stats: trainer.rollout_collect: 0.289 trainer.sample_action: 0.003 trainer.obs_insert: 0.000 trainer.step_env: 0.005 trainer.update_stats: 0.001 trainer.update_agent: 0.035
2026-08-11 19:23:19,089 update: 2160	fps: 489.413	
2026-08-11 19:23:19,089 Num updates: 2160	Num frames 345600
2026-08-11 19:23:19,089 Average window size: 50  distance_to_goal: 1.006  distance_to_goal_reward: 0.000  reward: 3.227  spl: 0.557  success: 0.722
2026-08-11 19:23:19,089 	Perf Stats: trainer.rollout_collect: 0.289 trainer.sample_action: 0.003 trainer.obs_insert: 0.000 trainer.step_env: 0.005 trainer.update_stats: 0.001 trainer.update_agent: 0.035
PluginManager::Manager: duplicate static plugin StbImageImporter, ignoring
PluginManager::Manager: duplicate static plugin GltfImporter, ignoring
PluginManager::Manager: duplicate static plugin BasisImporter, ignoring
PluginManager::Manager: duplicate static plugin AssimpImporter, ignoring
PluginManager::Manager: duplicate static plugin AnySceneImporter, ignoring
PluginManager::Manager: duplicate static plugin AnyImageImporter, ignoring
Renderer: NVIDIA GeForce RTX 4070/PCIe/SSE2 by NVIDIA Corporation
OpenGL version: 4.6.0 NVIDIA 580.173.02
Using optional features:
    GL_ARB_vertex_array_object
    GL_ARB_separate_shader_objects
    GL_ARB_robustness
    GL_ARB_texture_storage
    GL_ARB_texture_view
    GL_ARB_framebuffer_no_attachments
    GL_ARB_invalidate_subdata
    GL_ARB_texture_storage_multisample
    GL_ARB_multi_bind
    GL_ARB_direct_state_access
    GL_ARB_get_texture_sub_image
    GL_ARB_texture_filter_anisotropic
    GL_KHR_debug
    GL_KHR_parallel_shader_compile
    GL_NV_depth_buffer_float
Using driver workarounds:
    no-forward-compatible-core-context
    nv-egl-incorrect-gl11-function-pointers
    no-layout-qualifiers-on-old-glsl
    nv-zero-context-profile-mask
    nv-implementation-color-read-format-dsa-broken
    nv-cubemap-inconsistent-compressed-image-size
    nv-cubemap-broken-full-compressed-image-query
    nv-compressed-block-size-in-bits
[19:23:20:052901]:[Warning]:[Scene] SemanticScene.h(331)::checkFileExists : ::loadSemanticSceneDescriptor: File `data/scene_datasets/habitat-test-scenes/skokloster-castle.scn` does not exist.  Aborting load.
[19:23:20:052917]:[Warning]:[Scene] SemanticScene.cpp(123)::loadSemanticSceneDescriptor : SSD File Naming Issue! Neither SemanticAttributes-provided name : `data/scene_datasets/habitat-test-scenes/skokloster-castle.scn` nor constructed filename : `data/scene_datasets/habitat-test-scenes/info_semantic.json` exist on disk.
[19:23:20:052923]:[Error]:[Scene] SemanticScene.cpp(139)::loadSemanticSceneDescriptor : SSD Load Failure! File with SemanticAttributes-provided name `data/scene_datasets/habitat-test-scenes/skokloster-castle.scn` exists but failed to load.
[19:23:20:674522]:[Warning]:[Sim] Simulator.cpp(595)::instanceStageForSceneAttributes : The active scene does not contain semantic annotations : activeSemanticSceneID_ = 0
2026-08-11 19:23:22,880 update: 2170	fps: 489.053	
2026-08-11 19:23:22,880 Num updates: 2170	Num frames 347200
2026-08-11 19:23:22,880 Average window size: 50  distance_to_goal: 1.136  distance_to_goal_reward: 0.000  reward: 2.777  spl: 0.455  success: 0.638
2026-08-11 19:23:22,880 	Perf Stats: trainer.rollout_collect: 0.289 trainer.sample_action: 0.003 trainer.obs_insert: 0.000 trainer.step_env: 0.005 trainer.update_stats: 0.001 trainer.update_agent: 0.035
2026-08-11 19:23:26,072 update: 2180	fps: 489.107	
2026-08-11 19:23:26,072 Num updates: 2180	Num frames 348800
2026-08-11 19:23:26,072 Average window size: 50  distance_to_goal: 0.972  distance_to_goal_reward: 0.000  reward: 3.372  spl: 0.388  success: 0.586
2026-08-11 19:23:26,072 	Perf Stats: trainer.rollout_collect: 0.289 trainer.sample_action: 0.003 trainer.obs_insert: 0.000 trainer.step_env: 0.005 trainer.update_stats: 0.001 trainer.update_agent: 0.035
2026-08-11 19:23:29,251 update: 2190	fps: 489.170	
2026-08-11 19:23:29,251 Num updates: 2190	Num frames 350400
2026-08-11 19:23:29,251 Average window size: 50  distance_to_goal: 0.460  distance_to_goal_reward: 0.000  reward: 4.271  spl: 0.425  success: 0.641
2026-08-11 19:23:29,251 	Perf Stats: trainer.rollout_collect: 0.289 trainer.sample_action: 0.003 trainer.obs_insert: 0.000 trainer.step_env: 0.005 trainer.update_stats: 0.001 trainer.update_agent: 0.035
2026-08-11 19:23:32,565 update: 2200	fps: 489.141	
2026-08-11 19:23:32,565 Num updates: 2200	Num frames 352000
2026-08-11 19:23:32,565 Average window size: 50  distance_to_goal: 0.672  distance_to_goal_reward: 0.000  reward: 4.313  spl: 0.435  success: 0.649
2026-08-11 19:23:32,565 	Perf Stats: trainer.rollout_collect: 0.289 trainer.sample_action: 0.003 trainer.obs_insert: 0.000 trainer.step_env: 0.005 trainer.update_stats: 0.001 trainer.update_agent: 0.035
2026-08-11 19:23:35,744 update: 2210	fps: 489.203	
2026-08-11 19:23:35,744 Num updates: 2210	Num frames 353600
2026-08-11 19:23:35,744 Average window size: 50  distance_to_goal: 0.635  distance_to_goal_reward: 0.000  reward: 4.566  spl: 0.416  success: 0.633
2026-08-11 19:23:35,744 	Perf Stats: trainer.rollout_collect: 0.289 trainer.sample_action: 0.003 trainer.obs_insert: 0.000 trainer.step_env: 0.005 trainer.update_stats: 0.001 trainer.update_agent: 0.035
2026-08-11 19:23:38,926 update: 2220	fps: 489.263	
2026-08-11 19:23:38,926 Num updates: 2220	Num frames 355200
2026-08-11 19:23:38,926 Average window size: 50  distance_to_goal: 0.820  distance_to_goal_reward: 0.000  reward: 4.858  spl: 0.416  success: 0.609
2026-08-11 19:23:38,926 	Perf Stats: trainer.rollout_collect: 0.289 trainer.sample_action: 0.003 trainer.obs_insert: 0.000 trainer.step_env: 0.005 trainer.update_stats: 0.001 trainer.update_agent: 0.035
2026-08-11 19:23:42,100 update: 2230	fps: 489.327	
2026-08-11 19:23:42,100 Num updates: 2230	Num frames 356800
2026-08-11 19:23:42,101 Average window size: 50  distance_to_goal: 0.828  distance_to_goal_reward: 0.000  reward: 5.023  spl: 0.533  success: 0.738
2026-08-11 19:23:42,101 	Perf Stats: trainer.rollout_collect: 0.289 trainer.sample_action: 0.003 trainer.obs_insert: 0.000 trainer.step_env: 0.005 trainer.update_stats: 0.001 trainer.update_agent: 0.035
PluginManager::Manager: duplicate static plugin StbImageImporter, ignoring
PluginManager::Manager: duplicate static plugin GltfImporter, ignoring
PluginManager::Manager: duplicate static plugin BasisImporter, ignoring
PluginManager::Manager: duplicate static plugin AssimpImporter, ignoring
PluginManager::Manager: duplicate static plugin AnySceneImporter, ignoring
PluginManager::Manager: duplicate static plugin AnyImageImporter, ignoring
Renderer: NVIDIA GeForce RTX 4070/PCIe/SSE2 by NVIDIA Corporation
OpenGL version: 4.6.0 NVIDIA 580.173.02
Using optional features:
    GL_ARB_vertex_array_object
    GL_ARB_separate_shader_objects
    GL_ARB_robustness
    GL_ARB_texture_storage
    GL_ARB_texture_view
    GL_ARB_framebuffer_no_attachments
    GL_ARB_invalidate_subdata
    GL_ARB_texture_storage_multisample
    GL_ARB_multi_bind
    GL_ARB_direct_state_access
    GL_ARB_get_texture_sub_image
    GL_ARB_texture_filter_anisotropic
    GL_KHR_debug
    GL_KHR_parallel_shader_compile
    GL_NV_depth_buffer_float
Using driver workarounds:
    no-forward-compatible-core-context
    nv-egl-incorrect-gl11-function-pointers
    no-layout-qualifiers-on-old-glsl
    nv-zero-context-profile-mask
    nv-implementation-color-read-format-dsa-broken
    nv-cubemap-inconsistent-compressed-image-size
    nv-cubemap-broken-full-compressed-image-query
    nv-compressed-block-size-in-bits
[19:23:45:066859]:[Warning]:[Scene] SemanticScene.h(331)::checkFileExists : ::loadSemanticSceneDescriptor: File `data/scene_datasets/habitat-test-scenes/van-gogh-room.scn` does not exist.  Aborting load.
[19:23:45:066874]:[Warning]:[Scene] SemanticScene.cpp(123)::loadSemanticSceneDescriptor : SSD File Naming Issue! Neither SemanticAttributes-provided name : `data/scene_datasets/habitat-test-scenes/van-gogh-room.scn` nor constructed filename : `data/scene_datasets/habitat-test-scenes/info_semantic.json` exist on disk.
[19:23:45:066879]:[Error]:[Scene] SemanticScene.cpp(139)::loadSemanticSceneDescriptor : SSD Load Failure! File with SemanticAttributes-provided name `data/scene_datasets/habitat-test-scenes/van-gogh-room.scn` exists but failed to load.
[19:23:45:518886]:[Warning]:[Sim] Simulator.cpp(595)::instanceStageForSceneAttributes : The active scene does not contain semantic annotations : activeSemanticSceneID_ = 0
2026-08-11 19:23:45,733 update: 2240	fps: 489.085	
2026-08-11 19:23:45,733 Num updates: 2240	Num frames 358400
2026-08-11 19:23:45,733 Average window size: 50  distance_to_goal: 1.143  distance_to_goal_reward: 0.000  reward: 5.039  spl: 0.515  success: 0.705
2026-08-11 19:23:45,733 	Perf Stats: trainer.rollout_collect: 0.289 trainer.sample_action: 0.003 trainer.obs_insert: 0.000 trainer.step_env: 0.005 trainer.update_stats: 0.001 trainer.update_agent: 0.035
PluginManager::Manager: duplicate static plugin StbImageImporter, ignoring
PluginManager::Manager: duplicate static plugin GltfImporter, ignoring
PluginManager::Manager: duplicate static plugin BasisImporter, ignoring
PluginManager::Manager: duplicate static plugin AssimpImporter, ignoring
PluginManager::Manager: duplicate static plugin AnySceneImporter, ignoring
PluginManager::Manager: duplicate static plugin AnyImageImporter, ignoring
Renderer: NVIDIA GeForce RTX 4070/PCIe/SSE2 by NVIDIA Corporation
OpenGL version: 4.6.0 NVIDIA 580.173.02
Using optional features:
    GL_ARB_vertex_array_object
    GL_ARB_separate_shader_objects
    GL_ARB_robustness
    GL_ARB_texture_storage
    GL_ARB_texture_view
    GL_ARB_framebuffer_no_attachments
    GL_ARB_invalidate_subdata
    GL_ARB_texture_storage_multisample
    GL_ARB_multi_bind
    GL_ARB_direct_state_access
    GL_ARB_get_texture_sub_image
    GL_ARB_texture_filter_anisotropic
    GL_KHR_debug
    GL_KHR_parallel_shader_compile
    GL_NV_depth_buffer_float
Using driver workarounds:
    no-forward-compatible-core-context
    nv-egl-incorrect-gl11-function-pointers
    no-layout-qualifiers-on-old-glsl
    nv-zero-context-profile-mask
    nv-implementation-color-read-format-dsa-broken
    nv-cubemap-inconsistent-compressed-image-size
    nv-cubemap-broken-full-compressed-image-query
    nv-compressed-block-size-in-bits
[19:23:46:872046]:[Warning]:[Scene] SemanticScene.h(331)::checkFileExists : ::loadSemanticSceneDescriptor: File `data/scene_datasets/habitat-test-scenes/van-gogh-room.scn` does not exist.  Aborting load.
[19:23:46:872062]:[Warning]:[Scene] SemanticScene.cpp(123)::loadSemanticSceneDescriptor : SSD File Naming Issue! Neither SemanticAttributes-provided name : `data/scene_datasets/habitat-test-scenes/van-gogh-room.scn` nor constructed filename : `data/scene_datasets/habitat-test-scenes/info_semantic.json` exist on disk.
[19:23:46:872067]:[Error]:[Scene] SemanticScene.cpp(139)::loadSemanticSceneDescriptor : SSD Load Failure! File with SemanticAttributes-provided name `data/scene_datasets/habitat-test-scenes/van-gogh-room.scn` exists but failed to load.
[19:23:47:303809]:[Warning]:[Sim] Simulator.cpp(595)::instanceStageForSceneAttributes : The active scene does not contain semantic annotations : activeSemanticSceneID_ = 0
2026-08-11 19:23:49,258 update: 2250	fps: 488.917	
2026-08-11 19:23:49,258 Num updates: 2250	Num frames 360000
2026-08-11 19:23:49,258 Average window size: 50  distance_to_goal: 1.121  distance_to_goal_reward: 0.000  reward: 4.828  spl: 0.558  success: 0.754
2026-08-11 19:23:49,258 	Perf Stats: trainer.rollout_collect: 0.289 trainer.sample_action: 0.003 trainer.obs_insert: 0.000 trainer.step_env: 0.005 trainer.update_stats: 0.001 trainer.update_agent: 0.035
2026-08-11 19:23:52,358 update: 2260	fps: 489.030	
2026-08-11 19:23:52,359 Num updates: 2260	Num frames 361600
2026-08-11 19:23:52,359 Average window size: 50  distance_to_goal: 0.898  distance_to_goal_reward: 0.000  reward: 4.365  spl: 0.572  success: 0.757
2026-08-11 19:23:52,359 	Perf Stats: trainer.rollout_collect: 0.289 trainer.sample_action: 0.003 trainer.obs_insert: 0.000 trainer.step_env: 0.005 trainer.update_stats: 0.001 trainer.update_agent: 0.035
2026-08-11 19:23:55,451 update: 2270	fps: 489.148	
2026-08-11 19:23:55,451 Num updates: 2270	Num frames 363200
2026-08-11 19:23:55,451 Average window size: 50  distance_to_goal: 0.800  distance_to_goal_reward: 0.000  reward: 3.746  spl: 0.592  success: 0.795
2026-08-11 19:23:55,451 	Perf Stats: trainer.rollout_collect: 0.289 trainer.sample_action: 0.003 trainer.obs_insert: 0.000 trainer.step_env: 0.005 trainer.update_stats: 0.001 trainer.update_agent: 0.035
2026-08-11 19:23:58,536 update: 2280	fps: 489.270	
2026-08-11 19:23:58,536 Num updates: 2280	Num frames 364800
2026-08-11 19:23:58,536 Average window size: 50  distance_to_goal: 0.721  distance_to_goal_reward: 0.000  reward: 3.772  spl: 0.580  success: 0.789
2026-08-11 19:23:58,536 	Perf Stats: trainer.rollout_collect: 0.289 trainer.sample_action: 0.003 trainer.obs_insert: 0.000 trainer.step_env: 0.005 trainer.update_stats: 0.001 trainer.update_agent: 0.035
2026-08-11 19:24:01,626 update: 2290	fps: 489.388	
2026-08-11 19:24:01,627 Num updates: 2290	Num frames 366400
2026-08-11 19:24:01,627 Average window size: 50  distance_to_goal: 0.443  distance_to_goal_reward: 0.000  reward: 3.786  spl: 0.586  success: 0.817
2026-08-11 19:24:01,627 	Perf Stats: trainer.rollout_collect: 0.289 trainer.sample_action: 0.003 trainer.obs_insert: 0.000 trainer.step_env: 0.005 trainer.update_stats: 0.001 trainer.update_agent: 0.035
PluginManager::Manager: duplicate static plugin StbImageImporter, ignoring
PluginManager::Manager: duplicate static plugin GltfImporter, ignoring
PluginManager::Manager: duplicate static plugin BasisImporter, ignoring
PluginManager::Manager: duplicate static plugin AssimpImporter, ignoring
PluginManager::Manager: duplicate static plugin AnySceneImporter, ignoring
PluginManager::Manager: duplicate static plugin AnyImageImporter, ignoring
Renderer: NVIDIA GeForce RTX 4070/PCIe/SSE2 by NVIDIA Corporation
OpenGL version: 4.6.0 NVIDIA 580.173.02
Using optional features:
    GL_ARB_vertex_array_object
    GL_ARB_separate_shader_objects
    GL_ARB_robustness
    GL_ARB_texture_storage
    GL_ARB_texture_view
    GL_ARB_framebuffer_no_attachments
    GL_ARB_invalidate_subdata
    GL_ARB_texture_storage_multisample
    GL_ARB_multi_bind
    GL_ARB_direct_state_access
    GL_ARB_get_texture_sub_image
    GL_ARB_texture_filter_anisotropic
    GL_KHR_debug
    GL_KHR_parallel_shader_compile
    GL_NV_depth_buffer_float
Using driver workarounds:
    no-forward-compatible-core-context
    nv-egl-incorrect-gl11-function-pointers
    no-layout-qualifiers-on-old-glsl
    nv-zero-context-profile-mask
    nv-implementation-color-read-format-dsa-broken
    nv-cubemap-inconsistent-compressed-image-size
    nv-cubemap-broken-full-compressed-image-query
    nv-compressed-block-size-in-bits
[19:24:02:993136]:[Warning]:[Scene] SemanticScene.h(331)::checkFileExists : ::loadSemanticSceneDescriptor: File `data/scene_datasets/habitat-test-scenes/skokloster-castle.scn` does not exist.  Aborting load.
[19:24:02:993152]:[Warning]:[Scene] SemanticScene.cpp(123)::loadSemanticSceneDescriptor : SSD File Naming Issue! Neither SemanticAttributes-provided name : `data/scene_datasets/habitat-test-scenes/skokloster-castle.scn` nor constructed filename : `data/scene_datasets/habitat-test-scenes/info_semantic.json` exist on disk.
[19:24:02:993158]:[Error]:[Scene] SemanticScene.cpp(139)::loadSemanticSceneDescriptor : SSD Load Failure! File with SemanticAttributes-provided name `data/scene_datasets/habitat-test-scenes/skokloster-castle.scn` exists but failed to load.
[19:24:03:611335]:[Warning]:[Sim] Simulator.cpp(595)::instanceStageForSceneAttributes : The active scene does not contain semantic annotations : activeSemanticSceneID_ = 0
PluginManager::Manager: duplicate static plugin StbImageImporter, ignoring
PluginManager::Manager: duplicate static plugin GltfImporter, ignoring
PluginManager::Manager: duplicate static plugin BasisImporter, ignoring
PluginManager::Manager: duplicate static plugin AssimpImporter, ignoring
PluginManager::Manager: duplicate static plugin AnySceneImporter, ignoring
PluginManager::Manager: duplicate static plugin AnyImageImporter, ignoring
Renderer: NVIDIA GeForce RTX 4070/PCIe/SSE2 by NVIDIA Corporation
OpenGL version: 4.6.0 NVIDIA 580.173.02
Using optional features:
    GL_ARB_vertex_array_object
    GL_ARB_separate_shader_objects
    GL_ARB_robustness
    GL_ARB_texture_storage
    GL_ARB_texture_view
    GL_ARB_framebuffer_no_attachments
    GL_ARB_invalidate_subdata
    GL_ARB_texture_storage_multisample
    GL_ARB_multi_bind
    GL_ARB_direct_state_access
    GL_ARB_get_texture_sub_image
    GL_ARB_texture_filter_anisotropic
    GL_KHR_debug
    GL_KHR_parallel_shader_compile
    GL_NV_depth_buffer_float
Using driver workarounds:
    no-forward-compatible-core-context
    nv-egl-incorrect-gl11-function-pointers
    no-layout-qualifiers-on-old-glsl
    nv-zero-context-profile-mask
    nv-implementation-color-read-format-dsa-broken
    nv-cubemap-inconsistent-compressed-image-size
    nv-cubemap-broken-full-compressed-image-query
    nv-compressed-block-size-in-bits
[19:24:04:668363]:[Warning]:[Scene] SemanticScene.h(331)::checkFileExists : ::loadSemanticSceneDescriptor: File `data/scene_datasets/habitat-test-scenes/van-gogh-room.scn` does not exist.  Aborting load.
[19:24:04:668378]:[Warning]:[Scene] SemanticScene.cpp(123)::loadSemanticSceneDescriptor : SSD File Naming Issue! Neither SemanticAttributes-provided name : `data/scene_datasets/habitat-test-scenes/van-gogh-room.scn` nor constructed filename : `data/scene_datasets/habitat-test-scenes/info_semantic.json` exist on disk.
[19:24:04:668383]:[Error]:[Scene] SemanticScene.cpp(139)::loadSemanticSceneDescriptor : SSD Load Failure! File with SemanticAttributes-provided name `data/scene_datasets/habitat-test-scenes/van-gogh-room.scn` exists but failed to load.
[19:24:05:101800]:[Warning]:[Sim] Simulator.cpp(595)::instanceStageForSceneAttributes : The active scene does not contain semantic annotations : activeSemanticSceneID_ = 0
2026-08-11 19:24:06,000 update: 2300	fps: 488.671	
2026-08-11 19:24:06,000 Num updates: 2300	Num frames 368000
2026-08-11 19:24:06,000 Average window size: 50  distance_to_goal: 0.395  distance_to_goal_reward: 0.000  reward: 3.865  spl: 0.591  success: 0.814
2026-08-11 19:24:06,000 	Perf Stats: trainer.rollout_collect: 0.289 trainer.sample_action: 0.003 trainer.obs_insert: 0.000 trainer.step_env: 0.005 trainer.update_stats: 0.001 trainer.update_agent: 0.035
2026-08-11 19:24:09,083 update: 2310	fps: 488.794	
2026-08-11 19:24:09,083 Num updates: 2310	Num frames 369600
2026-08-11 19:24:09,083 Average window size: 50  distance_to_goal: 0.392  distance_to_goal_reward: 0.000  reward: 3.925  spl: 0.577  success: 0.785
2026-08-11 19:24:09,084 	Perf Stats: trainer.rollout_collect: 0.289 trainer.sample_action: 0.003 trainer.obs_insert: 0.000 trainer.step_env: 0.005 trainer.update_stats: 0.001 trainer.update_agent: 0.035
2026-08-11 19:24:12,156 update: 2320	fps: 488.923	
2026-08-11 19:24:12,156 Num updates: 2320	Num frames 371200
2026-08-11 19:24:12,156 Average window size: 50  distance_to_goal: 0.339  distance_to_goal_reward: 0.000  reward: 4.084  spl: 0.606  success: 0.820
2026-08-11 19:24:12,156 	Perf Stats: trainer.rollout_collect: 0.289 trainer.sample_action: 0.003 trainer.obs_insert: 0.000 trainer.step_env: 0.005 trainer.update_stats: 0.001 trainer.update_agent: 0.035
2026-08-11 19:24:15,234 update: 2330	fps: 489.048	
2026-08-11 19:24:15,234 Num updates: 2330	Num frames 372800
2026-08-11 19:24:15,234 Average window size: 50  distance_to_goal: 0.381  distance_to_goal_reward: 0.000  reward: 3.901  spl: 0.642  success: 0.856
2026-08-11 19:24:15,234 	Perf Stats: trainer.rollout_collect: 0.289 trainer.sample_action: 0.003 trainer.obs_insert: 0.000 trainer.step_env: 0.005 trainer.update_stats: 0.001 trainer.update_agent: 0.035
2026-08-11 19:24:18,296 update: 2340	fps: 489.181	
2026-08-11 19:24:18,297 Num updates: 2340	Num frames 374400
2026-08-11 19:24:18,297 Average window size: 50  distance_to_goal: 0.392  distance_to_goal_reward: 0.000  reward: 3.843  spl: 0.680  success: 0.875
2026-08-11 19:24:18,297 	Perf Stats: trainer.rollout_collect: 0.289 trainer.sample_action: 0.003 trainer.obs_insert: 0.000 trainer.step_env: 0.005 trainer.update_stats: 0.001 trainer.update_agent: 0.035
2026-08-11 19:24:21,388 update: 2350	fps: 489.295	
2026-08-11 19:24:21,388 Num updates: 2350	Num frames 376000
2026-08-11 19:24:21,388 Average window size: 50  distance_to_goal: 0.390  distance_to_goal_reward: 0.000  reward: 3.804  spl: 0.668  success: 0.853
2026-08-11 19:24:21,388 	Perf Stats: trainer.rollout_collect: 0.289 trainer.sample_action: 0.003 trainer.obs_insert: 0.000 trainer.step_env: 0.005 trainer.update_stats: 0.001 trainer.update_agent: 0.035
2026-08-11 19:24:24,487 update: 2360	fps: 489.404	
2026-08-11 19:24:24,487 Num updates: 2360	Num frames 377600
2026-08-11 19:24:24,487 Average window size: 50  distance_to_goal: 0.330  distance_to_goal_reward: 0.000  reward: 4.004  spl: 0.684  success: 0.874
2026-08-11 19:24:24,487 	Perf Stats: trainer.rollout_collect: 0.289 trainer.sample_action: 0.003 trainer.obs_insert: 0.000 trainer.step_env: 0.005 trainer.update_stats: 0.001 trainer.update_agent: 0.035
2026-08-11 19:24:27,574 update: 2370	fps: 489.519	
2026-08-11 19:24:27,582 Num updates: 2370	Num frames 379200
2026-08-11 19:24:27,582 Average window size: 50  distance_to_goal: 0.320  distance_to_goal_reward: 0.000  reward: 4.000  spl: 0.668  success: 0.846
2026-08-11 19:24:27,582 	Perf Stats: trainer.rollout_collect: 0.289 trainer.sample_action: 0.003 trainer.obs_insert: 0.000 trainer.step_env: 0.005 trainer.update_stats: 0.001 trainer.update_agent: 0.035
2026-08-11 19:24:30,671 update: 2380	fps: 489.627	
2026-08-11 19:24:30,671 Num updates: 2380	Num frames 380800
2026-08-11 19:24:30,671 Average window size: 50  distance_to_goal: 0.302  distance_to_goal_reward: 0.000  reward: 4.097  spl: 0.684  success: 0.835
2026-08-11 19:24:30,671 	Perf Stats: trainer.rollout_collect: 0.289 trainer.sample_action: 0.003 trainer.obs_insert: 0.000 trainer.step_env: 0.005 trainer.update_stats: 0.001 trainer.update_agent: 0.035
2026-08-11 19:24:33,738 update: 2390	fps: 489.753	
2026-08-11 19:24:33,738 Num updates: 2390	Num frames 382400
2026-08-11 19:24:33,738 Average window size: 50  distance_to_goal: 0.311  distance_to_goal_reward: 0.000  reward: 4.319  spl: 0.686  success: 0.831
2026-08-11 19:24:33,738 	Perf Stats: trainer.rollout_collect: 0.289 trainer.sample_action: 0.003 trainer.obs_insert: 0.000 trainer.step_env: 0.005 trainer.update_stats: 0.001 trainer.update_agent: 0.035
2026-08-11 19:24:36,904 update: 2400	fps: 489.816	
2026-08-11 19:24:36,904 Num updates: 2400	Num frames 384000
2026-08-11 19:24:36,904 Average window size: 50  distance_to_goal: 0.281  distance_to_goal_reward: -0.001  reward: 4.340  spl: 0.703  success: 0.856
2026-08-11 19:24:36,904 	Perf Stats: trainer.rollout_collect: 0.289 trainer.sample_action: 0.003 trainer.obs_insert: 0.000 trainer.step_env: 0.005 trainer.update_stats: 0.001 trainer.update_agent: 0.035
2026-08-11 19:24:39,953 update: 2410	fps: 489.951	
2026-08-11 19:24:39,953 Num updates: 2410	Num frames 385600
2026-08-11 19:24:39,953 Average window size: 50  distance_to_goal: 0.395  distance_to_goal_reward: -0.001  reward: 3.880  spl: 0.682  success: 0.845
2026-08-11 19:24:39,953 	Perf Stats: trainer.rollout_collect: 0.289 trainer.sample_action: 0.003 trainer.obs_insert: 0.000 trainer.step_env: 0.005 trainer.update_stats: 0.001 trainer.update_agent: 0.035
2026-08-11 19:24:43,039 update: 2420	fps: 490.068	
2026-08-11 19:24:43,039 Num updates: 2420	Num frames 387200
2026-08-11 19:24:43,039 Average window size: 50  distance_to_goal: 0.466  distance_to_goal_reward: -0.001  reward: 3.866  spl: 0.694  success: 0.883
2026-08-11 19:24:43,039 	Perf Stats: trainer.rollout_collect: 0.289 trainer.sample_action: 0.003 trainer.obs_insert: 0.000 trainer.step_env: 0.005 trainer.update_stats: 0.001 trainer.update_agent: 0.035
2026-08-11 19:24:46,120 update: 2430	fps: 490.176	
2026-08-11 19:24:46,120 Num updates: 2430	Num frames 388800
2026-08-11 19:24:46,121 Average window size: 50  distance_to_goal: 0.450  distance_to_goal_reward: -0.001  reward: 3.819  spl: 0.652  success: 0.879
2026-08-11 19:24:46,121 	Perf Stats: trainer.rollout_collect: 0.289 trainer.sample_action: 0.003 trainer.obs_insert: 0.000 trainer.step_env: 0.005 trainer.update_stats: 0.001 trainer.update_agent: 0.035
2026-08-11 19:24:49,215 update: 2440	fps: 490.281	
2026-08-11 19:24:49,215 Num updates: 2440	Num frames 390400
2026-08-11 19:24:49,215 Average window size: 50  distance_to_goal: 0.425  distance_to_goal_reward: -0.001  reward: 3.850  spl: 0.657  success: 0.889
2026-08-11 19:24:49,215 	Perf Stats: trainer.rollout_collect: 0.288 trainer.sample_action: 0.003 trainer.obs_insert: 0.000 trainer.step_env: 0.005 trainer.update_stats: 0.001 trainer.update_agent: 0.035
2026-08-11 19:24:52,302 update: 2450	fps: 490.388	
2026-08-11 19:24:52,302 Num updates: 2450	Num frames 392000
2026-08-11 19:24:52,303 Average window size: 50  distance_to_goal: 0.238  distance_to_goal_reward: 0.000  reward: 4.350  spl: 0.683  success: 0.908
2026-08-11 19:24:52,303 	Perf Stats: trainer.rollout_collect: 0.288 trainer.sample_action: 0.003 trainer.obs_insert: 0.000 trainer.step_env: 0.005 trainer.update_stats: 0.001 trainer.update_agent: 0.035
2026-08-11 19:24:55,401 update: 2460	fps: 490.489	
2026-08-11 19:24:55,401 Num updates: 2460	Num frames 393600
2026-08-11 19:24:55,401 Average window size: 50  distance_to_goal: 0.232  distance_to_goal_reward: 0.000  reward: 4.631  spl: 0.704  success: 0.913
2026-08-11 19:24:55,401 	Perf Stats: trainer.rollout_collect: 0.288 trainer.sample_action: 0.003 trainer.obs_insert: 0.000 trainer.step_env: 0.005 trainer.update_stats: 0.001 trainer.update_agent: 0.035
2026-08-11 19:24:58,498 update: 2470	fps: 490.589	
2026-08-11 19:24:58,498 Num updates: 2470	Num frames 395200
2026-08-11 19:24:58,498 Average window size: 50  distance_to_goal: 0.160  distance_to_goal_reward: 0.000  reward: 4.688  spl: 0.712  success: 0.910
2026-08-11 19:24:58,498 	Perf Stats: trainer.rollout_collect: 0.288 trainer.sample_action: 0.003 trainer.obs_insert: 0.000 trainer.step_env: 0.005 trainer.update_stats: 0.001 trainer.update_agent: 0.035
2026-08-11 19:25:01,587 update: 2480	fps: 490.694	
2026-08-11 19:25:01,587 Num updates: 2480	Num frames 396800
2026-08-11 19:25:01,587 Average window size: 50  distance_to_goal: 0.156  distance_to_goal_reward: 0.000  reward: 4.785  spl: 0.715  success: 0.900
2026-08-11 19:25:01,587 	Perf Stats: trainer.rollout_collect: 0.288 trainer.sample_action: 0.003 trainer.obs_insert: 0.000 trainer.step_env: 0.005 trainer.update_stats: 0.001 trainer.update_agent: 0.035
PluginManager::Manager: duplicate static plugin StbImageImporter, ignoring
PluginManager::Manager: duplicate static plugin GltfImporter, ignoring
PluginManager::Manager: duplicate static plugin BasisImporter, ignoring
PluginManager::Manager: duplicate static plugin AssimpImporter, ignoring
PluginManager::Manager: duplicate static plugin AnySceneImporter, ignoring
PluginManager::Manager: duplicate static plugin AnyImageImporter, ignoring
Renderer: NVIDIA GeForce RTX 4070/PCIe/SSE2 by NVIDIA Corporation
OpenGL version: 4.6.0 NVIDIA 580.173.02
Using optional features:
    GL_ARB_vertex_array_object
    GL_ARB_separate_shader_objects
    GL_ARB_robustness
    GL_ARB_texture_storage
    GL_ARB_texture_view
    GL_ARB_framebuffer_no_attachments
    GL_ARB_invalidate_subdata
    GL_ARB_texture_storage_multisample
    GL_ARB_multi_bind
    GL_ARB_direct_state_access
    GL_ARB_get_texture_sub_image
    GL_ARB_texture_filter_anisotropic
    GL_KHR_debug
    GL_KHR_parallel_shader_compile
    GL_NV_depth_buffer_float
Using driver workarounds:
    no-forward-compatible-core-context
    nv-egl-incorrect-gl11-function-pointers
    no-layout-qualifiers-on-old-glsl
    nv-zero-context-profile-mask
    nv-implementation-color-read-format-dsa-broken
    nv-cubemap-inconsistent-compressed-image-size
    nv-cubemap-broken-full-compressed-image-query
    nv-compressed-block-size-in-bits
[19:25:03:438628]:[Warning]:[Scene] SemanticScene.h(331)::checkFileExists : ::loadSemanticSceneDescriptor: File `data/scene_datasets/habitat-test-scenes/van-gogh-room.scn` does not exist.  Aborting load.
[19:25:03:438645]:[Warning]:[Scene] SemanticScene.cpp(123)::loadSemanticSceneDescriptor : SSD File Naming Issue! Neither SemanticAttributes-provided name : `data/scene_datasets/habitat-test-scenes/van-gogh-room.scn` nor constructed filename : `data/scene_datasets/habitat-test-scenes/info_semantic.json` exist on disk.
[19:25:03:438650]:[Error]:[Scene] SemanticScene.cpp(139)::loadSemanticSceneDescriptor : SSD Load Failure! File with SemanticAttributes-provided name `data/scene_datasets/habitat-test-scenes/van-gogh-room.scn` exists but failed to load.
[19:25:03:871861]:[Warning]:[Sim] Simulator.cpp(595)::instanceStageForSceneAttributes : The active scene does not contain semantic annotations : activeSemanticSceneID_ = 0
2026-08-11 19:25:05,063 update: 2490	fps: 490.564	
2026-08-11 19:25:05,063 Num updates: 2490	Num frames 398400
2026-08-11 19:25:05,063 Average window size: 50  distance_to_goal: 0.136  distance_to_goal_reward: 0.000  reward: 4.837  spl: 0.723  success: 0.893
2026-08-11 19:25:05,063 	Perf Stats: trainer.rollout_collect: 0.288 trainer.sample_action: 0.003 trainer.obs_insert: 0.000 trainer.step_env: 0.005 trainer.update_stats: 0.001 trainer.update_agent: 0.035
2026-08-11 19:25:08,201 update: 2500	fps: 490.638	
2026-08-11 19:25:08,202 Num updates: 2500	Num frames 400000
2026-08-11 19:25:08,202 Average window size: 50  distance_to_goal: 0.161  distance_to_goal_reward: 0.000  reward: 4.434  spl: 0.705  success: 0.877
2026-08-11 19:25:08,202 	Perf Stats: trainer.rollout_collect: 0.288 trainer.sample_action: 0.003 trainer.obs_insert: 0.000 trainer.step_env: 0.005 trainer.update_stats: 0.001 trainer.update_agent: 0.035
2026-08-11 19:25:11,321 update: 2510	fps: 490.723	
2026-08-11 19:25:11,321 Num updates: 2510	Num frames 401600
2026-08-11 19:25:11,321 Average window size: 50  distance_to_goal: 0.167  distance_to_goal_reward: 0.000  reward: 4.205  spl: 0.690  success: 0.865
2026-08-11 19:25:11,321 	Perf Stats: trainer.rollout_collect: 0.288 trainer.sample_action: 0.003 trainer.obs_insert: 0.000 trainer.step_env: 0.005 trainer.update_stats: 0.001 trainer.update_agent: 0.035
2026-08-11 19:25:14,357 update: 2520	fps: 490.857	
2026-08-11 19:25:14,365 Num updates: 2520	Num frames 403200
2026-08-11 19:25:14,365 Average window size: 50  distance_to_goal: 0.175  distance_to_goal_reward: 0.000  reward: 4.093  spl: 0.663  success: 0.840
2026-08-11 19:25:14,365 	Perf Stats: trainer.rollout_collect: 0.288 trainer.sample_action: 0.003 trainer.obs_insert: 0.000 trainer.step_env: 0.005 trainer.update_stats: 0.001 trainer.update_agent: 0.035
2026-08-11 19:25:17,405 update: 2530	fps: 490.983	
2026-08-11 19:25:17,405 Num updates: 2530	Num frames 404800
2026-08-11 19:25:17,405 Average window size: 50  distance_to_goal: 0.177  distance_to_goal_reward: 0.000  reward: 3.981  spl: 0.646  success: 0.832
2026-08-11 19:25:17,405 	Perf Stats: trainer.rollout_collect: 0.288 trainer.sample_action: 0.003 trainer.obs_insert: 0.000 trainer.step_env: 0.005 trainer.update_stats: 0.001 trainer.update_agent: 0.035
PluginManager::Manager: duplicate static plugin StbImageImporter, ignoring
PluginManager::Manager: duplicate static plugin GltfImporter, ignoring
PluginManager::Manager: duplicate static plugin BasisImporter, ignoring
PluginManager::Manager: duplicate static plugin AssimpImporter, ignoring
PluginManager::Manager: duplicate static plugin AnySceneImporter, ignoring
PluginManager::Manager: duplicate static plugin AnyImageImporter, ignoring
Renderer: NVIDIA GeForce RTX 4070/PCIe/SSE2 by NVIDIA Corporation
OpenGL version: 4.6.0 NVIDIA 580.173.02
Using optional features:
    GL_ARB_vertex_array_object
    GL_ARB_separate_shader_objects
    GL_ARB_robustness
    GL_ARB_texture_storage
    GL_ARB_texture_view
    GL_ARB_framebuffer_no_attachments
    GL_ARB_invalidate_subdata
    GL_ARB_texture_storage_multisample
    GL_ARB_multi_bind
    GL_ARB_direct_state_access
    GL_ARB_get_texture_sub_image
    GL_ARB_texture_filter_anisotropic
    GL_KHR_debug
    GL_KHR_parallel_shader_compile
    GL_NV_depth_buffer_float
Using driver workarounds:
    no-forward-compatible-core-context
    nv-egl-incorrect-gl11-function-pointers
    no-layout-qualifiers-on-old-glsl
    nv-zero-context-profile-mask
    nv-implementation-color-read-format-dsa-broken
    nv-cubemap-inconsistent-compressed-image-size
    nv-cubemap-broken-full-compressed-image-query
    nv-compressed-block-size-in-bits
[19:25:20:055372]:[Warning]:[Scene] SemanticScene.h(331)::checkFileExists : ::loadSemanticSceneDescriptor: File `data/scene_datasets/habitat-test-scenes/skokloster-castle.scn` does not exist.  Aborting load.
[19:25:20:055388]:[Warning]:[Scene] SemanticScene.cpp(123)::loadSemanticSceneDescriptor : SSD File Naming Issue! Neither SemanticAttributes-provided name : `data/scene_datasets/habitat-test-scenes/skokloster-castle.scn` nor constructed filename : `data/scene_datasets/habitat-test-scenes/info_semantic.json` exist on disk.
[19:25:20:055394]:[Error]:[Scene] SemanticScene.cpp(139)::loadSemanticSceneDescriptor : SSD Load Failure! File with SemanticAttributes-provided name `data/scene_datasets/habitat-test-scenes/skokloster-castle.scn` exists but failed to load.
[19:25:20:660274]:[Warning]:[Sim] Simulator.cpp(595)::instanceStageForSceneAttributes : The active scene does not contain semantic annotations : activeSemanticSceneID_ = 0
2026-08-11 19:25:21,058 update: 2540	fps: 490.749	
2026-08-11 19:25:21,058 Num updates: 2540	Num frames 406400
2026-08-11 19:25:21,058 Average window size: 50  distance_to_goal: 0.176  distance_to_goal_reward: 0.000  reward: 3.952  spl: 0.659  success: 0.848
2026-08-11 19:25:21,058 	Perf Stats: trainer.rollout_collect: 0.288 trainer.sample_action: 0.003 trainer.obs_insert: 0.000 trainer.step_env: 0.005 trainer.update_stats: 0.001 trainer.update_agent: 0.035
PluginManager::Manager: duplicate static plugin StbImageImporter, ignoring
PluginManager::Manager: duplicate static plugin GltfImporter, ignoring
PluginManager::Manager: duplicate static plugin BasisImporter, ignoring
PluginManager::Manager: duplicate static plugin AssimpImporter, ignoring
PluginManager::Manager: duplicate static plugin AnySceneImporter, ignoring
PluginManager::Manager: duplicate static plugin AnyImageImporter, ignoring
Renderer: NVIDIA GeForce RTX 4070/PCIe/SSE2 by NVIDIA Corporation
OpenGL version: 4.6.0 NVIDIA 580.173.02
Using optional features:
    GL_ARB_vertex_array_object
    GL_ARB_separate_shader_objects
    GL_ARB_robustness
    GL_ARB_texture_storage
    GL_ARB_texture_view
    GL_ARB_framebuffer_no_attachments
    GL_ARB_invalidate_subdata
    GL_ARB_texture_storage_multisample
    GL_ARB_multi_bind
    GL_ARB_direct_state_access
    GL_ARB_get_texture_sub_image
    GL_ARB_texture_filter_anisotropic
    GL_KHR_debug
    GL_KHR_parallel_shader_compile
    GL_NV_depth_buffer_float
Using driver workarounds:
    no-forward-compatible-core-context
    nv-egl-incorrect-gl11-function-pointers
    no-layout-qualifiers-on-old-glsl
    nv-zero-context-profile-mask
    nv-implementation-color-read-format-dsa-broken
    nv-cubemap-inconsistent-compressed-image-size
    nv-cubemap-broken-full-compressed-image-query
    nv-compressed-block-size-in-bits
[19:25:23:598085]:[Warning]:[Scene] SemanticScene.h(331)::checkFileExists : ::loadSemanticSceneDescriptor: File `data/scene_datasets/habitat-test-scenes/skokloster-castle.scn` does not exist.  Aborting load.
[19:25:23:598111]:[Warning]:[Scene] SemanticScene.cpp(123)::loadSemanticSceneDescriptor : SSD File Naming Issue! Neither SemanticAttributes-provided name : `data/scene_datasets/habitat-test-scenes/skokloster-castle.scn` nor constructed filename : `data/scene_datasets/habitat-test-scenes/info_semantic.json` exist on disk.
[19:25:23:598116]:[Error]:[Scene] SemanticScene.cpp(139)::loadSemanticSceneDescriptor : SSD Load Failure! File with SemanticAttributes-provided name `data/scene_datasets/habitat-test-scenes/skokloster-castle.scn` exists but failed to load.
[19:25:24:235094]:[Warning]:[Sim] Simulator.cpp(595)::instanceStageForSceneAttributes : The active scene does not contain semantic annotations : activeSemanticSceneID_ = 0
2026-08-11 19:25:24,793 update: 2550	fps: 490.469	
2026-08-11 19:25:24,793 Num updates: 2550	Num frames 408000
2026-08-11 19:25:24,794 Average window size: 50  distance_to_goal: 0.195  distance_to_goal_reward: 0.000  reward: 3.919  spl: 0.664  success: 0.860
2026-08-11 19:25:24,794 	Perf Stats: trainer.rollout_collect: 0.288 trainer.sample_action: 0.003 trainer.obs_insert: 0.000 trainer.step_env: 0.005 trainer.update_stats: 0.001 trainer.update_agent: 0.035
2026-08-11 19:25:27,914 update: 2560	fps: 490.552	
2026-08-11 19:25:27,914 Num updates: 2560	Num frames 409600
2026-08-11 19:25:27,914 Average window size: 50  distance_to_goal: 0.275  distance_to_goal_reward: 0.000  reward: 3.955  spl: 0.653  success: 0.848
2026-08-11 19:25:27,914 	Perf Stats: trainer.rollout_collect: 0.288 trainer.sample_action: 0.003 trainer.obs_insert: 0.000 trainer.step_env: 0.005 trainer.update_stats: 0.001 trainer.update_agent: 0.035
2026-08-11 19:25:31,023 update: 2570	fps: 490.641	
2026-08-11 19:25:31,023 Num updates: 2570	Num frames 411200
2026-08-11 19:25:31,023 Average window size: 50  distance_to_goal: 0.275  distance_to_goal_reward: 0.000  reward: 4.160  spl: 0.666  success: 0.878
2026-08-11 19:25:31,023 	Perf Stats: trainer.rollout_collect: 0.288 trainer.sample_action: 0.003 trainer.obs_insert: 0.000 trainer.step_env: 0.005 trainer.update_stats: 0.001 trainer.update_agent: 0.035
2026-08-11 19:25:34,162 update: 2580	fps: 490.713	
2026-08-11 19:25:34,162 Num updates: 2580	Num frames 412800
2026-08-11 19:25:34,162 Average window size: 50  distance_to_goal: 0.342  distance_to_goal_reward: 0.000  reward: 4.141  spl: 0.683  success: 0.901
2026-08-11 19:25:34,162 	Perf Stats: trainer.rollout_collect: 0.288 trainer.sample_action: 0.003 trainer.obs_insert: 0.000 trainer.step_env: 0.005 trainer.update_stats: 0.001 trainer.update_agent: 0.035
2026-08-11 19:25:37,321 update: 2590	fps: 490.771	
2026-08-11 19:25:37,322 Num updates: 2590	Num frames 414400
2026-08-11 19:25:37,322 Average window size: 50  distance_to_goal: 0.516  distance_to_goal_reward: 0.000  reward: 4.051  spl: 0.637  success: 0.868
2026-08-11 19:25:37,322 	Perf Stats: trainer.rollout_collect: 0.288 trainer.sample_action: 0.003 trainer.obs_insert: 0.000 trainer.step_env: 0.005 trainer.update_stats: 0.001 trainer.update_agent: 0.035
2026-08-11 19:25:40,558 update: 2600	fps: 490.785	
2026-08-11 19:25:40,558 Num updates: 2600	Num frames 416000
2026-08-11 19:25:40,558 Average window size: 50  distance_to_goal: 0.445  distance_to_goal_reward: 0.000  reward: 4.600  spl: 0.634  success: 0.862
2026-08-11 19:25:40,558 	Perf Stats: trainer.rollout_collect: 0.288 trainer.sample_action: 0.003 trainer.obs_insert: 0.000 trainer.step_env: 0.005 trainer.update_stats: 0.001 trainer.update_agent: 0.035
PluginManager::Manager: duplicate static plugin StbImageImporter, ignoring
PluginManager::Manager: duplicate static plugin GltfImporter, ignoring
PluginManager::Manager: duplicate static plugin BasisImporter, ignoring
PluginManager::Manager: duplicate static plugin AssimpImporter, ignoring
PluginManager::Manager: duplicate static plugin AnySceneImporter, ignoring
PluginManager::Manager: duplicate static plugin AnyImageImporter, ignoring
Renderer: NVIDIA GeForce RTX 4070/PCIe/SSE2 by NVIDIA Corporation
OpenGL version: 4.6.0 NVIDIA 580.173.02
Using optional features:
    GL_ARB_vertex_array_object
    GL_ARB_separate_shader_objects
    GL_ARB_robustness
    GL_ARB_texture_storage
    GL_ARB_texture_view
    GL_ARB_framebuffer_no_attachments
    GL_ARB_invalidate_subdata
    GL_ARB_texture_storage_multisample
    GL_ARB_multi_bind
    GL_ARB_direct_state_access
    GL_ARB_get_texture_sub_image
    GL_ARB_texture_filter_anisotropic
    GL_KHR_debug
    GL_KHR_parallel_shader_compile
    GL_NV_depth_buffer_float
Using driver workarounds:
    no-forward-compatible-core-context
    nv-egl-incorrect-gl11-function-pointers
    no-layout-qualifiers-on-old-glsl
    nv-zero-context-profile-mask
    nv-implementation-color-read-format-dsa-broken
    nv-cubemap-inconsistent-compressed-image-size
    nv-cubemap-broken-full-compressed-image-query
    nv-compressed-block-size-in-bits
[19:25:42:506384]:[Warning]:[Scene] SemanticScene.h(331)::checkFileExists : ::loadSemanticSceneDescriptor: File `data/scene_datasets/habitat-test-scenes/van-gogh-room.scn` does not exist.  Aborting load.
[19:25:42:506400]:[Warning]:[Scene] SemanticScene.cpp(123)::loadSemanticSceneDescriptor : SSD File Naming Issue! Neither SemanticAttributes-provided name : `data/scene_datasets/habitat-test-scenes/van-gogh-room.scn` nor constructed filename : `data/scene_datasets/habitat-test-scenes/info_semantic.json` exist on disk.
[19:25:42:506405]:[Error]:[Scene] SemanticScene.cpp(139)::loadSemanticSceneDescriptor : SSD Load Failure! File with SemanticAttributes-provided name `data/scene_datasets/habitat-test-scenes/van-gogh-room.scn` exists but failed to load.
[19:25:42:947237]:[Warning]:[Sim] Simulator.cpp(595)::instanceStageForSceneAttributes : The active scene does not contain semantic annotations : activeSemanticSceneID_ = 0
2026-08-11 19:25:44,127 update: 2610	fps: 490.607	
2026-08-11 19:25:44,127 Num updates: 2610	Num frames 417600
2026-08-11 19:25:44,127 Average window size: 50  distance_to_goal: 0.459  distance_to_goal_reward: 0.000  reward: 4.532  spl: 0.628  success: 0.851
2026-08-11 19:25:44,127 	Perf Stats: trainer.rollout_collect: 0.288 trainer.sample_action: 0.003 trainer.obs_insert: 0.000 trainer.step_env: 0.005 trainer.update_stats: 0.001 trainer.update_agent: 0.035
PluginManager::Manager: duplicate static plugin StbImageImporter, ignoring
PluginManager::Manager: duplicate static plugin GltfImporter, ignoring
PluginManager::Manager: duplicate static plugin BasisImporter, ignoring
PluginManager::Manager: duplicate static plugin AssimpImporter, ignoring
PluginManager::Manager: duplicate static plugin AnySceneImporter, ignoring
PluginManager::Manager: duplicate static plugin AnyImageImporter, ignoring
Renderer: NVIDIA GeForce RTX 4070/PCIe/SSE2 by NVIDIA Corporation
OpenGL version: 4.6.0 NVIDIA 580.173.02
Using optional features:
    GL_ARB_vertex_array_object
    GL_ARB_separate_shader_objects
    GL_ARB_robustness
    GL_ARB_texture_storage
    GL_ARB_texture_view
    GL_ARB_framebuffer_no_attachments
    GL_ARB_invalidate_subdata
    GL_ARB_texture_storage_multisample
    GL_ARB_multi_bind
    GL_ARB_direct_state_access
    GL_ARB_get_texture_sub_image
    GL_ARB_texture_filter_anisotropic
    GL_KHR_debug
    GL_KHR_parallel_shader_compile
    GL_NV_depth_buffer_float
Using driver workarounds:
    no-forward-compatible-core-context
    nv-egl-incorrect-gl11-function-pointers
    no-layout-qualifiers-on-old-glsl
    nv-zero-context-profile-mask
    nv-implementation-color-read-format-dsa-broken
    nv-cubemap-inconsistent-compressed-image-size
    nv-cubemap-broken-full-compressed-image-query
    nv-compressed-block-size-in-bits
[19:25:44:342507]:[Warning]:[Scene] SemanticScene.h(331)::checkFileExists : ::loadSemanticSceneDescriptor: File `data/scene_datasets/habitat-test-scenes/skokloster-castle.scn` does not exist.  Aborting load.
[19:25:44:342524]:[Warning]:[Scene] SemanticScene.cpp(123)::loadSemanticSceneDescriptor : SSD File Naming Issue! Neither SemanticAttributes-provided name : `data/scene_datasets/habitat-test-scenes/skokloster-castle.scn` nor constructed filename : `data/scene_datasets/habitat-test-scenes/info_semantic.json` exist on disk.
[19:25:44:342529]:[Error]:[Scene] SemanticScene.cpp(139)::loadSemanticSceneDescriptor : SSD Load Failure! File with SemanticAttributes-provided name `data/scene_datasets/habitat-test-scenes/skokloster-castle.scn` exists but failed to load.
[19:25:44:964749]:[Warning]:[Sim] Simulator.cpp(595)::instanceStageForSceneAttributes : The active scene does not contain semantic annotations : activeSemanticSceneID_ = 0
2026-08-11 19:25:47,901 update: 2620	fps: 490.313	
2026-08-11 19:25:47,901 Num updates: 2620	Num frames 419200
2026-08-11 19:25:47,901 Average window size: 50  distance_to_goal: 0.518  distance_to_goal_reward: -0.000  reward: 4.336  spl: 0.633  success: 0.843
2026-08-11 19:25:47,901 	Perf Stats: trainer.rollout_collect: 0.288 trainer.sample_action: 0.003 trainer.obs_insert: 0.000 trainer.step_env: 0.005 trainer.update_stats: 0.001 trainer.update_agent: 0.035
2026-08-11 19:25:51,038 update: 2630	fps: 490.384	
2026-08-11 19:25:51,038 Num updates: 2630	Num frames 420800
2026-08-11 19:25:51,039 Average window size: 50  distance_to_goal: 0.575  distance_to_goal_reward: -0.002  reward: 4.458  spl: 0.608  success: 0.796
2026-08-11 19:25:51,039 	Perf Stats: trainer.rollout_collect: 0.288 trainer.sample_action: 0.003 trainer.obs_insert: 0.000 trainer.step_env: 0.005 trainer.update_stats: 0.001 trainer.update_agent: 0.035
2026-08-11 19:25:54,170 update: 2640	fps: 490.459	
2026-08-11 19:25:54,170 Num updates: 2640	Num frames 422400
2026-08-11 19:25:54,170 Average window size: 50  distance_to_goal: 0.441  distance_to_goal_reward: -0.002  reward: 4.601  spl: 0.631  success: 0.807
2026-08-11 19:25:54,170 	Perf Stats: trainer.rollout_collect: 0.288 trainer.sample_action: 0.003 trainer.obs_insert: 0.000 trainer.step_env: 0.005 trainer.update_stats: 0.001 trainer.update_agent: 0.035
2026-08-11 19:25:57,321 update: 2650	fps: 490.522	
2026-08-11 19:25:57,321 Num updates: 2650	Num frames 424000
2026-08-11 19:25:57,321 Average window size: 50  distance_to_goal: 0.538  distance_to_goal_reward: -0.002  reward: 4.464  spl: 0.630  success: 0.810
2026-08-11 19:25:57,321 	Perf Stats: trainer.rollout_collect: 0.288 trainer.sample_action: 0.003 trainer.obs_insert: 0.000 trainer.step_env: 0.005 trainer.update_stats: 0.001 trainer.update_agent: 0.035
2026-08-11 19:26:00,444 update: 2660	fps: 490.605	
2026-08-11 19:26:00,444 Num updates: 2660	Num frames 425600
2026-08-11 19:26:00,444 Average window size: 50  distance_to_goal: 0.542  distance_to_goal_reward: -0.003  reward: 4.422  spl: 0.629  success: 0.804
2026-08-11 19:26:00,445 	Perf Stats: trainer.rollout_collect: 0.288 trainer.sample_action: 0.003 trainer.obs_insert: 0.000 trainer.step_env: 0.005 trainer.update_stats: 0.001 trainer.update_agent: 0.035
2026-08-11 19:26:03,562 update: 2670	fps: 490.681	
2026-08-11 19:26:03,562 Num updates: 2670	Num frames 427200
2026-08-11 19:26:03,562 Average window size: 50  distance_to_goal: 0.584  distance_to_goal_reward: -0.002  reward: 4.346  spl: 0.628  success: 0.796
2026-08-11 19:26:03,562 	Perf Stats: trainer.rollout_collect: 0.288 trainer.sample_action: 0.003 trainer.obs_insert: 0.000 trainer.step_env: 0.005 trainer.update_stats: 0.001 trainer.update_agent: 0.035
2026-08-11 19:26:06,707 update: 2680	fps: 490.747	
2026-08-11 19:26:06,707 Num updates: 2680	Num frames 428800
2026-08-11 19:26:06,707 Average window size: 50  distance_to_goal: 0.468  distance_to_goal_reward: 0.000  reward: 4.263  spl: 0.671  success: 0.857
2026-08-11 19:26:06,707 	Perf Stats: trainer.rollout_collect: 0.288 trainer.sample_action: 0.003 trainer.obs_insert: 0.000 trainer.step_env: 0.005 trainer.update_stats: 0.001 trainer.update_agent: 0.035
2026-08-11 19:26:09,829 update: 2690	fps: 490.824	
2026-08-11 19:26:09,829 Num updates: 2690	Num frames 430400
2026-08-11 19:26:09,829 Average window size: 50  distance_to_goal: 0.687  distance_to_goal_reward: 0.000  reward: 4.177  spl: 0.650  success: 0.861
2026-08-11 19:26:09,829 	Perf Stats: trainer.rollout_collect: 0.288 trainer.sample_action: 0.003 trainer.obs_insert: 0.000 trainer.step_env: 0.005 trainer.update_stats: 0.001 trainer.update_agent: 0.035
2026-08-11 19:26:13,080 update: 2700	fps: 490.828	
2026-08-11 19:26:13,081 Num updates: 2700	Num frames 432000
2026-08-11 19:26:13,081 Average window size: 50  distance_to_goal: 0.558  distance_to_goal_reward: 0.000  reward: 4.489  spl: 0.621  success: 0.854
2026-08-11 19:26:13,081 	Perf Stats: trainer.rollout_collect: 0.288 trainer.sample_action: 0.003 trainer.obs_insert: 0.000 trainer.step_env: 0.005 trainer.update_stats: 0.001 trainer.update_agent: 0.035
2026-08-11 19:26:16,210 update: 2710	fps: 490.901	
2026-08-11 19:26:16,210 Num updates: 2710	Num frames 433600
2026-08-11 19:26:16,210 Average window size: 50  distance_to_goal: 0.509  distance_to_goal_reward: 0.000  reward: 4.620  spl: 0.622  success: 0.862
2026-08-11 19:26:16,210 	Perf Stats: trainer.rollout_collect: 0.288 trainer.sample_action: 0.003 trainer.obs_insert: 0.000 trainer.step_env: 0.005 trainer.update_stats: 0.001 trainer.update_agent: 0.035
2026-08-11 19:26:19,349 update: 2720	fps: 490.968	
2026-08-11 19:26:19,349 Num updates: 2720	Num frames 435200
2026-08-11 19:26:19,349 Average window size: 50  distance_to_goal: 0.477  distance_to_goal_reward: 0.000  reward: 4.871  spl: 0.634  success: 0.890
2026-08-11 19:26:19,349 	Perf Stats: trainer.rollout_collect: 0.288 trainer.sample_action: 0.003 trainer.obs_insert: 0.000 trainer.step_env: 0.005 trainer.update_stats: 0.001 trainer.update_agent: 0.035
2026-08-11 19:26:22,466 update: 2730	fps: 491.046	
2026-08-11 19:26:22,466 Num updates: 2730	Num frames 436800
2026-08-11 19:26:22,467 Average window size: 50  distance_to_goal: 0.471  distance_to_goal_reward: 0.000  reward: 4.928  spl: 0.632  success: 0.882
2026-08-11 19:26:22,467 	Perf Stats: trainer.rollout_collect: 0.288 trainer.sample_action: 0.003 trainer.obs_insert: 0.000 trainer.step_env: 0.005 trainer.update_stats: 0.001 trainer.update_agent: 0.035
2026-08-11 19:26:25,582 update: 2740	fps: 491.124	
2026-08-11 19:26:25,582 Num updates: 2740	Num frames 438400
2026-08-11 19:26:25,582 Average window size: 50  distance_to_goal: 0.472  distance_to_goal_reward: 0.000  reward: 4.617  spl: 0.628  success: 0.868
2026-08-11 19:26:25,582 	Perf Stats: trainer.rollout_collect: 0.288 trainer.sample_action: 0.003 trainer.obs_insert: 0.000 trainer.step_env: 0.005 trainer.update_stats: 0.001 trainer.update_agent: 0.035
2026-08-11 19:26:28,692 update: 2750	fps: 491.205	
2026-08-11 19:26:28,692 Num updates: 2750	Num frames 440000
2026-08-11 19:26:28,692 Average window size: 50  distance_to_goal: 0.543  distance_to_goal_reward: 0.000  reward: 4.221  spl: 0.637  success: 0.862
2026-08-11 19:26:28,692 	Perf Stats: trainer.rollout_collect: 0.288 trainer.sample_action: 0.003 trainer.obs_insert: 0.000 trainer.step_env: 0.005 trainer.update_stats: 0.001 trainer.update_agent: 0.035
2026-08-11 19:26:31,811 update: 2760	fps: 491.281	
2026-08-11 19:26:31,811 Num updates: 2760	Num frames 441600
2026-08-11 19:26:31,811 Average window size: 50  distance_to_goal: 0.625  distance_to_goal_reward: 0.000  reward: 3.737  spl: 0.631  success: 0.835
2026-08-11 19:26:31,811 	Perf Stats: trainer.rollout_collect: 0.288 trainer.sample_action: 0.003 trainer.obs_insert: 0.000 trainer.step_env: 0.005 trainer.update_stats: 0.001 trainer.update_agent: 0.035
2026-08-11 19:26:34,920 update: 2770	fps: 491.361	
2026-08-11 19:26:34,920 Num updates: 2770	Num frames 443200
2026-08-11 19:26:34,920 Average window size: 50  distance_to_goal: 0.580  distance_to_goal_reward: 0.000  reward: 3.482  spl: 0.632  success: 0.828
2026-08-11 19:26:34,920 	Perf Stats: trainer.rollout_collect: 0.288 trainer.sample_action: 0.003 trainer.obs_insert: 0.000 trainer.step_env: 0.005 trainer.update_stats: 0.001 trainer.update_agent: 0.035
2026-08-11 19:26:38,049 update: 2780	fps: 491.430	
2026-08-11 19:26:38,049 Num updates: 2780	Num frames 444800
2026-08-11 19:26:38,049 Average window size: 50  distance_to_goal: 0.833  distance_to_goal_reward: 0.000  reward: 3.000  spl: 0.587  success: 0.764
2026-08-11 19:26:38,049 	Perf Stats: trainer.rollout_collect: 0.288 trainer.sample_action: 0.003 trainer.obs_insert: 0.000 trainer.step_env: 0.005 trainer.update_stats: 0.001 trainer.update_agent: 0.035
2026-08-11 19:26:41,164 update: 2790	fps: 491.507	
2026-08-11 19:26:41,164 Num updates: 2790	Num frames 446400
2026-08-11 19:26:41,164 Average window size: 50  distance_to_goal: 0.730  distance_to_goal_reward: 0.000  reward: 3.119  spl: 0.624  success: 0.789
2026-08-11 19:26:41,164 	Perf Stats: trainer.rollout_collect: 0.288 trainer.sample_action: 0.003 trainer.obs_insert: 0.000 trainer.step_env: 0.005 trainer.update_stats: 0.001 trainer.update_agent: 0.035
2026-08-11 19:26:44,395 update: 2800	fps: 491.519	
2026-08-11 19:26:44,396 Num updates: 2800	Num frames 448000
2026-08-11 19:26:44,396 Average window size: 50  distance_to_goal: 0.972  distance_to_goal_reward: 0.000  reward: 3.026  spl: 0.603  success: 0.753
2026-08-11 19:26:44,396 	Perf Stats: trainer.rollout_collect: 0.288 trainer.sample_action: 0.003 trainer.obs_insert: 0.000 trainer.step_env: 0.005 trainer.update_stats: 0.001 trainer.update_agent: 0.035
2026-08-11 19:26:47,525 update: 2810	fps: 491.587	
2026-08-11 19:26:47,525 Num updates: 2810	Num frames 449600
2026-08-11 19:26:47,525 Average window size: 50  distance_to_goal: 0.891  distance_to_goal_reward: 0.000  reward: 3.339  spl: 0.631  success: 0.787
2026-08-11 19:26:47,525 	Perf Stats: trainer.rollout_collect: 0.288 trainer.sample_action: 0.003 trainer.obs_insert: 0.000 trainer.step_env: 0.005 trainer.update_stats: 0.001 trainer.update_agent: 0.035
PluginManager::Manager: duplicate static plugin StbImageImporter, ignoring
PluginManager::Manager: duplicate static plugin GltfImporter, ignoring
PluginManager::Manager: duplicate static plugin BasisImporter, ignoring
PluginManager::Manager: duplicate static plugin AssimpImporter, ignoring
PluginManager::Manager: duplicate static plugin AnySceneImporter, ignoring
PluginManager::Manager: duplicate static plugin AnyImageImporter, ignoring
Renderer: NVIDIA GeForce RTX 4070/PCIe/SSE2 by NVIDIA Corporation
OpenGL version: 4.6.0 NVIDIA 580.173.02
Using optional features:
    GL_ARB_vertex_array_object
    GL_ARB_separate_shader_objects
    GL_ARB_robustness
    GL_ARB_texture_storage
    GL_ARB_texture_view
    GL_ARB_framebuffer_no_attachments
    GL_ARB_invalidate_subdata
    GL_ARB_texture_storage_multisample
    GL_ARB_multi_bind
    GL_ARB_direct_state_access
    GL_ARB_get_texture_sub_image
    GL_ARB_texture_filter_anisotropic
    GL_KHR_debug
    GL_KHR_parallel_shader_compile
    GL_NV_depth_buffer_float
Using driver workarounds:
    no-forward-compatible-core-context
    nv-egl-incorrect-gl11-function-pointers
    no-layout-qualifiers-on-old-glsl
    nv-zero-context-profile-mask
    nv-implementation-color-read-format-dsa-broken
    nv-cubemap-inconsistent-compressed-image-size
    nv-cubemap-broken-full-compressed-image-query
    nv-compressed-block-size-in-bits
[19:26:49:809141]:[Warning]:[Scene] SemanticScene.h(331)::checkFileExists : ::loadSemanticSceneDescriptor: File `data/scene_datasets/habitat-test-scenes/van-gogh-room.scn` does not exist.  Aborting load.
[19:26:49:809157]:[Warning]:[Scene] SemanticScene.cpp(123)::loadSemanticSceneDescriptor : SSD File Naming Issue! Neither SemanticAttributes-provided name : `data/scene_datasets/habitat-test-scenes/van-gogh-room.scn` nor constructed filename : `data/scene_datasets/habitat-test-scenes/info_semantic.json` exist on disk.
[19:26:49:809162]:[Error]:[Scene] SemanticScene.cpp(139)::loadSemanticSceneDescriptor : SSD Load Failure! File with SemanticAttributes-provided name `data/scene_datasets/habitat-test-scenes/van-gogh-room.scn` exists but failed to load.
[19:26:50:277822]:[Warning]:[Sim] Simulator.cpp(595)::instanceStageForSceneAttributes : The active scene does not contain semantic annotations : activeSemanticSceneID_ = 0
2026-08-11 19:26:51,119 update: 2820	fps: 491.405	
2026-08-11 19:26:51,120 Num updates: 2820	Num frames 451200
2026-08-11 19:26:51,120 Average window size: 50  distance_to_goal: 1.106  distance_to_goal_reward: 0.000  reward: 3.214  spl: 0.641  success: 0.795
2026-08-11 19:26:51,120 	Perf Stats: trainer.rollout_collect: 0.288 trainer.sample_action: 0.003 trainer.obs_insert: 0.000 trainer.step_env: 0.005 trainer.update_stats: 0.001 trainer.update_agent: 0.035
2026-08-11 19:26:54,209 update: 2830	fps: 491.494	
2026-08-11 19:26:54,210 Num updates: 2830	Num frames 452800
2026-08-11 19:26:54,210 Average window size: 50  distance_to_goal: 0.789  distance_to_goal_reward: 0.000  reward: 3.580  spl: 0.680  success: 0.849
2026-08-11 19:26:54,210 	Perf Stats: trainer.rollout_collect: 0.288 trainer.sample_action: 0.003 trainer.obs_insert: 0.000 trainer.step_env: 0.005 trainer.update_stats: 0.001 trainer.update_agent: 0.035
2026-08-11 19:26:57,296 update: 2840	fps: 491.583	
2026-08-11 19:26:57,296 Num updates: 2840	Num frames 454400
2026-08-11 19:26:57,296 Average window size: 50  distance_to_goal: 0.713  distance_to_goal_reward: 0.000  reward: 3.545  spl: 0.666  success: 0.833
2026-08-11 19:26:57,296 	Perf Stats: trainer.rollout_collect: 0.288 trainer.sample_action: 0.003 trainer.obs_insert: 0.000 trainer.step_env: 0.005 trainer.update_stats: 0.001 trainer.update_agent: 0.035
2026-08-11 19:27:00,367 update: 2850	fps: 491.681	
2026-08-11 19:27:00,367 Num updates: 2850	Num frames 456000
2026-08-11 19:27:00,367 Average window size: 50  distance_to_goal: 0.588  distance_to_goal_reward: 0.000  reward: 3.527  spl: 0.672  success: 0.850
2026-08-11 19:27:00,367 	Perf Stats: trainer.rollout_collect: 0.288 trainer.sample_action: 0.003 trainer.obs_insert: 0.000 trainer.step_env: 0.005 trainer.update_stats: 0.001 trainer.update_agent: 0.035
PluginManager::Manager: duplicate static plugin StbImageImporter, ignoring
PluginManager::Manager: duplicate static plugin GltfImporter, ignoring
PluginManager::Manager: duplicate static plugin BasisImporter, ignoring
PluginManager::Manager: duplicate static plugin AssimpImporter, ignoring
PluginManager::Manager: duplicate static plugin AnySceneImporter, ignoring
PluginManager::Manager: duplicate static plugin AnyImageImporter, ignoring
Renderer: NVIDIA GeForce RTX 4070/PCIe/SSE2 by NVIDIA Corporation
OpenGL version: 4.6.0 NVIDIA 580.173.02
Using optional features:
    GL_ARB_vertex_array_object
    GL_ARB_separate_shader_objects
    GL_ARB_robustness
    GL_ARB_texture_storage
    GL_ARB_texture_view
    GL_ARB_framebuffer_no_attachments
    GL_ARB_invalidate_subdata
    GL_ARB_texture_storage_multisample
    GL_ARB_multi_bind
    GL_ARB_direct_state_access
    GL_ARB_get_texture_sub_image
    GL_ARB_texture_filter_anisotropic
    GL_KHR_debug
    GL_KHR_parallel_shader_compile
    GL_NV_depth_buffer_float
Using driver workarounds:
    no-forward-compatible-core-context
    nv-egl-incorrect-gl11-function-pointers
    no-layout-qualifiers-on-old-glsl
    nv-zero-context-profile-mask
    nv-implementation-color-read-format-dsa-broken
    nv-cubemap-inconsistent-compressed-image-size
    nv-cubemap-broken-full-compressed-image-query
    nv-compressed-block-size-in-bits
[19:27:02:701498]:[Warning]:[Scene] SemanticScene.h(331)::checkFileExists : ::loadSemanticSceneDescriptor: File `data/scene_datasets/habitat-test-scenes/skokloster-castle.scn` does not exist.  Aborting load.
[19:27:02:701514]:[Warning]:[Scene] SemanticScene.cpp(123)::loadSemanticSceneDescriptor : SSD File Naming Issue! Neither SemanticAttributes-provided name : `data/scene_datasets/habitat-test-scenes/skokloster-castle.scn` nor constructed filename : `data/scene_datasets/habitat-test-scenes/info_semantic.json` exist on disk.
[19:27:02:701519]:[Error]:[Scene] SemanticScene.cpp(139)::loadSemanticSceneDescriptor : SSD Load Failure! File with SemanticAttributes-provided name `data/scene_datasets/habitat-test-scenes/skokloster-castle.scn` exists but failed to load.
[19:27:03:307257]:[Warning]:[Sim] Simulator.cpp(595)::instanceStageForSceneAttributes : The active scene does not contain semantic annotations : activeSemanticSceneID_ = 0
PluginManager::Manager: duplicate static plugin StbImageImporter, ignoring
PluginManager::Manager: duplicate static plugin GltfImporter, ignoring
PluginManager::Manager: duplicate static plugin BasisImporter, ignoring
PluginManager::Manager: duplicate static plugin AssimpImporter, ignoring
PluginManager::Manager: duplicate static plugin AnySceneImporter, ignoring
PluginManager::Manager: duplicate static plugin AnyImageImporter, ignoring
Renderer: NVIDIA GeForce RTX 4070/PCIe/SSE2 by NVIDIA Corporation
OpenGL version: 4.6.0 NVIDIA 580.173.02
Using optional features:
    GL_ARB_vertex_array_object
    GL_ARB_separate_shader_objects
    GL_ARB_robustness
    GL_ARB_texture_storage
    GL_ARB_texture_view
    GL_ARB_framebuffer_no_attachments
    GL_ARB_invalidate_subdata
    GL_ARB_texture_storage_multisample
    GL_ARB_multi_bind
    GL_ARB_direct_state_access
    GL_ARB_get_texture_sub_image
    GL_ARB_texture_filter_anisotropic
    GL_KHR_debug
    GL_KHR_parallel_shader_compile
    GL_NV_depth_buffer_float
Using driver workarounds:
    no-forward-compatible-core-context
    nv-egl-incorrect-gl11-function-pointers
    no-layout-qualifiers-on-old-glsl
    nv-zero-context-profile-mask
    nv-implementation-color-read-format-dsa-broken
    nv-cubemap-inconsistent-compressed-image-size
    nv-cubemap-broken-full-compressed-image-query
    nv-compressed-block-size-in-bits
[19:27:03:984118]:[Warning]:[Scene] SemanticScene.h(331)::checkFileExists : ::loadSemanticSceneDescriptor: File `data/scene_datasets/habitat-test-scenes/van-gogh-room.scn` does not exist.  Aborting load.
[19:27:03:984134]:[Warning]:[Scene] SemanticScene.cpp(123)::loadSemanticSceneDescriptor : SSD File Naming Issue! Neither SemanticAttributes-provided name : `data/scene_datasets/habitat-test-scenes/van-gogh-room.scn` nor constructed filename : `data/scene_datasets/habitat-test-scenes/info_semantic.json` exist on disk.
[19:27:03:984139]:[Error]:[Scene] SemanticScene.cpp(139)::loadSemanticSceneDescriptor : SSD Load Failure! File with SemanticAttributes-provided name `data/scene_datasets/habitat-test-scenes/van-gogh-room.scn` exists but failed to load.
[19:27:04:417904]:[Warning]:[Sim] Simulator.cpp(595)::instanceStageForSceneAttributes : The active scene does not contain semantic annotations : activeSemanticSceneID_ = 0
2026-08-11 19:27:04,555 update: 2860	fps: 491.188	
2026-08-11 19:27:04,555 Num updates: 2860	Num frames 457600
2026-08-11 19:27:04,555 Average window size: 50  distance_to_goal: 0.577  distance_to_goal_reward: 0.000  reward: 3.835  spl: 0.674  success: 0.847
2026-08-11 19:27:04,555 	Perf Stats: trainer.rollout_collect: 0.288 trainer.sample_action: 0.003 trainer.obs_insert: 0.000 trainer.step_env: 0.005 trainer.update_stats: 0.001 trainer.update_agent: 0.035
2026-08-11 19:27:07,667 update: 2870	fps: 491.265	
2026-08-11 19:27:07,667 Num updates: 2870	Num frames 459200
2026-08-11 19:27:07,667 Average window size: 50  distance_to_goal: 0.411  distance_to_goal_reward: 0.000  reward: 4.008  spl: 0.665  success: 0.835
2026-08-11 19:27:07,667 	Perf Stats: trainer.rollout_collect: 0.288 trainer.sample_action: 0.003 trainer.obs_insert: 0.000 trainer.step_env: 0.005 trainer.update_stats: 0.001 trainer.update_agent: 0.035
2026-08-11 19:27:10,801 update: 2880	fps: 491.329	
2026-08-11 19:27:10,801 Num updates: 2880	Num frames 460800
2026-08-11 19:27:10,801 Average window size: 50  distance_to_goal: 0.373  distance_to_goal_reward: 0.000  reward: 4.237  spl: 0.649  success: 0.816
2026-08-11 19:27:10,801 	Perf Stats: trainer.rollout_collect: 0.288 trainer.sample_action: 0.003 trainer.obs_insert: 0.000 trainer.step_env: 0.005 trainer.update_stats: 0.001 trainer.update_agent: 0.035
2026-08-11 19:27:13,923 update: 2890	fps: 491.399	
2026-08-11 19:27:13,932 Num updates: 2890	Num frames 462400
2026-08-11 19:27:13,932 Average window size: 50  distance_to_goal: 0.350  distance_to_goal_reward: 0.000  reward: 4.300  spl: 0.621  success: 0.776
2026-08-11 19:27:13,932 	Perf Stats: trainer.rollout_collect: 0.288 trainer.sample_action: 0.003 trainer.obs_insert: 0.000 trainer.step_env: 0.005 trainer.update_stats: 0.001 trainer.update_agent: 0.035
2026-08-11 19:27:17,149 update: 2900	fps: 491.415	
2026-08-11 19:27:17,149 Num updates: 2900	Num frames 464000
2026-08-11 19:27:17,149 Average window size: 50  distance_to_goal: 0.371  distance_to_goal_reward: 0.000  reward: 4.342  spl: 0.625  success: 0.773
2026-08-11 19:27:17,149 	Perf Stats: trainer.rollout_collect: 0.288 trainer.sample_action: 0.003 trainer.obs_insert: 0.000 trainer.step_env: 0.005 trainer.update_stats: 0.001 trainer.update_agent: 0.035
2026-08-11 19:27:20,231 update: 2910	fps: 491.505	
2026-08-11 19:27:20,231 Num updates: 2910	Num frames 465600
2026-08-11 19:27:20,231 Average window size: 50  distance_to_goal: 0.287  distance_to_goal_reward: 0.000  reward: 4.233  spl: 0.627  success: 0.771
2026-08-11 19:27:20,231 	Perf Stats: trainer.rollout_collect: 0.288 trainer.sample_action: 0.003 trainer.obs_insert: 0.000 trainer.step_env: 0.005 trainer.update_stats: 0.001 trainer.update_agent: 0.035
2026-08-11 19:27:23,290 update: 2920	fps: 491.606	
2026-08-11 19:27:23,290 Num updates: 2920	Num frames 467200
2026-08-11 19:27:23,290 Average window size: 50  distance_to_goal: 0.341  distance_to_goal_reward: 0.000  reward: 4.050  spl: 0.641  success: 0.781
2026-08-11 19:27:23,290 	Perf Stats: trainer.rollout_collect: 0.288 trainer.sample_action: 0.003 trainer.obs_insert: 0.000 trainer.step_env: 0.005 trainer.update_stats: 0.001 trainer.update_agent: 0.035
2026-08-11 19:27:26,367 update: 2930	fps: 491.698	
2026-08-11 19:27:26,367 Num updates: 2930	Num frames 468800
2026-08-11 19:27:26,368 Average window size: 50  distance_to_goal: 0.359  distance_to_goal_reward: 0.000  reward: 3.797  spl: 0.663  success: 0.802
2026-08-11 19:27:26,368 	Perf Stats: trainer.rollout_collect: 0.287 trainer.sample_action: 0.003 trainer.obs_insert: 0.000 trainer.step_env: 0.005 trainer.update_stats: 0.001 trainer.update_agent: 0.035
PluginManager::Manager: duplicate static plugin StbImageImporter, ignoring
PluginManager::Manager: duplicate static plugin GltfImporter, ignoring
PluginManager::Manager: duplicate static plugin BasisImporter, ignoring
PluginManager::Manager: duplicate static plugin AssimpImporter, ignoring
PluginManager::Manager: duplicate static plugin AnySceneImporter, ignoring
PluginManager::Manager: duplicate static plugin AnyImageImporter, ignoring
Renderer: NVIDIA GeForce RTX 4070/PCIe/SSE2 by NVIDIA Corporation
OpenGL version: 4.6.0 NVIDIA 580.173.02
Using optional features:
    GL_ARB_vertex_array_object
    GL_ARB_separate_shader_objects
    GL_ARB_robustness
    GL_ARB_texture_storage
    GL_ARB_texture_view
    GL_ARB_framebuffer_no_attachments
    GL_ARB_invalidate_subdata
    GL_ARB_texture_storage_multisample
    GL_ARB_multi_bind
    GL_ARB_direct_state_access
    GL_ARB_get_texture_sub_image
    GL_ARB_texture_filter_anisotropic
    GL_KHR_debug
    GL_KHR_parallel_shader_compile
    GL_NV_depth_buffer_float
Using driver workarounds:
    no-forward-compatible-core-context
    nv-egl-incorrect-gl11-function-pointers
    no-layout-qualifiers-on-old-glsl
    nv-zero-context-profile-mask
    nv-implementation-color-read-format-dsa-broken
    nv-cubemap-inconsistent-compressed-image-size
    nv-cubemap-broken-full-compressed-image-query
    nv-compressed-block-size-in-bits
[19:27:29:397829]:[Warning]:[Scene] SemanticScene.h(331)::checkFileExists : ::loadSemanticSceneDescriptor: File `data/scene_datasets/habitat-test-scenes/skokloster-castle.scn` does not exist.  Aborting load.
[19:27:29:397845]:[Warning]:[Scene] SemanticScene.cpp(123)::loadSemanticSceneDescriptor : SSD File Naming Issue! Neither SemanticAttributes-provided name : `data/scene_datasets/habitat-test-scenes/skokloster-castle.scn` nor constructed filename : `data/scene_datasets/habitat-test-scenes/info_semantic.json` exist on disk.
[19:27:29:397851]:[Error]:[Scene] SemanticScene.cpp(139)::loadSemanticSceneDescriptor : SSD Load Failure! File with SemanticAttributes-provided name `data/scene_datasets/habitat-test-scenes/skokloster-castle.scn` exists but failed to load.
[19:27:30:018845]:[Warning]:[Sim] Simulator.cpp(595)::instanceStageForSceneAttributes : The active scene does not contain semantic annotations : activeSemanticSceneID_ = 0
2026-08-11 19:27:30,123 update: 2940	fps: 491.440	
2026-08-11 19:27:30,123 Num updates: 2940	Num frames 470400
2026-08-11 19:27:30,123 Average window size: 50  distance_to_goal: 0.377  distance_to_goal_reward: -0.000  reward: 3.965  spl: 0.699  success: 0.850
2026-08-11 19:27:30,123 	Perf Stats: trainer.rollout_collect: 0.288 trainer.sample_action: 0.003 trainer.obs_insert: 0.000 trainer.step_env: 0.005 trainer.update_stats: 0.001 trainer.update_agent: 0.035
2026-08-11 19:27:33,266 update: 2950	fps: 491.497	
2026-08-11 19:27:33,267 Num updates: 2950	Num frames 472000
2026-08-11 19:27:33,267 Average window size: 50  distance_to_goal: 0.299  distance_to_goal_reward: -0.000  reward: 4.071  spl: 0.697  success: 0.857
2026-08-11 19:27:33,267 	Perf Stats: trainer.rollout_collect: 0.288 trainer.sample_action: 0.003 trainer.obs_insert: 0.000 trainer.step_env: 0.005 trainer.update_stats: 0.001 trainer.update_agent: 0.035
2026-08-11 19:27:36,411 update: 2960	fps: 491.554	
2026-08-11 19:27:36,411 Num updates: 2960	Num frames 473600
2026-08-11 19:27:36,411 Average window size: 50  distance_to_goal: 0.630  distance_to_goal_reward: -0.000  reward: 3.782  spl: 0.689  success: 0.843
2026-08-11 19:27:36,411 	Perf Stats: trainer.rollout_collect: 0.288 trainer.sample_action: 0.003 trainer.obs_insert: 0.000 trainer.step_env: 0.005 trainer.update_stats: 0.001 trainer.update_agent: 0.035
2026-08-11 19:27:39,566 update: 2970	fps: 491.605	
2026-08-11 19:27:39,566 Num updates: 2970	Num frames 475200
2026-08-11 19:27:39,566 Average window size: 50  distance_to_goal: 0.580  distance_to_goal_reward: -0.000  reward: 4.036  spl: 0.678  success: 0.840
2026-08-11 19:27:39,566 	Perf Stats: trainer.rollout_collect: 0.288 trainer.sample_action: 0.003 trainer.obs_insert: 0.000 trainer.step_env: 0.005 trainer.update_stats: 0.001 trainer.update_agent: 0.035
2026-08-11 19:27:42,703 update: 2980	fps: 491.664	
2026-08-11 19:27:42,704 Num updates: 2980	Num frames 476800
2026-08-11 19:27:42,704 Average window size: 50  distance_to_goal: 0.497  distance_to_goal_reward: 0.000  reward: 4.420  spl: 0.708  success: 0.864
2026-08-11 19:27:42,704 	Perf Stats: trainer.rollout_collect: 0.288 trainer.sample_action: 0.003 trainer.obs_insert: 0.000 trainer.step_env: 0.005 trainer.update_stats: 0.001 trainer.update_agent: 0.035
PluginManager::Manager: duplicate static plugin StbImageImporter, ignoring
PluginManager::Manager: duplicate static plugin GltfImporter, ignoring
PluginManager::Manager: duplicate static plugin BasisImporter, ignoring
PluginManager::Manager: duplicate static plugin AssimpImporter, ignoring
PluginManager::Manager: duplicate static plugin AnySceneImporter, ignoring
PluginManager::Manager: duplicate static plugin AnyImageImporter, ignoring
Renderer: NVIDIA GeForce RTX 4070/PCIe/SSE2 by NVIDIA Corporation
OpenGL version: 4.6.0 NVIDIA 580.173.02
Using optional features:
    GL_ARB_vertex_array_object
    GL_ARB_separate_shader_objects
    GL_ARB_robustness
    GL_ARB_texture_storage
    GL_ARB_texture_view
    GL_ARB_framebuffer_no_attachments
    GL_ARB_invalidate_subdata
    GL_ARB_texture_storage_multisample
    GL_ARB_multi_bind
    GL_ARB_direct_state_access
    GL_ARB_get_texture_sub_image
    GL_ARB_texture_filter_anisotropic
    GL_KHR_debug
    GL_KHR_parallel_shader_compile
    GL_NV_depth_buffer_float
Using driver workarounds:
    no-forward-compatible-core-context
    nv-egl-incorrect-gl11-function-pointers
    no-layout-qualifiers-on-old-glsl
    nv-zero-context-profile-mask
    nv-implementation-color-read-format-dsa-broken
    nv-cubemap-inconsistent-compressed-image-size
    nv-cubemap-broken-full-compressed-image-query
    nv-compressed-block-size-in-bits
[19:27:44:669895]:[Warning]:[Scene] SemanticScene.h(331)::checkFileExists : ::loadSemanticSceneDescriptor: File `data/scene_datasets/habitat-test-scenes/van-gogh-room.scn` does not exist.  Aborting load.
[19:27:44:669911]:[Warning]:[Scene] SemanticScene.cpp(123)::loadSemanticSceneDescriptor : SSD File Naming Issue! Neither SemanticAttributes-provided name : `data/scene_datasets/habitat-test-scenes/van-gogh-room.scn` nor constructed filename : `data/scene_datasets/habitat-test-scenes/info_semantic.json` exist on disk.
[19:27:44:669916]:[Error]:[Scene] SemanticScene.cpp(139)::loadSemanticSceneDescriptor : SSD Load Failure! File with SemanticAttributes-provided name `data/scene_datasets/habitat-test-scenes/van-gogh-room.scn` exists but failed to load.
[19:27:45:114381]:[Warning]:[Sim] Simulator.cpp(595)::instanceStageForSceneAttributes : The active scene does not contain semantic annotations : activeSemanticSceneID_ = 0
2026-08-11 19:27:46,313 update: 2990	fps: 491.485	
2026-08-11 19:27:46,313 Num updates: 2990	Num frames 478400
2026-08-11 19:27:46,313 Average window size: 50  distance_to_goal: 0.601  distance_to_goal_reward: 0.000  reward: 4.458  spl: 0.717  success: 0.854
2026-08-11 19:27:46,313 	Perf Stats: trainer.rollout_collect: 0.288 trainer.sample_action: 0.003 trainer.obs_insert: 0.000 trainer.step_env: 0.005 trainer.update_stats: 0.001 trainer.update_agent: 0.035
2026-08-11 19:27:49,504 update: 3000	fps: 491.517	
2026-08-11 19:27:49,504 Num updates: 3000	Num frames 480000
2026-08-11 19:27:49,505 Average window size: 50  distance_to_goal: 0.538  distance_to_goal_reward: 0.000  reward: 4.570  spl: 0.761  success: 0.899
2026-08-11 19:27:49,505 	Perf Stats: trainer.rollout_collect: 0.288 trainer.sample_action: 0.003 trainer.obs_insert: 0.000 trainer.step_env: 0.005 trainer.update_stats: 0.001 trainer.update_agent: 0.035
2026-08-11 19:27:52,567 update: 3010	fps: 491.614	
2026-08-11 19:27:52,567 Num updates: 3010	Num frames 481600
2026-08-11 19:27:52,567 Average window size: 50  distance_to_goal: 0.356  distance_to_goal_reward: 0.000  reward: 4.585  spl: 0.741  success: 0.881
2026-08-11 19:27:52,567 	Perf Stats: trainer.rollout_collect: 0.288 trainer.sample_action: 0.003 trainer.obs_insert: 0.000 trainer.step_env: 0.005 trainer.update_stats: 0.001 trainer.update_agent: 0.035
2026-08-11 19:27:55,614 update: 3020	fps: 491.718	
2026-08-11 19:27:55,614 Num updates: 3020	Num frames 483200
2026-08-11 19:27:55,614 Average window size: 50  distance_to_goal: 0.381  distance_to_goal_reward: 0.000  reward: 4.161  spl: 0.726  success: 0.854
2026-08-11 19:27:55,614 	Perf Stats: trainer.rollout_collect: 0.287 trainer.sample_action: 0.003 trainer.obs_insert: 0.000 trainer.step_env: 0.005 trainer.update_stats: 0.001 trainer.update_agent: 0.035
2026-08-11 19:27:58,690 update: 3030	fps: 491.806	
2026-08-11 19:27:58,690 Num updates: 3030	Num frames 484800
2026-08-11 19:27:58,690 Average window size: 50  distance_to_goal: 0.431  distance_to_goal_reward: 0.000  reward: 3.895  spl: 0.730  success: 0.865
2026-08-11 19:27:58,690 	Perf Stats: trainer.rollout_collect: 0.287 trainer.sample_action: 0.003 trainer.obs_insert: 0.000 trainer.step_env: 0.005 trainer.update_stats: 0.001 trainer.update_agent: 0.035
2026-08-11 19:28:01,784 update: 3040	fps: 491.885	
2026-08-11 19:28:01,784 Num updates: 3040	Num frames 486400
2026-08-11 19:28:01,784 Average window size: 50  distance_to_goal: 0.490  distance_to_goal_reward: 0.000  reward: 3.393  spl: 0.616  success: 0.750
2026-08-11 19:28:01,784 	Perf Stats: trainer.rollout_collect: 0.287 trainer.sample_action: 0.003 trainer.obs_insert: 0.000 trainer.step_env: 0.005 trainer.update_stats: 0.001 trainer.update_agent: 0.035
2026-08-11 19:28:04,864 update: 3050	fps: 491.971	
2026-08-11 19:28:04,864 Num updates: 3050	Num frames 488000
2026-08-11 19:28:04,864 Average window size: 50  distance_to_goal: 0.533  distance_to_goal_reward: 0.000  reward: 2.938  spl: 0.504  success: 0.629
2026-08-11 19:28:04,864 	Perf Stats: trainer.rollout_collect: 0.287 trainer.sample_action: 0.003 trainer.obs_insert: 0.000 trainer.step_env: 0.005 trainer.update_stats: 0.001 trainer.update_agent: 0.035
2026-08-11 19:28:07,965 update: 3060	fps: 492.046	
2026-08-11 19:28:07,965 Num updates: 3060	Num frames 489600
2026-08-11 19:28:07,965 Average window size: 50  distance_to_goal: 0.522  distance_to_goal_reward: 0.000  reward: 3.062  spl: 0.512  success: 0.635
2026-08-11 19:28:07,965 	Perf Stats: trainer.rollout_collect: 0.287 trainer.sample_action: 0.003 trainer.obs_insert: 0.000 trainer.step_env: 0.005 trainer.update_stats: 0.001 trainer.update_agent: 0.035
2026-08-11 19:28:11,044 update: 3070	fps: 492.131	
2026-08-11 19:28:11,044 Num updates: 3070	Num frames 491200
2026-08-11 19:28:11,044 Average window size: 50  distance_to_goal: 0.502  distance_to_goal_reward: 0.000  reward: 3.278  spl: 0.567  success: 0.702
2026-08-11 19:28:11,044 	Perf Stats: trainer.rollout_collect: 0.287 trainer.sample_action: 0.003 trainer.obs_insert: 0.000 trainer.step_env: 0.005 trainer.update_stats: 0.001 trainer.update_agent: 0.035
2026-08-11 19:28:14,128 update: 3080	fps: 492.213	
2026-08-11 19:28:14,129 Num updates: 3080	Num frames 492800
2026-08-11 19:28:14,129 Average window size: 50  distance_to_goal: 0.455  distance_to_goal_reward: 0.000  reward: 3.494  spl: 0.580  success: 0.716
2026-08-11 19:28:14,129 	Perf Stats: trainer.rollout_collect: 0.287 trainer.sample_action: 0.003 trainer.obs_insert: 0.000 trainer.step_env: 0.005 trainer.update_stats: 0.001 trainer.update_agent: 0.035
2026-08-11 19:28:17,216 update: 3090	fps: 492.293	
2026-08-11 19:28:17,216 Num updates: 3090	Num frames 494400
2026-08-11 19:28:17,216 Average window size: 50  distance_to_goal: 0.431  distance_to_goal_reward: 0.000  reward: 3.527  spl: 0.632  success: 0.778
2026-08-11 19:28:17,216 	Perf Stats: trainer.rollout_collect: 0.287 trainer.sample_action: 0.003 trainer.obs_insert: 0.000 trainer.step_env: 0.005 trainer.update_stats: 0.001 trainer.update_agent: 0.035
PluginManager::Manager: duplicate static plugin StbImageImporter, ignoring
PluginManager::Manager: duplicate static plugin GltfImporter, ignoring
PluginManager::Manager: duplicate static plugin BasisImporter, ignoring
PluginManager::Manager: duplicate static plugin AssimpImporter, ignoring
PluginManager::Manager: duplicate static plugin AnySceneImporter, ignoring
PluginManager::Manager: duplicate static plugin AnyImageImporter, ignoring
Renderer: NVIDIA GeForce RTX 4070/PCIe/SSE2 by NVIDIA Corporation
OpenGL version: 4.6.0 NVIDIA 580.173.02
Using optional features:
    GL_ARB_vertex_array_object
    GL_ARB_separate_shader_objects
    GL_ARB_robustness
    GL_ARB_texture_storage
    GL_ARB_texture_view
    GL_ARB_framebuffer_no_attachments
    GL_ARB_invalidate_subdata
    GL_ARB_texture_storage_multisample
    GL_ARB_multi_bind
    GL_ARB_direct_state_access
    GL_ARB_get_texture_sub_image
    GL_ARB_texture_filter_anisotropic
    GL_KHR_debug
    GL_KHR_parallel_shader_compile
    GL_NV_depth_buffer_float
Using driver workarounds:
    no-forward-compatible-core-context
    nv-egl-incorrect-gl11-function-pointers
    no-layout-qualifiers-on-old-glsl
    nv-zero-context-profile-mask
    nv-implementation-color-read-format-dsa-broken
    nv-cubemap-inconsistent-compressed-image-size
    nv-cubemap-broken-full-compressed-image-query
    nv-compressed-block-size-in-bits
[19:28:19:706069]:[Warning]:[Scene] SemanticScene.h(331)::checkFileExists : ::loadSemanticSceneDescriptor: File `data/scene_datasets/habitat-test-scenes/skokloster-castle.scn` does not exist.  Aborting load.
[19:28:19:706086]:[Warning]:[Scene] SemanticScene.cpp(123)::loadSemanticSceneDescriptor : SSD File Naming Issue! Neither SemanticAttributes-provided name : `data/scene_datasets/habitat-test-scenes/skokloster-castle.scn` nor constructed filename : `data/scene_datasets/habitat-test-scenes/info_semantic.json` exist on disk.
[19:28:19:706090]:[Error]:[Scene] SemanticScene.cpp(139)::loadSemanticSceneDescriptor : SSD Load Failure! File with SemanticAttributes-provided name `data/scene_datasets/habitat-test-scenes/skokloster-castle.scn` exists but failed to load.
[19:28:20:312068]:[Warning]:[Sim] Simulator.cpp(595)::instanceStageForSceneAttributes : The active scene does not contain semantic annotations : activeSemanticSceneID_ = 0
2026-08-11 19:28:21,045 update: 3100	fps: 492.010	
2026-08-11 19:28:21,045 Num updates: 3100	Num frames 496000
2026-08-11 19:28:21,045 Average window size: 50  distance_to_goal: 0.485  distance_to_goal_reward: 0.000  reward: 3.745  spl: 0.672  success: 0.823
2026-08-11 19:28:21,045 	Perf Stats: trainer.rollout_collect: 0.287 trainer.sample_action: 0.003 trainer.obs_insert: 0.000 trainer.step_env: 0.005 trainer.update_stats: 0.001 trainer.update_agent: 0.035
2026-08-11 19:28:24,193 update: 3110	fps: 492.061	
2026-08-11 19:28:24,193 Num updates: 3110	Num frames 497600
2026-08-11 19:28:24,193 Average window size: 50  distance_to_goal: 0.396  distance_to_goal_reward: 0.000  reward: 3.778  spl: 0.665  success: 0.817
2026-08-11 19:28:24,193 	Perf Stats: trainer.rollout_collect: 0.287 trainer.sample_action: 0.003 trainer.obs_insert: 0.000 trainer.step_env: 0.005 trainer.update_stats: 0.001 trainer.update_agent: 0.035
2026-08-11 19:28:27,322 update: 3120	fps: 492.120	
2026-08-11 19:28:27,322 Num updates: 3120	Num frames 499200
2026-08-11 19:28:27,322 Average window size: 50  distance_to_goal: 0.493  distance_to_goal_reward: 0.000  reward: 3.702  spl: 0.645  success: 0.792
2026-08-11 19:28:27,322 	Perf Stats: trainer.rollout_collect: 0.287 trainer.sample_action: 0.003 trainer.obs_insert: 0.000 trainer.step_env: 0.005 trainer.update_stats: 0.001 trainer.update_agent: 0.035
2026-08-11 19:28:30,542 update: 3130	fps: 492.135	
2026-08-11 19:28:30,543 Num updates: 3130	Num frames 500800
2026-08-11 19:28:30,543 Average window size: 50  distance_to_goal: 0.618  distance_to_goal_reward: 0.000  reward: 3.504  spl: 0.603  success: 0.750
2026-08-11 19:28:30,543 	Perf Stats: trainer.rollout_collect: 0.287 trainer.sample_action: 0.003 trainer.obs_insert: 0.000 trainer.step_env: 0.005 trainer.update_stats: 0.001 trainer.update_agent: 0.035
2026-08-11 19:28:33,654 update: 3140	fps: 492.202	
2026-08-11 19:28:33,654 Num updates: 3140	Num frames 502400
2026-08-11 19:28:33,654 Average window size: 50  distance_to_goal: 0.569  distance_to_goal_reward: 0.000  reward: 3.625  spl: 0.604  success: 0.754
2026-08-11 19:28:33,654 	Perf Stats: trainer.rollout_collect: 0.287 trainer.sample_action: 0.003 trainer.obs_insert: 0.000 trainer.step_env: 0.005 trainer.update_stats: 0.001 trainer.update_agent: 0.035
2026-08-11 19:28:36,804 update: 3150	fps: 492.251	
2026-08-11 19:28:36,804 Num updates: 3150	Num frames 504000
2026-08-11 19:28:36,804 Average window size: 50  distance_to_goal: 0.604  distance_to_goal_reward: -0.002  reward: 3.894  spl: 0.610  success: 0.771
2026-08-11 19:28:36,804 	Perf Stats: trainer.rollout_collect: 0.287 trainer.sample_action: 0.003 trainer.obs_insert: 0.000 trainer.step_env: 0.005 trainer.update_stats: 0.001 trainer.update_agent: 0.035
2026-08-11 19:28:39,933 update: 3160	fps: 492.309	
2026-08-11 19:28:39,933 Num updates: 3160	Num frames 505600
2026-08-11 19:28:39,933 Average window size: 50  distance_to_goal: 0.592  distance_to_goal_reward: -0.002  reward: 4.255  spl: 0.642  success: 0.811
2026-08-11 19:28:39,933 	Perf Stats: trainer.rollout_collect: 0.287 trainer.sample_action: 0.003 trainer.obs_insert: 0.000 trainer.step_env: 0.005 trainer.update_stats: 0.001 trainer.update_agent: 0.035
2026-08-11 19:28:43,088 update: 3170	fps: 492.354	
2026-08-11 19:28:43,088 Num updates: 3170	Num frames 507200
2026-08-11 19:28:43,088 Average window size: 50  distance_to_goal: 0.470  distance_to_goal_reward: -0.001  reward: 4.714  spl: 0.653  success: 0.830
2026-08-11 19:28:43,088 	Perf Stats: trainer.rollout_collect: 0.287 trainer.sample_action: 0.003 trainer.obs_insert: 0.000 trainer.step_env: 0.005 trainer.update_stats: 0.001 trainer.update_agent: 0.035
2026-08-11 19:28:46,218 update: 3180	fps: 492.412	
2026-08-11 19:28:46,218 Num updates: 3180	Num frames 508800
2026-08-11 19:28:46,218 Average window size: 50  distance_to_goal: 0.321  distance_to_goal_reward: -0.001  reward: 5.053  spl: 0.681  success: 0.876
2026-08-11 19:28:46,218 	Perf Stats: trainer.rollout_collect: 0.287 trainer.sample_action: 0.003 trainer.obs_insert: 0.000 trainer.step_env: 0.005 trainer.update_stats: 0.001 trainer.update_agent: 0.035
PluginManager::Manager: duplicate static plugin StbImageImporter, ignoring
PluginManager::Manager: duplicate static plugin GltfImporter, ignoring
PluginManager::Manager: duplicate static plugin BasisImporter, ignoring
PluginManager::Manager: duplicate static plugin AssimpImporter, ignoring
PluginManager::Manager: duplicate static plugin AnySceneImporter, ignoring
PluginManager::Manager: duplicate static plugin AnyImageImporter, ignoring
Renderer: NVIDIA GeForce RTX 4070/PCIe/SSE2 by NVIDIA Corporation
OpenGL version: 4.6.0 NVIDIA 580.173.02
Using optional features:
    GL_ARB_vertex_array_object
    GL_ARB_separate_shader_objects
    GL_ARB_robustness
    GL_ARB_texture_storage
    GL_ARB_texture_view
    GL_ARB_framebuffer_no_attachments
    GL_ARB_invalidate_subdata
    GL_ARB_texture_storage_multisample
    GL_ARB_multi_bind
    GL_ARB_direct_state_access
    GL_ARB_get_texture_sub_image
    GL_ARB_texture_filter_anisotropic
    GL_KHR_debug
    GL_KHR_parallel_shader_compile
    GL_NV_depth_buffer_float
Using driver workarounds:
    no-forward-compatible-core-context
    nv-egl-incorrect-gl11-function-pointers
    no-layout-qualifiers-on-old-glsl
    nv-zero-context-profile-mask
    nv-implementation-color-read-format-dsa-broken
    nv-cubemap-inconsistent-compressed-image-size
    nv-cubemap-broken-full-compressed-image-query
    nv-compressed-block-size-in-bits
[19:28:48:828106]:[Warning]:[Scene] SemanticScene.h(331)::checkFileExists : ::loadSemanticSceneDescriptor: File `data/scene_datasets/habitat-test-scenes/van-gogh-room.scn` does not exist.  Aborting load.
[19:28:48:828121]:[Warning]:[Scene] SemanticScene.cpp(123)::loadSemanticSceneDescriptor : SSD File Naming Issue! Neither SemanticAttributes-provided name : `data/scene_datasets/habitat-test-scenes/van-gogh-room.scn` nor constructed filename : `data/scene_datasets/habitat-test-scenes/info_semantic.json` exist on disk.
[19:28:48:828126]:[Error]:[Scene] SemanticScene.cpp(139)::loadSemanticSceneDescriptor : SSD Load Failure! File with SemanticAttributes-provided name `data/scene_datasets/habitat-test-scenes/van-gogh-room.scn` exists but failed to load.
[19:28:49:260957]:[Warning]:[Sim] Simulator.cpp(595)::instanceStageForSceneAttributes : The active scene does not contain semantic annotations : activeSemanticSceneID_ = 0
2026-08-11 19:28:49,811 update: 3190	fps: 492.248	
2026-08-11 19:28:49,811 Num updates: 3190	Num frames 510400
2026-08-11 19:28:49,811 Average window size: 50  distance_to_goal: 0.357  distance_to_goal_reward: -0.001  reward: 5.174  spl: 0.699  success: 0.892
2026-08-11 19:28:49,811 	Perf Stats: trainer.rollout_collect: 0.287 trainer.sample_action: 0.003 trainer.obs_insert: 0.000 trainer.step_env: 0.005 trainer.update_stats: 0.001 trainer.update_agent: 0.035
2026-08-11 19:28:53,029 update: 3200	fps: 492.263	
2026-08-11 19:28:53,030 Num updates: 3200	Num frames 512000
2026-08-11 19:28:53,030 Average window size: 50  distance_to_goal: 0.304  distance_to_goal_reward: 0.000  reward: 5.148  spl: 0.729  success: 0.914
2026-08-11 19:28:53,030 	Perf Stats: trainer.rollout_collect: 0.287 trainer.sample_action: 0.003 trainer.obs_insert: 0.000 trainer.step_env: 0.005 trainer.update_stats: 0.001 trainer.update_agent: 0.035
2026-08-11 19:28:56,123 update: 3210	fps: 492.338	
2026-08-11 19:28:56,123 Num updates: 3210	Num frames 513600
2026-08-11 19:28:56,123 Average window size: 50  distance_to_goal: 0.310  distance_to_goal_reward: 0.000  reward: 4.909  spl: 0.728  success: 0.911
2026-08-11 19:28:56,123 	Perf Stats: trainer.rollout_collect: 0.287 trainer.sample_action: 0.003 trainer.obs_insert: 0.000 trainer.step_env: 0.005 trainer.update_stats: 0.001 trainer.update_agent: 0.035
PluginManager::Manager: duplicate static plugin StbImageImporter, ignoring
PluginManager::Manager: duplicate static plugin GltfImporter, ignoring
PluginManager::Manager: duplicate static plugin BasisImporter, ignoring
PluginManager::Manager: duplicate static plugin AssimpImporter, ignoring
PluginManager::Manager: duplicate static plugin AnySceneImporter, ignoring
PluginManager::Manager: duplicate static plugin AnyImageImporter, ignoring
Renderer: NVIDIA GeForce RTX 4070/PCIe/SSE2 by NVIDIA Corporation
OpenGL version: 4.6.0 NVIDIA 580.173.02
Using optional features:
    GL_ARB_vertex_array_object
    GL_ARB_separate_shader_objects
    GL_ARB_robustness
    GL_ARB_texture_storage
    GL_ARB_texture_view
    GL_ARB_framebuffer_no_attachments
    GL_ARB_invalidate_subdata
    GL_ARB_texture_storage_multisample
    GL_ARB_multi_bind
    GL_ARB_direct_state_access
    GL_ARB_get_texture_sub_image
    GL_ARB_texture_filter_anisotropic
    GL_KHR_debug
    GL_KHR_parallel_shader_compile
    GL_NV_depth_buffer_float
Using driver workarounds:
    no-forward-compatible-core-context
    nv-egl-incorrect-gl11-function-pointers
    no-layout-qualifiers-on-old-glsl
    nv-zero-context-profile-mask
    nv-implementation-color-read-format-dsa-broken
    nv-cubemap-inconsistent-compressed-image-size
    nv-cubemap-broken-full-compressed-image-query
    nv-compressed-block-size-in-bits
[19:28:58:023453]:[Warning]:[Scene] SemanticScene.h(331)::checkFileExists : ::loadSemanticSceneDescriptor: File `data/scene_datasets/habitat-test-scenes/skokloster-castle.scn` does not exist.  Aborting load.
[19:28:58:023468]:[Warning]:[Scene] SemanticScene.cpp(123)::loadSemanticSceneDescriptor : SSD File Naming Issue! Neither SemanticAttributes-provided name : `data/scene_datasets/habitat-test-scenes/skokloster-castle.scn` nor constructed filename : `data/scene_datasets/habitat-test-scenes/info_semantic.json` exist on disk.
[19:28:58:023473]:[Error]:[Scene] SemanticScene.cpp(139)::loadSemanticSceneDescriptor : SSD Load Failure! File with SemanticAttributes-provided name `data/scene_datasets/habitat-test-scenes/skokloster-castle.scn` exists but failed to load.
[19:28:58:628230]:[Warning]:[Sim] Simulator.cpp(595)::instanceStageForSceneAttributes : The active scene does not contain semantic annotations : activeSemanticSceneID_ = 0
2026-08-11 19:28:59,848 update: 3220	fps: 492.114	
2026-08-11 19:28:59,848 Num updates: 3220	Num frames 515200
2026-08-11 19:28:59,848 Average window size: 50  distance_to_goal: 0.322  distance_to_goal_reward: 0.000  reward: 4.703  spl: 0.729  success: 0.911
2026-08-11 19:28:59,848 	Perf Stats: trainer.rollout_collect: 0.287 trainer.sample_action: 0.003 trainer.obs_insert: 0.000 trainer.step_env: 0.005 trainer.update_stats: 0.001 trainer.update_agent: 0.035
PluginManager::Manager: duplicate static plugin StbImageImporter, ignoring
PluginManager::Manager: duplicate static plugin GltfImporter, ignoring
PluginManager::Manager: duplicate static plugin BasisImporter, ignoring
PluginManager::Manager: duplicate static plugin AssimpImporter, ignoring
PluginManager::Manager: duplicate static plugin AnySceneImporter, ignoring
PluginManager::Manager: duplicate static plugin AnyImageImporter, ignoring
Renderer: NVIDIA GeForce RTX 4070/PCIe/SSE2 by NVIDIA Corporation
OpenGL version: 4.6.0 NVIDIA 580.173.02
Using optional features:
    GL_ARB_vertex_array_object
    GL_ARB_separate_shader_objects
    GL_ARB_robustness
    GL_ARB_texture_storage
    GL_ARB_texture_view
    GL_ARB_framebuffer_no_attachments
    GL_ARB_invalidate_subdata
    GL_ARB_texture_storage_multisample
    GL_ARB_multi_bind
    GL_ARB_direct_state_access
    GL_ARB_get_texture_sub_image
    GL_ARB_texture_filter_anisotropic
    GL_KHR_debug
    GL_KHR_parallel_shader_compile
    GL_NV_depth_buffer_float
Using driver workarounds:
    no-forward-compatible-core-context
    nv-egl-incorrect-gl11-function-pointers
    no-layout-qualifiers-on-old-glsl
    nv-zero-context-profile-mask
    nv-implementation-color-read-format-dsa-broken
    nv-cubemap-inconsistent-compressed-image-size
    nv-cubemap-broken-full-compressed-image-query
    nv-compressed-block-size-in-bits
[19:29:02:129127]:[Warning]:[Scene] SemanticScene.h(331)::checkFileExists : ::loadSemanticSceneDescriptor: File `data/scene_datasets/habitat-test-scenes/van-gogh-room.scn` does not exist.  Aborting load.
[19:29:02:129144]:[Warning]:[Scene] SemanticScene.cpp(123)::loadSemanticSceneDescriptor : SSD File Naming Issue! Neither SemanticAttributes-provided name : `data/scene_datasets/habitat-test-scenes/van-gogh-room.scn` nor constructed filename : `data/scene_datasets/habitat-test-scenes/info_semantic.json` exist on disk.
[19:29:02:129149]:[Error]:[Scene] SemanticScene.cpp(139)::loadSemanticSceneDescriptor : SSD Load Failure! File with SemanticAttributes-provided name `data/scene_datasets/habitat-test-scenes/van-gogh-room.scn` exists but failed to load.
[19:29:02:572316]:[Warning]:[Sim] Simulator.cpp(595)::instanceStageForSceneAttributes : The active scene does not contain semantic annotations : activeSemanticSceneID_ = 0
2026-08-11 19:29:03,402 update: 3230	fps: 491.972	
2026-08-11 19:29:03,402 Num updates: 3230	Num frames 516800
2026-08-11 19:29:03,402 Average window size: 50  distance_to_goal: 0.418  distance_to_goal_reward: 0.000  reward: 4.531  spl: 0.729  success: 0.898
2026-08-11 19:29:03,402 	Perf Stats: trainer.rollout_collect: 0.287 trainer.sample_action: 0.003 trainer.obs_insert: 0.000 trainer.step_env: 0.005 trainer.update_stats: 0.001 trainer.update_agent: 0.035
2026-08-11 19:29:06,474 update: 3240	fps: 492.056	
2026-08-11 19:29:06,474 Num updates: 3240	Num frames 518400
2026-08-11 19:29:06,474 Average window size: 50  distance_to_goal: 0.428  distance_to_goal_reward: 0.000  reward: 4.257  spl: 0.729  success: 0.898
2026-08-11 19:29:06,474 	Perf Stats: trainer.rollout_collect: 0.287 trainer.sample_action: 0.003 trainer.obs_insert: 0.000 trainer.step_env: 0.005 trainer.update_stats: 0.001 trainer.update_agent: 0.035
2026-08-11 19:29:09,538 update: 3250	fps: 492.144	
2026-08-11 19:29:09,538 Num updates: 3250	Num frames 520000
2026-08-11 19:29:09,538 Average window size: 50  distance_to_goal: 0.426  distance_to_goal_reward: 0.000  reward: 4.053  spl: 0.731  success: 0.909
2026-08-11 19:29:09,538 	Perf Stats: trainer.rollout_collect: 0.287 trainer.sample_action: 0.003 trainer.obs_insert: 0.000 trainer.step_env: 0.005 trainer.update_stats: 0.001 trainer.update_agent: 0.035
2026-08-11 19:29:12,611 update: 3260	fps: 492.226	
2026-08-11 19:29:12,611 Num updates: 3260	Num frames 521600
2026-08-11 19:29:12,611 Average window size: 50  distance_to_goal: 0.464  distance_to_goal_reward: 0.001  reward: 3.909  spl: 0.726  success: 0.897
2026-08-11 19:29:12,611 	Perf Stats: trainer.rollout_collect: 0.287 trainer.sample_action: 0.003 trainer.obs_insert: 0.000 trainer.step_env: 0.005 trainer.update_stats: 0.001 trainer.update_agent: 0.035
PluginManager::Manager: duplicate static plugin StbImageImporter, ignoring
PluginManager::Manager: duplicate static plugin GltfImporter, ignoring
PluginManager::Manager: duplicate static plugin BasisImporter, ignoring
PluginManager::Manager: duplicate static plugin AssimpImporter, ignoring
PluginManager::Manager: duplicate static plugin AnySceneImporter, ignoring
PluginManager::Manager: duplicate static plugin AnyImageImporter, ignoring
Renderer: NVIDIA GeForce RTX 4070/PCIe/SSE2 by NVIDIA Corporation
OpenGL version: 4.6.0 NVIDIA 580.173.02
Using optional features:
    GL_ARB_vertex_array_object
    GL_ARB_separate_shader_objects
    GL_ARB_robustness
    GL_ARB_texture_storage
    GL_ARB_texture_view
    GL_ARB_framebuffer_no_attachments
    GL_ARB_invalidate_subdata
    GL_ARB_texture_storage_multisample
    GL_ARB_multi_bind
    GL_ARB_direct_state_access
    GL_ARB_get_texture_sub_image
    GL_ARB_texture_filter_anisotropic
    GL_KHR_debug
    GL_KHR_parallel_shader_compile
    GL_NV_depth_buffer_float
Using driver workarounds:
    no-forward-compatible-core-context
    nv-egl-incorrect-gl11-function-pointers
    no-layout-qualifiers-on-old-glsl
    nv-zero-context-profile-mask
    nv-implementation-color-read-format-dsa-broken
    nv-cubemap-inconsistent-compressed-image-size
    nv-cubemap-broken-full-compressed-image-query
    nv-compressed-block-size-in-bits
[19:29:13:166918]:[Warning]:[Scene] SemanticScene.h(331)::checkFileExists : ::loadSemanticSceneDescriptor: File `data/scene_datasets/habitat-test-scenes/skokloster-castle.scn` does not exist.  Aborting load.
[19:29:13:166935]:[Warning]:[Scene] SemanticScene.cpp(123)::loadSemanticSceneDescriptor : SSD File Naming Issue! Neither SemanticAttributes-provided name : `data/scene_datasets/habitat-test-scenes/skokloster-castle.scn` nor constructed filename : `data/scene_datasets/habitat-test-scenes/info_semantic.json` exist on disk.
[19:29:13:166939]:[Error]:[Scene] SemanticScene.cpp(139)::loadSemanticSceneDescriptor : SSD Load Failure! File with SemanticAttributes-provided name `data/scene_datasets/habitat-test-scenes/skokloster-castle.scn` exists but failed to load.
[19:29:13:781474]:[Warning]:[Sim] Simulator.cpp(595)::instanceStageForSceneAttributes : The active scene does not contain semantic annotations : activeSemanticSceneID_ = 0
2026-08-11 19:29:16,359 update: 3270	fps: 491.996	
2026-08-11 19:29:16,359 Num updates: 3270	Num frames 523200
2026-08-11 19:29:16,359 Average window size: 50  distance_to_goal: 0.597  distance_to_goal_reward: 0.001  reward: 3.693  spl: 0.708  success: 0.877
2026-08-11 19:29:16,359 	Perf Stats: trainer.rollout_collect: 0.287 trainer.sample_action: 0.003 trainer.obs_insert: 0.000 trainer.step_env: 0.005 trainer.update_stats: 0.001 trainer.update_agent: 0.035
2026-08-11 19:29:19,504 update: 3280	fps: 492.046	
2026-08-11 19:29:19,504 Num updates: 3280	Num frames 524800
2026-08-11 19:29:19,504 Average window size: 50  distance_to_goal: 0.605  distance_to_goal_reward: 0.001  reward: 3.460  spl: 0.689  success: 0.850
2026-08-11 19:29:19,504 	Perf Stats: trainer.rollout_collect: 0.287 trainer.sample_action: 0.003 trainer.obs_insert: 0.000 trainer.step_env: 0.005 trainer.update_stats: 0.001 trainer.update_agent: 0.035
2026-08-11 19:29:22,625 update: 3290	fps: 492.106	
2026-08-11 19:29:22,625 Num updates: 3290	Num frames 526400
2026-08-11 19:29:22,625 Average window size: 50  distance_to_goal: 0.660  distance_to_goal_reward: 0.001  reward: 3.682  spl: 0.667  success: 0.820
2026-08-11 19:29:22,625 	Perf Stats: trainer.rollout_collect: 0.287 trainer.sample_action: 0.003 trainer.obs_insert: 0.000 trainer.step_env: 0.005 trainer.update_stats: 0.001 trainer.update_agent: 0.035
2026-08-11 19:29:25,821 update: 3300	fps: 492.131	
2026-08-11 19:29:25,821 Num updates: 3300	Num frames 528000
2026-08-11 19:29:25,821 Average window size: 50  distance_to_goal: 0.787  distance_to_goal_reward: 0.001  reward: 3.431  spl: 0.624  success: 0.768
2026-08-11 19:29:25,821 	Perf Stats: trainer.rollout_collect: 0.287 trainer.sample_action: 0.003 trainer.obs_insert: 0.000 trainer.step_env: 0.005 trainer.update_stats: 0.001 trainer.update_agent: 0.035
2026-08-11 19:29:28,963 update: 3310	fps: 492.181	
2026-08-11 19:29:28,963 Num updates: 3310	Num frames 529600
2026-08-11 19:29:28,963 Average window size: 50  distance_to_goal: 0.784  distance_to_goal_reward: 0.000  reward: 3.741  spl: 0.641  success: 0.792
2026-08-11 19:29:28,963 	Perf Stats: trainer.rollout_collect: 0.287 trainer.sample_action: 0.003 trainer.obs_insert: 0.000 trainer.step_env: 0.005 trainer.update_stats: 0.001 trainer.update_agent: 0.035
2026-08-11 19:29:32,133 update: 3320	fps: 492.218	
2026-08-11 19:29:32,133 Num updates: 3320	Num frames 531200
2026-08-11 19:29:32,133 Average window size: 50  distance_to_goal: 0.559  distance_to_goal_reward: 0.000  reward: 4.210  spl: 0.659  success: 0.825
2026-08-11 19:29:32,134 	Perf Stats: trainer.rollout_collect: 0.287 trainer.sample_action: 0.003 trainer.obs_insert: 0.000 trainer.step_env: 0.005 trainer.update_stats: 0.001 trainer.update_agent: 0.035
2026-08-11 19:29:35,256 update: 3330	fps: 492.276	
2026-08-11 19:29:35,257 Num updates: 3330	Num frames 532800
2026-08-11 19:29:35,257 Average window size: 50  distance_to_goal: 0.453  distance_to_goal_reward: 0.000  reward: 4.575  spl: 0.670  success: 0.851
2026-08-11 19:29:35,257 	Perf Stats: trainer.rollout_collect: 0.287 trainer.sample_action: 0.003 trainer.obs_insert: 0.000 trainer.step_env: 0.005 trainer.update_stats: 0.001 trainer.update_agent: 0.035
2026-08-11 19:29:38,382 update: 3340	fps: 492.332	
2026-08-11 19:29:38,382 Num updates: 3340	Num frames 534400
2026-08-11 19:29:38,382 Average window size: 50  distance_to_goal: 0.509  distance_to_goal_reward: 0.000  reward: 4.624  spl: 0.661  success: 0.868
2026-08-11 19:29:38,382 	Perf Stats: trainer.rollout_collect: 0.287 trainer.sample_action: 0.003 trainer.obs_insert: 0.000 trainer.step_env: 0.005 trainer.update_stats: 0.001 trainer.update_agent: 0.035
2026-08-11 19:29:41,508 update: 3350	fps: 492.388	
2026-08-11 19:29:41,508 Num updates: 3350	Num frames 536000
2026-08-11 19:29:41,508 Average window size: 50  distance_to_goal: 0.366  distance_to_goal_reward: 0.000  reward: 4.972  spl: 0.687  success: 0.904
2026-08-11 19:29:41,508 	Perf Stats: trainer.rollout_collect: 0.287 trainer.sample_action: 0.003 trainer.obs_insert: 0.000 trainer.step_env: 0.005 trainer.update_stats: 0.001 trainer.update_agent: 0.035
2026-08-11 19:29:44,642 update: 3360	fps: 492.440	
2026-08-11 19:29:44,642 Num updates: 3360	Num frames 537600
2026-08-11 19:29:44,642 Average window size: 50  distance_to_goal: 0.438  distance_to_goal_reward: 0.000  reward: 4.561  spl: 0.696  success: 0.901
2026-08-11 19:29:44,642 	Perf Stats: trainer.rollout_collect: 0.287 trainer.sample_action: 0.003 trainer.obs_insert: 0.000 trainer.step_env: 0.005 trainer.update_stats: 0.001 trainer.update_agent: 0.035
2026-08-11 19:29:47,742 update: 3370	fps: 492.507	
2026-08-11 19:29:47,742 Num updates: 3370	Num frames 539200
2026-08-11 19:29:47,742 Average window size: 50  distance_to_goal: 0.538  distance_to_goal_reward: 0.000  reward: 4.355  spl: 0.691  success: 0.889
2026-08-11 19:29:47,742 	Perf Stats: trainer.rollout_collect: 0.287 trainer.sample_action: 0.003 trainer.obs_insert: 0.000 trainer.step_env: 0.005 trainer.update_stats: 0.001 trainer.update_agent: 0.035
2026-08-11 19:29:50,857 update: 3380	fps: 492.567	
2026-08-11 19:29:50,857 Num updates: 3380	Num frames 540800
2026-08-11 19:29:50,857 Average window size: 50  distance_to_goal: 0.704  distance_to_goal_reward: 0.000  reward: 4.201  spl: 0.683  success: 0.863
2026-08-11 19:29:50,857 	Perf Stats: trainer.rollout_collect: 0.287 trainer.sample_action: 0.003 trainer.obs_insert: 0.000 trainer.step_env: 0.005 trainer.update_stats: 0.001 trainer.update_agent: 0.035
2026-08-11 19:29:53,996 update: 3390	fps: 492.616	
2026-08-11 19:29:53,996 Num updates: 3390	Num frames 542400
2026-08-11 19:29:53,996 Average window size: 50  distance_to_goal: 0.525  distance_to_goal_reward: 0.000  reward: 4.437  spl: 0.706  success: 0.877
2026-08-11 19:29:53,996 	Perf Stats: trainer.rollout_collect: 0.287 trainer.sample_action: 0.003 trainer.obs_insert: 0.000 trainer.step_env: 0.005 trainer.update_stats: 0.001 trainer.update_agent: 0.035
2026-08-11 19:29:57,214 update: 3400	fps: 492.629	
2026-08-11 19:29:57,214 Num updates: 3400	Num frames 544000
2026-08-11 19:29:57,214 Average window size: 50  distance_to_goal: 0.569  distance_to_goal_reward: 0.000  reward: 4.458  spl: 0.680  success: 0.843
2026-08-11 19:29:57,214 	Perf Stats: trainer.rollout_collect: 0.287 trainer.sample_action: 0.003 trainer.obs_insert: 0.000 trainer.step_env: 0.005 trainer.update_stats: 0.001 trainer.update_agent: 0.035
2026-08-11 19:30:00,339 update: 3410	fps: 492.684	
2026-08-11 19:30:00,339 Num updates: 3410	Num frames 545600
2026-08-11 19:30:00,339 Average window size: 50  distance_to_goal: 0.645  distance_to_goal_reward: 0.000  reward: 4.395  spl: 0.651  success: 0.824
2026-08-11 19:30:00,339 	Perf Stats: trainer.rollout_collect: 0.287 trainer.sample_action: 0.003 trainer.obs_insert: 0.000 trainer.step_env: 0.005 trainer.update_stats: 0.001 trainer.update_agent: 0.035
2026-08-11 19:30:03,489 update: 3420	fps: 492.727	
2026-08-11 19:30:03,490 Num updates: 3420	Num frames 547200
2026-08-11 19:30:03,490 Average window size: 50  distance_to_goal: 0.524  distance_to_goal_reward: 0.000  reward: 4.509  spl: 0.670  success: 0.844
2026-08-11 19:30:03,490 	Perf Stats: trainer.rollout_collect: 0.287 trainer.sample_action: 0.003 trainer.obs_insert: 0.000 trainer.step_env: 0.005 trainer.update_stats: 0.001 trainer.update_agent: 0.035
2026-08-11 19:30:06,630 update: 3430	fps: 492.775	
2026-08-11 19:30:06,630 Num updates: 3430	Num frames 548800
2026-08-11 19:30:06,630 Average window size: 50  distance_to_goal: 0.502  distance_to_goal_reward: 0.000  reward: 4.645  spl: 0.685  success: 0.860
2026-08-11 19:30:06,630 	Perf Stats: trainer.rollout_collect: 0.287 trainer.sample_action: 0.003 trainer.obs_insert: 0.000 trainer.step_env: 0.005 trainer.update_stats: 0.001 trainer.update_agent: 0.035
2026-08-11 19:30:09,751 update: 3440	fps: 492.830	
2026-08-11 19:30:09,751 Num updates: 3440	Num frames 550400
2026-08-11 19:30:09,751 Average window size: 50  distance_to_goal: 0.508  distance_to_goal_reward: 0.000  reward: 4.157  spl: 0.669  success: 0.832
2026-08-11 19:30:09,751 	Perf Stats: trainer.rollout_collect: 0.287 trainer.sample_action: 0.003 trainer.obs_insert: 0.000 trainer.step_env: 0.005 trainer.update_stats: 0.001 trainer.update_agent: 0.035
PluginManager::Manager: duplicate static plugin StbImageImporter, ignoring
PluginManager::Manager: duplicate static plugin GltfImporter, ignoring
PluginManager::Manager: duplicate static plugin BasisImporter, ignoring
PluginManager::Manager: duplicate static plugin AssimpImporter, ignoring
PluginManager::Manager: duplicate static plugin AnySceneImporter, ignoring
PluginManager::Manager: duplicate static plugin AnyImageImporter, ignoring
Renderer: NVIDIA GeForce RTX 4070/PCIe/SSE2 by NVIDIA Corporation
OpenGL version: 4.6.0 NVIDIA 580.173.02
Using optional features:
    GL_ARB_vertex_array_object
    GL_ARB_separate_shader_objects
    GL_ARB_robustness
    GL_ARB_texture_storage
    GL_ARB_texture_view
    GL_ARB_framebuffer_no_attachments
    GL_ARB_invalidate_subdata
    GL_ARB_texture_storage_multisample
    GL_ARB_multi_bind
    GL_ARB_direct_state_access
    GL_ARB_get_texture_sub_image
    GL_ARB_texture_filter_anisotropic
    GL_KHR_debug
    GL_KHR_parallel_shader_compile
    GL_NV_depth_buffer_float
Using driver workarounds:
    no-forward-compatible-core-context
    nv-egl-incorrect-gl11-function-pointers
    no-layout-qualifiers-on-old-glsl
    nv-zero-context-profile-mask
    nv-implementation-color-read-format-dsa-broken
    nv-cubemap-inconsistent-compressed-image-size
    nv-cubemap-broken-full-compressed-image-query
    nv-compressed-block-size-in-bits
[19:30:12:818520]:[Warning]:[Scene] SemanticScene.h(331)::checkFileExists : ::loadSemanticSceneDescriptor: File `data/scene_datasets/habitat-test-scenes/van-gogh-room.scn` does not exist.  Aborting load.
[19:30:12:818536]:[Warning]:[Scene] SemanticScene.cpp(123)::loadSemanticSceneDescriptor : SSD File Naming Issue! Neither SemanticAttributes-provided name : `data/scene_datasets/habitat-test-scenes/van-gogh-room.scn` nor constructed filename : `data/scene_datasets/habitat-test-scenes/info_semantic.json` exist on disk.
[19:30:12:818541]:[Error]:[Scene] SemanticScene.cpp(139)::loadSemanticSceneDescriptor : SSD Load Failure! File with SemanticAttributes-provided name `data/scene_datasets/habitat-test-scenes/van-gogh-room.scn` exists but failed to load.
[19:30:13:290677]:[Warning]:[Sim] Simulator.cpp(595)::instanceStageForSceneAttributes : The active scene does not contain semantic annotations : activeSemanticSceneID_ = 0
2026-08-11 19:30:13,401 update: 3450	fps: 492.653	
2026-08-11 19:30:13,401 Num updates: 3450	Num frames 552000
2026-08-11 19:30:13,401 Average window size: 50  distance_to_goal: 0.628  distance_to_goal_reward: 0.001  reward: 4.161  spl: 0.678  success: 0.841
2026-08-11 19:30:13,401 	Perf Stats: trainer.rollout_collect: 0.287 trainer.sample_action: 0.003 trainer.obs_insert: 0.000 trainer.step_env: 0.005 trainer.update_stats: 0.001 trainer.update_agent: 0.035
2026-08-11 19:30:16,488 update: 3460	fps: 492.723	
2026-08-11 19:30:16,488 Num updates: 3460	Num frames 553600
2026-08-11 19:30:16,488 Average window size: 50  distance_to_goal: 0.526  distance_to_goal_reward: 0.000  reward: 4.304  spl: 0.707  success: 0.867
2026-08-11 19:30:16,488 	Perf Stats: trainer.rollout_collect: 0.287 trainer.sample_action: 0.003 trainer.obs_insert: 0.000 trainer.step_env: 0.005 trainer.update_stats: 0.001 trainer.update_agent: 0.035
2026-08-11 19:30:19,583 update: 3470	fps: 492.790	
2026-08-11 19:30:19,583 Num updates: 3470	Num frames 555200
2026-08-11 19:30:19,583 Average window size: 50  distance_to_goal: 0.498  distance_to_goal_reward: 0.002  reward: 4.134  spl: 0.686  success: 0.844
2026-08-11 19:30:19,583 	Perf Stats: trainer.rollout_collect: 0.287 trainer.sample_action: 0.003 trainer.obs_insert: 0.000 trainer.step_env: 0.005 trainer.update_stats: 0.001 trainer.update_agent: 0.035
PluginManager::Manager: duplicate static plugin StbImageImporter, ignoring
PluginManager::Manager: duplicate static plugin GltfImporter, ignoring
PluginManager::Manager: duplicate static plugin BasisImporter, ignoring
PluginManager::Manager: duplicate static plugin AssimpImporter, ignoring
PluginManager::Manager: duplicate static plugin AnySceneImporter, ignoring
PluginManager::Manager: duplicate static plugin AnyImageImporter, ignoring
Renderer: NVIDIA GeForce RTX 4070/PCIe/SSE2 by NVIDIA Corporation
OpenGL version: 4.6.0 NVIDIA 580.173.02
Using optional features:
    GL_ARB_vertex_array_object
    GL_ARB_separate_shader_objects
    GL_ARB_robustness
    GL_ARB_texture_storage
    GL_ARB_texture_view
    GL_ARB_framebuffer_no_attachments
    GL_ARB_invalidate_subdata
    GL_ARB_texture_storage_multisample
    GL_ARB_multi_bind
    GL_ARB_direct_state_access
    GL_ARB_get_texture_sub_image
    GL_ARB_texture_filter_anisotropic
    GL_KHR_debug
    GL_KHR_parallel_shader_compile
    GL_NV_depth_buffer_float
Using driver workarounds:
    no-forward-compatible-core-context
    nv-egl-incorrect-gl11-function-pointers
    no-layout-qualifiers-on-old-glsl
    nv-zero-context-profile-mask
    nv-implementation-color-read-format-dsa-broken
    nv-cubemap-inconsistent-compressed-image-size
    nv-cubemap-broken-full-compressed-image-query
    nv-compressed-block-size-in-bits
[19:30:20:408523]:[Warning]:[Scene] SemanticScene.h(331)::checkFileExists : ::loadSemanticSceneDescriptor: File `data/scene_datasets/habitat-test-scenes/skokloster-castle.scn` does not exist.  Aborting load.
[19:30:20:408540]:[Warning]:[Scene] SemanticScene.cpp(123)::loadSemanticSceneDescriptor : SSD File Naming Issue! Neither SemanticAttributes-provided name : `data/scene_datasets/habitat-test-scenes/skokloster-castle.scn` nor constructed filename : `data/scene_datasets/habitat-test-scenes/info_semantic.json` exist on disk.
[19:30:20:408544]:[Error]:[Scene] SemanticScene.cpp(139)::loadSemanticSceneDescriptor : SSD Load Failure! File with SemanticAttributes-provided name `data/scene_datasets/habitat-test-scenes/skokloster-castle.scn` exists but failed to load.
[19:30:21:017194]:[Warning]:[Sim] Simulator.cpp(595)::instanceStageForSceneAttributes : The active scene does not contain semantic annotations : activeSemanticSceneID_ = 0
2026-08-11 19:30:23,316 update: 3480	fps: 492.578	
2026-08-11 19:30:23,316 Num updates: 3480	Num frames 556800
2026-08-11 19:30:23,316 Average window size: 50  distance_to_goal: 0.565  distance_to_goal_reward: 0.002  reward: 3.895  spl: 0.680  success: 0.836
2026-08-11 19:30:23,316 	Perf Stats: trainer.rollout_collect: 0.287 trainer.sample_action: 0.003 trainer.obs_insert: 0.000 trainer.step_env: 0.005 trainer.update_stats: 0.001 trainer.update_agent: 0.035
2026-08-11 19:30:26,456 update: 3490	fps: 492.625	
2026-08-11 19:30:26,456 Num updates: 3490	Num frames 558400
2026-08-11 19:30:26,456 Average window size: 50  distance_to_goal: 0.584  distance_to_goal_reward: 0.002  reward: 4.034  spl: 0.662  success: 0.811
2026-08-11 19:30:26,456 	Perf Stats: trainer.rollout_collect: 0.287 trainer.sample_action: 0.003 trainer.obs_insert: 0.000 trainer.step_env: 0.005 trainer.update_stats: 0.001 trainer.update_agent: 0.035
2026-08-11 19:30:29,711 update: 3500	fps: 492.622	
2026-08-11 19:30:29,711 Num updates: 3500	Num frames 560000
2026-08-11 19:30:29,711 Average window size: 50  distance_to_goal: 0.471  distance_to_goal_reward: 0.001  reward: 4.316  spl: 0.660  success: 0.810
2026-08-11 19:30:29,711 	Perf Stats: trainer.rollout_collect: 0.287 trainer.sample_action: 0.003 trainer.obs_insert: 0.000 trainer.step_env: 0.005 trainer.update_stats: 0.001 trainer.update_agent: 0.035
2026-08-11 19:30:32,851 update: 3510	fps: 492.668	
2026-08-11 19:30:32,851 Num updates: 3510	Num frames 561600
2026-08-11 19:30:32,851 Average window size: 50  distance_to_goal: 0.318  distance_to_goal_reward: 0.000  reward: 4.558  spl: 0.655  success: 0.815
2026-08-11 19:30:32,851 	Perf Stats: trainer.rollout_collect: 0.287 trainer.sample_action: 0.003 trainer.obs_insert: 0.000 trainer.step_env: 0.005 trainer.update_stats: 0.001 trainer.update_agent: 0.035
2026-08-11 19:30:35,990 update: 3520	fps: 492.715	
2026-08-11 19:30:35,990 Num updates: 3520	Num frames 563200
2026-08-11 19:30:35,990 Average window size: 50  distance_to_goal: 0.479  distance_to_goal_reward: 0.000  reward: 4.462  spl: 0.659  success: 0.811
2026-08-11 19:30:35,990 	Perf Stats: trainer.rollout_collect: 0.287 trainer.sample_action: 0.003 trainer.obs_insert: 0.000 trainer.step_env: 0.005 trainer.update_stats: 0.001 trainer.update_agent: 0.035
2026-08-11 19:30:39,103 update: 3530	fps: 492.773	
2026-08-11 19:30:39,112 Num updates: 3530	Num frames 564800
2026-08-11 19:30:39,112 Average window size: 50  distance_to_goal: 0.523  distance_to_goal_reward: 0.000  reward: 4.773  spl: 0.663  success: 0.817
2026-08-11 19:30:39,112 	Perf Stats: trainer.rollout_collect: 0.287 trainer.sample_action: 0.003 trainer.obs_insert: 0.000 trainer.step_env: 0.005 trainer.update_stats: 0.001 trainer.update_agent: 0.035
2026-08-11 19:30:42,245 update: 3540	fps: 492.818	
2026-08-11 19:30:42,245 Num updates: 3540	Num frames 566400
2026-08-11 19:30:42,245 Average window size: 50  distance_to_goal: 0.438  distance_to_goal_reward: 0.000  reward: 4.866  spl: 0.703  success: 0.871
2026-08-11 19:30:42,245 	Perf Stats: trainer.rollout_collect: 0.287 trainer.sample_action: 0.003 trainer.obs_insert: 0.000 trainer.step_env: 0.005 trainer.update_stats: 0.001 trainer.update_agent: 0.035
2026-08-11 19:30:45,390 update: 3550	fps: 492.862	
2026-08-11 19:30:45,390 Num updates: 3550	Num frames 568000
2026-08-11 19:30:45,390 Average window size: 50  distance_to_goal: 0.436  distance_to_goal_reward: 0.000  reward: 4.864  spl: 0.718  success: 0.893
2026-08-11 19:30:45,390 	Perf Stats: trainer.rollout_collect: 0.287 trainer.sample_action: 0.003 trainer.obs_insert: 0.000 trainer.step_env: 0.005 trainer.update_stats: 0.001 trainer.update_agent: 0.035
2026-08-11 19:30:48,526 update: 3560	fps: 492.908	
2026-08-11 19:30:48,526 Num updates: 3560	Num frames 569600
2026-08-11 19:30:48,526 Average window size: 50  distance_to_goal: 0.492  distance_to_goal_reward: 0.000  reward: 4.724  spl: 0.727  success: 0.879
2026-08-11 19:30:48,526 	Perf Stats: trainer.rollout_collect: 0.287 trainer.sample_action: 0.003 trainer.obs_insert: 0.000 trainer.step_env: 0.005 trainer.update_stats: 0.001 trainer.update_agent: 0.035
2026-08-11 19:30:51,680 update: 3570	fps: 492.947	
2026-08-11 19:30:51,681 Num updates: 3570	Num frames 571200
2026-08-11 19:30:51,681 Average window size: 50  distance_to_goal: 0.413  distance_to_goal_reward: 0.000  reward: 4.784  spl: 0.732  success: 0.889
2026-08-11 19:30:51,681 	Perf Stats: trainer.rollout_collect: 0.287 trainer.sample_action: 0.003 trainer.obs_insert: 0.000 trainer.step_env: 0.005 trainer.update_stats: 0.001 trainer.update_agent: 0.035
2026-08-11 19:30:54,828 update: 3580	fps: 492.989	
2026-08-11 19:30:54,828 Num updates: 3580	Num frames 572800
2026-08-11 19:30:54,828 Average window size: 50  distance_to_goal: 0.494  distance_to_goal_reward: 0.000  reward: 4.420  spl: 0.721  success: 0.882
2026-08-11 19:30:54,828 	Perf Stats: trainer.rollout_collect: 0.287 trainer.sample_action: 0.003 trainer.obs_insert: 0.000 trainer.step_env: 0.005 trainer.update_stats: 0.001 trainer.update_agent: 0.035
PluginManager::Manager: duplicate static plugin StbImageImporter, ignoring
PluginManager::Manager: duplicate static plugin GltfImporter, ignoring
PluginManager::Manager: duplicate static plugin BasisImporter, ignoring
PluginManager::Manager: duplicate static plugin AssimpImporter, ignoring
PluginManager::Manager: duplicate static plugin AnySceneImporter, ignoring
PluginManager::Manager: duplicate static plugin AnyImageImporter, ignoring
Renderer: NVIDIA GeForce RTX 4070/PCIe/SSE2 by NVIDIA Corporation
OpenGL version: 4.6.0 NVIDIA 580.173.02
Using optional features:
    GL_ARB_vertex_array_object
    GL_ARB_separate_shader_objects
    GL_ARB_robustness
    GL_ARB_texture_storage
    GL_ARB_texture_view
    GL_ARB_framebuffer_no_attachments
    GL_ARB_invalidate_subdata
    GL_ARB_texture_storage_multisample
    GL_ARB_multi_bind
    GL_ARB_direct_state_access
    GL_ARB_get_texture_sub_image
    GL_ARB_texture_filter_anisotropic
    GL_KHR_debug
    GL_KHR_parallel_shader_compile
    GL_NV_depth_buffer_float
Using driver workarounds:
    no-forward-compatible-core-context
    nv-egl-incorrect-gl11-function-pointers
    no-layout-qualifiers-on-old-glsl
    nv-zero-context-profile-mask
    nv-implementation-color-read-format-dsa-broken
    nv-cubemap-inconsistent-compressed-image-size
    nv-cubemap-broken-full-compressed-image-query
    nv-compressed-block-size-in-bits
[19:30:55:393596]:[Warning]:[Scene] SemanticScene.h(331)::checkFileExists : ::loadSemanticSceneDescriptor: File `data/scene_datasets/habitat-test-scenes/van-gogh-room.scn` does not exist.  Aborting load.
[19:30:55:393612]:[Warning]:[Scene] SemanticScene.cpp(123)::loadSemanticSceneDescriptor : SSD File Naming Issue! Neither SemanticAttributes-provided name : `data/scene_datasets/habitat-test-scenes/van-gogh-room.scn` nor constructed filename : `data/scene_datasets/habitat-test-scenes/info_semantic.json` exist on disk.
[19:30:55:393617]:[Error]:[Scene] SemanticScene.cpp(139)::loadSemanticSceneDescriptor : SSD Load Failure! File with SemanticAttributes-provided name `data/scene_datasets/habitat-test-scenes/van-gogh-room.scn` exists but failed to load.
[19:30:55:824492]:[Warning]:[Sim] Simulator.cpp(595)::instanceStageForSceneAttributes : The active scene does not contain semantic annotations : activeSemanticSceneID_ = 0
2026-08-11 19:30:58,381 update: 3590	fps: 492.859	
2026-08-11 19:30:58,382 Num updates: 3590	Num frames 574400
2026-08-11 19:30:58,382 Average window size: 50  distance_to_goal: 0.549  distance_to_goal_reward: 0.000  reward: 4.321  spl: 0.709  success: 0.872
2026-08-11 19:30:58,382 	Perf Stats: trainer.rollout_collect: 0.287 trainer.sample_action: 0.003 trainer.obs_insert: 0.000 trainer.step_env: 0.005 trainer.update_stats: 0.001 trainer.update_agent: 0.035
PluginManager::Manager: duplicate static plugin StbImageImporter, ignoring
PluginManager::Manager: duplicate static plugin GltfImporter, ignoring
PluginManager::Manager: duplicate static plugin BasisImporter, ignoring
PluginManager::Manager: duplicate static plugin AssimpImporter, ignoring
PluginManager::Manager: duplicate static plugin AnySceneImporter, ignoring
PluginManager::Manager: duplicate static plugin AnyImageImporter, ignoring
Renderer: NVIDIA GeForce RTX 4070/PCIe/SSE2 by NVIDIA Corporation
OpenGL version: 4.6.0 NVIDIA 580.173.02
Using optional features:
    GL_ARB_vertex_array_object
    GL_ARB_separate_shader_objects
    GL_ARB_robustness
    GL_ARB_texture_storage
    GL_ARB_texture_view
    GL_ARB_framebuffer_no_attachments
    GL_ARB_invalidate_subdata
    GL_ARB_texture_storage_multisample
    GL_ARB_multi_bind
    GL_ARB_direct_state_access
    GL_ARB_get_texture_sub_image
    GL_ARB_texture_filter_anisotropic
    GL_KHR_debug
    GL_KHR_parallel_shader_compile
    GL_NV_depth_buffer_float
Using driver workarounds:
    no-forward-compatible-core-context
    nv-egl-incorrect-gl11-function-pointers
    no-layout-qualifiers-on-old-glsl
    nv-zero-context-profile-mask
    nv-implementation-color-read-format-dsa-broken
    nv-cubemap-inconsistent-compressed-image-size
    nv-cubemap-broken-full-compressed-image-query
    nv-compressed-block-size-in-bits
[19:31:01:151542]:[Warning]:[Scene] SemanticScene.h(331)::checkFileExists : ::loadSemanticSceneDescriptor: File `data/scene_datasets/habitat-test-scenes/skokloster-castle.scn` does not exist.  Aborting load.
[19:31:01:151559]:[Warning]:[Scene] SemanticScene.cpp(123)::loadSemanticSceneDescriptor : SSD File Naming Issue! Neither SemanticAttributes-provided name : `data/scene_datasets/habitat-test-scenes/skokloster-castle.scn` nor constructed filename : `data/scene_datasets/habitat-test-scenes/info_semantic.json` exist on disk.
[19:31:01:151564]:[Error]:[Scene] SemanticScene.cpp(139)::loadSemanticSceneDescriptor : SSD Load Failure! File with SemanticAttributes-provided name `data/scene_datasets/habitat-test-scenes/skokloster-castle.scn` exists but failed to load.
[19:31:01:772051]:[Warning]:[Sim] Simulator.cpp(595)::instanceStageForSceneAttributes : The active scene does not contain semantic annotations : activeSemanticSceneID_ = 0
2026-08-11 19:31:02,243 update: 3600	fps: 492.599	
2026-08-11 19:31:02,243 Num updates: 3600	Num frames 576000
2026-08-11 19:31:02,243 Average window size: 50  distance_to_goal: 0.591  distance_to_goal_reward: 0.000  reward: 4.102  spl: 0.698  success: 0.849
2026-08-11 19:31:02,243 	Perf Stats: trainer.rollout_collect: 0.287 trainer.sample_action: 0.003 trainer.obs_insert: 0.000 trainer.step_env: 0.005 trainer.update_stats: 0.001 trainer.update_agent: 0.035
2026-08-11 19:31:05,402 update: 3610	fps: 492.637	
2026-08-11 19:31:05,402 Num updates: 3610	Num frames 577600
2026-08-11 19:31:05,402 Average window size: 50  distance_to_goal: 0.514  distance_to_goal_reward: 0.000  reward: 4.533  spl: 0.711  success: 0.871
2026-08-11 19:31:05,402 	Perf Stats: trainer.rollout_collect: 0.287 trainer.sample_action: 0.003 trainer.obs_insert: 0.000 trainer.step_env: 0.005 trainer.update_stats: 0.001 trainer.update_agent: 0.035
PluginManager::Manager: duplicate static plugin StbImageImporter, ignoring
PluginManager::Manager: duplicate static plugin GltfImporter, ignoring
PluginManager::Manager: duplicate static plugin BasisImporter, ignoring
PluginManager::Manager: duplicate static plugin AssimpImporter, ignoring
PluginManager::Manager: duplicate static plugin AnySceneImporter, ignoring
PluginManager::Manager: duplicate static plugin AnyImageImporter, ignoring
Renderer: NVIDIA GeForce RTX 4070/PCIe/SSE2 by NVIDIA Corporation
OpenGL version: 4.6.0 NVIDIA 580.173.02
Using optional features:
    GL_ARB_vertex_array_object
    GL_ARB_separate_shader_objects
    GL_ARB_robustness
    GL_ARB_texture_storage
    GL_ARB_texture_view
    GL_ARB_framebuffer_no_attachments
    GL_ARB_invalidate_subdata
    GL_ARB_texture_storage_multisample
    GL_ARB_multi_bind
    GL_ARB_direct_state_access
    GL_ARB_get_texture_sub_image
    GL_ARB_texture_filter_anisotropic
    GL_KHR_debug
    GL_KHR_parallel_shader_compile
    GL_NV_depth_buffer_float
Using driver workarounds:
    no-forward-compatible-core-context
    nv-egl-incorrect-gl11-function-pointers
    no-layout-qualifiers-on-old-glsl
    nv-zero-context-profile-mask
    nv-implementation-color-read-format-dsa-broken
    nv-cubemap-inconsistent-compressed-image-size
    nv-cubemap-broken-full-compressed-image-query
    nv-compressed-block-size-in-bits
[19:31:07:798570]:[Warning]:[Scene] SemanticScene.h(331)::checkFileExists : ::loadSemanticSceneDescriptor: File `data/scene_datasets/habitat-test-scenes/van-gogh-room.scn` does not exist.  Aborting load.
[19:31:07:798586]:[Warning]:[Scene] SemanticScene.cpp(123)::loadSemanticSceneDescriptor : SSD File Naming Issue! Neither SemanticAttributes-provided name : `data/scene_datasets/habitat-test-scenes/van-gogh-room.scn` nor constructed filename : `data/scene_datasets/habitat-test-scenes/info_semantic.json` exist on disk.
[19:31:07:798591]:[Error]:[Scene] SemanticScene.cpp(139)::loadSemanticSceneDescriptor : SSD Load Failure! File with SemanticAttributes-provided name `data/scene_datasets/habitat-test-scenes/van-gogh-room.scn` exists but failed to load.
[19:31:08:236232]:[Warning]:[Sim] Simulator.cpp(595)::instanceStageForSceneAttributes : The active scene does not contain semantic annotations : activeSemanticSceneID_ = 0
2026-08-11 19:31:08,980 update: 3620	fps: 492.499	
2026-08-11 19:31:08,980 Num updates: 3620	Num frames 579200
2026-08-11 19:31:08,980 Average window size: 50  distance_to_goal: 0.553  distance_to_goal_reward: 0.000  reward: 4.434  spl: 0.730  success: 0.886
2026-08-11 19:31:08,980 	Perf Stats: trainer.rollout_collect: 0.287 trainer.sample_action: 0.003 trainer.obs_insert: 0.000 trainer.step_env: 0.005 trainer.update_stats: 0.001 trainer.update_agent: 0.035
2026-08-11 19:31:12,100 update: 3630	fps: 492.552	
2026-08-11 19:31:12,100 Num updates: 3630	Num frames 580800
2026-08-11 19:31:12,100 Average window size: 50  distance_to_goal: 0.449  distance_to_goal_reward: 0.000  reward: 4.419  spl: 0.732  success: 0.885
2026-08-11 19:31:12,100 	Perf Stats: trainer.rollout_collect: 0.287 trainer.sample_action: 0.003 trainer.obs_insert: 0.000 trainer.step_env: 0.005 trainer.update_stats: 0.001 trainer.update_agent: 0.035
2026-08-11 19:31:15,205 update: 3640	fps: 492.612	
2026-08-11 19:31:15,205 Num updates: 3640	Num frames 582400
2026-08-11 19:31:15,205 Average window size: 50  distance_to_goal: 0.444  distance_to_goal_reward: 0.000  reward: 4.365  spl: 0.760  success: 0.906
2026-08-11 19:31:15,206 	Perf Stats: trainer.rollout_collect: 0.287 trainer.sample_action: 0.003 trainer.obs_insert: 0.000 trainer.step_env: 0.005 trainer.update_stats: 0.001 trainer.update_agent: 0.035
2026-08-11 19:31:18,316 update: 3650	fps: 492.669	
2026-08-11 19:31:18,316 Num updates: 3650	Num frames 584000
2026-08-11 19:31:18,316 Average window size: 50  distance_to_goal: 0.348  distance_to_goal_reward: 0.000  reward: 4.376  spl: 0.768  success: 0.924
2026-08-11 19:31:18,316 	Perf Stats: trainer.rollout_collect: 0.287 trainer.sample_action: 0.003 trainer.obs_insert: 0.000 trainer.step_env: 0.005 trainer.update_stats: 0.001 trainer.update_agent: 0.035
2026-08-11 19:31:21,418 update: 3660	fps: 492.729	
2026-08-11 19:31:21,419 Num updates: 3660	Num frames 585600
2026-08-11 19:31:21,419 Average window size: 50  distance_to_goal: 0.371  distance_to_goal_reward: 0.000  reward: 4.190  spl: 0.773  success: 0.925
2026-08-11 19:31:21,419 	Perf Stats: trainer.rollout_collect: 0.287 trainer.sample_action: 0.003 trainer.obs_insert: 0.000 trainer.step_env: 0.005 trainer.update_stats: 0.001 trainer.update_agent: 0.035
2026-08-11 19:31:24,511 update: 3670	fps: 492.793	
2026-08-11 19:31:24,511 Num updates: 3670	Num frames 587200
2026-08-11 19:31:24,511 Average window size: 50  distance_to_goal: 0.300  distance_to_goal_reward: 0.000  reward: 4.154  spl: 0.761  success: 0.920
2026-08-11 19:31:24,511 	Perf Stats: trainer.rollout_collect: 0.287 trainer.sample_action: 0.003 trainer.obs_insert: 0.000 trainer.step_env: 0.005 trainer.update_stats: 0.001 trainer.update_agent: 0.035
2026-08-11 19:31:27,625 update: 3680	fps: 492.848	
2026-08-11 19:31:27,625 Num updates: 3680	Num frames 588800
2026-08-11 19:31:27,625 Average window size: 50  distance_to_goal: 0.327  distance_to_goal_reward: 0.000  reward: 4.204  spl: 0.760  success: 0.926
2026-08-11 19:31:27,625 	Perf Stats: trainer.rollout_collect: 0.287 trainer.sample_action: 0.003 trainer.obs_insert: 0.000 trainer.step_env: 0.005 trainer.update_stats: 0.001 trainer.update_agent: 0.035
2026-08-11 19:31:30,706 update: 3690	fps: 492.916	
2026-08-11 19:31:30,715 Num updates: 3690	Num frames 590400
2026-08-11 19:31:30,715 Average window size: 50  distance_to_goal: 0.276  distance_to_goal_reward: 0.000  reward: 4.266  spl: 0.759  success: 0.930
2026-08-11 19:31:30,715 	Perf Stats: trainer.rollout_collect: 0.287 trainer.sample_action: 0.003 trainer.obs_insert: 0.000 trainer.step_env: 0.005 trainer.update_stats: 0.001 trainer.update_agent: 0.035
2026-08-11 19:31:33,905 update: 3700	fps: 492.935	
2026-08-11 19:31:33,905 Num updates: 3700	Num frames 592000
2026-08-11 19:31:33,905 Average window size: 50  distance_to_goal: 0.463  distance_to_goal_reward: 0.000  reward: 3.999  spl: 0.744  success: 0.901
2026-08-11 19:31:33,905 	Perf Stats: trainer.rollout_collect: 0.287 trainer.sample_action: 0.003 trainer.obs_insert: 0.000 trainer.step_env: 0.005 trainer.update_stats: 0.001 trainer.update_agent: 0.035
2026-08-11 19:31:37,015 update: 3710	fps: 492.991	
2026-08-11 19:31:37,015 Num updates: 3710	Num frames 593600
2026-08-11 19:31:37,015 Average window size: 50  distance_to_goal: 0.439  distance_to_goal_reward: 0.000  reward: 3.923  spl: 0.733  success: 0.885
2026-08-11 19:31:37,015 	Perf Stats: trainer.rollout_collect: 0.287 trainer.sample_action: 0.003 trainer.obs_insert: 0.000 trainer.step_env: 0.005 trainer.update_stats: 0.001 trainer.update_agent: 0.035
2026-08-11 19:31:40,107 update: 3720	fps: 493.053	
2026-08-11 19:31:40,108 Num updates: 3720	Num frames 595200
2026-08-11 19:31:40,108 Average window size: 50  distance_to_goal: 0.489  distance_to_goal_reward: 0.000  reward: 3.996  spl: 0.726  success: 0.874
2026-08-11 19:31:40,108 	Perf Stats: trainer.rollout_collect: 0.287 trainer.sample_action: 0.003 trainer.obs_insert: 0.000 trainer.step_env: 0.005 trainer.update_stats: 0.001 trainer.update_agent: 0.035
2026-08-11 19:31:43,198 update: 3730	fps: 493.116	
2026-08-11 19:31:43,198 Num updates: 3730	Num frames 596800
2026-08-11 19:31:43,198 Average window size: 50  distance_to_goal: 0.400  distance_to_goal_reward: 0.000  reward: 4.031  spl: 0.734  success: 0.887
2026-08-11 19:31:43,198 	Perf Stats: trainer.rollout_collect: 0.287 trainer.sample_action: 0.003 trainer.obs_insert: 0.000 trainer.step_env: 0.005 trainer.update_stats: 0.001 trainer.update_agent: 0.035
2026-08-11 19:31:46,305 update: 3740	fps: 493.172	
2026-08-11 19:31:46,306 Num updates: 3740	Num frames 598400
2026-08-11 19:31:46,306 Average window size: 50  distance_to_goal: 0.282  distance_to_goal_reward: 0.000  reward: 4.194  spl: 0.731  success: 0.886
2026-08-11 19:31:46,306 	Perf Stats: trainer.rollout_collect: 0.287 trainer.sample_action: 0.003 trainer.obs_insert: 0.000 trainer.step_env: 0.005 trainer.update_stats: 0.001 trainer.update_agent: 0.035
2026-08-11 19:31:49,361 update: 3750	fps: 493.249	
2026-08-11 19:31:49,361 Num updates: 3750	Num frames 600000
2026-08-11 19:31:49,361 Average window size: 50  distance_to_goal: 0.213  distance_to_goal_reward: 0.000  reward: 4.222  spl: 0.730  success: 0.893
2026-08-11 19:31:49,361 	Perf Stats: trainer.rollout_collect: 0.286 trainer.sample_action: 0.003 trainer.obs_insert: 0.000 trainer.step_env: 0.005 trainer.update_stats: 0.001 trainer.update_agent: 0.035
2026-08-11 19:31:52,510 update: 3760	fps: 493.287	
2026-08-11 19:31:52,511 Num updates: 3760	Num frames 601600
2026-08-11 19:31:52,511 Average window size: 50  distance_to_goal: 0.260  distance_to_goal_reward: 0.000  reward: 4.147  spl: 0.724  success: 0.899
2026-08-11 19:31:52,511 	Perf Stats: trainer.rollout_collect: 0.286 trainer.sample_action: 0.003 trainer.obs_insert: 0.000 trainer.step_env: 0.005 trainer.update_stats: 0.001 trainer.update_agent: 0.035
2026-08-11 19:31:55,613 update: 3770	fps: 493.344	
2026-08-11 19:31:55,613 Num updates: 3770	Num frames 603200
2026-08-11 19:31:55,613 Average window size: 50  distance_to_goal: 0.208  distance_to_goal_reward: 0.000  reward: 4.141  spl: 0.709  success: 0.891
2026-08-11 19:31:55,613 	Perf Stats: trainer.rollout_collect: 0.286 trainer.sample_action: 0.003 trainer.obs_insert: 0.000 trainer.step_env: 0.005 trainer.update_stats: 0.001 trainer.update_agent: 0.035
2026-08-11 19:31:58,715 update: 3780	fps: 493.400	
2026-08-11 19:31:58,716 Num updates: 3780	Num frames 604800
2026-08-11 19:31:58,716 Average window size: 50  distance_to_goal: 0.209  distance_to_goal_reward: 0.000  reward: 4.128  spl: 0.690  success: 0.863
2026-08-11 19:31:58,716 	Perf Stats: trainer.rollout_collect: 0.286 trainer.sample_action: 0.003 trainer.obs_insert: 0.000 trainer.step_env: 0.005 trainer.update_stats: 0.001 trainer.update_agent: 0.035
PluginManager::Manager: duplicate static plugin StbImageImporter, ignoring
PluginManager::Manager: duplicate static plugin GltfImporter, ignoring
PluginManager::Manager: duplicate static plugin BasisImporter, ignoring
PluginManager::Manager: duplicate static plugin AssimpImporter, ignoring
PluginManager::Manager: duplicate static plugin AnySceneImporter, ignoring
PluginManager::Manager: duplicate static plugin AnyImageImporter, ignoring
Renderer: NVIDIA GeForce RTX 4070/PCIe/SSE2 by NVIDIA Corporation
OpenGL version: 4.6.0 NVIDIA 580.173.02
Using optional features:
    GL_ARB_vertex_array_object
    GL_ARB_separate_shader_objects
    GL_ARB_robustness
    GL_ARB_texture_storage
    GL_ARB_texture_view
    GL_ARB_framebuffer_no_attachments
    GL_ARB_invalidate_subdata
    GL_ARB_texture_storage_multisample
    GL_ARB_multi_bind
    GL_ARB_direct_state_access
    GL_ARB_get_texture_sub_image
    GL_ARB_texture_filter_anisotropic
    GL_KHR_debug
    GL_KHR_parallel_shader_compile
    GL_NV_depth_buffer_float
Using driver workarounds:
    no-forward-compatible-core-context
    nv-egl-incorrect-gl11-function-pointers
    no-layout-qualifiers-on-old-glsl
    nv-zero-context-profile-mask
    nv-implementation-color-read-format-dsa-broken
    nv-cubemap-inconsistent-compressed-image-size
    nv-cubemap-broken-full-compressed-image-query
    nv-compressed-block-size-in-bits
[19:32:00:467630]:[Warning]:[Scene] SemanticScene.h(331)::checkFileExists : ::loadSemanticSceneDescriptor: File `data/scene_datasets/habitat-test-scenes/skokloster-castle.scn` does not exist.  Aborting load.
[19:32:00:467647]:[Warning]:[Scene] SemanticScene.cpp(123)::loadSemanticSceneDescriptor : SSD File Naming Issue! Neither SemanticAttributes-provided name : `data/scene_datasets/habitat-test-scenes/skokloster-castle.scn` nor constructed filename : `data/scene_datasets/habitat-test-scenes/info_semantic.json` exist on disk.
[19:32:00:467652]:[Error]:[Scene] SemanticScene.cpp(139)::loadSemanticSceneDescriptor : SSD Load Failure! File with SemanticAttributes-provided name `data/scene_datasets/habitat-test-scenes/skokloster-castle.scn` exists but failed to load.
[19:32:01:097997]:[Warning]:[Sim] Simulator.cpp(595)::instanceStageForSceneAttributes : The active scene does not contain semantic annotations : activeSemanticSceneID_ = 0
2026-08-11 19:32:02,455 update: 3790	fps: 493.201	
2026-08-11 19:32:02,455 Num updates: 3790	Num frames 606400
2026-08-11 19:32:02,455 Average window size: 50  distance_to_goal: 0.276  distance_to_goal_reward: 0.000  reward: 4.008  spl: 0.698  success: 0.869
2026-08-11 19:32:02,455 	Perf Stats: trainer.rollout_collect: 0.287 trainer.sample_action: 0.003 trainer.obs_insert: 0.000 trainer.step_env: 0.005 trainer.update_stats: 0.001 trainer.update_agent: 0.035
2026-08-11 19:32:05,710 update: 3800	fps: 493.197	
2026-08-11 19:32:05,710 Num updates: 3800	Num frames 608000
2026-08-11 19:32:05,710 Average window size: 50  distance_to_goal: 0.302  distance_to_goal_reward: 0.000  reward: 4.201  spl: 0.697  success: 0.865
2026-08-11 19:32:05,710 	Perf Stats: trainer.rollout_collect: 0.286 trainer.sample_action: 0.003 trainer.obs_insert: 0.000 trainer.step_env: 0.005 trainer.update_stats: 0.001 trainer.update_agent: 0.035
2026-08-11 19:32:08,846 update: 3810	fps: 493.240	
2026-08-11 19:32:08,847 Num updates: 3810	Num frames 609600
2026-08-11 19:32:08,847 Average window size: 50  distance_to_goal: 0.262  distance_to_goal_reward: 0.000  reward: 4.315  spl: 0.712  success: 0.872
2026-08-11 19:32:08,847 	Perf Stats: trainer.rollout_collect: 0.286 trainer.sample_action: 0.003 trainer.obs_insert: 0.000 trainer.step_env: 0.005 trainer.update_stats: 0.001 trainer.update_agent: 0.035
PluginManager::Manager: duplicate static plugin StbImageImporter, ignoring
PluginManager::Manager: duplicate static plugin GltfImporter, ignoring
PluginManager::Manager: duplicate static plugin BasisImporter, ignoring
PluginManager::Manager: duplicate static plugin AssimpImporter, ignoring
PluginManager::Manager: duplicate static plugin AnySceneImporter, ignoring
PluginManager::Manager: duplicate static plugin AnyImageImporter, ignoring
Renderer: NVIDIA GeForce RTX 4070/PCIe/SSE2 by NVIDIA Corporation
OpenGL version: 4.6.0 NVIDIA 580.173.02
Using optional features:
    GL_ARB_vertex_array_object
    GL_ARB_separate_shader_objects
    GL_ARB_robustness
    GL_ARB_texture_storage
    GL_ARB_texture_view
    GL_ARB_framebuffer_no_attachments
    GL_ARB_invalidate_subdata
    GL_ARB_texture_storage_multisample
    GL_ARB_multi_bind
    GL_ARB_direct_state_access
    GL_ARB_get_texture_sub_image
    GL_ARB_texture_filter_anisotropic
    GL_KHR_debug
    GL_KHR_parallel_shader_compile
    GL_NV_depth_buffer_float
Using driver workarounds:
    no-forward-compatible-core-context
    nv-egl-incorrect-gl11-function-pointers
    no-layout-qualifiers-on-old-glsl
    nv-zero-context-profile-mask
    nv-implementation-color-read-format-dsa-broken
    nv-cubemap-inconsistent-compressed-image-size
    nv-cubemap-broken-full-compressed-image-query
    nv-compressed-block-size-in-bits
[19:32:08:935988]:[Warning]:[Scene] SemanticScene.h(331)::checkFileExists : ::loadSemanticSceneDescriptor: File `data/scene_datasets/habitat-test-scenes/van-gogh-room.scn` does not exist.  Aborting load.
[19:32:08:936004]:[Warning]:[Scene] SemanticScene.cpp(123)::loadSemanticSceneDescriptor : SSD File Naming Issue! Neither SemanticAttributes-provided name : `data/scene_datasets/habitat-test-scenes/van-gogh-room.scn` nor constructed filename : `data/scene_datasets/habitat-test-scenes/info_semantic.json` exist on disk.
[19:32:08:936009]:[Error]:[Scene] SemanticScene.cpp(139)::loadSemanticSceneDescriptor : SSD Load Failure! File with SemanticAttributes-provided name `data/scene_datasets/habitat-test-scenes/van-gogh-room.scn` exists but failed to load.
[19:32:09:371672]:[Warning]:[Sim] Simulator.cpp(595)::instanceStageForSceneAttributes : The active scene does not contain semantic annotations : activeSemanticSceneID_ = 0
2026-08-11 19:32:12,364 update: 3820	fps: 493.131	
2026-08-11 19:32:12,364 Num updates: 3820	Num frames 611200
2026-08-11 19:32:12,364 Average window size: 50  distance_to_goal: 0.410  distance_to_goal_reward: 0.000  reward: 4.253  spl: 0.709  success: 0.860
2026-08-11 19:32:12,364 	Perf Stats: trainer.rollout_collect: 0.287 trainer.sample_action: 0.003 trainer.obs_insert: 0.000 trainer.step_env: 0.005 trainer.update_stats: 0.001 trainer.update_agent: 0.035
2026-08-11 19:32:15,472 update: 3830	fps: 493.185	
2026-08-11 19:32:15,472 Num updates: 3830	Num frames 612800
2026-08-11 19:32:15,472 Average window size: 50  distance_to_goal: 0.409  distance_to_goal_reward: 0.000  reward: 4.082  spl: 0.730  success: 0.860
2026-08-11 19:32:15,472 	Perf Stats: trainer.rollout_collect: 0.287 trainer.sample_action: 0.003 trainer.obs_insert: 0.000 trainer.step_env: 0.005 trainer.update_stats: 0.001 trainer.update_agent: 0.035
2026-08-11 19:32:18,565 update: 3840	fps: 493.245	
2026-08-11 19:32:18,565 Num updates: 3840	Num frames 614400
2026-08-11 19:32:18,565 Average window size: 50  distance_to_goal: 0.462  distance_to_goal_reward: 0.000  reward: 4.057  spl: 0.717  success: 0.846
2026-08-11 19:32:18,565 	Perf Stats: trainer.rollout_collect: 0.286 trainer.sample_action: 0.003 trainer.obs_insert: 0.000 trainer.step_env: 0.005 trainer.update_stats: 0.001 trainer.update_agent: 0.035
2026-08-11 19:32:21,664 update: 3850	fps: 493.302	
2026-08-11 19:32:21,664 Num updates: 3850	Num frames 616000
2026-08-11 19:32:21,664 Average window size: 50  distance_to_goal: 0.447  distance_to_goal_reward: 0.000  reward: 3.801  spl: 0.665  success: 0.787
2026-08-11 19:32:21,664 	Perf Stats: trainer.rollout_collect: 0.286 trainer.sample_action: 0.003 trainer.obs_insert: 0.000 trainer.step_env: 0.005 trainer.update_stats: 0.001 trainer.update_agent: 0.035
2026-08-11 19:32:24,749 update: 3860	fps: 493.365	
2026-08-11 19:32:24,749 Num updates: 3860	Num frames 617600
2026-08-11 19:32:24,749 Average window size: 50  distance_to_goal: 0.377  distance_to_goal_reward: 0.000  reward: 3.822  spl: 0.672  success: 0.795
2026-08-11 19:32:24,749 	Perf Stats: trainer.rollout_collect: 0.286 trainer.sample_action: 0.003 trainer.obs_insert: 0.000 trainer.step_env: 0.005 trainer.update_stats: 0.001 trainer.update_agent: 0.035
2026-08-11 19:32:27,832 update: 3870	fps: 493.427	
2026-08-11 19:32:27,832 Num updates: 3870	Num frames 619200
2026-08-11 19:32:27,832 Average window size: 50  distance_to_goal: 0.308  distance_to_goal_reward: 0.000  reward: 3.792  spl: 0.681  success: 0.800
2026-08-11 19:32:27,833 	Perf Stats: trainer.rollout_collect: 0.286 trainer.sample_action: 0.003 trainer.obs_insert: 0.000 trainer.step_env: 0.005 trainer.update_stats: 0.001 trainer.update_agent: 0.035
PluginManager::Manager: duplicate static plugin StbImageImporter, ignoring
PluginManager::Manager: duplicate static plugin GltfImporter, ignoring
PluginManager::Manager: duplicate static plugin BasisImporter, ignoring
PluginManager::Manager: duplicate static plugin AssimpImporter, ignoring
PluginManager::Manager: duplicate static plugin AnySceneImporter, ignoring
PluginManager::Manager: duplicate static plugin AnyImageImporter, ignoring
Renderer: NVIDIA GeForce RTX 4070/PCIe/SSE2 by NVIDIA Corporation
OpenGL version: 4.6.0 NVIDIA 580.173.02
Using optional features:
    GL_ARB_vertex_array_object
    GL_ARB_separate_shader_objects
    GL_ARB_robustness
    GL_ARB_texture_storage
    GL_ARB_texture_view
    GL_ARB_framebuffer_no_attachments
    GL_ARB_invalidate_subdata
    GL_ARB_texture_storage_multisample
    GL_ARB_multi_bind
    GL_ARB_direct_state_access
    GL_ARB_get_texture_sub_image
    GL_ARB_texture_filter_anisotropic
    GL_KHR_debug
    GL_KHR_parallel_shader_compile
    GL_NV_depth_buffer_float
Using driver workarounds:
    no-forward-compatible-core-context
    nv-egl-incorrect-gl11-function-pointers
    no-layout-qualifiers-on-old-glsl
    nv-zero-context-profile-mask
    nv-implementation-color-read-format-dsa-broken
    nv-cubemap-inconsistent-compressed-image-size
    nv-cubemap-broken-full-compressed-image-query
    nv-compressed-block-size-in-bits
[19:32:28:810921]:[Warning]:[Scene] SemanticScene.h(331)::checkFileExists : ::loadSemanticSceneDescriptor: File `data/scene_datasets/habitat-test-scenes/skokloster-castle.scn` does not exist.  Aborting load.
[19:32:28:810937]:[Warning]:[Scene] SemanticScene.cpp(123)::loadSemanticSceneDescriptor : SSD File Naming Issue! Neither SemanticAttributes-provided name : `data/scene_datasets/habitat-test-scenes/skokloster-castle.scn` nor constructed filename : `data/scene_datasets/habitat-test-scenes/info_semantic.json` exist on disk.
[19:32:28:810942]:[Error]:[Scene] SemanticScene.cpp(139)::loadSemanticSceneDescriptor : SSD Load Failure! File with SemanticAttributes-provided name `data/scene_datasets/habitat-test-scenes/skokloster-castle.scn` exists but failed to load.
[19:32:29:417104]:[Warning]:[Sim] Simulator.cpp(595)::instanceStageForSceneAttributes : The active scene does not contain semantic annotations : activeSemanticSceneID_ = 0
2026-08-11 19:32:31,575 update: 3880	fps: 493.231	
2026-08-11 19:32:31,575 Num updates: 3880	Num frames 620800
2026-08-11 19:32:31,575 Average window size: 50  distance_to_goal: 0.318  distance_to_goal_reward: 0.000  reward: 4.012  spl: 0.663  success: 0.790
2026-08-11 19:32:31,575 	Perf Stats: trainer.rollout_collect: 0.286 trainer.sample_action: 0.003 trainer.obs_insert: 0.000 trainer.step_env: 0.005 trainer.update_stats: 0.001 trainer.update_agent: 0.035
PluginManager::Manager: duplicate static plugin StbImageImporter, ignoring
PluginManager::Manager: duplicate static plugin GltfImporter, ignoring
PluginManager::Manager: duplicate static plugin BasisImporter, ignoring
PluginManager::Manager: duplicate static plugin AssimpImporter, ignoring
PluginManager::Manager: duplicate static plugin AnySceneImporter, ignoring
PluginManager::Manager: duplicate static plugin AnyImageImporter, ignoring
Renderer: NVIDIA GeForce RTX 4070/PCIe/SSE2 by NVIDIA Corporation
OpenGL version: 4.6.0 NVIDIA 580.173.02
Using optional features:
    GL_ARB_vertex_array_object
    GL_ARB_separate_shader_objects
    GL_ARB_robustness
    GL_ARB_texture_storage
    GL_ARB_texture_view
    GL_ARB_framebuffer_no_attachments
    GL_ARB_invalidate_subdata
    GL_ARB_texture_storage_multisample
    GL_ARB_multi_bind
    GL_ARB_direct_state_access
    GL_ARB_get_texture_sub_image
    GL_ARB_texture_filter_anisotropic
    GL_KHR_debug
    GL_KHR_parallel_shader_compile
    GL_NV_depth_buffer_float
Using driver workarounds:
    no-forward-compatible-core-context
    nv-egl-incorrect-gl11-function-pointers
    no-layout-qualifiers-on-old-glsl
    nv-zero-context-profile-mask
    nv-implementation-color-read-format-dsa-broken
    nv-cubemap-inconsistent-compressed-image-size
    nv-cubemap-broken-full-compressed-image-query
    nv-compressed-block-size-in-bits
[19:32:33:682246]:[Warning]:[Scene] SemanticScene.h(331)::checkFileExists : ::loadSemanticSceneDescriptor: File `data/scene_datasets/habitat-test-scenes/skokloster-castle.scn` does not exist.  Aborting load.
[19:32:33:682262]:[Warning]:[Scene] SemanticScene.cpp(123)::loadSemanticSceneDescriptor : SSD File Naming Issue! Neither SemanticAttributes-provided name : `data/scene_datasets/habitat-test-scenes/skokloster-castle.scn` nor constructed filename : `data/scene_datasets/habitat-test-scenes/info_semantic.json` exist on disk.
[19:32:33:682267]:[Error]:[Scene] SemanticScene.cpp(139)::loadSemanticSceneDescriptor : SSD Load Failure! File with SemanticAttributes-provided name `data/scene_datasets/habitat-test-scenes/skokloster-castle.scn` exists but failed to load.
[19:32:34:288323]:[Warning]:[Sim] Simulator.cpp(595)::instanceStageForSceneAttributes : The active scene does not contain semantic annotations : activeSemanticSceneID_ = 0
2026-08-11 19:32:35,361 update: 3890	fps: 493.019	
2026-08-11 19:32:35,361 Num updates: 3890	Num frames 622400
2026-08-11 19:32:35,361 Average window size: 50  distance_to_goal: 0.297  distance_to_goal_reward: 0.000  reward: 4.490  spl: 0.666  success: 0.793
2026-08-11 19:32:35,361 	Perf Stats: trainer.rollout_collect: 0.287 trainer.sample_action: 0.003 trainer.obs_insert: 0.000 trainer.step_env: 0.005 trainer.update_stats: 0.001 trainer.update_agent: 0.035
2026-08-11 19:32:38,628 update: 3900	fps: 493.011	
2026-08-11 19:32:38,629 Num updates: 3900	Num frames 624000
2026-08-11 19:32:38,629 Average window size: 50  distance_to_goal: 0.295  distance_to_goal_reward: 0.000  reward: 5.095  spl: 0.740  success: 0.879
2026-08-11 19:32:38,629 	Perf Stats: trainer.rollout_collect: 0.287 trainer.sample_action: 0.003 trainer.obs_insert: 0.000 trainer.step_env: 0.005 trainer.update_stats: 0.001 trainer.update_agent: 0.035
2026-08-11 19:32:41,795 update: 3910	fps: 493.041	
2026-08-11 19:32:41,795 Num updates: 3910	Num frames 625600
2026-08-11 19:32:41,795 Average window size: 50  distance_to_goal: 0.360  distance_to_goal_reward: 0.000  reward: 5.420  spl: 0.725  success: 0.859
2026-08-11 19:32:41,795 	Perf Stats: trainer.rollout_collect: 0.287 trainer.sample_action: 0.003 trainer.obs_insert: 0.000 trainer.step_env: 0.005 trainer.update_stats: 0.001 trainer.update_agent: 0.035
2026-08-11 19:32:44,990 update: 3920	fps: 493.061	
2026-08-11 19:32:44,990 Num updates: 3920	Num frames 627200
2026-08-11 19:32:44,990 Average window size: 50  distance_to_goal: 0.463  distance_to_goal_reward: 0.000  reward: 5.883  spl: 0.702  success: 0.830
2026-08-11 19:32:44,990 	Perf Stats: trainer.rollout_collect: 0.287 trainer.sample_action: 0.003 trainer.obs_insert: 0.000 trainer.step_env: 0.005 trainer.update_stats: 0.001 trainer.update_agent: 0.035
2026-08-11 19:32:48,164 update: 3930	fps: 493.088	
2026-08-11 19:32:48,164 Num updates: 3930	Num frames 628800
2026-08-11 19:32:48,164 Average window size: 50  distance_to_goal: 0.690  distance_to_goal_reward: 0.000  reward: 5.756  spl: 0.669  success: 0.791
2026-08-11 19:32:48,164 	Perf Stats: trainer.rollout_collect: 0.287 trainer.sample_action: 0.003 trainer.obs_insert: 0.000 trainer.step_env: 0.005 trainer.update_stats: 0.001 trainer.update_agent: 0.035
PluginManager::Manager: duplicate static plugin StbImageImporter, ignoring
PluginManager::Manager: duplicate static plugin GltfImporter, ignoring
PluginManager::Manager: duplicate static plugin BasisImporter, ignoring
PluginManager::Manager: duplicate static plugin AssimpImporter, ignoring
PluginManager::Manager: duplicate static plugin AnySceneImporter, ignoring
PluginManager::Manager: duplicate static plugin AnyImageImporter, ignoring
Renderer: NVIDIA GeForce RTX 4070/PCIe/SSE2 by NVIDIA Corporation
OpenGL version: 4.6.0 NVIDIA 580.173.02
Using optional features:
    GL_ARB_vertex_array_object
    GL_ARB_separate_shader_objects
    GL_ARB_robustness
    GL_ARB_texture_storage
    GL_ARB_texture_view
    GL_ARB_framebuffer_no_attachments
    GL_ARB_invalidate_subdata
    GL_ARB_texture_storage_multisample
    GL_ARB_multi_bind
    GL_ARB_direct_state_access
    GL_ARB_get_texture_sub_image
    GL_ARB_texture_filter_anisotropic
    GL_KHR_debug
    GL_KHR_parallel_shader_compile
    GL_NV_depth_buffer_float
Using driver workarounds:
    no-forward-compatible-core-context
    nv-egl-incorrect-gl11-function-pointers
    no-layout-qualifiers-on-old-glsl
    nv-zero-context-profile-mask
    nv-implementation-color-read-format-dsa-broken
    nv-cubemap-inconsistent-compressed-image-size
    nv-cubemap-broken-full-compressed-image-query
    nv-compressed-block-size-in-bits
[19:32:50:335668]:[Warning]:[Scene] SemanticScene.h(331)::checkFileExists : ::loadSemanticSceneDescriptor: File `data/scene_datasets/habitat-test-scenes/van-gogh-room.scn` does not exist.  Aborting load.
[19:32:50:335684]:[Warning]:[Scene] SemanticScene.cpp(123)::loadSemanticSceneDescriptor : SSD File Naming Issue! Neither SemanticAttributes-provided name : `data/scene_datasets/habitat-test-scenes/van-gogh-room.scn` nor constructed filename : `data/scene_datasets/habitat-test-scenes/info_semantic.json` exist on disk.
[19:32:50:335689]:[Error]:[Scene] SemanticScene.cpp(139)::loadSemanticSceneDescriptor : SSD Load Failure! File with SemanticAttributes-provided name `data/scene_datasets/habitat-test-scenes/van-gogh-room.scn` exists but failed to load.
[19:32:50:776066]:[Warning]:[Sim] Simulator.cpp(595)::instanceStageForSceneAttributes : The active scene does not contain semantic annotations : activeSemanticSceneID_ = 0
2026-08-11 19:32:51,776 update: 3940	fps: 492.947	
2026-08-11 19:32:51,776 Num updates: 3940	Num frames 630400
2026-08-11 19:32:51,776 Average window size: 50  distance_to_goal: 0.742  distance_to_goal_reward: 0.000  reward: 5.363  spl: 0.666  success: 0.795
2026-08-11 19:32:51,776 	Perf Stats: trainer.rollout_collect: 0.287 trainer.sample_action: 0.003 trainer.obs_insert: 0.000 trainer.step_env: 0.005 trainer.update_stats: 0.001 trainer.update_agent: 0.035
2026-08-11 19:32:54,912 update: 3950	fps: 492.989	
2026-08-11 19:32:54,913 Num updates: 3950	Num frames 632000
2026-08-11 19:32:54,913 Average window size: 50  distance_to_goal: 0.809  distance_to_goal_reward: 0.000  reward: 4.881  spl: 0.636  success: 0.770
2026-08-11 19:32:54,913 	Perf Stats: trainer.rollout_collect: 0.287 trainer.sample_action: 0.003 trainer.obs_insert: 0.000 trainer.step_env: 0.005 trainer.update_stats: 0.001 trainer.update_agent: 0.035
2026-08-11 19:32:58,020 update: 3960	fps: 493.042	
2026-08-11 19:32:58,020 Num updates: 3960	Num frames 633600
2026-08-11 19:32:58,020 Average window size: 50  distance_to_goal: 0.646  distance_to_goal_reward: 0.000  reward: 4.832  spl: 0.666  success: 0.800
2026-08-11 19:32:58,020 	Perf Stats: trainer.rollout_collect: 0.287 trainer.sample_action: 0.003 trainer.obs_insert: 0.000 trainer.step_env: 0.005 trainer.update_stats: 0.001 trainer.update_agent: 0.035
2026-08-11 19:33:01,164 update: 3970	fps: 493.080	
2026-08-11 19:33:01,165 Num updates: 3970	Num frames 635200
2026-08-11 19:33:01,165 Average window size: 50  distance_to_goal: 0.705  distance_to_goal_reward: 0.000  reward: 4.559  spl: 0.685  success: 0.821
2026-08-11 19:33:01,165 	Perf Stats: trainer.rollout_collect: 0.287 trainer.sample_action: 0.003 trainer.obs_insert: 0.000 trainer.step_env: 0.005 trainer.update_stats: 0.001 trainer.update_agent: 0.035
2026-08-11 19:33:04,262 update: 3980	fps: 493.137	
2026-08-11 19:33:04,262 Num updates: 3980	Num frames 636800
2026-08-11 19:33:04,262 Average window size: 50  distance_to_goal: 0.600  distance_to_goal_reward: 0.000  reward: 4.321  spl: 0.704  success: 0.840
2026-08-11 19:33:04,262 	Perf Stats: trainer.rollout_collect: 0.287 trainer.sample_action: 0.003 trainer.obs_insert: 0.000 trainer.step_env: 0.005 trainer.update_stats: 0.001 trainer.update_agent: 0.035
2026-08-11 19:33:07,410 update: 3990	fps: 493.173	
2026-08-11 19:33:07,410 Num updates: 3990	Num frames 638400
2026-08-11 19:33:07,410 Average window size: 50  distance_to_goal: 0.747  distance_to_goal_reward: 0.000  reward: 4.309  spl: 0.710  success: 0.845
2026-08-11 19:33:07,410 	Perf Stats: trainer.rollout_collect: 0.287 trainer.sample_action: 0.003 trainer.obs_insert: 0.000 trainer.step_env: 0.005 trainer.update_stats: 0.001 trainer.update_agent: 0.035
2026-08-11 19:33:10,628 update: 4000	fps: 493.183	
2026-08-11 19:33:10,629 Num updates: 4000	Num frames 640000
2026-08-11 19:33:10,629 Average window size: 50  distance_to_goal: 0.629  distance_to_goal_reward: 0.000  reward: 4.461  spl: 0.739  success: 0.865
2026-08-11 19:33:10,629 	Perf Stats: trainer.rollout_collect: 0.287 trainer.sample_action: 0.003 trainer.obs_insert: 0.000 trainer.step_env: 0.005 trainer.update_stats: 0.001 trainer.update_agent: 0.035
2026-08-11 19:33:13,755 update: 4010	fps: 493.228	
2026-08-11 19:33:13,755 Num updates: 4010	Num frames 641600
2026-08-11 19:33:13,755 Average window size: 50  distance_to_goal: 0.751  distance_to_goal_reward: 0.000  reward: 4.343  spl: 0.736  success: 0.862
2026-08-11 19:33:13,755 	Perf Stats: trainer.rollout_collect: 0.286 trainer.sample_action: 0.003 trainer.obs_insert: 0.000 trainer.step_env: 0.005 trainer.update_stats: 0.001 trainer.update_agent: 0.035
2026-08-11 19:33:16,891 update: 4020	fps: 493.269	
2026-08-11 19:33:16,891 Num updates: 4020	Num frames 643200
2026-08-11 19:33:16,891 Average window size: 50  distance_to_goal: 0.809  distance_to_goal_reward: 0.000  reward: 4.196  spl: 0.697  success: 0.824
2026-08-11 19:33:16,891 	Perf Stats: trainer.rollout_collect: 0.286 trainer.sample_action: 0.003 trainer.obs_insert: 0.000 trainer.step_env: 0.005 trainer.update_stats: 0.001 trainer.update_agent: 0.035
2026-08-11 19:33:20,034 update: 4030	fps: 493.306	
2026-08-11 19:33:20,034 Num updates: 4030	Num frames 644800
2026-08-11 19:33:20,034 Average window size: 50  distance_to_goal: 0.890  distance_to_goal_reward: 0.000  reward: 4.136  spl: 0.677  success: 0.795
2026-08-11 19:33:20,034 	Perf Stats: trainer.rollout_collect: 0.286 trainer.sample_action: 0.003 trainer.obs_insert: 0.000 trainer.step_env: 0.005 trainer.update_stats: 0.001 trainer.update_agent: 0.035
2026-08-11 19:33:23,167 update: 4040	fps: 493.348	
2026-08-11 19:33:23,167 Num updates: 4040	Num frames 646400
2026-08-11 19:33:23,167 Average window size: 50  distance_to_goal: 0.719  distance_to_goal_reward: 0.001  reward: 4.251  spl: 0.687  success: 0.809
2026-08-11 19:33:23,167 	Perf Stats: trainer.rollout_collect: 0.286 trainer.sample_action: 0.003 trainer.obs_insert: 0.000 trainer.step_env: 0.005 trainer.update_stats: 0.001 trainer.update_agent: 0.035
2026-08-11 19:33:26,298 update: 4050	fps: 493.390	
2026-08-11 19:33:26,298 Num updates: 4050	Num frames 648000
2026-08-11 19:33:26,299 Average window size: 50  distance_to_goal: 0.742  distance_to_goal_reward: 0.001  reward: 4.105  spl: 0.697  success: 0.821
2026-08-11 19:33:26,299 	Perf Stats: trainer.rollout_collect: 0.286 trainer.sample_action: 0.003 trainer.obs_insert: 0.000 trainer.step_env: 0.005 trainer.update_stats: 0.001 trainer.update_agent: 0.035
2026-08-11 19:33:29,464 update: 4060	fps: 493.419	
2026-08-11 19:33:29,464 Num updates: 4060	Num frames 649600
2026-08-11 19:33:29,464 Average window size: 50  distance_to_goal: 0.691  distance_to_goal_reward: 0.001  reward: 4.360  spl: 0.666  success: 0.791
2026-08-11 19:33:29,464 	Perf Stats: trainer.rollout_collect: 0.286 trainer.sample_action: 0.003 trainer.obs_insert: 0.000 trainer.step_env: 0.005 trainer.update_stats: 0.001 trainer.update_agent: 0.035
2026-08-11 19:33:32,607 update: 4070	fps: 493.456	
2026-08-11 19:33:32,607 Num updates: 4070	Num frames 651200
2026-08-11 19:33:32,607 Average window size: 50  distance_to_goal: 0.488  distance_to_goal_reward: 0.001  reward: 4.524  spl: 0.713  success: 0.848
2026-08-11 19:33:32,607 	Perf Stats: trainer.rollout_collect: 0.286 trainer.sample_action: 0.003 trainer.obs_insert: 0.000 trainer.step_env: 0.005 trainer.update_stats: 0.001 trainer.update_agent: 0.035
2026-08-11 19:33:35,736 update: 4080	fps: 493.499	
2026-08-11 19:33:35,736 Num updates: 4080	Num frames 652800
2026-08-11 19:33:35,736 Average window size: 50  distance_to_goal: 0.425  distance_to_goal_reward: 0.001  reward: 4.630  spl: 0.739  success: 0.874
2026-08-11 19:33:35,736 	Perf Stats: trainer.rollout_collect: 0.286 trainer.sample_action: 0.003 trainer.obs_insert: 0.000 trainer.step_env: 0.005 trainer.update_stats: 0.001 trainer.update_agent: 0.035
2026-08-11 19:33:38,871 update: 4090	fps: 493.538	
2026-08-11 19:33:38,871 Num updates: 4090	Num frames 654400
2026-08-11 19:33:38,872 Average window size: 50  distance_to_goal: 0.601  distance_to_goal_reward: 0.000  reward: 4.177  spl: 0.698  success: 0.830
2026-08-11 19:33:38,872 	Perf Stats: trainer.rollout_collect: 0.286 trainer.sample_action: 0.003 trainer.obs_insert: 0.000 trainer.step_env: 0.005 trainer.update_stats: 0.001 trainer.update_agent: 0.035
2026-08-11 19:33:42,126 update: 4100	fps: 493.534	
2026-08-11 19:33:42,134 Num updates: 4100	Num frames 656000
2026-08-11 19:33:42,134 Average window size: 50  distance_to_goal: 0.551  distance_to_goal_reward: 0.000  reward: 4.521  spl: 0.702  success: 0.847
2026-08-11 19:33:42,134 	Perf Stats: trainer.rollout_collect: 0.286 trainer.sample_action: 0.003 trainer.obs_insert: 0.000 trainer.step_env: 0.005 trainer.update_stats: 0.001 trainer.update_agent: 0.035
2026-08-11 19:33:45,271 update: 4110	fps: 493.570	
2026-08-11 19:33:45,271 Num updates: 4110	Num frames 657600
2026-08-11 19:33:45,271 Average window size: 50  distance_to_goal: 0.498  distance_to_goal_reward: 0.000  reward: 4.435  spl: 0.718  success: 0.876
2026-08-11 19:33:45,271 	Perf Stats: trainer.rollout_collect: 0.286 trainer.sample_action: 0.003 trainer.obs_insert: 0.000 trainer.step_env: 0.005 trainer.update_stats: 0.001 trainer.update_agent: 0.035
2026-08-11 19:33:48,402 update: 4120	fps: 493.610	
2026-08-11 19:33:48,403 Num updates: 4120	Num frames 659200
2026-08-11 19:33:48,403 Average window size: 50  distance_to_goal: 0.437  distance_to_goal_reward: 0.000  reward: 4.357  spl: 0.742  success: 0.900
2026-08-11 19:33:48,403 	Perf Stats: trainer.rollout_collect: 0.286 trainer.sample_action: 0.003 trainer.obs_insert: 0.000 trainer.step_env: 0.005 trainer.update_stats: 0.001 trainer.update_agent: 0.035
PluginManager::Manager: duplicate static plugin StbImageImporter, ignoring
PluginManager::Manager: duplicate static plugin GltfImporter, ignoring
PluginManager::Manager: duplicate static plugin BasisImporter, ignoring
PluginManager::Manager: duplicate static plugin AssimpImporter, ignoring
PluginManager::Manager: duplicate static plugin AnySceneImporter, ignoring
PluginManager::Manager: duplicate static plugin AnyImageImporter, ignoring
Renderer: NVIDIA GeForce RTX 4070/PCIe/SSE2 by NVIDIA Corporation
OpenGL version: 4.6.0 NVIDIA 580.173.02
Using optional features:
    GL_ARB_vertex_array_object
    GL_ARB_separate_shader_objects
    GL_ARB_robustness
    GL_ARB_texture_storage
    GL_ARB_texture_view
    GL_ARB_framebuffer_no_attachments
    GL_ARB_invalidate_subdata
    GL_ARB_texture_storage_multisample
    GL_ARB_multi_bind
    GL_ARB_direct_state_access
    GL_ARB_get_texture_sub_image
    GL_ARB_texture_filter_anisotropic
    GL_KHR_debug
    GL_KHR_parallel_shader_compile
    GL_NV_depth_buffer_float
Using driver workarounds:
    no-forward-compatible-core-context
    nv-egl-incorrect-gl11-function-pointers
    no-layout-qualifiers-on-old-glsl
    nv-zero-context-profile-mask
    nv-implementation-color-read-format-dsa-broken
    nv-cubemap-inconsistent-compressed-image-size
    nv-cubemap-broken-full-compressed-image-query
    nv-compressed-block-size-in-bits
[19:33:50:616875]:[Warning]:[Scene] SemanticScene.h(331)::checkFileExists : ::loadSemanticSceneDescriptor: File `data/scene_datasets/habitat-test-scenes/skokloster-castle.scn` does not exist.  Aborting load.
[19:33:50:616891]:[Warning]:[Scene] SemanticScene.cpp(123)::loadSemanticSceneDescriptor : SSD File Naming Issue! Neither SemanticAttributes-provided name : `data/scene_datasets/habitat-test-scenes/skokloster-castle.scn` nor constructed filename : `data/scene_datasets/habitat-test-scenes/info_semantic.json` exist on disk.
[19:33:50:616896]:[Error]:[Scene] SemanticScene.cpp(139)::loadSemanticSceneDescriptor : SSD Load Failure! File with SemanticAttributes-provided name `data/scene_datasets/habitat-test-scenes/skokloster-castle.scn` exists but failed to load.
[19:33:51:221700]:[Warning]:[Sim] Simulator.cpp(595)::instanceStageForSceneAttributes : The active scene does not contain semantic annotations : activeSemanticSceneID_ = 0
2026-08-11 19:33:52,174 update: 4130	fps: 493.418	
2026-08-11 19:33:52,174 Num updates: 4130	Num frames 660800
2026-08-11 19:33:52,174 Average window size: 50  distance_to_goal: 0.537  distance_to_goal_reward: 0.001  reward: 4.379  spl: 0.725  success: 0.892
2026-08-11 19:33:52,174 	Perf Stats: trainer.rollout_collect: 0.286 trainer.sample_action: 0.003 trainer.obs_insert: 0.000 trainer.step_env: 0.005 trainer.update_stats: 0.001 trainer.update_agent: 0.035
PluginManager::Manager: duplicate static plugin StbImageImporter, ignoring
PluginManager::Manager: duplicate static plugin GltfImporter, ignoring
PluginManager::Manager: duplicate static plugin BasisImporter, ignoring
PluginManager::Manager: duplicate static plugin AssimpImporter, ignoring
PluginManager::Manager: duplicate static plugin AnySceneImporter, ignoring
PluginManager::Manager: duplicate static plugin AnyImageImporter, ignoring
Renderer: NVIDIA GeForce RTX 4070/PCIe/SSE2 by NVIDIA Corporation
OpenGL version: 4.6.0 NVIDIA 580.173.02
Using optional features:
    GL_ARB_vertex_array_object
    GL_ARB_separate_shader_objects
    GL_ARB_robustness
    GL_ARB_texture_storage
    GL_ARB_texture_view
    GL_ARB_framebuffer_no_attachments
    GL_ARB_invalidate_subdata
    GL_ARB_texture_storage_multisample
    GL_ARB_multi_bind
    GL_ARB_direct_state_access
    GL_ARB_get_texture_sub_image
    GL_ARB_texture_filter_anisotropic
    GL_KHR_debug
    GL_KHR_parallel_shader_compile
    GL_NV_depth_buffer_float
Using driver workarounds:
    no-forward-compatible-core-context
    nv-egl-incorrect-gl11-function-pointers
    no-layout-qualifiers-on-old-glsl
    nv-zero-context-profile-mask
    nv-implementation-color-read-format-dsa-broken
    nv-cubemap-inconsistent-compressed-image-size
    nv-cubemap-broken-full-compressed-image-query
    nv-compressed-block-size-in-bits
[19:33:52:264633]:[Warning]:[Scene] SemanticScene.h(331)::checkFileExists : ::loadSemanticSceneDescriptor: File `data/scene_datasets/habitat-test-scenes/van-gogh-room.scn` does not exist.  Aborting load.
[19:33:52:264650]:[Warning]:[Scene] SemanticScene.cpp(123)::loadSemanticSceneDescriptor : SSD File Naming Issue! Neither SemanticAttributes-provided name : `data/scene_datasets/habitat-test-scenes/van-gogh-room.scn` nor constructed filename : `data/scene_datasets/habitat-test-scenes/info_semantic.json` exist on disk.
[19:33:52:264654]:[Error]:[Scene] SemanticScene.cpp(139)::loadSemanticSceneDescriptor : SSD Load Failure! File with SemanticAttributes-provided name `data/scene_datasets/habitat-test-scenes/van-gogh-room.scn` exists but failed to load.
[19:33:52:725036]:[Warning]:[Sim] Simulator.cpp(595)::instanceStageForSceneAttributes : The active scene does not contain semantic annotations : activeSemanticSceneID_ = 0
2026-08-11 19:33:55,792 update: 4140	fps: 493.277	
2026-08-11 19:33:55,792 Num updates: 4140	Num frames 662400
2026-08-11 19:33:55,792 Average window size: 50  distance_to_goal: 0.280  distance_to_goal_reward: 0.001  reward: 5.016  spl: 0.728  success: 0.903
2026-08-11 19:33:55,793 	Perf Stats: trainer.rollout_collect: 0.286 trainer.sample_action: 0.003 trainer.obs_insert: 0.000 trainer.step_env: 0.005 trainer.update_stats: 0.001 trainer.update_agent: 0.035
2026-08-11 19:33:58,919 update: 4150	fps: 493.320	
2026-08-11 19:33:58,919 Num updates: 4150	Num frames 664000
2026-08-11 19:33:58,919 Average window size: 50  distance_to_goal: 0.273  distance_to_goal_reward: 0.001  reward: 4.630  spl: 0.712  success: 0.877
2026-08-11 19:33:58,919 	Perf Stats: trainer.rollout_collect: 0.286 trainer.sample_action: 0.003 trainer.obs_insert: 0.000 trainer.step_env: 0.005 trainer.update_stats: 0.001 trainer.update_agent: 0.035
2026-08-11 19:34:02,076 update: 4160	fps: 493.351	
2026-08-11 19:34:02,076 Num updates: 4160	Num frames 665600
2026-08-11 19:34:02,076 Average window size: 50  distance_to_goal: 0.338  distance_to_goal_reward: 0.001  reward: 4.774  spl: 0.710  success: 0.867
2026-08-11 19:34:02,076 	Perf Stats: trainer.rollout_collect: 0.286 trainer.sample_action: 0.003 trainer.obs_insert: 0.000 trainer.step_env: 0.005 trainer.update_stats: 0.001 trainer.update_agent: 0.035
2026-08-11 19:34:05,223 update: 4170	fps: 493.386	
2026-08-11 19:34:05,223 Num updates: 4170	Num frames 667200
2026-08-11 19:34:05,223 Average window size: 50  distance_to_goal: 0.336  distance_to_goal_reward: 0.000  reward: 5.021  spl: 0.703  success: 0.853
2026-08-11 19:34:05,223 	Perf Stats: trainer.rollout_collect: 0.286 trainer.sample_action: 0.003 trainer.obs_insert: 0.000 trainer.step_env: 0.005 trainer.update_stats: 0.001 trainer.update_agent: 0.035
PluginManager::Manager: duplicate static plugin StbImageImporter, ignoring
PluginManager::Manager: duplicate static plugin GltfImporter, ignoring
PluginManager::Manager: duplicate static plugin BasisImporter, ignoring
PluginManager::Manager: duplicate static plugin AssimpImporter, ignoring
PluginManager::Manager: duplicate static plugin AnySceneImporter, ignoring
PluginManager::Manager: duplicate static plugin AnyImageImporter, ignoring
Renderer: NVIDIA GeForce RTX 4070/PCIe/SSE2 by NVIDIA Corporation
OpenGL version: 4.6.0 NVIDIA 580.173.02
Using optional features:
    GL_ARB_vertex_array_object
    GL_ARB_separate_shader_objects
    GL_ARB_robustness
    GL_ARB_texture_storage
    GL_ARB_texture_view
    GL_ARB_framebuffer_no_attachments
    GL_ARB_invalidate_subdata
    GL_ARB_texture_storage_multisample
    GL_ARB_multi_bind
    GL_ARB_direct_state_access
    GL_ARB_get_texture_sub_image
    GL_ARB_texture_filter_anisotropic
    GL_KHR_debug
    GL_KHR_parallel_shader_compile
    GL_NV_depth_buffer_float
Using driver workarounds:
    no-forward-compatible-core-context
    nv-egl-incorrect-gl11-function-pointers
    no-layout-qualifiers-on-old-glsl
    nv-zero-context-profile-mask
    nv-implementation-color-read-format-dsa-broken
    nv-cubemap-inconsistent-compressed-image-size
    nv-cubemap-broken-full-compressed-image-query
    nv-compressed-block-size-in-bits
[19:34:06:384492]:[Warning]:[Scene] SemanticScene.h(331)::checkFileExists : ::loadSemanticSceneDescriptor: File `data/scene_datasets/habitat-test-scenes/van-gogh-room.scn` does not exist.  Aborting load.
[19:34:06:384508]:[Warning]:[Scene] SemanticScene.cpp(123)::loadSemanticSceneDescriptor : SSD File Naming Issue! Neither SemanticAttributes-provided name : `data/scene_datasets/habitat-test-scenes/van-gogh-room.scn` nor constructed filename : `data/scene_datasets/habitat-test-scenes/info_semantic.json` exist on disk.
[19:34:06:384513]:[Error]:[Scene] SemanticScene.cpp(139)::loadSemanticSceneDescriptor : SSD Load Failure! File with SemanticAttributes-provided name `data/scene_datasets/habitat-test-scenes/van-gogh-room.scn` exists but failed to load.
[19:34:06:824746]:[Warning]:[Sim] Simulator.cpp(595)::instanceStageForSceneAttributes : The active scene does not contain semantic annotations : activeSemanticSceneID_ = 0
2026-08-11 19:34:08,783 update: 4180	fps: 493.271	
2026-08-11 19:34:08,784 Num updates: 4180	Num frames 668800
2026-08-11 19:34:08,784 Average window size: 50  distance_to_goal: 0.277  distance_to_goal_reward: 0.000  reward: 4.836  spl: 0.720  success: 0.875
2026-08-11 19:34:08,784 	Perf Stats: trainer.rollout_collect: 0.286 trainer.sample_action: 0.003 trainer.obs_insert: 0.000 trainer.step_env: 0.005 trainer.update_stats: 0.001 trainer.update_agent: 0.035
2026-08-11 19:34:11,889 update: 4190	fps: 493.321	
2026-08-11 19:34:11,889 Num updates: 4190	Num frames 670400
2026-08-11 19:34:11,889 Average window size: 50  distance_to_goal: 0.348  distance_to_goal_reward: 0.000  reward: 4.523  spl: 0.726  success: 0.875
2026-08-11 19:34:11,889 	Perf Stats: trainer.rollout_collect: 0.286 trainer.sample_action: 0.003 trainer.obs_insert: 0.000 trainer.step_env: 0.005 trainer.update_stats: 0.001 trainer.update_agent: 0.035
2026-08-11 19:34:15,060 update: 4200	fps: 493.347	
2026-08-11 19:34:15,060 Num updates: 4200	Num frames 672000
2026-08-11 19:34:15,060 Average window size: 50  distance_to_goal: 0.348  distance_to_goal_reward: 0.000  reward: 4.538  spl: 0.720  success: 0.882
2026-08-11 19:34:15,060 	Perf Stats: trainer.rollout_collect: 0.286 trainer.sample_action: 0.003 trainer.obs_insert: 0.000 trainer.step_env: 0.005 trainer.update_stats: 0.001 trainer.update_agent: 0.035
2026-08-11 19:34:18,122 update: 4210	fps: 493.412	
2026-08-11 19:34:18,123 Num updates: 4210	Num frames 673600
2026-08-11 19:34:18,123 Average window size: 50  distance_to_goal: 0.337  distance_to_goal_reward: 0.000  reward: 4.106  spl: 0.702  success: 0.874
2026-08-11 19:34:18,123 	Perf Stats: trainer.rollout_collect: 0.286 trainer.sample_action: 0.003 trainer.obs_insert: 0.000 trainer.step_env: 0.005 trainer.update_stats: 0.001 trainer.update_agent: 0.035
PluginManager::Manager: duplicate static plugin StbImageImporter, ignoring
PluginManager::Manager: duplicate static plugin GltfImporter, ignoring
PluginManager::Manager: duplicate static plugin BasisImporter, ignoring
PluginManager::Manager: duplicate static plugin AssimpImporter, ignoring
PluginManager::Manager: duplicate static plugin AnySceneImporter, ignoring
PluginManager::Manager: duplicate static plugin AnyImageImporter, ignoring
Renderer: NVIDIA GeForce RTX 4070/PCIe/SSE2 by NVIDIA Corporation
OpenGL version: 4.6.0 NVIDIA 580.173.02
Using optional features:
    GL_ARB_vertex_array_object
    GL_ARB_separate_shader_objects
    GL_ARB_robustness
    GL_ARB_texture_storage
    GL_ARB_texture_view
    GL_ARB_framebuffer_no_attachments
    GL_ARB_invalidate_subdata
    GL_ARB_texture_storage_multisample
    GL_ARB_multi_bind
    GL_ARB_direct_state_access
    GL_ARB_get_texture_sub_image
    GL_ARB_texture_filter_anisotropic
    GL_KHR_debug
    GL_KHR_parallel_shader_compile
    GL_NV_depth_buffer_float
Using driver workarounds:
    no-forward-compatible-core-context
    nv-egl-incorrect-gl11-function-pointers
    no-layout-qualifiers-on-old-glsl
    nv-zero-context-profile-mask
    nv-implementation-color-read-format-dsa-broken
    nv-cubemap-inconsistent-compressed-image-size
    nv-cubemap-broken-full-compressed-image-query
    nv-compressed-block-size-in-bits
[19:34:18:929046]:[Warning]:[Scene] SemanticScene.h(331)::checkFileExists : ::loadSemanticSceneDescriptor: File `data/scene_datasets/habitat-test-scenes/van-gogh-room.scn` does not exist.  Aborting load.
[19:34:18:929061]:[Warning]:[Scene] SemanticScene.cpp(123)::loadSemanticSceneDescriptor : SSD File Naming Issue! Neither SemanticAttributes-provided name : `data/scene_datasets/habitat-test-scenes/van-gogh-room.scn` nor constructed filename : `data/scene_datasets/habitat-test-scenes/info_semantic.json` exist on disk.
[19:34:18:929066]:[Error]:[Scene] SemanticScene.cpp(139)::loadSemanticSceneDescriptor : SSD Load Failure! File with SemanticAttributes-provided name `data/scene_datasets/habitat-test-scenes/van-gogh-room.scn` exists but failed to load.
[19:34:19:359174]:[Warning]:[Sim] Simulator.cpp(595)::instanceStageForSceneAttributes : The active scene does not contain semantic annotations : activeSemanticSceneID_ = 0
2026-08-11 19:34:21,628 update: 4220	fps: 493.318	
2026-08-11 19:34:21,628 Num updates: 4220	Num frames 675200
2026-08-11 19:34:21,628 Average window size: 50  distance_to_goal: 0.491  distance_to_goal_reward: -0.000  reward: 3.638  spl: 0.680  success: 0.855
2026-08-11 19:34:21,628 	Perf Stats: trainer.rollout_collect: 0.286 trainer.sample_action: 0.003 trainer.obs_insert: 0.000 trainer.step_env: 0.005 trainer.update_stats: 0.001 trainer.update_agent: 0.035
2026-08-11 19:34:24,681 update: 4230	fps: 493.386	
2026-08-11 19:34:24,681 Num updates: 4230	Num frames 676800
2026-08-11 19:34:24,681 Average window size: 50  distance_to_goal: 0.360  distance_to_goal_reward: -0.000  reward: 3.675  spl: 0.689  success: 0.855
2026-08-11 19:34:24,681 	Perf Stats: trainer.rollout_collect: 0.286 trainer.sample_action: 0.003 trainer.obs_insert: 0.000 trainer.step_env: 0.005 trainer.update_stats: 0.001 trainer.update_agent: 0.035
2026-08-11 19:34:27,723 update: 4240	fps: 493.458	
2026-08-11 19:34:27,723 Num updates: 4240	Num frames 678400
2026-08-11 19:34:27,723 Average window size: 50  distance_to_goal: 0.350  distance_to_goal_reward: -0.000  reward: 3.568  spl: 0.695  success: 0.879
2026-08-11 19:34:27,723 	Perf Stats: trainer.rollout_collect: 0.286 trainer.sample_action: 0.003 trainer.obs_insert: 0.000 trainer.step_env: 0.005 trainer.update_stats: 0.001 trainer.update_agent: 0.035
2026-08-11 19:34:30,747 update: 4250	fps: 493.536	
2026-08-11 19:34:30,747 Num updates: 4250	Num frames 680000
2026-08-11 19:34:30,748 Average window size: 50  distance_to_goal: 0.316  distance_to_goal_reward: -0.000  reward: 3.619  spl: 0.697  success: 0.882
2026-08-11 19:34:30,748 	Perf Stats: trainer.rollout_collect: 0.286 trainer.sample_action: 0.003 trainer.obs_insert: 0.000 trainer.step_env: 0.005 trainer.update_stats: 0.001 trainer.update_agent: 0.035
2026-08-11 19:34:33,815 update: 4260	fps: 493.599	
2026-08-11 19:34:33,815 Num updates: 4260	Num frames 681600
2026-08-11 19:34:33,815 Average window size: 50  distance_to_goal: 0.291  distance_to_goal_reward: -0.000  reward: 3.746  spl: 0.718  success: 0.896
2026-08-11 19:34:33,815 	Perf Stats: trainer.rollout_collect: 0.286 trainer.sample_action: 0.003 trainer.obs_insert: 0.000 trainer.step_env: 0.005 trainer.update_stats: 0.001 trainer.update_agent: 0.035
PluginManager::Manager: duplicate static plugin StbImageImporter, ignoring
PluginManager::Manager: duplicate static plugin GltfImporter, ignoring
PluginManager::Manager: duplicate static plugin BasisImporter, ignoring
PluginManager::Manager: duplicate static plugin AssimpImporter, ignoring
PluginManager::Manager: duplicate static plugin AnySceneImporter, ignoring
PluginManager::Manager: duplicate static plugin AnyImageImporter, ignoring
Renderer: NVIDIA GeForce RTX 4070/PCIe/SSE2 by NVIDIA Corporation
OpenGL version: 4.6.0 NVIDIA 580.173.02
Using optional features:
    GL_ARB_vertex_array_object
    GL_ARB_separate_shader_objects
    GL_ARB_robustness
    GL_ARB_texture_storage
    GL_ARB_texture_view
    GL_ARB_framebuffer_no_attachments
    GL_ARB_invalidate_subdata
    GL_ARB_texture_storage_multisample
    GL_ARB_multi_bind
    GL_ARB_direct_state_access
    GL_ARB_get_texture_sub_image
    GL_ARB_texture_filter_anisotropic
    GL_KHR_debug
    GL_KHR_parallel_shader_compile
    GL_NV_depth_buffer_float
Using driver workarounds:
    no-forward-compatible-core-context
    nv-egl-incorrect-gl11-function-pointers
    no-layout-qualifiers-on-old-glsl
    nv-zero-context-profile-mask
    nv-implementation-color-read-format-dsa-broken
    nv-cubemap-inconsistent-compressed-image-size
    nv-cubemap-broken-full-compressed-image-query
    nv-compressed-block-size-in-bits
[19:34:35:843686]:[Warning]:[Scene] SemanticScene.h(331)::checkFileExists : ::loadSemanticSceneDescriptor: File `data/scene_datasets/habitat-test-scenes/skokloster-castle.scn` does not exist.  Aborting load.
[19:34:35:843703]:[Warning]:[Scene] SemanticScene.cpp(123)::loadSemanticSceneDescriptor : SSD File Naming Issue! Neither SemanticAttributes-provided name : `data/scene_datasets/habitat-test-scenes/skokloster-castle.scn` nor constructed filename : `data/scene_datasets/habitat-test-scenes/info_semantic.json` exist on disk.
[19:34:35:843708]:[Error]:[Scene] SemanticScene.cpp(139)::loadSemanticSceneDescriptor : SSD Load Failure! File with SemanticAttributes-provided name `data/scene_datasets/habitat-test-scenes/skokloster-castle.scn` exists but failed to load.
[19:34:36:464284]:[Warning]:[Sim] Simulator.cpp(595)::instanceStageForSceneAttributes : The active scene does not contain semantic annotations : activeSemanticSceneID_ = 0
2026-08-11 19:34:37,503 update: 4270	fps: 493.440	
2026-08-11 19:34:37,503 Num updates: 4270	Num frames 683200
2026-08-11 19:34:37,503 Average window size: 50  distance_to_goal: 0.227  distance_to_goal_reward: 0.000  reward: 3.793  spl: 0.719  success: 0.899
2026-08-11 19:34:37,503 	Perf Stats: trainer.rollout_collect: 0.286 trainer.sample_action: 0.003 trainer.obs_insert: 0.000 trainer.step_env: 0.005 trainer.update_stats: 0.001 trainer.update_agent: 0.035
2026-08-11 19:34:40,597 update: 4280	fps: 493.492	
2026-08-11 19:34:40,598 Num updates: 4280	Num frames 684800
2026-08-11 19:34:40,598 Average window size: 50  distance_to_goal: 0.232  distance_to_goal_reward: 0.000  reward: 3.956  spl: 0.721  success: 0.895
2026-08-11 19:34:40,598 	Perf Stats: trainer.rollout_collect: 0.286 trainer.sample_action: 0.003 trainer.obs_insert: 0.000 trainer.step_env: 0.005 trainer.update_stats: 0.001 trainer.update_agent: 0.035
2026-08-11 19:34:43,702 update: 4290	fps: 493.541	
2026-08-11 19:34:43,703 Num updates: 4290	Num frames 686400
2026-08-11 19:34:43,703 Average window size: 50  distance_to_goal: 0.257  distance_to_goal_reward: 0.000  reward: 4.085  spl: 0.720  success: 0.881
2026-08-11 19:34:43,703 	Perf Stats: trainer.rollout_collect: 0.286 trainer.sample_action: 0.003 trainer.obs_insert: 0.000 trainer.step_env: 0.005 trainer.update_stats: 0.001 trainer.update_agent: 0.035
2026-08-11 19:34:46,893 update: 4300	fps: 493.559	
2026-08-11 19:34:46,893 Num updates: 4300	Num frames 688000
2026-08-11 19:34:46,893 Average window size: 50  distance_to_goal: 0.215  distance_to_goal_reward: 0.000  reward: 4.096  spl: 0.734  success: 0.882
2026-08-11 19:34:46,893 	Perf Stats: trainer.rollout_collect: 0.286 trainer.sample_action: 0.003 trainer.obs_insert: 0.000 trainer.step_env: 0.005 trainer.update_stats: 0.001 trainer.update_agent: 0.035
2026-08-11 19:34:49,999 update: 4310	fps: 493.607	
2026-08-11 19:34:49,999 Num updates: 4310	Num frames 689600
2026-08-11 19:34:49,999 Average window size: 50  distance_to_goal: 0.295  distance_to_goal_reward: 0.000  reward: 4.246  spl: 0.727  success: 0.877
2026-08-11 19:34:49,999 	Perf Stats: trainer.rollout_collect: 0.286 trainer.sample_action: 0.003 trainer.obs_insert: 0.000 trainer.step_env: 0.005 trainer.update_stats: 0.001 trainer.update_agent: 0.035
2026-08-11 19:34:53,080 update: 4320	fps: 493.664	
2026-08-11 19:34:53,080 Num updates: 4320	Num frames 691200
2026-08-11 19:34:53,080 Average window size: 50  distance_to_goal: 0.242  distance_to_goal_reward: 0.000  reward: 4.340  spl: 0.743  success: 0.905
2026-08-11 19:34:53,080 	Perf Stats: trainer.rollout_collect: 0.286 trainer.sample_action: 0.003 trainer.obs_insert: 0.000 trainer.step_env: 0.005 trainer.update_stats: 0.001 trainer.update_agent: 0.035
2026-08-11 19:34:56,154 update: 4330	fps: 493.722	
2026-08-11 19:34:56,154 Num updates: 4330	Num frames 692800
2026-08-11 19:34:56,154 Average window size: 50  distance_to_goal: 0.381  distance_to_goal_reward: 0.000  reward: 4.221  spl: 0.731  success: 0.903
2026-08-11 19:34:56,154 	Perf Stats: trainer.rollout_collect: 0.286 trainer.sample_action: 0.003 trainer.obs_insert: 0.000 trainer.step_env: 0.005 trainer.update_stats: 0.001 trainer.update_agent: 0.035
2026-08-11 19:34:59,219 update: 4340	fps: 493.784	
2026-08-11 19:34:59,219 Num updates: 4340	Num frames 694400
2026-08-11 19:34:59,219 Average window size: 50  distance_to_goal: 0.361  distance_to_goal_reward: 0.000  reward: 4.251  spl: 0.735  success: 0.923
2026-08-11 19:34:59,219 	Perf Stats: trainer.rollout_collect: 0.286 trainer.sample_action: 0.003 trainer.obs_insert: 0.000 trainer.step_env: 0.005 trainer.update_stats: 0.001 trainer.update_agent: 0.035
2026-08-11 19:35:02,445 update: 4350	fps: 493.789	
2026-08-11 19:35:02,445 Num updates: 4350	Num frames 696000
2026-08-11 19:35:02,445 Average window size: 50  distance_to_goal: 0.388  distance_to_goal_reward: 0.000  reward: 4.382  spl: 0.749  success: 0.946
2026-08-11 19:35:02,445 	Perf Stats: trainer.rollout_collect: 0.286 trainer.sample_action: 0.003 trainer.obs_insert: 0.000 trainer.step_env: 0.005 trainer.update_stats: 0.001 trainer.update_agent: 0.035
2026-08-11 19:35:05,550 update: 4360	fps: 493.836	
2026-08-11 19:35:05,550 Num updates: 4360	Num frames 697600
2026-08-11 19:35:05,550 Average window size: 50  distance_to_goal: 0.462  distance_to_goal_reward: 0.000  reward: 4.037  spl: 0.725  success: 0.928
2026-08-11 19:35:05,550 	Perf Stats: trainer.rollout_collect: 0.286 trainer.sample_action: 0.003 trainer.obs_insert: 0.000 trainer.step_env: 0.005 trainer.update_stats: 0.001 trainer.update_agent: 0.035
2026-08-11 19:35:08,623 update: 4370	fps: 493.894	
2026-08-11 19:35:08,623 Num updates: 4370	Num frames 699200
2026-08-11 19:35:08,623 Average window size: 50  distance_to_goal: 0.486  distance_to_goal_reward: -0.000  reward: 3.901  spl: 0.714  success: 0.898
2026-08-11 19:35:08,623 	Perf Stats: trainer.rollout_collect: 0.286 trainer.sample_action: 0.003 trainer.obs_insert: 0.000 trainer.step_env: 0.005 trainer.update_stats: 0.001 trainer.update_agent: 0.035
2026-08-11 19:35:11,769 update: 4380	fps: 493.927	
2026-08-11 19:35:11,769 Num updates: 4380	Num frames 700800
2026-08-11 19:35:11,769 Average window size: 50  distance_to_goal: 0.383  distance_to_goal_reward: -0.000  reward: 3.837  spl: 0.733  success: 0.908
2026-08-11 19:35:11,769 	Perf Stats: trainer.rollout_collect: 0.286 trainer.sample_action: 0.003 trainer.obs_insert: 0.000 trainer.step_env: 0.005 trainer.update_stats: 0.001 trainer.update_agent: 0.035
2026-08-11 19:35:14,857 update: 4390	fps: 493.980	
2026-08-11 19:35:14,857 Num updates: 4390	Num frames 702400
2026-08-11 19:35:14,857 Average window size: 50  distance_to_goal: 0.559  distance_to_goal_reward: 0.000  reward: 3.531  spl: 0.716  success: 0.880
2026-08-11 19:35:14,857 	Perf Stats: trainer.rollout_collect: 0.286 trainer.sample_action: 0.003 trainer.obs_insert: 0.000 trainer.step_env: 0.005 trainer.update_stats: 0.001 trainer.update_agent: 0.035
2026-08-11 19:35:18,085 update: 4400	fps: 493.983	
2026-08-11 19:35:18,085 Num updates: 4400	Num frames 704000
2026-08-11 19:35:18,085 Average window size: 50  distance_to_goal: 0.508  distance_to_goal_reward: 0.000  reward: 3.552  spl: 0.724  success: 0.879
2026-08-11 19:35:18,085 	Perf Stats: trainer.rollout_collect: 0.286 trainer.sample_action: 0.003 trainer.obs_insert: 0.000 trainer.step_env: 0.005 trainer.update_stats: 0.001 trainer.update_agent: 0.035
2026-08-11 19:35:21,274 update: 4410	fps: 494.001	
2026-08-11 19:35:21,274 Num updates: 4410	Num frames 705600
2026-08-11 19:35:21,274 Average window size: 50  distance_to_goal: 0.448  distance_to_goal_reward: 0.000  reward: 3.763  spl: 0.702  success: 0.841
2026-08-11 19:35:21,274 	Perf Stats: trainer.rollout_collect: 0.286 trainer.sample_action: 0.003 trainer.obs_insert: 0.000 trainer.step_env: 0.005 trainer.update_stats: 0.001 trainer.update_agent: 0.035
2026-08-11 19:35:24,351 update: 4420	fps: 494.056	
2026-08-11 19:35:24,351 Num updates: 4420	Num frames 707200
2026-08-11 19:35:24,351 Average window size: 50  distance_to_goal: 0.475  distance_to_goal_reward: 0.000  reward: 3.734  spl: 0.697  success: 0.840
2026-08-11 19:35:24,351 	Perf Stats: trainer.rollout_collect: 0.286 trainer.sample_action: 0.003 trainer.obs_insert: 0.000 trainer.step_env: 0.005 trainer.update_stats: 0.001 trainer.update_agent: 0.035
PluginManager::Manager: duplicate static plugin StbImageImporter, ignoring
PluginManager::Manager: duplicate static plugin GltfImporter, ignoring
PluginManager::Manager: duplicate static plugin BasisImporter, ignoring
PluginManager::Manager: duplicate static plugin AssimpImporter, ignoring
PluginManager::Manager: duplicate static plugin AnySceneImporter, ignoring
PluginManager::Manager: duplicate static plugin AnyImageImporter, ignoring
Renderer: NVIDIA GeForce RTX 4070/PCIe/SSE2 by NVIDIA Corporation
OpenGL version: 4.6.0 NVIDIA 580.173.02
Using optional features:
    GL_ARB_vertex_array_object
    GL_ARB_separate_shader_objects
    GL_ARB_robustness
    GL_ARB_texture_storage
    GL_ARB_texture_view
    GL_ARB_framebuffer_no_attachments
    GL_ARB_invalidate_subdata
    GL_ARB_texture_storage_multisample
    GL_ARB_multi_bind
    GL_ARB_direct_state_access
    GL_ARB_get_texture_sub_image
    GL_ARB_texture_filter_anisotropic
    GL_KHR_debug
    GL_KHR_parallel_shader_compile
    GL_NV_depth_buffer_float
Using driver workarounds:
    no-forward-compatible-core-context
    nv-egl-incorrect-gl11-function-pointers
    no-layout-qualifiers-on-old-glsl
    nv-zero-context-profile-mask
    nv-implementation-color-read-format-dsa-broken
    nv-cubemap-inconsistent-compressed-image-size
    nv-cubemap-broken-full-compressed-image-query
    nv-compressed-block-size-in-bits
[19:35:24:931703]:[Warning]:[Scene] SemanticScene.h(331)::checkFileExists : ::loadSemanticSceneDescriptor: File `data/scene_datasets/habitat-test-scenes/skokloster-castle.scn` does not exist.  Aborting load.
[19:35:24:931719]:[Warning]:[Scene] SemanticScene.cpp(123)::loadSemanticSceneDescriptor : SSD File Naming Issue! Neither SemanticAttributes-provided name : `data/scene_datasets/habitat-test-scenes/skokloster-castle.scn` nor constructed filename : `data/scene_datasets/habitat-test-scenes/info_semantic.json` exist on disk.
[19:35:24:931724]:[Error]:[Scene] SemanticScene.cpp(139)::loadSemanticSceneDescriptor : SSD Load Failure! File with SemanticAttributes-provided name `data/scene_datasets/habitat-test-scenes/skokloster-castle.scn` exists but failed to load.
[19:35:25:541047]:[Warning]:[Sim] Simulator.cpp(595)::instanceStageForSceneAttributes : The active scene does not contain semantic annotations : activeSemanticSceneID_ = 0
2026-08-11 19:35:28,150 update: 4430	fps: 493.864	
2026-08-11 19:35:28,150 Num updates: 4430	Num frames 708800
2026-08-11 19:35:28,150 Average window size: 50  distance_to_goal: 0.530  distance_to_goal_reward: 0.000  reward: 3.908  spl: 0.682  success: 0.827
2026-08-11 19:35:28,150 	Perf Stats: trainer.rollout_collect: 0.286 trainer.sample_action: 0.003 trainer.obs_insert: 0.000 trainer.step_env: 0.005 trainer.update_stats: 0.001 trainer.update_agent: 0.035
PluginManager::Manager: duplicate static plugin StbImageImporter, ignoring
PluginManager::Manager: duplicate static plugin GltfImporter, ignoring
PluginManager::Manager: duplicate static plugin BasisImporter, ignoring
PluginManager::Manager: duplicate static plugin AssimpImporter, ignoring
PluginManager::Manager: duplicate static plugin AnySceneImporter, ignoring
PluginManager::Manager: duplicate static plugin AnyImageImporter, ignoring
Renderer: NVIDIA GeForce RTX 4070/PCIe/SSE2 by NVIDIA Corporation
OpenGL version: 4.6.0 NVIDIA 580.173.02
Using optional features:
    GL_ARB_vertex_array_object
    GL_ARB_separate_shader_objects
    GL_ARB_robustness
    GL_ARB_texture_storage
    GL_ARB_texture_view
    GL_ARB_framebuffer_no_attachments
    GL_ARB_invalidate_subdata
    GL_ARB_texture_storage_multisample
    GL_ARB_multi_bind
    GL_ARB_direct_state_access
    GL_ARB_get_texture_sub_image
    GL_ARB_texture_filter_anisotropic
    GL_KHR_debug
    GL_KHR_parallel_shader_compile
    GL_NV_depth_buffer_float
Using driver workarounds:
    no-forward-compatible-core-context
    nv-egl-incorrect-gl11-function-pointers
    no-layout-qualifiers-on-old-glsl
    nv-zero-context-profile-mask
    nv-implementation-color-read-format-dsa-broken
    nv-cubemap-inconsistent-compressed-image-size
    nv-cubemap-broken-full-compressed-image-query
    nv-compressed-block-size-in-bits
[19:35:30:293899]:[Warning]:[Scene] SemanticScene.h(331)::checkFileExists : ::loadSemanticSceneDescriptor: File `data/scene_datasets/habitat-test-scenes/van-gogh-room.scn` does not exist.  Aborting load.
[19:35:30:293920]:[Warning]:[Scene] SemanticScene.cpp(123)::loadSemanticSceneDescriptor : SSD File Naming Issue! Neither SemanticAttributes-provided name : `data/scene_datasets/habitat-test-scenes/van-gogh-room.scn` nor constructed filename : `data/scene_datasets/habitat-test-scenes/info_semantic.json` exist on disk.
[19:35:30:293928]:[Error]:[Scene] SemanticScene.cpp(139)::loadSemanticSceneDescriptor : SSD Load Failure! File with SemanticAttributes-provided name `data/scene_datasets/habitat-test-scenes/van-gogh-room.scn` exists but failed to load.
[19:35:30:774545]:[Warning]:[Sim] Simulator.cpp(595)::instanceStageForSceneAttributes : The active scene does not contain semantic annotations : activeSemanticSceneID_ = 0
2026-08-11 19:35:31,996 update: 4440	fps: 493.656	
2026-08-11 19:35:31,996 Num updates: 4440	Num frames 710400
2026-08-11 19:35:31,996 Average window size: 50  distance_to_goal: 0.442  distance_to_goal_reward: 0.000  reward: 4.060  spl: 0.696  success: 0.850
2026-08-11 19:35:31,996 	Perf Stats: trainer.rollout_collect: 0.286 trainer.sample_action: 0.003 trainer.obs_insert: 0.000 trainer.step_env: 0.005 trainer.update_stats: 0.001 trainer.update_agent: 0.035
2026-08-11 19:35:35,476 update: 4450	fps: 493.574	
2026-08-11 19:35:35,477 Num updates: 4450	Num frames 712000
2026-08-11 19:35:35,477 Average window size: 50  distance_to_goal: 0.541  distance_to_goal_reward: 0.000  reward: 3.837  spl: 0.676  success: 0.832
2026-08-11 19:35:35,477 	Perf Stats: trainer.rollout_collect: 0.286 trainer.sample_action: 0.003 trainer.obs_insert: 0.000 trainer.step_env: 0.005 trainer.update_stats: 0.001 trainer.update_agent: 0.035
2026-08-11 19:35:38,583 update: 4460	fps: 493.620	
2026-08-11 19:35:38,583 Num updates: 4460	Num frames 713600
2026-08-11 19:35:38,583 Average window size: 50  distance_to_goal: 0.627  distance_to_goal_reward: 0.001  reward: 3.607  spl: 0.694  success: 0.867
2026-08-11 19:35:38,583 	Perf Stats: trainer.rollout_collect: 0.286 trainer.sample_action: 0.003 trainer.obs_insert: 0.000 trainer.step_env: 0.005 trainer.update_stats: 0.001 trainer.update_agent: 0.035
2026-08-11 19:35:41,678 update: 4470	fps: 493.670	
2026-08-11 19:35:41,678 Num updates: 4470	Num frames 715200
2026-08-11 19:35:41,678 Average window size: 50  distance_to_goal: 0.700  distance_to_goal_reward: 0.003  reward: 4.012  spl: 0.703  success: 0.873
2026-08-11 19:35:41,678 	Perf Stats: trainer.rollout_collect: 0.286 trainer.sample_action: 0.003 trainer.obs_insert: 0.000 trainer.step_env: 0.005 trainer.update_stats: 0.001 trainer.update_agent: 0.035
PluginManager::Manager: duplicate static plugin StbImageImporter, ignoring
PluginManager::Manager: duplicate static plugin GltfImporter, ignoring
PluginManager::Manager: duplicate static plugin BasisImporter, ignoring
PluginManager::Manager: duplicate static plugin AssimpImporter, ignoring
PluginManager::Manager: duplicate static plugin AnySceneImporter, ignoring
PluginManager::Manager: duplicate static plugin AnyImageImporter, ignoring
Renderer: NVIDIA GeForce RTX 4070/PCIe/SSE2 by NVIDIA Corporation
OpenGL version: 4.6.0 NVIDIA 580.173.02
Using optional features:
    GL_ARB_vertex_array_object
    GL_ARB_separate_shader_objects
    GL_ARB_robustness
    GL_ARB_texture_storage
    GL_ARB_texture_view
    GL_ARB_framebuffer_no_attachments
    GL_ARB_invalidate_subdata
    GL_ARB_texture_storage_multisample
    GL_ARB_multi_bind
    GL_ARB_direct_state_access
    GL_ARB_get_texture_sub_image
    GL_ARB_texture_filter_anisotropic
    GL_KHR_debug
    GL_KHR_parallel_shader_compile
    GL_NV_depth_buffer_float
Using driver workarounds:
    no-forward-compatible-core-context
    nv-egl-incorrect-gl11-function-pointers
    no-layout-qualifiers-on-old-glsl
    nv-zero-context-profile-mask
    nv-implementation-color-read-format-dsa-broken
    nv-cubemap-inconsistent-compressed-image-size
    nv-cubemap-broken-full-compressed-image-query
    nv-compressed-block-size-in-bits
[19:35:43:560425]:[Warning]:[Scene] SemanticScene.h(331)::checkFileExists : ::loadSemanticSceneDescriptor: File `data/scene_datasets/habitat-test-scenes/skokloster-castle.scn` does not exist.  Aborting load.
[19:35:43:560441]:[Warning]:[Scene] SemanticScene.cpp(123)::loadSemanticSceneDescriptor : SSD File Naming Issue! Neither SemanticAttributes-provided name : `data/scene_datasets/habitat-test-scenes/skokloster-castle.scn` nor constructed filename : `data/scene_datasets/habitat-test-scenes/info_semantic.json` exist on disk.
[19:35:43:560446]:[Error]:[Scene] SemanticScene.cpp(139)::loadSemanticSceneDescriptor : SSD Load Failure! File with SemanticAttributes-provided name `data/scene_datasets/habitat-test-scenes/skokloster-castle.scn` exists but failed to load.
[19:35:44:164914]:[Warning]:[Sim] Simulator.cpp(595)::instanceStageForSceneAttributes : The active scene does not contain semantic annotations : activeSemanticSceneID_ = 0
2026-08-11 19:35:45,405 update: 4480	fps: 493.505	
2026-08-11 19:35:45,405 Num updates: 4480	Num frames 716800
2026-08-11 19:35:45,405 Average window size: 50  distance_to_goal: 0.595  distance_to_goal_reward: 0.003  reward: 4.103  spl: 0.716  success: 0.891
2026-08-11 19:35:45,405 	Perf Stats: trainer.rollout_collect: 0.286 trainer.sample_action: 0.003 trainer.obs_insert: 0.000 trainer.step_env: 0.005 trainer.update_stats: 0.001 trainer.update_agent: 0.035
2026-08-11 19:35:48,540 update: 4490	fps: 493.541	
2026-08-11 19:35:48,540 Num updates: 4490	Num frames 718400
2026-08-11 19:35:48,540 Average window size: 50  distance_to_goal: 0.602  distance_to_goal_reward: 0.003  reward: 4.150  spl: 0.697  success: 0.869
2026-08-11 19:35:48,540 	Perf Stats: trainer.rollout_collect: 0.286 trainer.sample_action: 0.003 trainer.obs_insert: 0.000 trainer.step_env: 0.005 trainer.update_stats: 0.001 trainer.update_agent: 0.035
2026-08-11 19:35:51,789 update: 4500	fps: 493.538	
2026-08-11 19:35:51,790 Num updates: 4500	Num frames 720000
2026-08-11 19:35:51,790 Average window size: 50  distance_to_goal: 0.441  distance_to_goal_reward: 0.003  reward: 4.430  spl: 0.694  success: 0.861
2026-08-11 19:35:51,790 	Perf Stats: trainer.rollout_collect: 0.286 trainer.sample_action: 0.003 trainer.obs_insert: 0.000 trainer.step_env: 0.005 trainer.update_stats: 0.001 trainer.update_agent: 0.035
2026-08-11 19:35:54,933 update: 4510	fps: 493.571	
2026-08-11 19:35:54,934 Num updates: 4510	Num frames 721600
2026-08-11 19:35:54,934 Average window size: 50  distance_to_goal: 0.381  distance_to_goal_reward: 0.000  reward: 4.711  spl: 0.713  success: 0.877
2026-08-11 19:35:54,934 	Perf Stats: trainer.rollout_collect: 0.286 trainer.sample_action: 0.003 trainer.obs_insert: 0.000 trainer.step_env: 0.005 trainer.update_stats: 0.001 trainer.update_agent: 0.035
2026-08-11 19:35:58,065 update: 4520	fps: 493.608	
2026-08-11 19:35:58,065 Num updates: 4520	Num frames 723200
2026-08-11 19:35:58,065 Average window size: 50  distance_to_goal: 0.399  distance_to_goal_reward: 0.000  reward: 4.516  spl: 0.710  success: 0.877
2026-08-11 19:35:58,065 	Perf Stats: trainer.rollout_collect: 0.286 trainer.sample_action: 0.003 trainer.obs_insert: 0.000 trainer.step_env: 0.005 trainer.update_stats: 0.001 trainer.update_agent: 0.035
2026-08-11 19:36:01,190 update: 4530	fps: 493.648	
2026-08-11 19:36:01,190 Num updates: 4530	Num frames 724800
2026-08-11 19:36:01,190 Average window size: 50  distance_to_goal: 0.535  distance_to_goal_reward: 0.000  reward: 4.247  spl: 0.688  success: 0.845
2026-08-11 19:36:01,190 	Perf Stats: trainer.rollout_collect: 0.286 trainer.sample_action: 0.003 trainer.obs_insert: 0.000 trainer.step_env: 0.005 trainer.update_stats: 0.001 trainer.update_agent: 0.035
PluginManager::Manager: duplicate static plugin StbImageImporter, ignoring
PluginManager::Manager: duplicate static plugin GltfImporter, ignoring
PluginManager::Manager: duplicate static plugin BasisImporter, ignoring
PluginManager::Manager: duplicate static plugin AssimpImporter, ignoring
PluginManager::Manager: duplicate static plugin AnySceneImporter, ignoring
PluginManager::Manager: duplicate static plugin AnyImageImporter, ignoring
Renderer: NVIDIA GeForce RTX 4070/PCIe/SSE2 by NVIDIA Corporation
OpenGL version: 4.6.0 NVIDIA 580.173.02
Using optional features:
    GL_ARB_vertex_array_object
    GL_ARB_separate_shader_objects
    GL_ARB_robustness
    GL_ARB_texture_storage
    GL_ARB_texture_view
    GL_ARB_framebuffer_no_attachments
    GL_ARB_invalidate_subdata
    GL_ARB_texture_storage_multisample
    GL_ARB_multi_bind
    GL_ARB_direct_state_access
    GL_ARB_get_texture_sub_image
    GL_ARB_texture_filter_anisotropic
    GL_KHR_debug
    GL_KHR_parallel_shader_compile
    GL_NV_depth_buffer_float
Using driver workarounds:
    no-forward-compatible-core-context
    nv-egl-incorrect-gl11-function-pointers
    no-layout-qualifiers-on-old-glsl
    nv-zero-context-profile-mask
    nv-implementation-color-read-format-dsa-broken
    nv-cubemap-inconsistent-compressed-image-size
    nv-cubemap-broken-full-compressed-image-query
    nv-compressed-block-size-in-bits
[19:36:03:395180]:[Warning]:[Scene] SemanticScene.h(331)::checkFileExists : ::loadSemanticSceneDescriptor: File `data/scene_datasets/habitat-test-scenes/skokloster-castle.scn` does not exist.  Aborting load.
[19:36:03:395197]:[Warning]:[Scene] SemanticScene.cpp(123)::loadSemanticSceneDescriptor : SSD File Naming Issue! Neither SemanticAttributes-provided name : `data/scene_datasets/habitat-test-scenes/skokloster-castle.scn` nor constructed filename : `data/scene_datasets/habitat-test-scenes/info_semantic.json` exist on disk.
[19:36:03:395202]:[Error]:[Scene] SemanticScene.cpp(139)::loadSemanticSceneDescriptor : SSD Load Failure! File with SemanticAttributes-provided name `data/scene_datasets/habitat-test-scenes/skokloster-castle.scn` exists but failed to load.
[19:36:04:001840]:[Warning]:[Sim] Simulator.cpp(595)::instanceStageForSceneAttributes : The active scene does not contain semantic annotations : activeSemanticSceneID_ = 0
2026-08-11 19:36:04,947 update: 4540	fps: 493.475	
2026-08-11 19:36:04,947 Num updates: 4540	Num frames 726400
2026-08-11 19:36:04,947 Average window size: 50  distance_to_goal: 0.473  distance_to_goal_reward: 0.000  reward: 4.297  spl: 0.709  success: 0.854
2026-08-11 19:36:04,947 	Perf Stats: trainer.rollout_collect: 0.286 trainer.sample_action: 0.003 trainer.obs_insert: 0.000 trainer.step_env: 0.005 trainer.update_stats: 0.001 trainer.update_agent: 0.035
2026-08-11 19:36:08,085 update: 4550	fps: 493.509	
2026-08-11 19:36:08,085 Num updates: 4550	Num frames 728000
2026-08-11 19:36:08,085 Average window size: 50  distance_to_goal: 0.596  distance_to_goal_reward: 0.000  reward: 4.537  spl: 0.714  success: 0.854
2026-08-11 19:36:08,085 	Perf Stats: trainer.rollout_collect: 0.286 trainer.sample_action: 0.003 trainer.obs_insert: 0.000 trainer.step_env: 0.005 trainer.update_stats: 0.001 trainer.update_agent: 0.035
PluginManager::Manager: duplicate static plugin StbImageImporter, ignoring
PluginManager::Manager: duplicate static plugin GltfImporter, ignoring
PluginManager::Manager: duplicate static plugin BasisImporter, ignoring
PluginManager::Manager: duplicate static plugin AssimpImporter, ignoring
PluginManager::Manager: duplicate static plugin AnySceneImporter, ignoring
PluginManager::Manager: duplicate static plugin AnyImageImporter, ignoring
Renderer: NVIDIA GeForce RTX 4070/PCIe/SSE2 by NVIDIA Corporation
OpenGL version: 4.6.0 NVIDIA 580.173.02
Using optional features:
    GL_ARB_vertex_array_object
    GL_ARB_separate_shader_objects
    GL_ARB_robustness
    GL_ARB_texture_storage
    GL_ARB_texture_view
    GL_ARB_framebuffer_no_attachments
    GL_ARB_invalidate_subdata
    GL_ARB_texture_storage_multisample
    GL_ARB_multi_bind
    GL_ARB_direct_state_access
    GL_ARB_get_texture_sub_image
    GL_ARB_texture_filter_anisotropic
    GL_KHR_debug
    GL_KHR_parallel_shader_compile
    GL_NV_depth_buffer_float
Using driver workarounds:
    no-forward-compatible-core-context
    nv-egl-incorrect-gl11-function-pointers
    no-layout-qualifiers-on-old-glsl
    nv-zero-context-profile-mask
    nv-implementation-color-read-format-dsa-broken
    nv-cubemap-inconsistent-compressed-image-size
    nv-cubemap-broken-full-compressed-image-query
    nv-compressed-block-size-in-bits
[19:36:08:141134]:[Warning]:[Scene] SemanticScene.h(331)::checkFileExists : ::loadSemanticSceneDescriptor: File `data/scene_datasets/habitat-test-scenes/van-gogh-room.scn` does not exist.  Aborting load.
[19:36:08:141149]:[Warning]:[Scene] SemanticScene.cpp(123)::loadSemanticSceneDescriptor : SSD File Naming Issue! Neither SemanticAttributes-provided name : `data/scene_datasets/habitat-test-scenes/van-gogh-room.scn` nor constructed filename : `data/scene_datasets/habitat-test-scenes/info_semantic.json` exist on disk.
[19:36:08:141154]:[Error]:[Scene] SemanticScene.cpp(139)::loadSemanticSceneDescriptor : SSD Load Failure! File with SemanticAttributes-provided name `data/scene_datasets/habitat-test-scenes/van-gogh-room.scn` exists but failed to load.
[19:36:08:579632]:[Warning]:[Sim] Simulator.cpp(595)::instanceStageForSceneAttributes : The active scene does not contain semantic annotations : activeSemanticSceneID_ = 0
2026-08-11 19:36:11,637 update: 4560	fps: 493.406	
2026-08-11 19:36:11,637 Num updates: 4560	Num frames 729600
2026-08-11 19:36:11,637 Average window size: 50  distance_to_goal: 0.548  distance_to_goal_reward: 0.000  reward: 4.676  spl: 0.703  success: 0.845
2026-08-11 19:36:11,637 	Perf Stats: trainer.rollout_collect: 0.286 trainer.sample_action: 0.003 trainer.obs_insert: 0.000 trainer.step_env: 0.005 trainer.update_stats: 0.001 trainer.update_agent: 0.035
2026-08-11 19:36:14,787 update: 4570	fps: 493.437	
2026-08-11 19:36:14,787 Num updates: 4570	Num frames 731200
2026-08-11 19:36:14,788 Average window size: 50  distance_to_goal: 0.547  distance_to_goal_reward: 0.000  reward: 4.434  spl: 0.715  success: 0.856
2026-08-11 19:36:14,788 	Perf Stats: trainer.rollout_collect: 0.286 trainer.sample_action: 0.003 trainer.obs_insert: 0.000 trainer.step_env: 0.005 trainer.update_stats: 0.001 trainer.update_agent: 0.035
2026-08-11 19:36:17,927 update: 4580	fps: 493.471	
2026-08-11 19:36:17,927 Num updates: 4580	Num frames 732800
2026-08-11 19:36:17,927 Average window size: 50  distance_to_goal: 0.564  distance_to_goal_reward: 0.000  reward: 4.335  spl: 0.696  success: 0.841
2026-08-11 19:36:17,927 	Perf Stats: trainer.rollout_collect: 0.286 trainer.sample_action: 0.003 trainer.obs_insert: 0.000 trainer.step_env: 0.005 trainer.update_stats: 0.001 trainer.update_agent: 0.035
2026-08-11 19:36:21,065 update: 4590	fps: 493.506	
2026-08-11 19:36:21,065 Num updates: 4590	Num frames 734400
2026-08-11 19:36:21,065 Average window size: 50  distance_to_goal: 0.591  distance_to_goal_reward: 0.000  reward: 4.310  spl: 0.732  success: 0.890
2026-08-11 19:36:21,065 	Perf Stats: trainer.rollout_collect: 0.286 trainer.sample_action: 0.003 trainer.obs_insert: 0.000 trainer.step_env: 0.005 trainer.update_stats: 0.001 trainer.update_agent: 0.035
2026-08-11 19:36:24,307 update: 4600	fps: 493.506	
2026-08-11 19:36:24,307 Num updates: 4600	Num frames 736000
2026-08-11 19:36:24,307 Average window size: 50  distance_to_goal: 0.633  distance_to_goal_reward: 0.000  reward: 3.916  spl: 0.734  success: 0.899
2026-08-11 19:36:24,307 	Perf Stats: trainer.rollout_collect: 0.286 trainer.sample_action: 0.003 trainer.obs_insert: 0.000 trainer.step_env: 0.005 trainer.update_stats: 0.001 trainer.update_agent: 0.035
2026-08-11 19:36:27,455 update: 4610	fps: 493.537	
2026-08-11 19:36:27,455 Num updates: 4610	Num frames 737600
2026-08-11 19:36:27,455 Average window size: 50  distance_to_goal: 0.518  distance_to_goal_reward: 0.000  reward: 4.219  spl: 0.739  success: 0.897
2026-08-11 19:36:27,455 	Perf Stats: trainer.rollout_collect: 0.286 trainer.sample_action: 0.003 trainer.obs_insert: 0.000 trainer.step_env: 0.005 trainer.update_stats: 0.001 trainer.update_agent: 0.035
2026-08-11 19:36:30,584 update: 4620	fps: 493.574	
2026-08-11 19:36:30,584 Num updates: 4620	Num frames 739200
2026-08-11 19:36:30,584 Average window size: 50  distance_to_goal: 0.495  distance_to_goal_reward: 0.000  reward: 4.562  spl: 0.712  success: 0.870
2026-08-11 19:36:30,584 	Perf Stats: trainer.rollout_collect: 0.286 trainer.sample_action: 0.003 trainer.obs_insert: 0.000 trainer.step_env: 0.005 trainer.update_stats: 0.001 trainer.update_agent: 0.035
2026-08-11 19:36:33,706 update: 4630	fps: 493.613	
2026-08-11 19:36:33,706 Num updates: 4630	Num frames 740800
2026-08-11 19:36:33,706 Average window size: 50  distance_to_goal: 0.430  distance_to_goal_reward: 0.000  reward: 4.913  spl: 0.737  success: 0.900
2026-08-11 19:36:33,706 	Perf Stats: trainer.rollout_collect: 0.286 trainer.sample_action: 0.003 trainer.obs_insert: 0.000 trainer.step_env: 0.005 trainer.update_stats: 0.001 trainer.update_agent: 0.035
2026-08-11 19:36:36,831 update: 4640	fps: 493.652	
2026-08-11 19:36:36,831 Num updates: 4640	Num frames 742400
2026-08-11 19:36:36,831 Average window size: 50  distance_to_goal: 0.376  distance_to_goal_reward: 0.000  reward: 5.150  spl: 0.718  success: 0.880
2026-08-11 19:36:36,831 	Perf Stats: trainer.rollout_collect: 0.286 trainer.sample_action: 0.003 trainer.obs_insert: 0.000 trainer.step_env: 0.005 trainer.update_stats: 0.001 trainer.update_agent: 0.035
2026-08-11 19:36:39,978 update: 4650	fps: 493.682	
2026-08-11 19:36:39,978 Num updates: 4650	Num frames 744000
2026-08-11 19:36:39,979 Average window size: 50  distance_to_goal: 0.246  distance_to_goal_reward: 0.000  reward: 5.166  spl: 0.722  success: 0.888
2026-08-11 19:36:39,979 	Perf Stats: trainer.rollout_collect: 0.286 trainer.sample_action: 0.003 trainer.obs_insert: 0.000 trainer.step_env: 0.005 trainer.update_stats: 0.001 trainer.update_agent: 0.035
2026-08-11 19:36:43,116 update: 4660	fps: 493.716	
2026-08-11 19:36:43,116 Num updates: 4660	Num frames 745600
2026-08-11 19:36:43,116 Average window size: 50  distance_to_goal: 0.245  distance_to_goal_reward: 0.000  reward: 4.930  spl: 0.703  success: 0.860
2026-08-11 19:36:43,116 	Perf Stats: trainer.rollout_collect: 0.286 trainer.sample_action: 0.003 trainer.obs_insert: 0.000 trainer.step_env: 0.005 trainer.update_stats: 0.001 trainer.update_agent: 0.035
2026-08-11 19:36:46,260 update: 4670	fps: 493.748	
2026-08-11 19:36:46,260 Num updates: 4670	Num frames 747200
2026-08-11 19:36:46,260 Average window size: 50  distance_to_goal: 0.477  distance_to_goal_reward: 0.000  reward: 4.601  spl: 0.695  success: 0.845
2026-08-11 19:36:46,260 	Perf Stats: trainer.rollout_collect: 0.286 trainer.sample_action: 0.003 trainer.obs_insert: 0.000 trainer.step_env: 0.005 trainer.update_stats: 0.001 trainer.update_agent: 0.035
2026-08-11 19:36:49,399 update: 4680	fps: 493.781	
2026-08-11 19:36:49,399 Num updates: 4680	Num frames 748800
2026-08-11 19:36:49,399 Average window size: 50  distance_to_goal: 0.396  distance_to_goal_reward: 0.000  reward: 4.769  spl: 0.685  success: 0.825
2026-08-11 19:36:49,399 	Perf Stats: trainer.rollout_collect: 0.286 trainer.sample_action: 0.003 trainer.obs_insert: 0.000 trainer.step_env: 0.005 trainer.update_stats: 0.001 trainer.update_agent: 0.035
2026-08-11 19:36:52,520 update: 4690	fps: 493.819	
2026-08-11 19:36:52,520 Num updates: 4690	Num frames 750400
2026-08-11 19:36:52,520 Average window size: 50  distance_to_goal: 0.568  distance_to_goal_reward: 0.000  reward: 4.562  spl: 0.646  success: 0.772
2026-08-11 19:36:52,520 	Perf Stats: trainer.rollout_collect: 0.286 trainer.sample_action: 0.003 trainer.obs_insert: 0.000 trainer.step_env: 0.005 trainer.update_stats: 0.001 trainer.update_agent: 0.035
2026-08-11 19:36:55,721 update: 4700	fps: 493.832	
2026-08-11 19:36:55,722 Num updates: 4700	Num frames 752000
2026-08-11 19:36:55,722 Average window size: 50  distance_to_goal: 0.612  distance_to_goal_reward: 0.000  reward: 4.550  spl: 0.658  success: 0.784
2026-08-11 19:36:55,722 	Perf Stats: trainer.rollout_collect: 0.286 trainer.sample_action: 0.003 trainer.obs_insert: 0.000 trainer.step_env: 0.005 trainer.update_stats: 0.001 trainer.update_agent: 0.035
PluginManager::Manager: duplicate static plugin StbImageImporter, ignoring
PluginManager::Manager: duplicate static plugin GltfImporter, ignoring
PluginManager::Manager: duplicate static plugin BasisImporter, ignoring
PluginManager::Manager: duplicate static plugin AssimpImporter, ignoring
PluginManager::Manager: duplicate static plugin AnySceneImporter, ignoring
PluginManager::Manager: duplicate static plugin AnyImageImporter, ignoring
Renderer: NVIDIA GeForce RTX 4070/PCIe/SSE2 by NVIDIA Corporation
OpenGL version: 4.6.0 NVIDIA 580.173.02
Using optional features:
    GL_ARB_vertex_array_object
    GL_ARB_separate_shader_objects
    GL_ARB_robustness
    GL_ARB_texture_storage
    GL_ARB_texture_view
    GL_ARB_framebuffer_no_attachments
    GL_ARB_invalidate_subdata
    GL_ARB_texture_storage_multisample
    GL_ARB_multi_bind
    GL_ARB_direct_state_access
    GL_ARB_get_texture_sub_image
    GL_ARB_texture_filter_anisotropic
    GL_KHR_debug
    GL_KHR_parallel_shader_compile
    GL_NV_depth_buffer_float
Using driver workarounds:
    no-forward-compatible-core-context
    nv-egl-incorrect-gl11-function-pointers
    no-layout-qualifiers-on-old-glsl
    nv-zero-context-profile-mask
    nv-implementation-color-read-format-dsa-broken
    nv-cubemap-inconsistent-compressed-image-size
    nv-cubemap-broken-full-compressed-image-query
    nv-compressed-block-size-in-bits
[19:36:58:289707]:[Warning]:[Scene] SemanticScene.h(331)::checkFileExists : ::loadSemanticSceneDescriptor: File `data/scene_datasets/habitat-test-scenes/skokloster-castle.scn` does not exist.  Aborting load.
[19:36:58:289723]:[Warning]:[Scene] SemanticScene.cpp(123)::loadSemanticSceneDescriptor : SSD File Naming Issue! Neither SemanticAttributes-provided name : `data/scene_datasets/habitat-test-scenes/skokloster-castle.scn` nor constructed filename : `data/scene_datasets/habitat-test-scenes/info_semantic.json` exist on disk.
[19:36:58:289728]:[Error]:[Scene] SemanticScene.cpp(139)::loadSemanticSceneDescriptor : SSD Load Failure! File with SemanticAttributes-provided name `data/scene_datasets/habitat-test-scenes/skokloster-castle.scn` exists but failed to load.
[19:36:58:898334]:[Warning]:[Sim] Simulator.cpp(595)::instanceStageForSceneAttributes : The active scene does not contain semantic annotations : activeSemanticSceneID_ = 0
2026-08-11 19:36:59,490 update: 4710	fps: 493.661	
2026-08-11 19:36:59,490 Num updates: 4710	Num frames 753600
2026-08-11 19:36:59,490 Average window size: 50  distance_to_goal: 0.615  distance_to_goal_reward: 0.000  reward: 4.726  spl: 0.674  success: 0.800
2026-08-11 19:36:59,490 	Perf Stats: trainer.rollout_collect: 0.286 trainer.sample_action: 0.003 trainer.obs_insert: 0.000 trainer.step_env: 0.005 trainer.update_stats: 0.001 trainer.update_agent: 0.035
PluginManager::Manager: duplicate static plugin StbImageImporter, ignoring
PluginManager::Manager: duplicate static plugin GltfImporter, ignoring
PluginManager::Manager: duplicate static plugin BasisImporter, ignoring
PluginManager::Manager: duplicate static plugin AssimpImporter, ignoring
PluginManager::Manager: duplicate static plugin AnySceneImporter, ignoring
PluginManager::Manager: duplicate static plugin AnyImageImporter, ignoring
Renderer: NVIDIA GeForce RTX 4070/PCIe/SSE2 by NVIDIA Corporation
OpenGL version: 4.6.0 NVIDIA 580.173.02
Using optional features:
    GL_ARB_vertex_array_object
    GL_ARB_separate_shader_objects
    GL_ARB_robustness
    GL_ARB_texture_storage
    GL_ARB_texture_view
    GL_ARB_framebuffer_no_attachments
    GL_ARB_invalidate_subdata
    GL_ARB_texture_storage_multisample
    GL_ARB_multi_bind
    GL_ARB_direct_state_access
    GL_ARB_get_texture_sub_image
    GL_ARB_texture_filter_anisotropic
    GL_KHR_debug
    GL_KHR_parallel_shader_compile
    GL_NV_depth_buffer_float
Using driver workarounds:
    no-forward-compatible-core-context
    nv-egl-incorrect-gl11-function-pointers
    no-layout-qualifiers-on-old-glsl
    nv-zero-context-profile-mask
    nv-implementation-color-read-format-dsa-broken
    nv-cubemap-inconsistent-compressed-image-size
    nv-cubemap-broken-full-compressed-image-query
    nv-compressed-block-size-in-bits
[19:37:00:715216]:[Warning]:[Scene] SemanticScene.h(331)::checkFileExists : ::loadSemanticSceneDescriptor: File `data/scene_datasets/habitat-test-scenes/van-gogh-room.scn` does not exist.  Aborting load.
[19:37:00:715232]:[Warning]:[Scene] SemanticScene.cpp(123)::loadSemanticSceneDescriptor : SSD File Naming Issue! Neither SemanticAttributes-provided name : `data/scene_datasets/habitat-test-scenes/van-gogh-room.scn` nor constructed filename : `data/scene_datasets/habitat-test-scenes/info_semantic.json` exist on disk.
[19:37:00:715237]:[Error]:[Scene] SemanticScene.cpp(139)::loadSemanticSceneDescriptor : SSD Load Failure! File with SemanticAttributes-provided name `data/scene_datasets/habitat-test-scenes/van-gogh-room.scn` exists but failed to load.
[19:37:01:188077]:[Warning]:[Sim] Simulator.cpp(595)::instanceStageForSceneAttributes : The active scene does not contain semantic annotations : activeSemanticSceneID_ = 0
2026-08-11 19:37:03,164 update: 4720	fps: 493.521	
2026-08-11 19:37:03,164 Num updates: 4720	Num frames 755200
2026-08-11 19:37:03,164 Average window size: 50  distance_to_goal: 0.512  distance_to_goal_reward: 0.000  reward: 5.114  spl: 0.707  success: 0.832
2026-08-11 19:37:03,164 	Perf Stats: trainer.rollout_collect: 0.286 trainer.sample_action: 0.003 trainer.obs_insert: 0.000 trainer.step_env: 0.005 trainer.update_stats: 0.001 trainer.update_agent: 0.035
2026-08-11 19:37:06,297 update: 4730	fps: 493.556	
2026-08-11 19:37:06,297 Num updates: 4730	Num frames 756800
2026-08-11 19:37:06,297 Average window size: 50  distance_to_goal: 0.591  distance_to_goal_reward: 0.000  reward: 5.051  spl: 0.713  success: 0.840
2026-08-11 19:37:06,297 	Perf Stats: trainer.rollout_collect: 0.286 trainer.sample_action: 0.003 trainer.obs_insert: 0.000 trainer.step_env: 0.005 trainer.update_stats: 0.001 trainer.update_agent: 0.035
2026-08-11 19:37:09,424 update: 4740	fps: 493.593	
2026-08-11 19:37:09,424 Num updates: 4740	Num frames 758400
2026-08-11 19:37:09,424 Average window size: 50  distance_to_goal: 0.436  distance_to_goal_reward: 0.000  reward: 4.909  spl: 0.776  success: 0.912
2026-08-11 19:37:09,424 	Perf Stats: trainer.rollout_collect: 0.286 trainer.sample_action: 0.003 trainer.obs_insert: 0.000 trainer.step_env: 0.005 trainer.update_stats: 0.001 trainer.update_agent: 0.035
2026-08-11 19:37:12,547 update: 4750	fps: 493.631	
2026-08-11 19:37:12,555 Num updates: 4750	Num frames 760000
2026-08-11 19:37:12,555 Average window size: 50  distance_to_goal: 0.484  distance_to_goal_reward: 0.000  reward: 4.997  spl: 0.768  success: 0.898
2026-08-11 19:37:12,555 	Perf Stats: trainer.rollout_collect: 0.286 trainer.sample_action: 0.003 trainer.obs_insert: 0.000 trainer.step_env: 0.005 trainer.update_stats: 0.001 trainer.update_agent: 0.035
2026-08-11 19:37:15,667 update: 4760	fps: 493.670	
2026-08-11 19:37:15,667 Num updates: 4760	Num frames 761600
2026-08-11 19:37:15,667 Average window size: 50  distance_to_goal: 0.517  distance_to_goal_reward: 0.000  reward: 4.603  spl: 0.757  success: 0.900
2026-08-11 19:37:15,667 	Perf Stats: trainer.rollout_collect: 0.286 trainer.sample_action: 0.003 trainer.obs_insert: 0.000 trainer.step_env: 0.005 trainer.update_stats: 0.001 trainer.update_agent: 0.035
PluginManager::Manager: duplicate static plugin StbImageImporter, ignoring
PluginManager::Manager: duplicate static plugin GltfImporter, ignoring
PluginManager::Manager: duplicate static plugin BasisImporter, ignoring
PluginManager::Manager: duplicate static plugin AssimpImporter, ignoring
PluginManager::Manager: duplicate static plugin AnySceneImporter, ignoring
PluginManager::Manager: duplicate static plugin AnyImageImporter, ignoring
Renderer: NVIDIA GeForce RTX 4070/PCIe/SSE2 by NVIDIA Corporation
OpenGL version: 4.6.0 NVIDIA 580.173.02
Using optional features:
    GL_ARB_vertex_array_object
    GL_ARB_separate_shader_objects
    GL_ARB_robustness
    GL_ARB_texture_storage
    GL_ARB_texture_view
    GL_ARB_framebuffer_no_attachments
    GL_ARB_invalidate_subdata
    GL_ARB_texture_storage_multisample
    GL_ARB_multi_bind
    GL_ARB_direct_state_access
    GL_ARB_get_texture_sub_image
    GL_ARB_texture_filter_anisotropic
    GL_KHR_debug
    GL_KHR_parallel_shader_compile
    GL_NV_depth_buffer_float
Using driver workarounds:
    no-forward-compatible-core-context
    nv-egl-incorrect-gl11-function-pointers
    no-layout-qualifiers-on-old-glsl
    nv-zero-context-profile-mask
    nv-implementation-color-read-format-dsa-broken
    nv-cubemap-inconsistent-compressed-image-size
    nv-cubemap-broken-full-compressed-image-query
    nv-compressed-block-size-in-bits
[19:37:16:460649]:[Warning]:[Scene] SemanticScene.h(331)::checkFileExists : ::loadSemanticSceneDescriptor: File `data/scene_datasets/habitat-test-scenes/van-gogh-room.scn` does not exist.  Aborting load.
[19:37:16:460665]:[Warning]:[Scene] SemanticScene.cpp(123)::loadSemanticSceneDescriptor : SSD File Naming Issue! Neither SemanticAttributes-provided name : `data/scene_datasets/habitat-test-scenes/van-gogh-room.scn` nor constructed filename : `data/scene_datasets/habitat-test-scenes/info_semantic.json` exist on disk.
[19:37:16:460670]:[Error]:[Scene] SemanticScene.cpp(139)::loadSemanticSceneDescriptor : SSD Load Failure! File with SemanticAttributes-provided name `data/scene_datasets/habitat-test-scenes/van-gogh-room.scn` exists but failed to load.
[19:37:16:891887]:[Warning]:[Sim] Simulator.cpp(595)::instanceStageForSceneAttributes : The active scene does not contain semantic annotations : activeSemanticSceneID_ = 0
2026-08-11 19:37:19,228 update: 4770	fps: 493.568	
2026-08-11 19:37:19,228 Num updates: 4770	Num frames 763200
2026-08-11 19:37:19,228 Average window size: 50  distance_to_goal: 0.511  distance_to_goal_reward: 0.000  reward: 4.059  spl: 0.743  success: 0.892
2026-08-11 19:37:19,228 	Perf Stats: trainer.rollout_collect: 0.286 trainer.sample_action: 0.003 trainer.obs_insert: 0.000 trainer.step_env: 0.005 trainer.update_stats: 0.001 trainer.update_agent: 0.035
2026-08-11 19:37:22,299 update: 4780	fps: 493.622	
2026-08-11 19:37:22,299 Num updates: 4780	Num frames 764800
2026-08-11 19:37:22,299 Average window size: 50  distance_to_goal: 0.476  distance_to_goal_reward: 0.000  reward: 3.783  spl: 0.728  success: 0.889
2026-08-11 19:37:22,299 	Perf Stats: trainer.rollout_collect: 0.286 trainer.sample_action: 0.003 trainer.obs_insert: 0.000 trainer.step_env: 0.005 trainer.update_stats: 0.001 trainer.update_agent: 0.035
2026-08-11 19:37:25,409 update: 4790	fps: 493.664	
2026-08-11 19:37:25,410 Num updates: 4790	Num frames 766400
2026-08-11 19:37:25,410 Average window size: 50  distance_to_goal: 0.427  distance_to_goal_reward: 0.000  reward: 3.791  spl: 0.719  success: 0.879
2026-08-11 19:37:25,410 	Perf Stats: trainer.rollout_collect: 0.286 trainer.sample_action: 0.003 trainer.obs_insert: 0.000 trainer.step_env: 0.005 trainer.update_stats: 0.001 trainer.update_agent: 0.035
2026-08-11 19:37:28,617 update: 4800	fps: 493.677	
2026-08-11 19:37:28,617 Num updates: 4800	Num frames 768000
2026-08-11 19:37:28,617 Average window size: 50  distance_to_goal: 0.458  distance_to_goal_reward: 0.000  reward: 3.515  spl: 0.704  success: 0.862
2026-08-11 19:37:28,617 	Perf Stats: trainer.rollout_collect: 0.286 trainer.sample_action: 0.003 trainer.obs_insert: 0.000 trainer.step_env: 0.005 trainer.update_stats: 0.001 trainer.update_agent: 0.035
2026-08-11 19:37:31,701 update: 4810	fps: 493.724	
2026-08-11 19:37:31,702 Num updates: 4810	Num frames 769600
2026-08-11 19:37:31,702 Average window size: 50  distance_to_goal: 0.431  distance_to_goal_reward: 0.000  reward: 3.678  spl: 0.713  success: 0.866
2026-08-11 19:37:31,702 	Perf Stats: trainer.rollout_collect: 0.286 trainer.sample_action: 0.003 trainer.obs_insert: 0.000 trainer.step_env: 0.005 trainer.update_stats: 0.001 trainer.update_agent: 0.035
PluginManager::Manager: duplicate static plugin StbImageImporter, ignoring
PluginManager::Manager: duplicate static plugin GltfImporter, ignoring
PluginManager::Manager: duplicate static plugin BasisImporter, ignoring
PluginManager::Manager: duplicate static plugin AssimpImporter, ignoring
PluginManager::Manager: duplicate static plugin AnySceneImporter, ignoring
PluginManager::Manager: duplicate static plugin AnyImageImporter, ignoring
Renderer: NVIDIA GeForce RTX 4070/PCIe/SSE2 by NVIDIA Corporation
OpenGL version: 4.6.0 NVIDIA 580.173.02
Using optional features:
    GL_ARB_vertex_array_object
    GL_ARB_separate_shader_objects
    GL_ARB_robustness
    GL_ARB_texture_storage
    GL_ARB_texture_view
    GL_ARB_framebuffer_no_attachments
    GL_ARB_invalidate_subdata
    GL_ARB_texture_storage_multisample
    GL_ARB_multi_bind
    GL_ARB_direct_state_access
    GL_ARB_get_texture_sub_image
    GL_ARB_texture_filter_anisotropic
    GL_KHR_debug
    GL_KHR_parallel_shader_compile
    GL_NV_depth_buffer_float
Using driver workarounds:
    no-forward-compatible-core-context
    nv-egl-incorrect-gl11-function-pointers
    no-layout-qualifiers-on-old-glsl
    nv-zero-context-profile-mask
    nv-implementation-color-read-format-dsa-broken
    nv-cubemap-inconsistent-compressed-image-size
    nv-cubemap-broken-full-compressed-image-query
    nv-compressed-block-size-in-bits
[19:37:33:368413]:[Warning]:[Scene] SemanticScene.h(331)::checkFileExists : ::loadSemanticSceneDescriptor: File `data/scene_datasets/habitat-test-scenes/van-gogh-room.scn` does not exist.  Aborting load.
[19:37:33:368429]:[Warning]:[Scene] SemanticScene.cpp(123)::loadSemanticSceneDescriptor : SSD File Naming Issue! Neither SemanticAttributes-provided name : `data/scene_datasets/habitat-test-scenes/van-gogh-room.scn` nor constructed filename : `data/scene_datasets/habitat-test-scenes/info_semantic.json` exist on disk.
[19:37:33:368434]:[Error]:[Scene] SemanticScene.cpp(139)::loadSemanticSceneDescriptor : SSD Load Failure! File with SemanticAttributes-provided name `data/scene_datasets/habitat-test-scenes/van-gogh-room.scn` exists but failed to load.
[19:37:33:802277]:[Warning]:[Sim] Simulator.cpp(595)::instanceStageForSceneAttributes : The active scene does not contain semantic annotations : activeSemanticSceneID_ = 0
PluginManager::Manager: duplicate static plugin StbImageImporter, ignoring
PluginManager::Manager: duplicate static plugin GltfImporter, ignoring
PluginManager::Manager: duplicate static plugin BasisImporter, ignoring
PluginManager::Manager: duplicate static plugin AssimpImporter, ignoring
PluginManager::Manager: duplicate static plugin AnySceneImporter, ignoring
PluginManager::Manager: duplicate static plugin AnyImageImporter, ignoring
Renderer: NVIDIA GeForce RTX 4070/PCIe/SSE2 by NVIDIA Corporation
OpenGL version: 4.6.0 NVIDIA 580.173.02
Using optional features:
    GL_ARB_vertex_array_object
    GL_ARB_separate_shader_objects
    GL_ARB_robustness
    GL_ARB_texture_storage
    GL_ARB_texture_view
    GL_ARB_framebuffer_no_attachments
    GL_ARB_invalidate_subdata
    GL_ARB_texture_storage_multisample
    GL_ARB_multi_bind
    GL_ARB_direct_state_access
    GL_ARB_get_texture_sub_image
    GL_ARB_texture_filter_anisotropic
    GL_KHR_debug
    GL_KHR_parallel_shader_compile
    GL_NV_depth_buffer_float
Using driver workarounds:
    no-forward-compatible-core-context
    nv-egl-incorrect-gl11-function-pointers
    no-layout-qualifiers-on-old-glsl
    nv-zero-context-profile-mask
    nv-implementation-color-read-format-dsa-broken
    nv-cubemap-inconsistent-compressed-image-size
    nv-cubemap-broken-full-compressed-image-query
    nv-compressed-block-size-in-bits
[19:37:33:840074]:[Warning]:[Scene] SemanticScene.h(331)::checkFileExists : ::loadSemanticSceneDescriptor: File `data/scene_datasets/habitat-test-scenes/skokloster-castle.scn` does not exist.  Aborting load.
[19:37:33:840091]:[Warning]:[Scene] SemanticScene.cpp(123)::loadSemanticSceneDescriptor : SSD File Naming Issue! Neither SemanticAttributes-provided name : `data/scene_datasets/habitat-test-scenes/skokloster-castle.scn` nor constructed filename : `data/scene_datasets/habitat-test-scenes/info_semantic.json` exist on disk.
[19:37:33:840100]:[Error]:[Scene] SemanticScene.cpp(139)::loadSemanticSceneDescriptor : SSD Load Failure! File with SemanticAttributes-provided name `data/scene_datasets/habitat-test-scenes/skokloster-castle.scn` exists but failed to load.
[19:37:34:459636]:[Warning]:[Sim] Simulator.cpp(595)::instanceStageForSceneAttributes : The active scene does not contain semantic annotations : activeSemanticSceneID_ = 0
2026-08-11 19:37:35,884 update: 4820	fps: 493.426	
2026-08-11 19:37:35,885 Num updates: 4820	Num frames 771200
2026-08-11 19:37:35,885 Average window size: 50  distance_to_goal: 0.425  distance_to_goal_reward: 0.000  reward: 3.645  spl: 0.717  success: 0.875
2026-08-11 19:37:35,885 	Perf Stats: trainer.rollout_collect: 0.286 trainer.sample_action: 0.003 trainer.obs_insert: 0.000 trainer.step_env: 0.005 trainer.update_stats: 0.001 trainer.update_agent: 0.035
2026-08-11 19:37:38,994 update: 4830	fps: 493.468	
2026-08-11 19:37:39,002 Num updates: 4830	Num frames 772800
2026-08-11 19:37:39,002 Average window size: 50  distance_to_goal: 0.400  distance_to_goal_reward: 0.000  reward: 3.819  spl: 0.729  success: 0.884
2026-08-11 19:37:39,002 	Perf Stats: trainer.rollout_collect: 0.286 trainer.sample_action: 0.003 trainer.obs_insert: 0.000 trainer.step_env: 0.005 trainer.update_stats: 0.001 trainer.update_agent: 0.035
2026-08-11 19:37:42,103 update: 4840	fps: 493.510	
2026-08-11 19:37:42,103 Num updates: 4840	Num frames 774400
2026-08-11 19:37:42,103 Average window size: 50  distance_to_goal: 0.434  distance_to_goal_reward: 0.000  reward: 3.900  spl: 0.721  success: 0.881
2026-08-11 19:37:42,103 	Perf Stats: trainer.rollout_collect: 0.286 trainer.sample_action: 0.003 trainer.obs_insert: 0.000 trainer.step_env: 0.005 trainer.update_stats: 0.001 trainer.update_agent: 0.035
2026-08-11 19:37:45,226 update: 4850	fps: 493.548	
2026-08-11 19:37:45,227 Num updates: 4850	Num frames 776000
2026-08-11 19:37:45,227 Average window size: 50  distance_to_goal: 0.445  distance_to_goal_reward: 0.000  reward: 4.109  spl: 0.747  success: 0.916
2026-08-11 19:37:45,227 	Perf Stats: trainer.rollout_collect: 0.286 trainer.sample_action: 0.003 trainer.obs_insert: 0.000 trainer.step_env: 0.005 trainer.update_stats: 0.001 trainer.update_agent: 0.035
2026-08-11 19:37:48,318 update: 4860	fps: 493.595	
2026-08-11 19:37:48,318 Num updates: 4860	Num frames 777600
2026-08-11 19:37:48,318 Average window size: 50  distance_to_goal: 0.444  distance_to_goal_reward: 0.000  reward: 4.104  spl: 0.746  success: 0.915
2026-08-11 19:37:48,318 	Perf Stats: trainer.rollout_collect: 0.286 trainer.sample_action: 0.003 trainer.obs_insert: 0.000 trainer.step_env: 0.005 trainer.update_stats: 0.001 trainer.update_agent: 0.035
2026-08-11 19:37:51,423 update: 4870	fps: 493.637	
2026-08-11 19:37:51,423 Num updates: 4870	Num frames 779200
2026-08-11 19:37:51,423 Average window size: 50  distance_to_goal: 0.454  distance_to_goal_reward: 0.000  reward: 4.009  spl: 0.732  success: 0.903
2026-08-11 19:37:51,423 	Perf Stats: trainer.rollout_collect: 0.286 trainer.sample_action: 0.003 trainer.obs_insert: 0.000 trainer.step_env: 0.005 trainer.update_stats: 0.001 trainer.update_agent: 0.035
2026-08-11 19:37:54,523 update: 4880	fps: 493.681	
2026-08-11 19:37:54,523 Num updates: 4880	Num frames 780800
2026-08-11 19:37:54,523 Average window size: 50  distance_to_goal: 0.437  distance_to_goal_reward: 0.000  reward: 4.029  spl: 0.727  success: 0.902
2026-08-11 19:37:54,523 	Perf Stats: trainer.rollout_collect: 0.286 trainer.sample_action: 0.003 trainer.obs_insert: 0.000 trainer.step_env: 0.005 trainer.update_stats: 0.001 trainer.update_agent: 0.035
2026-08-11 19:37:57,616 update: 4890	fps: 493.727	
2026-08-11 19:37:57,616 Num updates: 4890	Num frames 782400
2026-08-11 19:37:57,617 Average window size: 50  distance_to_goal: 0.365  distance_to_goal_reward: 0.000  reward: 4.123  spl: 0.728  success: 0.903
2026-08-11 19:37:57,617 	Perf Stats: trainer.rollout_collect: 0.286 trainer.sample_action: 0.003 trainer.obs_insert: 0.000 trainer.step_env: 0.005 trainer.update_stats: 0.001 trainer.update_agent: 0.035
2026-08-11 19:38:00,812 update: 4900	fps: 493.741	
2026-08-11 19:38:00,812 Num updates: 4900	Num frames 784000
2026-08-11 19:38:00,812 Average window size: 50  distance_to_goal: 0.274  distance_to_goal_reward: 0.000  reward: 4.051  spl: 0.716  success: 0.887
2026-08-11 19:38:00,813 	Perf Stats: trainer.rollout_collect: 0.286 trainer.sample_action: 0.003 trainer.obs_insert: 0.000 trainer.step_env: 0.005 trainer.update_stats: 0.001 trainer.update_agent: 0.035
2026-08-11 19:38:03,923 update: 4910	fps: 493.781	
2026-08-11 19:38:03,924 Num updates: 4910	Num frames 785600
2026-08-11 19:38:03,924 Average window size: 50  distance_to_goal: 0.402  distance_to_goal_reward: 0.000  reward: 4.043  spl: 0.703  success: 0.868
2026-08-11 19:38:03,924 	Perf Stats: trainer.rollout_collect: 0.286 trainer.sample_action: 0.003 trainer.obs_insert: 0.000 trainer.step_env: 0.005 trainer.update_stats: 0.001 trainer.update_agent: 0.035
2026-08-11 19:38:07,022 update: 4920	fps: 493.825	
2026-08-11 19:38:07,022 Num updates: 4920	Num frames 787200
2026-08-11 19:38:07,022 Average window size: 50  distance_to_goal: 0.363  distance_to_goal_reward: 0.000  reward: 4.130  spl: 0.710  success: 0.870
2026-08-11 19:38:07,022 	Perf Stats: trainer.rollout_collect: 0.286 trainer.sample_action: 0.003 trainer.obs_insert: 0.000 trainer.step_env: 0.005 trainer.update_stats: 0.001 trainer.update_agent: 0.035
2026-08-11 19:38:10,105 update: 4930	fps: 493.874	
2026-08-11 19:38:10,105 Num updates: 4930	Num frames 788800
2026-08-11 19:38:10,105 Average window size: 50  distance_to_goal: 0.458  distance_to_goal_reward: 0.000  reward: 4.137  spl: 0.717  success: 0.871
2026-08-11 19:38:10,105 	Perf Stats: trainer.rollout_collect: 0.286 trainer.sample_action: 0.003 trainer.obs_insert: 0.000 trainer.step_env: 0.005 trainer.update_stats: 0.001 trainer.update_agent: 0.035
2026-08-11 19:38:13,227 update: 4940	fps: 493.910	
2026-08-11 19:38:13,227 Num updates: 4940	Num frames 790400
2026-08-11 19:38:13,228 Average window size: 50  distance_to_goal: 0.448  distance_to_goal_reward: 0.000  reward: 4.245  spl: 0.743  success: 0.895
2026-08-11 19:38:13,228 	Perf Stats: trainer.rollout_collect: 0.286 trainer.sample_action: 0.003 trainer.obs_insert: 0.000 trainer.step_env: 0.005 trainer.update_stats: 0.001 trainer.update_agent: 0.035
2026-08-11 19:38:16,312 update: 4950	fps: 493.958	
2026-08-11 19:38:16,312 Num updates: 4950	Num frames 792000
2026-08-11 19:38:16,312 Average window size: 50  distance_to_goal: 0.424  distance_to_goal_reward: 0.000  reward: 4.279  spl: 0.753  success: 0.911
2026-08-11 19:38:16,312 	Perf Stats: trainer.rollout_collect: 0.286 trainer.sample_action: 0.003 trainer.obs_insert: 0.000 trainer.step_env: 0.005 trainer.update_stats: 0.001 trainer.update_agent: 0.035
2026-08-11 19:38:19,412 update: 4960	fps: 494.000	
2026-08-11 19:38:19,412 Num updates: 4960	Num frames 793600
2026-08-11 19:38:19,412 Average window size: 50  distance_to_goal: 0.396  distance_to_goal_reward: -0.001  reward: 4.204  spl: 0.751  success: 0.919
2026-08-11 19:38:19,412 	Perf Stats: trainer.rollout_collect: 0.286 trainer.sample_action: 0.003 trainer.obs_insert: 0.000 trainer.step_env: 0.005 trainer.update_stats: 0.001 trainer.update_agent: 0.035
2026-08-11 19:38:22,496 update: 4970	fps: 494.048	
2026-08-11 19:38:22,496 Num updates: 4970	Num frames 795200
2026-08-11 19:38:22,496 Average window size: 50  distance_to_goal: 0.403  distance_to_goal_reward: -0.001  reward: 3.985  spl: 0.751  success: 0.923
2026-08-11 19:38:22,496 	Perf Stats: trainer.rollout_collect: 0.286 trainer.sample_action: 0.003 trainer.obs_insert: 0.000 trainer.step_env: 0.005 trainer.update_stats: 0.001 trainer.update_agent: 0.035
2026-08-11 19:38:25,613 update: 4980	fps: 494.085	
2026-08-11 19:38:25,613 Num updates: 4980	Num frames 796800
2026-08-11 19:38:25,613 Average window size: 50  distance_to_goal: 0.327  distance_to_goal_reward: -0.001  reward: 4.258  spl: 0.747  success: 0.926
2026-08-11 19:38:25,613 	Perf Stats: trainer.rollout_collect: 0.286 trainer.sample_action: 0.003 trainer.obs_insert: 0.000 trainer.step_env: 0.005 trainer.update_stats: 0.001 trainer.update_agent: 0.035
2026-08-11 19:38:28,732 update: 4990	fps: 494.122	
2026-08-11 19:38:28,732 Num updates: 4990	Num frames 798400
2026-08-11 19:38:28,732 Average window size: 50  distance_to_goal: 0.320  distance_to_goal_reward: -0.001  reward: 4.135  spl: 0.730  success: 0.915
2026-08-11 19:38:28,732 	Perf Stats: trainer.rollout_collect: 0.286 trainer.sample_action: 0.003 trainer.obs_insert: 0.000 trainer.step_env: 0.005 trainer.update_stats: 0.001 trainer.update_agent: 0.035
2026-08-11 19:38:31,941 update: 5000	fps: 494.131	
2026-08-11 19:38:31,941 Num updates: 5000	Num frames 800000
2026-08-11 19:38:31,941 Average window size: 50  distance_to_goal: 0.360  distance_to_goal_reward: -0.001  reward: 4.246  spl: 0.729  success: 0.911
2026-08-11 19:38:31,941 	Perf Stats: trainer.rollout_collect: 0.286 trainer.sample_action: 0.003 trainer.obs_insert: 0.000 trainer.step_env: 0.005 trainer.update_stats: 0.001 trainer.update_agent: 0.035
2026-08-11 19:38:35,119 update: 5010	fps: 494.149	
2026-08-11 19:38:35,119 Num updates: 5010	Num frames 801600
2026-08-11 19:38:35,119 Average window size: 50  distance_to_goal: 0.300  distance_to_goal_reward: 0.000  reward: 4.529  spl: 0.736  success: 0.907
2026-08-11 19:38:35,119 	Perf Stats: trainer.rollout_collect: 0.286 trainer.sample_action: 0.003 trainer.obs_insert: 0.000 trainer.step_env: 0.005 trainer.update_stats: 0.001 trainer.update_agent: 0.035
PluginManager::Manager: duplicate static plugin StbImageImporter, ignoring
PluginManager::Manager: duplicate static plugin GltfImporter, ignoring
PluginManager::Manager: duplicate static plugin BasisImporter, ignoring
PluginManager::Manager: duplicate static plugin AssimpImporter, ignoring
PluginManager::Manager: duplicate static plugin AnySceneImporter, ignoring
PluginManager::Manager: duplicate static plugin AnyImageImporter, ignoring
Renderer: NVIDIA GeForce RTX 4070/PCIe/SSE2 by NVIDIA Corporation
OpenGL version: 4.6.0 NVIDIA 580.173.02
Using optional features:
    GL_ARB_vertex_array_object
    GL_ARB_separate_shader_objects
    GL_ARB_robustness
    GL_ARB_texture_storage
    GL_ARB_texture_view
    GL_ARB_framebuffer_no_attachments
    GL_ARB_invalidate_subdata
    GL_ARB_texture_storage_multisample
    GL_ARB_multi_bind
    GL_ARB_direct_state_access
    GL_ARB_get_texture_sub_image
    GL_ARB_texture_filter_anisotropic
    GL_KHR_debug
    GL_KHR_parallel_shader_compile
    GL_NV_depth_buffer_float
Using driver workarounds:
    no-forward-compatible-core-context
    nv-egl-incorrect-gl11-function-pointers
    no-layout-qualifiers-on-old-glsl
    nv-zero-context-profile-mask
    nv-implementation-color-read-format-dsa-broken
    nv-cubemap-inconsistent-compressed-image-size
    nv-cubemap-broken-full-compressed-image-query
    nv-compressed-block-size-in-bits
[19:38:36:758080]:[Warning]:[Scene] SemanticScene.h(331)::checkFileExists : ::loadSemanticSceneDescriptor: File `data/scene_datasets/habitat-test-scenes/van-gogh-room.scn` does not exist.  Aborting load.
[19:38:36:758100]:[Warning]:[Scene] SemanticScene.cpp(123)::loadSemanticSceneDescriptor : SSD File Naming Issue! Neither SemanticAttributes-provided name : `data/scene_datasets/habitat-test-scenes/van-gogh-room.scn` nor constructed filename : `data/scene_datasets/habitat-test-scenes/info_semantic.json` exist on disk.
[19:38:36:758106]:[Error]:[Scene] SemanticScene.cpp(139)::loadSemanticSceneDescriptor : SSD Load Failure! File with SemanticAttributes-provided name `data/scene_datasets/habitat-test-scenes/van-gogh-room.scn` exists but failed to load.
[19:38:37:190253]:[Warning]:[Sim] Simulator.cpp(595)::instanceStageForSceneAttributes : The active scene does not contain semantic annotations : activeSemanticSceneID_ = 0
2026-08-11 19:38:38,641 update: 5020	fps: 494.063	
2026-08-11 19:38:38,641 Num updates: 5020	Num frames 803200
2026-08-11 19:38:38,641 Average window size: 50  distance_to_goal: 0.256  distance_to_goal_reward: 0.000  reward: 4.682  spl: 0.750  success: 0.918
2026-08-11 19:38:38,641 	Perf Stats: trainer.rollout_collect: 0.286 trainer.sample_action: 0.003 trainer.obs_insert: 0.000 trainer.step_env: 0.005 trainer.update_stats: 0.001 trainer.update_agent: 0.035
2026-08-11 19:38:41,685 update: 5030	fps: 494.121	
2026-08-11 19:38:41,685 Num updates: 5030	Num frames 804800
2026-08-11 19:38:41,685 Average window size: 50  distance_to_goal: 0.250  distance_to_goal_reward: 0.000  reward: 4.415  spl: 0.754  success: 0.905
2026-08-11 19:38:41,685 	Perf Stats: trainer.rollout_collect: 0.286 trainer.sample_action: 0.003 trainer.obs_insert: 0.000 trainer.step_env: 0.005 trainer.update_stats: 0.001 trainer.update_agent: 0.035
PluginManager::Manager: duplicate static plugin StbImageImporter, ignoring
PluginManager::Manager: duplicate static plugin GltfImporter, ignoring
PluginManager::Manager: duplicate static plugin BasisImporter, ignoring
PluginManager::Manager: duplicate static plugin AssimpImporter, ignoring
PluginManager::Manager: duplicate static plugin AnySceneImporter, ignoring
PluginManager::Manager: duplicate static plugin AnyImageImporter, ignoring
Renderer: NVIDIA GeForce RTX 4070/PCIe/SSE2 by NVIDIA Corporation
OpenGL version: 4.6.0 NVIDIA 580.173.02
Using optional features:
    GL_ARB_vertex_array_object
    GL_ARB_separate_shader_objects
    GL_ARB_robustness
    GL_ARB_texture_storage
    GL_ARB_texture_view
    GL_ARB_framebuffer_no_attachments
    GL_ARB_invalidate_subdata
    GL_ARB_texture_storage_multisample
    GL_ARB_multi_bind
    GL_ARB_direct_state_access
    GL_ARB_get_texture_sub_image
    GL_ARB_texture_filter_anisotropic
    GL_KHR_debug
    GL_KHR_parallel_shader_compile
    GL_NV_depth_buffer_float
Using driver workarounds:
    no-forward-compatible-core-context
    nv-egl-incorrect-gl11-function-pointers
    no-layout-qualifiers-on-old-glsl
    nv-zero-context-profile-mask
    nv-implementation-color-read-format-dsa-broken
    nv-cubemap-inconsistent-compressed-image-size
    nv-cubemap-broken-full-compressed-image-query
    nv-compressed-block-size-in-bits
[19:38:44:472744]:[Warning]:[Scene] SemanticScene.h(331)::checkFileExists : ::loadSemanticSceneDescriptor: File `data/scene_datasets/habitat-test-scenes/skokloster-castle.scn` does not exist.  Aborting load.
[19:38:44:472760]:[Warning]:[Scene] SemanticScene.cpp(123)::loadSemanticSceneDescriptor : SSD File Naming Issue! Neither SemanticAttributes-provided name : `data/scene_datasets/habitat-test-scenes/skokloster-castle.scn` nor constructed filename : `data/scene_datasets/habitat-test-scenes/info_semantic.json` exist on disk.
[19:38:44:472766]:[Error]:[Scene] SemanticScene.cpp(139)::loadSemanticSceneDescriptor : SSD Load Failure! File with SemanticAttributes-provided name `data/scene_datasets/habitat-test-scenes/skokloster-castle.scn` exists but failed to load.
[19:38:45:079951]:[Warning]:[Sim] Simulator.cpp(595)::instanceStageForSceneAttributes : The active scene does not contain semantic annotations : activeSemanticSceneID_ = 0
2026-08-11 19:38:45,331 update: 5040	fps: 493.998	
2026-08-11 19:38:45,332 Num updates: 5040	Num frames 806400
2026-08-11 19:38:45,332 Average window size: 50  distance_to_goal: 0.247  distance_to_goal_reward: 0.000  reward: 4.459  spl: 0.773  success: 0.923
2026-08-11 19:38:45,332 	Perf Stats: trainer.rollout_collect: 0.286 trainer.sample_action: 0.003 trainer.obs_insert: 0.000 trainer.step_env: 0.005 trainer.update_stats: 0.001 trainer.update_agent: 0.035
2026-08-11 19:38:48,447 update: 5050	fps: 494.035	
2026-08-11 19:38:48,448 Num updates: 5050	Num frames 808000
2026-08-11 19:38:48,448 Average window size: 50  distance_to_goal: 0.125  distance_to_goal_reward: 0.000  reward: 4.417  spl: 0.767  success: 0.911
2026-08-11 19:38:48,448 	Perf Stats: trainer.rollout_collect: 0.286 trainer.sample_action: 0.003 trainer.obs_insert: 0.000 trainer.step_env: 0.005 trainer.update_stats: 0.001 trainer.update_agent: 0.035
2026-08-11 19:38:51,568 update: 5060	fps: 494.071	
2026-08-11 19:38:51,568 Num updates: 5060	Num frames 809600
2026-08-11 19:38:51,568 Average window size: 50  distance_to_goal: 0.123  distance_to_goal_reward: 0.000  reward: 4.532  spl: 0.776  success: 0.920
2026-08-11 19:38:51,568 	Perf Stats: trainer.rollout_collect: 0.286 trainer.sample_action: 0.003 trainer.obs_insert: 0.000 trainer.step_env: 0.005 trainer.update_stats: 0.001 trainer.update_agent: 0.035
2026-08-11 19:38:54,678 update: 5070	fps: 494.109	
2026-08-11 19:38:54,678 Num updates: 5070	Num frames 811200
2026-08-11 19:38:54,678 Average window size: 50  distance_to_goal: 0.127  distance_to_goal_reward: 0.000  reward: 4.563  spl: 0.777  success: 0.916
2026-08-11 19:38:54,678 	Perf Stats: trainer.rollout_collect: 0.286 trainer.sample_action: 0.003 trainer.obs_insert: 0.000 trainer.step_env: 0.005 trainer.update_stats: 0.001 trainer.update_agent: 0.035
PluginManager::Manager: duplicate static plugin StbImageImporter, ignoring
PluginManager::Manager: duplicate static plugin GltfImporter, ignoring
PluginManager::Manager: duplicate static plugin BasisImporter, ignoring
PluginManager::Manager: duplicate static plugin AssimpImporter, ignoring
PluginManager::Manager: duplicate static plugin AnySceneImporter, ignoring
PluginManager::Manager: duplicate static plugin AnyImageImporter, ignoring
Renderer: NVIDIA GeForce RTX 4070/PCIe/SSE2 by NVIDIA Corporation
OpenGL version: 4.6.0 NVIDIA 580.173.02
Using optional features:
    GL_ARB_vertex_array_object
    GL_ARB_separate_shader_objects
    GL_ARB_robustness
    GL_ARB_texture_storage
    GL_ARB_texture_view
    GL_ARB_framebuffer_no_attachments
    GL_ARB_invalidate_subdata
    GL_ARB_texture_storage_multisample
    GL_ARB_multi_bind
    GL_ARB_direct_state_access
    GL_ARB_get_texture_sub_image
    GL_ARB_texture_filter_anisotropic
    GL_KHR_debug
    GL_KHR_parallel_shader_compile
    GL_NV_depth_buffer_float
Using driver workarounds:
    no-forward-compatible-core-context
    nv-egl-incorrect-gl11-function-pointers
    no-layout-qualifiers-on-old-glsl
    nv-zero-context-profile-mask
    nv-implementation-color-read-format-dsa-broken
    nv-cubemap-inconsistent-compressed-image-size
    nv-cubemap-broken-full-compressed-image-query
    nv-compressed-block-size-in-bits
[19:38:57:337312]:[Warning]:[Scene] SemanticScene.h(331)::checkFileExists : ::loadSemanticSceneDescriptor: File `data/scene_datasets/habitat-test-scenes/skokloster-castle.scn` does not exist.  Aborting load.
[19:38:57:337331]:[Warning]:[Scene] SemanticScene.cpp(123)::loadSemanticSceneDescriptor : SSD File Naming Issue! Neither SemanticAttributes-provided name : `data/scene_datasets/habitat-test-scenes/skokloster-castle.scn` nor constructed filename : `data/scene_datasets/habitat-test-scenes/info_semantic.json` exist on disk.
[19:38:57:337336]:[Error]:[Scene] SemanticScene.cpp(139)::loadSemanticSceneDescriptor : SSD Load Failure! File with SemanticAttributes-provided name `data/scene_datasets/habitat-test-scenes/skokloster-castle.scn` exists but failed to load.
[19:38:57:943604]:[Warning]:[Sim] Simulator.cpp(595)::instanceStageForSceneAttributes : The active scene does not contain semantic annotations : activeSemanticSceneID_ = 0
2026-08-11 19:38:58,420 update: 5080	fps: 493.958	
2026-08-11 19:38:58,429 Num updates: 5080	Num frames 812800
2026-08-11 19:38:58,429 Average window size: 50  distance_to_goal: 0.180  distance_to_goal_reward: 0.000  reward: 4.809  spl: 0.776  success: 0.917
2026-08-11 19:38:58,429 	Perf Stats: trainer.rollout_collect: 0.286 trainer.sample_action: 0.003 trainer.obs_insert: 0.000 trainer.step_env: 0.005 trainer.update_stats: 0.001 trainer.update_agent: 0.035
PluginManager::Manager: duplicate static plugin StbImageImporter, ignoring
PluginManager::Manager: duplicate static plugin GltfImporter, ignoring
PluginManager::Manager: duplicate static plugin BasisImporter, ignoring
PluginManager::Manager: duplicate static plugin AssimpImporter, ignoring
PluginManager::Manager: duplicate static plugin AnySceneImporter, ignoring
PluginManager::Manager: duplicate static plugin AnyImageImporter, ignoring
Renderer: NVIDIA GeForce RTX 4070/PCIe/SSE2 by NVIDIA Corporation
OpenGL version: 4.6.0 NVIDIA 580.173.02
Using optional features:
    GL_ARB_vertex_array_object
    GL_ARB_separate_shader_objects
    GL_ARB_robustness
    GL_ARB_texture_storage
    GL_ARB_texture_view
    GL_ARB_framebuffer_no_attachments
    GL_ARB_invalidate_subdata
    GL_ARB_texture_storage_multisample
    GL_ARB_multi_bind
    GL_ARB_direct_state_access
    GL_ARB_get_texture_sub_image
    GL_ARB_texture_filter_anisotropic
    GL_KHR_debug
    GL_KHR_parallel_shader_compile
    GL_NV_depth_buffer_float
Using driver workarounds:
    no-forward-compatible-core-context
    nv-egl-incorrect-gl11-function-pointers
    no-layout-qualifiers-on-old-glsl
    nv-zero-context-profile-mask
    nv-implementation-color-read-format-dsa-broken
    nv-cubemap-inconsistent-compressed-image-size
    nv-cubemap-broken-full-compressed-image-query
    nv-compressed-block-size-in-bits
[19:39:00:574009]:[Warning]:[Scene] SemanticScene.h(331)::checkFileExists : ::loadSemanticSceneDescriptor: File `data/scene_datasets/habitat-test-scenes/skokloster-castle.scn` does not exist.  Aborting load.
[19:39:00:574026]:[Warning]:[Scene] SemanticScene.cpp(123)::loadSemanticSceneDescriptor : SSD File Naming Issue! Neither SemanticAttributes-provided name : `data/scene_datasets/habitat-test-scenes/skokloster-castle.scn` nor constructed filename : `data/scene_datasets/habitat-test-scenes/info_semantic.json` exist on disk.
[19:39:00:574031]:[Error]:[Scene] SemanticScene.cpp(139)::loadSemanticSceneDescriptor : SSD Load Failure! File with SemanticAttributes-provided name `data/scene_datasets/habitat-test-scenes/skokloster-castle.scn` exists but failed to load.
[19:39:01:178313]:[Warning]:[Sim] Simulator.cpp(595)::instanceStageForSceneAttributes : The active scene does not contain semantic annotations : activeSemanticSceneID_ = 0
2026-08-11 19:39:02,188 update: 5090	fps: 493.800	
2026-08-11 19:39:02,188 Num updates: 5090	Num frames 814400
2026-08-11 19:39:02,188 Average window size: 50  distance_to_goal: 0.188  distance_to_goal_reward: 0.000  reward: 5.133  spl: 0.771  success: 0.914
2026-08-11 19:39:02,188 	Perf Stats: trainer.rollout_collect: 0.286 trainer.sample_action: 0.003 trainer.obs_insert: 0.000 trainer.step_env: 0.005 trainer.update_stats: 0.001 trainer.update_agent: 0.035
2026-08-11 19:39:05,506 update: 5100	fps: 493.776	
2026-08-11 19:39:05,507 Num updates: 5100	Num frames 816000
2026-08-11 19:39:05,507 Average window size: 50  distance_to_goal: 0.223  distance_to_goal_reward: 0.000  reward: 5.424  spl: 0.765  success: 0.906
2026-08-11 19:39:05,507 	Perf Stats: trainer.rollout_collect: 0.286 trainer.sample_action: 0.003 trainer.obs_insert: 0.000 trainer.step_env: 0.005 trainer.update_stats: 0.001 trainer.update_agent: 0.035
2026-08-11 19:39:08,715 update: 5110	fps: 493.786	
2026-08-11 19:39:08,716 Num updates: 5110	Num frames 817600
2026-08-11 19:39:08,716 Average window size: 50  distance_to_goal: 0.269  distance_to_goal_reward: 0.000  reward: 5.598  spl: 0.764  success: 0.911
2026-08-11 19:39:08,716 	Perf Stats: trainer.rollout_collect: 0.286 trainer.sample_action: 0.003 trainer.obs_insert: 0.000 trainer.step_env: 0.005 trainer.update_stats: 0.001 trainer.update_agent: 0.035
2026-08-11 19:39:11,883 update: 5120	fps: 493.807	
2026-08-11 19:39:11,883 Num updates: 5120	Num frames 819200
2026-08-11 19:39:11,883 Average window size: 50  distance_to_goal: 0.289  distance_to_goal_reward: 0.000  reward: 5.822  spl: 0.748  success: 0.905
2026-08-11 19:39:11,883 	Perf Stats: trainer.rollout_collect: 0.286 trainer.sample_action: 0.003 trainer.obs_insert: 0.000 trainer.step_env: 0.005 trainer.update_stats: 0.001 trainer.update_agent: 0.035
2026-08-11 19:39:15,077 update: 5130	fps: 493.821	
2026-08-11 19:39:15,077 Num updates: 5130	Num frames 820800
2026-08-11 19:39:15,077 Average window size: 50  distance_to_goal: 0.525  distance_to_goal_reward: 0.000  reward: 5.867  spl: 0.735  success: 0.889
2026-08-11 19:39:15,077 	Perf Stats: trainer.rollout_collect: 0.286 trainer.sample_action: 0.003 trainer.obs_insert: 0.000 trainer.step_env: 0.005 trainer.update_stats: 0.001 trainer.update_agent: 0.035
2026-08-11 19:39:18,270 update: 5140	fps: 493.835	
2026-08-11 19:39:18,270 Num updates: 5140	Num frames 822400
2026-08-11 19:39:18,270 Average window size: 50  distance_to_goal: 0.521  distance_to_goal_reward: 0.000  reward: 5.874  spl: 0.747  success: 0.902
2026-08-11 19:39:18,270 	Perf Stats: trainer.rollout_collect: 0.286 trainer.sample_action: 0.003 trainer.obs_insert: 0.000 trainer.step_env: 0.005 trainer.update_stats: 0.001 trainer.update_agent: 0.035
2026-08-11 19:39:21,444 update: 5150	fps: 493.854	
2026-08-11 19:39:21,444 Num updates: 5150	Num frames 824000
2026-08-11 19:39:21,444 Average window size: 50  distance_to_goal: 0.585  distance_to_goal_reward: 0.000  reward: 5.323  spl: 0.731  success: 0.890
2026-08-11 19:39:21,444 	Perf Stats: trainer.rollout_collect: 0.286 trainer.sample_action: 0.003 trainer.obs_insert: 0.000 trainer.step_env: 0.005 trainer.update_stats: 0.001 trainer.update_agent: 0.035
2026-08-11 19:39:24,648 update: 5160	fps: 493.865	
2026-08-11 19:39:24,649 Num updates: 5160	Num frames 825600
2026-08-11 19:39:24,649 Average window size: 50  distance_to_goal: 0.833  distance_to_goal_reward: 0.001  reward: 5.035  spl: 0.716  success: 0.877
2026-08-11 19:39:24,649 	Perf Stats: trainer.rollout_collect: 0.286 trainer.sample_action: 0.003 trainer.obs_insert: 0.000 trainer.step_env: 0.005 trainer.update_stats: 0.001 trainer.update_agent: 0.035
2026-08-11 19:39:27,843 update: 5170	fps: 493.878	
2026-08-11 19:39:27,844 Num updates: 5170	Num frames 827200
2026-08-11 19:39:27,844 Average window size: 50  distance_to_goal: 1.026  distance_to_goal_reward: 0.001  reward: 5.034  spl: 0.708  success: 0.859
2026-08-11 19:39:27,844 	Perf Stats: trainer.rollout_collect: 0.286 trainer.sample_action: 0.003 trainer.obs_insert: 0.000 trainer.step_env: 0.005 trainer.update_stats: 0.001 trainer.update_agent: 0.035
2026-08-11 19:39:31,014 update: 5180	fps: 493.898	
2026-08-11 19:39:31,014 Num updates: 5180	Num frames 828800
2026-08-11 19:39:31,014 Average window size: 50  distance_to_goal: 0.899  distance_to_goal_reward: 0.001  reward: 5.009  spl: 0.712  success: 0.867
2026-08-11 19:39:31,014 	Perf Stats: trainer.rollout_collect: 0.286 trainer.sample_action: 0.003 trainer.obs_insert: 0.000 trainer.step_env: 0.005 trainer.update_stats: 0.001 trainer.update_agent: 0.035
2026-08-11 19:39:34,202 update: 5190	fps: 493.916	
2026-08-11 19:39:34,202 Num updates: 5190	Num frames 830400
2026-08-11 19:39:34,202 Average window size: 50  distance_to_goal: 1.063  distance_to_goal_reward: 0.001  reward: 5.421  spl: 0.712  success: 0.867
2026-08-11 19:39:34,202 	Perf Stats: trainer.rollout_collect: 0.286 trainer.sample_action: 0.003 trainer.obs_insert: 0.000 trainer.step_env: 0.005 trainer.update_stats: 0.001 trainer.update_agent: 0.035
PluginManager::Manager: duplicate static plugin StbImageImporter, ignoring
PluginManager::Manager: duplicate static plugin GltfImporter, ignoring
PluginManager::Manager: duplicate static plugin BasisImporter, ignoring
PluginManager::Manager: duplicate static plugin AssimpImporter, ignoring
PluginManager::Manager: duplicate static plugin AnySceneImporter, ignoring
PluginManager::Manager: duplicate static plugin AnyImageImporter, ignoring
Renderer: NVIDIA GeForce RTX 4070/PCIe/SSE2 by NVIDIA Corporation
OpenGL version: 4.6.0 NVIDIA 580.173.02
Using optional features:
    GL_ARB_vertex_array_object
    GL_ARB_separate_shader_objects
    GL_ARB_robustness
    GL_ARB_texture_storage
    GL_ARB_texture_view
    GL_ARB_framebuffer_no_attachments
    GL_ARB_invalidate_subdata
    GL_ARB_texture_storage_multisample
    GL_ARB_multi_bind
    GL_ARB_direct_state_access
    GL_ARB_get_texture_sub_image
    GL_ARB_texture_filter_anisotropic
    GL_KHR_debug
    GL_KHR_parallel_shader_compile
    GL_NV_depth_buffer_float
Using driver workarounds:
    no-forward-compatible-core-context
    nv-egl-incorrect-gl11-function-pointers
    no-layout-qualifiers-on-old-glsl
    nv-zero-context-profile-mask
    nv-implementation-color-read-format-dsa-broken
    nv-cubemap-inconsistent-compressed-image-size
    nv-cubemap-broken-full-compressed-image-query
    nv-compressed-block-size-in-bits
[19:39:35:347740]:[Warning]:[Scene] SemanticScene.h(331)::checkFileExists : ::loadSemanticSceneDescriptor: File `data/scene_datasets/habitat-test-scenes/van-gogh-room.scn` does not exist.  Aborting load.
[19:39:35:347755]:[Warning]:[Scene] SemanticScene.cpp(123)::loadSemanticSceneDescriptor : SSD File Naming Issue! Neither SemanticAttributes-provided name : `data/scene_datasets/habitat-test-scenes/van-gogh-room.scn` nor constructed filename : `data/scene_datasets/habitat-test-scenes/info_semantic.json` exist on disk.
[19:39:35:347760]:[Error]:[Scene] SemanticScene.cpp(139)::loadSemanticSceneDescriptor : SSD Load Failure! File with SemanticAttributes-provided name `data/scene_datasets/habitat-test-scenes/van-gogh-room.scn` exists but failed to load.
[19:39:35:786656]:[Warning]:[Sim] Simulator.cpp(595)::instanceStageForSceneAttributes : The active scene does not contain semantic annotations : activeSemanticSceneID_ = 0
2026-08-11 19:39:37,896 update: 5200	fps: 493.780	
2026-08-11 19:39:37,897 Num updates: 5200	Num frames 832000
2026-08-11 19:39:37,897 Average window size: 50  distance_to_goal: 1.027  distance_to_goal_reward: 0.001  reward: 5.358  spl: 0.712  success: 0.859
2026-08-11 19:39:37,897 	Perf Stats: trainer.rollout_collect: 0.286 trainer.sample_action: 0.003 trainer.obs_insert: 0.000 trainer.step_env: 0.005 trainer.update_stats: 0.001 trainer.update_agent: 0.035
2026-08-11 19:39:41,007 update: 5210	fps: 493.818	
2026-08-11 19:39:41,007 Num updates: 5210	Num frames 833600
2026-08-11 19:39:41,007 Average window size: 50  distance_to_goal: 1.036  distance_to_goal_reward: 0.000  reward: 5.055  spl: 0.729  success: 0.871
2026-08-11 19:39:41,007 	Perf Stats: trainer.rollout_collect: 0.286 trainer.sample_action: 0.003 trainer.obs_insert: 0.000 trainer.step_env: 0.005 trainer.update_stats: 0.001 trainer.update_agent: 0.035
2026-08-11 19:39:44,143 update: 5220	fps: 493.849	
2026-08-11 19:39:44,143 Num updates: 5220	Num frames 835200
2026-08-11 19:39:44,143 Average window size: 50  distance_to_goal: 0.773  distance_to_goal_reward: 0.000  reward: 5.040  spl: 0.735  success: 0.880
2026-08-11 19:39:44,143 	Perf Stats: trainer.rollout_collect: 0.286 trainer.sample_action: 0.003 trainer.obs_insert: 0.000 trainer.step_env: 0.005 trainer.update_stats: 0.001 trainer.update_agent: 0.035
2026-08-11 19:39:47,288 update: 5230	fps: 493.876	
2026-08-11 19:39:47,289 Num updates: 5230	Num frames 836800
2026-08-11 19:39:47,289 Average window size: 50  distance_to_goal: 0.699  distance_to_goal_reward: 0.000  reward: 4.934  spl: 0.720  success: 0.869
2026-08-11 19:39:47,289 	Perf Stats: trainer.rollout_collect: 0.286 trainer.sample_action: 0.003 trainer.obs_insert: 0.000 trainer.step_env: 0.005 trainer.update_stats: 0.001 trainer.update_agent: 0.035
2026-08-11 19:39:50,419 update: 5240	fps: 493.908	
2026-08-11 19:39:50,420 Num updates: 5240	Num frames 838400
2026-08-11 19:39:50,420 Average window size: 50  distance_to_goal: 0.624  distance_to_goal_reward: 0.000  reward: 4.348  spl: 0.710  success: 0.863
2026-08-11 19:39:50,420 	Perf Stats: trainer.rollout_collect: 0.286 trainer.sample_action: 0.003 trainer.obs_insert: 0.000 trainer.step_env: 0.005 trainer.update_stats: 0.001 trainer.update_agent: 0.035
2026-08-11 19:39:53,553 update: 5250	fps: 493.938	
2026-08-11 19:39:53,553 Num updates: 5250	Num frames 840000
2026-08-11 19:39:53,553 Average window size: 50  distance_to_goal: 0.776  distance_to_goal_reward: 0.000  reward: 4.227  spl: 0.693  success: 0.848
2026-08-11 19:39:53,553 	Perf Stats: trainer.rollout_collect: 0.286 trainer.sample_action: 0.003 trainer.obs_insert: 0.000 trainer.step_env: 0.005 trainer.update_stats: 0.001 trainer.update_agent: 0.035
2026-08-11 19:39:56,696 update: 5260	fps: 493.966	
2026-08-11 19:39:56,696 Num updates: 5260	Num frames 841600
2026-08-11 19:39:56,696 Average window size: 50  distance_to_goal: 0.484  distance_to_goal_reward: 0.000  reward: 4.721  spl: 0.712  success: 0.881
2026-08-11 19:39:56,696 	Perf Stats: trainer.rollout_collect: 0.286 trainer.sample_action: 0.003 trainer.obs_insert: 0.000 trainer.step_env: 0.005 trainer.update_stats: 0.001 trainer.update_agent: 0.035
2026-08-11 19:39:59,836 update: 5270	fps: 493.995	
2026-08-11 19:39:59,836 Num updates: 5270	Num frames 843200
2026-08-11 19:39:59,836 Average window size: 50  distance_to_goal: 0.653  distance_to_goal_reward: 0.000  reward: 4.501  spl: 0.710  success: 0.880
2026-08-11 19:39:59,836 	Perf Stats: trainer.rollout_collect: 0.286 trainer.sample_action: 0.003 trainer.obs_insert: 0.000 trainer.step_env: 0.005 trainer.update_stats: 0.001 trainer.update_agent: 0.035
2026-08-11 19:40:02,963 update: 5280	fps: 494.027	
2026-08-11 19:40:02,963 Num updates: 5280	Num frames 844800
2026-08-11 19:40:02,964 Average window size: 50  distance_to_goal: 0.627  distance_to_goal_reward: 0.000  reward: 4.470  spl: 0.735  success: 0.897
2026-08-11 19:40:02,964 	Perf Stats: trainer.rollout_collect: 0.286 trainer.sample_action: 0.003 trainer.obs_insert: 0.000 trainer.step_env: 0.005 trainer.update_stats: 0.001 trainer.update_agent: 0.035
2026-08-11 19:40:06,119 update: 5290	fps: 494.051	
2026-08-11 19:40:06,120 Num updates: 5290	Num frames 846400
2026-08-11 19:40:06,120 Average window size: 50  distance_to_goal: 0.765  distance_to_goal_reward: 0.000  reward: 4.382  spl: 0.743  success: 0.909
2026-08-11 19:40:06,120 	Perf Stats: trainer.rollout_collect: 0.286 trainer.sample_action: 0.003 trainer.obs_insert: 0.000 trainer.step_env: 0.005 trainer.update_stats: 0.001 trainer.update_agent: 0.035
2026-08-11 19:40:09,366 update: 5300	fps: 494.049	
2026-08-11 19:40:09,366 Num updates: 5300	Num frames 848000
2026-08-11 19:40:09,366 Average window size: 50  distance_to_goal: 0.677  distance_to_goal_reward: 0.000  reward: 4.568  spl: 0.758  success: 0.920
2026-08-11 19:40:09,366 	Perf Stats: trainer.rollout_collect: 0.286 trainer.sample_action: 0.003 trainer.obs_insert: 0.000 trainer.step_env: 0.005 trainer.update_stats: 0.001 trainer.update_agent: 0.035
2026-08-11 19:40:12,476 update: 5310	fps: 494.086	
2026-08-11 19:40:12,476 Num updates: 5310	Num frames 849600
2026-08-11 19:40:12,476 Average window size: 50  distance_to_goal: 0.740  distance_to_goal_reward: 0.000  reward: 4.507  spl: 0.746  success: 0.901
2026-08-11 19:40:12,476 	Perf Stats: trainer.rollout_collect: 0.286 trainer.sample_action: 0.003 trainer.obs_insert: 0.000 trainer.step_env: 0.005 trainer.update_stats: 0.001 trainer.update_agent: 0.035
2026-08-11 19:40:15,591 update: 5320	fps: 494.121	
2026-08-11 19:40:15,591 Num updates: 5320	Num frames 851200
2026-08-11 19:40:15,591 Average window size: 50  distance_to_goal: 0.623  distance_to_goal_reward: 0.000  reward: 4.519  spl: 0.730  success: 0.896
2026-08-11 19:40:15,591 	Perf Stats: trainer.rollout_collect: 0.286 trainer.sample_action: 0.003 trainer.obs_insert: 0.000 trainer.step_env: 0.005 trainer.update_stats: 0.001 trainer.update_agent: 0.035
PluginManager::Manager: duplicate static plugin StbImageImporter, ignoring
PluginManager::Manager: duplicate static plugin GltfImporter, ignoring
PluginManager::Manager: duplicate static plugin BasisImporter, ignoring
PluginManager::Manager: duplicate static plugin AssimpImporter, ignoring
PluginManager::Manager: duplicate static plugin AnySceneImporter, ignoring
PluginManager::Manager: duplicate static plugin AnyImageImporter, ignoring
Renderer: NVIDIA GeForce RTX 4070/PCIe/SSE2 by NVIDIA Corporation
OpenGL version: 4.6.0 NVIDIA 580.173.02
Using optional features:
    GL_ARB_vertex_array_object
    GL_ARB_separate_shader_objects
    GL_ARB_robustness
    GL_ARB_texture_storage
    GL_ARB_texture_view
    GL_ARB_framebuffer_no_attachments
    GL_ARB_invalidate_subdata
    GL_ARB_texture_storage_multisample
    GL_ARB_multi_bind
    GL_ARB_direct_state_access
    GL_ARB_get_texture_sub_image
    GL_ARB_texture_filter_anisotropic
    GL_KHR_debug
    GL_KHR_parallel_shader_compile
    GL_NV_depth_buffer_float
Using driver workarounds:
    no-forward-compatible-core-context
    nv-egl-incorrect-gl11-function-pointers
    no-layout-qualifiers-on-old-glsl
    nv-zero-context-profile-mask
    nv-implementation-color-read-format-dsa-broken
    nv-cubemap-inconsistent-compressed-image-size
    nv-cubemap-broken-full-compressed-image-query
    nv-compressed-block-size-in-bits
[19:40:17:833627]:[Warning]:[Scene] SemanticScene.h(331)::checkFileExists : ::loadSemanticSceneDescriptor: File `data/scene_datasets/habitat-test-scenes/skokloster-castle.scn` does not exist.  Aborting load.
[19:40:17:833643]:[Warning]:[Scene] SemanticScene.cpp(123)::loadSemanticSceneDescriptor : SSD File Naming Issue! Neither SemanticAttributes-provided name : `data/scene_datasets/habitat-test-scenes/skokloster-castle.scn` nor constructed filename : `data/scene_datasets/habitat-test-scenes/info_semantic.json` exist on disk.
[19:40:17:833648]:[Error]:[Scene] SemanticScene.cpp(139)::loadSemanticSceneDescriptor : SSD Load Failure! File with SemanticAttributes-provided name `data/scene_datasets/habitat-test-scenes/skokloster-castle.scn` exists but failed to load.
[19:40:18:436864]:[Warning]:[Sim] Simulator.cpp(595)::instanceStageForSceneAttributes : The active scene does not contain semantic annotations : activeSemanticSceneID_ = 0
2026-08-11 19:40:19,367 update: 5330	fps: 493.967	
2026-08-11 19:40:19,367 Num updates: 5330	Num frames 852800
2026-08-11 19:40:19,367 Average window size: 50  distance_to_goal: 0.692  distance_to_goal_reward: 0.000  reward: 4.614  spl: 0.711  success: 0.879
2026-08-11 19:40:19,367 	Perf Stats: trainer.rollout_collect: 0.286 trainer.sample_action: 0.003 trainer.obs_insert: 0.000 trainer.step_env: 0.005 trainer.update_stats: 0.001 trainer.update_agent: 0.035
2026-08-11 19:40:22,554 update: 5340	fps: 493.982	
2026-08-11 19:40:22,554 Num updates: 5340	Num frames 854400
2026-08-11 19:40:22,554 Average window size: 50  distance_to_goal: 0.569  distance_to_goal_reward: 0.000  reward: 5.012  spl: 0.698  success: 0.878
2026-08-11 19:40:22,554 	Perf Stats: trainer.rollout_collect: 0.286 trainer.sample_action: 0.003 trainer.obs_insert: 0.000 trainer.step_env: 0.005 trainer.update_stats: 0.001 trainer.update_agent: 0.035
2026-08-11 19:40:25,758 update: 5350	fps: 493.992	
2026-08-11 19:40:25,758 Num updates: 5350	Num frames 856000
2026-08-11 19:40:25,758 Average window size: 50  distance_to_goal: 0.649  distance_to_goal_reward: 0.000  reward: 4.878  spl: 0.701  success: 0.896
2026-08-11 19:40:25,758 	Perf Stats: trainer.rollout_collect: 0.286 trainer.sample_action: 0.003 trainer.obs_insert: 0.000 trainer.step_env: 0.005 trainer.update_stats: 0.001 trainer.update_agent: 0.035
2026-08-11 19:40:28,930 update: 5360	fps: 494.011	
2026-08-11 19:40:28,930 Num updates: 5360	Num frames 857600
2026-08-11 19:40:28,930 Average window size: 50  distance_to_goal: 0.763  distance_to_goal_reward: 0.000  reward: 4.869  spl: 0.694  success: 0.873
2026-08-11 19:40:28,930 	Perf Stats: trainer.rollout_collect: 0.286 trainer.sample_action: 0.003 trainer.obs_insert: 0.000 trainer.step_env: 0.005 trainer.update_stats: 0.001 trainer.update_agent: 0.035
PluginManager::Manager: duplicate static plugin StbImageImporter, ignoring
PluginManager::Manager: duplicate static plugin GltfImporter, ignoring
PluginManager::Manager: duplicate static plugin BasisImporter, ignoring
PluginManager::Manager: duplicate static plugin AssimpImporter, ignoring
PluginManager::Manager: duplicate static plugin AnySceneImporter, ignoring
PluginManager::Manager: duplicate static plugin AnyImageImporter, ignoring
Renderer: NVIDIA GeForce RTX 4070/PCIe/SSE2 by NVIDIA Corporation
OpenGL version: 4.6.0 NVIDIA 580.173.02
Using optional features:
    GL_ARB_vertex_array_object
    GL_ARB_separate_shader_objects
    GL_ARB_robustness
    GL_ARB_texture_storage
    GL_ARB_texture_view
    GL_ARB_framebuffer_no_attachments
    GL_ARB_invalidate_subdata
    GL_ARB_texture_storage_multisample
    GL_ARB_multi_bind
    GL_ARB_direct_state_access
    GL_ARB_get_texture_sub_image
    GL_ARB_texture_filter_anisotropic
    GL_KHR_debug
    GL_KHR_parallel_shader_compile
    GL_NV_depth_buffer_float
Using driver workarounds:
    no-forward-compatible-core-context
    nv-egl-incorrect-gl11-function-pointers
    no-layout-qualifiers-on-old-glsl
    nv-zero-context-profile-mask
    nv-implementation-color-read-format-dsa-broken
    nv-cubemap-inconsistent-compressed-image-size
    nv-cubemap-broken-full-compressed-image-query
    nv-compressed-block-size-in-bits
[19:40:29:366697]:[Warning]:[Scene] SemanticScene.h(331)::checkFileExists : ::loadSemanticSceneDescriptor: File `data/scene_datasets/habitat-test-scenes/van-gogh-room.scn` does not exist.  Aborting load.
[19:40:29:366712]:[Warning]:[Scene] SemanticScene.cpp(123)::loadSemanticSceneDescriptor : SSD File Naming Issue! Neither SemanticAttributes-provided name : `data/scene_datasets/habitat-test-scenes/van-gogh-room.scn` nor constructed filename : `data/scene_datasets/habitat-test-scenes/info_semantic.json` exist on disk.
[19:40:29:366717]:[Error]:[Scene] SemanticScene.cpp(139)::loadSemanticSceneDescriptor : SSD Load Failure! File with SemanticAttributes-provided name `data/scene_datasets/habitat-test-scenes/van-gogh-room.scn` exists but failed to load.
[19:40:29:795784]:[Warning]:[Sim] Simulator.cpp(595)::instanceStageForSceneAttributes : The active scene does not contain semantic annotations : activeSemanticSceneID_ = 0
2026-08-11 19:40:32,516 update: 5370	fps: 493.912	
2026-08-11 19:40:32,516 Num updates: 5370	Num frames 859200
2026-08-11 19:40:32,516 Average window size: 50  distance_to_goal: 0.708  distance_to_goal_reward: 0.000  reward: 5.144  spl: 0.713  success: 0.887
2026-08-11 19:40:32,516 	Perf Stats: trainer.rollout_collect: 0.286 trainer.sample_action: 0.003 trainer.obs_insert: 0.000 trainer.step_env: 0.005 trainer.update_stats: 0.001 trainer.update_agent: 0.035
2026-08-11 19:40:35,662 update: 5380	fps: 493.939	
2026-08-11 19:40:35,662 Num updates: 5380	Num frames 860800
2026-08-11 19:40:35,662 Average window size: 50  distance_to_goal: 0.831  distance_to_goal_reward: 0.000  reward: 5.050  spl: 0.715  success: 0.885
2026-08-11 19:40:35,662 	Perf Stats: trainer.rollout_collect: 0.286 trainer.sample_action: 0.003 trainer.obs_insert: 0.000 trainer.step_env: 0.005 trainer.update_stats: 0.001 trainer.update_agent: 0.035
2026-08-11 19:40:38,827 update: 5390	fps: 493.960	
2026-08-11 19:40:38,827 Num updates: 5390	Num frames 862400
2026-08-11 19:40:38,828 Average window size: 50  distance_to_goal: 0.662  distance_to_goal_reward: 0.000  reward: 4.844  spl: 0.744  success: 0.892
2026-08-11 19:40:38,828 	Perf Stats: trainer.rollout_collect: 0.286 trainer.sample_action: 0.003 trainer.obs_insert: 0.000 trainer.step_env: 0.005 trainer.update_stats: 0.001 trainer.update_agent: 0.035
PluginManager::Manager: duplicate static plugin StbImageImporter, ignoring
PluginManager::Manager: duplicate static plugin GltfImporter, ignoring
PluginManager::Manager: duplicate static plugin BasisImporter, ignoring
PluginManager::Manager: duplicate static plugin AssimpImporter, ignoring
PluginManager::Manager: duplicate static plugin AnySceneImporter, ignoring
PluginManager::Manager: duplicate static plugin AnyImageImporter, ignoring
Renderer: NVIDIA GeForce RTX 4070/PCIe/SSE2 by NVIDIA Corporation
OpenGL version: 4.6.0 NVIDIA 580.173.02
Using optional features:
    GL_ARB_vertex_array_object
    GL_ARB_separate_shader_objects
    GL_ARB_robustness
    GL_ARB_texture_storage
    GL_ARB_texture_view
    GL_ARB_framebuffer_no_attachments
    GL_ARB_invalidate_subdata
    GL_ARB_texture_storage_multisample
    GL_ARB_multi_bind
    GL_ARB_direct_state_access
    GL_ARB_get_texture_sub_image
    GL_ARB_texture_filter_anisotropic
    GL_KHR_debug
    GL_KHR_parallel_shader_compile
    GL_NV_depth_buffer_float
Using driver workarounds:
    no-forward-compatible-core-context
    nv-egl-incorrect-gl11-function-pointers
    no-layout-qualifiers-on-old-glsl
    nv-zero-context-profile-mask
    nv-implementation-color-read-format-dsa-broken
    nv-cubemap-inconsistent-compressed-image-size
    nv-cubemap-broken-full-compressed-image-query
    nv-compressed-block-size-in-bits
[19:40:38:854248]:[Warning]:[Scene] SemanticScene.h(331)::checkFileExists : ::loadSemanticSceneDescriptor: File `data/scene_datasets/habitat-test-scenes/van-gogh-room.scn` does not exist.  Aborting load.
[19:40:38:854264]:[Warning]:[Scene] SemanticScene.cpp(123)::loadSemanticSceneDescriptor : SSD File Naming Issue! Neither SemanticAttributes-provided name : `data/scene_datasets/habitat-test-scenes/van-gogh-room.scn` nor constructed filename : `data/scene_datasets/habitat-test-scenes/info_semantic.json` exist on disk.
[19:40:38:854269]:[Error]:[Scene] SemanticScene.cpp(139)::loadSemanticSceneDescriptor : SSD Load Failure! File with SemanticAttributes-provided name `data/scene_datasets/habitat-test-scenes/van-gogh-room.scn` exists but failed to load.
[19:40:39:320450]:[Warning]:[Sim] Simulator.cpp(595)::instanceStageForSceneAttributes : The active scene does not contain semantic annotations : activeSemanticSceneID_ = 0
2026-08-11 19:40:42,512 update: 5400	fps: 493.834	
2026-08-11 19:40:42,512 Num updates: 5400	Num frames 864000
2026-08-11 19:40:42,512 Average window size: 50  distance_to_goal: 0.534  distance_to_goal_reward: 0.000  reward: 4.593  spl: 0.760  success: 0.908
2026-08-11 19:40:42,512 	Perf Stats: trainer.rollout_collect: 0.286 trainer.sample_action: 0.003 trainer.obs_insert: 0.000 trainer.step_env: 0.005 trainer.update_stats: 0.001 trainer.update_agent: 0.035
2026-08-11 19:40:45,614 update: 5410	fps: 493.875	
2026-08-11 19:40:45,614 Num updates: 5410	Num frames 865600
2026-08-11 19:40:45,614 Average window size: 50  distance_to_goal: 0.472  distance_to_goal_reward: 0.000  reward: 4.028  spl: 0.757  success: 0.915
2026-08-11 19:40:45,614 	Perf Stats: trainer.rollout_collect: 0.286 trainer.sample_action: 0.003 trainer.obs_insert: 0.000 trainer.step_env: 0.005 trainer.update_stats: 0.001 trainer.update_agent: 0.035
2026-08-11 19:40:48,706 update: 5420	fps: 493.914	
2026-08-11 19:40:48,706 Num updates: 5420	Num frames 867200
2026-08-11 19:40:48,706 Average window size: 50  distance_to_goal: 0.421  distance_to_goal_reward: 0.000  reward: 4.067  spl: 0.766  success: 0.926
2026-08-11 19:40:48,707 	Perf Stats: trainer.rollout_collect: 0.286 trainer.sample_action: 0.003 trainer.obs_insert: 0.000 trainer.step_env: 0.005 trainer.update_stats: 0.001 trainer.update_agent: 0.035
PluginManager::Manager: duplicate static plugin StbImageImporter, ignoring
PluginManager::Manager: duplicate static plugin GltfImporter, ignoring
PluginManager::Manager: duplicate static plugin BasisImporter, ignoring
PluginManager::Manager: duplicate static plugin AssimpImporter, ignoring
PluginManager::Manager: duplicate static plugin AnySceneImporter, ignoring
PluginManager::Manager: duplicate static plugin AnyImageImporter, ignoring
Renderer: NVIDIA GeForce RTX 4070/PCIe/SSE2 by NVIDIA Corporation
OpenGL version: 4.6.0 NVIDIA 580.173.02
Using optional features:
    GL_ARB_vertex_array_object
    GL_ARB_separate_shader_objects
    GL_ARB_robustness
    GL_ARB_texture_storage
    GL_ARB_texture_view
    GL_ARB_framebuffer_no_attachments
    GL_ARB_invalidate_subdata
    GL_ARB_texture_storage_multisample
    GL_ARB_multi_bind
    GL_ARB_direct_state_access
    GL_ARB_get_texture_sub_image
    GL_ARB_texture_filter_anisotropic
    GL_KHR_debug
    GL_KHR_parallel_shader_compile
    GL_NV_depth_buffer_float
Using driver workarounds:
    no-forward-compatible-core-context
    nv-egl-incorrect-gl11-function-pointers
    no-layout-qualifiers-on-old-glsl
    nv-zero-context-profile-mask
    nv-implementation-color-read-format-dsa-broken
    nv-cubemap-inconsistent-compressed-image-size
    nv-cubemap-broken-full-compressed-image-query
    nv-compressed-block-size-in-bits
[19:40:51:577527]:[Warning]:[Scene] SemanticScene.h(331)::checkFileExists : ::loadSemanticSceneDescriptor: File `data/scene_datasets/habitat-test-scenes/van-gogh-room.scn` does not exist.  Aborting load.
[19:40:51:577543]:[Warning]:[Scene] SemanticScene.cpp(123)::loadSemanticSceneDescriptor : SSD File Naming Issue! Neither SemanticAttributes-provided name : `data/scene_datasets/habitat-test-scenes/van-gogh-room.scn` nor constructed filename : `data/scene_datasets/habitat-test-scenes/info_semantic.json` exist on disk.
[19:40:51:577548]:[Error]:[Scene] SemanticScene.cpp(139)::loadSemanticSceneDescriptor : SSD Load Failure! File with SemanticAttributes-provided name `data/scene_datasets/habitat-test-scenes/van-gogh-room.scn` exists but failed to load.
[19:40:52:018635]:[Warning]:[Sim] Simulator.cpp(595)::instanceStageForSceneAttributes : The active scene does not contain semantic annotations : activeSemanticSceneID_ = 0
2026-08-11 19:40:52,266 update: 5430	fps: 493.824	
2026-08-11 19:40:52,266 Num updates: 5430	Num frames 868800
2026-08-11 19:40:52,266 Average window size: 50  distance_to_goal: 0.526  distance_to_goal_reward: 0.000  reward: 3.990  spl: 0.756  success: 0.917
2026-08-11 19:40:52,266 	Perf Stats: trainer.rollout_collect: 0.286 trainer.sample_action: 0.003 trainer.obs_insert: 0.000 trainer.step_env: 0.005 trainer.update_stats: 0.001 trainer.update_agent: 0.035
2026-08-11 19:40:55,331 update: 5440	fps: 493.873	
2026-08-11 19:40:55,331 Num updates: 5440	Num frames 870400
2026-08-11 19:40:55,331 Average window size: 50  distance_to_goal: 0.484  distance_to_goal_reward: 0.000  reward: 3.968  spl: 0.765  success: 0.930
2026-08-11 19:40:55,331 	Perf Stats: trainer.rollout_collect: 0.286 trainer.sample_action: 0.003 trainer.obs_insert: 0.000 trainer.step_env: 0.005 trainer.update_stats: 0.001 trainer.update_agent: 0.035
2026-08-11 19:40:58,403 update: 5450	fps: 493.920	
2026-08-11 19:40:58,403 Num updates: 5450	Num frames 872000
2026-08-11 19:40:58,404 Average window size: 50  distance_to_goal: 0.420  distance_to_goal_reward: 0.000  reward: 3.892  spl: 0.757  success: 0.914
2026-08-11 19:40:58,404 	Perf Stats: trainer.rollout_collect: 0.286 trainer.sample_action: 0.003 trainer.obs_insert: 0.000 trainer.step_env: 0.005 trainer.update_stats: 0.001 trainer.update_agent: 0.035
2026-08-11 19:41:01,448 update: 5460	fps: 493.975	
2026-08-11 19:41:01,448 Num updates: 5460	Num frames 873600
2026-08-11 19:41:01,448 Average window size: 50  distance_to_goal: 0.446  distance_to_goal_reward: 0.000  reward: 3.836  spl: 0.757  success: 0.911
2026-08-11 19:41:01,448 	Perf Stats: trainer.rollout_collect: 0.286 trainer.sample_action: 0.003 trainer.obs_insert: 0.000 trainer.step_env: 0.005 trainer.update_stats: 0.001 trainer.update_agent: 0.035
2026-08-11 19:41:04,509 update: 5470	fps: 494.024	
2026-08-11 19:41:04,509 Num updates: 5470	Num frames 875200
2026-08-11 19:41:04,509 Average window size: 50  distance_to_goal: 0.314  distance_to_goal_reward: 0.000  reward: 4.008  spl: 0.770  success: 0.928
2026-08-11 19:41:04,509 	Perf Stats: trainer.rollout_collect: 0.286 trainer.sample_action: 0.003 trainer.obs_insert: 0.000 trainer.step_env: 0.005 trainer.update_stats: 0.001 trainer.update_agent: 0.035
2026-08-11 19:41:07,565 update: 5480	fps: 494.075	
2026-08-11 19:41:07,565 Num updates: 5480	Num frames 876800
2026-08-11 19:41:07,565 Average window size: 50  distance_to_goal: 0.209  distance_to_goal_reward: 0.000  reward: 4.080  spl: 0.773  success: 0.940
2026-08-11 19:41:07,565 	Perf Stats: trainer.rollout_collect: 0.286 trainer.sample_action: 0.003 trainer.obs_insert: 0.000 trainer.step_env: 0.005 trainer.update_stats: 0.001 trainer.update_agent: 0.035
2026-08-11 19:41:10,609 update: 5490	fps: 494.129	
2026-08-11 19:41:10,610 Num updates: 5490	Num frames 878400
2026-08-11 19:41:10,610 Average window size: 50  distance_to_goal: 0.158  distance_to_goal_reward: 0.000  reward: 4.190  spl: 0.769  success: 0.952
2026-08-11 19:41:10,610 	Perf Stats: trainer.rollout_collect: 0.286 trainer.sample_action: 0.003 trainer.obs_insert: 0.000 trainer.step_env: 0.005 trainer.update_stats: 0.001 trainer.update_agent: 0.035
2026-08-11 19:41:13,739 update: 5500	fps: 494.159	
2026-08-11 19:41:13,740 Num updates: 5500	Num frames 880000
2026-08-11 19:41:13,740 Average window size: 50  distance_to_goal: 0.153  distance_to_goal_reward: 0.000  reward: 4.276  spl: 0.783  success: 0.976
2026-08-11 19:41:13,740 	Perf Stats: trainer.rollout_collect: 0.286 trainer.sample_action: 0.003 trainer.obs_insert: 0.000 trainer.step_env: 0.005 trainer.update_stats: 0.001 trainer.update_agent: 0.035
2026-08-11 19:41:16,817 update: 5510	fps: 494.206	
2026-08-11 19:41:16,817 Num updates: 5510	Num frames 881600
2026-08-11 19:41:16,817 Average window size: 50  distance_to_goal: 0.117  distance_to_goal_reward: 0.000  reward: 4.272  spl: 0.789  success: 0.976
2026-08-11 19:41:16,817 	Perf Stats: trainer.rollout_collect: 0.286 trainer.sample_action: 0.003 trainer.obs_insert: 0.000 trainer.step_env: 0.005 trainer.update_stats: 0.001 trainer.update_agent: 0.035
2026-08-11 19:41:19,864 update: 5520	fps: 494.256	
2026-08-11 19:41:19,864 Num updates: 5520	Num frames 883200
2026-08-11 19:41:19,864 Average window size: 50  distance_to_goal: 0.216  distance_to_goal_reward: 0.000  reward: 4.236  spl: 0.790  success: 0.971
2026-08-11 19:41:19,864 	Perf Stats: trainer.rollout_collect: 0.286 trainer.sample_action: 0.003 trainer.obs_insert: 0.000 trainer.step_env: 0.005 trainer.update_stats: 0.001 trainer.update_agent: 0.035
2026-08-11 19:41:22,926 update: 5530	fps: 494.304	
2026-08-11 19:41:22,926 Num updates: 5530	Num frames 884800
2026-08-11 19:41:22,926 Average window size: 50  distance_to_goal: 0.215  distance_to_goal_reward: 0.000  reward: 4.116  spl: 0.810  success: 0.977
2026-08-11 19:41:22,926 	Perf Stats: trainer.rollout_collect: 0.286 trainer.sample_action: 0.003 trainer.obs_insert: 0.000 trainer.step_env: 0.005 trainer.update_stats: 0.001 trainer.update_agent: 0.035
2026-08-11 19:41:25,964 update: 5540	fps: 494.359	
2026-08-11 19:41:25,965 Num updates: 5540	Num frames 886400
2026-08-11 19:41:25,965 Average window size: 50  distance_to_goal: 0.283  distance_to_goal_reward: 0.000  reward: 3.944  spl: 0.802  success: 0.965
2026-08-11 19:41:25,965 	Perf Stats: trainer.rollout_collect: 0.286 trainer.sample_action: 0.003 trainer.obs_insert: 0.000 trainer.step_env: 0.005 trainer.update_stats: 0.001 trainer.update_agent: 0.035
2026-08-11 19:41:29,026 update: 5550	fps: 494.407	
2026-08-11 19:41:29,026 Num updates: 5550	Num frames 888000
2026-08-11 19:41:29,026 Average window size: 50  distance_to_goal: 0.331  distance_to_goal_reward: 0.000  reward: 3.854  spl: 0.784  success: 0.946
2026-08-11 19:41:29,026 	Perf Stats: trainer.rollout_collect: 0.286 trainer.sample_action: 0.003 trainer.obs_insert: 0.000 trainer.step_env: 0.005 trainer.update_stats: 0.001 trainer.update_agent: 0.035
2026-08-11 19:41:32,098 update: 5560	fps: 494.452	
2026-08-11 19:41:32,098 Num updates: 5560	Num frames 889600
2026-08-11 19:41:32,098 Average window size: 50  distance_to_goal: 0.226  distance_to_goal_reward: 0.000  reward: 3.936  spl: 0.790  success: 0.952
2026-08-11 19:41:32,098 	Perf Stats: trainer.rollout_collect: 0.286 trainer.sample_action: 0.003 trainer.obs_insert: 0.000 trainer.step_env: 0.005 trainer.update_stats: 0.001 trainer.update_agent: 0.035
PluginManager::Manager: duplicate static plugin StbImageImporter, ignoring
PluginManager::Manager: duplicate static plugin GltfImporter, ignoring
PluginManager::Manager: duplicate static plugin BasisImporter, ignoring
PluginManager::Manager: duplicate static plugin AssimpImporter, ignoring
PluginManager::Manager: duplicate static plugin AnySceneImporter, ignoring
PluginManager::Manager: duplicate static plugin AnyImageImporter, ignoring
Renderer: NVIDIA GeForce RTX 4070/PCIe/SSE2 by NVIDIA Corporation
OpenGL version: 4.6.0 NVIDIA 580.173.02
Using optional features:
    GL_ARB_vertex_array_object
    GL_ARB_separate_shader_objects
    GL_ARB_robustness
    GL_ARB_texture_storage
    GL_ARB_texture_view
    GL_ARB_framebuffer_no_attachments
    GL_ARB_invalidate_subdata
    GL_ARB_texture_storage_multisample
    GL_ARB_multi_bind
    GL_ARB_direct_state_access
    GL_ARB_get_texture_sub_image
    GL_ARB_texture_filter_anisotropic
    GL_KHR_debug
    GL_KHR_parallel_shader_compile
    GL_NV_depth_buffer_float
Using driver workarounds:
    no-forward-compatible-core-context
    nv-egl-incorrect-gl11-function-pointers
    no-layout-qualifiers-on-old-glsl
    nv-zero-context-profile-mask
    nv-implementation-color-read-format-dsa-broken
    nv-cubemap-inconsistent-compressed-image-size
    nv-cubemap-broken-full-compressed-image-query
    nv-compressed-block-size-in-bits
[19:41:32:340497]:[Warning]:[Scene] SemanticScene.h(331)::checkFileExists : ::loadSemanticSceneDescriptor: File `data/scene_datasets/habitat-test-scenes/skokloster-castle.scn` does not exist.  Aborting load.
[19:41:32:340512]:[Warning]:[Scene] SemanticScene.cpp(123)::loadSemanticSceneDescriptor : SSD File Naming Issue! Neither SemanticAttributes-provided name : `data/scene_datasets/habitat-test-scenes/skokloster-castle.scn` nor constructed filename : `data/scene_datasets/habitat-test-scenes/info_semantic.json` exist on disk.
[19:41:32:340517]:[Error]:[Scene] SemanticScene.cpp(139)::loadSemanticSceneDescriptor : SSD Load Failure! File with SemanticAttributes-provided name `data/scene_datasets/habitat-test-scenes/skokloster-castle.scn` exists but failed to load.
[19:41:32:963014]:[Warning]:[Sim] Simulator.cpp(595)::instanceStageForSceneAttributes : The active scene does not contain semantic annotations : activeSemanticSceneID_ = 0
2026-08-11 19:41:35,840 update: 5570	fps: 494.314	
2026-08-11 19:41:35,840 Num updates: 5570	Num frames 891200
2026-08-11 19:41:35,840 Average window size: 50  distance_to_goal: 0.282  distance_to_goal_reward: -0.000  reward: 3.856  spl: 0.786  success: 0.945
2026-08-11 19:41:35,840 	Perf Stats: trainer.rollout_collect: 0.286 trainer.sample_action: 0.003 trainer.obs_insert: 0.000 trainer.step_env: 0.005 trainer.update_stats: 0.001 trainer.update_agent: 0.035
2026-08-11 19:41:38,928 update: 5580	fps: 494.354	
2026-08-11 19:41:38,928 Num updates: 5580	Num frames 892800
2026-08-11 19:41:38,928 Average window size: 50  distance_to_goal: 0.343  distance_to_goal_reward: -0.000  reward: 3.791  spl: 0.773  success: 0.936
2026-08-11 19:41:38,928 	Perf Stats: trainer.rollout_collect: 0.286 trainer.sample_action: 0.003 trainer.obs_insert: 0.000 trainer.step_env: 0.005 trainer.update_stats: 0.001 trainer.update_agent: 0.035
2026-08-11 19:41:42,012 update: 5590	fps: 494.396	
2026-08-11 19:41:42,012 Num updates: 5590	Num frames 894400
2026-08-11 19:41:42,012 Average window size: 50  distance_to_goal: 0.294  distance_to_goal_reward: -0.000  reward: 3.958  spl: 0.784  success: 0.940
2026-08-11 19:41:42,012 	Perf Stats: trainer.rollout_collect: 0.286 trainer.sample_action: 0.003 trainer.obs_insert: 0.000 trainer.step_env: 0.005 trainer.update_stats: 0.001 trainer.update_agent: 0.035
2026-08-11 19:41:45,224 update: 5600	fps: 494.403	
2026-08-11 19:41:45,224 Num updates: 5600	Num frames 896000
2026-08-11 19:41:45,224 Average window size: 50  distance_to_goal: 0.355  distance_to_goal_reward: -0.000  reward: 4.052  spl: 0.801  success: 0.946
2026-08-11 19:41:45,224 	Perf Stats: trainer.rollout_collect: 0.286 trainer.sample_action: 0.003 trainer.obs_insert: 0.000 trainer.step_env: 0.005 trainer.update_stats: 0.001 trainer.update_agent: 0.035
2026-08-11 19:41:48,338 update: 5610	fps: 494.436	
2026-08-11 19:41:48,338 Num updates: 5610	Num frames 897600
2026-08-11 19:41:48,338 Average window size: 50  distance_to_goal: 0.374  distance_to_goal_reward: -0.000  reward: 4.250  spl: 0.768  success: 0.908
2026-08-11 19:41:48,338 	Perf Stats: trainer.rollout_collect: 0.286 trainer.sample_action: 0.003 trainer.obs_insert: 0.000 trainer.step_env: 0.005 trainer.update_stats: 0.001 trainer.update_agent: 0.035
2026-08-11 19:41:51,429 update: 5620	fps: 494.475	
2026-08-11 19:41:51,429 Num updates: 5620	Num frames 899200
2026-08-11 19:41:51,429 Average window size: 50  distance_to_goal: 0.319  distance_to_goal_reward: 0.000  reward: 4.389  spl: 0.766  success: 0.906
2026-08-11 19:41:51,429 	Perf Stats: trainer.rollout_collect: 0.286 trainer.sample_action: 0.003 trainer.obs_insert: 0.000 trainer.step_env: 0.005 trainer.update_stats: 0.001 trainer.update_agent: 0.035
2026-08-11 19:41:54,593 update: 5630	fps: 494.495	
2026-08-11 19:41:54,593 Num updates: 5630	Num frames 900800
2026-08-11 19:41:54,593 Average window size: 50  distance_to_goal: 0.258  distance_to_goal_reward: 0.000  reward: 4.546  spl: 0.770  success: 0.908
2026-08-11 19:41:54,593 	Perf Stats: trainer.rollout_collect: 0.286 trainer.sample_action: 0.003 trainer.obs_insert: 0.000 trainer.step_env: 0.005 trainer.update_stats: 0.001 trainer.update_agent: 0.035
2026-08-11 19:41:57,690 update: 5640	fps: 494.532	
2026-08-11 19:41:57,690 Num updates: 5640	Num frames 902400
2026-08-11 19:41:57,690 Average window size: 50  distance_to_goal: 0.334  distance_to_goal_reward: 0.000  reward: 4.464  spl: 0.762  success: 0.901
2026-08-11 19:41:57,690 	Perf Stats: trainer.rollout_collect: 0.286 trainer.sample_action: 0.003 trainer.obs_insert: 0.000 trainer.step_env: 0.005 trainer.update_stats: 0.001 trainer.update_agent: 0.035
2026-08-11 19:42:00,791 update: 5650	fps: 494.569	
2026-08-11 19:42:00,792 Num updates: 5650	Num frames 904000
2026-08-11 19:42:00,792 Average window size: 50  distance_to_goal: 0.275  distance_to_goal_reward: 0.000  reward: 4.570  spl: 0.778  success: 0.915
2026-08-11 19:42:00,792 	Perf Stats: trainer.rollout_collect: 0.286 trainer.sample_action: 0.003 trainer.obs_insert: 0.000 trainer.step_env: 0.005 trainer.update_stats: 0.001 trainer.update_agent: 0.035
2026-08-11 19:42:03,886 update: 5660	fps: 494.607	
2026-08-11 19:42:03,886 Num updates: 5660	Num frames 905600
2026-08-11 19:42:03,886 Average window size: 50  distance_to_goal: 0.274  distance_to_goal_reward: 0.000  reward: 4.337  spl: 0.790  success: 0.923
2026-08-11 19:42:03,886 	Perf Stats: trainer.rollout_collect: 0.286 trainer.sample_action: 0.003 trainer.obs_insert: 0.000 trainer.step_env: 0.005 trainer.update_stats: 0.001 trainer.update_agent: 0.035
PluginManager::Manager: duplicate static plugin StbImageImporter, ignoring
PluginManager::Manager: duplicate static plugin GltfImporter, ignoring
PluginManager::Manager: duplicate static plugin BasisImporter, ignoring
PluginManager::Manager: duplicate static plugin AssimpImporter, ignoring
PluginManager::Manager: duplicate static plugin AnySceneImporter, ignoring
PluginManager::Manager: duplicate static plugin AnyImageImporter, ignoring
Renderer: NVIDIA GeForce RTX 4070/PCIe/SSE2 by NVIDIA Corporation
OpenGL version: 4.6.0 NVIDIA 580.173.02
Using optional features:
    GL_ARB_vertex_array_object
    GL_ARB_separate_shader_objects
    GL_ARB_robustness
    GL_ARB_texture_storage
    GL_ARB_texture_view
    GL_ARB_framebuffer_no_attachments
    GL_ARB_invalidate_subdata
    GL_ARB_texture_storage_multisample
    GL_ARB_multi_bind
    GL_ARB_direct_state_access
    GL_ARB_get_texture_sub_image
    GL_ARB_texture_filter_anisotropic
    GL_KHR_debug
    GL_KHR_parallel_shader_compile
    GL_NV_depth_buffer_float
Using driver workarounds:
    no-forward-compatible-core-context
    nv-egl-incorrect-gl11-function-pointers
    no-layout-qualifiers-on-old-glsl
    nv-zero-context-profile-mask
    nv-implementation-color-read-format-dsa-broken
    nv-cubemap-inconsistent-compressed-image-size
    nv-cubemap-broken-full-compressed-image-query
    nv-compressed-block-size-in-bits
[19:42:05:785571]:[Warning]:[Scene] SemanticScene.h(331)::checkFileExists : ::loadSemanticSceneDescriptor: File `data/scene_datasets/habitat-test-scenes/skokloster-castle.scn` does not exist.  Aborting load.
[19:42:05:785587]:[Warning]:[Scene] SemanticScene.cpp(123)::loadSemanticSceneDescriptor : SSD File Naming Issue! Neither SemanticAttributes-provided name : `data/scene_datasets/habitat-test-scenes/skokloster-castle.scn` nor constructed filename : `data/scene_datasets/habitat-test-scenes/info_semantic.json` exist on disk.
[19:42:05:785592]:[Error]:[Scene] SemanticScene.cpp(139)::loadSemanticSceneDescriptor : SSD Load Failure! File with SemanticAttributes-provided name `data/scene_datasets/habitat-test-scenes/skokloster-castle.scn` exists but failed to load.
[19:42:06:390804]:[Warning]:[Sim] Simulator.cpp(595)::instanceStageForSceneAttributes : The active scene does not contain semantic annotations : activeSemanticSceneID_ = 0
2026-08-11 19:42:07,618 update: 5670	fps: 494.472	
2026-08-11 19:42:07,627 Num updates: 5670	Num frames 907200
2026-08-11 19:42:07,627 Average window size: 50  distance_to_goal: 0.494  distance_to_goal_reward: 0.000  reward: 4.175  spl: 0.769  success: 0.896
2026-08-11 19:42:07,627 	Perf Stats: trainer.rollout_collect: 0.286 trainer.sample_action: 0.003 trainer.obs_insert: 0.000 trainer.step_env: 0.005 trainer.update_stats: 0.001 trainer.update_agent: 0.035
PluginManager::Manager: duplicate static plugin StbImageImporter, ignoring
PluginManager::Manager: duplicate static plugin GltfImporter, ignoring
PluginManager::Manager: duplicate static plugin BasisImporter, ignoring
PluginManager::Manager: duplicate static plugin AssimpImporter, ignoring
PluginManager::Manager: duplicate static plugin AnySceneImporter, ignoring
PluginManager::Manager: duplicate static plugin AnyImageImporter, ignoring
Renderer: NVIDIA GeForce RTX 4070/PCIe/SSE2 by NVIDIA Corporation
OpenGL version: 4.6.0 NVIDIA 580.173.02
Using optional features:
    GL_ARB_vertex_array_object
    GL_ARB_separate_shader_objects
    GL_ARB_robustness
    GL_ARB_texture_storage
    GL_ARB_texture_view
    GL_ARB_framebuffer_no_attachments
    GL_ARB_invalidate_subdata
    GL_ARB_texture_storage_multisample
    GL_ARB_multi_bind
    GL_ARB_direct_state_access
    GL_ARB_get_texture_sub_image
    GL_ARB_texture_filter_anisotropic
    GL_KHR_debug
    GL_KHR_parallel_shader_compile
    GL_NV_depth_buffer_float
Using driver workarounds:
    no-forward-compatible-core-context
    nv-egl-incorrect-gl11-function-pointers
    no-layout-qualifiers-on-old-glsl
    nv-zero-context-profile-mask
    nv-implementation-color-read-format-dsa-broken
    nv-cubemap-inconsistent-compressed-image-size
    nv-cubemap-broken-full-compressed-image-query
    nv-compressed-block-size-in-bits
[19:42:07:763864]:[Warning]:[Scene] SemanticScene.h(331)::checkFileExists : ::loadSemanticSceneDescriptor: File `data/scene_datasets/habitat-test-scenes/skokloster-castle.scn` does not exist.  Aborting load.
[19:42:07:763881]:[Warning]:[Scene] SemanticScene.cpp(123)::loadSemanticSceneDescriptor : SSD File Naming Issue! Neither SemanticAttributes-provided name : `data/scene_datasets/habitat-test-scenes/skokloster-castle.scn` nor constructed filename : `data/scene_datasets/habitat-test-scenes/info_semantic.json` exist on disk.
[19:42:07:763885]:[Error]:[Scene] SemanticScene.cpp(139)::loadSemanticSceneDescriptor : SSD Load Failure! File with SemanticAttributes-provided name `data/scene_datasets/habitat-test-scenes/skokloster-castle.scn` exists but failed to load.
[19:42:08:398859]:[Warning]:[Sim] Simulator.cpp(595)::instanceStageForSceneAttributes : The active scene does not contain semantic annotations : activeSemanticSceneID_ = 0
2026-08-11 19:42:11,466 update: 5680	fps: 494.308	
2026-08-11 19:42:11,466 Num updates: 5680	Num frames 908800
2026-08-11 19:42:11,466 Average window size: 50  distance_to_goal: 0.483  distance_to_goal_reward: 0.000  reward: 4.382  spl: 0.767  success: 0.893
2026-08-11 19:42:11,466 	Perf Stats: trainer.rollout_collect: 0.286 trainer.sample_action: 0.003 trainer.obs_insert: 0.000 trainer.step_env: 0.005 trainer.update_stats: 0.001 trainer.update_agent: 0.035
PluginManager::Manager: duplicate static plugin StbImageImporter, ignoring
PluginManager::Manager: duplicate static plugin GltfImporter, ignoring
PluginManager::Manager: duplicate static plugin BasisImporter, ignoring
PluginManager::Manager: duplicate static plugin AssimpImporter, ignoring
PluginManager::Manager: duplicate static plugin AnySceneImporter, ignoring
PluginManager::Manager: duplicate static plugin AnyImageImporter, ignoring
Renderer: NVIDIA GeForce RTX 4070/PCIe/SSE2 by NVIDIA Corporation
OpenGL version: 4.6.0 NVIDIA 580.173.02
Using optional features:
    GL_ARB_vertex_array_object
    GL_ARB_separate_shader_objects
    GL_ARB_robustness
    GL_ARB_texture_storage
    GL_ARB_texture_view
    GL_ARB_framebuffer_no_attachments
    GL_ARB_invalidate_subdata
    GL_ARB_texture_storage_multisample
    GL_ARB_multi_bind
    GL_ARB_direct_state_access
    GL_ARB_get_texture_sub_image
    GL_ARB_texture_filter_anisotropic
    GL_KHR_debug
    GL_KHR_parallel_shader_compile
    GL_NV_depth_buffer_float
Using driver workarounds:
    no-forward-compatible-core-context
    nv-egl-incorrect-gl11-function-pointers
    no-layout-qualifiers-on-old-glsl
    nv-zero-context-profile-mask
    nv-implementation-color-read-format-dsa-broken
    nv-cubemap-inconsistent-compressed-image-size
    nv-cubemap-broken-full-compressed-image-query
    nv-compressed-block-size-in-bits
[19:42:11:667438]:[Warning]:[Scene] SemanticScene.h(331)::checkFileExists : ::loadSemanticSceneDescriptor: File `data/scene_datasets/habitat-test-scenes/van-gogh-room.scn` does not exist.  Aborting load.
[19:42:11:667454]:[Warning]:[Scene] SemanticScene.cpp(123)::loadSemanticSceneDescriptor : SSD File Naming Issue! Neither SemanticAttributes-provided name : `data/scene_datasets/habitat-test-scenes/van-gogh-room.scn` nor constructed filename : `data/scene_datasets/habitat-test-scenes/info_semantic.json` exist on disk.
[19:42:11:667459]:[Error]:[Scene] SemanticScene.cpp(139)::loadSemanticSceneDescriptor : SSD Load Failure! File with SemanticAttributes-provided name `data/scene_datasets/habitat-test-scenes/van-gogh-room.scn` exists but failed to load.
[19:42:12:096550]:[Warning]:[Sim] Simulator.cpp(595)::instanceStageForSceneAttributes : The active scene does not contain semantic annotations : activeSemanticSceneID_ = 0
2026-08-11 19:42:15,074 update: 5690	fps: 494.208	
2026-08-11 19:42:15,075 Num updates: 5690	Num frames 910400
2026-08-11 19:42:15,075 Average window size: 50  distance_to_goal: 0.737  distance_to_goal_reward: 0.000  reward: 4.459  spl: 0.767  success: 0.898
2026-08-11 19:42:15,075 	Perf Stats: trainer.rollout_collect: 0.286 trainer.sample_action: 0.003 trainer.obs_insert: 0.000 trainer.step_env: 0.005 trainer.update_stats: 0.001 trainer.update_agent: 0.035
2026-08-11 19:42:18,289 update: 5700	fps: 494.214	
2026-08-11 19:42:18,289 Num updates: 5700	Num frames 912000
2026-08-11 19:42:18,289 Average window size: 50  distance_to_goal: 0.887  distance_to_goal_reward: 0.000  reward: 4.289  spl: 0.731  success: 0.864
2026-08-11 19:42:18,289 	Perf Stats: trainer.rollout_collect: 0.286 trainer.sample_action: 0.003 trainer.obs_insert: 0.000 trainer.step_env: 0.005 trainer.update_stats: 0.001 trainer.update_agent: 0.035
2026-08-11 19:42:21,428 update: 5710	fps: 494.241	
2026-08-11 19:42:21,428 Num updates: 5710	Num frames 913600
2026-08-11 19:42:21,428 Average window size: 50  distance_to_goal: 0.939  distance_to_goal_reward: 0.001  reward: 4.619  spl: 0.742  success: 0.879
2026-08-11 19:42:21,428 	Perf Stats: trainer.rollout_collect: 0.286 trainer.sample_action: 0.003 trainer.obs_insert: 0.000 trainer.step_env: 0.005 trainer.update_stats: 0.001 trainer.update_agent: 0.035
2026-08-11 19:42:24,575 update: 5720	fps: 494.265	
2026-08-11 19:42:24,575 Num updates: 5720	Num frames 915200
2026-08-11 19:42:24,575 Average window size: 50  distance_to_goal: 0.687  distance_to_goal_reward: 0.001  reward: 4.791  spl: 0.753  success: 0.885
2026-08-11 19:42:24,575 	Perf Stats: trainer.rollout_collect: 0.286 trainer.sample_action: 0.003 trainer.obs_insert: 0.000 trainer.step_env: 0.005 trainer.update_stats: 0.001 trainer.update_agent: 0.035
2026-08-11 19:42:27,715 update: 5730	fps: 494.291	
2026-08-11 19:42:27,715 Num updates: 5730	Num frames 916800
2026-08-11 19:42:27,715 Average window size: 50  distance_to_goal: 0.637  distance_to_goal_reward: 0.001  reward: 4.712  spl: 0.763  success: 0.894
2026-08-11 19:42:27,715 	Perf Stats: trainer.rollout_collect: 0.286 trainer.sample_action: 0.003 trainer.obs_insert: 0.000 trainer.step_env: 0.005 trainer.update_stats: 0.001 trainer.update_agent: 0.035
PluginManager::Manager: duplicate static plugin StbImageImporter, ignoring
PluginManager::Manager: duplicate static plugin GltfImporter, ignoring
PluginManager::Manager: duplicate static plugin BasisImporter, ignoring
PluginManager::Manager: duplicate static plugin AssimpImporter, ignoring
PluginManager::Manager: duplicate static plugin AnySceneImporter, ignoring
PluginManager::Manager: duplicate static plugin AnyImageImporter, ignoring
Renderer: NVIDIA GeForce RTX 4070/PCIe/SSE2 by NVIDIA Corporation
OpenGL version: 4.6.0 NVIDIA 580.173.02
Using optional features:
    GL_ARB_vertex_array_object
    GL_ARB_separate_shader_objects
    GL_ARB_robustness
    GL_ARB_texture_storage
    GL_ARB_texture_view
    GL_ARB_framebuffer_no_attachments
    GL_ARB_invalidate_subdata
    GL_ARB_texture_storage_multisample
    GL_ARB_multi_bind
    GL_ARB_direct_state_access
    GL_ARB_get_texture_sub_image
    GL_ARB_texture_filter_anisotropic
    GL_KHR_debug
    GL_KHR_parallel_shader_compile
    GL_NV_depth_buffer_float
Using driver workarounds:
    no-forward-compatible-core-context
    nv-egl-incorrect-gl11-function-pointers
    no-layout-qualifiers-on-old-glsl
    nv-zero-context-profile-mask
    nv-implementation-color-read-format-dsa-broken
    nv-cubemap-inconsistent-compressed-image-size
    nv-cubemap-broken-full-compressed-image-query
    nv-compressed-block-size-in-bits
[19:42:28:044227]:[Warning]:[Scene] SemanticScene.h(331)::checkFileExists : ::loadSemanticSceneDescriptor: File `data/scene_datasets/habitat-test-scenes/skokloster-castle.scn` does not exist.  Aborting load.
[19:42:28:044243]:[Warning]:[Scene] SemanticScene.cpp(123)::loadSemanticSceneDescriptor : SSD File Naming Issue! Neither SemanticAttributes-provided name : `data/scene_datasets/habitat-test-scenes/skokloster-castle.scn` nor constructed filename : `data/scene_datasets/habitat-test-scenes/info_semantic.json` exist on disk.
[19:42:28:044248]:[Error]:[Scene] SemanticScene.cpp(139)::loadSemanticSceneDescriptor : SSD Load Failure! File with SemanticAttributes-provided name `data/scene_datasets/habitat-test-scenes/skokloster-castle.scn` exists but failed to load.
[19:42:28:647915]:[Warning]:[Sim] Simulator.cpp(595)::instanceStageForSceneAttributes : The active scene does not contain semantic annotations : activeSemanticSceneID_ = 0
2026-08-11 19:42:31,525 update: 5740	fps: 494.138	
2026-08-11 19:42:31,526 Num updates: 5740	Num frames 918400
2026-08-11 19:42:31,526 Average window size: 50  distance_to_goal: 0.522  distance_to_goal_reward: 0.001  reward: 5.030  spl: 0.743  success: 0.871
2026-08-11 19:42:31,526 	Perf Stats: trainer.rollout_collect: 0.286 trainer.sample_action: 0.003 trainer.obs_insert: 0.000 trainer.step_env: 0.005 trainer.update_stats: 0.001 trainer.update_agent: 0.035
2026-08-11 19:42:34,724 update: 5750	fps: 494.149	
2026-08-11 19:42:34,724 Num updates: 5750	Num frames 920000
2026-08-11 19:42:34,724 Average window size: 50  distance_to_goal: 0.389  distance_to_goal_reward: 0.001  reward: 5.359  spl: 0.745  success: 0.879
2026-08-11 19:42:34,724 	Perf Stats: trainer.rollout_collect: 0.286 trainer.sample_action: 0.003 trainer.obs_insert: 0.000 trainer.step_env: 0.005 trainer.update_stats: 0.001 trainer.update_agent: 0.035
2026-08-11 19:42:37,908 update: 5760	fps: 494.163	
2026-08-11 19:42:37,909 Num updates: 5760	Num frames 921600
2026-08-11 19:42:37,909 Average window size: 50  distance_to_goal: 0.545  distance_to_goal_reward: 0.000  reward: 5.383  spl: 0.720  success: 0.862
2026-08-11 19:42:37,909 	Perf Stats: trainer.rollout_collect: 0.286 trainer.sample_action: 0.003 trainer.obs_insert: 0.000 trainer.step_env: 0.005 trainer.update_stats: 0.001 trainer.update_agent: 0.035
2026-08-11 19:42:41,088 update: 5770	fps: 494.178	
2026-08-11 19:42:41,088 Num updates: 5770	Num frames 923200
2026-08-11 19:42:41,088 Average window size: 50  distance_to_goal: 0.502  distance_to_goal_reward: 0.000  reward: 5.574  spl: 0.722  success: 0.864
2026-08-11 19:42:41,088 	Perf Stats: trainer.rollout_collect: 0.286 trainer.sample_action: 0.003 trainer.obs_insert: 0.000 trainer.step_env: 0.005 trainer.update_stats: 0.001 trainer.update_agent: 0.035
2026-08-11 19:42:44,285 update: 5780	fps: 494.191	
2026-08-11 19:42:44,285 Num updates: 5780	Num frames 924800
2026-08-11 19:42:44,285 Average window size: 50  distance_to_goal: 0.545  distance_to_goal_reward: 0.000  reward: 6.347  spl: 0.722  success: 0.862
2026-08-11 19:42:44,285 	Perf Stats: trainer.rollout_collect: 0.286 trainer.sample_action: 0.003 trainer.obs_insert: 0.000 trainer.step_env: 0.005 trainer.update_stats: 0.001 trainer.update_agent: 0.035
2026-08-11 19:42:47,484 update: 5790	fps: 494.199	
2026-08-11 19:42:47,484 Num updates: 5790	Num frames 926400
2026-08-11 19:42:47,484 Average window size: 50  distance_to_goal: 0.572  distance_to_goal_reward: 0.000  reward: 5.941  spl: 0.747  success: 0.881
2026-08-11 19:42:47,484 	Perf Stats: trainer.rollout_collect: 0.286 trainer.sample_action: 0.003 trainer.obs_insert: 0.000 trainer.step_env: 0.005 trainer.update_stats: 0.001 trainer.update_agent: 0.035
2026-08-11 19:42:50,774 update: 5800	fps: 494.185	
2026-08-11 19:42:50,774 Num updates: 5800	Num frames 928000
2026-08-11 19:42:50,774 Average window size: 50  distance_to_goal: 0.669  distance_to_goal_reward: 0.000  reward: 6.181  spl: 0.759  success: 0.897
2026-08-11 19:42:50,774 	Perf Stats: trainer.rollout_collect: 0.286 trainer.sample_action: 0.003 trainer.obs_insert: 0.000 trainer.step_env: 0.005 trainer.update_stats: 0.001 trainer.update_agent: 0.035
2026-08-11 19:42:53,960 update: 5810	fps: 494.199	
2026-08-11 19:42:53,961 Num updates: 5810	Num frames 929600
2026-08-11 19:42:53,961 Average window size: 50  distance_to_goal: 0.785  distance_to_goal_reward: 0.000  reward: 5.877  spl: 0.741  success: 0.872
2026-08-11 19:42:53,961 	Perf Stats: trainer.rollout_collect: 0.286 trainer.sample_action: 0.003 trainer.obs_insert: 0.000 trainer.step_env: 0.005 trainer.update_stats: 0.001 trainer.update_agent: 0.035
2026-08-11 19:42:57,142 update: 5820	fps: 494.213	
2026-08-11 19:42:57,143 Num updates: 5820	Num frames 931200
2026-08-11 19:42:57,143 Average window size: 50  distance_to_goal: 0.733  distance_to_goal_reward: 0.000  reward: 6.058  spl: 0.749  success: 0.894
2026-08-11 19:42:57,143 	Perf Stats: trainer.rollout_collect: 0.286 trainer.sample_action: 0.003 trainer.obs_insert: 0.000 trainer.step_env: 0.005 trainer.update_stats: 0.001 trainer.update_agent: 0.035
2026-08-11 19:43:00,338 update: 5830	fps: 494.224	
2026-08-11 19:43:00,339 Num updates: 5830	Num frames 932800
2026-08-11 19:43:00,339 Average window size: 50  distance_to_goal: 0.713  distance_to_goal_reward: 0.000  reward: 5.409  spl: 0.755  success: 0.894
2026-08-11 19:43:00,339 	Perf Stats: trainer.rollout_collect: 0.286 trainer.sample_action: 0.003 trainer.obs_insert: 0.000 trainer.step_env: 0.005 trainer.update_stats: 0.001 trainer.update_agent: 0.035
2026-08-11 19:43:03,497 update: 5840	fps: 494.245	
2026-08-11 19:43:03,498 Num updates: 5840	Num frames 934400
2026-08-11 19:43:03,498 Average window size: 50  distance_to_goal: 0.958  distance_to_goal_reward: 0.000  reward: 4.971  spl: 0.745  success: 0.882
2026-08-11 19:43:03,498 	Perf Stats: trainer.rollout_collect: 0.286 trainer.sample_action: 0.003 trainer.obs_insert: 0.000 trainer.step_env: 0.005 trainer.update_stats: 0.001 trainer.update_agent: 0.035
2026-08-11 19:43:06,670 update: 5850	fps: 494.262	
2026-08-11 19:43:06,670 Num updates: 5850	Num frames 936000
2026-08-11 19:43:06,670 Average window size: 50  distance_to_goal: 1.189  distance_to_goal_reward: 0.000  reward: 4.389  spl: 0.736  success: 0.877
2026-08-11 19:43:06,670 	Perf Stats: trainer.rollout_collect: 0.286 trainer.sample_action: 0.003 trainer.obs_insert: 0.000 trainer.step_env: 0.005 trainer.update_stats: 0.001 trainer.update_agent: 0.035
PluginManager::Manager: duplicate static plugin StbImageImporter, ignoring
PluginManager::Manager: duplicate static plugin GltfImporter, ignoring
PluginManager::Manager: duplicate static plugin BasisImporter, ignoring
PluginManager::Manager: duplicate static plugin AssimpImporter, ignoring
PluginManager::Manager: duplicate static plugin AnySceneImporter, ignoring
PluginManager::Manager: duplicate static plugin AnyImageImporter, ignoring
Renderer: NVIDIA GeForce RTX 4070/PCIe/SSE2 by NVIDIA Corporation
OpenGL version: 4.6.0 NVIDIA 580.173.02
Using optional features:
    GL_ARB_vertex_array_object
    GL_ARB_separate_shader_objects
    GL_ARB_robustness
    GL_ARB_texture_storage
    GL_ARB_texture_view
    GL_ARB_framebuffer_no_attachments
    GL_ARB_invalidate_subdata
    GL_ARB_texture_storage_multisample
    GL_ARB_multi_bind
    GL_ARB_direct_state_access
    GL_ARB_get_texture_sub_image
    GL_ARB_texture_filter_anisotropic
    GL_KHR_debug
    GL_KHR_parallel_shader_compile
    GL_NV_depth_buffer_float
Using driver workarounds:
    no-forward-compatible-core-context
    nv-egl-incorrect-gl11-function-pointers
    no-layout-qualifiers-on-old-glsl
    nv-zero-context-profile-mask
    nv-implementation-color-read-format-dsa-broken
    nv-cubemap-inconsistent-compressed-image-size
    nv-cubemap-broken-full-compressed-image-query
    nv-compressed-block-size-in-bits
[19:43:07:284796]:[Warning]:[Scene] SemanticScene.h(331)::checkFileExists : ::loadSemanticSceneDescriptor: File `data/scene_datasets/habitat-test-scenes/van-gogh-room.scn` does not exist.  Aborting load.
[19:43:07:284812]:[Warning]:[Scene] SemanticScene.cpp(123)::loadSemanticSceneDescriptor : SSD File Naming Issue! Neither SemanticAttributes-provided name : `data/scene_datasets/habitat-test-scenes/van-gogh-room.scn` nor constructed filename : `data/scene_datasets/habitat-test-scenes/info_semantic.json` exist on disk.
[19:43:07:284817]:[Error]:[Scene] SemanticScene.cpp(139)::loadSemanticSceneDescriptor : SSD Load Failure! File with SemanticAttributes-provided name `data/scene_datasets/habitat-test-scenes/van-gogh-room.scn` exists but failed to load.
[19:43:07:728246]:[Warning]:[Sim] Simulator.cpp(595)::instanceStageForSceneAttributes : The active scene does not contain semantic annotations : activeSemanticSceneID_ = 0
2026-08-11 19:43:10,263 update: 5860	fps: 494.169	
2026-08-11 19:43:10,263 Num updates: 5860	Num frames 937600
2026-08-11 19:43:10,263 Average window size: 50  distance_to_goal: 0.949  distance_to_goal_reward: 0.000  reward: 4.444  spl: 0.728  success: 0.863
2026-08-11 19:43:10,263 	Perf Stats: trainer.rollout_collect: 0.286 trainer.sample_action: 0.003 trainer.obs_insert: 0.000 trainer.step_env: 0.005 trainer.update_stats: 0.001 trainer.update_agent: 0.035
2026-08-11 19:43:13,373 update: 5870	fps: 494.202	
2026-08-11 19:43:13,373 Num updates: 5870	Num frames 939200
2026-08-11 19:43:13,373 Average window size: 50  distance_to_goal: 0.907  distance_to_goal_reward: -0.000  reward: 4.144  spl: 0.726  success: 0.855
2026-08-11 19:43:13,373 	Perf Stats: trainer.rollout_collect: 0.286 trainer.sample_action: 0.003 trainer.obs_insert: 0.000 trainer.step_env: 0.005 trainer.update_stats: 0.001 trainer.update_agent: 0.035
2026-08-11 19:43:16,504 update: 5880	fps: 494.230	
2026-08-11 19:43:16,504 Num updates: 5880	Num frames 940800
2026-08-11 19:43:16,504 Average window size: 50  distance_to_goal: 0.990  distance_to_goal_reward: -0.000  reward: 3.998  spl: 0.712  success: 0.854
2026-08-11 19:43:16,504 	Perf Stats: trainer.rollout_collect: 0.286 trainer.sample_action: 0.003 trainer.obs_insert: 0.000 trainer.step_env: 0.005 trainer.update_stats: 0.001 trainer.update_agent: 0.035
2026-08-11 19:43:19,648 update: 5890	fps: 494.254	
2026-08-11 19:43:19,648 Num updates: 5890	Num frames 942400
2026-08-11 19:43:19,648 Average window size: 50  distance_to_goal: 0.679  distance_to_goal_reward: -0.000  reward: 4.890  spl: 0.746  success: 0.888
2026-08-11 19:43:19,648 	Perf Stats: trainer.rollout_collect: 0.286 trainer.sample_action: 0.003 trainer.obs_insert: 0.000 trainer.step_env: 0.005 trainer.update_stats: 0.001 trainer.update_agent: 0.035
2026-08-11 19:43:22,898 update: 5900	fps: 494.251	
2026-08-11 19:43:22,898 Num updates: 5900	Num frames 944000
2026-08-11 19:43:22,898 Average window size: 50  distance_to_goal: 0.396  distance_to_goal_reward: -0.001  reward: 5.179  spl: 0.764  success: 0.905
2026-08-11 19:43:22,898 	Perf Stats: trainer.rollout_collect: 0.286 trainer.sample_action: 0.003 trainer.obs_insert: 0.000 trainer.step_env: 0.005 trainer.update_stats: 0.001 trainer.update_agent: 0.035
2026-08-11 19:43:26,003 update: 5910	fps: 494.285	
2026-08-11 19:43:26,003 Num updates: 5910	Num frames 945600
2026-08-11 19:43:26,004 Average window size: 50  distance_to_goal: 0.398  distance_to_goal_reward: -0.001  reward: 5.163  spl: 0.775  success: 0.923
2026-08-11 19:43:26,004 	Perf Stats: trainer.rollout_collect: 0.286 trainer.sample_action: 0.003 trainer.obs_insert: 0.000 trainer.step_env: 0.005 trainer.update_stats: 0.001 trainer.update_agent: 0.035
2026-08-11 19:43:29,130 update: 5920	fps: 494.313	
2026-08-11 19:43:29,131 Num updates: 5920	Num frames 947200
2026-08-11 19:43:29,131 Average window size: 50  distance_to_goal: 0.453  distance_to_goal_reward: 0.000  reward: 5.040  spl: 0.754  success: 0.900
2026-08-11 19:43:29,131 	Perf Stats: trainer.rollout_collect: 0.286 trainer.sample_action: 0.003 trainer.obs_insert: 0.000 trainer.step_env: 0.005 trainer.update_stats: 0.001 trainer.update_agent: 0.035
2026-08-11 19:43:32,265 update: 5930	fps: 494.340	
2026-08-11 19:43:32,265 Num updates: 5930	Num frames 948800
2026-08-11 19:43:32,265 Average window size: 50  distance_to_goal: 0.312  distance_to_goal_reward: 0.000  reward: 5.440  spl: 0.737  success: 0.889
2026-08-11 19:43:32,265 	Perf Stats: trainer.rollout_collect: 0.286 trainer.sample_action: 0.003 trainer.obs_insert: 0.000 trainer.step_env: 0.005 trainer.update_stats: 0.001 trainer.update_agent: 0.035
2026-08-11 19:43:35,399 update: 5940	fps: 494.366	
2026-08-11 19:43:35,399 Num updates: 5940	Num frames 950400
2026-08-11 19:43:35,399 Average window size: 50  distance_to_goal: 0.480  distance_to_goal_reward: 0.000  reward: 4.809  spl: 0.723  success: 0.876
2026-08-11 19:43:35,399 	Perf Stats: trainer.rollout_collect: 0.286 trainer.sample_action: 0.003 trainer.obs_insert: 0.000 trainer.step_env: 0.005 trainer.update_stats: 0.001 trainer.update_agent: 0.035
2026-08-11 19:43:38,545 update: 5950	fps: 494.389	
2026-08-11 19:43:38,545 Num updates: 5950	Num frames 952000
2026-08-11 19:43:38,545 Average window size: 50  distance_to_goal: 0.605  distance_to_goal_reward: 0.000  reward: 4.585  spl: 0.730  success: 0.880
2026-08-11 19:43:38,545 	Perf Stats: trainer.rollout_collect: 0.286 trainer.sample_action: 0.003 trainer.obs_insert: 0.000 trainer.step_env: 0.005 trainer.update_stats: 0.001 trainer.update_agent: 0.035
PluginManager::Manager: duplicate static plugin StbImageImporter, ignoring
PluginManager::Manager: duplicate static plugin GltfImporter, ignoring
PluginManager::Manager: duplicate static plugin BasisImporter, ignoring
PluginManager::Manager: duplicate static plugin AssimpImporter, ignoring
PluginManager::Manager: duplicate static plugin AnySceneImporter, ignoring
PluginManager::Manager: duplicate static plugin AnyImageImporter, ignoring
Renderer: NVIDIA GeForce RTX 4070/PCIe/SSE2 by NVIDIA Corporation
OpenGL version: 4.6.0 NVIDIA 580.173.02
Using optional features:
    GL_ARB_vertex_array_object
    GL_ARB_separate_shader_objects
    GL_ARB_robustness
    GL_ARB_texture_storage
    GL_ARB_texture_view
    GL_ARB_framebuffer_no_attachments
    GL_ARB_invalidate_subdata
    GL_ARB_texture_storage_multisample
    GL_ARB_multi_bind
    GL_ARB_direct_state_access
    GL_ARB_get_texture_sub_image
    GL_ARB_texture_filter_anisotropic
    GL_KHR_debug
    GL_KHR_parallel_shader_compile
    GL_NV_depth_buffer_float
Using driver workarounds:
    no-forward-compatible-core-context
    nv-egl-incorrect-gl11-function-pointers
    no-layout-qualifiers-on-old-glsl
    nv-zero-context-profile-mask
    nv-implementation-color-read-format-dsa-broken
    nv-cubemap-inconsistent-compressed-image-size
    nv-cubemap-broken-full-compressed-image-query
    nv-compressed-block-size-in-bits
[19:43:41:489254]:[Warning]:[Scene] SemanticScene.h(331)::checkFileExists : ::loadSemanticSceneDescriptor: File `data/scene_datasets/habitat-test-scenes/van-gogh-room.scn` does not exist.  Aborting load.
[19:43:41:489270]:[Warning]:[Scene] SemanticScene.cpp(123)::loadSemanticSceneDescriptor : SSD File Naming Issue! Neither SemanticAttributes-provided name : `data/scene_datasets/habitat-test-scenes/van-gogh-room.scn` nor constructed filename : `data/scene_datasets/habitat-test-scenes/info_semantic.json` exist on disk.
[19:43:41:489274]:[Error]:[Scene] SemanticScene.cpp(139)::loadSemanticSceneDescriptor : SSD Load Failure! File with SemanticAttributes-provided name `data/scene_datasets/habitat-test-scenes/van-gogh-room.scn` exists but failed to load.
[19:43:41:918157]:[Warning]:[Sim] Simulator.cpp(595)::instanceStageForSceneAttributes : The active scene does not contain semantic annotations : activeSemanticSceneID_ = 0
2026-08-11 19:43:42,131 update: 5960	fps: 494.299	
2026-08-11 19:43:42,131 Num updates: 5960	Num frames 953600
2026-08-11 19:43:42,131 Average window size: 50  distance_to_goal: 0.502  distance_to_goal_reward: 0.000  reward: 4.979  spl: 0.736  success: 0.884
2026-08-11 19:43:42,131 	Perf Stats: trainer.rollout_collect: 0.286 trainer.sample_action: 0.003 trainer.obs_insert: 0.000 trainer.step_env: 0.005 trainer.update_stats: 0.001 trainer.update_agent: 0.035
2026-08-11 19:43:45,225 update: 5970	fps: 494.336	
2026-08-11 19:43:45,226 Num updates: 5970	Num frames 955200
2026-08-11 19:43:45,226 Average window size: 50  distance_to_goal: 0.365  distance_to_goal_reward: 0.000  reward: 5.077  spl: 0.762  success: 0.907
2026-08-11 19:43:45,226 	Perf Stats: trainer.rollout_collect: 0.286 trainer.sample_action: 0.003 trainer.obs_insert: 0.000 trainer.step_env: 0.005 trainer.update_stats: 0.001 trainer.update_agent: 0.035
2026-08-11 19:43:48,299 update: 5980	fps: 494.378	
2026-08-11 19:43:48,299 Num updates: 5980	Num frames 956800
2026-08-11 19:43:48,299 Average window size: 50  distance_to_goal: 0.415  distance_to_goal_reward: -0.000  reward: 4.644  spl: 0.765  success: 0.902
2026-08-11 19:43:48,299 	Perf Stats: trainer.rollout_collect: 0.286 trainer.sample_action: 0.003 trainer.obs_insert: 0.000 trainer.step_env: 0.005 trainer.update_stats: 0.001 trainer.update_agent: 0.035
2026-08-11 19:43:51,376 update: 5990	fps: 494.418	
2026-08-11 19:43:51,376 Num updates: 5990	Num frames 958400
2026-08-11 19:43:51,376 Average window size: 50  distance_to_goal: 0.329  distance_to_goal_reward: -0.000  reward: 4.669  spl: 0.757  success: 0.900
2026-08-11 19:43:51,376 	Perf Stats: trainer.rollout_collect: 0.286 trainer.sample_action: 0.003 trainer.obs_insert: 0.000 trainer.step_env: 0.005 trainer.update_stats: 0.001 trainer.update_agent: 0.035
2026-08-11 19:43:54,551 update: 6000	fps: 494.434	
2026-08-11 19:43:54,551 Num updates: 6000	Num frames 960000
2026-08-11 19:43:54,551 Average window size: 50  distance_to_goal: 0.316  distance_to_goal_reward: -0.000  reward: 4.418  spl: 0.740  success: 0.878
2026-08-11 19:43:54,551 	Perf Stats: trainer.rollout_collect: 0.286 trainer.sample_action: 0.003 trainer.obs_insert: 0.000 trainer.step_env: 0.005 trainer.update_stats: 0.001 trainer.update_agent: 0.035
PluginManager::Manager: duplicate static plugin StbImageImporter, ignoring
PluginManager::Manager: duplicate static plugin GltfImporter, ignoring
PluginManager::Manager: duplicate static plugin BasisImporter, ignoring
PluginManager::Manager: duplicate static plugin AssimpImporter, ignoring
PluginManager::Manager: duplicate static plugin AnySceneImporter, ignoring
PluginManager::Manager: duplicate static plugin AnyImageImporter, ignoring
Renderer: NVIDIA GeForce RTX 4070/PCIe/SSE2 by NVIDIA Corporation
OpenGL version: 4.6.0 NVIDIA 580.173.02
Using optional features:
    GL_ARB_vertex_array_object
    GL_ARB_separate_shader_objects
    GL_ARB_robustness
    GL_ARB_texture_storage
    GL_ARB_texture_view
    GL_ARB_framebuffer_no_attachments
    GL_ARB_invalidate_subdata
    GL_ARB_texture_storage_multisample
    GL_ARB_multi_bind
    GL_ARB_direct_state_access
    GL_ARB_get_texture_sub_image
    GL_ARB_texture_filter_anisotropic
    GL_KHR_debug
    GL_KHR_parallel_shader_compile
    GL_NV_depth_buffer_float
Using driver workarounds:
    no-forward-compatible-core-context
    nv-egl-incorrect-gl11-function-pointers
    no-layout-qualifiers-on-old-glsl
    nv-zero-context-profile-mask
    nv-implementation-color-read-format-dsa-broken
    nv-cubemap-inconsistent-compressed-image-size
    nv-cubemap-broken-full-compressed-image-query
    nv-compressed-block-size-in-bits
[19:43:56:503240]:[Warning]:[Scene] SemanticScene.h(331)::checkFileExists : ::loadSemanticSceneDescriptor: File `data/scene_datasets/habitat-test-scenes/skokloster-castle.scn` does not exist.  Aborting load.
[19:43:56:503256]:[Warning]:[Scene] SemanticScene.cpp(123)::loadSemanticSceneDescriptor : SSD File Naming Issue! Neither SemanticAttributes-provided name : `data/scene_datasets/habitat-test-scenes/skokloster-castle.scn` nor constructed filename : `data/scene_datasets/habitat-test-scenes/info_semantic.json` exist on disk.
[19:43:56:503261]:[Error]:[Scene] SemanticScene.cpp(139)::loadSemanticSceneDescriptor : SSD Load Failure! File with SemanticAttributes-provided name `data/scene_datasets/habitat-test-scenes/skokloster-castle.scn` exists but failed to load.
[19:43:57:108654]:[Warning]:[Sim] Simulator.cpp(595)::instanceStageForSceneAttributes : The active scene does not contain semantic annotations : activeSemanticSceneID_ = 0
2026-08-11 19:43:58,291 update: 6010	fps: 494.306	
2026-08-11 19:43:58,292 Num updates: 6010	Num frames 961600
2026-08-11 19:43:58,292 Average window size: 50  distance_to_goal: 0.329  distance_to_goal_reward: -0.001  reward: 3.978  spl: 0.734  success: 0.871
2026-08-11 19:43:58,292 	Perf Stats: trainer.rollout_collect: 0.286 trainer.sample_action: 0.003 trainer.obs_insert: 0.000 trainer.step_env: 0.005 trainer.update_stats: 0.001 trainer.update_agent: 0.035
PluginManager::Manager: duplicate static plugin StbImageImporter, ignoring
PluginManager::Manager: duplicate static plugin GltfImporter, ignoring
PluginManager::Manager: duplicate static plugin BasisImporter, ignoring
PluginManager::Manager: duplicate static plugin AssimpImporter, ignoring
PluginManager::Manager: duplicate static plugin AnySceneImporter, ignoring
PluginManager::Manager: duplicate static plugin AnyImageImporter, ignoring
Renderer: NVIDIA GeForce RTX 4070/PCIe/SSE2 by NVIDIA Corporation
OpenGL version: 4.6.0 NVIDIA 580.173.02
Using optional features:
    GL_ARB_vertex_array_object
    GL_ARB_separate_shader_objects
    GL_ARB_robustness
    GL_ARB_texture_storage
    GL_ARB_texture_view
    GL_ARB_framebuffer_no_attachments
    GL_ARB_invalidate_subdata
    GL_ARB_texture_storage_multisample
    GL_ARB_multi_bind
    GL_ARB_direct_state_access
    GL_ARB_get_texture_sub_image
    GL_ARB_texture_filter_anisotropic
    GL_KHR_debug
    GL_KHR_parallel_shader_compile
    GL_NV_depth_buffer_float
Using driver workarounds:
    no-forward-compatible-core-context
    nv-egl-incorrect-gl11-function-pointers
    no-layout-qualifiers-on-old-glsl
    nv-zero-context-profile-mask
    nv-implementation-color-read-format-dsa-broken
    nv-cubemap-inconsistent-compressed-image-size
    nv-cubemap-broken-full-compressed-image-query
    nv-compressed-block-size-in-bits
[19:44:01:008662]:[Warning]:[Scene] SemanticScene.h(331)::checkFileExists : ::loadSemanticSceneDescriptor: File `data/scene_datasets/habitat-test-scenes/van-gogh-room.scn` does not exist.  Aborting load.
[19:44:01:008678]:[Warning]:[Scene] SemanticScene.cpp(123)::loadSemanticSceneDescriptor : SSD File Naming Issue! Neither SemanticAttributes-provided name : `data/scene_datasets/habitat-test-scenes/van-gogh-room.scn` nor constructed filename : `data/scene_datasets/habitat-test-scenes/info_semantic.json` exist on disk.
[19:44:01:008683]:[Error]:[Scene] SemanticScene.cpp(139)::loadSemanticSceneDescriptor : SSD Load Failure! File with SemanticAttributes-provided name `data/scene_datasets/habitat-test-scenes/van-gogh-room.scn` exists but failed to load.
[19:44:01:479710]:[Warning]:[Sim] Simulator.cpp(595)::instanceStageForSceneAttributes : The active scene does not contain semantic annotations : activeSemanticSceneID_ = 0
2026-08-11 19:44:01,941 update: 6020	fps: 494.201	
2026-08-11 19:44:01,942 Num updates: 6020	Num frames 963200
2026-08-11 19:44:01,942 Average window size: 50  distance_to_goal: 0.336  distance_to_goal_reward: -0.001  reward: 4.455  spl: 0.738  success: 0.875
2026-08-11 19:44:01,942 	Perf Stats: trainer.rollout_collect: 0.286 trainer.sample_action: 0.003 trainer.obs_insert: 0.000 trainer.step_env: 0.005 trainer.update_stats: 0.001 trainer.update_agent: 0.035
PluginManager::Manager: duplicate static plugin StbImageImporter, ignoring
PluginManager::Manager: duplicate static plugin GltfImporter, ignoring
PluginManager::Manager: duplicate static plugin BasisImporter, ignoring
PluginManager::Manager: duplicate static plugin AssimpImporter, ignoring
PluginManager::Manager: duplicate static plugin AnySceneImporter, ignoring
PluginManager::Manager: duplicate static plugin AnyImageImporter, ignoring
Renderer: NVIDIA GeForce RTX 4070/PCIe/SSE2 by NVIDIA Corporation
OpenGL version: 4.6.0 NVIDIA 580.173.02
Using optional features:
    GL_ARB_vertex_array_object
    GL_ARB_separate_shader_objects
    GL_ARB_robustness
    GL_ARB_texture_storage
    GL_ARB_texture_view
    GL_ARB_framebuffer_no_attachments
    GL_ARB_invalidate_subdata
    GL_ARB_texture_storage_multisample
    GL_ARB_multi_bind
    GL_ARB_direct_state_access
    GL_ARB_get_texture_sub_image
    GL_ARB_texture_filter_anisotropic
    GL_KHR_debug
    GL_KHR_parallel_shader_compile
    GL_NV_depth_buffer_float
Using driver workarounds:
    no-forward-compatible-core-context
    nv-egl-incorrect-gl11-function-pointers
    no-layout-qualifiers-on-old-glsl
    nv-zero-context-profile-mask
    nv-implementation-color-read-format-dsa-broken
    nv-cubemap-inconsistent-compressed-image-size
    nv-cubemap-broken-full-compressed-image-query
    nv-compressed-block-size-in-bits
[19:44:03:878639]:[Warning]:[Scene] SemanticScene.h(331)::checkFileExists : ::loadSemanticSceneDescriptor: File `data/scene_datasets/habitat-test-scenes/van-gogh-room.scn` does not exist.  Aborting load.
[19:44:03:878655]:[Warning]:[Scene] SemanticScene.cpp(123)::loadSemanticSceneDescriptor : SSD File Naming Issue! Neither SemanticAttributes-provided name : `data/scene_datasets/habitat-test-scenes/van-gogh-room.scn` nor constructed filename : `data/scene_datasets/habitat-test-scenes/info_semantic.json` exist on disk.
[19:44:03:878660]:[Error]:[Scene] SemanticScene.cpp(139)::loadSemanticSceneDescriptor : SSD Load Failure! File with SemanticAttributes-provided name `data/scene_datasets/habitat-test-scenes/van-gogh-room.scn` exists but failed to load.
[19:44:04:311040]:[Warning]:[Sim] Simulator.cpp(595)::instanceStageForSceneAttributes : The active scene does not contain semantic annotations : activeSemanticSceneID_ = 0
2026-08-11 19:44:05,483 update: 6030	fps: 494.124	
2026-08-11 19:44:05,483 Num updates: 6030	Num frames 964800
2026-08-11 19:44:05,483 Average window size: 50  distance_to_goal: 0.224  distance_to_goal_reward: -0.000  reward: 4.725  spl: 0.759  success: 0.895
2026-08-11 19:44:05,483 	Perf Stats: trainer.rollout_collect: 0.286 trainer.sample_action: 0.003 trainer.obs_insert: 0.000 trainer.step_env: 0.005 trainer.update_stats: 0.001 trainer.update_agent: 0.035
2026-08-11 19:44:08,565 update: 6040	fps: 494.163	
2026-08-11 19:44:08,565 Num updates: 6040	Num frames 966400
2026-08-11 19:44:08,565 Average window size: 50  distance_to_goal: 0.217  distance_to_goal_reward: -0.000  reward: 4.500  spl: 0.777  success: 0.908
2026-08-11 19:44:08,565 	Perf Stats: trainer.rollout_collect: 0.286 trainer.sample_action: 0.003 trainer.obs_insert: 0.000 trainer.step_env: 0.005 trainer.update_stats: 0.001 trainer.update_agent: 0.035
2026-08-11 19:44:11,625 update: 6050	fps: 494.208	
2026-08-11 19:44:11,625 Num updates: 6050	Num frames 968000
2026-08-11 19:44:11,625 Average window size: 50  distance_to_goal: 0.185  distance_to_goal_reward: -0.001  reward: 4.545  spl: 0.769  success: 0.895
2026-08-11 19:44:11,625 	Perf Stats: trainer.rollout_collect: 0.286 trainer.sample_action: 0.003 trainer.obs_insert: 0.000 trainer.step_env: 0.005 trainer.update_stats: 0.001 trainer.update_agent: 0.035
2026-08-11 19:44:14,672 update: 6060	fps: 494.256	
2026-08-11 19:44:14,672 Num updates: 6060	Num frames 969600
2026-08-11 19:44:14,672 Average window size: 50  distance_to_goal: 0.172  distance_to_goal_reward: -0.000  reward: 4.576  spl: 0.772  success: 0.905
2026-08-11 19:44:14,672 	Perf Stats: trainer.rollout_collect: 0.286 trainer.sample_action: 0.003 trainer.obs_insert: 0.000 trainer.step_env: 0.005 trainer.update_stats: 0.001 trainer.update_agent: 0.035
2026-08-11 19:44:17,725 update: 6070	fps: 494.303	
2026-08-11 19:44:17,725 Num updates: 6070	Num frames 971200
2026-08-11 19:44:17,725 Average window size: 50  distance_to_goal: 0.168  distance_to_goal_reward: -0.000  reward: 4.200  spl: 0.768  success: 0.906
2026-08-11 19:44:17,725 	Perf Stats: trainer.rollout_collect: 0.286 trainer.sample_action: 0.003 trainer.obs_insert: 0.000 trainer.step_env: 0.005 trainer.update_stats: 0.001 trainer.update_agent: 0.035
2026-08-11 19:44:20,786 update: 6080	fps: 494.347	
2026-08-11 19:44:20,786 Num updates: 6080	Num frames 972800
2026-08-11 19:44:20,786 Average window size: 50  distance_to_goal: 0.190  distance_to_goal_reward: -0.000  reward: 4.094  spl: 0.769  success: 0.913
2026-08-11 19:44:20,786 	Perf Stats: trainer.rollout_collect: 0.286 trainer.sample_action: 0.003 trainer.obs_insert: 0.000 trainer.step_env: 0.005 trainer.update_stats: 0.001 trainer.update_agent: 0.035
2026-08-11 19:44:23,857 update: 6090	fps: 494.388	
2026-08-11 19:44:23,858 Num updates: 6090	Num frames 974400
2026-08-11 19:44:23,858 Average window size: 50  distance_to_goal: 0.189  distance_to_goal_reward: -0.000  reward: 4.151  spl: 0.764  success: 0.909
2026-08-11 19:44:23,858 	Perf Stats: trainer.rollout_collect: 0.286 trainer.sample_action: 0.003 trainer.obs_insert: 0.000 trainer.step_env: 0.005 trainer.update_stats: 0.001 trainer.update_agent: 0.035
2026-08-11 19:44:27,020 update: 6100	fps: 494.406	
2026-08-11 19:44:27,020 Num updates: 6100	Num frames 976000
2026-08-11 19:44:27,020 Average window size: 50  distance_to_goal: 0.141  distance_to_goal_reward: 0.000  reward: 4.224  spl: 0.773  success: 0.930
2026-08-11 19:44:27,021 	Perf Stats: trainer.rollout_collect: 0.286 trainer.sample_action: 0.003 trainer.obs_insert: 0.000 trainer.step_env: 0.005 trainer.update_stats: 0.001 trainer.update_agent: 0.035
2026-08-11 19:44:30,070 update: 6110	fps: 494.453	
2026-08-11 19:44:30,070 Num updates: 6110	Num frames 977600
2026-08-11 19:44:30,070 Average window size: 50  distance_to_goal: 0.137  distance_to_goal_reward: 0.000  reward: 4.089  spl: 0.788  success: 0.943
2026-08-11 19:44:30,070 	Perf Stats: trainer.rollout_collect: 0.286 trainer.sample_action: 0.003 trainer.obs_insert: 0.000 trainer.step_env: 0.005 trainer.update_stats: 0.001 trainer.update_agent: 0.035
2026-08-11 19:44:33,128 update: 6120	fps: 494.498	
2026-08-11 19:44:33,128 Num updates: 6120	Num frames 979200
2026-08-11 19:44:33,128 Average window size: 50  distance_to_goal: 0.157  distance_to_goal_reward: 0.000  reward: 4.057  spl: 0.785  success: 0.938
2026-08-11 19:44:33,128 	Perf Stats: trainer.rollout_collect: 0.286 trainer.sample_action: 0.003 trainer.obs_insert: 0.000 trainer.step_env: 0.005 trainer.update_stats: 0.001 trainer.update_agent: 0.035
2026-08-11 19:44:36,182 update: 6130	fps: 494.543	
2026-08-11 19:44:36,182 Num updates: 6130	Num frames 980800
2026-08-11 19:44:36,182 Average window size: 50  distance_to_goal: 0.133  distance_to_goal_reward: 0.000  reward: 3.921  spl: 0.765  success: 0.908
2026-08-11 19:44:36,182 	Perf Stats: trainer.rollout_collect: 0.286 trainer.sample_action: 0.003 trainer.obs_insert: 0.000 trainer.step_env: 0.005 trainer.update_stats: 0.001 trainer.update_agent: 0.035
2026-08-11 19:44:39,228 update: 6140	fps: 494.590	
2026-08-11 19:44:39,228 Num updates: 6140	Num frames 982400
2026-08-11 19:44:39,228 Average window size: 50  distance_to_goal: 0.204  distance_to_goal_reward: 0.000  reward: 3.861  spl: 0.768  success: 0.917
2026-08-11 19:44:39,228 	Perf Stats: trainer.rollout_collect: 0.286 trainer.sample_action: 0.003 trainer.obs_insert: 0.000 trainer.step_env: 0.005 trainer.update_stats: 0.001 trainer.update_agent: 0.035
2026-08-11 19:44:42,271 update: 6150	fps: 494.638	
2026-08-11 19:44:42,271 Num updates: 6150	Num frames 984000
2026-08-11 19:44:42,271 Average window size: 50  distance_to_goal: 0.294  distance_to_goal_reward: 0.000  reward: 3.653  spl: 0.774  success: 0.916
2026-08-11 19:44:42,271 	Perf Stats: trainer.rollout_collect: 0.286 trainer.sample_action: 0.003 trainer.obs_insert: 0.000 trainer.step_env: 0.005 trainer.update_stats: 0.001 trainer.update_agent: 0.035
2026-08-11 19:44:45,326 update: 6160	fps: 494.682	
2026-08-11 19:44:45,326 Num updates: 6160	Num frames 985600
2026-08-11 19:44:45,326 Average window size: 50  distance_to_goal: 0.290  distance_to_goal_reward: 0.000  reward: 3.728  spl: 0.775  success: 0.913
2026-08-11 19:44:45,326 	Perf Stats: trainer.rollout_collect: 0.286 trainer.sample_action: 0.003 trainer.obs_insert: 0.000 trainer.step_env: 0.005 trainer.update_stats: 0.001 trainer.update_agent: 0.035
PluginManager::Manager: duplicate static plugin StbImageImporter, ignoring
PluginManager::Manager: duplicate static plugin GltfImporter, ignoring
PluginManager::Manager: duplicate static plugin BasisImporter, ignoring
PluginManager::Manager: duplicate static plugin AssimpImporter, ignoring
PluginManager::Manager: duplicate static plugin AnySceneImporter, ignoring
PluginManager::Manager: duplicate static plugin AnyImageImporter, ignoring
Renderer: NVIDIA GeForce RTX 4070/PCIe/SSE2 by NVIDIA Corporation
OpenGL version: 4.6.0 NVIDIA 580.173.02
Using optional features:
    GL_ARB_vertex_array_object
    GL_ARB_separate_shader_objects
    GL_ARB_robustness
    GL_ARB_texture_storage
    GL_ARB_texture_view
    GL_ARB_framebuffer_no_attachments
    GL_ARB_invalidate_subdata
    GL_ARB_texture_storage_multisample
    GL_ARB_multi_bind
    GL_ARB_direct_state_access
    GL_ARB_get_texture_sub_image
    GL_ARB_texture_filter_anisotropic
    GL_KHR_debug
    GL_KHR_parallel_shader_compile
    GL_NV_depth_buffer_float
Using driver workarounds:
    no-forward-compatible-core-context
    nv-egl-incorrect-gl11-function-pointers
    no-layout-qualifiers-on-old-glsl
    nv-zero-context-profile-mask
    nv-implementation-color-read-format-dsa-broken
    nv-cubemap-inconsistent-compressed-image-size
    nv-cubemap-broken-full-compressed-image-query
    nv-compressed-block-size-in-bits
[19:44:48:019212]:[Warning]:[Scene] SemanticScene.h(331)::checkFileExists : ::loadSemanticSceneDescriptor: File `data/scene_datasets/habitat-test-scenes/skokloster-castle.scn` does not exist.  Aborting load.
[19:44:48:019229]:[Warning]:[Scene] SemanticScene.cpp(123)::loadSemanticSceneDescriptor : SSD File Naming Issue! Neither SemanticAttributes-provided name : `data/scene_datasets/habitat-test-scenes/skokloster-castle.scn` nor constructed filename : `data/scene_datasets/habitat-test-scenes/info_semantic.json` exist on disk.
[19:44:48:019234]:[Error]:[Scene] SemanticScene.cpp(139)::loadSemanticSceneDescriptor : SSD Load Failure! File with SemanticAttributes-provided name `data/scene_datasets/habitat-test-scenes/skokloster-castle.scn` exists but failed to load.
[19:44:48:641497]:[Warning]:[Sim] Simulator.cpp(595)::instanceStageForSceneAttributes : The active scene does not contain semantic annotations : activeSemanticSceneID_ = 0
2026-08-11 19:44:49,007 update: 6170	fps: 494.572	
2026-08-11 19:44:49,007 Num updates: 6170	Num frames 987200
2026-08-11 19:44:49,007 Average window size: 50  distance_to_goal: 0.325  distance_to_goal_reward: 0.000  reward: 3.735  spl: 0.775  success: 0.923
2026-08-11 19:44:49,007 	Perf Stats: trainer.rollout_collect: 0.286 trainer.sample_action: 0.003 trainer.obs_insert: 0.000 trainer.step_env: 0.005 trainer.update_stats: 0.001 trainer.update_agent: 0.035
2026-08-11 19:44:52,091 update: 6180	fps: 494.609	
2026-08-11 19:44:52,091 Num updates: 6180	Num frames 988800
2026-08-11 19:44:52,091 Average window size: 50  distance_to_goal: 0.343  distance_to_goal_reward: 0.000  reward: 3.767  spl: 0.783  success: 0.937
2026-08-11 19:44:52,091 	Perf Stats: trainer.rollout_collect: 0.286 trainer.sample_action: 0.003 trainer.obs_insert: 0.000 trainer.step_env: 0.005 trainer.update_stats: 0.001 trainer.update_agent: 0.035
2026-08-11 19:44:55,198 update: 6190	fps: 494.641	
2026-08-11 19:44:55,198 Num updates: 6190	Num frames 990400
2026-08-11 19:44:55,198 Average window size: 50  distance_to_goal: 0.370  distance_to_goal_reward: 0.000  reward: 3.711  spl: 0.760  success: 0.904
2026-08-11 19:44:55,198 	Perf Stats: trainer.rollout_collect: 0.286 trainer.sample_action: 0.003 trainer.obs_insert: 0.000 trainer.step_env: 0.005 trainer.update_stats: 0.001 trainer.update_agent: 0.035
2026-08-11 19:44:58,349 update: 6200	fps: 494.661	
2026-08-11 19:44:58,349 Num updates: 6200	Num frames 992000
2026-08-11 19:44:58,349 Average window size: 50  distance_to_goal: 0.294  distance_to_goal_reward: 0.000  reward: 3.676  spl: 0.755  success: 0.905
2026-08-11 19:44:58,349 	Perf Stats: trainer.rollout_collect: 0.286 trainer.sample_action: 0.003 trainer.obs_insert: 0.000 trainer.step_env: 0.005 trainer.update_stats: 0.001 trainer.update_agent: 0.035
2026-08-11 19:45:01,461 update: 6210	fps: 494.691	
2026-08-11 19:45:01,461 Num updates: 6210	Num frames 993600
2026-08-11 19:45:01,461 Average window size: 50  distance_to_goal: 0.554  distance_to_goal_reward: 0.000  reward: 3.694  spl: 0.731  success: 0.891
2026-08-11 19:45:01,461 	Perf Stats: trainer.rollout_collect: 0.286 trainer.sample_action: 0.003 trainer.obs_insert: 0.000 trainer.step_env: 0.005 trainer.update_stats: 0.001 trainer.update_agent: 0.035
2026-08-11 19:45:04,555 update: 6220	fps: 494.726	
2026-08-11 19:45:04,555 Num updates: 6220	Num frames 995200
2026-08-11 19:45:04,555 Average window size: 50  distance_to_goal: 0.484  distance_to_goal_reward: 0.000  reward: 4.033  spl: 0.739  success: 0.892
2026-08-11 19:45:04,555 	Perf Stats: trainer.rollout_collect: 0.286 trainer.sample_action: 0.003 trainer.obs_insert: 0.000 trainer.step_env: 0.005 trainer.update_stats: 0.001 trainer.update_agent: 0.035
2026-08-11 19:45:07,647 update: 6230	fps: 494.761	
2026-08-11 19:45:07,648 Num updates: 6230	Num frames 996800
2026-08-11 19:45:07,648 Average window size: 50  distance_to_goal: 0.470  distance_to_goal_reward: 0.000  reward: 4.253  spl: 0.759  success: 0.910
2026-08-11 19:45:07,648 	Perf Stats: trainer.rollout_collect: 0.286 trainer.sample_action: 0.003 trainer.obs_insert: 0.000 trainer.step_env: 0.005 trainer.update_stats: 0.001 trainer.update_agent: 0.035
2026-08-11 19:45:10,743 update: 6240	fps: 494.794	
2026-08-11 19:45:10,744 Num updates: 6240	Num frames 998400
2026-08-11 19:45:10,744 Average window size: 50  distance_to_goal: 0.368  distance_to_goal_reward: 0.000  reward: 4.529  spl: 0.780  success: 0.934
2026-08-11 19:45:10,744 	Perf Stats: trainer.rollout_collect: 0.285 trainer.sample_action: 0.003 trainer.obs_insert: 0.000 trainer.step_env: 0.005 trainer.update_stats: 0.001 trainer.update_agent: 0.035
2026-08-11 19:45:13,824 update: 6250	fps: 494.832	
2026-08-11 19:45:13,824 Num updates: 6250	Num frames 1000000
2026-08-11 19:45:13,824 Average window size: 50  distance_to_goal: 0.296  distance_to_goal_reward: 0.000  reward: 4.774  spl: 0.782  success: 0.931
2026-08-11 19:45:13,824 	Perf Stats: trainer.rollout_collect: 0.285 trainer.sample_action: 0.003 trainer.obs_insert: 0.000 trainer.step_env: 0.005 trainer.update_stats: 0.001 trainer.update_agent: 0.035
