Gym has been unmaintained since 2022 and does not support NumPy 2.0 amongst other critical functionality.
Please upgrade to Gymnasium, the maintained drop-in replacement of Gym, or contact the authors of your software and request that they upgrade.
See the migration guide at https://gymnasium.farama.org/introduction/migration_guide/ for additional information.
PluginManager::Manager: duplicate static plugin StbImageImporter, ignoring
PluginManager::Manager: duplicate static plugin GltfImporter, ignoring
PluginManager::Manager: duplicate static plugin BasisImporter, ignoring
PluginManager::Manager: duplicate static plugin AssimpImporter, ignoring
PluginManager::Manager: duplicate static plugin AnySceneImporter, ignoring
PluginManager::Manager: duplicate static plugin AnyImageImporter, ignoring
2026-08-11 17:26:54,754 config: habitat:
  seed: 100
  env_task: DynamicSuccessRewardGymHabitatEnv
  env_task_gym_dependencies: []
  env_task_gym_id: ''
  environment:
    max_episode_steps: 500
    max_episode_seconds: 10000000
    iterator_options:
      cycle: true
      shuffle: true
      group_by_scene: true
      num_episode_sample: -1
      max_scene_repeat_episodes: -1
      max_scene_repeat_steps: 10000
      step_repetition_range: 0.2
  simulator:
    type: Sim-v0
    forward_step_size: 0.25
    turn_angle: 10
    create_renderer: false
    requires_textures: true
    auto_sleep: false
    step_physics: true
    concur_render: false
    needs_markers: true
    update_articulated_agent: true
    scene: data/scene_datasets/habitat-test-scenes/van-gogh-room.glb
    scene_dataset: default
    additional_object_paths: []
    seed: ${habitat.seed}
    default_agent_id: 0
    debug_render: false
    debug_render_articulated_agent: false
    kinematic_mode: false
    should_setup_semantic_ids: true
    debug_render_goal: true
    robot_joint_start_noise: 0.0
    ctrl_freq: 120.0
    ac_freq_ratio: 4
    load_objs: true
    hold_thresh: 0.15
    grasp_impulse: 10000.0
    agents:
      main_agent:
        height: 1.5
        radius: 0.1
        max_climb: 0.2
        max_slope: 45.0
        grasp_managers: 1
        sim_sensors:
          rgb_sensor:
            type: HabitatSimRGBSensor
            height: 256
            width: 256
            position:
            - 0.0
            - 1.25
            - 0.0
            orientation:
            - 0.0
            - 0.0
            - 0.0
            hfov: 90
            sensor_subtype: PINHOLE
            noise_model: None
            noise_model_kwargs: {}
          depth_sensor:
            type: HabitatSimDepthSensor
            height: 256
            width: 256
            position:
            - 0.0
            - 1.25
            - 0.0
            orientation:
            - 0.0
            - 0.0
            - 0.0
            hfov: 90
            sensor_subtype: PINHOLE
            noise_model: None
            noise_model_kwargs: {}
            min_depth: 0.0
            max_depth: 10.0
            normalize_depth: true
        is_set_start_state: false
        start_position:
        - 0.0
        - 0.0
        - 0.0
        start_rotation:
        - 0.0
        - 0.0
        - 0.0
        - 1.0
        joint_start_noise: 0.1
        joint_that_can_control: null
        joint_start_override: null
        articulated_agent_urdf: null
        articulated_agent_type: null
        ik_arm_urdf: null
        motion_data_path: ''
        auto_update_sensor_transform: true
    agents_order:
    - main_agent
    default_agent_navmesh: true
    navmesh_include_static_objects: false
    habitat_sim_v0:
      gpu_device_id: 0
      gpu_gpu: false
      allow_sliding: true
      frustum_culling: true
      enable_physics: false
      enable_hbao: false
      physics_config_file: ./data/default.physics_config.json
      leave_context_with_background_renderer: false
      enable_gfx_replay_save: false
    ep_info: null
    object_ids_start: 100
    renderer:
      enable_batch_renderer: false
      composite_files: null
      classic_replay_renderer: false
  task:
    physics_target_sps: 60.0
    reward_measure: distance_to_goal_reward
    success_measure: spl
    success_reward: 2.5
    slack_reward: -0.01
    end_on_success: true
    type: Nav-v0
    lab_sensors:
      pointgoal_with_gps_compass_sensor:
        type: PointGoalWithGPSCompassSensor
        goal_format: POLAR
        dimensionality: 2
    measurements:
      distance_to_goal:
        type: DistanceToGoal
        distance_to: POINT
      success:
        type: Success
        success_distance: 0.2
      spl:
        type: SPL
      distance_to_goal_reward:
        type: DistanceToGoalReward
    rank0_env0_measure_names:
    - habitat_perf
    rank0_measure_names: []
    goal_sensor_uuid: pointgoal_with_gps_compass
    count_obj_collisions: true
    settle_steps: 5
    constraint_violation_ends_episode: true
    constraint_violation_drops_object: false
    force_regenerate: false
    should_save_to_cache: false
    object_in_hand_sample_prob: 0.167
    min_start_distance: 3.0
    render_target: true
    filter_colliding_states: true
    num_spawn_attempts: 200
    spawn_max_dist_to_obj: 2.0
    base_angle_noise: 0.523599
    spawn_max_dist_to_obj_delta: 0.02
    recep_place_shrink_factor: 0.8
    ee_sample_factor: 0.2
    ee_exclude_region: 0.0
    base_noise: 0.05
    spawn_region_scale: 0.2
    joint_max_impulse: -1.0
    desired_resting_position:
    - 0.5
    - 0.0
    - 1.0
    use_marker_t: true
    cache_robot_init: false
    success_state: 0.0
    should_enforce_target_within_reach: false
    task_spec_base_path: habitat/task/rearrange/pddl/
    task_spec: ''
    pddl_domain_def: replica_cad
    obj_succ_thresh: 0.3
    enable_safe_drop: false
    art_succ_thresh: 0.15
    robot_at_thresh: 2.0
    min_distance_start_agents: -1.0
    actions:
      stop:
        type: StopAction
      move_forward:
        type: MoveForwardAction
        tilt_angle: 15
      turn_left:
        type: TurnLeftAction
        tilt_angle: 15
      turn_right:
        type: TurnRightAction
        tilt_angle: 15
  dataset:
    type: PointNav-v1
    split: train
    scenes_dir: data/scene_datasets
    content_scenes:
    - '*'
    data_path: data/datasets/pointnav/habitat-test-scenes/v1/{split}/{split}.json.gz
    metadata: null
  gym:
    obs_keys: null
    action_keys: null
    achieved_goal_keys: []
    desired_goal_keys: []
habitat_baselines:
  evaluate: false
  trainer_name: ppo
  updater_name: PPO
  distrib_updater_name: DDPPO
  torch_gpu_id: 0
  tensorboard_dir: /home/furp/FURP-2026-AoyeZHANG-RL-Navigation-for-AMR/src/results/closeout_dsr/closeout_dsr_trainseed100_1m_env5/tb
  writer_type: tb
  video_dir: /home/furp/FURP-2026-AoyeZHANG-RL-Navigation-for-AMR/src/results/closeout_dsr/closeout_dsr_trainseed100_1m_env5/video
  video_fps: 10
  test_episode_count: 2
  eval_ckpt_path_dir: data/new_checkpoints
  num_environments: 5
  num_processes: -1
  rollout_storage_name: RolloutStorage
  checkpoint_folder: /home/furp/FURP-2026-AoyeZHANG-RL-Navigation-for-AMR/src/results/closeout_dsr/closeout_dsr_trainseed100_1m_env5/checkpoints
  num_updates: -1
  num_checkpoints: -1
  checkpoint_interval: 625
  total_num_steps: 1000000.0
  log_interval: 10
  log_file: train.log
  force_blind_policy: false
  verbose: true
  vector_env_factory:
    _target_: habitat_baselines.common.HabitatVectorEnvFactory
  evaluator:
    _target_: habitat_baselines.rl.ppo.habitat_evaluator.HabitatEvaluator
  eval_keys_to_include_in_name: []
  force_torch_single_threaded: true
  wb:
    project_name: ''
    entity: ''
    group: ''
    run_name: ''
  load_resume_state_config: true
  eval:
    split: val
    use_ckpt_config: true
    should_load_ckpt: true
    evals_per_ep: 1
    video_option:
    - disk
    - tensorboard
    extra_sim_sensors: {}
  profiling:
    capture_start_step: -1
    num_steps_to_capture: -1
  should_log_single_proc_infos: false
  on_save_ckpt_callback: null
  rl:
    agent:
      type: SingleAgentAccessMgr
      num_agent_types: 1
      num_active_agents_per_type:
      - 1
      num_pool_agents_per_type:
      - 1
      agent_sample_interval: 20
      force_partner_sample_idx: -1
      behavior_latent_dim: -1
      force_all_agents: false
      discrim_reward_weight: 1.0
      allow_self_play: false
      self_play_batched: false
      load_type1_pop_ckpts: null
    preemption:
      append_slurm_job_id: false
      save_resume_state_interval: 100
      save_state_batch_only: false
    policy:
      main_agent:
        name: PointNavResNetPolicy
        action_distribution_type: categorical
        action_dist:
          use_log_std: true
          use_softplus: false
          std_init: ???
          log_std_init: 0.0
          use_std_param: false
          clamp_std: true
          min_std: 1.0e-06
          max_std: 1
          min_log_std: -5
          max_log_std: 2
          action_activation: tanh
          scheduled_std: false
        obs_transforms: {}
        hierarchical_policy: ???
    ppo:
      clip_param: 0.1
      ppo_epoch: 1
      num_mini_batch: 1
      value_loss_coef: 0.5
      entropy_coef: 0.01
      lr: 0.00025
      eps: 1.0e-05
      max_grad_norm: 0.5
      num_steps: 32
      use_gae: true
      use_linear_lr_decay: true
      use_linear_clip_decay: true
      gamma: 0.99
      tau: 0.95
      reward_window_size: 50
      use_normalized_advantage: false
      hidden_size: 512
      entropy_target_factor: 0.0
      use_adaptive_entropy_pen: false
      use_clipped_value_loss: true
      use_double_buffered_sampler: false
    ddppo:
      sync_frac: 0.6
      distrib_backend: GLOO
      rnn_type: GRU
      num_recurrent_layers: 1
      backbone: resnet18
      pretrained_weights: data/ddppo-models/gibson-2plus-resnet50.pth
      pretrained: false
      pretrained_encoder: false
      train_encoder: true
      reset_critic: true
      force_distributed: false
    ver:
      variable_experience: true
      num_inference_workers: 2
      overlap_rollouts_and_learn: false
    auxiliary_losses: {}

2026-08-11 17:26:54,754 Initializing dataset PointNav-v1
2026-08-11 17:26:55,139 There are less scenes (2) than environments (5). Each environment will use all the scenes instead of using a subset.
Gym has been unmaintained since 2022 and does not support NumPy 2.0 amongst other critical functionality.
Please upgrade to Gymnasium, the maintained drop-in replacement of Gym, or contact the authors of your software and request that they upgrade.
See the migration guide at https://gymnasium.farama.org/introduction/migration_guide/ for additional information.
PluginManager::Manager: duplicate static plugin StbImageImporter, ignoring
PluginManager::Manager: duplicate static plugin GltfImporter, ignoring
PluginManager::Manager: duplicate static plugin BasisImporter, ignoring
PluginManager::Manager: duplicate static plugin AssimpImporter, ignoring
PluginManager::Manager: duplicate static plugin AnySceneImporter, ignoring
PluginManager::Manager: duplicate static plugin AnyImageImporter, ignoring
2026-08-11 17:26:57,355 Initializing dataset PointNav-v1
2026-08-11 17:26:57,366 Initializing dataset PointNav-v1
2026-08-11 17:26:57,366 Initializing dataset PointNav-v1
2026-08-11 17:26:57,368 Initializing dataset PointNav-v1
2026-08-11 17:26:57,372 Initializing dataset PointNav-v1
2026-08-11 17:26:57,599 initializing sim Sim-v0
PluginManager::Manager: duplicate static plugin StbImageImporter, ignoring
PluginManager::Manager: duplicate static plugin GltfImporter, ignoring
PluginManager::Manager: duplicate static plugin BasisImporter, ignoring
PluginManager::Manager: duplicate static plugin AssimpImporter, ignoring
PluginManager::Manager: duplicate static plugin AnySceneImporter, ignoring
PluginManager::Manager: duplicate static plugin AnyImageImporter, ignoring
2026-08-11 17:26:57,612 initializing sim Sim-v0
2026-08-11 17:26:57,613 initializing sim Sim-v0
PluginManager::Manager: duplicate static plugin StbImageImporter, ignoring
PluginManager::Manager: duplicate static plugin GltfImporter, ignoring
PluginManager::Manager: duplicate static plugin BasisImporter, ignoring
PluginManager::Manager: duplicate static plugin AssimpImporter, ignoring
PluginManager::Manager: duplicate static plugin AnySceneImporter, ignoring
PluginManager::Manager: duplicate static plugin AnyImageImporter, ignoring
PluginManager::Manager: duplicate static plugin StbImageImporter, ignoring
PluginManager::Manager: duplicate static plugin GltfImporter, ignoring
PluginManager::Manager: duplicate static plugin BasisImporter, ignoring
PluginManager::Manager: duplicate static plugin AssimpImporter, ignoring
PluginManager::Manager: duplicate static plugin AnySceneImporter, ignoring
PluginManager::Manager: duplicate static plugin AnyImageImporter, ignoring
2026-08-11 17:26:57,617 initializing sim Sim-v0
2026-08-11 17:26:57,618 initializing sim Sim-v0
PluginManager::Manager: duplicate static plugin StbImageImporter, ignoring
PluginManager::Manager: duplicate static plugin GltfImporter, ignoring
PluginManager::Manager: duplicate static plugin BasisImporter, ignoring
PluginManager::Manager: duplicate static plugin AssimpImporter, ignoring
PluginManager::Manager: duplicate static plugin AnySceneImporter, ignoring
PluginManager::Manager: duplicate static plugin AnyImageImporter, ignoring
PluginManager::Manager: duplicate static plugin StbImageImporter, ignoring
PluginManager::Manager: duplicate static plugin GltfImporter, ignoring
PluginManager::Manager: duplicate static plugin BasisImporter, ignoring
PluginManager::Manager: duplicate static plugin AssimpImporter, ignoring
PluginManager::Manager: duplicate static plugin AnySceneImporter, ignoring
PluginManager::Manager: duplicate static plugin AnyImageImporter, ignoring
Renderer: NVIDIA GeForce RTX 4070/PCIe/SSE2 by NVIDIA Corporation
OpenGL version: 4.6.0 NVIDIA 580.173.02
Using optional features:
    GL_ARB_vertex_array_object
    GL_ARB_separate_shader_objects
    GL_ARB_robustness
    GL_ARB_texture_storage
    GL_ARB_texture_view
    GL_ARB_framebuffer_no_attachments
    GL_ARB_invalidate_subdata
    GL_ARB_texture_storage_multisample
    GL_ARB_multi_bind
    GL_ARB_direct_state_access
    GL_ARB_get_texture_sub_image
    GL_ARB_texture_filter_anisotropic
    GL_KHR_debug
    GL_KHR_parallel_shader_compile
    GL_NV_depth_buffer_float
Using driver workarounds:
    no-forward-compatible-core-context
    nv-egl-incorrect-gl11-function-pointers
    no-layout-qualifiers-on-old-glsl
    nv-zero-context-profile-mask
    nv-implementation-color-read-format-dsa-broken
    nv-cubemap-inconsistent-compressed-image-size
    nv-cubemap-broken-full-compressed-image-query
    nv-compressed-block-size-in-bits
[17:26:57:812771]:[Warning]:[Metadata] SceneDatasetAttributes.cpp(107)::addNewSceneInstanceToDataset : Dataset : 'default' : Lighting Layout Attributes 'no_lights' specified in Scene Attributes but does not exist in dataset, so creating default.
[17:26:57:812883]:[Warning]:[Scene] SemanticScene.h(331)::checkFileExists : ::loadSemanticSceneDescriptor: File `data/scene_datasets/habitat-test-scenes/skokloster-castle.scn` does not exist.  Aborting load.
[17:26:57:812893]:[Warning]:[Scene] SemanticScene.cpp(123)::loadSemanticSceneDescriptor : SSD File Naming Issue! Neither SemanticAttributes-provided name : `data/scene_datasets/habitat-test-scenes/skokloster-castle.scn` nor constructed filename : `data/scene_datasets/habitat-test-scenes/info_semantic.json` exist on disk.
[17:26:57:812898]:[Error]:[Scene] SemanticScene.cpp(139)::loadSemanticSceneDescriptor : SSD Load Failure! File with SemanticAttributes-provided name `data/scene_datasets/habitat-test-scenes/skokloster-castle.scn` exists but failed to load.
Renderer: NVIDIA GeForce RTX 4070/PCIe/SSE2 by NVIDIA Corporation
OpenGL version: 4.6.0 NVIDIA 580.173.02
Using optional features:
    GL_ARB_vertex_array_object
    GL_ARB_separate_shader_objects
    GL_ARB_robustness
    GL_ARB_texture_storage
    GL_ARB_texture_view
    GL_ARB_framebuffer_no_attachments
    GL_ARB_invalidate_subdata
    GL_ARB_texture_storage_multisample
    GL_ARB_multi_bind
    GL_ARB_direct_state_access
    GL_ARB_get_texture_sub_image
    GL_ARB_texture_filter_anisotropic
    GL_KHR_debug
    GL_KHR_parallel_shader_compile
    GL_NV_depth_buffer_float
Using driver workarounds:
    no-forward-compatible-core-context
    nv-egl-incorrect-gl11-function-pointers
    no-layout-qualifiers-on-old-glsl
    nv-zero-context-profile-mask
    nv-implementation-color-read-format-dsa-broken
    nv-cubemap-inconsistent-compressed-image-size
    nv-cubemap-broken-full-compressed-image-query
    nv-compressed-block-size-in-bits
[17:26:57:825235]:[Warning]:[Metadata] SceneDatasetAttributes.cpp(107)::addNewSceneInstanceToDataset : Dataset : 'default' : Lighting Layout Attributes 'no_lights' specified in Scene Attributes but does not exist in dataset, so creating default.
[17:26:57:825343]:[Warning]:[Scene] SemanticScene.h(331)::checkFileExists : ::loadSemanticSceneDescriptor: File `data/scene_datasets/habitat-test-scenes/skokloster-castle.scn` does not exist.  Aborting load.
[17:26:57:825353]:[Warning]:[Scene] SemanticScene.cpp(123)::loadSemanticSceneDescriptor : SSD File Naming Issue! Neither SemanticAttributes-provided name : `data/scene_datasets/habitat-test-scenes/skokloster-castle.scn` nor constructed filename : `data/scene_datasets/habitat-test-scenes/info_semantic.json` exist on disk.
[17:26:57:825358]:[Error]:[Scene] SemanticScene.cpp(139)::loadSemanticSceneDescriptor : SSD Load Failure! File with SemanticAttributes-provided name `data/scene_datasets/habitat-test-scenes/skokloster-castle.scn` exists but failed to load.
Renderer: NVIDIA GeForce RTX 4070/PCIe/SSE2 by NVIDIA Corporation
OpenGL version: 4.6.0 NVIDIA 580.173.02
Using optional features:
    GL_ARB_vertex_array_object
    GL_ARB_separate_shader_objects
    GL_ARB_robustness
    GL_ARB_texture_storage
    GL_ARB_texture_view
    GL_ARB_framebuffer_no_attachments
    GL_ARB_invalidate_subdata
    GL_ARB_texture_storage_multisample
    GL_ARB_multi_bind
    GL_ARB_direct_state_access
    GL_ARB_get_texture_sub_image
    GL_ARB_texture_filter_anisotropic
    GL_KHR_debug
    GL_KHR_parallel_shader_compile
    GL_NV_depth_buffer_float
Using driver workarounds:
    no-forward-compatible-core-context
    nv-egl-incorrect-gl11-function-pointers
    no-layout-qualifiers-on-old-glsl
    nv-zero-context-profile-mask
    nv-implementation-color-read-format-dsa-broken
    nv-cubemap-inconsistent-compressed-image-size
    nv-cubemap-broken-full-compressed-image-query
    nv-compressed-block-size-in-bits
[17:26:57:825676]:[Warning]:[Metadata] SceneDatasetAttributes.cpp(107)::addNewSceneInstanceToDataset : Dataset : 'default' : Lighting Layout Attributes 'no_lights' specified in Scene Attributes but does not exist in dataset, so creating default.
[17:26:57:825744]:[Warning]:[Scene] SemanticScene.h(331)::checkFileExists : ::loadSemanticSceneDescriptor: File `data/scene_datasets/habitat-test-scenes/van-gogh-room.scn` does not exist.  Aborting load.
[17:26:57:825753]:[Warning]:[Scene] SemanticScene.cpp(123)::loadSemanticSceneDescriptor : SSD File Naming Issue! Neither SemanticAttributes-provided name : `data/scene_datasets/habitat-test-scenes/van-gogh-room.scn` nor constructed filename : `data/scene_datasets/habitat-test-scenes/info_semantic.json` exist on disk.
[17:26:57:825758]:[Error]:[Scene] SemanticScene.cpp(139)::loadSemanticSceneDescriptor : SSD Load Failure! File with SemanticAttributes-provided name `data/scene_datasets/habitat-test-scenes/van-gogh-room.scn` exists but failed to load.
Renderer: NVIDIA GeForce RTX 4070/PCIe/SSE2 by NVIDIA Corporation
OpenGL version: 4.6.0 NVIDIA 580.173.02
Using optional features:
    GL_ARB_vertex_array_object
    GL_ARB_separate_shader_objects
    GL_ARB_robustness
    GL_ARB_texture_storage
    GL_ARB_texture_view
    GL_ARB_framebuffer_no_attachments
    GL_ARB_invalidate_subdata
    GL_ARB_texture_storage_multisample
    GL_ARB_multi_bind
    GL_ARB_direct_state_access
    GL_ARB_get_texture_sub_image
    GL_ARB_texture_filter_anisotropic
    GL_KHR_debug
    GL_KHR_parallel_shader_compile
    GL_NV_depth_buffer_float
Using driver workarounds:
    no-forward-compatible-core-context
    nv-egl-incorrect-gl11-function-pointers
    no-layout-qualifiers-on-old-glsl
    nv-zero-context-profile-mask
    nv-implementation-color-read-format-dsa-broken
    nv-cubemap-inconsistent-compressed-image-size
    nv-cubemap-broken-full-compressed-image-query
    nv-compressed-block-size-in-bits
[17:26:57:826636]:[Warning]:[Metadata] SceneDatasetAttributes.cpp(107)::addNewSceneInstanceToDataset : Dataset : 'default' : Lighting Layout Attributes 'no_lights' specified in Scene Attributes but does not exist in dataset, so creating default.
[17:26:57:826743]:[Warning]:[Scene] SemanticScene.h(331)::checkFileExists : ::loadSemanticSceneDescriptor: File `data/scene_datasets/habitat-test-scenes/skokloster-castle.scn` does not exist.  Aborting load.
[17:26:57:826752]:[Warning]:[Scene] SemanticScene.cpp(123)::loadSemanticSceneDescriptor : SSD File Naming Issue! Neither SemanticAttributes-provided name : `data/scene_datasets/habitat-test-scenes/skokloster-castle.scn` nor constructed filename : `data/scene_datasets/habitat-test-scenes/info_semantic.json` exist on disk.
[17:26:57:826757]:[Error]:[Scene] SemanticScene.cpp(139)::loadSemanticSceneDescriptor : SSD Load Failure! File with SemanticAttributes-provided name `data/scene_datasets/habitat-test-scenes/skokloster-castle.scn` exists but failed to load.
Renderer: NVIDIA GeForce RTX 4070/PCIe/SSE2 by NVIDIA Corporation
OpenGL version: 4.6.0 NVIDIA 580.173.02
Using optional features:
    GL_ARB_vertex_array_object
    GL_ARB_separate_shader_objects
    GL_ARB_robustness
    GL_ARB_texture_storage
    GL_ARB_texture_view
    GL_ARB_framebuffer_no_attachments
    GL_ARB_invalidate_subdata
    GL_ARB_texture_storage_multisample
    GL_ARB_multi_bind
    GL_ARB_direct_state_access
    GL_ARB_get_texture_sub_image
    GL_ARB_texture_filter_anisotropic
    GL_KHR_debug
    GL_KHR_parallel_shader_compile
    GL_NV_depth_buffer_float
Using driver workarounds:
    no-forward-compatible-core-context
    nv-egl-incorrect-gl11-function-pointers
    no-layout-qualifiers-on-old-glsl
    nv-zero-context-profile-mask
    nv-implementation-color-read-format-dsa-broken
    nv-cubemap-inconsistent-compressed-image-size
    nv-cubemap-broken-full-compressed-image-query
    nv-compressed-block-size-in-bits
[17:26:57:827931]:[Warning]:[Metadata] SceneDatasetAttributes.cpp(107)::addNewSceneInstanceToDataset : Dataset : 'default' : Lighting Layout Attributes 'no_lights' specified in Scene Attributes but does not exist in dataset, so creating default.
[17:26:57:827985]:[Warning]:[Scene] SemanticScene.h(331)::checkFileExists : ::loadSemanticSceneDescriptor: File `data/scene_datasets/habitat-test-scenes/van-gogh-room.scn` does not exist.  Aborting load.
[17:26:57:827994]:[Warning]:[Scene] SemanticScene.cpp(123)::loadSemanticSceneDescriptor : SSD File Naming Issue! Neither SemanticAttributes-provided name : `data/scene_datasets/habitat-test-scenes/van-gogh-room.scn` nor constructed filename : `data/scene_datasets/habitat-test-scenes/info_semantic.json` exist on disk.
[17:26:57:827998]:[Error]:[Scene] SemanticScene.cpp(139)::loadSemanticSceneDescriptor : SSD Load Failure! File with SemanticAttributes-provided name `data/scene_datasets/habitat-test-scenes/van-gogh-room.scn` exists but failed to load.
[17:26:58:434101]:[Warning]:[Sim] Simulator.cpp(595)::instanceStageForSceneAttributes : The active scene does not contain semantic annotations : activeSemanticSceneID_ = 0
[17:26:58:435851]:[Warning]:[Sim] Simulator.cpp(595)::instanceStageForSceneAttributes : The active scene does not contain semantic annotations : activeSemanticSceneID_ = 0
2026-08-11 17:26:58,436 Initializing task Nav-v0
2026-08-11 17:26:58,437 Initializing task Nav-v0
[17:26:58:619496]:[Warning]:[Sim] Simulator.cpp(595)::instanceStageForSceneAttributes : The active scene does not contain semantic annotations : activeSemanticSceneID_ = 0
2026-08-11 17:26:58,622 Initializing task Nav-v0
[17:26:58:688470]:[Warning]:[Sim] Simulator.cpp(595)::instanceStageForSceneAttributes : The active scene does not contain semantic annotations : activeSemanticSceneID_ = 0
[17:26:58:689333]:[Warning]:[Sim] Simulator.cpp(595)::instanceStageForSceneAttributes : The active scene does not contain semantic annotations : activeSemanticSceneID_ = 0
2026-08-11 17:26:58,690 Initializing task Nav-v0
2026-08-11 17:26:58,691 Initializing task Nav-v0
2026-08-11 17:26:59,137 Number of params to train: 5821797
2026-08-11 17:26:59,137 Agent number of parameters: 5821797
2026-08-11 17:27:03,454 update: 10	fps: 372.740	
2026-08-11 17:27:03,455 Num updates: 10	Num frames 1600
2026-08-11 17:27:03,455 Average window size: 10  distance_to_goal: 5.814  distance_to_goal_reward: 0.000  reward: -0.044  spl: 0.000  success: 0.000
2026-08-11 17:27:03,455 	Perf Stats: trainer.rollout_collect: 0.380 trainer.sample_action: 0.004 trainer.obs_insert: 0.000 trainer.step_env: 0.007 trainer.update_stats: 0.001 trainer.update_agent: 0.048
2026-08-11 17:27:07,425 update: 20	fps: 387.274	
2026-08-11 17:27:07,425 Num updates: 20	Num frames 3200
2026-08-11 17:27:07,425 Average window size: 20  distance_to_goal: 6.006  distance_to_goal_reward: 0.000  reward: -0.043  spl: 0.000  success: 0.000
2026-08-11 17:27:07,425 	Perf Stats: trainer.rollout_collect: 0.370 trainer.sample_action: 0.003 trainer.obs_insert: 0.000 trainer.step_env: 0.007 trainer.update_stats: 0.001 trainer.update_agent: 0.041
2026-08-11 17:27:11,416 update: 30	fps: 391.690	
2026-08-11 17:27:11,417 Num updates: 30	Num frames 4800
2026-08-11 17:27:11,417 Average window size: 30  distance_to_goal: 6.127  distance_to_goal_reward: 0.000  reward: -0.036  spl: 0.000  success: 0.000
2026-08-11 17:27:11,417 	Perf Stats: trainer.rollout_collect: 0.367 trainer.sample_action: 0.003 trainer.obs_insert: 0.000 trainer.step_env: 0.007 trainer.update_stats: 0.001 trainer.update_agent: 0.039
2026-08-11 17:27:15,429 update: 40	fps: 393.422	
2026-08-11 17:27:15,438 Num updates: 40	Num frames 6400
2026-08-11 17:27:15,438 Average window size: 40  distance_to_goal: 6.233  distance_to_goal_reward: 0.000  reward: -0.029  spl: 0.000  success: 0.000
2026-08-11 17:27:15,438 	Perf Stats: trainer.rollout_collect: 0.367 trainer.sample_action: 0.003 trainer.obs_insert: 0.000 trainer.step_env: 0.007 trainer.update_stats: 0.001 trainer.update_agent: 0.038
2026-08-11 17:27:19,523 update: 50	fps: 392.916	
2026-08-11 17:27:19,523 Num updates: 50	Num frames 8000
2026-08-11 17:27:19,523 Average window size: 50  distance_to_goal: 6.351  distance_to_goal_reward: 0.000  reward: -0.028  spl: 0.000  success: 0.000
2026-08-11 17:27:19,523 	Perf Stats: trainer.rollout_collect: 0.368 trainer.sample_action: 0.003 trainer.obs_insert: 0.000 trainer.step_env: 0.007 trainer.update_stats: 0.001 trainer.update_agent: 0.038
2026-08-11 17:27:23,546 update: 60	fps: 393.845	
2026-08-11 17:27:23,546 Num updates: 60	Num frames 9600
2026-08-11 17:27:23,547 Average window size: 50  distance_to_goal: 6.461  distance_to_goal_reward: 0.000  reward: -0.027  spl: 0.000  success: 0.000
2026-08-11 17:27:23,547 	Perf Stats: trainer.rollout_collect: 0.367 trainer.sample_action: 0.003 trainer.obs_insert: 0.000 trainer.step_env: 0.007 trainer.update_stats: 0.001 trainer.update_agent: 0.037
2026-08-11 17:27:27,582 update: 70	fps: 394.085	
2026-08-11 17:27:27,582 Num updates: 70	Num frames 11200
2026-08-11 17:27:27,582 Average window size: 50  distance_to_goal: 6.383  distance_to_goal_reward: 0.000  reward: -0.022  spl: 0.000  success: 0.000
2026-08-11 17:27:27,582 	Perf Stats: trainer.rollout_collect: 0.367 trainer.sample_action: 0.003 trainer.obs_insert: 0.000 trainer.step_env: 0.007 trainer.update_stats: 0.001 trainer.update_agent: 0.037
2026-08-11 17:27:31,614 update: 80	fps: 394.428	
2026-08-11 17:27:31,614 Num updates: 80	Num frames 12800
2026-08-11 17:27:31,614 Average window size: 50  distance_to_goal: 6.421  distance_to_goal_reward: 0.000  reward: -0.014  spl: 0.000  success: 0.000
2026-08-11 17:27:31,614 	Perf Stats: trainer.rollout_collect: 0.367 trainer.sample_action: 0.003 trainer.obs_insert: 0.000 trainer.step_env: 0.007 trainer.update_stats: 0.001 trainer.update_agent: 0.037
2026-08-11 17:27:35,553 update: 90	fps: 395.698	
2026-08-11 17:27:35,553 Num updates: 90	Num frames 14400
2026-08-11 17:27:35,553 Average window size: 50  distance_to_goal: 6.353  distance_to_goal_reward: 0.000  reward: -0.012  spl: 0.000  success: 0.000
2026-08-11 17:27:35,553 	Perf Stats: trainer.rollout_collect: 0.366 trainer.sample_action: 0.003 trainer.obs_insert: 0.000 trainer.step_env: 0.007 trainer.update_stats: 0.001 trainer.update_agent: 0.036
2026-08-11 17:27:39,387 update: 100	fps: 397.763	
2026-08-11 17:27:39,387 Num updates: 100	Num frames 16000
2026-08-11 17:27:39,387 Average window size: 50  distance_to_goal: 6.143  distance_to_goal_reward: 0.000  reward: -0.007  spl: 0.000  success: 0.000
2026-08-11 17:27:39,387 	Perf Stats: trainer.rollout_collect: 0.364 trainer.sample_action: 0.003 trainer.obs_insert: 0.000 trainer.step_env: 0.007 trainer.update_stats: 0.001 trainer.update_agent: 0.036
2026-08-11 17:27:42,712 update: 110	fps: 404.130	
2026-08-11 17:27:42,712 Num updates: 110	Num frames 17600
2026-08-11 17:27:42,712 Average window size: 50  distance_to_goal: 5.961  distance_to_goal_reward: 0.000  reward: 0.001  spl: 0.000  success: 0.000
2026-08-11 17:27:42,712 	Perf Stats: trainer.rollout_collect: 0.357 trainer.sample_action: 0.003 trainer.obs_insert: 0.000 trainer.step_env: 0.007 trainer.update_stats: 0.001 trainer.update_agent: 0.036
2026-08-11 17:27:46,093 update: 120	fps: 409.105	
2026-08-11 17:27:46,094 Num updates: 120	Num frames 19200
2026-08-11 17:27:46,094 Average window size: 50  distance_to_goal: 5.666  distance_to_goal_reward: 0.000  reward: -0.003  spl: 0.000  success: 0.000
2026-08-11 17:27:46,094 	Perf Stats: trainer.rollout_collect: 0.353 trainer.sample_action: 0.003 trainer.obs_insert: 0.000 trainer.step_env: 0.007 trainer.update_stats: 0.001 trainer.update_agent: 0.036
2026-08-11 17:27:49,821 update: 130	fps: 410.593	
2026-08-11 17:27:49,821 Num updates: 130	Num frames 20800
2026-08-11 17:27:49,821 Average window size: 50  distance_to_goal: 4.965  distance_to_goal_reward: 0.000  reward: -0.011  spl: 0.001  success: 0.001
2026-08-11 17:27:49,821 	Perf Stats: trainer.rollout_collect: 0.351 trainer.sample_action: 0.003 trainer.obs_insert: 0.000 trainer.step_env: 0.007 trainer.update_stats: 0.001 trainer.update_agent: 0.036
2026-08-11 17:27:53,709 update: 140	fps: 410.658	
2026-08-11 17:27:53,709 Num updates: 140	Num frames 22400
2026-08-11 17:27:53,709 Average window size: 50  distance_to_goal: 4.293  distance_to_goal_reward: 0.000  reward: -0.004  spl: 0.001  success: 0.001
2026-08-11 17:27:53,709 	Perf Stats: trainer.rollout_collect: 0.351 trainer.sample_action: 0.003 trainer.obs_insert: 0.000 trainer.step_env: 0.007 trainer.update_stats: 0.001 trainer.update_agent: 0.036
2026-08-11 17:27:57,467 update: 150	fps: 411.631	
2026-08-11 17:27:57,467 Num updates: 150	Num frames 24000
2026-08-11 17:27:57,467 Average window size: 50  distance_to_goal: 3.869  distance_to_goal_reward: 0.000  reward: 0.032  spl: 0.001  success: 0.001
2026-08-11 17:27:57,467 	Perf Stats: trainer.rollout_collect: 0.350 trainer.sample_action: 0.003 trainer.obs_insert: 0.000 trainer.step_env: 0.007 trainer.update_stats: 0.001 trainer.update_agent: 0.036
2026-08-11 17:28:01,248 update: 160	fps: 412.327	
2026-08-11 17:28:01,249 Num updates: 160	Num frames 25600
2026-08-11 17:28:01,249 Average window size: 50  distance_to_goal: 3.829  distance_to_goal_reward: 0.000  reward: 0.111  spl: 0.001  success: 0.001
2026-08-11 17:28:01,249 	Perf Stats: trainer.rollout_collect: 0.350 trainer.sample_action: 0.003 trainer.obs_insert: 0.000 trainer.step_env: 0.007 trainer.update_stats: 0.001 trainer.update_agent: 0.036
2026-08-11 17:28:04,741 update: 170	fps: 414.764	
2026-08-11 17:28:04,750 Num updates: 170	Num frames 27200
2026-08-11 17:28:04,750 Average window size: 50  distance_to_goal: 3.776  distance_to_goal_reward: 0.000  reward: 0.161  spl: 0.002  success: 0.002
2026-08-11 17:28:04,750 	Perf Stats: trainer.rollout_collect: 0.347 trainer.sample_action: 0.003 trainer.obs_insert: 0.000 trainer.step_env: 0.007 trainer.update_stats: 0.001 trainer.update_agent: 0.036
2026-08-11 17:28:08,943 update: 180	fps: 412.718	
2026-08-11 17:28:08,944 Num updates: 180	Num frames 28800
2026-08-11 17:28:08,944 Average window size: 50  distance_to_goal: 4.260  distance_to_goal_reward: 0.000  reward: 0.166  spl: 0.004  success: 0.004
2026-08-11 17:28:08,944 	Perf Stats: trainer.rollout_collect: 0.349 trainer.sample_action: 0.003 trainer.obs_insert: 0.000 trainer.step_env: 0.007 trainer.update_stats: 0.001 trainer.update_agent: 0.036
2026-08-11 17:28:13,225 update: 190	fps: 410.460	
2026-08-11 17:28:13,225 Num updates: 190	Num frames 30400
2026-08-11 17:28:13,225 Average window size: 50  distance_to_goal: 4.462  distance_to_goal_reward: 0.000  reward: 0.192  spl: 0.005  success: 0.005
2026-08-11 17:28:13,226 	Perf Stats: trainer.rollout_collect: 0.351 trainer.sample_action: 0.003 trainer.obs_insert: 0.000 trainer.step_env: 0.007 trainer.update_stats: 0.001 trainer.update_agent: 0.036
2026-08-11 17:28:17,002 update: 200	fps: 411.098	
2026-08-11 17:28:17,003 Num updates: 200	Num frames 32000
2026-08-11 17:28:17,003 Average window size: 50  distance_to_goal: 4.488  distance_to_goal_reward: 0.000  reward: 0.222  spl: 0.007  success: 0.007
2026-08-11 17:28:17,003 	Perf Stats: trainer.rollout_collect: 0.350 trainer.sample_action: 0.003 trainer.obs_insert: 0.000 trainer.step_env: 0.007 trainer.update_stats: 0.001 trainer.update_agent: 0.036
2026-08-11 17:28:20,827 update: 210	fps: 411.436	
2026-08-11 17:28:20,827 Num updates: 210	Num frames 33600
2026-08-11 17:28:20,827 Average window size: 50  distance_to_goal: 4.594  distance_to_goal_reward: 0.000  reward: 0.157  spl: 0.009  success: 0.009
2026-08-11 17:28:20,828 	Perf Stats: trainer.rollout_collect: 0.350 trainer.sample_action: 0.003 trainer.obs_insert: 0.000 trainer.step_env: 0.007 trainer.update_stats: 0.001 trainer.update_agent: 0.036
2026-08-11 17:28:25,156 update: 220	fps: 409.330	
2026-08-11 17:28:25,156 Num updates: 220	Num frames 35200
2026-08-11 17:28:25,157 Average window size: 50  distance_to_goal: 4.733  distance_to_goal_reward: 0.000  reward: 0.196  spl: 0.010  success: 0.010
2026-08-11 17:28:25,157 	Perf Stats: trainer.rollout_collect: 0.352 trainer.sample_action: 0.003 trainer.obs_insert: 0.000 trainer.step_env: 0.007 trainer.update_stats: 0.001 trainer.update_agent: 0.036
2026-08-11 17:28:29,073 update: 230	fps: 409.296	
2026-08-11 17:28:29,073 Num updates: 230	Num frames 36800
2026-08-11 17:28:29,073 Average window size: 50  distance_to_goal: 4.286  distance_to_goal_reward: 0.000  reward: 0.251  spl: 0.009  success: 0.010
2026-08-11 17:28:29,073 	Perf Stats: trainer.rollout_collect: 0.352 trainer.sample_action: 0.003 trainer.obs_insert: 0.000 trainer.step_env: 0.007 trainer.update_stats: 0.001 trainer.update_agent: 0.037
2026-08-11 17:28:32,948 update: 240	fps: 409.443	
2026-08-11 17:28:32,948 Num updates: 240	Num frames 38400
2026-08-11 17:28:32,948 Average window size: 50  distance_to_goal: 3.799  distance_to_goal_reward: 0.000  reward: 0.318  spl: 0.012  success: 0.013
2026-08-11 17:28:32,948 	Perf Stats: trainer.rollout_collect: 0.351 trainer.sample_action: 0.003 trainer.obs_insert: 0.000 trainer.step_env: 0.007 trainer.update_stats: 0.001 trainer.update_agent: 0.037
2026-08-11 17:28:36,567 update: 250	fps: 410.658	
2026-08-11 17:28:36,567 Num updates: 250	Num frames 40000
2026-08-11 17:28:36,567 Average window size: 50  distance_to_goal: 3.878  distance_to_goal_reward: 0.000  reward: 0.308  spl: 0.010  success: 0.011
2026-08-11 17:28:36,567 	Perf Stats: trainer.rollout_collect: 0.350 trainer.sample_action: 0.003 trainer.obs_insert: 0.000 trainer.step_env: 0.007 trainer.update_stats: 0.001 trainer.update_agent: 0.037
2026-08-11 17:28:39,907 update: 260	fps: 412.925	
2026-08-11 17:28:39,907 Num updates: 260	Num frames 41600
2026-08-11 17:28:39,907 Average window size: 50  distance_to_goal: 3.777  distance_to_goal_reward: 0.000  reward: 0.416  spl: 0.009  success: 0.010
2026-08-11 17:28:39,907 	Perf Stats: trainer.rollout_collect: 0.348 trainer.sample_action: 0.003 trainer.obs_insert: 0.000 trainer.step_env: 0.006 trainer.update_stats: 0.001 trainer.update_agent: 0.037
2026-08-11 17:28:43,142 update: 270	fps: 415.465	
2026-08-11 17:28:43,142 Num updates: 270	Num frames 43200
2026-08-11 17:28:43,142 Average window size: 50  distance_to_goal: 3.454  distance_to_goal_reward: 0.000  reward: 0.520  spl: 0.013  success: 0.015
2026-08-11 17:28:43,142 	Perf Stats: trainer.rollout_collect: 0.346 trainer.sample_action: 0.003 trainer.obs_insert: 0.000 trainer.step_env: 0.006 trainer.update_stats: 0.001 trainer.update_agent: 0.036
PluginManager::Manager: duplicate static plugin StbImageImporter, ignoring
PluginManager::Manager: duplicate static plugin GltfImporter, ignoring
PluginManager::Manager: duplicate static plugin BasisImporter, ignoring
PluginManager::Manager: duplicate static plugin AssimpImporter, ignoring
PluginManager::Manager: duplicate static plugin AnySceneImporter, ignoring
PluginManager::Manager: duplicate static plugin AnyImageImporter, ignoring
Renderer: NVIDIA GeForce RTX 4070/PCIe/SSE2 by NVIDIA Corporation
OpenGL version: 4.6.0 NVIDIA 580.173.02
Using optional features:
    GL_ARB_vertex_array_object
    GL_ARB_separate_shader_objects
    GL_ARB_robustness
    GL_ARB_texture_storage
    GL_ARB_texture_view
    GL_ARB_framebuffer_no_attachments
    GL_ARB_invalidate_subdata
    GL_ARB_texture_storage_multisample
    GL_ARB_multi_bind
    GL_ARB_direct_state_access
    GL_ARB_get_texture_sub_image
    GL_ARB_texture_filter_anisotropic
    GL_KHR_debug
    GL_KHR_parallel_shader_compile
    GL_NV_depth_buffer_float
Using driver workarounds:
    no-forward-compatible-core-context
    nv-egl-incorrect-gl11-function-pointers
    no-layout-qualifiers-on-old-glsl
    nv-zero-context-profile-mask
    nv-implementation-color-read-format-dsa-broken
    nv-cubemap-inconsistent-compressed-image-size
    nv-cubemap-broken-full-compressed-image-query
    nv-compressed-block-size-in-bits
[17:28:45:511577]:[Warning]:[Scene] SemanticScene.h(331)::checkFileExists : ::loadSemanticSceneDescriptor: File `data/scene_datasets/habitat-test-scenes/van-gogh-room.scn` does not exist.  Aborting load.
[17:28:45:511594]:[Warning]:[Scene] SemanticScene.cpp(123)::loadSemanticSceneDescriptor : SSD File Naming Issue! Neither SemanticAttributes-provided name : `data/scene_datasets/habitat-test-scenes/van-gogh-room.scn` nor constructed filename : `data/scene_datasets/habitat-test-scenes/info_semantic.json` exist on disk.
[17:28:45:511599]:[Error]:[Scene] SemanticScene.cpp(139)::loadSemanticSceneDescriptor : SSD Load Failure! File with SemanticAttributes-provided name `data/scene_datasets/habitat-test-scenes/van-gogh-room.scn` exists but failed to load.
[17:28:45:986464]:[Warning]:[Sim] Simulator.cpp(595)::instanceStageForSceneAttributes : The active scene does not contain semantic annotations : activeSemanticSceneID_ = 0
2026-08-11 17:28:47,012 update: 280	fps: 415.390	
2026-08-11 17:28:47,012 Num updates: 280	Num frames 44800
2026-08-11 17:28:47,012 Average window size: 50  distance_to_goal: 3.239  distance_to_goal_reward: 0.000  reward: 0.542  spl: 0.014  success: 0.016
2026-08-11 17:28:47,013 	Perf Stats: trainer.rollout_collect: 0.346 trainer.sample_action: 0.003 trainer.obs_insert: 0.000 trainer.step_env: 0.006 trainer.update_stats: 0.001 trainer.update_agent: 0.036
PluginManager::Manager: duplicate static plugin StbImageImporter, ignoring
PluginManager::Manager: duplicate static plugin GltfImporter, ignoring
PluginManager::Manager: duplicate static plugin BasisImporter, ignoring
PluginManager::Manager: duplicate static plugin AssimpImporter, ignoring
PluginManager::Manager: duplicate static plugin AnySceneImporter, ignoring
PluginManager::Manager: duplicate static plugin AnyImageImporter, ignoring
Renderer: NVIDIA GeForce RTX 4070/PCIe/SSE2 by NVIDIA Corporation
OpenGL version: 4.6.0 NVIDIA 580.173.02
Using optional features:
    GL_ARB_vertex_array_object
    GL_ARB_separate_shader_objects
    GL_ARB_robustness
    GL_ARB_texture_storage
    GL_ARB_texture_view
    GL_ARB_framebuffer_no_attachments
    GL_ARB_invalidate_subdata
    GL_ARB_texture_storage_multisample
    GL_ARB_multi_bind
    GL_ARB_direct_state_access
    GL_ARB_get_texture_sub_image
    GL_ARB_texture_filter_anisotropic
    GL_KHR_debug
    GL_KHR_parallel_shader_compile
    GL_NV_depth_buffer_float
Using driver workarounds:
    no-forward-compatible-core-context
    nv-egl-incorrect-gl11-function-pointers
    no-layout-qualifiers-on-old-glsl
    nv-zero-context-profile-mask
    nv-implementation-color-read-format-dsa-broken
    nv-cubemap-inconsistent-compressed-image-size
    nv-cubemap-broken-full-compressed-image-query
    nv-compressed-block-size-in-bits
[17:28:49:809470]:[Warning]:[Scene] SemanticScene.h(331)::checkFileExists : ::loadSemanticSceneDescriptor: File `data/scene_datasets/habitat-test-scenes/skokloster-castle.scn` does not exist.  Aborting load.
[17:28:49:809485]:[Warning]:[Scene] SemanticScene.cpp(123)::loadSemanticSceneDescriptor : SSD File Naming Issue! Neither SemanticAttributes-provided name : `data/scene_datasets/habitat-test-scenes/skokloster-castle.scn` nor constructed filename : `data/scene_datasets/habitat-test-scenes/info_semantic.json` exist on disk.
[17:28:49:809491]:[Error]:[Scene] SemanticScene.cpp(139)::loadSemanticSceneDescriptor : SSD Load Failure! File with SemanticAttributes-provided name `data/scene_datasets/habitat-test-scenes/skokloster-castle.scn` exists but failed to load.
[17:28:50:440860]:[Warning]:[Sim] Simulator.cpp(595)::instanceStageForSceneAttributes : The active scene does not contain semantic annotations : activeSemanticSceneID_ = 0
2026-08-11 17:28:51,075 update: 290	fps: 414.608	
2026-08-11 17:28:51,075 Num updates: 290	Num frames 46400
2026-08-11 17:28:51,075 Average window size: 50  distance_to_goal: 3.167  distance_to_goal_reward: 0.000  reward: 0.552  spl: 0.018  success: 0.020
2026-08-11 17:28:51,075 	Perf Stats: trainer.rollout_collect: 0.347 trainer.sample_action: 0.003 trainer.obs_insert: 0.000 trainer.step_env: 0.006 trainer.update_stats: 0.001 trainer.update_agent: 0.036
PluginManager::Manager: duplicate static plugin StbImageImporter, ignoring
PluginManager::Manager: duplicate static plugin GltfImporter, ignoring
PluginManager::Manager: duplicate static plugin BasisImporter, ignoring
PluginManager::Manager: duplicate static plugin AssimpImporter, ignoring
PluginManager::Manager: duplicate static plugin AnySceneImporter, ignoring
PluginManager::Manager: duplicate static plugin AnyImageImporter, ignoring
Renderer: NVIDIA GeForce RTX 4070/PCIe/SSE2 by NVIDIA Corporation
OpenGL version: 4.6.0 NVIDIA 580.173.02
Using optional features:
    GL_ARB_vertex_array_object
    GL_ARB_separate_shader_objects
    GL_ARB_robustness
    GL_ARB_texture_storage
    GL_ARB_texture_view
    GL_ARB_framebuffer_no_attachments
    GL_ARB_invalidate_subdata
    GL_ARB_texture_storage_multisample
    GL_ARB_multi_bind
    GL_ARB_direct_state_access
    GL_ARB_get_texture_sub_image
    GL_ARB_texture_filter_anisotropic
    GL_KHR_debug
    GL_KHR_parallel_shader_compile
    GL_NV_depth_buffer_float
Using driver workarounds:
    no-forward-compatible-core-context
    nv-egl-incorrect-gl11-function-pointers
    no-layout-qualifiers-on-old-glsl
    nv-zero-context-profile-mask
    nv-implementation-color-read-format-dsa-broken
    nv-cubemap-inconsistent-compressed-image-size
    nv-cubemap-broken-full-compressed-image-query
    nv-compressed-block-size-in-bits
[17:28:54:291524]:[Warning]:[Scene] SemanticScene.h(331)::checkFileExists : ::loadSemanticSceneDescriptor: File `data/scene_datasets/habitat-test-scenes/van-gogh-room.scn` does not exist.  Aborting load.
[17:28:54:291539]:[Warning]:[Scene] SemanticScene.cpp(123)::loadSemanticSceneDescriptor : SSD File Naming Issue! Neither SemanticAttributes-provided name : `data/scene_datasets/habitat-test-scenes/van-gogh-room.scn` nor constructed filename : `data/scene_datasets/habitat-test-scenes/info_semantic.json` exist on disk.
[17:28:54:291544]:[Error]:[Scene] SemanticScene.cpp(139)::loadSemanticSceneDescriptor : SSD Load Failure! File with SemanticAttributes-provided name `data/scene_datasets/habitat-test-scenes/van-gogh-room.scn` exists but failed to load.
[17:28:54:770079]:[Warning]:[Sim] Simulator.cpp(595)::instanceStageForSceneAttributes : The active scene does not contain semantic annotations : activeSemanticSceneID_ = 0
2026-08-11 17:28:54,960 update: 300	fps: 414.516	
2026-08-11 17:28:54,960 Num updates: 300	Num frames 48000
2026-08-11 17:28:54,960 Average window size: 50  distance_to_goal: 3.229  distance_to_goal_reward: 0.000  reward: 0.629  spl: 0.017  success: 0.019
2026-08-11 17:28:54,960 	Perf Stats: trainer.rollout_collect: 0.347 trainer.sample_action: 0.003 trainer.obs_insert: 0.000 trainer.step_env: 0.006 trainer.update_stats: 0.001 trainer.update_agent: 0.036
2026-08-11 17:28:58,320 update: 310	fps: 416.252	
2026-08-11 17:28:58,321 Num updates: 310	Num frames 49600
2026-08-11 17:28:58,321 Average window size: 50  distance_to_goal: 2.898  distance_to_goal_reward: 0.000  reward: 0.555  spl: 0.016  success: 0.018
2026-08-11 17:28:58,321 	Perf Stats: trainer.rollout_collect: 0.345 trainer.sample_action: 0.003 trainer.obs_insert: 0.000 trainer.step_env: 0.006 trainer.update_stats: 0.001 trainer.update_agent: 0.036
PluginManager::Manager: duplicate static plugin StbImageImporter, ignoring
PluginManager::Manager: duplicate static plugin GltfImporter, ignoring
PluginManager::Manager: duplicate static plugin BasisImporter, ignoring
PluginManager::Manager: duplicate static plugin AssimpImporter, ignoring
PluginManager::Manager: duplicate static plugin AnySceneImporter, ignoring
PluginManager::Manager: duplicate static plugin AnyImageImporter, ignoring
Renderer: NVIDIA GeForce RTX 4070/PCIe/SSE2 by NVIDIA Corporation
OpenGL version: 4.6.0 NVIDIA 580.173.02
Using optional features:
    GL_ARB_vertex_array_object
    GL_ARB_separate_shader_objects
    GL_ARB_robustness
    GL_ARB_texture_storage
    GL_ARB_texture_view
    GL_ARB_framebuffer_no_attachments
    GL_ARB_invalidate_subdata
    GL_ARB_texture_storage_multisample
    GL_ARB_multi_bind
    GL_ARB_direct_state_access
    GL_ARB_get_texture_sub_image
    GL_ARB_texture_filter_anisotropic
    GL_KHR_debug
    GL_KHR_parallel_shader_compile
    GL_NV_depth_buffer_float
Using driver workarounds:
    no-forward-compatible-core-context
    nv-egl-incorrect-gl11-function-pointers
    no-layout-qualifiers-on-old-glsl
    nv-zero-context-profile-mask
    nv-implementation-color-read-format-dsa-broken
    nv-cubemap-inconsistent-compressed-image-size
    nv-cubemap-broken-full-compressed-image-query
    nv-compressed-block-size-in-bits
[17:28:58:413776]:[Warning]:[Scene] SemanticScene.h(331)::checkFileExists : ::loadSemanticSceneDescriptor: File `data/scene_datasets/habitat-test-scenes/van-gogh-room.scn` does not exist.  Aborting load.
[17:28:58:413792]:[Warning]:[Scene] SemanticScene.cpp(123)::loadSemanticSceneDescriptor : SSD File Naming Issue! Neither SemanticAttributes-provided name : `data/scene_datasets/habitat-test-scenes/van-gogh-room.scn` nor constructed filename : `data/scene_datasets/habitat-test-scenes/info_semantic.json` exist on disk.
[17:28:58:413797]:[Error]:[Scene] SemanticScene.cpp(139)::loadSemanticSceneDescriptor : SSD Load Failure! File with SemanticAttributes-provided name `data/scene_datasets/habitat-test-scenes/van-gogh-room.scn` exists but failed to load.
[17:28:58:881492]:[Warning]:[Sim] Simulator.cpp(595)::instanceStageForSceneAttributes : The active scene does not contain semantic annotations : activeSemanticSceneID_ = 0
2026-08-11 17:29:02,076 update: 320	fps: 416.550	
2026-08-11 17:29:02,076 Num updates: 320	Num frames 51200
2026-08-11 17:29:02,076 Average window size: 50  distance_to_goal: 2.677  distance_to_goal_reward: 0.000  reward: 0.463  spl: 0.014  success: 0.015
2026-08-11 17:29:02,076 	Perf Stats: trainer.rollout_collect: 0.345 trainer.sample_action: 0.003 trainer.obs_insert: 0.000 trainer.step_env: 0.006 trainer.update_stats: 0.001 trainer.update_agent: 0.036
2026-08-11 17:29:05,459 update: 330	fps: 418.060	
2026-08-11 17:29:05,460 Num updates: 330	Num frames 52800
2026-08-11 17:29:05,460 Average window size: 50  distance_to_goal: 2.563  distance_to_goal_reward: 0.000  reward: 0.454  spl: 0.021  success: 0.023
2026-08-11 17:29:05,460 	Perf Stats: trainer.rollout_collect: 0.344 trainer.sample_action: 0.003 trainer.obs_insert: 0.000 trainer.step_env: 0.006 trainer.update_stats: 0.001 trainer.update_agent: 0.036
2026-08-11 17:29:08,738 update: 340	fps: 419.832	
2026-08-11 17:29:08,738 Num updates: 340	Num frames 54400
2026-08-11 17:29:08,738 Average window size: 50  distance_to_goal: 2.054  distance_to_goal_reward: 0.000  reward: 0.435  spl: 0.017  success: 0.019
2026-08-11 17:29:08,738 	Perf Stats: trainer.rollout_collect: 0.342 trainer.sample_action: 0.003 trainer.obs_insert: 0.000 trainer.step_env: 0.006 trainer.update_stats: 0.001 trainer.update_agent: 0.036
2026-08-11 17:29:12,003 update: 350	fps: 421.586	
2026-08-11 17:29:12,003 Num updates: 350	Num frames 56000
2026-08-11 17:29:12,003 Average window size: 50  distance_to_goal: 1.789  distance_to_goal_reward: 0.000  reward: 0.446  spl: 0.020  success: 0.024
2026-08-11 17:29:12,003 	Perf Stats: trainer.rollout_collect: 0.341 trainer.sample_action: 0.003 trainer.obs_insert: 0.000 trainer.step_env: 0.006 trainer.update_stats: 0.001 trainer.update_agent: 0.036
PluginManager::Manager: duplicate static plugin StbImageImporter, ignoring
PluginManager::Manager: duplicate static plugin GltfImporter, ignoring
PluginManager::Manager: duplicate static plugin BasisImporter, ignoring
PluginManager::Manager: duplicate static plugin AssimpImporter, ignoring
PluginManager::Manager: duplicate static plugin AnySceneImporter, ignoring
PluginManager::Manager: duplicate static plugin AnyImageImporter, ignoring
Renderer: NVIDIA GeForce RTX 4070/PCIe/SSE2 by NVIDIA Corporation
OpenGL version: 4.6.0 NVIDIA 580.173.02
Using optional features:
    GL_ARB_vertex_array_object
    GL_ARB_separate_shader_objects
    GL_ARB_robustness
    GL_ARB_texture_storage
    GL_ARB_texture_view
    GL_ARB_framebuffer_no_attachments
    GL_ARB_invalidate_subdata
    GL_ARB_texture_storage_multisample
    GL_ARB_multi_bind
    GL_ARB_direct_state_access
    GL_ARB_get_texture_sub_image
    GL_ARB_texture_filter_anisotropic
    GL_KHR_debug
    GL_KHR_parallel_shader_compile
    GL_NV_depth_buffer_float
Using driver workarounds:
    no-forward-compatible-core-context
    nv-egl-incorrect-gl11-function-pointers
    no-layout-qualifiers-on-old-glsl
    nv-zero-context-profile-mask
    nv-implementation-color-read-format-dsa-broken
    nv-cubemap-inconsistent-compressed-image-size
    nv-cubemap-broken-full-compressed-image-query
    nv-compressed-block-size-in-bits
[17:29:12:676412]:[Warning]:[Scene] SemanticScene.h(331)::checkFileExists : ::loadSemanticSceneDescriptor: File `data/scene_datasets/habitat-test-scenes/skokloster-castle.scn` does not exist.  Aborting load.
[17:29:12:676427]:[Warning]:[Scene] SemanticScene.cpp(123)::loadSemanticSceneDescriptor : SSD File Naming Issue! Neither SemanticAttributes-provided name : `data/scene_datasets/habitat-test-scenes/skokloster-castle.scn` nor constructed filename : `data/scene_datasets/habitat-test-scenes/info_semantic.json` exist on disk.
[17:29:12:676432]:[Error]:[Scene] SemanticScene.cpp(139)::loadSemanticSceneDescriptor : SSD Load Failure! File with SemanticAttributes-provided name `data/scene_datasets/habitat-test-scenes/skokloster-castle.scn` exists but failed to load.
[17:29:13:297487]:[Warning]:[Sim] Simulator.cpp(595)::instanceStageForSceneAttributes : The active scene does not contain semantic annotations : activeSemanticSceneID_ = 0
2026-08-11 17:29:15,853 update: 360	fps: 421.389	
2026-08-11 17:29:15,853 Num updates: 360	Num frames 57600
2026-08-11 17:29:15,853 Average window size: 50  distance_to_goal: 1.806  distance_to_goal_reward: 0.000  reward: 0.565  spl: 0.035  success: 0.041
2026-08-11 17:29:15,853 	Perf Stats: trainer.rollout_collect: 0.341 trainer.sample_action: 0.003 trainer.obs_insert: 0.000 trainer.step_env: 0.006 trainer.update_stats: 0.001 trainer.update_agent: 0.036
2026-08-11 17:29:19,024 update: 370	fps: 423.275	
2026-08-11 17:29:19,024 Num updates: 370	Num frames 59200
2026-08-11 17:29:19,024 Average window size: 50  distance_to_goal: 1.837  distance_to_goal_reward: 0.000  reward: 0.662  spl: 0.043  success: 0.051
2026-08-11 17:29:19,024 	Perf Stats: trainer.rollout_collect: 0.339 trainer.sample_action: 0.003 trainer.obs_insert: 0.000 trainer.step_env: 0.006 trainer.update_stats: 0.001 trainer.update_agent: 0.036
2026-08-11 17:29:22,183 update: 380	fps: 425.111	
2026-08-11 17:29:22,192 Num updates: 380	Num frames 60800
2026-08-11 17:29:22,192 Average window size: 50  distance_to_goal: 1.665  distance_to_goal_reward: 0.000  reward: 0.865  spl: 0.059  success: 0.068
2026-08-11 17:29:22,192 	Perf Stats: trainer.rollout_collect: 0.338 trainer.sample_action: 0.003 trainer.obs_insert: 0.000 trainer.step_env: 0.006 trainer.update_stats: 0.001 trainer.update_agent: 0.036
2026-08-11 17:29:25,310 update: 390	fps: 426.964	
2026-08-11 17:29:25,310 Num updates: 390	Num frames 62400
2026-08-11 17:29:25,310 Average window size: 50  distance_to_goal: 1.692  distance_to_goal_reward: 0.000  reward: 1.030  spl: 0.083  success: 0.099
2026-08-11 17:29:25,310 	Perf Stats: trainer.rollout_collect: 0.336 trainer.sample_action: 0.003 trainer.obs_insert: 0.000 trainer.step_env: 0.006 trainer.update_stats: 0.001 trainer.update_agent: 0.036
2026-08-11 17:29:28,549 update: 400	fps: 428.416	
2026-08-11 17:29:28,550 Num updates: 400	Num frames 64000
2026-08-11 17:29:28,550 Average window size: 50  distance_to_goal: 1.613  distance_to_goal_reward: 0.000  reward: 1.203  spl: 0.110  success: 0.132
2026-08-11 17:29:28,550 	Perf Stats: trainer.rollout_collect: 0.334 trainer.sample_action: 0.003 trainer.obs_insert: 0.000 trainer.step_env: 0.006 trainer.update_stats: 0.001 trainer.update_agent: 0.036
2026-08-11 17:29:31,614 update: 410	fps: 430.299	
2026-08-11 17:29:31,614 Num updates: 410	Num frames 65600
2026-08-11 17:29:31,614 Average window size: 50  distance_to_goal: 1.501  distance_to_goal_reward: 0.000  reward: 1.274  spl: 0.115  success: 0.147
2026-08-11 17:29:31,614 	Perf Stats: trainer.rollout_collect: 0.333 trainer.sample_action: 0.003 trainer.obs_insert: 0.000 trainer.step_env: 0.006 trainer.update_stats: 0.001 trainer.update_agent: 0.036
2026-08-11 17:29:34,711 update: 420	fps: 432.017	
2026-08-11 17:29:34,711 Num updates: 420	Num frames 67200
2026-08-11 17:29:34,711 Average window size: 50  distance_to_goal: 1.570  distance_to_goal_reward: 0.000  reward: 1.340  spl: 0.128  success: 0.166
2026-08-11 17:29:34,712 	Perf Stats: trainer.rollout_collect: 0.331 trainer.sample_action: 0.003 trainer.obs_insert: 0.000 trainer.step_env: 0.006 trainer.update_stats: 0.001 trainer.update_agent: 0.036
2026-08-11 17:29:37,778 update: 430	fps: 433.751	
2026-08-11 17:29:37,778 Num updates: 430	Num frames 68800
2026-08-11 17:29:37,778 Average window size: 50  distance_to_goal: 1.553  distance_to_goal_reward: 0.000  reward: 1.508  spl: 0.151  success: 0.202
2026-08-11 17:29:37,779 	Perf Stats: trainer.rollout_collect: 0.330 trainer.sample_action: 0.003 trainer.obs_insert: 0.000 trainer.step_env: 0.006 trainer.update_stats: 0.001 trainer.update_agent: 0.036
2026-08-11 17:29:40,817 update: 440	fps: 435.494	
2026-08-11 17:29:40,818 Num updates: 440	Num frames 70400
2026-08-11 17:29:40,818 Average window size: 50  distance_to_goal: 1.597  distance_to_goal_reward: 0.000  reward: 1.539  spl: 0.164  success: 0.218
2026-08-11 17:29:40,818 	Perf Stats: trainer.rollout_collect: 0.329 trainer.sample_action: 0.003 trainer.obs_insert: 0.000 trainer.step_env: 0.006 trainer.update_stats: 0.001 trainer.update_agent: 0.036
2026-08-11 17:29:43,874 update: 450	fps: 437.126	
2026-08-11 17:29:43,874 Num updates: 450	Num frames 72000
2026-08-11 17:29:43,874 Average window size: 50  distance_to_goal: 1.504  distance_to_goal_reward: 0.000  reward: 1.610  spl: 0.160  success: 0.228
2026-08-11 17:29:43,874 	Perf Stats: trainer.rollout_collect: 0.327 trainer.sample_action: 0.003 trainer.obs_insert: 0.000 trainer.step_env: 0.006 trainer.update_stats: 0.001 trainer.update_agent: 0.036
2026-08-11 17:29:46,937 update: 460	fps: 438.683	
2026-08-11 17:29:46,937 Num updates: 460	Num frames 73600
2026-08-11 17:29:46,937 Average window size: 50  distance_to_goal: 1.375  distance_to_goal_reward: 0.000  reward: 1.847  spl: 0.197  success: 0.265
2026-08-11 17:29:46,937 	Perf Stats: trainer.rollout_collect: 0.326 trainer.sample_action: 0.003 trainer.obs_insert: 0.000 trainer.step_env: 0.006 trainer.update_stats: 0.001 trainer.update_agent: 0.036
2026-08-11 17:29:50,037 update: 470	fps: 440.086	
2026-08-11 17:29:50,038 Num updates: 470	Num frames 75200
2026-08-11 17:29:50,038 Average window size: 50  distance_to_goal: 0.924  distance_to_goal_reward: 0.000  reward: 2.309  spl: 0.246  success: 0.329
2026-08-11 17:29:50,038 	Perf Stats: trainer.rollout_collect: 0.325 trainer.sample_action: 0.003 trainer.obs_insert: 0.000 trainer.step_env: 0.006 trainer.update_stats: 0.001 trainer.update_agent: 0.036
2026-08-11 17:29:53,094 update: 480	fps: 441.551	
2026-08-11 17:29:53,094 Num updates: 480	Num frames 76800
2026-08-11 17:29:53,095 Average window size: 50  distance_to_goal: 0.904  distance_to_goal_reward: 0.000  reward: 2.295  spl: 0.239  success: 0.323
2026-08-11 17:29:53,095 	Perf Stats: trainer.rollout_collect: 0.324 trainer.sample_action: 0.003 trainer.obs_insert: 0.000 trainer.step_env: 0.006 trainer.update_stats: 0.001 trainer.update_agent: 0.036
2026-08-11 17:29:56,184 update: 490	fps: 442.883	
2026-08-11 17:29:56,184 Num updates: 490	Num frames 78400
2026-08-11 17:29:56,184 Average window size: 50  distance_to_goal: 0.833  distance_to_goal_reward: 0.000  reward: 2.524  spl: 0.239  success: 0.327
2026-08-11 17:29:56,184 	Perf Stats: trainer.rollout_collect: 0.323 trainer.sample_action: 0.003 trainer.obs_insert: 0.000 trainer.step_env: 0.006 trainer.update_stats: 0.001 trainer.update_agent: 0.036
2026-08-11 17:29:59,423 update: 500	fps: 443.800	
2026-08-11 17:29:59,423 Num updates: 500	Num frames 80000
2026-08-11 17:29:59,424 Average window size: 50  distance_to_goal: 0.777  distance_to_goal_reward: 0.000  reward: 2.876  spl: 0.286  success: 0.382
2026-08-11 17:29:59,424 	Perf Stats: trainer.rollout_collect: 0.322 trainer.sample_action: 0.003 trainer.obs_insert: 0.000 trainer.step_env: 0.006 trainer.update_stats: 0.001 trainer.update_agent: 0.036
2026-08-11 17:30:02,482 update: 510	fps: 445.122	
2026-08-11 17:30:02,483 Num updates: 510	Num frames 81600
2026-08-11 17:30:02,483 Average window size: 50  distance_to_goal: 0.804  distance_to_goal_reward: 0.000  reward: 3.171  spl: 0.316  success: 0.414
2026-08-11 17:30:02,483 	Perf Stats: trainer.rollout_collect: 0.321 trainer.sample_action: 0.003 trainer.obs_insert: 0.000 trainer.step_env: 0.006 trainer.update_stats: 0.001 trainer.update_agent: 0.036
2026-08-11 17:30:05,561 update: 520	fps: 446.353	
2026-08-11 17:30:05,562 Num updates: 520	Num frames 83200
2026-08-11 17:30:05,562 Average window size: 50  distance_to_goal: 0.685  distance_to_goal_reward: 0.000  reward: 3.426  spl: 0.344  success: 0.451
2026-08-11 17:30:05,562 	Perf Stats: trainer.rollout_collect: 0.320 trainer.sample_action: 0.003 trainer.obs_insert: 0.000 trainer.step_env: 0.006 trainer.update_stats: 0.001 trainer.update_agent: 0.036
2026-08-11 17:30:08,623 update: 530	fps: 447.585	
2026-08-11 17:30:08,623 Num updates: 530	Num frames 84800
2026-08-11 17:30:08,623 Average window size: 50  distance_to_goal: 0.641  distance_to_goal_reward: 0.000  reward: 3.677  spl: 0.397  success: 0.511
2026-08-11 17:30:08,623 	Perf Stats: trainer.rollout_collect: 0.319 trainer.sample_action: 0.003 trainer.obs_insert: 0.000 trainer.step_env: 0.006 trainer.update_stats: 0.001 trainer.update_agent: 0.036
2026-08-11 17:30:11,705 update: 540	fps: 448.731	
2026-08-11 17:30:11,705 Num updates: 540	Num frames 86400
2026-08-11 17:30:11,705 Average window size: 50  distance_to_goal: 0.653  distance_to_goal_reward: 0.000  reward: 3.665  spl: 0.420  success: 0.539
2026-08-11 17:30:11,705 	Perf Stats: trainer.rollout_collect: 0.318 trainer.sample_action: 0.003 trainer.obs_insert: 0.000 trainer.step_env: 0.006 trainer.update_stats: 0.001 trainer.update_agent: 0.036
2026-08-11 17:30:14,764 update: 550	fps: 449.894	
2026-08-11 17:30:14,764 Num updates: 550	Num frames 88000
2026-08-11 17:30:14,764 Average window size: 50  distance_to_goal: 0.714  distance_to_goal_reward: 0.000  reward: 3.478  spl: 0.391  success: 0.504
2026-08-11 17:30:14,764 	Perf Stats: trainer.rollout_collect: 0.317 trainer.sample_action: 0.003 trainer.obs_insert: 0.000 trainer.step_env: 0.006 trainer.update_stats: 0.001 trainer.update_agent: 0.036
2026-08-11 17:30:17,789 update: 560	fps: 451.097	
2026-08-11 17:30:17,789 Num updates: 560	Num frames 89600
2026-08-11 17:30:17,789 Average window size: 50  distance_to_goal: 0.797  distance_to_goal_reward: 0.000  reward: 3.168  spl: 0.383  success: 0.507
2026-08-11 17:30:17,789 	Perf Stats: trainer.rollout_collect: 0.316 trainer.sample_action: 0.003 trainer.obs_insert: 0.000 trainer.step_env: 0.006 trainer.update_stats: 0.001 trainer.update_agent: 0.036
PluginManager::Manager: duplicate static plugin StbImageImporter, ignoring
PluginManager::Manager: duplicate static plugin GltfImporter, ignoring
PluginManager::Manager: duplicate static plugin BasisImporter, ignoring
PluginManager::Manager: duplicate static plugin AssimpImporter, ignoring
PluginManager::Manager: duplicate static plugin AnySceneImporter, ignoring
PluginManager::Manager: duplicate static plugin AnyImageImporter, ignoring
Renderer: NVIDIA GeForce RTX 4070/PCIe/SSE2 by NVIDIA Corporation
OpenGL version: 4.6.0 NVIDIA 580.173.02
Using optional features:
    GL_ARB_vertex_array_object
    GL_ARB_separate_shader_objects
    GL_ARB_robustness
    GL_ARB_texture_storage
    GL_ARB_texture_view
    GL_ARB_framebuffer_no_attachments
    GL_ARB_invalidate_subdata
    GL_ARB_texture_storage_multisample
    GL_ARB_multi_bind
    GL_ARB_direct_state_access
    GL_ARB_get_texture_sub_image
    GL_ARB_texture_filter_anisotropic
    GL_KHR_debug
    GL_KHR_parallel_shader_compile
    GL_NV_depth_buffer_float
Using driver workarounds:
    no-forward-compatible-core-context
    nv-egl-incorrect-gl11-function-pointers
    no-layout-qualifiers-on-old-glsl
    nv-zero-context-profile-mask
    nv-implementation-color-read-format-dsa-broken
    nv-cubemap-inconsistent-compressed-image-size
    nv-cubemap-broken-full-compressed-image-query
    nv-compressed-block-size-in-bits
[17:30:18:879826]:[Warning]:[Scene] SemanticScene.h(331)::checkFileExists : ::loadSemanticSceneDescriptor: File `data/scene_datasets/habitat-test-scenes/van-gogh-room.scn` does not exist.  Aborting load.
[17:30:18:879841]:[Warning]:[Scene] SemanticScene.cpp(123)::loadSemanticSceneDescriptor : SSD File Naming Issue! Neither SemanticAttributes-provided name : `data/scene_datasets/habitat-test-scenes/van-gogh-room.scn` nor constructed filename : `data/scene_datasets/habitat-test-scenes/info_semantic.json` exist on disk.
[17:30:18:879846]:[Error]:[Scene] SemanticScene.cpp(139)::loadSemanticSceneDescriptor : SSD Load Failure! File with SemanticAttributes-provided name `data/scene_datasets/habitat-test-scenes/van-gogh-room.scn` exists but failed to load.
[17:30:19:318269]:[Warning]:[Sim] Simulator.cpp(595)::instanceStageForSceneAttributes : The active scene does not contain semantic annotations : activeSemanticSceneID_ = 0
PluginManager::Manager: duplicate static plugin StbImageImporter, ignoring
PluginManager::Manager: duplicate static plugin GltfImporter, ignoring
PluginManager::Manager: duplicate static plugin BasisImporter, ignoring
PluginManager::Manager: duplicate static plugin AssimpImporter, ignoring
PluginManager::Manager: duplicate static plugin AnySceneImporter, ignoring
PluginManager::Manager: duplicate static plugin AnyImageImporter, ignoring
Renderer: NVIDIA GeForce RTX 4070/PCIe/SSE2 by NVIDIA Corporation
OpenGL version: 4.6.0 NVIDIA 580.173.02
Using optional features:
    GL_ARB_vertex_array_object
    GL_ARB_separate_shader_objects
    GL_ARB_robustness
    GL_ARB_texture_storage
    GL_ARB_texture_view
    GL_ARB_framebuffer_no_attachments
    GL_ARB_invalidate_subdata
    GL_ARB_texture_storage_multisample
    GL_ARB_multi_bind
    GL_ARB_direct_state_access
    GL_ARB_get_texture_sub_image
    GL_ARB_texture_filter_anisotropic
    GL_KHR_debug
    GL_KHR_parallel_shader_compile
    GL_NV_depth_buffer_float
Using driver workarounds:
    no-forward-compatible-core-context
    nv-egl-incorrect-gl11-function-pointers
    no-layout-qualifiers-on-old-glsl
    nv-zero-context-profile-mask
    nv-implementation-color-read-format-dsa-broken
    nv-cubemap-inconsistent-compressed-image-size
    nv-cubemap-broken-full-compressed-image-query
    nv-compressed-block-size-in-bits
[17:30:20:747715]:[Warning]:[Scene] SemanticScene.h(331)::checkFileExists : ::loadSemanticSceneDescriptor: File `data/scene_datasets/habitat-test-scenes/skokloster-castle.scn` does not exist.  Aborting load.
[17:30:20:747731]:[Warning]:[Scene] SemanticScene.cpp(123)::loadSemanticSceneDescriptor : SSD File Naming Issue! Neither SemanticAttributes-provided name : `data/scene_datasets/habitat-test-scenes/skokloster-castle.scn` nor constructed filename : `data/scene_datasets/habitat-test-scenes/info_semantic.json` exist on disk.
[17:30:20:747736]:[Error]:[Scene] SemanticScene.cpp(139)::loadSemanticSceneDescriptor : SSD Load Failure! File with SemanticAttributes-provided name `data/scene_datasets/habitat-test-scenes/skokloster-castle.scn` exists but failed to load.
[17:30:21:361770]:[Warning]:[Sim] Simulator.cpp(595)::instanceStageForSceneAttributes : The active scene does not contain semantic annotations : activeSemanticSceneID_ = 0
2026-08-11 17:30:21,908 update: 570	fps: 449.823	
2026-08-11 17:30:21,908 Num updates: 570	Num frames 91200
2026-08-11 17:30:21,909 Average window size: 50  distance_to_goal: 0.821  distance_to_goal_reward: 0.000  reward: 3.252  spl: 0.415  success: 0.537
2026-08-11 17:30:21,909 	Perf Stats: trainer.rollout_collect: 0.317 trainer.sample_action: 0.003 trainer.obs_insert: 0.000 trainer.step_env: 0.006 trainer.update_stats: 0.001 trainer.update_agent: 0.036
2026-08-11 17:30:24,980 update: 580	fps: 450.883	
2026-08-11 17:30:24,981 Num updates: 580	Num frames 92800
2026-08-11 17:30:24,981 Average window size: 50  distance_to_goal: 0.747  distance_to_goal_reward: 0.000  reward: 3.569  spl: 0.460  success: 0.591
2026-08-11 17:30:24,981 	Perf Stats: trainer.rollout_collect: 0.316 trainer.sample_action: 0.003 trainer.obs_insert: 0.000 trainer.step_env: 0.006 trainer.update_stats: 0.001 trainer.update_agent: 0.036
2026-08-11 17:30:27,988 update: 590	fps: 452.051	
2026-08-11 17:30:27,988 Num updates: 590	Num frames 94400
2026-08-11 17:30:27,988 Average window size: 50  distance_to_goal: 0.746  distance_to_goal_reward: 0.000  reward: 3.573  spl: 0.469  success: 0.621
2026-08-11 17:30:27,988 	Perf Stats: trainer.rollout_collect: 0.315 trainer.sample_action: 0.003 trainer.obs_insert: 0.000 trainer.step_env: 0.006 trainer.update_stats: 0.001 trainer.update_agent: 0.036
2026-08-11 17:30:31,124 update: 600	fps: 452.912	
2026-08-11 17:30:31,124 Num updates: 600	Num frames 96000
2026-08-11 17:30:31,124 Average window size: 50  distance_to_goal: 0.847  distance_to_goal_reward: 0.000  reward: 3.482  spl: 0.458  success: 0.619
2026-08-11 17:30:31,124 	Perf Stats: trainer.rollout_collect: 0.315 trainer.sample_action: 0.003 trainer.obs_insert: 0.000 trainer.step_env: 0.006 trainer.update_stats: 0.001 trainer.update_agent: 0.036
PluginManager::Manager: duplicate static plugin StbImageImporter, ignoring
PluginManager::Manager: duplicate static plugin GltfImporter, ignoring
PluginManager::Manager: duplicate static plugin BasisImporter, ignoring
PluginManager::Manager: duplicate static plugin AssimpImporter, ignoring
PluginManager::Manager: duplicate static plugin AnySceneImporter, ignoring
PluginManager::Manager: duplicate static plugin AnyImageImporter, ignoring
Renderer: NVIDIA GeForce RTX 4070/PCIe/SSE2 by NVIDIA Corporation
OpenGL version: 4.6.0 NVIDIA 580.173.02
Using optional features:
    GL_ARB_vertex_array_object
    GL_ARB_separate_shader_objects
    GL_ARB_robustness
    GL_ARB_texture_storage
    GL_ARB_texture_view
    GL_ARB_framebuffer_no_attachments
    GL_ARB_invalidate_subdata
    GL_ARB_texture_storage_multisample
    GL_ARB_multi_bind
    GL_ARB_direct_state_access
    GL_ARB_get_texture_sub_image
    GL_ARB_texture_filter_anisotropic
    GL_KHR_debug
    GL_KHR_parallel_shader_compile
    GL_NV_depth_buffer_float
Using driver workarounds:
    no-forward-compatible-core-context
    nv-egl-incorrect-gl11-function-pointers
    no-layout-qualifiers-on-old-glsl
    nv-zero-context-profile-mask
    nv-implementation-color-read-format-dsa-broken
    nv-cubemap-inconsistent-compressed-image-size
    nv-cubemap-broken-full-compressed-image-query
    nv-compressed-block-size-in-bits
[17:30:31:872841]:[Warning]:[Scene] SemanticScene.h(331)::checkFileExists : ::loadSemanticSceneDescriptor: File `data/scene_datasets/habitat-test-scenes/skokloster-castle.scn` does not exist.  Aborting load.
[17:30:31:872857]:[Warning]:[Scene] SemanticScene.cpp(123)::loadSemanticSceneDescriptor : SSD File Naming Issue! Neither SemanticAttributes-provided name : `data/scene_datasets/habitat-test-scenes/skokloster-castle.scn` nor constructed filename : `data/scene_datasets/habitat-test-scenes/info_semantic.json` exist on disk.
[17:30:31:872861]:[Error]:[Scene] SemanticScene.cpp(139)::loadSemanticSceneDescriptor : SSD Load Failure! File with SemanticAttributes-provided name `data/scene_datasets/habitat-test-scenes/skokloster-castle.scn` exists but failed to load.
[17:30:32:477741]:[Warning]:[Sim] Simulator.cpp(595)::instanceStageForSceneAttributes : The active scene does not contain semantic annotations : activeSemanticSceneID_ = 0
2026-08-11 17:30:34,804 update: 610	fps: 452.601	
2026-08-11 17:30:34,804 Num updates: 610	Num frames 97600
2026-08-11 17:30:34,804 Average window size: 50  distance_to_goal: 0.726  distance_to_goal_reward: 0.000  reward: 3.690  spl: 0.462  success: 0.619
2026-08-11 17:30:34,804 	Perf Stats: trainer.rollout_collect: 0.315 trainer.sample_action: 0.003 trainer.obs_insert: 0.000 trainer.step_env: 0.006 trainer.update_stats: 0.001 trainer.update_agent: 0.036
2026-08-11 17:30:37,931 update: 620	fps: 453.446	
2026-08-11 17:30:37,931 Num updates: 620	Num frames 99200
2026-08-11 17:30:37,931 Average window size: 50  distance_to_goal: 0.946  distance_to_goal_reward: 0.000  reward: 3.381  spl: 0.404  success: 0.565
2026-08-11 17:30:37,931 	Perf Stats: trainer.rollout_collect: 0.314 trainer.sample_action: 0.003 trainer.obs_insert: 0.000 trainer.step_env: 0.006 trainer.update_stats: 0.001 trainer.update_agent: 0.036
2026-08-11 17:30:41,114 update: 630	fps: 454.151	
2026-08-11 17:30:41,115 Num updates: 630	Num frames 100800
2026-08-11 17:30:41,115 Average window size: 50  distance_to_goal: 1.082  distance_to_goal_reward: 0.000  reward: 3.189  spl: 0.353  success: 0.506
2026-08-11 17:30:41,115 	Perf Stats: trainer.rollout_collect: 0.314 trainer.sample_action: 0.003 trainer.obs_insert: 0.000 trainer.step_env: 0.006 trainer.update_stats: 0.001 trainer.update_agent: 0.036
2026-08-11 17:30:44,226 update: 640	fps: 454.980	
2026-08-11 17:30:44,227 Num updates: 640	Num frames 102400
2026-08-11 17:30:44,227 Average window size: 50  distance_to_goal: 1.078  distance_to_goal_reward: 0.000  reward: 3.422  spl: 0.401  success: 0.537
2026-08-11 17:30:44,227 	Perf Stats: trainer.rollout_collect: 0.313 trainer.sample_action: 0.003 trainer.obs_insert: 0.000 trainer.step_env: 0.006 trainer.update_stats: 0.001 trainer.update_agent: 0.036
2026-08-11 17:30:47,330 update: 650	fps: 455.805	
2026-08-11 17:30:47,330 Num updates: 650	Num frames 104000
2026-08-11 17:30:47,330 Average window size: 50  distance_to_goal: 1.000  distance_to_goal_reward: 0.000  reward: 3.627  spl: 0.434  success: 0.551
2026-08-11 17:30:47,330 	Perf Stats: trainer.rollout_collect: 0.312 trainer.sample_action: 0.003 trainer.obs_insert: 0.000 trainer.step_env: 0.006 trainer.update_stats: 0.001 trainer.update_agent: 0.036
2026-08-11 17:30:50,446 update: 660	fps: 456.581	
2026-08-11 17:30:50,446 Num updates: 660	Num frames 105600
2026-08-11 17:30:50,446 Average window size: 50  distance_to_goal: 1.279  distance_to_goal_reward: 0.000  reward: 3.669  spl: 0.443  success: 0.562
2026-08-11 17:30:50,447 	Perf Stats: trainer.rollout_collect: 0.312 trainer.sample_action: 0.003 trainer.obs_insert: 0.000 trainer.step_env: 0.006 trainer.update_stats: 0.001 trainer.update_agent: 0.036
PluginManager::Manager: duplicate static plugin StbImageImporter, ignoring
PluginManager::Manager: duplicate static plugin GltfImporter, ignoring
PluginManager::Manager: duplicate static plugin BasisImporter, ignoring
PluginManager::Manager: duplicate static plugin AssimpImporter, ignoring
PluginManager::Manager: duplicate static plugin AnySceneImporter, ignoring
PluginManager::Manager: duplicate static plugin AnyImageImporter, ignoring
Renderer: NVIDIA GeForce RTX 4070/PCIe/SSE2 by NVIDIA Corporation
OpenGL version: 4.6.0 NVIDIA 580.173.02
Using optional features:
    GL_ARB_vertex_array_object
    GL_ARB_separate_shader_objects
    GL_ARB_robustness
    GL_ARB_texture_storage
    GL_ARB_texture_view
    GL_ARB_framebuffer_no_attachments
    GL_ARB_invalidate_subdata
    GL_ARB_texture_storage_multisample
    GL_ARB_multi_bind
    GL_ARB_direct_state_access
    GL_ARB_get_texture_sub_image
    GL_ARB_texture_filter_anisotropic
    GL_KHR_debug
    GL_KHR_parallel_shader_compile
    GL_NV_depth_buffer_float
Using driver workarounds:
    no-forward-compatible-core-context
    nv-egl-incorrect-gl11-function-pointers
    no-layout-qualifiers-on-old-glsl
    nv-zero-context-profile-mask
    nv-implementation-color-read-format-dsa-broken
    nv-cubemap-inconsistent-compressed-image-size
    nv-cubemap-broken-full-compressed-image-query
    nv-compressed-block-size-in-bits
[17:30:50:998901]:[Warning]:[Scene] SemanticScene.h(331)::checkFileExists : ::loadSemanticSceneDescriptor: File `data/scene_datasets/habitat-test-scenes/skokloster-castle.scn` does not exist.  Aborting load.
[17:30:50:998917]:[Warning]:[Scene] SemanticScene.cpp(123)::loadSemanticSceneDescriptor : SSD File Naming Issue! Neither SemanticAttributes-provided name : `data/scene_datasets/habitat-test-scenes/skokloster-castle.scn` nor constructed filename : `data/scene_datasets/habitat-test-scenes/info_semantic.json` exist on disk.
[17:30:50:998922]:[Error]:[Scene] SemanticScene.cpp(139)::loadSemanticSceneDescriptor : SSD Load Failure! File with SemanticAttributes-provided name `data/scene_datasets/habitat-test-scenes/skokloster-castle.scn` exists but failed to load.
[17:30:51:608545]:[Warning]:[Sim] Simulator.cpp(595)::instanceStageForSceneAttributes : The active scene does not contain semantic annotations : activeSemanticSceneID_ = 0
2026-08-11 17:30:54,229 update: 670	fps: 456.039	
2026-08-11 17:30:54,238 Num updates: 670	Num frames 107200
2026-08-11 17:30:54,238 Average window size: 50  distance_to_goal: 1.280  distance_to_goal_reward: 0.000  reward: 3.794  spl: 0.445  success: 0.583
2026-08-11 17:30:54,238 	Perf Stats: trainer.rollout_collect: 0.312 trainer.sample_action: 0.003 trainer.obs_insert: 0.000 trainer.step_env: 0.006 trainer.update_stats: 0.001 trainer.update_agent: 0.036
2026-08-11 17:30:57,446 update: 680	fps: 456.597	
2026-08-11 17:30:57,447 Num updates: 680	Num frames 108800
2026-08-11 17:30:57,447 Average window size: 50  distance_to_goal: 1.450  distance_to_goal_reward: 0.000  reward: 4.051  spl: 0.435  success: 0.597
2026-08-11 17:30:57,447 	Perf Stats: trainer.rollout_collect: 0.312 trainer.sample_action: 0.003 trainer.obs_insert: 0.000 trainer.step_env: 0.006 trainer.update_stats: 0.001 trainer.update_agent: 0.036
2026-08-11 17:31:00,654 update: 690	fps: 457.158	
2026-08-11 17:31:00,654 Num updates: 690	Num frames 110400
2026-08-11 17:31:00,654 Average window size: 50  distance_to_goal: 1.527  distance_to_goal_reward: 0.000  reward: 3.906  spl: 0.328  success: 0.471
2026-08-11 17:31:00,654 	Perf Stats: trainer.rollout_collect: 0.311 trainer.sample_action: 0.003 trainer.obs_insert: 0.000 trainer.step_env: 0.006 trainer.update_stats: 0.001 trainer.update_agent: 0.036
2026-08-11 17:31:03,924 update: 700	fps: 457.588	
2026-08-11 17:31:03,924 Num updates: 700	Num frames 112000
2026-08-11 17:31:03,924 Average window size: 50  distance_to_goal: 1.689  distance_to_goal_reward: 0.000  reward: 3.727  spl: 0.298  success: 0.439
2026-08-11 17:31:03,924 	Perf Stats: trainer.rollout_collect: 0.311 trainer.sample_action: 0.003 trainer.obs_insert: 0.000 trainer.step_env: 0.006 trainer.update_stats: 0.001 trainer.update_agent: 0.036
2026-08-11 17:31:07,091 update: 710	fps: 458.196	
2026-08-11 17:31:07,091 Num updates: 710	Num frames 113600
2026-08-11 17:31:07,091 Average window size: 50  distance_to_goal: 1.315  distance_to_goal_reward: 0.000  reward: 4.369  spl: 0.345  success: 0.500
2026-08-11 17:31:07,091 	Perf Stats: trainer.rollout_collect: 0.311 trainer.sample_action: 0.003 trainer.obs_insert: 0.000 trainer.step_env: 0.006 trainer.update_stats: 0.001 trainer.update_agent: 0.036
2026-08-11 17:31:10,260 update: 720	fps: 458.785	
2026-08-11 17:31:10,260 Num updates: 720	Num frames 115200
2026-08-11 17:31:10,260 Average window size: 50  distance_to_goal: 1.645  distance_to_goal_reward: 0.000  reward: 4.448  spl: 0.333  success: 0.455
2026-08-11 17:31:10,260 	Perf Stats: trainer.rollout_collect: 0.310 trainer.sample_action: 0.003 trainer.obs_insert: 0.000 trainer.step_env: 0.005 trainer.update_stats: 0.001 trainer.update_agent: 0.036
2026-08-11 17:31:13,426 update: 730	fps: 459.364	
2026-08-11 17:31:13,426 Num updates: 730	Num frames 116800
2026-08-11 17:31:13,426 Average window size: 50  distance_to_goal: 1.515  distance_to_goal_reward: 0.000  reward: 4.758  spl: 0.333  success: 0.443
2026-08-11 17:31:13,427 	Perf Stats: trainer.rollout_collect: 0.310 trainer.sample_action: 0.003 trainer.obs_insert: 0.000 trainer.step_env: 0.005 trainer.update_stats: 0.001 trainer.update_agent: 0.036
PluginManager::Manager: duplicate static plugin StbImageImporter, ignoring
PluginManager::Manager: duplicate static plugin GltfImporter, ignoring
PluginManager::Manager: duplicate static plugin BasisImporter, ignoring
PluginManager::Manager: duplicate static plugin AssimpImporter, ignoring
PluginManager::Manager: duplicate static plugin AnySceneImporter, ignoring
PluginManager::Manager: duplicate static plugin AnyImageImporter, ignoring
Renderer: NVIDIA GeForce RTX 4070/PCIe/SSE2 by NVIDIA Corporation
OpenGL version: 4.6.0 NVIDIA 580.173.02
Using optional features:
    GL_ARB_vertex_array_object
    GL_ARB_separate_shader_objects
    GL_ARB_robustness
    GL_ARB_texture_storage
    GL_ARB_texture_view
    GL_ARB_framebuffer_no_attachments
    GL_ARB_invalidate_subdata
    GL_ARB_texture_storage_multisample
    GL_ARB_multi_bind
    GL_ARB_direct_state_access
    GL_ARB_get_texture_sub_image
    GL_ARB_texture_filter_anisotropic
    GL_KHR_debug
    GL_KHR_parallel_shader_compile
    GL_NV_depth_buffer_float
Using driver workarounds:
    no-forward-compatible-core-context
    nv-egl-incorrect-gl11-function-pointers
    no-layout-qualifiers-on-old-glsl
    nv-zero-context-profile-mask
    nv-implementation-color-read-format-dsa-broken
    nv-cubemap-inconsistent-compressed-image-size
    nv-cubemap-broken-full-compressed-image-query
    nv-compressed-block-size-in-bits
[17:31:14:088989]:[Warning]:[Scene] SemanticScene.h(331)::checkFileExists : ::loadSemanticSceneDescriptor: File `data/scene_datasets/habitat-test-scenes/van-gogh-room.scn` does not exist.  Aborting load.
[17:31:14:089005]:[Warning]:[Scene] SemanticScene.cpp(123)::loadSemanticSceneDescriptor : SSD File Naming Issue! Neither SemanticAttributes-provided name : `data/scene_datasets/habitat-test-scenes/van-gogh-room.scn` nor constructed filename : `data/scene_datasets/habitat-test-scenes/info_semantic.json` exist on disk.
[17:31:14:089010]:[Error]:[Scene] SemanticScene.cpp(139)::loadSemanticSceneDescriptor : SSD Load Failure! File with SemanticAttributes-provided name `data/scene_datasets/habitat-test-scenes/van-gogh-room.scn` exists but failed to load.
[17:31:14:522384]:[Warning]:[Sim] Simulator.cpp(595)::instanceStageForSceneAttributes : The active scene does not contain semantic annotations : activeSemanticSceneID_ = 0
2026-08-11 17:31:17,019 update: 740	fps: 459.168	
2026-08-11 17:31:17,019 Num updates: 740	Num frames 118400
2026-08-11 17:31:17,019 Average window size: 50  distance_to_goal: 1.359  distance_to_goal_reward: 0.000  reward: 5.201  spl: 0.430  success: 0.554
2026-08-11 17:31:17,020 	Perf Stats: trainer.rollout_collect: 0.310 trainer.sample_action: 0.003 trainer.obs_insert: 0.000 trainer.step_env: 0.005 trainer.update_stats: 0.001 trainer.update_agent: 0.036
2026-08-11 17:31:20,123 update: 750	fps: 459.838	
2026-08-11 17:31:20,123 Num updates: 750	Num frames 120000
2026-08-11 17:31:20,123 Average window size: 50  distance_to_goal: 1.019  distance_to_goal_reward: 0.000  reward: 5.748  spl: 0.493  success: 0.629
2026-08-11 17:31:20,124 	Perf Stats: trainer.rollout_collect: 0.309 trainer.sample_action: 0.003 trainer.obs_insert: 0.000 trainer.step_env: 0.005 trainer.update_stats: 0.001 trainer.update_agent: 0.036
2026-08-11 17:31:23,216 update: 760	fps: 460.511	
2026-08-11 17:31:23,217 Num updates: 760	Num frames 121600
2026-08-11 17:31:23,217 Average window size: 50  distance_to_goal: 1.101  distance_to_goal_reward: 0.000  reward: 5.197  spl: 0.501  success: 0.632
2026-08-11 17:31:23,217 	Perf Stats: trainer.rollout_collect: 0.309 trainer.sample_action: 0.003 trainer.obs_insert: 0.000 trainer.step_env: 0.005 trainer.update_stats: 0.001 trainer.update_agent: 0.036
2026-08-11 17:31:26,343 update: 770	fps: 461.111	
2026-08-11 17:31:26,343 Num updates: 770	Num frames 123200
2026-08-11 17:31:26,343 Average window size: 50  distance_to_goal: 0.922  distance_to_goal_reward: 0.000  reward: 4.317  spl: 0.512  success: 0.633
2026-08-11 17:31:26,343 	Perf Stats: trainer.rollout_collect: 0.309 trainer.sample_action: 0.003 trainer.obs_insert: 0.000 trainer.step_env: 0.005 trainer.update_stats: 0.001 trainer.update_agent: 0.036
2026-08-11 17:31:29,487 update: 780	fps: 461.666	
2026-08-11 17:31:29,487 Num updates: 780	Num frames 124800
2026-08-11 17:31:29,487 Average window size: 50  distance_to_goal: 1.099  distance_to_goal_reward: 0.000  reward: 4.008  spl: 0.505  success: 0.613
2026-08-11 17:31:29,487 	Perf Stats: trainer.rollout_collect: 0.308 trainer.sample_action: 0.003 trainer.obs_insert: 0.000 trainer.step_env: 0.005 trainer.update_stats: 0.001 trainer.update_agent: 0.036
2026-08-11 17:31:32,604 update: 790	fps: 462.254	
2026-08-11 17:31:32,605 Num updates: 790	Num frames 126400
2026-08-11 17:31:32,605 Average window size: 50  distance_to_goal: 1.050  distance_to_goal_reward: 0.000  reward: 3.771  spl: 0.483  success: 0.595
2026-08-11 17:31:32,605 	Perf Stats: trainer.rollout_collect: 0.308 trainer.sample_action: 0.003 trainer.obs_insert: 0.000 trainer.step_env: 0.005 trainer.update_stats: 0.001 trainer.update_agent: 0.036
2026-08-11 17:31:35,811 update: 800	fps: 462.679	
2026-08-11 17:31:35,811 Num updates: 800	Num frames 128000
2026-08-11 17:31:35,811 Average window size: 50  distance_to_goal: 1.022  distance_to_goal_reward: -0.001  reward: 3.634  spl: 0.475  success: 0.588
2026-08-11 17:31:35,812 	Perf Stats: trainer.rollout_collect: 0.307 trainer.sample_action: 0.003 trainer.obs_insert: 0.000 trainer.step_env: 0.005 trainer.update_stats: 0.001 trainer.update_agent: 0.036
2026-08-11 17:31:38,912 update: 810	fps: 463.271	
2026-08-11 17:31:38,912 Num updates: 810	Num frames 129600
2026-08-11 17:31:38,912 Average window size: 50  distance_to_goal: 1.027  distance_to_goal_reward: -0.001  reward: 3.532  spl: 0.423  success: 0.532
2026-08-11 17:31:38,912 	Perf Stats: trainer.rollout_collect: 0.307 trainer.sample_action: 0.003 trainer.obs_insert: 0.000 trainer.step_env: 0.005 trainer.update_stats: 0.001 trainer.update_agent: 0.036
2026-08-11 17:31:42,038 update: 820	fps: 463.807	
2026-08-11 17:31:42,038 Num updates: 820	Num frames 131200
2026-08-11 17:31:42,038 Average window size: 50  distance_to_goal: 0.956  distance_to_goal_reward: -0.001  reward: 4.230  spl: 0.398  success: 0.541
2026-08-11 17:31:42,038 	Perf Stats: trainer.rollout_collect: 0.307 trainer.sample_action: 0.003 trainer.obs_insert: 0.000 trainer.step_env: 0.005 trainer.update_stats: 0.001 trainer.update_agent: 0.036
2026-08-11 17:31:45,172 update: 830	fps: 464.319	
2026-08-11 17:31:45,172 Num updates: 830	Num frames 132800
2026-08-11 17:31:45,172 Average window size: 50  distance_to_goal: 0.683  distance_to_goal_reward: -0.001  reward: 4.829  spl: 0.435  success: 0.603
2026-08-11 17:31:45,172 	Perf Stats: trainer.rollout_collect: 0.306 trainer.sample_action: 0.003 trainer.obs_insert: 0.000 trainer.step_env: 0.005 trainer.update_stats: 0.001 trainer.update_agent: 0.036
2026-08-11 17:31:48,276 update: 840	fps: 464.868	
2026-08-11 17:31:48,276 Num updates: 840	Num frames 134400
2026-08-11 17:31:48,276 Average window size: 50  distance_to_goal: 0.790  distance_to_goal_reward: -0.001  reward: 4.860  spl: 0.412  success: 0.603
2026-08-11 17:31:48,276 	Perf Stats: trainer.rollout_collect: 0.306 trainer.sample_action: 0.003 trainer.obs_insert: 0.000 trainer.step_env: 0.005 trainer.update_stats: 0.001 trainer.update_agent: 0.036
2026-08-11 17:31:51,402 update: 850	fps: 465.371	
2026-08-11 17:31:51,402 Num updates: 850	Num frames 136000
2026-08-11 17:31:51,402 Average window size: 50  distance_to_goal: 0.846  distance_to_goal_reward: -0.002  reward: 4.421  spl: 0.392  success: 0.583
2026-08-11 17:31:51,402 	Perf Stats: trainer.rollout_collect: 0.305 trainer.sample_action: 0.003 trainer.obs_insert: 0.000 trainer.step_env: 0.005 trainer.update_stats: 0.001 trainer.update_agent: 0.036
2026-08-11 17:31:54,544 update: 860	fps: 465.836	
2026-08-11 17:31:54,545 Num updates: 860	Num frames 137600
2026-08-11 17:31:54,545 Average window size: 50  distance_to_goal: 0.623  distance_to_goal_reward: -0.002  reward: 4.809  spl: 0.473  success: 0.667
2026-08-11 17:31:54,545 	Perf Stats: trainer.rollout_collect: 0.305 trainer.sample_action: 0.003 trainer.obs_insert: 0.000 trainer.step_env: 0.005 trainer.update_stats: 0.001 trainer.update_agent: 0.036
2026-08-11 17:31:57,679 update: 870	fps: 466.304	
2026-08-11 17:31:57,679 Num updates: 870	Num frames 139200
2026-08-11 17:31:57,679 Average window size: 50  distance_to_goal: 0.504  distance_to_goal_reward: -0.002  reward: 4.461  spl: 0.503  success: 0.697
2026-08-11 17:31:57,680 	Perf Stats: trainer.rollout_collect: 0.305 trainer.sample_action: 0.003 trainer.obs_insert: 0.000 trainer.step_env: 0.005 trainer.update_stats: 0.001 trainer.update_agent: 0.036
2026-08-11 17:32:00,825 update: 880	fps: 466.760	
2026-08-11 17:32:00,825 Num updates: 880	Num frames 140800
2026-08-11 17:32:00,825 Average window size: 50  distance_to_goal: 0.790  distance_to_goal_reward: -0.002  reward: 4.060  spl: 0.503  success: 0.692
2026-08-11 17:32:00,825 	Perf Stats: trainer.rollout_collect: 0.304 trainer.sample_action: 0.003 trainer.obs_insert: 0.000 trainer.step_env: 0.005 trainer.update_stats: 0.001 trainer.update_agent: 0.036
PluginManager::Manager: duplicate static plugin StbImageImporter, ignoring
PluginManager::Manager: duplicate static plugin GltfImporter, ignoring
PluginManager::Manager: duplicate static plugin BasisImporter, ignoring
PluginManager::Manager: duplicate static plugin AssimpImporter, ignoring
PluginManager::Manager: duplicate static plugin AnySceneImporter, ignoring
PluginManager::Manager: duplicate static plugin AnyImageImporter, ignoring
Renderer: NVIDIA GeForce RTX 4070/PCIe/SSE2 by NVIDIA Corporation
OpenGL version: 4.6.0 NVIDIA 580.173.02
Using optional features:
    GL_ARB_vertex_array_object
    GL_ARB_separate_shader_objects
    GL_ARB_robustness
    GL_ARB_texture_storage
    GL_ARB_texture_view
    GL_ARB_framebuffer_no_attachments
    GL_ARB_invalidate_subdata
    GL_ARB_texture_storage_multisample
    GL_ARB_multi_bind
    GL_ARB_direct_state_access
    GL_ARB_get_texture_sub_image
    GL_ARB_texture_filter_anisotropic
    GL_KHR_debug
    GL_KHR_parallel_shader_compile
    GL_NV_depth_buffer_float
Using driver workarounds:
    no-forward-compatible-core-context
    nv-egl-incorrect-gl11-function-pointers
    no-layout-qualifiers-on-old-glsl
    nv-zero-context-profile-mask
    nv-implementation-color-read-format-dsa-broken
    nv-cubemap-inconsistent-compressed-image-size
    nv-cubemap-broken-full-compressed-image-query
    nv-compressed-block-size-in-bits
[17:32:03:471135]:[Warning]:[Scene] SemanticScene.h(331)::checkFileExists : ::loadSemanticSceneDescriptor: File `data/scene_datasets/habitat-test-scenes/van-gogh-room.scn` does not exist.  Aborting load.
[17:32:03:471151]:[Warning]:[Scene] SemanticScene.cpp(123)::loadSemanticSceneDescriptor : SSD File Naming Issue! Neither SemanticAttributes-provided name : `data/scene_datasets/habitat-test-scenes/van-gogh-room.scn` nor constructed filename : `data/scene_datasets/habitat-test-scenes/info_semantic.json` exist on disk.
[17:32:03:471157]:[Error]:[Scene] SemanticScene.cpp(139)::loadSemanticSceneDescriptor : SSD Load Failure! File with SemanticAttributes-provided name `data/scene_datasets/habitat-test-scenes/van-gogh-room.scn` exists but failed to load.
[17:32:03:919874]:[Warning]:[Sim] Simulator.cpp(595)::instanceStageForSceneAttributes : The active scene does not contain semantic annotations : activeSemanticSceneID_ = 0
2026-08-11 17:32:04,425 update: 890	fps: 466.482	
2026-08-11 17:32:04,426 Num updates: 890	Num frames 142400
2026-08-11 17:32:04,426 Average window size: 50  distance_to_goal: 0.872  distance_to_goal_reward: -0.001  reward: 3.868  spl: 0.532  success: 0.701
2026-08-11 17:32:04,426 	Perf Stats: trainer.rollout_collect: 0.305 trainer.sample_action: 0.003 trainer.obs_insert: 0.000 trainer.step_env: 0.005 trainer.update_stats: 0.001 trainer.update_agent: 0.036
2026-08-11 17:32:07,626 update: 900	fps: 466.828	
2026-08-11 17:32:07,627 Num updates: 900	Num frames 144000
2026-08-11 17:32:07,627 Average window size: 50  distance_to_goal: 0.807  distance_to_goal_reward: 0.000  reward: 4.066  spl: 0.575  success: 0.748
2026-08-11 17:32:07,627 	Perf Stats: trainer.rollout_collect: 0.304 trainer.sample_action: 0.003 trainer.obs_insert: 0.000 trainer.step_env: 0.005 trainer.update_stats: 0.001 trainer.update_agent: 0.036
PluginManager::Manager: duplicate static plugin StbImageImporter, ignoring
PluginManager::Manager: duplicate static plugin GltfImporter, ignoring
PluginManager::Manager: duplicate static plugin BasisImporter, ignoring
PluginManager::Manager: duplicate static plugin AssimpImporter, ignoring
PluginManager::Manager: duplicate static plugin AnySceneImporter, ignoring
PluginManager::Manager: duplicate static plugin AnyImageImporter, ignoring
Renderer: NVIDIA GeForce RTX 4070/PCIe/SSE2 by NVIDIA Corporation
OpenGL version: 4.6.0 NVIDIA 580.173.02
Using optional features:
    GL_ARB_vertex_array_object
    GL_ARB_separate_shader_objects
    GL_ARB_robustness
    GL_ARB_texture_storage
    GL_ARB_texture_view
    GL_ARB_framebuffer_no_attachments
    GL_ARB_invalidate_subdata
    GL_ARB_texture_storage_multisample
    GL_ARB_multi_bind
    GL_ARB_direct_state_access
    GL_ARB_get_texture_sub_image
    GL_ARB_texture_filter_anisotropic
    GL_KHR_debug
    GL_KHR_parallel_shader_compile
    GL_NV_depth_buffer_float
Using driver workarounds:
    no-forward-compatible-core-context
    nv-egl-incorrect-gl11-function-pointers
    no-layout-qualifiers-on-old-glsl
    nv-zero-context-profile-mask
    nv-implementation-color-read-format-dsa-broken
    nv-cubemap-inconsistent-compressed-image-size
    nv-cubemap-broken-full-compressed-image-query
    nv-compressed-block-size-in-bits
[17:32:07:768465]:[Warning]:[Scene] SemanticScene.h(331)::checkFileExists : ::loadSemanticSceneDescriptor: File `data/scene_datasets/habitat-test-scenes/skokloster-castle.scn` does not exist.  Aborting load.
[17:32:07:768480]:[Warning]:[Scene] SemanticScene.cpp(123)::loadSemanticSceneDescriptor : SSD File Naming Issue! Neither SemanticAttributes-provided name : `data/scene_datasets/habitat-test-scenes/skokloster-castle.scn` nor constructed filename : `data/scene_datasets/habitat-test-scenes/info_semantic.json` exist on disk.
[17:32:07:768485]:[Error]:[Scene] SemanticScene.cpp(139)::loadSemanticSceneDescriptor : SSD Load Failure! File with SemanticAttributes-provided name `data/scene_datasets/habitat-test-scenes/skokloster-castle.scn` exists but failed to load.
[17:32:08:389882]:[Warning]:[Sim] Simulator.cpp(595)::instanceStageForSceneAttributes : The active scene does not contain semantic annotations : activeSemanticSceneID_ = 0
2026-08-11 17:32:11,403 update: 910	fps: 466.306	
2026-08-11 17:32:11,403 Num updates: 910	Num frames 145600
2026-08-11 17:32:11,403 Average window size: 50  distance_to_goal: 0.839  distance_to_goal_reward: 0.001  reward: 4.169  spl: 0.573  success: 0.743
2026-08-11 17:32:11,403 	Perf Stats: trainer.rollout_collect: 0.305 trainer.sample_action: 0.003 trainer.obs_insert: 0.000 trainer.step_env: 0.005 trainer.update_stats: 0.001 trainer.update_agent: 0.036
2026-08-11 17:32:14,551 update: 920	fps: 466.724	
2026-08-11 17:32:14,551 Num updates: 920	Num frames 147200
2026-08-11 17:32:14,551 Average window size: 50  distance_to_goal: 0.938  distance_to_goal_reward: 0.001  reward: 4.191  spl: 0.543  success: 0.712
2026-08-11 17:32:14,551 	Perf Stats: trainer.rollout_collect: 0.304 trainer.sample_action: 0.003 trainer.obs_insert: 0.000 trainer.step_env: 0.005 trainer.update_stats: 0.001 trainer.update_agent: 0.036
2026-08-11 17:32:17,725 update: 930	fps: 467.098	
2026-08-11 17:32:17,725 Num updates: 930	Num frames 148800
2026-08-11 17:32:17,725 Average window size: 50  distance_to_goal: 0.737  distance_to_goal_reward: 0.000  reward: 4.341  spl: 0.509  success: 0.678
2026-08-11 17:32:17,725 	Perf Stats: trainer.rollout_collect: 0.304 trainer.sample_action: 0.003 trainer.obs_insert: 0.000 trainer.step_env: 0.005 trainer.update_stats: 0.001 trainer.update_agent: 0.036
2026-08-11 17:32:20,891 update: 940	fps: 467.474	
2026-08-11 17:32:20,891 Num updates: 940	Num frames 150400
2026-08-11 17:32:20,891 Average window size: 50  distance_to_goal: 0.688  distance_to_goal_reward: 0.000  reward: 4.630  spl: 0.485  success: 0.641
2026-08-11 17:32:20,891 	Perf Stats: trainer.rollout_collect: 0.304 trainer.sample_action: 0.003 trainer.obs_insert: 0.000 trainer.step_env: 0.005 trainer.update_stats: 0.001 trainer.update_agent: 0.036
2026-08-11 17:32:24,011 update: 950	fps: 467.909	
2026-08-11 17:32:24,011 Num updates: 950	Num frames 152000
2026-08-11 17:32:24,011 Average window size: 50  distance_to_goal: 0.712  distance_to_goal_reward: 0.001  reward: 4.671  spl: 0.439  success: 0.579
2026-08-11 17:32:24,011 	Perf Stats: trainer.rollout_collect: 0.304 trainer.sample_action: 0.003 trainer.obs_insert: 0.000 trainer.step_env: 0.005 trainer.update_stats: 0.001 trainer.update_agent: 0.036
2026-08-11 17:32:27,114 update: 960	fps: 468.361	
2026-08-11 17:32:27,114 Num updates: 960	Num frames 153600
2026-08-11 17:32:27,114 Average window size: 50  distance_to_goal: 0.805  distance_to_goal_reward: 0.000  reward: 4.113  spl: 0.395  success: 0.514
2026-08-11 17:32:27,114 	Perf Stats: trainer.rollout_collect: 0.303 trainer.sample_action: 0.003 trainer.obs_insert: 0.000 trainer.step_env: 0.005 trainer.update_stats: 0.001 trainer.update_agent: 0.036
PluginManager::Manager: duplicate static plugin StbImageImporter, ignoring
PluginManager::Manager: duplicate static plugin GltfImporter, ignoring
PluginManager::Manager: duplicate static plugin BasisImporter, ignoring
PluginManager::Manager: duplicate static plugin AssimpImporter, ignoring
PluginManager::Manager: duplicate static plugin AnySceneImporter, ignoring
PluginManager::Manager: duplicate static plugin AnyImageImporter, ignoring
Renderer: NVIDIA GeForce RTX 4070/PCIe/SSE2 by NVIDIA Corporation
OpenGL version: 4.6.0 NVIDIA 580.173.02
Using optional features:
    GL_ARB_vertex_array_object
    GL_ARB_separate_shader_objects
    GL_ARB_robustness
    GL_ARB_texture_storage
    GL_ARB_texture_view
    GL_ARB_framebuffer_no_attachments
    GL_ARB_invalidate_subdata
    GL_ARB_texture_storage_multisample
    GL_ARB_multi_bind
    GL_ARB_direct_state_access
    GL_ARB_get_texture_sub_image
    GL_ARB_texture_filter_anisotropic
    GL_KHR_debug
    GL_KHR_parallel_shader_compile
    GL_NV_depth_buffer_float
Using driver workarounds:
    no-forward-compatible-core-context
    nv-egl-incorrect-gl11-function-pointers
    no-layout-qualifiers-on-old-glsl
    nv-zero-context-profile-mask
    nv-implementation-color-read-format-dsa-broken
    nv-cubemap-inconsistent-compressed-image-size
    nv-cubemap-broken-full-compressed-image-query
    nv-compressed-block-size-in-bits
[17:32:27:910423]:[Warning]:[Scene] SemanticScene.h(331)::checkFileExists : ::loadSemanticSceneDescriptor: File `data/scene_datasets/habitat-test-scenes/van-gogh-room.scn` does not exist.  Aborting load.
[17:32:27:910438]:[Warning]:[Scene] SemanticScene.cpp(123)::loadSemanticSceneDescriptor : SSD File Naming Issue! Neither SemanticAttributes-provided name : `data/scene_datasets/habitat-test-scenes/van-gogh-room.scn` nor constructed filename : `data/scene_datasets/habitat-test-scenes/info_semantic.json` exist on disk.
[17:32:27:910443]:[Error]:[Scene] SemanticScene.cpp(139)::loadSemanticSceneDescriptor : SSD Load Failure! File with SemanticAttributes-provided name `data/scene_datasets/habitat-test-scenes/van-gogh-room.scn` exists but failed to load.
[17:32:28:342363]:[Warning]:[Sim] Simulator.cpp(595)::instanceStageForSceneAttributes : The active scene does not contain semantic annotations : activeSemanticSceneID_ = 0
2026-08-11 17:32:30,666 update: 970	fps: 468.169	
2026-08-11 17:32:30,666 Num updates: 970	Num frames 155200
2026-08-11 17:32:30,666 Average window size: 50  distance_to_goal: 0.941  distance_to_goal_reward: 0.000  reward: 3.542  spl: 0.378  success: 0.470
2026-08-11 17:32:30,666 	Perf Stats: trainer.rollout_collect: 0.303 trainer.sample_action: 0.003 trainer.obs_insert: 0.000 trainer.step_env: 0.005 trainer.update_stats: 0.001 trainer.update_agent: 0.036
PluginManager::Manager: duplicate static plugin StbImageImporter, ignoring
PluginManager::Manager: duplicate static plugin GltfImporter, ignoring
PluginManager::Manager: duplicate static plugin BasisImporter, ignoring
PluginManager::Manager: duplicate static plugin AssimpImporter, ignoring
PluginManager::Manager: duplicate static plugin AnySceneImporter, ignoring
PluginManager::Manager: duplicate static plugin AnyImageImporter, ignoring
Renderer: NVIDIA GeForce RTX 4070/PCIe/SSE2 by NVIDIA Corporation
OpenGL version: 4.6.0 NVIDIA 580.173.02
Using optional features:
    GL_ARB_vertex_array_object
    GL_ARB_separate_shader_objects
    GL_ARB_robustness
    GL_ARB_texture_storage
    GL_ARB_texture_view
    GL_ARB_framebuffer_no_attachments
    GL_ARB_invalidate_subdata
    GL_ARB_texture_storage_multisample
    GL_ARB_multi_bind
    GL_ARB_direct_state_access
    GL_ARB_get_texture_sub_image
    GL_ARB_texture_filter_anisotropic
    GL_KHR_debug
    GL_KHR_parallel_shader_compile
    GL_NV_depth_buffer_float
Using driver workarounds:
    no-forward-compatible-core-context
    nv-egl-incorrect-gl11-function-pointers
    no-layout-qualifiers-on-old-glsl
    nv-zero-context-profile-mask
    nv-implementation-color-read-format-dsa-broken
    nv-cubemap-inconsistent-compressed-image-size
    nv-cubemap-broken-full-compressed-image-query
    nv-compressed-block-size-in-bits
[17:32:33:043816]:[Warning]:[Scene] SemanticScene.h(331)::checkFileExists : ::loadSemanticSceneDescriptor: File `data/scene_datasets/habitat-test-scenes/van-gogh-room.scn` does not exist.  Aborting load.
[17:32:33:043832]:[Warning]:[Scene] SemanticScene.cpp(123)::loadSemanticSceneDescriptor : SSD File Naming Issue! Neither SemanticAttributes-provided name : `data/scene_datasets/habitat-test-scenes/van-gogh-room.scn` nor constructed filename : `data/scene_datasets/habitat-test-scenes/info_semantic.json` exist on disk.
[17:32:33:043837]:[Error]:[Scene] SemanticScene.cpp(139)::loadSemanticSceneDescriptor : SSD Load Failure! File with SemanticAttributes-provided name `data/scene_datasets/habitat-test-scenes/van-gogh-room.scn` exists but failed to load.
[17:32:33:516626]:[Warning]:[Sim] Simulator.cpp(595)::instanceStageForSceneAttributes : The active scene does not contain semantic annotations : activeSemanticSceneID_ = 0
2026-08-11 17:32:34,221 update: 980	fps: 467.978	
2026-08-11 17:32:34,221 Num updates: 980	Num frames 156800
2026-08-11 17:32:34,221 Average window size: 50  distance_to_goal: 1.051  distance_to_goal_reward: 0.000  reward: 2.828  spl: 0.329  success: 0.398
2026-08-11 17:32:34,221 	Perf Stats: trainer.rollout_collect: 0.304 trainer.sample_action: 0.003 trainer.obs_insert: 0.000 trainer.step_env: 0.005 trainer.update_stats: 0.001 trainer.update_agent: 0.036
PluginManager::Manager: duplicate static plugin StbImageImporter, ignoring
PluginManager::Manager: duplicate static plugin GltfImporter, ignoring
PluginManager::Manager: duplicate static plugin BasisImporter, ignoring
PluginManager::Manager: duplicate static plugin AssimpImporter, ignoring
PluginManager::Manager: duplicate static plugin AnySceneImporter, ignoring
PluginManager::Manager: duplicate static plugin AnyImageImporter, ignoring
Renderer: NVIDIA GeForce RTX 4070/PCIe/SSE2 by NVIDIA Corporation
OpenGL version: 4.6.0 NVIDIA 580.173.02
Using optional features:
    GL_ARB_vertex_array_object
    GL_ARB_separate_shader_objects
    GL_ARB_robustness
    GL_ARB_texture_storage
    GL_ARB_texture_view
    GL_ARB_framebuffer_no_attachments
    GL_ARB_invalidate_subdata
    GL_ARB_texture_storage_multisample
    GL_ARB_multi_bind
    GL_ARB_direct_state_access
    GL_ARB_get_texture_sub_image
    GL_ARB_texture_filter_anisotropic
    GL_KHR_debug
    GL_KHR_parallel_shader_compile
    GL_NV_depth_buffer_float
Using driver workarounds:
    no-forward-compatible-core-context
    nv-egl-incorrect-gl11-function-pointers
    no-layout-qualifiers-on-old-glsl
    nv-zero-context-profile-mask
    nv-implementation-color-read-format-dsa-broken
    nv-cubemap-inconsistent-compressed-image-size
    nv-cubemap-broken-full-compressed-image-query
    nv-compressed-block-size-in-bits
[17:32:35:658871]:[Warning]:[Scene] SemanticScene.h(331)::checkFileExists : ::loadSemanticSceneDescriptor: File `data/scene_datasets/habitat-test-scenes/skokloster-castle.scn` does not exist.  Aborting load.
[17:32:35:658887]:[Warning]:[Scene] SemanticScene.cpp(123)::loadSemanticSceneDescriptor : SSD File Naming Issue! Neither SemanticAttributes-provided name : `data/scene_datasets/habitat-test-scenes/skokloster-castle.scn` nor constructed filename : `data/scene_datasets/habitat-test-scenes/info_semantic.json` exist on disk.
[17:32:35:658892]:[Error]:[Scene] SemanticScene.cpp(139)::loadSemanticSceneDescriptor : SSD Load Failure! File with SemanticAttributes-provided name `data/scene_datasets/habitat-test-scenes/skokloster-castle.scn` exists but failed to load.
[17:32:36:267046]:[Warning]:[Sim] Simulator.cpp(595)::instanceStageForSceneAttributes : The active scene does not contain semantic annotations : activeSemanticSceneID_ = 0
2026-08-11 17:32:37,856 update: 990	fps: 467.679	
2026-08-11 17:32:37,856 Num updates: 990	Num frames 158400
2026-08-11 17:32:37,856 Average window size: 50  distance_to_goal: 1.104  distance_to_goal_reward: 0.000  reward: 2.594  spl: 0.327  success: 0.411
2026-08-11 17:32:37,856 	Perf Stats: trainer.rollout_collect: 0.304 trainer.sample_action: 0.003 trainer.obs_insert: 0.000 trainer.step_env: 0.005 trainer.update_stats: 0.001 trainer.update_agent: 0.036
2026-08-11 17:32:40,984 update: 1000	fps: 468.080	
2026-08-11 17:32:40,984 Num updates: 1000	Num frames 160000
2026-08-11 17:32:40,984 Average window size: 50  distance_to_goal: 1.001  distance_to_goal_reward: -0.000  reward: 2.704  spl: 0.362  success: 0.453
2026-08-11 17:32:40,984 	Perf Stats: trainer.rollout_collect: 0.303 trainer.sample_action: 0.003 trainer.obs_insert: 0.000 trainer.step_env: 0.005 trainer.update_stats: 0.001 trainer.update_agent: 0.036
2026-08-11 17:32:44,021 update: 1010	fps: 468.597	
2026-08-11 17:32:44,030 Num updates: 1010	Num frames 161600
2026-08-11 17:32:44,030 Average window size: 50  distance_to_goal: 0.916  distance_to_goal_reward: -0.000  reward: 3.031  spl: 0.409  success: 0.513
2026-08-11 17:32:44,030 	Perf Stats: trainer.rollout_collect: 0.303 trainer.sample_action: 0.003 trainer.obs_insert: 0.000 trainer.step_env: 0.005 trainer.update_stats: 0.001 trainer.update_agent: 0.036
2026-08-11 17:32:47,081 update: 1020	fps: 469.074	
2026-08-11 17:32:47,081 Num updates: 1020	Num frames 163200
2026-08-11 17:32:47,081 Average window size: 50  distance_to_goal: 0.742  distance_to_goal_reward: -0.000  reward: 3.557  spl: 0.470  success: 0.589
2026-08-11 17:32:47,081 	Perf Stats: trainer.rollout_collect: 0.303 trainer.sample_action: 0.003 trainer.obs_insert: 0.000 trainer.step_env: 0.005 trainer.update_stats: 0.001 trainer.update_agent: 0.036
2026-08-11 17:32:50,125 update: 1030	fps: 469.565	
2026-08-11 17:32:50,125 Num updates: 1030	Num frames 164800
2026-08-11 17:32:50,125 Average window size: 50  distance_to_goal: 0.679  distance_to_goal_reward: -0.000  reward: 4.066  spl: 0.555  success: 0.700
2026-08-11 17:32:50,125 	Perf Stats: trainer.rollout_collect: 0.302 trainer.sample_action: 0.003 trainer.obs_insert: 0.000 trainer.step_env: 0.005 trainer.update_stats: 0.001 trainer.update_agent: 0.036
2026-08-11 17:32:53,178 update: 1040	fps: 470.035	
2026-08-11 17:32:53,178 Num updates: 1040	Num frames 166400
2026-08-11 17:32:53,178 Average window size: 50  distance_to_goal: 0.578  distance_to_goal_reward: -0.000  reward: 4.506  spl: 0.605  success: 0.771
2026-08-11 17:32:53,178 	Perf Stats: trainer.rollout_collect: 0.302 trainer.sample_action: 0.003 trainer.obs_insert: 0.000 trainer.step_env: 0.005 trainer.update_stats: 0.001 trainer.update_agent: 0.036
2026-08-11 17:32:56,215 update: 1050	fps: 470.518	
2026-08-11 17:32:56,215 Num updates: 1050	Num frames 168000
2026-08-11 17:32:56,215 Average window size: 50  distance_to_goal: 0.580  distance_to_goal_reward: 0.000  reward: 4.497  spl: 0.610  success: 0.789
2026-08-11 17:32:56,215 	Perf Stats: trainer.rollout_collect: 0.302 trainer.sample_action: 0.003 trainer.obs_insert: 0.000 trainer.step_env: 0.005 trainer.update_stats: 0.001 trainer.update_agent: 0.036
2026-08-11 17:32:59,298 update: 1060	fps: 470.933	
2026-08-11 17:32:59,298 Num updates: 1060	Num frames 169600
2026-08-11 17:32:59,298 Average window size: 50  distance_to_goal: 0.630  distance_to_goal_reward: 0.000  reward: 4.293  spl: 0.602  success: 0.761
2026-08-11 17:32:59,298 	Perf Stats: trainer.rollout_collect: 0.302 trainer.sample_action: 0.003 trainer.obs_insert: 0.000 trainer.step_env: 0.005 trainer.update_stats: 0.001 trainer.update_agent: 0.036
2026-08-11 17:33:02,384 update: 1070	fps: 471.337	
2026-08-11 17:33:02,384 Num updates: 1070	Num frames 171200
2026-08-11 17:33:02,384 Average window size: 50  distance_to_goal: 0.555  distance_to_goal_reward: 0.000  reward: 4.448  spl: 0.631  success: 0.785
2026-08-11 17:33:02,384 	Perf Stats: trainer.rollout_collect: 0.301 trainer.sample_action: 0.003 trainer.obs_insert: 0.000 trainer.step_env: 0.005 trainer.update_stats: 0.001 trainer.update_agent: 0.036
2026-08-11 17:33:05,439 update: 1080	fps: 471.774	
2026-08-11 17:33:05,439 Num updates: 1080	Num frames 172800
2026-08-11 17:33:05,439 Average window size: 50  distance_to_goal: 0.573  distance_to_goal_reward: 0.000  reward: 4.524  spl: 0.639  success: 0.779
2026-08-11 17:33:05,439 	Perf Stats: trainer.rollout_collect: 0.301 trainer.sample_action: 0.003 trainer.obs_insert: 0.000 trainer.step_env: 0.005 trainer.update_stats: 0.001 trainer.update_agent: 0.036
2026-08-11 17:33:08,489 update: 1090	fps: 472.211	
2026-08-11 17:33:08,489 Num updates: 1090	Num frames 174400
2026-08-11 17:33:08,489 Average window size: 50  distance_to_goal: 0.514  distance_to_goal_reward: 0.000  reward: 4.242  spl: 0.621  success: 0.752
2026-08-11 17:33:08,489 	Perf Stats: trainer.rollout_collect: 0.301 trainer.sample_action: 0.003 trainer.obs_insert: 0.000 trainer.step_env: 0.005 trainer.update_stats: 0.001 trainer.update_agent: 0.036
2026-08-11 17:33:11,682 update: 1100	fps: 472.457	
2026-08-11 17:33:11,683 Num updates: 1100	Num frames 176000
2026-08-11 17:33:11,683 Average window size: 50  distance_to_goal: 0.447  distance_to_goal_reward: 0.000  reward: 4.649  spl: 0.656  success: 0.786
2026-08-11 17:33:11,683 	Perf Stats: trainer.rollout_collect: 0.300 trainer.sample_action: 0.003 trainer.obs_insert: 0.000 trainer.step_env: 0.005 trainer.update_stats: 0.001 trainer.update_agent: 0.036
2026-08-11 17:33:14,742 update: 1110	fps: 472.869	
2026-08-11 17:33:14,742 Num updates: 1110	Num frames 177600
2026-08-11 17:33:14,742 Average window size: 50  distance_to_goal: 0.420  distance_to_goal_reward: -0.000  reward: 4.879  spl: 0.669  success: 0.814
2026-08-11 17:33:14,742 	Perf Stats: trainer.rollout_collect: 0.300 trainer.sample_action: 0.003 trainer.obs_insert: 0.000 trainer.step_env: 0.005 trainer.update_stats: 0.001 trainer.update_agent: 0.036
2026-08-11 17:33:17,787 update: 1120	fps: 473.292	
2026-08-11 17:33:17,787 Num updates: 1120	Num frames 179200
2026-08-11 17:33:17,787 Average window size: 50  distance_to_goal: 0.434  distance_to_goal_reward: -0.000  reward: 4.594  spl: 0.625  success: 0.760
2026-08-11 17:33:17,787 	Perf Stats: trainer.rollout_collect: 0.300 trainer.sample_action: 0.003 trainer.obs_insert: 0.000 trainer.step_env: 0.005 trainer.update_stats: 0.001 trainer.update_agent: 0.036
2026-08-11 17:33:20,870 update: 1130	fps: 473.660	
2026-08-11 17:33:20,870 Num updates: 1130	Num frames 180800
2026-08-11 17:33:20,870 Average window size: 50  distance_to_goal: 0.381  distance_to_goal_reward: -0.000  reward: 4.480  spl: 0.613  success: 0.754
2026-08-11 17:33:20,870 	Perf Stats: trainer.rollout_collect: 0.300 trainer.sample_action: 0.003 trainer.obs_insert: 0.000 trainer.step_env: 0.005 trainer.update_stats: 0.001 trainer.update_agent: 0.036
2026-08-11 17:33:23,943 update: 1140	fps: 474.035	
2026-08-11 17:33:23,944 Num updates: 1140	Num frames 182400
2026-08-11 17:33:23,944 Average window size: 50  distance_to_goal: 0.447  distance_to_goal_reward: -0.000  reward: 4.525  spl: 0.629  success: 0.766
2026-08-11 17:33:23,944 	Perf Stats: trainer.rollout_collect: 0.299 trainer.sample_action: 0.003 trainer.obs_insert: 0.000 trainer.step_env: 0.005 trainer.update_stats: 0.001 trainer.update_agent: 0.036
2026-08-11 17:33:26,985 update: 1150	fps: 474.443	
2026-08-11 17:33:26,985 Num updates: 1150	Num frames 184000
2026-08-11 17:33:26,985 Average window size: 50  distance_to_goal: 0.472  distance_to_goal_reward: -0.000  reward: 4.524  spl: 0.611  success: 0.748
2026-08-11 17:33:26,985 	Perf Stats: trainer.rollout_collect: 0.299 trainer.sample_action: 0.003 trainer.obs_insert: 0.000 trainer.step_env: 0.005 trainer.update_stats: 0.001 trainer.update_agent: 0.036
2026-08-11 17:33:30,042 update: 1160	fps: 474.825	
2026-08-11 17:33:30,042 Num updates: 1160	Num frames 185600
2026-08-11 17:33:30,043 Average window size: 50  distance_to_goal: 0.404  distance_to_goal_reward: 0.000  reward: 4.510  spl: 0.607  success: 0.748
2026-08-11 17:33:30,043 	Perf Stats: trainer.rollout_collect: 0.299 trainer.sample_action: 0.003 trainer.obs_insert: 0.000 trainer.step_env: 0.005 trainer.update_stats: 0.001 trainer.update_agent: 0.036
2026-08-11 17:33:33,093 update: 1170	fps: 475.210	
2026-08-11 17:33:33,093 Num updates: 1170	Num frames 187200
2026-08-11 17:33:33,093 Average window size: 50  distance_to_goal: 0.325  distance_to_goal_reward: 0.000  reward: 5.096  spl: 0.643  success: 0.812
2026-08-11 17:33:33,093 	Perf Stats: trainer.rollout_collect: 0.299 trainer.sample_action: 0.003 trainer.obs_insert: 0.000 trainer.step_env: 0.005 trainer.update_stats: 0.001 trainer.update_agent: 0.036
2026-08-11 17:33:36,110 update: 1180	fps: 475.628	
2026-08-11 17:33:36,119 Num updates: 1180	Num frames 188800
2026-08-11 17:33:36,119 Average window size: 50  distance_to_goal: 0.370  distance_to_goal_reward: 0.000  reward: 5.521  spl: 0.652  success: 0.829
2026-08-11 17:33:36,119 	Perf Stats: trainer.rollout_collect: 0.298 trainer.sample_action: 0.003 trainer.obs_insert: 0.000 trainer.step_env: 0.005 trainer.update_stats: 0.001 trainer.update_agent: 0.036
2026-08-11 17:33:39,183 update: 1190	fps: 475.974	
2026-08-11 17:33:39,184 Num updates: 1190	Num frames 190400
2026-08-11 17:33:39,184 Average window size: 50  distance_to_goal: 0.351  distance_to_goal_reward: 0.000  reward: 5.435  spl: 0.623  success: 0.802
2026-08-11 17:33:39,184 	Perf Stats: trainer.rollout_collect: 0.298 trainer.sample_action: 0.003 trainer.obs_insert: 0.000 trainer.step_env: 0.005 trainer.update_stats: 0.001 trainer.update_agent: 0.036
PluginManager::Manager: duplicate static plugin StbImageImporter, ignoring
PluginManager::Manager: duplicate static plugin GltfImporter, ignoring
PluginManager::Manager: duplicate static plugin BasisImporter, ignoring
PluginManager::Manager: duplicate static plugin AssimpImporter, ignoring
PluginManager::Manager: duplicate static plugin AnySceneImporter, ignoring
PluginManager::Manager: duplicate static plugin AnyImageImporter, ignoring
Renderer: NVIDIA GeForce RTX 4070/PCIe/SSE2 by NVIDIA Corporation
OpenGL version: 4.6.0 NVIDIA 580.173.02
Using optional features:
    GL_ARB_vertex_array_object
    GL_ARB_separate_shader_objects
    GL_ARB_robustness
    GL_ARB_texture_storage
    GL_ARB_texture_view
    GL_ARB_framebuffer_no_attachments
    GL_ARB_invalidate_subdata
    GL_ARB_texture_storage_multisample
    GL_ARB_multi_bind
    GL_ARB_direct_state_access
    GL_ARB_get_texture_sub_image
    GL_ARB_texture_filter_anisotropic
    GL_KHR_debug
    GL_KHR_parallel_shader_compile
    GL_NV_depth_buffer_float
Using driver workarounds:
    no-forward-compatible-core-context
    nv-egl-incorrect-gl11-function-pointers
    no-layout-qualifiers-on-old-glsl
    nv-zero-context-profile-mask
    nv-implementation-color-read-format-dsa-broken
    nv-cubemap-inconsistent-compressed-image-size
    nv-cubemap-broken-full-compressed-image-query
    nv-compressed-block-size-in-bits
[17:33:41:304248]:[Warning]:[Scene] SemanticScene.h(331)::checkFileExists : ::loadSemanticSceneDescriptor: File `data/scene_datasets/habitat-test-scenes/skokloster-castle.scn` does not exist.  Aborting load.
[17:33:41:304264]:[Warning]:[Scene] SemanticScene.cpp(123)::loadSemanticSceneDescriptor : SSD File Naming Issue! Neither SemanticAttributes-provided name : `data/scene_datasets/habitat-test-scenes/skokloster-castle.scn` nor constructed filename : `data/scene_datasets/habitat-test-scenes/info_semantic.json` exist on disk.
[17:33:41:304269]:[Error]:[Scene] SemanticScene.cpp(139)::loadSemanticSceneDescriptor : SSD Load Failure! File with SemanticAttributes-provided name `data/scene_datasets/habitat-test-scenes/skokloster-castle.scn` exists but failed to load.
[17:33:41:924765]:[Warning]:[Sim] Simulator.cpp(595)::instanceStageForSceneAttributes : The active scene does not contain semantic annotations : activeSemanticSceneID_ = 0
2026-08-11 17:33:42,992 update: 1200	fps: 475.447	
2026-08-11 17:33:42,993 Num updates: 1200	Num frames 192000
2026-08-11 17:33:42,993 Average window size: 50  distance_to_goal: 0.352  distance_to_goal_reward: 0.000  reward: 5.507  spl: 0.629  success: 0.809
2026-08-11 17:33:42,993 	Perf Stats: trainer.rollout_collect: 0.298 trainer.sample_action: 0.003 trainer.obs_insert: 0.000 trainer.step_env: 0.005 trainer.update_stats: 0.001 trainer.update_agent: 0.036
2026-08-11 17:33:46,082 update: 1210	fps: 475.768	
2026-08-11 17:33:46,083 Num updates: 1210	Num frames 193600
2026-08-11 17:33:46,083 Average window size: 50  distance_to_goal: 0.380  distance_to_goal_reward: 0.000  reward: 6.032  spl: 0.642  success: 0.823
2026-08-11 17:33:46,083 	Perf Stats: trainer.rollout_collect: 0.298 trainer.sample_action: 0.003 trainer.obs_insert: 0.000 trainer.step_env: 0.005 trainer.update_stats: 0.001 trainer.update_agent: 0.036
2026-08-11 17:33:49,206 update: 1220	fps: 476.047	
2026-08-11 17:33:49,206 Num updates: 1220	Num frames 195200
2026-08-11 17:33:49,206 Average window size: 50  distance_to_goal: 0.464  distance_to_goal_reward: 0.000  reward: 5.866  spl: 0.636  success: 0.788
2026-08-11 17:33:49,206 	Perf Stats: trainer.rollout_collect: 0.298 trainer.sample_action: 0.003 trainer.obs_insert: 0.000 trainer.step_env: 0.005 trainer.update_stats: 0.001 trainer.update_agent: 0.036
2026-08-11 17:33:52,263 update: 1230	fps: 476.396	
2026-08-11 17:33:52,264 Num updates: 1230	Num frames 196800
2026-08-11 17:33:52,264 Average window size: 50  distance_to_goal: 0.384  distance_to_goal_reward: 0.000  reward: 5.903  spl: 0.640  success: 0.791
2026-08-11 17:33:52,264 	Perf Stats: trainer.rollout_collect: 0.298 trainer.sample_action: 0.003 trainer.obs_insert: 0.000 trainer.step_env: 0.005 trainer.update_stats: 0.001 trainer.update_agent: 0.036
PluginManager::Manager: duplicate static plugin StbImageImporter, ignoring
PluginManager::Manager: duplicate static plugin GltfImporter, ignoring
PluginManager::Manager: duplicate static plugin BasisImporter, ignoring
PluginManager::Manager: duplicate static plugin AssimpImporter, ignoring
PluginManager::Manager: duplicate static plugin AnySceneImporter, ignoring
PluginManager::Manager: duplicate static plugin AnyImageImporter, ignoring
Renderer: NVIDIA GeForce RTX 4070/PCIe/SSE2 by NVIDIA Corporation
OpenGL version: 4.6.0 NVIDIA 580.173.02
Using optional features:
    GL_ARB_vertex_array_object
    GL_ARB_separate_shader_objects
    GL_ARB_robustness
    GL_ARB_texture_storage
    GL_ARB_texture_view
    GL_ARB_framebuffer_no_attachments
    GL_ARB_invalidate_subdata
    GL_ARB_texture_storage_multisample
    GL_ARB_multi_bind
    GL_ARB_direct_state_access
    GL_ARB_get_texture_sub_image
    GL_ARB_texture_filter_anisotropic
    GL_KHR_debug
    GL_KHR_parallel_shader_compile
    GL_NV_depth_buffer_float
Using driver workarounds:
    no-forward-compatible-core-context
    nv-egl-incorrect-gl11-function-pointers
    no-layout-qualifiers-on-old-glsl
    nv-zero-context-profile-mask
    nv-implementation-color-read-format-dsa-broken
    nv-cubemap-inconsistent-compressed-image-size
    nv-cubemap-broken-full-compressed-image-query
    nv-compressed-block-size-in-bits
[17:33:54:848899]:[Warning]:[Scene] SemanticScene.h(331)::checkFileExists : ::loadSemanticSceneDescriptor: File `data/scene_datasets/habitat-test-scenes/skokloster-castle.scn` does not exist.  Aborting load.
[17:33:54:848915]:[Warning]:[Scene] SemanticScene.cpp(123)::loadSemanticSceneDescriptor : SSD File Naming Issue! Neither SemanticAttributes-provided name : `data/scene_datasets/habitat-test-scenes/skokloster-castle.scn` nor constructed filename : `data/scene_datasets/habitat-test-scenes/info_semantic.json` exist on disk.
[17:33:54:848919]:[Error]:[Scene] SemanticScene.cpp(139)::loadSemanticSceneDescriptor : SSD Load Failure! File with SemanticAttributes-provided name `data/scene_datasets/habitat-test-scenes/skokloster-castle.scn` exists but failed to load.
[17:33:55:453711]:[Warning]:[Sim] Simulator.cpp(595)::instanceStageForSceneAttributes : The active scene does not contain semantic annotations : activeSemanticSceneID_ = 0
2026-08-11 17:33:55,963 update: 1240	fps: 476.006	
2026-08-11 17:33:55,963 Num updates: 1240	Num frames 198400
2026-08-11 17:33:55,963 Average window size: 50  distance_to_goal: 0.542  distance_to_goal_reward: 0.000  reward: 5.494  spl: 0.564  success: 0.692
2026-08-11 17:33:55,963 	Perf Stats: trainer.rollout_collect: 0.298 trainer.sample_action: 0.003 trainer.obs_insert: 0.000 trainer.step_env: 0.005 trainer.update_stats: 0.001 trainer.update_agent: 0.036
PluginManager::Manager: duplicate static plugin StbImageImporter, ignoring
PluginManager::Manager: duplicate static plugin GltfImporter, ignoring
PluginManager::Manager: duplicate static plugin BasisImporter, ignoring
PluginManager::Manager: duplicate static plugin AssimpImporter, ignoring
PluginManager::Manager: duplicate static plugin AnySceneImporter, ignoring
PluginManager::Manager: duplicate static plugin AnyImageImporter, ignoring
Renderer: NVIDIA GeForce RTX 4070/PCIe/SSE2 by NVIDIA Corporation
OpenGL version: 4.6.0 NVIDIA 580.173.02
Using optional features:
    GL_ARB_vertex_array_object
    GL_ARB_separate_shader_objects
    GL_ARB_robustness
    GL_ARB_texture_storage
    GL_ARB_texture_view
    GL_ARB_framebuffer_no_attachments
    GL_ARB_invalidate_subdata
    GL_ARB_texture_storage_multisample
    GL_ARB_multi_bind
    GL_ARB_direct_state_access
    GL_ARB_get_texture_sub_image
    GL_ARB_texture_filter_anisotropic
    GL_KHR_debug
    GL_KHR_parallel_shader_compile
    GL_NV_depth_buffer_float
Using driver workarounds:
    no-forward-compatible-core-context
    nv-egl-incorrect-gl11-function-pointers
    no-layout-qualifiers-on-old-glsl
    nv-zero-context-profile-mask
    nv-implementation-color-read-format-dsa-broken
    nv-cubemap-inconsistent-compressed-image-size
    nv-cubemap-broken-full-compressed-image-query
    nv-compressed-block-size-in-bits
[17:33:57:459091]:[Warning]:[Scene] SemanticScene.h(331)::checkFileExists : ::loadSemanticSceneDescriptor: File `data/scene_datasets/habitat-test-scenes/van-gogh-room.scn` does not exist.  Aborting load.
[17:33:57:459111]:[Warning]:[Scene] SemanticScene.cpp(123)::loadSemanticSceneDescriptor : SSD File Naming Issue! Neither SemanticAttributes-provided name : `data/scene_datasets/habitat-test-scenes/van-gogh-room.scn` nor constructed filename : `data/scene_datasets/habitat-test-scenes/info_semantic.json` exist on disk.
[17:33:57:459116]:[Error]:[Scene] SemanticScene.cpp(139)::loadSemanticSceneDescriptor : SSD Load Failure! File with SemanticAttributes-provided name `data/scene_datasets/habitat-test-scenes/van-gogh-room.scn` exists but failed to load.
[17:33:57:891154]:[Warning]:[Sim] Simulator.cpp(595)::instanceStageForSceneAttributes : The active scene does not contain semantic annotations : activeSemanticSceneID_ = 0
2026-08-11 17:33:59,524 update: 1250	fps: 475.781	
2026-08-11 17:33:59,524 Num updates: 1250	Num frames 200000
2026-08-11 17:33:59,524 Average window size: 50  distance_to_goal: 0.580  distance_to_goal_reward: 0.000  reward: 5.349  spl: 0.522  success: 0.648
2026-08-11 17:33:59,524 	Perf Stats: trainer.rollout_collect: 0.298 trainer.sample_action: 0.003 trainer.obs_insert: 0.000 trainer.step_env: 0.005 trainer.update_stats: 0.001 trainer.update_agent: 0.036
2026-08-11 17:34:02,707 update: 1260	fps: 475.983	
2026-08-11 17:34:02,707 Num updates: 1260	Num frames 201600
2026-08-11 17:34:02,707 Average window size: 50  distance_to_goal: 0.539  distance_to_goal_reward: 0.000  reward: 4.884  spl: 0.442  success: 0.565
2026-08-11 17:34:02,707 	Perf Stats: trainer.rollout_collect: 0.298 trainer.sample_action: 0.003 trainer.obs_insert: 0.000 trainer.step_env: 0.005 trainer.update_stats: 0.001 trainer.update_agent: 0.036
2026-08-11 17:34:05,828 update: 1270	fps: 476.251	
2026-08-11 17:34:05,828 Num updates: 1270	Num frames 203200
2026-08-11 17:34:05,828 Average window size: 50  distance_to_goal: 0.573  distance_to_goal_reward: 0.000  reward: 3.880  spl: 0.264  success: 0.390
2026-08-11 17:34:05,828 	Perf Stats: trainer.rollout_collect: 0.298 trainer.sample_action: 0.003 trainer.obs_insert: 0.000 trainer.step_env: 0.005 trainer.update_stats: 0.001 trainer.update_agent: 0.036
2026-08-11 17:34:08,942 update: 1280	fps: 476.523	
2026-08-11 17:34:08,942 Num updates: 1280	Num frames 204800
2026-08-11 17:34:08,942 Average window size: 50  distance_to_goal: 0.513  distance_to_goal_reward: 0.000  reward: 3.959  spl: 0.283  success: 0.414
2026-08-11 17:34:08,942 	Perf Stats: trainer.rollout_collect: 0.298 trainer.sample_action: 0.003 trainer.obs_insert: 0.000 trainer.step_env: 0.005 trainer.update_stats: 0.001 trainer.update_agent: 0.036
2026-08-11 17:34:12,071 update: 1290	fps: 476.774	
2026-08-11 17:34:12,071 Num updates: 1290	Num frames 206400
2026-08-11 17:34:12,071 Average window size: 50  distance_to_goal: 0.560  distance_to_goal_reward: 0.000  reward: 4.553  spl: 0.392  success: 0.564
2026-08-11 17:34:12,071 	Perf Stats: trainer.rollout_collect: 0.297 trainer.sample_action: 0.003 trainer.obs_insert: 0.000 trainer.step_env: 0.005 trainer.update_stats: 0.001 trainer.update_agent: 0.036
2026-08-11 17:34:15,299 update: 1300	fps: 476.914	
2026-08-11 17:34:15,299 Num updates: 1300	Num frames 208000
2026-08-11 17:34:15,299 Average window size: 50  distance_to_goal: 0.595  distance_to_goal_reward: 0.000  reward: 4.230  spl: 0.412  success: 0.576
2026-08-11 17:34:15,299 	Perf Stats: trainer.rollout_collect: 0.297 trainer.sample_action: 0.003 trainer.obs_insert: 0.000 trainer.step_env: 0.005 trainer.update_stats: 0.001 trainer.update_agent: 0.035
2026-08-11 17:34:18,424 update: 1310	fps: 477.163	
2026-08-11 17:34:18,425 Num updates: 1310	Num frames 209600
2026-08-11 17:34:18,425 Average window size: 50  distance_to_goal: 0.729  distance_to_goal_reward: 0.000  reward: 3.925  spl: 0.430  success: 0.614
2026-08-11 17:34:18,425 	Perf Stats: trainer.rollout_collect: 0.297 trainer.sample_action: 0.003 trainer.obs_insert: 0.000 trainer.step_env: 0.005 trainer.update_stats: 0.001 trainer.update_agent: 0.035
2026-08-11 17:34:21,530 update: 1320	fps: 477.430	
2026-08-11 17:34:21,531 Num updates: 1320	Num frames 211200
2026-08-11 17:34:21,531 Average window size: 50  distance_to_goal: 0.780  distance_to_goal_reward: 0.000  reward: 3.929  spl: 0.465  success: 0.671
2026-08-11 17:34:21,531 	Perf Stats: trainer.rollout_collect: 0.297 trainer.sample_action: 0.003 trainer.obs_insert: 0.000 trainer.step_env: 0.005 trainer.update_stats: 0.001 trainer.update_agent: 0.035
2026-08-11 17:34:24,619 update: 1330	fps: 477.712	
2026-08-11 17:34:24,619 Num updates: 1330	Num frames 212800
2026-08-11 17:34:24,619 Average window size: 50  distance_to_goal: 0.911  distance_to_goal_reward: 0.000  reward: 3.752  spl: 0.482  success: 0.702
2026-08-11 17:34:24,619 	Perf Stats: trainer.rollout_collect: 0.297 trainer.sample_action: 0.003 trainer.obs_insert: 0.000 trainer.step_env: 0.005 trainer.update_stats: 0.001 trainer.update_agent: 0.035
2026-08-11 17:34:27,712 update: 1340	fps: 477.985	
2026-08-11 17:34:27,712 Num updates: 1340	Num frames 214400
2026-08-11 17:34:27,712 Average window size: 50  distance_to_goal: 0.733  distance_to_goal_reward: 0.000  reward: 3.240  spl: 0.354  success: 0.548
2026-08-11 17:34:27,712 	Perf Stats: trainer.rollout_collect: 0.297 trainer.sample_action: 0.003 trainer.obs_insert: 0.000 trainer.step_env: 0.005 trainer.update_stats: 0.001 trainer.update_agent: 0.035
PluginManager::Manager: duplicate static plugin StbImageImporter, ignoring
PluginManager::Manager: duplicate static plugin GltfImporter, ignoring
PluginManager::Manager: duplicate static plugin BasisImporter, ignoring
PluginManager::Manager: duplicate static plugin AssimpImporter, ignoring
PluginManager::Manager: duplicate static plugin AnySceneImporter, ignoring
PluginManager::Manager: duplicate static plugin AnyImageImporter, ignoring
Renderer: NVIDIA GeForce RTX 4070/PCIe/SSE2 by NVIDIA Corporation
OpenGL version: 4.6.0 NVIDIA 580.173.02
Using optional features:
    GL_ARB_vertex_array_object
    GL_ARB_separate_shader_objects
    GL_ARB_robustness
    GL_ARB_texture_storage
    GL_ARB_texture_view
    GL_ARB_framebuffer_no_attachments
    GL_ARB_invalidate_subdata
    GL_ARB_texture_storage_multisample
    GL_ARB_multi_bind
    GL_ARB_direct_state_access
    GL_ARB_get_texture_sub_image
    GL_ARB_texture_filter_anisotropic
    GL_KHR_debug
    GL_KHR_parallel_shader_compile
    GL_NV_depth_buffer_float
Using driver workarounds:
    no-forward-compatible-core-context
    nv-egl-incorrect-gl11-function-pointers
    no-layout-qualifiers-on-old-glsl
    nv-zero-context-profile-mask
    nv-implementation-color-read-format-dsa-broken
    nv-cubemap-inconsistent-compressed-image-size
    nv-cubemap-broken-full-compressed-image-query
    nv-compressed-block-size-in-bits
[17:34:30:389667]:[Warning]:[Scene] SemanticScene.h(331)::checkFileExists : ::loadSemanticSceneDescriptor: File `data/scene_datasets/habitat-test-scenes/skokloster-castle.scn` does not exist.  Aborting load.
[17:34:30:389683]:[Warning]:[Scene] SemanticScene.cpp(123)::loadSemanticSceneDescriptor : SSD File Naming Issue! Neither SemanticAttributes-provided name : `data/scene_datasets/habitat-test-scenes/skokloster-castle.scn` nor constructed filename : `data/scene_datasets/habitat-test-scenes/info_semantic.json` exist on disk.
[17:34:30:389688]:[Error]:[Scene] SemanticScene.cpp(139)::loadSemanticSceneDescriptor : SSD Load Failure! File with SemanticAttributes-provided name `data/scene_datasets/habitat-test-scenes/skokloster-castle.scn` exists but failed to load.
[17:34:31:024233]:[Warning]:[Sim] Simulator.cpp(595)::instanceStageForSceneAttributes : The active scene does not contain semantic annotations : activeSemanticSceneID_ = 0
2026-08-11 17:34:31,458 update: 1350	fps: 477.563	
2026-08-11 17:34:31,458 Num updates: 1350	Num frames 216000
2026-08-11 17:34:31,458 Average window size: 50  distance_to_goal: 0.811  distance_to_goal_reward: 0.000  reward: 2.367  spl: 0.262  success: 0.464
2026-08-11 17:34:31,458 	Perf Stats: trainer.rollout_collect: 0.297 trainer.sample_action: 0.003 trainer.obs_insert: 0.000 trainer.step_env: 0.005 trainer.update_stats: 0.001 trainer.update_agent: 0.035
PluginManager::Manager: duplicate static plugin StbImageImporter, ignoring
PluginManager::Manager: duplicate static plugin GltfImporter, ignoring
PluginManager::Manager: duplicate static plugin BasisImporter, ignoring
PluginManager::Manager: duplicate static plugin AssimpImporter, ignoring
PluginManager::Manager: duplicate static plugin AnySceneImporter, ignoring
PluginManager::Manager: duplicate static plugin AnyImageImporter, ignoring
Renderer: NVIDIA GeForce RTX 4070/PCIe/SSE2 by NVIDIA Corporation
OpenGL version: 4.6.0 NVIDIA 580.173.02
Using optional features:
    GL_ARB_vertex_array_object
    GL_ARB_separate_shader_objects
    GL_ARB_robustness
    GL_ARB_texture_storage
    GL_ARB_texture_view
    GL_ARB_framebuffer_no_attachments
    GL_ARB_invalidate_subdata
    GL_ARB_texture_storage_multisample
    GL_ARB_multi_bind
    GL_ARB_direct_state_access
    GL_ARB_get_texture_sub_image
    GL_ARB_texture_filter_anisotropic
    GL_KHR_debug
    GL_KHR_parallel_shader_compile
    GL_NV_depth_buffer_float
Using driver workarounds:
    no-forward-compatible-core-context
    nv-egl-incorrect-gl11-function-pointers
    no-layout-qualifiers-on-old-glsl
    nv-zero-context-profile-mask
    nv-implementation-color-read-format-dsa-broken
    nv-cubemap-inconsistent-compressed-image-size
    nv-cubemap-broken-full-compressed-image-query
    nv-compressed-block-size-in-bits
[17:34:31:549637]:[Warning]:[Scene] SemanticScene.h(331)::checkFileExists : ::loadSemanticSceneDescriptor: File `data/scene_datasets/habitat-test-scenes/van-gogh-room.scn` does not exist.  Aborting load.
[17:34:31:549653]:[Warning]:[Scene] SemanticScene.cpp(123)::loadSemanticSceneDescriptor : SSD File Naming Issue! Neither SemanticAttributes-provided name : `data/scene_datasets/habitat-test-scenes/van-gogh-room.scn` nor constructed filename : `data/scene_datasets/habitat-test-scenes/info_semantic.json` exist on disk.
[17:34:31:549658]:[Error]:[Scene] SemanticScene.cpp(139)::loadSemanticSceneDescriptor : SSD Load Failure! File with SemanticAttributes-provided name `data/scene_datasets/habitat-test-scenes/van-gogh-room.scn` exists but failed to load.
[17:34:31:979604]:[Warning]:[Sim] Simulator.cpp(595)::instanceStageForSceneAttributes : The active scene does not contain semantic annotations : activeSemanticSceneID_ = 0
2026-08-11 17:34:35,005 update: 1360	fps: 477.357	
2026-08-11 17:34:35,005 Num updates: 1360	Num frames 217600
2026-08-11 17:34:35,005 Average window size: 50  distance_to_goal: 0.616  distance_to_goal_reward: 0.000  reward: 0.469  spl: 0.101  success: 0.211
2026-08-11 17:34:35,005 	Perf Stats: trainer.rollout_collect: 0.297 trainer.sample_action: 0.003 trainer.obs_insert: 0.000 trainer.step_env: 0.005 trainer.update_stats: 0.001 trainer.update_agent: 0.035
2026-08-11 17:34:38,102 update: 1370	fps: 477.622	
2026-08-11 17:34:38,102 Num updates: 1370	Num frames 219200
2026-08-11 17:34:38,103 Average window size: 50  distance_to_goal: 1.022  distance_to_goal_reward: 0.000  reward: -0.033  spl: 0.000  success: 0.000
2026-08-11 17:34:38,103 	Perf Stats: trainer.rollout_collect: 0.297 trainer.sample_action: 0.003 trainer.obs_insert: 0.000 trainer.step_env: 0.005 trainer.update_stats: 0.001 trainer.update_agent: 0.035
2026-08-11 17:34:41,159 update: 1380	fps: 477.925	
2026-08-11 17:34:41,159 Num updates: 1380	Num frames 220800
2026-08-11 17:34:41,159 Average window size: 50  distance_to_goal: 0.974  distance_to_goal_reward: 0.000  reward: 0.275  spl: 0.043  success: 0.059
2026-08-11 17:34:41,159 	Perf Stats: trainer.rollout_collect: 0.297 trainer.sample_action: 0.003 trainer.obs_insert: 0.000 trainer.step_env: 0.005 trainer.update_stats: 0.001 trainer.update_agent: 0.035
2026-08-11 17:34:44,271 update: 1390	fps: 478.168	
2026-08-11 17:34:44,271 Num updates: 1390	Num frames 222400
2026-08-11 17:34:44,271 Average window size: 50  distance_to_goal: 0.797  distance_to_goal_reward: 0.000  reward: 0.713  spl: 0.129  success: 0.238
2026-08-11 17:34:44,271 	Perf Stats: trainer.rollout_collect: 0.296 trainer.sample_action: 0.003 trainer.obs_insert: 0.000 trainer.step_env: 0.005 trainer.update_stats: 0.001 trainer.update_agent: 0.035
2026-08-11 17:34:47,475 update: 1400	fps: 478.313	
2026-08-11 17:34:47,475 Num updates: 1400	Num frames 224000
2026-08-11 17:34:47,475 Average window size: 50  distance_to_goal: 0.725  distance_to_goal_reward: 0.000  reward: 1.782  spl: 0.175  success: 0.333
2026-08-11 17:34:47,475 	Perf Stats: trainer.rollout_collect: 0.296 trainer.sample_action: 0.003 trainer.obs_insert: 0.000 trainer.step_env: 0.005 trainer.update_stats: 0.001 trainer.update_agent: 0.035
2026-08-11 17:34:50,608 update: 1410	fps: 478.528	
2026-08-11 17:34:50,608 Num updates: 1410	Num frames 225600
2026-08-11 17:34:50,608 Average window size: 50  distance_to_goal: 0.493  distance_to_goal_reward: 0.000  reward: 3.401  spl: 0.324  success: 0.567
2026-08-11 17:34:50,608 	Perf Stats: trainer.rollout_collect: 0.296 trainer.sample_action: 0.003 trainer.obs_insert: 0.000 trainer.step_env: 0.005 trainer.update_stats: 0.001 trainer.update_agent: 0.035
2026-08-11 17:34:53,756 update: 1420	fps: 478.725	
2026-08-11 17:34:53,756 Num updates: 1420	Num frames 227200
2026-08-11 17:34:53,756 Average window size: 50  distance_to_goal: 0.502  distance_to_goal_reward: 0.000  reward: 3.842  spl: 0.306  success: 0.479
2026-08-11 17:34:53,756 	Perf Stats: trainer.rollout_collect: 0.296 trainer.sample_action: 0.003 trainer.obs_insert: 0.000 trainer.step_env: 0.005 trainer.update_stats: 0.001 trainer.update_agent: 0.035
2026-08-11 17:34:56,919 update: 1430	fps: 478.905	
2026-08-11 17:34:56,919 Num updates: 1430	Num frames 228800
2026-08-11 17:34:56,919 Average window size: 50  distance_to_goal: 0.607  distance_to_goal_reward: 0.000  reward: 3.781  spl: 0.292  success: 0.421
2026-08-11 17:34:56,919 	Perf Stats: trainer.rollout_collect: 0.296 trainer.sample_action: 0.003 trainer.obs_insert: 0.000 trainer.step_env: 0.005 trainer.update_stats: 0.001 trainer.update_agent: 0.035
2026-08-11 17:35:00,070 update: 1440	fps: 479.094	
2026-08-11 17:35:00,070 Num updates: 1440	Num frames 230400
2026-08-11 17:35:00,070 Average window size: 50  distance_to_goal: 0.648  distance_to_goal_reward: 0.000  reward: 3.895  spl: 0.299  success: 0.408
2026-08-11 17:35:00,070 	Perf Stats: trainer.rollout_collect: 0.296 trainer.sample_action: 0.003 trainer.obs_insert: 0.000 trainer.step_env: 0.005 trainer.update_stats: 0.001 trainer.update_agent: 0.035
2026-08-11 17:35:03,245 update: 1450	fps: 479.256	
2026-08-11 17:35:03,245 Num updates: 1450	Num frames 232000
2026-08-11 17:35:03,245 Average window size: 50  distance_to_goal: 0.687  distance_to_goal_reward: 0.000  reward: 3.569  spl: 0.278  success: 0.376
2026-08-11 17:35:03,245 	Perf Stats: trainer.rollout_collect: 0.296 trainer.sample_action: 0.003 trainer.obs_insert: 0.000 trainer.step_env: 0.005 trainer.update_stats: 0.001 trainer.update_agent: 0.035
2026-08-11 17:35:06,410 update: 1460	fps: 479.427	
2026-08-11 17:35:06,411 Num updates: 1460	Num frames 233600
2026-08-11 17:35:06,411 Average window size: 50  distance_to_goal: 0.774  distance_to_goal_reward: 0.000  reward: 3.427  spl: 0.270  success: 0.353
2026-08-11 17:35:06,411 	Perf Stats: trainer.rollout_collect: 0.296 trainer.sample_action: 0.003 trainer.obs_insert: 0.000 trainer.step_env: 0.005 trainer.update_stats: 0.001 trainer.update_agent: 0.035
2026-08-11 17:35:09,586 update: 1470	fps: 479.585	
2026-08-11 17:35:09,586 Num updates: 1470	Num frames 235200
2026-08-11 17:35:09,586 Average window size: 50  distance_to_goal: 0.811  distance_to_goal_reward: 0.000  reward: 3.289  spl: 0.309  success: 0.401
2026-08-11 17:35:09,586 	Perf Stats: trainer.rollout_collect: 0.295 trainer.sample_action: 0.003 trainer.obs_insert: 0.000 trainer.step_env: 0.005 trainer.update_stats: 0.001 trainer.update_agent: 0.035
2026-08-11 17:35:12,744 update: 1480	fps: 479.759	
2026-08-11 17:35:12,744 Num updates: 1480	Num frames 236800
2026-08-11 17:35:12,744 Average window size: 50  distance_to_goal: 0.745  distance_to_goal_reward: 0.000  reward: 3.643  spl: 0.339  success: 0.444
2026-08-11 17:35:12,744 	Perf Stats: trainer.rollout_collect: 0.295 trainer.sample_action: 0.003 trainer.obs_insert: 0.000 trainer.step_env: 0.005 trainer.update_stats: 0.001 trainer.update_agent: 0.035
2026-08-11 17:35:15,888 update: 1490	fps: 479.943	
2026-08-11 17:35:15,888 Num updates: 1490	Num frames 238400
2026-08-11 17:35:15,888 Average window size: 50  distance_to_goal: 0.839  distance_to_goal_reward: 0.000  reward: 4.059  spl: 0.389  success: 0.508
2026-08-11 17:35:15,888 	Perf Stats: trainer.rollout_collect: 0.295 trainer.sample_action: 0.003 trainer.obs_insert: 0.000 trainer.step_env: 0.005 trainer.update_stats: 0.001 trainer.update_agent: 0.035
2026-08-11 17:35:19,153 update: 1500	fps: 480.008	
2026-08-11 17:35:19,153 Num updates: 1500	Num frames 240000
2026-08-11 17:35:19,154 Average window size: 50  distance_to_goal: 0.660  distance_to_goal_reward: 0.000  reward: 4.816  spl: 0.469  success: 0.617
2026-08-11 17:35:19,154 	Perf Stats: trainer.rollout_collect: 0.295 trainer.sample_action: 0.003 trainer.obs_insert: 0.000 trainer.step_env: 0.005 trainer.update_stats: 0.001 trainer.update_agent: 0.035
2026-08-11 17:35:22,286 update: 1510	fps: 480.199	
2026-08-11 17:35:22,286 Num updates: 1510	Num frames 241600
2026-08-11 17:35:22,286 Average window size: 50  distance_to_goal: 0.811  distance_to_goal_reward: 0.000  reward: 4.855  spl: 0.480  success: 0.643
2026-08-11 17:35:22,286 	Perf Stats: trainer.rollout_collect: 0.295 trainer.sample_action: 0.003 trainer.obs_insert: 0.000 trainer.step_env: 0.005 trainer.update_stats: 0.001 trainer.update_agent: 0.035
2026-08-11 17:35:25,439 update: 1520	fps: 480.369	
2026-08-11 17:35:25,440 Num updates: 1520	Num frames 243200
2026-08-11 17:35:25,440 Average window size: 50  distance_to_goal: 0.619  distance_to_goal_reward: 0.000  reward: 5.508  spl: 0.531  success: 0.717
2026-08-11 17:35:25,440 	Perf Stats: trainer.rollout_collect: 0.295 trainer.sample_action: 0.003 trainer.obs_insert: 0.000 trainer.step_env: 0.005 trainer.update_stats: 0.001 trainer.update_agent: 0.035
2026-08-11 17:35:28,566 update: 1530	fps: 480.561	
2026-08-11 17:35:28,567 Num updates: 1530	Num frames 244800
2026-08-11 17:35:28,567 Average window size: 50  distance_to_goal: 0.621  distance_to_goal_reward: 0.000  reward: 5.667  spl: 0.550  success: 0.735
2026-08-11 17:35:28,567 	Perf Stats: trainer.rollout_collect: 0.295 trainer.sample_action: 0.003 trainer.obs_insert: 0.000 trainer.step_env: 0.005 trainer.update_stats: 0.001 trainer.update_agent: 0.035
2026-08-11 17:35:31,693 update: 1540	fps: 480.751	
2026-08-11 17:35:31,693 Num updates: 1540	Num frames 246400
2026-08-11 17:35:31,693 Average window size: 50  distance_to_goal: 0.662  distance_to_goal_reward: 0.000  reward: 5.289  spl: 0.552  success: 0.717
2026-08-11 17:35:31,693 	Perf Stats: trainer.rollout_collect: 0.295 trainer.sample_action: 0.003 trainer.obs_insert: 0.000 trainer.step_env: 0.005 trainer.update_stats: 0.001 trainer.update_agent: 0.035
PluginManager::Manager: duplicate static plugin StbImageImporter, ignoring
PluginManager::Manager: duplicate static plugin GltfImporter, ignoring
PluginManager::Manager: duplicate static plugin BasisImporter, ignoring
PluginManager::Manager: duplicate static plugin AssimpImporter, ignoring
PluginManager::Manager: duplicate static plugin AnySceneImporter, ignoring
PluginManager::Manager: duplicate static plugin AnyImageImporter, ignoring
Renderer: NVIDIA GeForce RTX 4070/PCIe/SSE2 by NVIDIA Corporation
OpenGL version: 4.6.0 NVIDIA 580.173.02
Using optional features:
    GL_ARB_vertex_array_object
    GL_ARB_separate_shader_objects
    GL_ARB_robustness
    GL_ARB_texture_storage
    GL_ARB_texture_view
    GL_ARB_framebuffer_no_attachments
    GL_ARB_invalidate_subdata
    GL_ARB_texture_storage_multisample
    GL_ARB_multi_bind
    GL_ARB_direct_state_access
    GL_ARB_get_texture_sub_image
    GL_ARB_texture_filter_anisotropic
    GL_KHR_debug
    GL_KHR_parallel_shader_compile
    GL_NV_depth_buffer_float
Using driver workarounds:
    no-forward-compatible-core-context
    nv-egl-incorrect-gl11-function-pointers
    no-layout-qualifiers-on-old-glsl
    nv-zero-context-profile-mask
    nv-implementation-color-read-format-dsa-broken
    nv-cubemap-inconsistent-compressed-image-size
    nv-cubemap-broken-full-compressed-image-query
    nv-compressed-block-size-in-bits
[17:35:32:129037]:[Warning]:[Scene] SemanticScene.h(331)::checkFileExists : ::loadSemanticSceneDescriptor: File `data/scene_datasets/habitat-test-scenes/skokloster-castle.scn` does not exist.  Aborting load.
[17:35:32:129053]:[Warning]:[Scene] SemanticScene.cpp(123)::loadSemanticSceneDescriptor : SSD File Naming Issue! Neither SemanticAttributes-provided name : `data/scene_datasets/habitat-test-scenes/skokloster-castle.scn` nor constructed filename : `data/scene_datasets/habitat-test-scenes/info_semantic.json` exist on disk.
[17:35:32:129059]:[Error]:[Scene] SemanticScene.cpp(139)::loadSemanticSceneDescriptor : SSD Load Failure! File with SemanticAttributes-provided name `data/scene_datasets/habitat-test-scenes/skokloster-castle.scn` exists but failed to load.
[17:35:32:750544]:[Warning]:[Sim] Simulator.cpp(595)::instanceStageForSceneAttributes : The active scene does not contain semantic annotations : activeSemanticSceneID_ = 0
2026-08-11 17:35:35,483 update: 1550	fps: 480.321	
2026-08-11 17:35:35,483 Num updates: 1550	Num frames 248000
2026-08-11 17:35:35,483 Average window size: 50  distance_to_goal: 0.779  distance_to_goal_reward: 0.000  reward: 5.373  spl: 0.573  success: 0.733
2026-08-11 17:35:35,483 	Perf Stats: trainer.rollout_collect: 0.295 trainer.sample_action: 0.003 trainer.obs_insert: 0.000 trainer.step_env: 0.005 trainer.update_stats: 0.001 trainer.update_agent: 0.035
2026-08-11 17:35:38,623 update: 1560	fps: 480.498	
2026-08-11 17:35:38,623 Num updates: 1560	Num frames 249600
2026-08-11 17:35:38,623 Average window size: 50  distance_to_goal: 0.661  distance_to_goal_reward: 0.000  reward: 5.623  spl: 0.588  success: 0.731
2026-08-11 17:35:38,623 	Perf Stats: trainer.rollout_collect: 0.295 trainer.sample_action: 0.003 trainer.obs_insert: 0.000 trainer.step_env: 0.005 trainer.update_stats: 0.001 trainer.update_agent: 0.035
PluginManager::Manager: duplicate static plugin StbImageImporter, ignoring
PluginManager::Manager: duplicate static plugin GltfImporter, ignoring
PluginManager::Manager: duplicate static plugin BasisImporter, ignoring
PluginManager::Manager: duplicate static plugin AssimpImporter, ignoring
PluginManager::Manager: duplicate static plugin AnySceneImporter, ignoring
PluginManager::Manager: duplicate static plugin AnyImageImporter, ignoring
Renderer: NVIDIA GeForce RTX 4070/PCIe/SSE2 by NVIDIA Corporation
OpenGL version: 4.6.0 NVIDIA 580.173.02
Using optional features:
    GL_ARB_vertex_array_object
    GL_ARB_separate_shader_objects
    GL_ARB_robustness
    GL_ARB_texture_storage
    GL_ARB_texture_view
    GL_ARB_framebuffer_no_attachments
    GL_ARB_invalidate_subdata
    GL_ARB_texture_storage_multisample
    GL_ARB_multi_bind
    GL_ARB_direct_state_access
    GL_ARB_get_texture_sub_image
    GL_ARB_texture_filter_anisotropic
    GL_KHR_debug
    GL_KHR_parallel_shader_compile
    GL_NV_depth_buffer_float
Using driver workarounds:
    no-forward-compatible-core-context
    nv-egl-incorrect-gl11-function-pointers
    no-layout-qualifiers-on-old-glsl
    nv-zero-context-profile-mask
    nv-implementation-color-read-format-dsa-broken
    nv-cubemap-inconsistent-compressed-image-size
    nv-cubemap-broken-full-compressed-image-query
    nv-compressed-block-size-in-bits
[17:35:41:647884]:[Warning]:[Scene] SemanticScene.h(331)::checkFileExists : ::loadSemanticSceneDescriptor: File `data/scene_datasets/habitat-test-scenes/van-gogh-room.scn` does not exist.  Aborting load.
[17:35:41:647900]:[Warning]:[Scene] SemanticScene.cpp(123)::loadSemanticSceneDescriptor : SSD File Naming Issue! Neither SemanticAttributes-provided name : `data/scene_datasets/habitat-test-scenes/van-gogh-room.scn` nor constructed filename : `data/scene_datasets/habitat-test-scenes/info_semantic.json` exist on disk.
[17:35:41:647905]:[Error]:[Scene] SemanticScene.cpp(139)::loadSemanticSceneDescriptor : SSD Load Failure! File with SemanticAttributes-provided name `data/scene_datasets/habitat-test-scenes/van-gogh-room.scn` exists but failed to load.
[17:35:42:091503]:[Warning]:[Sim] Simulator.cpp(595)::instanceStageForSceneAttributes : The active scene does not contain semantic annotations : activeSemanticSceneID_ = 0
2026-08-11 17:35:42,240 update: 1570	fps: 480.234	
2026-08-11 17:35:42,240 Num updates: 1570	Num frames 251200
2026-08-11 17:35:42,241 Average window size: 50  distance_to_goal: 0.861  distance_to_goal_reward: -0.000  reward: 5.001  spl: 0.577  success: 0.716
2026-08-11 17:35:42,241 	Perf Stats: trainer.rollout_collect: 0.295 trainer.sample_action: 0.003 trainer.obs_insert: 0.000 trainer.step_env: 0.005 trainer.update_stats: 0.001 trainer.update_agent: 0.035
2026-08-11 17:35:45,350 update: 1580	fps: 480.436	
2026-08-11 17:35:45,351 Num updates: 1580	Num frames 252800
2026-08-11 17:35:45,351 Average window size: 50  distance_to_goal: 0.820  distance_to_goal_reward: -0.000  reward: 4.912  spl: 0.575  success: 0.730
2026-08-11 17:35:45,351 	Perf Stats: trainer.rollout_collect: 0.295 trainer.sample_action: 0.003 trainer.obs_insert: 0.000 trainer.step_env: 0.005 trainer.update_stats: 0.001 trainer.update_agent: 0.035
2026-08-11 17:35:48,480 update: 1590	fps: 480.618	
2026-08-11 17:35:48,489 Num updates: 1590	Num frames 254400
2026-08-11 17:35:48,489 Average window size: 50  distance_to_goal: 0.679  distance_to_goal_reward: -0.001  reward: 4.931  spl: 0.589  success: 0.744
2026-08-11 17:35:48,489 	Perf Stats: trainer.rollout_collect: 0.295 trainer.sample_action: 0.003 trainer.obs_insert: 0.000 trainer.step_env: 0.005 trainer.update_stats: 0.001 trainer.update_agent: 0.035
2026-08-11 17:35:51,720 update: 1600	fps: 480.698	
2026-08-11 17:35:51,720 Num updates: 1600	Num frames 256000
2026-08-11 17:35:51,720 Average window size: 50  distance_to_goal: 0.697  distance_to_goal_reward: -0.000  reward: 5.028  spl: 0.569  success: 0.719
2026-08-11 17:35:51,721 	Perf Stats: trainer.rollout_collect: 0.295 trainer.sample_action: 0.003 trainer.obs_insert: 0.000 trainer.step_env: 0.005 trainer.update_stats: 0.001 trainer.update_agent: 0.035
2026-08-11 17:35:54,858 update: 1610	fps: 480.870	
2026-08-11 17:35:54,858 Num updates: 1610	Num frames 257600
2026-08-11 17:35:54,858 Average window size: 50  distance_to_goal: 0.622  distance_to_goal_reward: -0.000  reward: 5.399  spl: 0.589  success: 0.740
2026-08-11 17:35:54,858 	Perf Stats: trainer.rollout_collect: 0.295 trainer.sample_action: 0.003 trainer.obs_insert: 0.000 trainer.step_env: 0.005 trainer.update_stats: 0.001 trainer.update_agent: 0.035
PluginManager::Manager: duplicate static plugin StbImageImporter, ignoring
PluginManager::Manager: duplicate static plugin GltfImporter, ignoring
PluginManager::Manager: duplicate static plugin BasisImporter, ignoring
PluginManager::Manager: duplicate static plugin AssimpImporter, ignoring
PluginManager::Manager: duplicate static plugin AnySceneImporter, ignoring
PluginManager::Manager: duplicate static plugin AnyImageImporter, ignoring
Renderer: NVIDIA GeForce RTX 4070/PCIe/SSE2 by NVIDIA Corporation
OpenGL version: 4.6.0 NVIDIA 580.173.02
Using optional features:
    GL_ARB_vertex_array_object
    GL_ARB_separate_shader_objects
    GL_ARB_robustness
    GL_ARB_texture_storage
    GL_ARB_texture_view
    GL_ARB_framebuffer_no_attachments
    GL_ARB_invalidate_subdata
    GL_ARB_texture_storage_multisample
    GL_ARB_multi_bind
    GL_ARB_direct_state_access
    GL_ARB_get_texture_sub_image
    GL_ARB_texture_filter_anisotropic
    GL_KHR_debug
    GL_KHR_parallel_shader_compile
    GL_NV_depth_buffer_float
Using driver workarounds:
    no-forward-compatible-core-context
    nv-egl-incorrect-gl11-function-pointers
    no-layout-qualifiers-on-old-glsl
    nv-zero-context-profile-mask
    nv-implementation-color-read-format-dsa-broken
    nv-cubemap-inconsistent-compressed-image-size
    nv-cubemap-broken-full-compressed-image-query
    nv-compressed-block-size-in-bits
[17:35:57:740790]:[Warning]:[Scene] SemanticScene.h(331)::checkFileExists : ::loadSemanticSceneDescriptor: File `data/scene_datasets/habitat-test-scenes/van-gogh-room.scn` does not exist.  Aborting load.
[17:35:57:740805]:[Warning]:[Scene] SemanticScene.cpp(123)::loadSemanticSceneDescriptor : SSD File Naming Issue! Neither SemanticAttributes-provided name : `data/scene_datasets/habitat-test-scenes/van-gogh-room.scn` nor constructed filename : `data/scene_datasets/habitat-test-scenes/info_semantic.json` exist on disk.
[17:35:57:740810]:[Error]:[Scene] SemanticScene.cpp(139)::loadSemanticSceneDescriptor : SSD Load Failure! File with SemanticAttributes-provided name `data/scene_datasets/habitat-test-scenes/van-gogh-room.scn` exists but failed to load.
[17:35:58:170827]:[Warning]:[Sim] Simulator.cpp(595)::instanceStageForSceneAttributes : The active scene does not contain semantic annotations : activeSemanticSceneID_ = 0
2026-08-11 17:35:58,406 update: 1620	fps: 480.672	
2026-08-11 17:35:58,407 Num updates: 1620	Num frames 259200
2026-08-11 17:35:58,407 Average window size: 50  distance_to_goal: 0.666  distance_to_goal_reward: -0.000  reward: 5.316  spl: 0.604  success: 0.747
2026-08-11 17:35:58,407 	Perf Stats: trainer.rollout_collect: 0.295 trainer.sample_action: 0.003 trainer.obs_insert: 0.000 trainer.step_env: 0.005 trainer.update_stats: 0.001 trainer.update_agent: 0.035
PluginManager::Manager: duplicate static plugin StbImageImporter, ignoring
PluginManager::Manager: duplicate static plugin GltfImporter, ignoring
PluginManager::Manager: duplicate static plugin BasisImporter, ignoring
PluginManager::Manager: duplicate static plugin AssimpImporter, ignoring
PluginManager::Manager: duplicate static plugin AnySceneImporter, ignoring
PluginManager::Manager: duplicate static plugin AnyImageImporter, ignoring
Renderer: NVIDIA GeForce RTX 4070/PCIe/SSE2 by NVIDIA Corporation
OpenGL version: 4.6.0 NVIDIA 580.173.02
Using optional features:
    GL_ARB_vertex_array_object
    GL_ARB_separate_shader_objects
    GL_ARB_robustness
    GL_ARB_texture_storage
    GL_ARB_texture_view
    GL_ARB_framebuffer_no_attachments
    GL_ARB_invalidate_subdata
    GL_ARB_texture_storage_multisample
    GL_ARB_multi_bind
    GL_ARB_direct_state_access
    GL_ARB_get_texture_sub_image
    GL_ARB_texture_filter_anisotropic
    GL_KHR_debug
    GL_KHR_parallel_shader_compile
    GL_NV_depth_buffer_float
Using driver workarounds:
    no-forward-compatible-core-context
    nv-egl-incorrect-gl11-function-pointers
    no-layout-qualifiers-on-old-glsl
    nv-zero-context-profile-mask
    nv-implementation-color-read-format-dsa-broken
    nv-cubemap-inconsistent-compressed-image-size
    nv-cubemap-broken-full-compressed-image-query
    nv-compressed-block-size-in-bits
[17:36:00:474726]:[Warning]:[Scene] SemanticScene.h(331)::checkFileExists : ::loadSemanticSceneDescriptor: File `data/scene_datasets/habitat-test-scenes/skokloster-castle.scn` does not exist.  Aborting load.
[17:36:00:474742]:[Warning]:[Scene] SemanticScene.cpp(123)::loadSemanticSceneDescriptor : SSD File Naming Issue! Neither SemanticAttributes-provided name : `data/scene_datasets/habitat-test-scenes/skokloster-castle.scn` nor constructed filename : `data/scene_datasets/habitat-test-scenes/info_semantic.json` exist on disk.
[17:36:00:474747]:[Error]:[Scene] SemanticScene.cpp(139)::loadSemanticSceneDescriptor : SSD Load Failure! File with SemanticAttributes-provided name `data/scene_datasets/habitat-test-scenes/skokloster-castle.scn` exists but failed to load.
[17:36:01:080654]:[Warning]:[Sim] Simulator.cpp(595)::instanceStageForSceneAttributes : The active scene does not contain semantic annotations : activeSemanticSceneID_ = 0
2026-08-11 17:36:02,102 update: 1630	fps: 480.347	
2026-08-11 17:36:02,103 Num updates: 1630	Num frames 260800
2026-08-11 17:36:02,103 Average window size: 50  distance_to_goal: 0.854  distance_to_goal_reward: -0.000  reward: 5.099  spl: 0.627  success: 0.753
2026-08-11 17:36:02,103 	Perf Stats: trainer.rollout_collect: 0.295 trainer.sample_action: 0.003 trainer.obs_insert: 0.000 trainer.step_env: 0.005 trainer.update_stats: 0.001 trainer.update_agent: 0.035
2026-08-11 17:36:05,213 update: 1640	fps: 480.541	
2026-08-11 17:36:05,213 Num updates: 1640	Num frames 262400
2026-08-11 17:36:05,213 Average window size: 50  distance_to_goal: 0.566  distance_to_goal_reward: 0.000  reward: 5.332  spl: 0.629  success: 0.745
2026-08-11 17:36:05,213 	Perf Stats: trainer.rollout_collect: 0.295 trainer.sample_action: 0.003 trainer.obs_insert: 0.000 trainer.step_env: 0.005 trainer.update_stats: 0.001 trainer.update_agent: 0.035
2026-08-11 17:36:08,321 update: 1650	fps: 480.735	
2026-08-11 17:36:08,322 Num updates: 1650	Num frames 264000
2026-08-11 17:36:08,322 Average window size: 50  distance_to_goal: 0.772  distance_to_goal_reward: 0.000  reward: 5.217  spl: 0.645  success: 0.769
2026-08-11 17:36:08,322 	Perf Stats: trainer.rollout_collect: 0.295 trainer.sample_action: 0.003 trainer.obs_insert: 0.000 trainer.step_env: 0.005 trainer.update_stats: 0.001 trainer.update_agent: 0.035
2026-08-11 17:36:11,438 update: 1660	fps: 480.919	
2026-08-11 17:36:11,438 Num updates: 1660	Num frames 265600
2026-08-11 17:36:11,438 Average window size: 50  distance_to_goal: 0.872  distance_to_goal_reward: 0.000  reward: 4.637  spl: 0.616  success: 0.756
2026-08-11 17:36:11,438 	Perf Stats: trainer.rollout_collect: 0.295 trainer.sample_action: 0.003 trainer.obs_insert: 0.000 trainer.step_env: 0.005 trainer.update_stats: 0.001 trainer.update_agent: 0.035
2026-08-11 17:36:14,572 update: 1670	fps: 481.094	
2026-08-11 17:36:14,572 Num updates: 1670	Num frames 267200
2026-08-11 17:36:14,572 Average window size: 50  distance_to_goal: 0.702  distance_to_goal_reward: 0.000  reward: 5.239  spl: 0.620  success: 0.779
2026-08-11 17:36:14,572 	Perf Stats: trainer.rollout_collect: 0.294 trainer.sample_action: 0.003 trainer.obs_insert: 0.000 trainer.step_env: 0.005 trainer.update_stats: 0.001 trainer.update_agent: 0.035
2026-08-11 17:36:17,676 update: 1680	fps: 481.277	
2026-08-11 17:36:17,677 Num updates: 1680	Num frames 268800
2026-08-11 17:36:17,677 Average window size: 50  distance_to_goal: 0.552  distance_to_goal_reward: 0.000  reward: 5.922  spl: 0.616  success: 0.805
2026-08-11 17:36:17,677 	Perf Stats: trainer.rollout_collect: 0.294 trainer.sample_action: 0.003 trainer.obs_insert: 0.000 trainer.step_env: 0.005 trainer.update_stats: 0.001 trainer.update_agent: 0.035
2026-08-11 17:36:20,819 update: 1690	fps: 481.432	
2026-08-11 17:36:20,819 Num updates: 1690	Num frames 270400
2026-08-11 17:36:20,819 Average window size: 50  distance_to_goal: 0.545  distance_to_goal_reward: 0.000  reward: 6.250  spl: 0.626  success: 0.833
2026-08-11 17:36:20,819 	Perf Stats: trainer.rollout_collect: 0.294 trainer.sample_action: 0.003 trainer.obs_insert: 0.000 trainer.step_env: 0.005 trainer.update_stats: 0.001 trainer.update_agent: 0.035
2026-08-11 17:36:24,055 update: 1700	fps: 481.507	
2026-08-11 17:36:24,055 Num updates: 1700	Num frames 272000
2026-08-11 17:36:24,055 Average window size: 50  distance_to_goal: 0.362  distance_to_goal_reward: 0.000  reward: 6.256  spl: 0.573  success: 0.774
2026-08-11 17:36:24,055 	Perf Stats: trainer.rollout_collect: 0.294 trainer.sample_action: 0.003 trainer.obs_insert: 0.000 trainer.step_env: 0.005 trainer.update_stats: 0.001 trainer.update_agent: 0.035
PluginManager::Manager: duplicate static plugin StbImageImporter, ignoring
PluginManager::Manager: duplicate static plugin GltfImporter, ignoring
PluginManager::Manager: duplicate static plugin BasisImporter, ignoring
PluginManager::Manager: duplicate static plugin AssimpImporter, ignoring
PluginManager::Manager: duplicate static plugin AnySceneImporter, ignoring
PluginManager::Manager: duplicate static plugin AnyImageImporter, ignoring
Renderer: NVIDIA GeForce RTX 4070/PCIe/SSE2 by NVIDIA Corporation
OpenGL version: 4.6.0 NVIDIA 580.173.02
Using optional features:
    GL_ARB_vertex_array_object
    GL_ARB_separate_shader_objects
    GL_ARB_robustness
    GL_ARB_texture_storage
    GL_ARB_texture_view
    GL_ARB_framebuffer_no_attachments
    GL_ARB_invalidate_subdata
    GL_ARB_texture_storage_multisample
    GL_ARB_multi_bind
    GL_ARB_direct_state_access
    GL_ARB_get_texture_sub_image
    GL_ARB_texture_filter_anisotropic
    GL_KHR_debug
    GL_KHR_parallel_shader_compile
    GL_NV_depth_buffer_float
Using driver workarounds:
    no-forward-compatible-core-context
    nv-egl-incorrect-gl11-function-pointers
    no-layout-qualifiers-on-old-glsl
    nv-zero-context-profile-mask
    nv-implementation-color-read-format-dsa-broken
    nv-cubemap-inconsistent-compressed-image-size
    nv-cubemap-broken-full-compressed-image-query
    nv-compressed-block-size-in-bits
[17:36:24:172298]:[Warning]:[Scene] SemanticScene.h(331)::checkFileExists : ::loadSemanticSceneDescriptor: File `data/scene_datasets/habitat-test-scenes/van-gogh-room.scn` does not exist.  Aborting load.
[17:36:24:172313]:[Warning]:[Scene] SemanticScene.cpp(123)::loadSemanticSceneDescriptor : SSD File Naming Issue! Neither SemanticAttributes-provided name : `data/scene_datasets/habitat-test-scenes/van-gogh-room.scn` nor constructed filename : `data/scene_datasets/habitat-test-scenes/info_semantic.json` exist on disk.
[17:36:24:172318]:[Error]:[Scene] SemanticScene.cpp(139)::loadSemanticSceneDescriptor : SSD Load Failure! File with SemanticAttributes-provided name `data/scene_datasets/habitat-test-scenes/van-gogh-room.scn` exists but failed to load.
[17:36:24:641655]:[Warning]:[Sim] Simulator.cpp(595)::instanceStageForSceneAttributes : The active scene does not contain semantic annotations : activeSemanticSceneID_ = 0
2026-08-11 17:36:27,580 update: 1710	fps: 481.336	
2026-08-11 17:36:27,580 Num updates: 1710	Num frames 273600
2026-08-11 17:36:27,580 Average window size: 50  distance_to_goal: 0.363  distance_to_goal_reward: 0.000  reward: 5.929  spl: 0.592  success: 0.767
2026-08-11 17:36:27,581 	Perf Stats: trainer.rollout_collect: 0.294 trainer.sample_action: 0.003 trainer.obs_insert: 0.000 trainer.step_env: 0.005 trainer.update_stats: 0.001 trainer.update_agent: 0.035
2026-08-11 17:36:30,651 update: 1720	fps: 481.549	
2026-08-11 17:36:30,651 Num updates: 1720	Num frames 275200
2026-08-11 17:36:30,651 Average window size: 50  distance_to_goal: 0.308  distance_to_goal_reward: 0.000  reward: 5.526  spl: 0.549  success: 0.726
2026-08-11 17:36:30,651 	Perf Stats: trainer.rollout_collect: 0.294 trainer.sample_action: 0.003 trainer.obs_insert: 0.000 trainer.step_env: 0.005 trainer.update_stats: 0.001 trainer.update_agent: 0.035
2026-08-11 17:36:33,703 update: 1730	fps: 481.775	
2026-08-11 17:36:33,703 Num updates: 1730	Num frames 276800
2026-08-11 17:36:33,704 Average window size: 50  distance_to_goal: 0.270  distance_to_goal_reward: 0.000  reward: 5.368  spl: 0.542  success: 0.726
2026-08-11 17:36:33,704 	Perf Stats: trainer.rollout_collect: 0.294 trainer.sample_action: 0.003 trainer.obs_insert: 0.000 trainer.step_env: 0.005 trainer.update_stats: 0.001 trainer.update_agent: 0.035
2026-08-11 17:36:36,762 update: 1740	fps: 481.995	
2026-08-11 17:36:36,762 Num updates: 1740	Num frames 278400
2026-08-11 17:36:36,762 Average window size: 50  distance_to_goal: 0.392  distance_to_goal_reward: 0.000  reward: 4.870  spl: 0.518  success: 0.711
2026-08-11 17:36:36,762 	Perf Stats: trainer.rollout_collect: 0.294 trainer.sample_action: 0.003 trainer.obs_insert: 0.000 trainer.step_env: 0.005 trainer.update_stats: 0.001 trainer.update_agent: 0.035
2026-08-11 17:36:39,804 update: 1750	fps: 482.224	
2026-08-11 17:36:39,805 Num updates: 1750	Num frames 280000
2026-08-11 17:36:39,805 Average window size: 50  distance_to_goal: 0.338  distance_to_goal_reward: 0.000  reward: 4.803  spl: 0.565  success: 0.782
2026-08-11 17:36:39,805 	Perf Stats: trainer.rollout_collect: 0.294 trainer.sample_action: 0.003 trainer.obs_insert: 0.000 trainer.step_env: 0.005 trainer.update_stats: 0.001 trainer.update_agent: 0.035
2026-08-11 17:36:42,856 update: 1760	fps: 482.444	
2026-08-11 17:36:42,856 Num updates: 1760	Num frames 281600
2026-08-11 17:36:42,856 Average window size: 50  distance_to_goal: 0.380  distance_to_goal_reward: 0.001  reward: 4.869  spl: 0.572  success: 0.802
2026-08-11 17:36:42,856 	Perf Stats: trainer.rollout_collect: 0.294 trainer.sample_action: 0.003 trainer.obs_insert: 0.000 trainer.step_env: 0.005 trainer.update_stats: 0.001 trainer.update_agent: 0.035
2026-08-11 17:36:45,925 update: 1770	fps: 482.655	
2026-08-11 17:36:45,925 Num updates: 1770	Num frames 283200
2026-08-11 17:36:45,925 Average window size: 50  distance_to_goal: 0.392  distance_to_goal_reward: 0.002  reward: 5.051  spl: 0.603  success: 0.842
2026-08-11 17:36:45,925 	Perf Stats: trainer.rollout_collect: 0.293 trainer.sample_action: 0.003 trainer.obs_insert: 0.000 trainer.step_env: 0.005 trainer.update_stats: 0.001 trainer.update_agent: 0.035
2026-08-11 17:36:48,964 update: 1780	fps: 482.874	
2026-08-11 17:36:48,964 Num updates: 1780	Num frames 284800
2026-08-11 17:36:48,964 Average window size: 50  distance_to_goal: 0.400  distance_to_goal_reward: 0.002  reward: 4.931  spl: 0.626  success: 0.845
2026-08-11 17:36:48,964 	Perf Stats: trainer.rollout_collect: 0.293 trainer.sample_action: 0.003 trainer.obs_insert: 0.000 trainer.step_env: 0.005 trainer.update_stats: 0.001 trainer.update_agent: 0.035
2026-08-11 17:36:51,999 update: 1790	fps: 483.101	
2026-08-11 17:36:51,999 Num updates: 1790	Num frames 286400
2026-08-11 17:36:51,999 Average window size: 50  distance_to_goal: 0.438  distance_to_goal_reward: 0.002  reward: 5.166  spl: 0.653  success: 0.847
2026-08-11 17:36:51,999 	Perf Stats: trainer.rollout_collect: 0.293 trainer.sample_action: 0.003 trainer.obs_insert: 0.000 trainer.step_env: 0.005 trainer.update_stats: 0.001 trainer.update_agent: 0.035
2026-08-11 17:36:55,159 update: 1800	fps: 483.224	
2026-08-11 17:36:55,159 Num updates: 1800	Num frames 288000
2026-08-11 17:36:55,159 Average window size: 50  distance_to_goal: 0.422  distance_to_goal_reward: 0.001  reward: 5.155  spl: 0.639  success: 0.815
2026-08-11 17:36:55,159 	Perf Stats: trainer.rollout_collect: 0.293 trainer.sample_action: 0.003 trainer.obs_insert: 0.000 trainer.step_env: 0.005 trainer.update_stats: 0.001 trainer.update_agent: 0.035
2026-08-11 17:36:58,228 update: 1810	fps: 483.419	
2026-08-11 17:36:58,228 Num updates: 1810	Num frames 289600
2026-08-11 17:36:58,228 Average window size: 50  distance_to_goal: 0.383  distance_to_goal_reward: -0.000  reward: 5.302  spl: 0.654  success: 0.816
2026-08-11 17:36:58,228 	Perf Stats: trainer.rollout_collect: 0.293 trainer.sample_action: 0.003 trainer.obs_insert: 0.000 trainer.step_env: 0.005 trainer.update_stats: 0.001 trainer.update_agent: 0.035
PluginManager::Manager: duplicate static plugin StbImageImporter, ignoring
PluginManager::Manager: duplicate static plugin GltfImporter, ignoring
PluginManager::Manager: duplicate static plugin BasisImporter, ignoring
PluginManager::Manager: duplicate static plugin AssimpImporter, ignoring
PluginManager::Manager: duplicate static plugin AnySceneImporter, ignoring
PluginManager::Manager: duplicate static plugin AnyImageImporter, ignoring
Renderer: NVIDIA GeForce RTX 4070/PCIe/SSE2 by NVIDIA Corporation
OpenGL version: 4.6.0 NVIDIA 580.173.02
Using optional features:
    GL_ARB_vertex_array_object
    GL_ARB_separate_shader_objects
    GL_ARB_robustness
    GL_ARB_texture_storage
    GL_ARB_texture_view
    GL_ARB_framebuffer_no_attachments
    GL_ARB_invalidate_subdata
    GL_ARB_texture_storage_multisample
    GL_ARB_multi_bind
    GL_ARB_direct_state_access
    GL_ARB_get_texture_sub_image
    GL_ARB_texture_filter_anisotropic
    GL_KHR_debug
    GL_KHR_parallel_shader_compile
    GL_NV_depth_buffer_float
Using driver workarounds:
    no-forward-compatible-core-context
    nv-egl-incorrect-gl11-function-pointers
    no-layout-qualifiers-on-old-glsl
    nv-zero-context-profile-mask
    nv-implementation-color-read-format-dsa-broken
    nv-cubemap-inconsistent-compressed-image-size
    nv-cubemap-broken-full-compressed-image-query
    nv-compressed-block-size-in-bits
[17:36:59:863996]:[Warning]:[Scene] SemanticScene.h(331)::checkFileExists : ::loadSemanticSceneDescriptor: File `data/scene_datasets/habitat-test-scenes/van-gogh-room.scn` does not exist.  Aborting load.
[17:36:59:864011]:[Warning]:[Scene] SemanticScene.cpp(123)::loadSemanticSceneDescriptor : SSD File Naming Issue! Neither SemanticAttributes-provided name : `data/scene_datasets/habitat-test-scenes/van-gogh-room.scn` nor constructed filename : `data/scene_datasets/habitat-test-scenes/info_semantic.json` exist on disk.
[17:36:59:864016]:[Error]:[Scene] SemanticScene.cpp(139)::loadSemanticSceneDescriptor : SSD Load Failure! File with SemanticAttributes-provided name `data/scene_datasets/habitat-test-scenes/van-gogh-room.scn` exists but failed to load.
[17:37:00:296209]:[Warning]:[Sim] Simulator.cpp(595)::instanceStageForSceneAttributes : The active scene does not contain semantic annotations : activeSemanticSceneID_ = 0
2026-08-11 17:37:01,726 update: 1820	fps: 483.268	
2026-08-11 17:37:01,726 Num updates: 1820	Num frames 291200
2026-08-11 17:37:01,726 Average window size: 50  distance_to_goal: 0.354  distance_to_goal_reward: -0.000  reward: 5.232  spl: 0.668  success: 0.819
2026-08-11 17:37:01,726 	Perf Stats: trainer.rollout_collect: 0.293 trainer.sample_action: 0.003 trainer.obs_insert: 0.000 trainer.step_env: 0.005 trainer.update_stats: 0.001 trainer.update_agent: 0.035
2026-08-11 17:37:04,742 update: 1830	fps: 483.503	
2026-08-11 17:37:04,742 Num updates: 1830	Num frames 292800
2026-08-11 17:37:04,743 Average window size: 50  distance_to_goal: 0.451  distance_to_goal_reward: -0.000  reward: 5.212  spl: 0.665  success: 0.813
2026-08-11 17:37:04,743 	Perf Stats: trainer.rollout_collect: 0.293 trainer.sample_action: 0.003 trainer.obs_insert: 0.000 trainer.step_env: 0.005 trainer.update_stats: 0.001 trainer.update_agent: 0.035
2026-08-11 17:37:07,746 update: 1840	fps: 483.746	
2026-08-11 17:37:07,746 Num updates: 1840	Num frames 294400
2026-08-11 17:37:07,746 Average window size: 50  distance_to_goal: 0.306  distance_to_goal_reward: -0.000  reward: 5.048  spl: 0.660  success: 0.820
2026-08-11 17:37:07,746 	Perf Stats: trainer.rollout_collect: 0.293 trainer.sample_action: 0.003 trainer.obs_insert: 0.000 trainer.step_env: 0.005 trainer.update_stats: 0.001 trainer.update_agent: 0.035
2026-08-11 17:37:10,773 update: 1850	fps: 483.967	
2026-08-11 17:37:10,774 Num updates: 1850	Num frames 296000
2026-08-11 17:37:10,774 Average window size: 50  distance_to_goal: 0.298  distance_to_goal_reward: -0.000  reward: 5.075  spl: 0.655  success: 0.848
2026-08-11 17:37:10,774 	Perf Stats: trainer.rollout_collect: 0.293 trainer.sample_action: 0.003 trainer.obs_insert: 0.000 trainer.step_env: 0.005 trainer.update_stats: 0.001 trainer.update_agent: 0.035
2026-08-11 17:37:13,794 update: 1860	fps: 484.192	
2026-08-11 17:37:13,794 Num updates: 1860	Num frames 297600
2026-08-11 17:37:13,794 Average window size: 50  distance_to_goal: 0.245  distance_to_goal_reward: 0.000  reward: 5.045  spl: 0.654  success: 0.863
2026-08-11 17:37:13,794 	Perf Stats: trainer.rollout_collect: 0.292 trainer.sample_action: 0.003 trainer.obs_insert: 0.000 trainer.step_env: 0.005 trainer.update_stats: 0.001 trainer.update_agent: 0.035
2026-08-11 17:37:16,814 update: 1870	fps: 484.415	
2026-08-11 17:37:16,814 Num updates: 1870	Num frames 299200
2026-08-11 17:37:16,814 Average window size: 50  distance_to_goal: 0.333  distance_to_goal_reward: 0.000  reward: 4.900  spl: 0.652  success: 0.863
2026-08-11 17:37:16,814 	Perf Stats: trainer.rollout_collect: 0.292 trainer.sample_action: 0.003 trainer.obs_insert: 0.000 trainer.step_env: 0.005 trainer.update_stats: 0.001 trainer.update_agent: 0.035
2026-08-11 17:37:19,918 update: 1880	fps: 484.570	
2026-08-11 17:37:19,918 Num updates: 1880	Num frames 300800
2026-08-11 17:37:19,918 Average window size: 50  distance_to_goal: 0.258  distance_to_goal_reward: 0.000  reward: 4.867  spl: 0.654  success: 0.861
2026-08-11 17:37:19,919 	Perf Stats: trainer.rollout_collect: 0.292 trainer.sample_action: 0.003 trainer.obs_insert: 0.000 trainer.step_env: 0.005 trainer.update_stats: 0.001 trainer.update_agent: 0.035
2026-08-11 17:37:22,918 update: 1890	fps: 484.805	
2026-08-11 17:37:22,918 Num updates: 1890	Num frames 302400
2026-08-11 17:37:22,919 Average window size: 50  distance_to_goal: 0.256  distance_to_goal_reward: 0.000  reward: 4.863  spl: 0.667  success: 0.875
2026-08-11 17:37:22,919 	Perf Stats: trainer.rollout_collect: 0.292 trainer.sample_action: 0.003 trainer.obs_insert: 0.000 trainer.step_env: 0.005 trainer.update_stats: 0.001 trainer.update_agent: 0.035
2026-08-11 17:37:26,042 update: 1900	fps: 484.941	
2026-08-11 17:37:26,042 Num updates: 1900	Num frames 304000
2026-08-11 17:37:26,042 Average window size: 50  distance_to_goal: 0.304  distance_to_goal_reward: 0.000  reward: 4.767  spl: 0.677  success: 0.873
2026-08-11 17:37:26,042 	Perf Stats: trainer.rollout_collect: 0.292 trainer.sample_action: 0.003 trainer.obs_insert: 0.000 trainer.step_env: 0.005 trainer.update_stats: 0.001 trainer.update_agent: 0.035
2026-08-11 17:37:29,059 update: 1910	fps: 485.158	
2026-08-11 17:37:29,059 Num updates: 1910	Num frames 305600
2026-08-11 17:37:29,059 Average window size: 50  distance_to_goal: 0.301  distance_to_goal_reward: 0.000  reward: 4.729  spl: 0.680  success: 0.866
2026-08-11 17:37:29,059 	Perf Stats: trainer.rollout_collect: 0.292 trainer.sample_action: 0.003 trainer.obs_insert: 0.000 trainer.step_env: 0.005 trainer.update_stats: 0.001 trainer.update_agent: 0.035
PluginManager::Manager: duplicate static plugin StbImageImporter, ignoring
PluginManager::Manager: duplicate static plugin GltfImporter, ignoring
PluginManager::Manager: duplicate static plugin BasisImporter, ignoring
PluginManager::Manager: duplicate static plugin AssimpImporter, ignoring
PluginManager::Manager: duplicate static plugin AnySceneImporter, ignoring
PluginManager::Manager: duplicate static plugin AnyImageImporter, ignoring
Renderer: NVIDIA GeForce RTX 4070/PCIe/SSE2 by NVIDIA Corporation
OpenGL version: 4.6.0 NVIDIA 580.173.02
Using optional features:
    GL_ARB_vertex_array_object
    GL_ARB_separate_shader_objects
    GL_ARB_robustness
    GL_ARB_texture_storage
    GL_ARB_texture_view
    GL_ARB_framebuffer_no_attachments
    GL_ARB_invalidate_subdata
    GL_ARB_texture_storage_multisample
    GL_ARB_multi_bind
    GL_ARB_direct_state_access
    GL_ARB_get_texture_sub_image
    GL_ARB_texture_filter_anisotropic
    GL_KHR_debug
    GL_KHR_parallel_shader_compile
    GL_NV_depth_buffer_float
Using driver workarounds:
    no-forward-compatible-core-context
    nv-egl-incorrect-gl11-function-pointers
    no-layout-qualifiers-on-old-glsl
    nv-zero-context-profile-mask
    nv-implementation-color-read-format-dsa-broken
    nv-cubemap-inconsistent-compressed-image-size
    nv-cubemap-broken-full-compressed-image-query
    nv-compressed-block-size-in-bits
[17:37:31:811918]:[Warning]:[Scene] SemanticScene.h(331)::checkFileExists : ::loadSemanticSceneDescriptor: File `data/scene_datasets/habitat-test-scenes/skokloster-castle.scn` does not exist.  Aborting load.
[17:37:31:811933]:[Warning]:[Scene] SemanticScene.cpp(123)::loadSemanticSceneDescriptor : SSD File Naming Issue! Neither SemanticAttributes-provided name : `data/scene_datasets/habitat-test-scenes/skokloster-castle.scn` nor constructed filename : `data/scene_datasets/habitat-test-scenes/info_semantic.json` exist on disk.
[17:37:31:811938]:[Error]:[Scene] SemanticScene.cpp(139)::loadSemanticSceneDescriptor : SSD Load Failure! File with SemanticAttributes-provided name `data/scene_datasets/habitat-test-scenes/skokloster-castle.scn` exists but failed to load.
[17:37:32:423035]:[Warning]:[Sim] Simulator.cpp(595)::instanceStageForSceneAttributes : The active scene does not contain semantic annotations : activeSemanticSceneID_ = 0
2026-08-11 17:37:32,709 update: 1920	fps: 484.889	
2026-08-11 17:37:32,709 Num updates: 1920	Num frames 307200
2026-08-11 17:37:32,709 Average window size: 50  distance_to_goal: 0.273  distance_to_goal_reward: 0.000  reward: 4.704  spl: 0.681  success: 0.875
2026-08-11 17:37:32,709 	Perf Stats: trainer.rollout_collect: 0.292 trainer.sample_action: 0.003 trainer.obs_insert: 0.000 trainer.step_env: 0.005 trainer.update_stats: 0.001 trainer.update_agent: 0.035
2026-08-11 17:37:35,771 update: 1930	fps: 485.070	
2026-08-11 17:37:35,772 Num updates: 1930	Num frames 308800
2026-08-11 17:37:35,772 Average window size: 50  distance_to_goal: 0.241  distance_to_goal_reward: 0.000  reward: 4.962  spl: 0.695  success: 0.908
2026-08-11 17:37:35,772 	Perf Stats: trainer.rollout_collect: 0.292 trainer.sample_action: 0.003 trainer.obs_insert: 0.000 trainer.step_env: 0.005 trainer.update_stats: 0.001 trainer.update_agent: 0.035
2026-08-11 17:37:38,848 update: 1940	fps: 485.238	
2026-08-11 17:37:38,848 Num updates: 1940	Num frames 310400
2026-08-11 17:37:38,849 Average window size: 50  distance_to_goal: 0.323  distance_to_goal_reward: 0.000  reward: 4.876  spl: 0.668  success: 0.865
2026-08-11 17:37:38,849 	Perf Stats: trainer.rollout_collect: 0.292 trainer.sample_action: 0.003 trainer.obs_insert: 0.000 trainer.step_env: 0.005 trainer.update_stats: 0.001 trainer.update_agent: 0.035
2026-08-11 17:37:41,916 update: 1950	fps: 485.411	
2026-08-11 17:37:41,917 Num updates: 1950	Num frames 312000
2026-08-11 17:37:41,917 Average window size: 50  distance_to_goal: 0.309  distance_to_goal_reward: 0.000  reward: 4.734  spl: 0.641  success: 0.806
2026-08-11 17:37:41,917 	Perf Stats: trainer.rollout_collect: 0.292 trainer.sample_action: 0.003 trainer.obs_insert: 0.000 trainer.step_env: 0.005 trainer.update_stats: 0.001 trainer.update_agent: 0.035
2026-08-11 17:37:44,986 update: 1960	fps: 485.581	
2026-08-11 17:37:44,986 Num updates: 1960	Num frames 313600
2026-08-11 17:37:44,986 Average window size: 50  distance_to_goal: 0.326  distance_to_goal_reward: 0.000  reward: 4.770  spl: 0.645  success: 0.814
2026-08-11 17:37:44,987 	Perf Stats: trainer.rollout_collect: 0.291 trainer.sample_action: 0.003 trainer.obs_insert: 0.000 trainer.step_env: 0.005 trainer.update_stats: 0.001 trainer.update_agent: 0.035
2026-08-11 17:37:48,059 update: 1970	fps: 485.747	
2026-08-11 17:37:48,059 Num updates: 1970	Num frames 315200
2026-08-11 17:37:48,059 Average window size: 50  distance_to_goal: 0.402  distance_to_goal_reward: -0.001  reward: 4.711  spl: 0.644  success: 0.811
2026-08-11 17:37:48,059 	Perf Stats: trainer.rollout_collect: 0.291 trainer.sample_action: 0.003 trainer.obs_insert: 0.000 trainer.step_env: 0.005 trainer.update_stats: 0.001 trainer.update_agent: 0.035
PluginManager::Manager: duplicate static plugin StbImageImporter, ignoring
PluginManager::Manager: duplicate static plugin GltfImporter, ignoring
PluginManager::Manager: duplicate static plugin BasisImporter, ignoring
PluginManager::Manager: duplicate static plugin AssimpImporter, ignoring
PluginManager::Manager: duplicate static plugin AnySceneImporter, ignoring
PluginManager::Manager: duplicate static plugin AnyImageImporter, ignoring
Renderer: NVIDIA GeForce RTX 4070/PCIe/SSE2 by NVIDIA Corporation
OpenGL version: 4.6.0 NVIDIA 580.173.02
Using optional features:
    GL_ARB_vertex_array_object
    GL_ARB_separate_shader_objects
    GL_ARB_robustness
    GL_ARB_texture_storage
    GL_ARB_texture_view
    GL_ARB_framebuffer_no_attachments
    GL_ARB_invalidate_subdata
    GL_ARB_texture_storage_multisample
    GL_ARB_multi_bind
    GL_ARB_direct_state_access
    GL_ARB_get_texture_sub_image
    GL_ARB_texture_filter_anisotropic
    GL_KHR_debug
    GL_KHR_parallel_shader_compile
    GL_NV_depth_buffer_float
Using driver workarounds:
    no-forward-compatible-core-context
    nv-egl-incorrect-gl11-function-pointers
    no-layout-qualifiers-on-old-glsl
    nv-zero-context-profile-mask
    nv-implementation-color-read-format-dsa-broken
    nv-cubemap-inconsistent-compressed-image-size
    nv-cubemap-broken-full-compressed-image-query
    nv-compressed-block-size-in-bits
[17:37:50:131962]:[Warning]:[Scene] SemanticScene.h(331)::checkFileExists : ::loadSemanticSceneDescriptor: File `data/scene_datasets/habitat-test-scenes/van-gogh-room.scn` does not exist.  Aborting load.
[17:37:50:131977]:[Warning]:[Scene] SemanticScene.cpp(123)::loadSemanticSceneDescriptor : SSD File Naming Issue! Neither SemanticAttributes-provided name : `data/scene_datasets/habitat-test-scenes/van-gogh-room.scn` nor constructed filename : `data/scene_datasets/habitat-test-scenes/info_semantic.json` exist on disk.
[17:37:50:131982]:[Error]:[Scene] SemanticScene.cpp(139)::loadSemanticSceneDescriptor : SSD Load Failure! File with SemanticAttributes-provided name `data/scene_datasets/habitat-test-scenes/van-gogh-room.scn` exists but failed to load.
[17:37:50:562831]:[Warning]:[Sim] Simulator.cpp(595)::instanceStageForSceneAttributes : The active scene does not contain semantic annotations : activeSemanticSceneID_ = 0
2026-08-11 17:37:51,567 update: 1980	fps: 485.588	
2026-08-11 17:37:51,567 Num updates: 1980	Num frames 316800
2026-08-11 17:37:51,567 Average window size: 50  distance_to_goal: 0.455  distance_to_goal_reward: -0.001  reward: 4.687  spl: 0.651  success: 0.814
2026-08-11 17:37:51,567 	Perf Stats: trainer.rollout_collect: 0.291 trainer.sample_action: 0.003 trainer.obs_insert: 0.000 trainer.step_env: 0.005 trainer.update_stats: 0.001 trainer.update_agent: 0.035
2026-08-11 17:37:54,549 update: 1990	fps: 485.820	
2026-08-11 17:37:54,549 Num updates: 1990	Num frames 318400
2026-08-11 17:37:54,549 Average window size: 50  distance_to_goal: 0.413  distance_to_goal_reward: -0.001  reward: 4.826  spl: 0.671  success: 0.839
2026-08-11 17:37:54,549 	Perf Stats: trainer.rollout_collect: 0.291 trainer.sample_action: 0.003 trainer.obs_insert: 0.000 trainer.step_env: 0.005 trainer.update_stats: 0.001 trainer.update_agent: 0.035
PluginManager::Manager: duplicate static plugin StbImageImporter, ignoring
PluginManager::Manager: duplicate static plugin GltfImporter, ignoring
PluginManager::Manager: duplicate static plugin BasisImporter, ignoring
PluginManager::Manager: duplicate static plugin AssimpImporter, ignoring
PluginManager::Manager: duplicate static plugin AnySceneImporter, ignoring
PluginManager::Manager: duplicate static plugin AnyImageImporter, ignoring
Renderer: NVIDIA GeForce RTX 4070/PCIe/SSE2 by NVIDIA Corporation
OpenGL version: 4.6.0 NVIDIA 580.173.02
Using optional features:
    GL_ARB_vertex_array_object
    GL_ARB_separate_shader_objects
    GL_ARB_robustness
    GL_ARB_texture_storage
    GL_ARB_texture_view
    GL_ARB_framebuffer_no_attachments
    GL_ARB_invalidate_subdata
    GL_ARB_texture_storage_multisample
    GL_ARB_multi_bind
    GL_ARB_direct_state_access
    GL_ARB_get_texture_sub_image
    GL_ARB_texture_filter_anisotropic
    GL_KHR_debug
    GL_KHR_parallel_shader_compile
    GL_NV_depth_buffer_float
Using driver workarounds:
    no-forward-compatible-core-context
    nv-egl-incorrect-gl11-function-pointers
    no-layout-qualifiers-on-old-glsl
    nv-zero-context-profile-mask
    nv-implementation-color-read-format-dsa-broken
    nv-cubemap-inconsistent-compressed-image-size
    nv-cubemap-broken-full-compressed-image-query
    nv-compressed-block-size-in-bits
[17:37:57:010272]:[Warning]:[Scene] SemanticScene.h(331)::checkFileExists : ::loadSemanticSceneDescriptor: File `data/scene_datasets/habitat-test-scenes/skokloster-castle.scn` does not exist.  Aborting load.
[17:37:57:010288]:[Warning]:[Scene] SemanticScene.cpp(123)::loadSemanticSceneDescriptor : SSD File Naming Issue! Neither SemanticAttributes-provided name : `data/scene_datasets/habitat-test-scenes/skokloster-castle.scn` nor constructed filename : `data/scene_datasets/habitat-test-scenes/info_semantic.json` exist on disk.
[17:37:57:010293]:[Error]:[Scene] SemanticScene.cpp(139)::loadSemanticSceneDescriptor : SSD Load Failure! File with SemanticAttributes-provided name `data/scene_datasets/habitat-test-scenes/skokloster-castle.scn` exists but failed to load.
[17:37:57:613018]:[Warning]:[Sim] Simulator.cpp(595)::instanceStageForSceneAttributes : The active scene does not contain semantic annotations : activeSemanticSceneID_ = 0
2026-08-11 17:37:58,274 update: 2000	fps: 485.502	
2026-08-11 17:37:58,274 Num updates: 2000	Num frames 320000
2026-08-11 17:37:58,274 Average window size: 50  distance_to_goal: 0.386  distance_to_goal_reward: -0.001  reward: 4.926  spl: 0.681  success: 0.870
2026-08-11 17:37:58,274 	Perf Stats: trainer.rollout_collect: 0.291 trainer.sample_action: 0.003 trainer.obs_insert: 0.000 trainer.step_env: 0.005 trainer.update_stats: 0.001 trainer.update_agent: 0.035
2026-08-11 17:38:01,344 update: 2010	fps: 485.667	
2026-08-11 17:38:01,345 Num updates: 2010	Num frames 321600
2026-08-11 17:38:01,345 Average window size: 50  distance_to_goal: 0.336  distance_to_goal_reward: -0.001  reward: 5.357  spl: 0.707  success: 0.894
2026-08-11 17:38:01,345 	Perf Stats: trainer.rollout_collect: 0.291 trainer.sample_action: 0.003 trainer.obs_insert: 0.000 trainer.step_env: 0.005 trainer.update_stats: 0.001 trainer.update_agent: 0.035
2026-08-11 17:38:04,403 update: 2020	fps: 485.839	
2026-08-11 17:38:04,404 Num updates: 2020	Num frames 323200
2026-08-11 17:38:04,404 Average window size: 50  distance_to_goal: 0.367  distance_to_goal_reward: 0.000  reward: 5.119  spl: 0.682  success: 0.865
2026-08-11 17:38:04,404 	Perf Stats: trainer.rollout_collect: 0.291 trainer.sample_action: 0.003 trainer.obs_insert: 0.000 trainer.step_env: 0.005 trainer.update_stats: 0.001 trainer.update_agent: 0.035
2026-08-11 17:38:07,490 update: 2030	fps: 485.989	
2026-08-11 17:38:07,490 Num updates: 2030	Num frames 324800
2026-08-11 17:38:07,490 Average window size: 50  distance_to_goal: 0.429  distance_to_goal_reward: 0.000  reward: 4.685  spl: 0.641  success: 0.823
2026-08-11 17:38:07,490 	Perf Stats: trainer.rollout_collect: 0.291 trainer.sample_action: 0.003 trainer.obs_insert: 0.000 trainer.step_env: 0.005 trainer.update_stats: 0.001 trainer.update_agent: 0.035
2026-08-11 17:38:10,559 update: 2040	fps: 486.150	
2026-08-11 17:38:10,568 Num updates: 2040	Num frames 326400
2026-08-11 17:38:10,568 Average window size: 50  distance_to_goal: 0.374  distance_to_goal_reward: 0.000  reward: 4.820  spl: 0.647  success: 0.833
2026-08-11 17:38:10,568 	Perf Stats: trainer.rollout_collect: 0.291 trainer.sample_action: 0.003 trainer.obs_insert: 0.000 trainer.step_env: 0.005 trainer.update_stats: 0.001 trainer.update_agent: 0.035
PluginManager::Manager: duplicate static plugin StbImageImporter, ignoring
PluginManager::Manager: duplicate static plugin GltfImporter, ignoring
PluginManager::Manager: duplicate static plugin BasisImporter, ignoring
PluginManager::Manager: duplicate static plugin AssimpImporter, ignoring
PluginManager::Manager: duplicate static plugin AnySceneImporter, ignoring
PluginManager::Manager: duplicate static plugin AnyImageImporter, ignoring
Renderer: NVIDIA GeForce RTX 4070/PCIe/SSE2 by NVIDIA Corporation
OpenGL version: 4.6.0 NVIDIA 580.173.02
Using optional features:
    GL_ARB_vertex_array_object
    GL_ARB_separate_shader_objects
    GL_ARB_robustness
    GL_ARB_texture_storage
    GL_ARB_texture_view
    GL_ARB_framebuffer_no_attachments
    GL_ARB_invalidate_subdata
    GL_ARB_texture_storage_multisample
    GL_ARB_multi_bind
    GL_ARB_direct_state_access
    GL_ARB_get_texture_sub_image
    GL_ARB_texture_filter_anisotropic
    GL_KHR_debug
    GL_KHR_parallel_shader_compile
    GL_NV_depth_buffer_float
Using driver workarounds:
    no-forward-compatible-core-context
    nv-egl-incorrect-gl11-function-pointers
    no-layout-qualifiers-on-old-glsl
    nv-zero-context-profile-mask
    nv-implementation-color-read-format-dsa-broken
    nv-cubemap-inconsistent-compressed-image-size
    nv-cubemap-broken-full-compressed-image-query
    nv-compressed-block-size-in-bits
[17:38:10:994293]:[Warning]:[Scene] SemanticScene.h(331)::checkFileExists : ::loadSemanticSceneDescriptor: File `data/scene_datasets/habitat-test-scenes/skokloster-castle.scn` does not exist.  Aborting load.
[17:38:10:994309]:[Warning]:[Scene] SemanticScene.cpp(123)::loadSemanticSceneDescriptor : SSD File Naming Issue! Neither SemanticAttributes-provided name : `data/scene_datasets/habitat-test-scenes/skokloster-castle.scn` nor constructed filename : `data/scene_datasets/habitat-test-scenes/info_semantic.json` exist on disk.
[17:38:10:994314]:[Error]:[Scene] SemanticScene.cpp(139)::loadSemanticSceneDescriptor : SSD Load Failure! File with SemanticAttributes-provided name `data/scene_datasets/habitat-test-scenes/skokloster-castle.scn` exists but failed to load.
[17:38:11:599579]:[Warning]:[Sim] Simulator.cpp(595)::instanceStageForSceneAttributes : The active scene does not contain semantic annotations : activeSemanticSceneID_ = 0
2026-08-11 17:38:14,312 update: 2050	fps: 485.818	
2026-08-11 17:38:14,312 Num updates: 2050	Num frames 328000
2026-08-11 17:38:14,312 Average window size: 50  distance_to_goal: 0.493  distance_to_goal_reward: 0.000  reward: 4.682  spl: 0.625  success: 0.787
2026-08-11 17:38:14,312 	Perf Stats: trainer.rollout_collect: 0.291 trainer.sample_action: 0.003 trainer.obs_insert: 0.000 trainer.step_env: 0.005 trainer.update_stats: 0.001 trainer.update_agent: 0.035
2026-08-11 17:38:17,444 update: 2060	fps: 485.933	
2026-08-11 17:38:17,445 Num updates: 2060	Num frames 329600
2026-08-11 17:38:17,445 Average window size: 50  distance_to_goal: 0.599  distance_to_goal_reward: 0.000  reward: 4.383  spl: 0.593  success: 0.750
2026-08-11 17:38:17,445 	Perf Stats: trainer.rollout_collect: 0.291 trainer.sample_action: 0.003 trainer.obs_insert: 0.000 trainer.step_env: 0.005 trainer.update_stats: 0.001 trainer.update_agent: 0.035
2026-08-11 17:38:20,587 update: 2070	fps: 486.040	
2026-08-11 17:38:20,596 Num updates: 2070	Num frames 331200
2026-08-11 17:38:20,596 Average window size: 50  distance_to_goal: 0.596  distance_to_goal_reward: 0.000  reward: 4.374  spl: 0.591  success: 0.747
2026-08-11 17:38:20,596 	Perf Stats: trainer.rollout_collect: 0.291 trainer.sample_action: 0.003 trainer.obs_insert: 0.000 trainer.step_env: 0.005 trainer.update_stats: 0.001 trainer.update_agent: 0.035
2026-08-11 17:38:23,734 update: 2080	fps: 486.143	
2026-08-11 17:38:23,734 Num updates: 2080	Num frames 332800
2026-08-11 17:38:23,734 Average window size: 50  distance_to_goal: 0.625  distance_to_goal_reward: 0.000  reward: 4.747  spl: 0.600  success: 0.759
2026-08-11 17:38:23,734 	Perf Stats: trainer.rollout_collect: 0.291 trainer.sample_action: 0.003 trainer.obs_insert: 0.000 trainer.step_env: 0.005 trainer.update_stats: 0.001 trainer.update_agent: 0.035
2026-08-11 17:38:26,855 update: 2090	fps: 486.264	
2026-08-11 17:38:26,855 Num updates: 2090	Num frames 334400
2026-08-11 17:38:26,855 Average window size: 50  distance_to_goal: 0.694  distance_to_goal_reward: 0.000  reward: 4.331  spl: 0.571  success: 0.735
2026-08-11 17:38:26,855 	Perf Stats: trainer.rollout_collect: 0.291 trainer.sample_action: 0.003 trainer.obs_insert: 0.000 trainer.step_env: 0.005 trainer.update_stats: 0.001 trainer.update_agent: 0.035
2026-08-11 17:38:30,067 update: 2100	fps: 486.319	
2026-08-11 17:38:30,067 Num updates: 2100	Num frames 336000
2026-08-11 17:38:30,067 Average window size: 50  distance_to_goal: 0.733  distance_to_goal_reward: 0.000  reward: 4.418  spl: 0.549  success: 0.724
2026-08-11 17:38:30,067 	Perf Stats: trainer.rollout_collect: 0.291 trainer.sample_action: 0.003 trainer.obs_insert: 0.000 trainer.step_env: 0.005 trainer.update_stats: 0.001 trainer.update_agent: 0.035
2026-08-11 17:38:33,184 update: 2110	fps: 486.440	
2026-08-11 17:38:33,184 Num updates: 2110	Num frames 337600
2026-08-11 17:38:33,184 Average window size: 50  distance_to_goal: 0.585  distance_to_goal_reward: 0.000  reward: 4.864  spl: 0.592  success: 0.776
2026-08-11 17:38:33,184 	Perf Stats: trainer.rollout_collect: 0.291 trainer.sample_action: 0.003 trainer.obs_insert: 0.000 trainer.step_env: 0.005 trainer.update_stats: 0.001 trainer.update_agent: 0.035
2026-08-11 17:38:36,326 update: 2120	fps: 486.542	
2026-08-11 17:38:36,326 Num updates: 2120	Num frames 339200
2026-08-11 17:38:36,327 Average window size: 50  distance_to_goal: 0.553  distance_to_goal_reward: 0.000  reward: 5.610  spl: 0.606  success: 0.795
2026-08-11 17:38:36,327 	Perf Stats: trainer.rollout_collect: 0.291 trainer.sample_action: 0.003 trainer.obs_insert: 0.000 trainer.step_env: 0.005 trainer.update_stats: 0.001 trainer.update_agent: 0.035
2026-08-11 17:38:39,463 update: 2130	fps: 486.648	
2026-08-11 17:38:39,463 Num updates: 2130	Num frames 340800
2026-08-11 17:38:39,463 Average window size: 50  distance_to_goal: 0.406  distance_to_goal_reward: 0.000  reward: 5.765  spl: 0.612  success: 0.800
2026-08-11 17:38:39,463 	Perf Stats: trainer.rollout_collect: 0.291 trainer.sample_action: 0.003 trainer.obs_insert: 0.000 trainer.step_env: 0.005 trainer.update_stats: 0.001 trainer.update_agent: 0.035
PluginManager::Manager: duplicate static plugin StbImageImporter, ignoring
PluginManager::Manager: duplicate static plugin GltfImporter, ignoring
PluginManager::Manager: duplicate static plugin BasisImporter, ignoring
PluginManager::Manager: duplicate static plugin AssimpImporter, ignoring
PluginManager::Manager: duplicate static plugin AnySceneImporter, ignoring
PluginManager::Manager: duplicate static plugin AnyImageImporter, ignoring
Renderer: NVIDIA GeForce RTX 4070/PCIe/SSE2 by NVIDIA Corporation
OpenGL version: 4.6.0 NVIDIA 580.173.02
Using optional features:
    GL_ARB_vertex_array_object
    GL_ARB_separate_shader_objects
    GL_ARB_robustness
    GL_ARB_texture_storage
    GL_ARB_texture_view
    GL_ARB_framebuffer_no_attachments
    GL_ARB_invalidate_subdata
    GL_ARB_texture_storage_multisample
    GL_ARB_multi_bind
    GL_ARB_direct_state_access
    GL_ARB_get_texture_sub_image
    GL_ARB_texture_filter_anisotropic
    GL_KHR_debug
    GL_KHR_parallel_shader_compile
    GL_NV_depth_buffer_float
Using driver workarounds:
    no-forward-compatible-core-context
    nv-egl-incorrect-gl11-function-pointers
    no-layout-qualifiers-on-old-glsl
    nv-zero-context-profile-mask
    nv-implementation-color-read-format-dsa-broken
    nv-cubemap-inconsistent-compressed-image-size
    nv-cubemap-broken-full-compressed-image-query
    nv-compressed-block-size-in-bits
[17:38:41:703916]:[Warning]:[Scene] SemanticScene.h(331)::checkFileExists : ::loadSemanticSceneDescriptor: File `data/scene_datasets/habitat-test-scenes/skokloster-castle.scn` does not exist.  Aborting load.
[17:38:41:703932]:[Warning]:[Scene] SemanticScene.cpp(123)::loadSemanticSceneDescriptor : SSD File Naming Issue! Neither SemanticAttributes-provided name : `data/scene_datasets/habitat-test-scenes/skokloster-castle.scn` nor constructed filename : `data/scene_datasets/habitat-test-scenes/info_semantic.json` exist on disk.
[17:38:41:703937]:[Error]:[Scene] SemanticScene.cpp(139)::loadSemanticSceneDescriptor : SSD Load Failure! File with SemanticAttributes-provided name `data/scene_datasets/habitat-test-scenes/skokloster-castle.scn` exists but failed to load.
[17:38:42:325481]:[Warning]:[Sim] Simulator.cpp(595)::instanceStageForSceneAttributes : The active scene does not contain semantic annotations : activeSemanticSceneID_ = 0
2026-08-11 17:38:43,271 update: 2140	fps: 486.288	
2026-08-11 17:38:43,271 Num updates: 2140	Num frames 342400
2026-08-11 17:38:43,271 Average window size: 50  distance_to_goal: 0.323  distance_to_goal_reward: 0.000  reward: 6.446  spl: 0.660  success: 0.859
2026-08-11 17:38:43,271 	Perf Stats: trainer.rollout_collect: 0.291 trainer.sample_action: 0.003 trainer.obs_insert: 0.000 trainer.step_env: 0.005 trainer.update_stats: 0.001 trainer.update_agent: 0.035
2026-08-11 17:38:46,477 update: 2150	fps: 486.346	
2026-08-11 17:38:46,477 Num updates: 2150	Num frames 344000
2026-08-11 17:38:46,477 Average window size: 50  distance_to_goal: 0.228  distance_to_goal_reward: 0.000  reward: 6.754  spl: 0.679  success: 0.876
2026-08-11 17:38:46,477 	Perf Stats: trainer.rollout_collect: 0.291 trainer.sample_action: 0.003 trainer.obs_insert: 0.000 trainer.step_env: 0.005 trainer.update_stats: 0.001 trainer.update_agent: 0.035
2026-08-11 17:38:49,647 update: 2160	fps: 486.428	
2026-08-11 17:38:49,647 Num updates: 2160	Num frames 345600
2026-08-11 17:38:49,647 Average window size: 50  distance_to_goal: 0.511  distance_to_goal_reward: 0.000  reward: 6.377  spl: 0.638  success: 0.817
2026-08-11 17:38:49,647 	Perf Stats: trainer.rollout_collect: 0.291 trainer.sample_action: 0.003 trainer.obs_insert: 0.000 trainer.step_env: 0.005 trainer.update_stats: 0.001 trainer.update_agent: 0.035
2026-08-11 17:38:52,830 update: 2170	fps: 486.500	
2026-08-11 17:38:52,831 Num updates: 2170	Num frames 347200
2026-08-11 17:38:52,831 Average window size: 50  distance_to_goal: 0.485  distance_to_goal_reward: 0.000  reward: 6.586  spl: 0.659  success: 0.835
2026-08-11 17:38:52,831 	Perf Stats: trainer.rollout_collect: 0.291 trainer.sample_action: 0.003 trainer.obs_insert: 0.000 trainer.step_env: 0.005 trainer.update_stats: 0.001 trainer.update_agent: 0.035
2026-08-11 17:38:55,995 update: 2180	fps: 486.585	
2026-08-11 17:38:55,995 Num updates: 2180	Num frames 348800
2026-08-11 17:38:55,995 Average window size: 50  distance_to_goal: 0.627  distance_to_goal_reward: 0.000  reward: 6.481  spl: 0.658  success: 0.824
2026-08-11 17:38:55,995 	Perf Stats: trainer.rollout_collect: 0.291 trainer.sample_action: 0.003 trainer.obs_insert: 0.000 trainer.step_env: 0.005 trainer.update_stats: 0.001 trainer.update_agent: 0.035
2026-08-11 17:38:59,170 update: 2190	fps: 486.661	
2026-08-11 17:38:59,170 Num updates: 2190	Num frames 350400
2026-08-11 17:38:59,170 Average window size: 50  distance_to_goal: 0.839  distance_to_goal_reward: 0.000  reward: 6.605  spl: 0.631  success: 0.785
2026-08-11 17:38:59,170 	Perf Stats: trainer.rollout_collect: 0.291 trainer.sample_action: 0.003 trainer.obs_insert: 0.000 trainer.step_env: 0.005 trainer.update_stats: 0.001 trainer.update_agent: 0.035
PluginManager::Manager: duplicate static plugin StbImageImporter, ignoring
PluginManager::Manager: duplicate static plugin GltfImporter, ignoring
PluginManager::Manager: duplicate static plugin BasisImporter, ignoring
PluginManager::Manager: duplicate static plugin AssimpImporter, ignoring
PluginManager::Manager: duplicate static plugin AnySceneImporter, ignoring
PluginManager::Manager: duplicate static plugin AnyImageImporter, ignoring
Renderer: NVIDIA GeForce RTX 4070/PCIe/SSE2 by NVIDIA Corporation
OpenGL version: 4.6.0 NVIDIA 580.173.02
Using optional features:
    GL_ARB_vertex_array_object
    GL_ARB_separate_shader_objects
    GL_ARB_robustness
    GL_ARB_texture_storage
    GL_ARB_texture_view
    GL_ARB_framebuffer_no_attachments
    GL_ARB_invalidate_subdata
    GL_ARB_texture_storage_multisample
    GL_ARB_multi_bind
    GL_ARB_direct_state_access
    GL_ARB_get_texture_sub_image
    GL_ARB_texture_filter_anisotropic
    GL_KHR_debug
    GL_KHR_parallel_shader_compile
    GL_NV_depth_buffer_float
Using driver workarounds:
    no-forward-compatible-core-context
    nv-egl-incorrect-gl11-function-pointers
    no-layout-qualifiers-on-old-glsl
    nv-zero-context-profile-mask
    nv-implementation-color-read-format-dsa-broken
    nv-cubemap-inconsistent-compressed-image-size
    nv-cubemap-broken-full-compressed-image-query
    nv-compressed-block-size-in-bits
[17:38:59:715611]:[Warning]:[Scene] SemanticScene.h(331)::checkFileExists : ::loadSemanticSceneDescriptor: File `data/scene_datasets/habitat-test-scenes/van-gogh-room.scn` does not exist.  Aborting load.
[17:38:59:715627]:[Warning]:[Scene] SemanticScene.cpp(123)::loadSemanticSceneDescriptor : SSD File Naming Issue! Neither SemanticAttributes-provided name : `data/scene_datasets/habitat-test-scenes/van-gogh-room.scn` nor constructed filename : `data/scene_datasets/habitat-test-scenes/info_semantic.json` exist on disk.
[17:38:59:715631]:[Error]:[Scene] SemanticScene.cpp(139)::loadSemanticSceneDescriptor : SSD Load Failure! File with SemanticAttributes-provided name `data/scene_datasets/habitat-test-scenes/van-gogh-room.scn` exists but failed to load.
[17:39:00:155198]:[Warning]:[Sim] Simulator.cpp(595)::instanceStageForSceneAttributes : The active scene does not contain semantic annotations : activeSemanticSceneID_ = 0
2026-08-11 17:39:02,876 update: 2200	fps: 486.380	
2026-08-11 17:39:02,876 Num updates: 2200	Num frames 352000
2026-08-11 17:39:02,876 Average window size: 50  distance_to_goal: 0.791  distance_to_goal_reward: 0.000  reward: 6.336  spl: 0.614  success: 0.778
2026-08-11 17:39:02,876 	Perf Stats: trainer.rollout_collect: 0.291 trainer.sample_action: 0.003 trainer.obs_insert: 0.000 trainer.step_env: 0.005 trainer.update_stats: 0.001 trainer.update_agent: 0.035
2026-08-11 17:39:06,015 update: 2210	fps: 486.481	
2026-08-11 17:39:06,015 Num updates: 2210	Num frames 353600
2026-08-11 17:39:06,015 Average window size: 50  distance_to_goal: 0.599  distance_to_goal_reward: 0.000  reward: 6.295  spl: 0.654  success: 0.819
2026-08-11 17:39:06,015 	Perf Stats: trainer.rollout_collect: 0.291 trainer.sample_action: 0.003 trainer.obs_insert: 0.000 trainer.step_env: 0.005 trainer.update_stats: 0.001 trainer.update_agent: 0.035
2026-08-11 17:39:09,168 update: 2220	fps: 486.571	
2026-08-11 17:39:09,169 Num updates: 2220	Num frames 355200
2026-08-11 17:39:09,169 Average window size: 50  distance_to_goal: 0.514  distance_to_goal_reward: 0.000  reward: 5.673  spl: 0.624  success: 0.789
2026-08-11 17:39:09,169 	Perf Stats: trainer.rollout_collect: 0.291 trainer.sample_action: 0.003 trainer.obs_insert: 0.000 trainer.step_env: 0.005 trainer.update_stats: 0.001 trainer.update_agent: 0.035
2026-08-11 17:39:12,307 update: 2230	fps: 486.671	
2026-08-11 17:39:12,307 Num updates: 2230	Num frames 356800
2026-08-11 17:39:12,307 Average window size: 50  distance_to_goal: 0.548  distance_to_goal_reward: 0.000  reward: 5.330  spl: 0.604  success: 0.771
2026-08-11 17:39:12,307 	Perf Stats: trainer.rollout_collect: 0.291 trainer.sample_action: 0.003 trainer.obs_insert: 0.000 trainer.step_env: 0.005 trainer.update_stats: 0.001 trainer.update_agent: 0.035
2026-08-11 17:39:15,452 update: 2240	fps: 486.765	
2026-08-11 17:39:15,452 Num updates: 2240	Num frames 358400
2026-08-11 17:39:15,452 Average window size: 50  distance_to_goal: 0.780  distance_to_goal_reward: 0.000  reward: 4.700  spl: 0.600  success: 0.765
2026-08-11 17:39:15,452 	Perf Stats: trainer.rollout_collect: 0.291 trainer.sample_action: 0.003 trainer.obs_insert: 0.000 trainer.step_env: 0.005 trainer.update_stats: 0.001 trainer.update_agent: 0.035
2026-08-11 17:39:18,593 update: 2250	fps: 486.861	
2026-08-11 17:39:18,593 Num updates: 2250	Num frames 360000
2026-08-11 17:39:18,593 Average window size: 50  distance_to_goal: 0.682  distance_to_goal_reward: 0.000  reward: 5.143  spl: 0.622  success: 0.776
2026-08-11 17:39:18,593 	Perf Stats: trainer.rollout_collect: 0.291 trainer.sample_action: 0.003 trainer.obs_insert: 0.000 trainer.step_env: 0.005 trainer.update_stats: 0.001 trainer.update_agent: 0.035
2026-08-11 17:39:21,714 update: 2260	fps: 486.969	
2026-08-11 17:39:21,714 Num updates: 2260	Num frames 361600
2026-08-11 17:39:21,714 Average window size: 50  distance_to_goal: 0.673  distance_to_goal_reward: 0.000  reward: 5.502  spl: 0.638  success: 0.795
2026-08-11 17:39:21,714 	Perf Stats: trainer.rollout_collect: 0.291 trainer.sample_action: 0.003 trainer.obs_insert: 0.000 trainer.step_env: 0.005 trainer.update_stats: 0.001 trainer.update_agent: 0.035
2026-08-11 17:39:24,856 update: 2270	fps: 487.063	
2026-08-11 17:39:24,856 Num updates: 2270	Num frames 363200
2026-08-11 17:39:24,856 Average window size: 50  distance_to_goal: 0.825  distance_to_goal_reward: 0.000  reward: 5.582  spl: 0.660  success: 0.811
2026-08-11 17:39:24,856 	Perf Stats: trainer.rollout_collect: 0.290 trainer.sample_action: 0.003 trainer.obs_insert: 0.000 trainer.step_env: 0.005 trainer.update_stats: 0.001 trainer.update_agent: 0.035
2026-08-11 17:39:28,003 update: 2280	fps: 487.153	
2026-08-11 17:39:28,003 Num updates: 2280	Num frames 364800
2026-08-11 17:39:28,003 Average window size: 50  distance_to_goal: 0.712  distance_to_goal_reward: 0.000  reward: 6.056  spl: 0.676  success: 0.833
2026-08-11 17:39:28,003 	Perf Stats: trainer.rollout_collect: 0.290 trainer.sample_action: 0.003 trainer.obs_insert: 0.000 trainer.step_env: 0.005 trainer.update_stats: 0.001 trainer.update_agent: 0.035
2026-08-11 17:39:31,148 update: 2290	fps: 487.243	
2026-08-11 17:39:31,148 Num updates: 2290	Num frames 366400
2026-08-11 17:39:31,148 Average window size: 50  distance_to_goal: 0.444  distance_to_goal_reward: 0.000  reward: 6.097  spl: 0.646  success: 0.818
2026-08-11 17:39:31,148 	Perf Stats: trainer.rollout_collect: 0.290 trainer.sample_action: 0.003 trainer.obs_insert: 0.000 trainer.step_env: 0.005 trainer.update_stats: 0.001 trainer.update_agent: 0.035
2026-08-11 17:39:34,396 update: 2300	fps: 487.266	
2026-08-11 17:39:34,396 Num updates: 2300	Num frames 368000
2026-08-11 17:39:34,396 Average window size: 50  distance_to_goal: 0.450  distance_to_goal_reward: 0.000  reward: 5.822  spl: 0.634  success: 0.847
2026-08-11 17:39:34,396 	Perf Stats: trainer.rollout_collect: 0.290 trainer.sample_action: 0.003 trainer.obs_insert: 0.000 trainer.step_env: 0.005 trainer.update_stats: 0.001 trainer.update_agent: 0.035
2026-08-11 17:39:37,533 update: 2310	fps: 487.360	
2026-08-11 17:39:37,534 Num updates: 2310	Num frames 369600
2026-08-11 17:39:37,534 Average window size: 50  distance_to_goal: 0.429  distance_to_goal_reward: 0.000  reward: 5.872  spl: 0.613  success: 0.849
2026-08-11 17:39:37,534 	Perf Stats: trainer.rollout_collect: 0.290 trainer.sample_action: 0.003 trainer.obs_insert: 0.000 trainer.step_env: 0.005 trainer.update_stats: 0.001 trainer.update_agent: 0.035
2026-08-11 17:39:40,656 update: 2320	fps: 487.463	
2026-08-11 17:39:40,656 Num updates: 2320	Num frames 371200
2026-08-11 17:39:40,656 Average window size: 50  distance_to_goal: 0.249  distance_to_goal_reward: 0.000  reward: 6.392  spl: 0.602  success: 0.897
2026-08-11 17:39:40,656 	Perf Stats: trainer.rollout_collect: 0.290 trainer.sample_action: 0.003 trainer.obs_insert: 0.000 trainer.step_env: 0.005 trainer.update_stats: 0.001 trainer.update_agent: 0.035
PluginManager::Manager: duplicate static plugin StbImageImporter, ignoring
PluginManager::Manager: duplicate static plugin GltfImporter, ignoring
PluginManager::Manager: duplicate static plugin BasisImporter, ignoring
PluginManager::Manager: duplicate static plugin AssimpImporter, ignoring
PluginManager::Manager: duplicate static plugin AnySceneImporter, ignoring
PluginManager::Manager: duplicate static plugin AnyImageImporter, ignoring
Renderer: NVIDIA GeForce RTX 4070/PCIe/SSE2 by NVIDIA Corporation
OpenGL version: 4.6.0 NVIDIA 580.173.02
Using optional features:
    GL_ARB_vertex_array_object
    GL_ARB_separate_shader_objects
    GL_ARB_robustness
    GL_ARB_texture_storage
    GL_ARB_texture_view
    GL_ARB_framebuffer_no_attachments
    GL_ARB_invalidate_subdata
    GL_ARB_texture_storage_multisample
    GL_ARB_multi_bind
    GL_ARB_direct_state_access
    GL_ARB_get_texture_sub_image
    GL_ARB_texture_filter_anisotropic
    GL_KHR_debug
    GL_KHR_parallel_shader_compile
    GL_NV_depth_buffer_float
Using driver workarounds:
    no-forward-compatible-core-context
    nv-egl-incorrect-gl11-function-pointers
    no-layout-qualifiers-on-old-glsl
    nv-zero-context-profile-mask
    nv-implementation-color-read-format-dsa-broken
    nv-cubemap-inconsistent-compressed-image-size
    nv-cubemap-broken-full-compressed-image-query
    nv-compressed-block-size-in-bits
[17:39:40:855306]:[Warning]:[Scene] SemanticScene.h(331)::checkFileExists : ::loadSemanticSceneDescriptor: File `data/scene_datasets/habitat-test-scenes/van-gogh-room.scn` does not exist.  Aborting load.
[17:39:40:855321]:[Warning]:[Scene] SemanticScene.cpp(123)::loadSemanticSceneDescriptor : SSD File Naming Issue! Neither SemanticAttributes-provided name : `data/scene_datasets/habitat-test-scenes/van-gogh-room.scn` nor constructed filename : `data/scene_datasets/habitat-test-scenes/info_semantic.json` exist on disk.
[17:39:40:855326]:[Error]:[Scene] SemanticScene.cpp(139)::loadSemanticSceneDescriptor : SSD Load Failure! File with SemanticAttributes-provided name `data/scene_datasets/habitat-test-scenes/van-gogh-room.scn` exists but failed to load.
[17:39:41:286750]:[Warning]:[Sim] Simulator.cpp(595)::instanceStageForSceneAttributes : The active scene does not contain semantic annotations : activeSemanticSceneID_ = 0
PluginManager::Manager: duplicate static plugin StbImageImporter, ignoring
PluginManager::Manager: duplicate static plugin GltfImporter, ignoring
PluginManager::Manager: duplicate static plugin BasisImporter, ignoring
PluginManager::Manager: duplicate static plugin AssimpImporter, ignoring
PluginManager::Manager: duplicate static plugin AnySceneImporter, ignoring
PluginManager::Manager: duplicate static plugin AnyImageImporter, ignoring
Renderer: NVIDIA GeForce RTX 4070/PCIe/SSE2 by NVIDIA Corporation
OpenGL version: 4.6.0 NVIDIA 580.173.02
Using optional features:
    GL_ARB_vertex_array_object
    GL_ARB_separate_shader_objects
    GL_ARB_robustness
    GL_ARB_texture_storage
    GL_ARB_texture_view
    GL_ARB_framebuffer_no_attachments
    GL_ARB_invalidate_subdata
    GL_ARB_texture_storage_multisample
    GL_ARB_multi_bind
    GL_ARB_direct_state_access
    GL_ARB_get_texture_sub_image
    GL_ARB_texture_filter_anisotropic
    GL_KHR_debug
    GL_KHR_parallel_shader_compile
    GL_NV_depth_buffer_float
Using driver workarounds:
    no-forward-compatible-core-context
    nv-egl-incorrect-gl11-function-pointers
    no-layout-qualifiers-on-old-glsl
    nv-zero-context-profile-mask
    nv-implementation-color-read-format-dsa-broken
    nv-cubemap-inconsistent-compressed-image-size
    nv-cubemap-broken-full-compressed-image-query
    nv-compressed-block-size-in-bits
[17:39:43:362752]:[Warning]:[Scene] SemanticScene.h(331)::checkFileExists : ::loadSemanticSceneDescriptor: File `data/scene_datasets/habitat-test-scenes/skokloster-castle.scn` does not exist.  Aborting load.
[17:39:43:362768]:[Warning]:[Scene] SemanticScene.cpp(123)::loadSemanticSceneDescriptor : SSD File Naming Issue! Neither SemanticAttributes-provided name : `data/scene_datasets/habitat-test-scenes/skokloster-castle.scn` nor constructed filename : `data/scene_datasets/habitat-test-scenes/info_semantic.json` exist on disk.
[17:39:43:362773]:[Error]:[Scene] SemanticScene.cpp(139)::loadSemanticSceneDescriptor : SSD Load Failure! File with SemanticAttributes-provided name `data/scene_datasets/habitat-test-scenes/skokloster-castle.scn` exists but failed to load.
[17:39:43:982344]:[Warning]:[Sim] Simulator.cpp(595)::instanceStageForSceneAttributes : The active scene does not contain semantic annotations : activeSemanticSceneID_ = 0
2026-08-11 17:39:44,797 update: 2330	fps: 486.916	
2026-08-11 17:39:44,797 Num updates: 2330	Num frames 372800
2026-08-11 17:39:44,797 Average window size: 50  distance_to_goal: 0.180  distance_to_goal_reward: 0.000  reward: 6.574  spl: 0.600  success: 0.910
2026-08-11 17:39:44,797 	Perf Stats: trainer.rollout_collect: 0.291 trainer.sample_action: 0.003 trainer.obs_insert: 0.000 trainer.step_env: 0.005 trainer.update_stats: 0.001 trainer.update_agent: 0.035
2026-08-11 17:39:47,932 update: 2340	fps: 487.011	
2026-08-11 17:39:47,932 Num updates: 2340	Num frames 374400
2026-08-11 17:39:47,932 Average window size: 50  distance_to_goal: 0.134  distance_to_goal_reward: 0.000  reward: 6.863  spl: 0.633  success: 0.945
2026-08-11 17:39:47,932 	Perf Stats: trainer.rollout_collect: 0.290 trainer.sample_action: 0.003 trainer.obs_insert: 0.000 trainer.step_env: 0.005 trainer.update_stats: 0.001 trainer.update_agent: 0.035
2026-08-11 17:39:51,048 update: 2350	fps: 487.119	
2026-08-11 17:39:51,048 Num updates: 2350	Num frames 376000
2026-08-11 17:39:51,048 Average window size: 50  distance_to_goal: 0.222  distance_to_goal_reward: 0.000  reward: 6.300  spl: 0.632  success: 0.914
2026-08-11 17:39:51,048 	Perf Stats: trainer.rollout_collect: 0.290 trainer.sample_action: 0.003 trainer.obs_insert: 0.000 trainer.step_env: 0.005 trainer.update_stats: 0.001 trainer.update_agent: 0.035
2026-08-11 17:39:54,162 update: 2360	fps: 487.226	
2026-08-11 17:39:54,162 Num updates: 2360	Num frames 377600
2026-08-11 17:39:54,162 Average window size: 50  distance_to_goal: 0.247  distance_to_goal_reward: -0.002  reward: 6.248  spl: 0.642  success: 0.901
2026-08-11 17:39:54,162 	Perf Stats: trainer.rollout_collect: 0.290 trainer.sample_action: 0.003 trainer.obs_insert: 0.000 trainer.step_env: 0.005 trainer.update_stats: 0.001 trainer.update_agent: 0.035
2026-08-11 17:39:57,260 update: 2370	fps: 487.342	
2026-08-11 17:39:57,260 Num updates: 2370	Num frames 379200
2026-08-11 17:39:57,260 Average window size: 50  distance_to_goal: 0.279  distance_to_goal_reward: -0.002  reward: 5.939  spl: 0.683  success: 0.911
2026-08-11 17:39:57,260 	Perf Stats: trainer.rollout_collect: 0.290 trainer.sample_action: 0.003 trainer.obs_insert: 0.000 trainer.step_env: 0.005 trainer.update_stats: 0.001 trainer.update_agent: 0.035
2026-08-11 17:40:00,382 update: 2380	fps: 487.443	
2026-08-11 17:40:00,382 Num updates: 2380	Num frames 380800
2026-08-11 17:40:00,382 Average window size: 50  distance_to_goal: 0.522  distance_to_goal_reward: -0.002  reward: 5.182  spl: 0.688  success: 0.875
2026-08-11 17:40:00,382 	Perf Stats: trainer.rollout_collect: 0.290 trainer.sample_action: 0.003 trainer.obs_insert: 0.000 trainer.step_env: 0.005 trainer.update_stats: 0.001 trainer.update_agent: 0.035
PluginManager::Manager: duplicate static plugin StbImageImporter, ignoring
PluginManager::Manager: duplicate static plugin GltfImporter, ignoring
PluginManager::Manager: duplicate static plugin BasisImporter, ignoring
PluginManager::Manager: duplicate static plugin AssimpImporter, ignoring
PluginManager::Manager: duplicate static plugin AnySceneImporter, ignoring
PluginManager::Manager: duplicate static plugin AnyImageImporter, ignoring
Renderer: NVIDIA GeForce RTX 4070/PCIe/SSE2 by NVIDIA Corporation
OpenGL version: 4.6.0 NVIDIA 580.173.02
Using optional features:
    GL_ARB_vertex_array_object
    GL_ARB_separate_shader_objects
    GL_ARB_robustness
    GL_ARB_texture_storage
    GL_ARB_texture_view
    GL_ARB_framebuffer_no_attachments
    GL_ARB_invalidate_subdata
    GL_ARB_texture_storage_multisample
    GL_ARB_multi_bind
    GL_ARB_direct_state_access
    GL_ARB_get_texture_sub_image
    GL_ARB_texture_filter_anisotropic
    GL_KHR_debug
    GL_KHR_parallel_shader_compile
    GL_NV_depth_buffer_float
Using driver workarounds:
    no-forward-compatible-core-context
    nv-egl-incorrect-gl11-function-pointers
    no-layout-qualifiers-on-old-glsl
    nv-zero-context-profile-mask
    nv-implementation-color-read-format-dsa-broken
    nv-cubemap-inconsistent-compressed-image-size
    nv-cubemap-broken-full-compressed-image-query
    nv-compressed-block-size-in-bits
[17:40:03:048904]:[Warning]:[Scene] SemanticScene.h(331)::checkFileExists : ::loadSemanticSceneDescriptor: File `data/scene_datasets/habitat-test-scenes/van-gogh-room.scn` does not exist.  Aborting load.
[17:40:03:048920]:[Warning]:[Scene] SemanticScene.cpp(123)::loadSemanticSceneDescriptor : SSD File Naming Issue! Neither SemanticAttributes-provided name : `data/scene_datasets/habitat-test-scenes/van-gogh-room.scn` nor constructed filename : `data/scene_datasets/habitat-test-scenes/info_semantic.json` exist on disk.
[17:40:03:048925]:[Error]:[Scene] SemanticScene.cpp(139)::loadSemanticSceneDescriptor : SSD Load Failure! File with SemanticAttributes-provided name `data/scene_datasets/habitat-test-scenes/van-gogh-room.scn` exists but failed to load.
[17:40:03:522598]:[Warning]:[Sim] Simulator.cpp(595)::instanceStageForSceneAttributes : The active scene does not contain semantic annotations : activeSemanticSceneID_ = 0
2026-08-11 17:40:03,984 update: 2390	fps: 487.244	
2026-08-11 17:40:03,985 Num updates: 2390	Num frames 382400
2026-08-11 17:40:03,985 Average window size: 50  distance_to_goal: 0.518  distance_to_goal_reward: 0.000  reward: 4.928  spl: 0.663  success: 0.826
2026-08-11 17:40:03,985 	Perf Stats: trainer.rollout_collect: 0.290 trainer.sample_action: 0.003 trainer.obs_insert: 0.000 trainer.step_env: 0.005 trainer.update_stats: 0.001 trainer.update_agent: 0.035
2026-08-11 17:40:07,143 update: 2400	fps: 487.321	
2026-08-11 17:40:07,143 Num updates: 2400	Num frames 384000
2026-08-11 17:40:07,143 Average window size: 50  distance_to_goal: 0.557  distance_to_goal_reward: 0.000  reward: 4.607  spl: 0.642  success: 0.790
2026-08-11 17:40:07,143 	Perf Stats: trainer.rollout_collect: 0.290 trainer.sample_action: 0.003 trainer.obs_insert: 0.000 trainer.step_env: 0.005 trainer.update_stats: 0.001 trainer.update_agent: 0.035
2026-08-11 17:40:10,233 update: 2410	fps: 487.440	
2026-08-11 17:40:10,233 Num updates: 2410	Num frames 385600
2026-08-11 17:40:10,233 Average window size: 50  distance_to_goal: 0.506  distance_to_goal_reward: 0.002  reward: 4.379  spl: 0.655  success: 0.786
2026-08-11 17:40:10,233 	Perf Stats: trainer.rollout_collect: 0.290 trainer.sample_action: 0.003 trainer.obs_insert: 0.000 trainer.step_env: 0.005 trainer.update_stats: 0.001 trainer.update_agent: 0.035
2026-08-11 17:40:13,258 update: 2420	fps: 487.598	
2026-08-11 17:40:13,267 Num updates: 2420	Num frames 387200
2026-08-11 17:40:13,267 Average window size: 50  distance_to_goal: 0.532  distance_to_goal_reward: 0.002  reward: 4.284  spl: 0.643  success: 0.777
2026-08-11 17:40:13,267 	Perf Stats: trainer.rollout_collect: 0.290 trainer.sample_action: 0.003 trainer.obs_insert: 0.000 trainer.step_env: 0.005 trainer.update_stats: 0.001 trainer.update_agent: 0.035
2026-08-11 17:40:16,304 update: 2430	fps: 487.742	
2026-08-11 17:40:16,304 Num updates: 2430	Num frames 388800
2026-08-11 17:40:16,304 Average window size: 50  distance_to_goal: 0.351  distance_to_goal_reward: 0.002  reward: 4.656  spl: 0.637  success: 0.773
2026-08-11 17:40:16,304 	Perf Stats: trainer.rollout_collect: 0.290 trainer.sample_action: 0.003 trainer.obs_insert: 0.000 trainer.step_env: 0.005 trainer.update_stats: 0.001 trainer.update_agent: 0.035
2026-08-11 17:40:19,359 update: 2440	fps: 487.880	
2026-08-11 17:40:19,359 Num updates: 2440	Num frames 390400
2026-08-11 17:40:19,359 Average window size: 50  distance_to_goal: 0.351  distance_to_goal_reward: -0.000  reward: 4.994  spl: 0.657  success: 0.796
2026-08-11 17:40:19,359 	Perf Stats: trainer.rollout_collect: 0.290 trainer.sample_action: 0.003 trainer.obs_insert: 0.000 trainer.step_env: 0.005 trainer.update_stats: 0.001 trainer.update_agent: 0.035
2026-08-11 17:40:22,441 update: 2450	fps: 488.000	
2026-08-11 17:40:22,441 Num updates: 2450	Num frames 392000
2026-08-11 17:40:22,441 Average window size: 50  distance_to_goal: 0.256  distance_to_goal_reward: -0.000  reward: 5.150  spl: 0.666  success: 0.809
2026-08-11 17:40:22,441 	Perf Stats: trainer.rollout_collect: 0.290 trainer.sample_action: 0.003 trainer.obs_insert: 0.000 trainer.step_env: 0.005 trainer.update_stats: 0.001 trainer.update_agent: 0.035
2026-08-11 17:40:25,521 update: 2460	fps: 488.120	
2026-08-11 17:40:25,521 Num updates: 2460	Num frames 393600
2026-08-11 17:40:25,521 Average window size: 50  distance_to_goal: 0.386  distance_to_goal_reward: -0.000  reward: 5.133  spl: 0.657  success: 0.795
2026-08-11 17:40:25,521 	Perf Stats: trainer.rollout_collect: 0.290 trainer.sample_action: 0.003 trainer.obs_insert: 0.000 trainer.step_env: 0.005 trainer.update_stats: 0.001 trainer.update_agent: 0.035
2026-08-11 17:40:28,569 update: 2470	fps: 488.258	
2026-08-11 17:40:28,569 Num updates: 2470	Num frames 395200
2026-08-11 17:40:28,570 Average window size: 50  distance_to_goal: 0.391  distance_to_goal_reward: 0.000  reward: 4.962  spl: 0.643  success: 0.770
2026-08-11 17:40:28,570 	Perf Stats: trainer.rollout_collect: 0.290 trainer.sample_action: 0.003 trainer.obs_insert: 0.000 trainer.step_env: 0.005 trainer.update_stats: 0.001 trainer.update_agent: 0.035
2026-08-11 17:40:31,609 update: 2480	fps: 488.401	
2026-08-11 17:40:31,609 Num updates: 2480	Num frames 396800
2026-08-11 17:40:31,609 Average window size: 50  distance_to_goal: 0.402  distance_to_goal_reward: 0.000  reward: 5.090  spl: 0.669  success: 0.810
2026-08-11 17:40:31,609 	Perf Stats: trainer.rollout_collect: 0.290 trainer.sample_action: 0.003 trainer.obs_insert: 0.000 trainer.step_env: 0.005 trainer.update_stats: 0.001 trainer.update_agent: 0.035
PluginManager::Manager: duplicate static plugin StbImageImporter, ignoring
PluginManager::Manager: duplicate static plugin GltfImporter, ignoring
PluginManager::Manager: duplicate static plugin BasisImporter, ignoring
PluginManager::Manager: duplicate static plugin AssimpImporter, ignoring
PluginManager::Manager: duplicate static plugin AnySceneImporter, ignoring
PluginManager::Manager: duplicate static plugin AnyImageImporter, ignoring
Renderer: NVIDIA GeForce RTX 4070/PCIe/SSE2 by NVIDIA Corporation
OpenGL version: 4.6.0 NVIDIA 580.173.02
Using optional features:
    GL_ARB_vertex_array_object
    GL_ARB_separate_shader_objects
    GL_ARB_robustness
    GL_ARB_texture_storage
    GL_ARB_texture_view
    GL_ARB_framebuffer_no_attachments
    GL_ARB_invalidate_subdata
    GL_ARB_texture_storage_multisample
    GL_ARB_multi_bind
    GL_ARB_direct_state_access
    GL_ARB_get_texture_sub_image
    GL_ARB_texture_filter_anisotropic
    GL_KHR_debug
    GL_KHR_parallel_shader_compile
    GL_NV_depth_buffer_float
Using driver workarounds:
    no-forward-compatible-core-context
    nv-egl-incorrect-gl11-function-pointers
    no-layout-qualifiers-on-old-glsl
    nv-zero-context-profile-mask
    nv-implementation-color-read-format-dsa-broken
    nv-cubemap-inconsistent-compressed-image-size
    nv-cubemap-broken-full-compressed-image-query
    nv-compressed-block-size-in-bits
[17:40:32:362499]:[Warning]:[Scene] SemanticScene.h(331)::checkFileExists : ::loadSemanticSceneDescriptor: File `data/scene_datasets/habitat-test-scenes/van-gogh-room.scn` does not exist.  Aborting load.
[17:40:32:362515]:[Warning]:[Scene] SemanticScene.cpp(123)::loadSemanticSceneDescriptor : SSD File Naming Issue! Neither SemanticAttributes-provided name : `data/scene_datasets/habitat-test-scenes/van-gogh-room.scn` nor constructed filename : `data/scene_datasets/habitat-test-scenes/info_semantic.json` exist on disk.
[17:40:32:362520]:[Error]:[Scene] SemanticScene.cpp(139)::loadSemanticSceneDescriptor : SSD Load Failure! File with SemanticAttributes-provided name `data/scene_datasets/habitat-test-scenes/van-gogh-room.scn` exists but failed to load.
[17:40:32:804266]:[Warning]:[Sim] Simulator.cpp(595)::instanceStageForSceneAttributes : The active scene does not contain semantic annotations : activeSemanticSceneID_ = 0
2026-08-11 17:40:35,092 update: 2490	fps: 488.277	
2026-08-11 17:40:35,092 Num updates: 2490	Num frames 398400
2026-08-11 17:40:35,092 Average window size: 50  distance_to_goal: 0.418  distance_to_goal_reward: 0.000  reward: 4.570  spl: 0.665  success: 0.816
2026-08-11 17:40:35,092 	Perf Stats: trainer.rollout_collect: 0.290 trainer.sample_action: 0.003 trainer.obs_insert: 0.000 trainer.step_env: 0.005 trainer.update_stats: 0.001 trainer.update_agent: 0.035
2026-08-11 17:40:38,224 update: 2500	fps: 488.364	
2026-08-11 17:40:38,224 Num updates: 2500	Num frames 400000
2026-08-11 17:40:38,224 Average window size: 50  distance_to_goal: 0.450  distance_to_goal_reward: 0.000  reward: 4.576  spl: 0.670  success: 0.817
2026-08-11 17:40:38,224 	Perf Stats: trainer.rollout_collect: 0.290 trainer.sample_action: 0.003 trainer.obs_insert: 0.000 trainer.step_env: 0.005 trainer.update_stats: 0.001 trainer.update_agent: 0.035
2026-08-11 17:40:41,300 update: 2510	fps: 488.482	
2026-08-11 17:40:41,300 Num updates: 2510	Num frames 401600
2026-08-11 17:40:41,300 Average window size: 50  distance_to_goal: 0.294  distance_to_goal_reward: 0.000  reward: 4.828  spl: 0.682  success: 0.846
2026-08-11 17:40:41,300 	Perf Stats: trainer.rollout_collect: 0.289 trainer.sample_action: 0.003 trainer.obs_insert: 0.000 trainer.step_env: 0.005 trainer.update_stats: 0.001 trainer.update_agent: 0.035
2026-08-11 17:40:44,339 update: 2520	fps: 488.622	
2026-08-11 17:40:44,339 Num updates: 2520	Num frames 403200
2026-08-11 17:40:44,340 Average window size: 50  distance_to_goal: 0.285  distance_to_goal_reward: 0.000  reward: 4.868  spl: 0.695  success: 0.868
2026-08-11 17:40:44,340 	Perf Stats: trainer.rollout_collect: 0.289 trainer.sample_action: 0.003 trainer.obs_insert: 0.000 trainer.step_env: 0.005 trainer.update_stats: 0.001 trainer.update_agent: 0.035
2026-08-11 17:40:47,346 update: 2530	fps: 488.780	
2026-08-11 17:40:47,346 Num updates: 2530	Num frames 404800
2026-08-11 17:40:47,346 Average window size: 50  distance_to_goal: 0.278  distance_to_goal_reward: 0.000  reward: 4.650  spl: 0.686  success: 0.856
2026-08-11 17:40:47,346 	Perf Stats: trainer.rollout_collect: 0.289 trainer.sample_action: 0.003 trainer.obs_insert: 0.000 trainer.step_env: 0.005 trainer.update_stats: 0.001 trainer.update_agent: 0.035
PluginManager::Manager: duplicate static plugin StbImageImporter, ignoring
PluginManager::Manager: duplicate static plugin GltfImporter, ignoring
PluginManager::Manager: duplicate static plugin BasisImporter, ignoring
PluginManager::Manager: duplicate static plugin AssimpImporter, ignoring
PluginManager::Manager: duplicate static plugin AnySceneImporter, ignoring
PluginManager::Manager: duplicate static plugin AnyImageImporter, ignoring
Renderer: NVIDIA GeForce RTX 4070/PCIe/SSE2 by NVIDIA Corporation
OpenGL version: 4.6.0 NVIDIA 580.173.02
Using optional features:
    GL_ARB_vertex_array_object
    GL_ARB_separate_shader_objects
    GL_ARB_robustness
    GL_ARB_texture_storage
    GL_ARB_texture_view
    GL_ARB_framebuffer_no_attachments
    GL_ARB_invalidate_subdata
    GL_ARB_texture_storage_multisample
    GL_ARB_multi_bind
    GL_ARB_direct_state_access
    GL_ARB_get_texture_sub_image
    GL_ARB_texture_filter_anisotropic
    GL_KHR_debug
    GL_KHR_parallel_shader_compile
    GL_NV_depth_buffer_float
Using driver workarounds:
    no-forward-compatible-core-context
    nv-egl-incorrect-gl11-function-pointers
    no-layout-qualifiers-on-old-glsl
    nv-zero-context-profile-mask
    nv-implementation-color-read-format-dsa-broken
    nv-cubemap-inconsistent-compressed-image-size
    nv-cubemap-broken-full-compressed-image-query
    nv-compressed-block-size-in-bits
[17:40:48:268913]:[Warning]:[Scene] SemanticScene.h(331)::checkFileExists : ::loadSemanticSceneDescriptor: File `data/scene_datasets/habitat-test-scenes/skokloster-castle.scn` does not exist.  Aborting load.
[17:40:48:268929]:[Warning]:[Scene] SemanticScene.cpp(123)::loadSemanticSceneDescriptor : SSD File Naming Issue! Neither SemanticAttributes-provided name : `data/scene_datasets/habitat-test-scenes/skokloster-castle.scn` nor constructed filename : `data/scene_datasets/habitat-test-scenes/info_semantic.json` exist on disk.
[17:40:48:268934]:[Error]:[Scene] SemanticScene.cpp(139)::loadSemanticSceneDescriptor : SSD Load Failure! File with SemanticAttributes-provided name `data/scene_datasets/habitat-test-scenes/skokloster-castle.scn` exists but failed to load.
[17:40:48:876061]:[Warning]:[Sim] Simulator.cpp(595)::instanceStageForSceneAttributes : The active scene does not contain semantic annotations : activeSemanticSceneID_ = 0
2026-08-11 17:40:51,024 update: 2540	fps: 488.543	
2026-08-11 17:40:51,024 Num updates: 2540	Num frames 406400
2026-08-11 17:40:51,024 Average window size: 50  distance_to_goal: 0.292  distance_to_goal_reward: 0.000  reward: 4.773  spl: 0.673  success: 0.836
2026-08-11 17:40:51,024 	Perf Stats: trainer.rollout_collect: 0.289 trainer.sample_action: 0.003 trainer.obs_insert: 0.000 trainer.step_env: 0.005 trainer.update_stats: 0.001 trainer.update_agent: 0.035
2026-08-11 17:40:54,080 update: 2550	fps: 488.670	
2026-08-11 17:40:54,081 Num updates: 2550	Num frames 408000
2026-08-11 17:40:54,081 Average window size: 50  distance_to_goal: 0.376  distance_to_goal_reward: 0.000  reward: 4.738  spl: 0.678  success: 0.839
2026-08-11 17:40:54,081 	Perf Stats: trainer.rollout_collect: 0.289 trainer.sample_action: 0.003 trainer.obs_insert: 0.000 trainer.step_env: 0.005 trainer.update_stats: 0.001 trainer.update_agent: 0.035
2026-08-11 17:40:57,149 update: 2560	fps: 488.790	
2026-08-11 17:40:57,149 Num updates: 2560	Num frames 409600
2026-08-11 17:40:57,149 Average window size: 50  distance_to_goal: 0.412  distance_to_goal_reward: 0.000  reward: 4.845  spl: 0.686  success: 0.844
2026-08-11 17:40:57,150 	Perf Stats: trainer.rollout_collect: 0.289 trainer.sample_action: 0.003 trainer.obs_insert: 0.000 trainer.step_env: 0.005 trainer.update_stats: 0.001 trainer.update_agent: 0.035
2026-08-11 17:41:00,211 update: 2570	fps: 488.913	
2026-08-11 17:41:00,211 Num updates: 2570	Num frames 411200
2026-08-11 17:41:00,211 Average window size: 50  distance_to_goal: 0.355  distance_to_goal_reward: 0.000  reward: 5.321  spl: 0.697  success: 0.864
2026-08-11 17:41:00,211 	Perf Stats: trainer.rollout_collect: 0.289 trainer.sample_action: 0.003 trainer.obs_insert: 0.000 trainer.step_env: 0.005 trainer.update_stats: 0.001 trainer.update_agent: 0.035
2026-08-11 17:41:03,261 update: 2580	fps: 489.042	
2026-08-11 17:41:03,261 Num updates: 2580	Num frames 412800
2026-08-11 17:41:03,261 Average window size: 50  distance_to_goal: 0.370  distance_to_goal_reward: 0.000  reward: 5.512  spl: 0.702  success: 0.865
2026-08-11 17:41:03,261 	Perf Stats: trainer.rollout_collect: 0.289 trainer.sample_action: 0.003 trainer.obs_insert: 0.000 trainer.step_env: 0.005 trainer.update_stats: 0.001 trainer.update_agent: 0.035
2026-08-11 17:41:06,341 update: 2590	fps: 489.153	
2026-08-11 17:41:06,341 Num updates: 2590	Num frames 414400
2026-08-11 17:41:06,341 Average window size: 50  distance_to_goal: 0.361  distance_to_goal_reward: 0.000  reward: 5.777  spl: 0.731  success: 0.903
2026-08-11 17:41:06,341 	Perf Stats: trainer.rollout_collect: 0.289 trainer.sample_action: 0.003 trainer.obs_insert: 0.000 trainer.step_env: 0.005 trainer.update_stats: 0.001 trainer.update_agent: 0.035
2026-08-11 17:41:09,505 update: 2600	fps: 489.214	
2026-08-11 17:41:09,505 Num updates: 2600	Num frames 416000
2026-08-11 17:41:09,505 Average window size: 50  distance_to_goal: 0.210  distance_to_goal_reward: 0.000  reward: 6.098  spl: 0.721  success: 0.894
2026-08-11 17:41:09,505 	Perf Stats: trainer.rollout_collect: 0.289 trainer.sample_action: 0.003 trainer.obs_insert: 0.000 trainer.step_env: 0.005 trainer.update_stats: 0.001 trainer.update_agent: 0.035
2026-08-11 17:41:12,553 update: 2610	fps: 489.342	
2026-08-11 17:41:12,553 Num updates: 2610	Num frames 417600
2026-08-11 17:41:12,553 Average window size: 50  distance_to_goal: 0.190  distance_to_goal_reward: 0.000  reward: 5.892  spl: 0.710  success: 0.880
2026-08-11 17:41:12,554 	Perf Stats: trainer.rollout_collect: 0.289 trainer.sample_action: 0.003 trainer.obs_insert: 0.000 trainer.step_env: 0.005 trainer.update_stats: 0.001 trainer.update_agent: 0.035
PluginManager::Manager: duplicate static plugin StbImageImporter, ignoring
PluginManager::Manager: duplicate static plugin GltfImporter, ignoring
PluginManager::Manager: duplicate static plugin BasisImporter, ignoring
PluginManager::Manager: duplicate static plugin AssimpImporter, ignoring
PluginManager::Manager: duplicate static plugin AnySceneImporter, ignoring
PluginManager::Manager: duplicate static plugin AnyImageImporter, ignoring
Renderer: NVIDIA GeForce RTX 4070/PCIe/SSE2 by NVIDIA Corporation
OpenGL version: 4.6.0 NVIDIA 580.173.02
Using optional features:
    GL_ARB_vertex_array_object
    GL_ARB_separate_shader_objects
    GL_ARB_robustness
    GL_ARB_texture_storage
    GL_ARB_texture_view
    GL_ARB_framebuffer_no_attachments
    GL_ARB_invalidate_subdata
    GL_ARB_texture_storage_multisample
    GL_ARB_multi_bind
    GL_ARB_direct_state_access
    GL_ARB_get_texture_sub_image
    GL_ARB_texture_filter_anisotropic
    GL_KHR_debug
    GL_KHR_parallel_shader_compile
    GL_NV_depth_buffer_float
Using driver workarounds:
    no-forward-compatible-core-context
    nv-egl-incorrect-gl11-function-pointers
    no-layout-qualifiers-on-old-glsl
    nv-zero-context-profile-mask
    nv-implementation-color-read-format-dsa-broken
    nv-cubemap-inconsistent-compressed-image-size
    nv-cubemap-broken-full-compressed-image-query
    nv-compressed-block-size-in-bits
[17:41:13:095509]:[Warning]:[Scene] SemanticScene.h(331)::checkFileExists : ::loadSemanticSceneDescriptor: File `data/scene_datasets/habitat-test-scenes/van-gogh-room.scn` does not exist.  Aborting load.
[17:41:13:095525]:[Warning]:[Scene] SemanticScene.cpp(123)::loadSemanticSceneDescriptor : SSD File Naming Issue! Neither SemanticAttributes-provided name : `data/scene_datasets/habitat-test-scenes/van-gogh-room.scn` nor constructed filename : `data/scene_datasets/habitat-test-scenes/info_semantic.json` exist on disk.
[17:41:13:095530]:[Error]:[Scene] SemanticScene.cpp(139)::loadSemanticSceneDescriptor : SSD Load Failure! File with SemanticAttributes-provided name `data/scene_datasets/habitat-test-scenes/van-gogh-room.scn` exists but failed to load.
[17:41:13:526078]:[Warning]:[Sim] Simulator.cpp(595)::instanceStageForSceneAttributes : The active scene does not contain semantic annotations : activeSemanticSceneID_ = 0
2026-08-11 17:41:15,984 update: 2620	fps: 489.249	
2026-08-11 17:41:15,985 Num updates: 2620	Num frames 419200
2026-08-11 17:41:15,985 Average window size: 50  distance_to_goal: 0.249  distance_to_goal_reward: 0.000  reward: 5.523  spl: 0.706  success: 0.858
2026-08-11 17:41:15,985 	Perf Stats: trainer.rollout_collect: 0.289 trainer.sample_action: 0.003 trainer.obs_insert: 0.000 trainer.step_env: 0.005 trainer.update_stats: 0.001 trainer.update_agent: 0.035
2026-08-11 17:41:18,973 update: 2630	fps: 489.410	
2026-08-11 17:41:18,973 Num updates: 2630	Num frames 420800
2026-08-11 17:41:18,973 Average window size: 50  distance_to_goal: 0.268  distance_to_goal_reward: 0.000  reward: 5.367  spl: 0.724  success: 0.870
2026-08-11 17:41:18,973 	Perf Stats: trainer.rollout_collect: 0.289 trainer.sample_action: 0.003 trainer.obs_insert: 0.000 trainer.step_env: 0.005 trainer.update_stats: 0.001 trainer.update_agent: 0.035
2026-08-11 17:41:21,969 update: 2640	fps: 489.565	
2026-08-11 17:41:21,970 Num updates: 2640	Num frames 422400
2026-08-11 17:41:21,970 Average window size: 50  distance_to_goal: 0.210  distance_to_goal_reward: 0.000  reward: 5.319  spl: 0.737  success: 0.880
2026-08-11 17:41:21,970 	Perf Stats: trainer.rollout_collect: 0.289 trainer.sample_action: 0.003 trainer.obs_insert: 0.000 trainer.step_env: 0.005 trainer.update_stats: 0.001 trainer.update_agent: 0.035
2026-08-11 17:41:24,942 update: 2650	fps: 489.732	
2026-08-11 17:41:24,942 Num updates: 2650	Num frames 424000
2026-08-11 17:41:24,942 Average window size: 50  distance_to_goal: 0.209  distance_to_goal_reward: 0.000  reward: 5.175  spl: 0.744  success: 0.903
2026-08-11 17:41:24,942 	Perf Stats: trainer.rollout_collect: 0.289 trainer.sample_action: 0.003 trainer.obs_insert: 0.000 trainer.step_env: 0.005 trainer.update_stats: 0.001 trainer.update_agent: 0.035
2026-08-11 17:41:27,972 update: 2660	fps: 489.866	
2026-08-11 17:41:27,972 Num updates: 2660	Num frames 425600
2026-08-11 17:41:27,972 Average window size: 50  distance_to_goal: 0.211  distance_to_goal_reward: 0.000  reward: 5.069  spl: 0.718  success: 0.896
2026-08-11 17:41:27,972 	Perf Stats: trainer.rollout_collect: 0.289 trainer.sample_action: 0.003 trainer.obs_insert: 0.000 trainer.step_env: 0.005 trainer.update_stats: 0.001 trainer.update_agent: 0.035
2026-08-11 17:41:30,955 update: 2670	fps: 490.024	
2026-08-11 17:41:30,956 Num updates: 2670	Num frames 427200
2026-08-11 17:41:30,956 Average window size: 50  distance_to_goal: 0.197  distance_to_goal_reward: 0.000  reward: 5.157  spl: 0.724  success: 0.920
2026-08-11 17:41:30,956 	Perf Stats: trainer.rollout_collect: 0.288 trainer.sample_action: 0.003 trainer.obs_insert: 0.000 trainer.step_env: 0.005 trainer.update_stats: 0.001 trainer.update_agent: 0.035
2026-08-11 17:41:33,933 update: 2680	fps: 490.185	
2026-08-11 17:41:33,933 Num updates: 2680	Num frames 428800
2026-08-11 17:41:33,933 Average window size: 50  distance_to_goal: 0.177  distance_to_goal_reward: 0.000  reward: 5.061  spl: 0.703  success: 0.903
2026-08-11 17:41:33,934 	Perf Stats: trainer.rollout_collect: 0.288 trainer.sample_action: 0.003 trainer.obs_insert: 0.000 trainer.step_env: 0.005 trainer.update_stats: 0.001 trainer.update_agent: 0.035
PluginManager::Manager: duplicate static plugin StbImageImporter, ignoring
PluginManager::Manager: duplicate static plugin GltfImporter, ignoring
PluginManager::Manager: duplicate static plugin BasisImporter, ignoring
PluginManager::Manager: duplicate static plugin AssimpImporter, ignoring
PluginManager::Manager: duplicate static plugin AnySceneImporter, ignoring
PluginManager::Manager: duplicate static plugin AnyImageImporter, ignoring
Renderer: NVIDIA GeForce RTX 4070/PCIe/SSE2 by NVIDIA Corporation
OpenGL version: 4.6.0 NVIDIA 580.173.02
Using optional features:
    GL_ARB_vertex_array_object
    GL_ARB_separate_shader_objects
    GL_ARB_robustness
    GL_ARB_texture_storage
    GL_ARB_texture_view
    GL_ARB_framebuffer_no_attachments
    GL_ARB_invalidate_subdata
    GL_ARB_texture_storage_multisample
    GL_ARB_multi_bind
    GL_ARB_direct_state_access
    GL_ARB_get_texture_sub_image
    GL_ARB_texture_filter_anisotropic
    GL_KHR_debug
    GL_KHR_parallel_shader_compile
    GL_NV_depth_buffer_float
Using driver workarounds:
    no-forward-compatible-core-context
    nv-egl-incorrect-gl11-function-pointers
    no-layout-qualifiers-on-old-glsl
    nv-zero-context-profile-mask
    nv-implementation-color-read-format-dsa-broken
    nv-cubemap-inconsistent-compressed-image-size
    nv-cubemap-broken-full-compressed-image-query
    nv-compressed-block-size-in-bits
[17:41:36:880147]:[Warning]:[Scene] SemanticScene.h(331)::checkFileExists : ::loadSemanticSceneDescriptor: File `data/scene_datasets/habitat-test-scenes/skokloster-castle.scn` does not exist.  Aborting load.
[17:41:36:880164]:[Warning]:[Scene] SemanticScene.cpp(123)::loadSemanticSceneDescriptor : SSD File Naming Issue! Neither SemanticAttributes-provided name : `data/scene_datasets/habitat-test-scenes/skokloster-castle.scn` nor constructed filename : `data/scene_datasets/habitat-test-scenes/info_semantic.json` exist on disk.
[17:41:36:880169]:[Error]:[Scene] SemanticScene.cpp(139)::loadSemanticSceneDescriptor : SSD Load Failure! File with SemanticAttributes-provided name `data/scene_datasets/habitat-test-scenes/skokloster-castle.scn` exists but failed to load.
[17:41:37:486666]:[Warning]:[Sim] Simulator.cpp(595)::instanceStageForSceneAttributes : The active scene does not contain semantic annotations : activeSemanticSceneID_ = 0
2026-08-11 17:41:37,563 update: 2690	fps: 489.981	
2026-08-11 17:41:37,563 Num updates: 2690	Num frames 430400
2026-08-11 17:41:37,563 Average window size: 50  distance_to_goal: 0.283  distance_to_goal_reward: 0.000  reward: 4.926  spl: 0.692  success: 0.882
2026-08-11 17:41:37,563 	Perf Stats: trainer.rollout_collect: 0.289 trainer.sample_action: 0.003 trainer.obs_insert: 0.000 trainer.step_env: 0.005 trainer.update_stats: 0.001 trainer.update_agent: 0.035
2026-08-11 17:41:40,722 update: 2700	fps: 490.041	
2026-08-11 17:41:40,730 Num updates: 2700	Num frames 432000
2026-08-11 17:41:40,730 Average window size: 50  distance_to_goal: 0.274  distance_to_goal_reward: 0.000  reward: 4.993  spl: 0.695  success: 0.860
2026-08-11 17:41:40,730 	Perf Stats: trainer.rollout_collect: 0.288 trainer.sample_action: 0.003 trainer.obs_insert: 0.000 trainer.step_env: 0.005 trainer.update_stats: 0.001 trainer.update_agent: 0.035
2026-08-11 17:41:43,816 update: 2710	fps: 490.135	
2026-08-11 17:41:43,816 Num updates: 2710	Num frames 433600
2026-08-11 17:41:43,816 Average window size: 50  distance_to_goal: 0.380  distance_to_goal_reward: 0.000  reward: 5.105  spl: 0.704  success: 0.849
2026-08-11 17:41:43,816 	Perf Stats: trainer.rollout_collect: 0.288 trainer.sample_action: 0.003 trainer.obs_insert: 0.000 trainer.step_env: 0.005 trainer.update_stats: 0.001 trainer.update_agent: 0.035
2026-08-11 17:41:46,903 update: 2720	fps: 490.233	
2026-08-11 17:41:46,903 Num updates: 2720	Num frames 435200
2026-08-11 17:41:46,903 Average window size: 50  distance_to_goal: 0.378  distance_to_goal_reward: -0.000  reward: 5.100  spl: 0.698  success: 0.827
2026-08-11 17:41:46,903 	Perf Stats: trainer.rollout_collect: 0.288 trainer.sample_action: 0.003 trainer.obs_insert: 0.000 trainer.step_env: 0.005 trainer.update_stats: 0.001 trainer.update_agent: 0.035
2026-08-11 17:41:49,982 update: 2730	fps: 490.335	
2026-08-11 17:41:49,982 Num updates: 2730	Num frames 436800
2026-08-11 17:41:49,982 Average window size: 50  distance_to_goal: 0.543  distance_to_goal_reward: -0.000  reward: 5.275  spl: 0.714  success: 0.840
2026-08-11 17:41:49,982 	Perf Stats: trainer.rollout_collect: 0.288 trainer.sample_action: 0.003 trainer.obs_insert: 0.000 trainer.step_env: 0.005 trainer.update_stats: 0.001 trainer.update_agent: 0.035
2026-08-11 17:41:53,086 update: 2740	fps: 490.422	
2026-08-11 17:41:53,086 Num updates: 2740	Num frames 438400
2026-08-11 17:41:53,086 Average window size: 50  distance_to_goal: 0.424  distance_to_goal_reward: -0.001  reward: 5.466  spl: 0.737  success: 0.866
2026-08-11 17:41:53,086 	Perf Stats: trainer.rollout_collect: 0.288 trainer.sample_action: 0.003 trainer.obs_insert: 0.000 trainer.step_env: 0.005 trainer.update_stats: 0.001 trainer.update_agent: 0.035
PluginManager::Manager: duplicate static plugin StbImageImporter, ignoring
PluginManager::Manager: duplicate static plugin GltfImporter, ignoring
PluginManager::Manager: duplicate static plugin BasisImporter, ignoring
PluginManager::Manager: duplicate static plugin AssimpImporter, ignoring
PluginManager::Manager: duplicate static plugin AnySceneImporter, ignoring
PluginManager::Manager: duplicate static plugin AnyImageImporter, ignoring
Renderer: NVIDIA GeForce RTX 4070/PCIe/SSE2 by NVIDIA Corporation
OpenGL version: 4.6.0 NVIDIA 580.173.02
Using optional features:
    GL_ARB_vertex_array_object
    GL_ARB_separate_shader_objects
    GL_ARB_robustness
    GL_ARB_texture_storage
    GL_ARB_texture_view
    GL_ARB_framebuffer_no_attachments
    GL_ARB_invalidate_subdata
    GL_ARB_texture_storage_multisample
    GL_ARB_multi_bind
    GL_ARB_direct_state_access
    GL_ARB_get_texture_sub_image
    GL_ARB_texture_filter_anisotropic
    GL_KHR_debug
    GL_KHR_parallel_shader_compile
    GL_NV_depth_buffer_float
Using driver workarounds:
    no-forward-compatible-core-context
    nv-egl-incorrect-gl11-function-pointers
    no-layout-qualifiers-on-old-glsl
    nv-zero-context-profile-mask
    nv-implementation-color-read-format-dsa-broken
    nv-cubemap-inconsistent-compressed-image-size
    nv-cubemap-broken-full-compressed-image-query
    nv-compressed-block-size-in-bits
[17:41:54:206271]:[Warning]:[Scene] SemanticScene.h(331)::checkFileExists : ::loadSemanticSceneDescriptor: File `data/scene_datasets/habitat-test-scenes/skokloster-castle.scn` does not exist.  Aborting load.
[17:41:54:206287]:[Warning]:[Scene] SemanticScene.cpp(123)::loadSemanticSceneDescriptor : SSD File Naming Issue! Neither SemanticAttributes-provided name : `data/scene_datasets/habitat-test-scenes/skokloster-castle.scn` nor constructed filename : `data/scene_datasets/habitat-test-scenes/info_semantic.json` exist on disk.
[17:41:54:206292]:[Error]:[Scene] SemanticScene.cpp(139)::loadSemanticSceneDescriptor : SSD Load Failure! File with SemanticAttributes-provided name `data/scene_datasets/habitat-test-scenes/skokloster-castle.scn` exists but failed to load.
[17:41:54:823175]:[Warning]:[Sim] Simulator.cpp(595)::instanceStageForSceneAttributes : The active scene does not contain semantic annotations : activeSemanticSceneID_ = 0
2026-08-11 17:41:56,848 update: 2750	fps: 490.149	
2026-08-11 17:41:56,848 Num updates: 2750	Num frames 440000
2026-08-11 17:41:56,848 Average window size: 50  distance_to_goal: 0.420  distance_to_goal_reward: -0.001  reward: 5.653  spl: 0.758  success: 0.898
2026-08-11 17:41:56,848 	Perf Stats: trainer.rollout_collect: 0.288 trainer.sample_action: 0.003 trainer.obs_insert: 0.000 trainer.step_env: 0.005 trainer.update_stats: 0.001 trainer.update_agent: 0.035
2026-08-11 17:41:59,945 update: 2760	fps: 490.240	
2026-08-11 17:41:59,945 Num updates: 2760	Num frames 441600
2026-08-11 17:41:59,945 Average window size: 50  distance_to_goal: 0.325  distance_to_goal_reward: -0.001  reward: 5.767  spl: 0.761  success: 0.909
2026-08-11 17:41:59,945 	Perf Stats: trainer.rollout_collect: 0.288 trainer.sample_action: 0.003 trainer.obs_insert: 0.000 trainer.step_env: 0.005 trainer.update_stats: 0.001 trainer.update_agent: 0.035
2026-08-11 17:42:03,061 update: 2770	fps: 490.320	
2026-08-11 17:42:03,061 Num updates: 2770	Num frames 443200
2026-08-11 17:42:03,061 Average window size: 50  distance_to_goal: 0.433  distance_to_goal_reward: 0.000  reward: 6.093  spl: 0.763  success: 0.928
2026-08-11 17:42:03,061 	Perf Stats: trainer.rollout_collect: 0.288 trainer.sample_action: 0.003 trainer.obs_insert: 0.000 trainer.step_env: 0.005 trainer.update_stats: 0.001 trainer.update_agent: 0.035
2026-08-11 17:42:06,174 update: 2780	fps: 490.402	
2026-08-11 17:42:06,174 Num updates: 2780	Num frames 444800
2026-08-11 17:42:06,174 Average window size: 50  distance_to_goal: 0.474  distance_to_goal_reward: 0.000  reward: 6.225  spl: 0.756  success: 0.911
2026-08-11 17:42:06,174 	Perf Stats: trainer.rollout_collect: 0.288 trainer.sample_action: 0.003 trainer.obs_insert: 0.000 trainer.step_env: 0.005 trainer.update_stats: 0.001 trainer.update_agent: 0.035
2026-08-11 17:42:09,284 update: 2790	fps: 490.484	
2026-08-11 17:42:09,284 Num updates: 2790	Num frames 446400
2026-08-11 17:42:09,284 Average window size: 50  distance_to_goal: 0.737  distance_to_goal_reward: 0.001  reward: 6.141  spl: 0.733  success: 0.905
2026-08-11 17:42:09,284 	Perf Stats: trainer.rollout_collect: 0.288 trainer.sample_action: 0.003 trainer.obs_insert: 0.000 trainer.step_env: 0.005 trainer.update_stats: 0.001 trainer.update_agent: 0.035
2026-08-11 17:42:12,523 update: 2800	fps: 490.496	
2026-08-11 17:42:12,523 Num updates: 2800	Num frames 448000
2026-08-11 17:42:12,523 Average window size: 50  distance_to_goal: 0.792  distance_to_goal_reward: 0.001  reward: 6.259  spl: 0.713  success: 0.905
2026-08-11 17:42:12,523 	Perf Stats: trainer.rollout_collect: 0.288 trainer.sample_action: 0.003 trainer.obs_insert: 0.000 trainer.step_env: 0.005 trainer.update_stats: 0.001 trainer.update_agent: 0.035
2026-08-11 17:42:15,645 update: 2810	fps: 490.571	
2026-08-11 17:42:15,645 Num updates: 2810	Num frames 449600
2026-08-11 17:42:15,645 Average window size: 50  distance_to_goal: 0.689  distance_to_goal_reward: 0.000  reward: 6.604  spl: 0.710  success: 0.897
2026-08-11 17:42:15,645 	Perf Stats: trainer.rollout_collect: 0.288 trainer.sample_action: 0.003 trainer.obs_insert: 0.000 trainer.step_env: 0.005 trainer.update_stats: 0.001 trainer.update_agent: 0.035
PluginManager::Manager: duplicate static plugin StbImageImporter, ignoring
PluginManager::Manager: duplicate static plugin GltfImporter, ignoring
PluginManager::Manager: duplicate static plugin BasisImporter, ignoring
PluginManager::Manager: duplicate static plugin AssimpImporter, ignoring
PluginManager::Manager: duplicate static plugin AnySceneImporter, ignoring
PluginManager::Manager: duplicate static plugin AnyImageImporter, ignoring
Renderer: NVIDIA GeForce RTX 4070/PCIe/SSE2 by NVIDIA Corporation
OpenGL version: 4.6.0 NVIDIA 580.173.02
Using optional features:
    GL_ARB_vertex_array_object
    GL_ARB_separate_shader_objects
    GL_ARB_robustness
    GL_ARB_texture_storage
    GL_ARB_texture_view
    GL_ARB_framebuffer_no_attachments
    GL_ARB_invalidate_subdata
    GL_ARB_texture_storage_multisample
    GL_ARB_multi_bind
    GL_ARB_direct_state_access
    GL_ARB_get_texture_sub_image
    GL_ARB_texture_filter_anisotropic
    GL_KHR_debug
    GL_KHR_parallel_shader_compile
    GL_NV_depth_buffer_float
Using driver workarounds:
    no-forward-compatible-core-context
    nv-egl-incorrect-gl11-function-pointers
    no-layout-qualifiers-on-old-glsl
    nv-zero-context-profile-mask
    nv-implementation-color-read-format-dsa-broken
    nv-cubemap-inconsistent-compressed-image-size
    nv-cubemap-broken-full-compressed-image-query
    nv-compressed-block-size-in-bits
[17:42:18:218293]:[Warning]:[Scene] SemanticScene.h(331)::checkFileExists : ::loadSemanticSceneDescriptor: File `data/scene_datasets/habitat-test-scenes/skokloster-castle.scn` does not exist.  Aborting load.
[17:42:18:218309]:[Warning]:[Scene] SemanticScene.cpp(123)::loadSemanticSceneDescriptor : SSD File Naming Issue! Neither SemanticAttributes-provided name : `data/scene_datasets/habitat-test-scenes/skokloster-castle.scn` nor constructed filename : `data/scene_datasets/habitat-test-scenes/info_semantic.json` exist on disk.
[17:42:18:218314]:[Error]:[Scene] SemanticScene.cpp(139)::loadSemanticSceneDescriptor : SSD Load Failure! File with SemanticAttributes-provided name `data/scene_datasets/habitat-test-scenes/skokloster-castle.scn` exists but failed to load.
[17:42:18:838971]:[Warning]:[Sim] Simulator.cpp(595)::instanceStageForSceneAttributes : The active scene does not contain semantic annotations : activeSemanticSceneID_ = 0
2026-08-11 17:42:19,422 update: 2820	fps: 490.296	
2026-08-11 17:42:19,422 Num updates: 2820	Num frames 451200
2026-08-11 17:42:19,422 Average window size: 50  distance_to_goal: 0.537  distance_to_goal_reward: 0.000  reward: 6.591  spl: 0.707  success: 0.882
2026-08-11 17:42:19,422 	Perf Stats: trainer.rollout_collect: 0.288 trainer.sample_action: 0.003 trainer.obs_insert: 0.000 trainer.step_env: 0.005 trainer.update_stats: 0.001 trainer.update_agent: 0.035
2026-08-11 17:42:22,582 update: 2830	fps: 490.351	
2026-08-11 17:42:22,583 Num updates: 2830	Num frames 452800
2026-08-11 17:42:22,583 Average window size: 50  distance_to_goal: 0.313  distance_to_goal_reward: 0.000  reward: 6.841  spl: 0.712  success: 0.910
2026-08-11 17:42:22,583 	Perf Stats: trainer.rollout_collect: 0.288 trainer.sample_action: 0.003 trainer.obs_insert: 0.000 trainer.step_env: 0.005 trainer.update_stats: 0.001 trainer.update_agent: 0.035
2026-08-11 17:42:25,742 update: 2840	fps: 490.405	
2026-08-11 17:42:25,742 Num updates: 2840	Num frames 454400
2026-08-11 17:42:25,743 Average window size: 50  distance_to_goal: 0.544  distance_to_goal_reward: 0.002  reward: 6.608  spl: 0.687  success: 0.871
2026-08-11 17:42:25,743 	Perf Stats: trainer.rollout_collect: 0.288 trainer.sample_action: 0.003 trainer.obs_insert: 0.000 trainer.step_env: 0.005 trainer.update_stats: 0.001 trainer.update_agent: 0.035
PluginManager::Manager: duplicate static plugin StbImageImporter, ignoring
PluginManager::Manager: duplicate static plugin GltfImporter, ignoring
PluginManager::Manager: duplicate static plugin BasisImporter, ignoring
PluginManager::Manager: duplicate static plugin AssimpImporter, ignoring
PluginManager::Manager: duplicate static plugin AnySceneImporter, ignoring
PluginManager::Manager: duplicate static plugin AnyImageImporter, ignoring
Renderer: NVIDIA GeForce RTX 4070/PCIe/SSE2 by NVIDIA Corporation
OpenGL version: 4.6.0 NVIDIA 580.173.02
Using optional features:
    GL_ARB_vertex_array_object
    GL_ARB_separate_shader_objects
    GL_ARB_robustness
    GL_ARB_texture_storage
    GL_ARB_texture_view
    GL_ARB_framebuffer_no_attachments
    GL_ARB_invalidate_subdata
    GL_ARB_texture_storage_multisample
    GL_ARB_multi_bind
    GL_ARB_direct_state_access
    GL_ARB_get_texture_sub_image
    GL_ARB_texture_filter_anisotropic
    GL_KHR_debug
    GL_KHR_parallel_shader_compile
    GL_NV_depth_buffer_float
Using driver workarounds:
    no-forward-compatible-core-context
    nv-egl-incorrect-gl11-function-pointers
    no-layout-qualifiers-on-old-glsl
    nv-zero-context-profile-mask
    nv-implementation-color-read-format-dsa-broken
    nv-cubemap-inconsistent-compressed-image-size
    nv-cubemap-broken-full-compressed-image-query
    nv-compressed-block-size-in-bits
[17:42:26:094239]:[Warning]:[Scene] SemanticScene.h(331)::checkFileExists : ::loadSemanticSceneDescriptor: File `data/scene_datasets/habitat-test-scenes/van-gogh-room.scn` does not exist.  Aborting load.
[17:42:26:094255]:[Warning]:[Scene] SemanticScene.cpp(123)::loadSemanticSceneDescriptor : SSD File Naming Issue! Neither SemanticAttributes-provided name : `data/scene_datasets/habitat-test-scenes/van-gogh-room.scn` nor constructed filename : `data/scene_datasets/habitat-test-scenes/info_semantic.json` exist on disk.
[17:42:26:094260]:[Error]:[Scene] SemanticScene.cpp(139)::loadSemanticSceneDescriptor : SSD Load Failure! File with SemanticAttributes-provided name `data/scene_datasets/habitat-test-scenes/van-gogh-room.scn` exists but failed to load.
[17:42:26:530769]:[Warning]:[Sim] Simulator.cpp(595)::instanceStageForSceneAttributes : The active scene does not contain semantic annotations : activeSemanticSceneID_ = 0
2026-08-11 17:42:29,319 update: 2850	fps: 490.239	
2026-08-11 17:42:29,320 Num updates: 2850	Num frames 456000
2026-08-11 17:42:29,320 Average window size: 50  distance_to_goal: 0.735  distance_to_goal_reward: 0.002  reward: 6.259  spl: 0.686  success: 0.849
2026-08-11 17:42:29,320 	Perf Stats: trainer.rollout_collect: 0.288 trainer.sample_action: 0.003 trainer.obs_insert: 0.000 trainer.step_env: 0.005 trainer.update_stats: 0.001 trainer.update_agent: 0.035
2026-08-11 17:42:32,451 update: 2860	fps: 490.309	
2026-08-11 17:42:32,451 Num updates: 2860	Num frames 457600
2026-08-11 17:42:32,451 Average window size: 50  distance_to_goal: 0.945  distance_to_goal_reward: 0.000  reward: 5.718  spl: 0.715  success: 0.857
2026-08-11 17:42:32,451 	Perf Stats: trainer.rollout_collect: 0.288 trainer.sample_action: 0.003 trainer.obs_insert: 0.000 trainer.step_env: 0.005 trainer.update_stats: 0.001 trainer.update_agent: 0.035
2026-08-11 17:42:35,567 update: 2870	fps: 490.386	
2026-08-11 17:42:35,567 Num updates: 2870	Num frames 459200
2026-08-11 17:42:35,567 Average window size: 50  distance_to_goal: 1.235  distance_to_goal_reward: 0.000  reward: 5.007  spl: 0.724  success: 0.855
2026-08-11 17:42:35,567 	Perf Stats: trainer.rollout_collect: 0.288 trainer.sample_action: 0.003 trainer.obs_insert: 0.000 trainer.step_env: 0.005 trainer.update_stats: 0.001 trainer.update_agent: 0.035
2026-08-11 17:42:38,700 update: 2880	fps: 490.454	
2026-08-11 17:42:38,700 Num updates: 2880	Num frames 460800
2026-08-11 17:42:38,700 Average window size: 50  distance_to_goal: 1.151  distance_to_goal_reward: 0.000  reward: 5.215  spl: 0.731  success: 0.849
2026-08-11 17:42:38,700 	Perf Stats: trainer.rollout_collect: 0.288 trainer.sample_action: 0.003 trainer.obs_insert: 0.000 trainer.step_env: 0.005 trainer.update_stats: 0.001 trainer.update_agent: 0.035
2026-08-11 17:42:41,822 update: 2890	fps: 490.527	
2026-08-11 17:42:41,822 Num updates: 2890	Num frames 462400
2026-08-11 17:42:41,822 Average window size: 50  distance_to_goal: 0.805  distance_to_goal_reward: -0.001  reward: 5.553  spl: 0.768  success: 0.881
2026-08-11 17:42:41,822 	Perf Stats: trainer.rollout_collect: 0.288 trainer.sample_action: 0.003 trainer.obs_insert: 0.000 trainer.step_env: 0.005 trainer.update_stats: 0.001 trainer.update_agent: 0.035
2026-08-11 17:42:45,047 update: 2900	fps: 490.546	
2026-08-11 17:42:45,047 Num updates: 2900	Num frames 464000
2026-08-11 17:42:45,047 Average window size: 50  distance_to_goal: 0.551  distance_to_goal_reward: 0.000  reward: 5.662  spl: 0.788  success: 0.900
2026-08-11 17:42:45,047 	Perf Stats: trainer.rollout_collect: 0.288 trainer.sample_action: 0.003 trainer.obs_insert: 0.000 trainer.step_env: 0.005 trainer.update_stats: 0.001 trainer.update_agent: 0.035
2026-08-11 17:42:48,169 update: 2910	fps: 490.618	
2026-08-11 17:42:48,169 Num updates: 2910	Num frames 465600
2026-08-11 17:42:48,169 Average window size: 50  distance_to_goal: 0.679  distance_to_goal_reward: 0.000  reward: 5.706  spl: 0.789  success: 0.900
2026-08-11 17:42:48,169 	Perf Stats: trainer.rollout_collect: 0.288 trainer.sample_action: 0.003 trainer.obs_insert: 0.000 trainer.step_env: 0.005 trainer.update_stats: 0.001 trainer.update_agent: 0.035
PluginManager::Manager: duplicate static plugin StbImageImporter, ignoring
PluginManager::Manager: duplicate static plugin GltfImporter, ignoring
PluginManager::Manager: duplicate static plugin BasisImporter, ignoring
PluginManager::Manager: duplicate static plugin AssimpImporter, ignoring
PluginManager::Manager: duplicate static plugin AnySceneImporter, ignoring
PluginManager::Manager: duplicate static plugin AnyImageImporter, ignoring
Renderer: NVIDIA GeForce RTX 4070/PCIe/SSE2 by NVIDIA Corporation
OpenGL version: 4.6.0 NVIDIA 580.173.02
Using optional features:
    GL_ARB_vertex_array_object
    GL_ARB_separate_shader_objects
    GL_ARB_robustness
    GL_ARB_texture_storage
    GL_ARB_texture_view
    GL_ARB_framebuffer_no_attachments
    GL_ARB_invalidate_subdata
    GL_ARB_texture_storage_multisample
    GL_ARB_multi_bind
    GL_ARB_direct_state_access
    GL_ARB_get_texture_sub_image
    GL_ARB_texture_filter_anisotropic
    GL_KHR_debug
    GL_KHR_parallel_shader_compile
    GL_NV_depth_buffer_float
Using driver workarounds:
    no-forward-compatible-core-context
    nv-egl-incorrect-gl11-function-pointers
    no-layout-qualifiers-on-old-glsl
    nv-zero-context-profile-mask
    nv-implementation-color-read-format-dsa-broken
    nv-cubemap-inconsistent-compressed-image-size
    nv-cubemap-broken-full-compressed-image-query
    nv-compressed-block-size-in-bits
[17:42:49:153994]:[Warning]:[Scene] SemanticScene.h(331)::checkFileExists : ::loadSemanticSceneDescriptor: File `data/scene_datasets/habitat-test-scenes/skokloster-castle.scn` does not exist.  Aborting load.
[17:42:49:154010]:[Warning]:[Scene] SemanticScene.cpp(123)::loadSemanticSceneDescriptor : SSD File Naming Issue! Neither SemanticAttributes-provided name : `data/scene_datasets/habitat-test-scenes/skokloster-castle.scn` nor constructed filename : `data/scene_datasets/habitat-test-scenes/info_semantic.json` exist on disk.
[17:42:49:154015]:[Error]:[Scene] SemanticScene.cpp(139)::loadSemanticSceneDescriptor : SSD Load Failure! File with SemanticAttributes-provided name `data/scene_datasets/habitat-test-scenes/skokloster-castle.scn` exists but failed to load.
[17:42:49:758663]:[Warning]:[Sim] Simulator.cpp(595)::instanceStageForSceneAttributes : The active scene does not contain semantic annotations : activeSemanticSceneID_ = 0
2026-08-11 17:42:51,916 update: 2920	fps: 490.368	
2026-08-11 17:42:51,916 Num updates: 2920	Num frames 467200
2026-08-11 17:42:51,916 Average window size: 50  distance_to_goal: 0.677  distance_to_goal_reward: 0.000  reward: 5.918  spl: 0.762  success: 0.872
2026-08-11 17:42:51,916 	Perf Stats: trainer.rollout_collect: 0.288 trainer.sample_action: 0.003 trainer.obs_insert: 0.000 trainer.step_env: 0.005 trainer.update_stats: 0.001 trainer.update_agent: 0.035
2026-08-11 17:42:55,098 update: 2930	fps: 490.409	
2026-08-11 17:42:55,098 Num updates: 2930	Num frames 468800
2026-08-11 17:42:55,098 Average window size: 50  distance_to_goal: 0.675  distance_to_goal_reward: 0.000  reward: 6.571  spl: 0.757  success: 0.875
2026-08-11 17:42:55,098 	Perf Stats: trainer.rollout_collect: 0.288 trainer.sample_action: 0.003 trainer.obs_insert: 0.000 trainer.step_env: 0.005 trainer.update_stats: 0.001 trainer.update_agent: 0.035
2026-08-11 17:42:58,292 update: 2940	fps: 490.444	
2026-08-11 17:42:58,292 Num updates: 2940	Num frames 470400
2026-08-11 17:42:58,292 Average window size: 50  distance_to_goal: 0.675  distance_to_goal_reward: 0.000  reward: 7.277  spl: 0.704  success: 0.831
2026-08-11 17:42:58,292 	Perf Stats: trainer.rollout_collect: 0.288 trainer.sample_action: 0.003 trainer.obs_insert: 0.000 trainer.step_env: 0.005 trainer.update_stats: 0.001 trainer.update_agent: 0.035
2026-08-11 17:43:01,462 update: 2950	fps: 490.491	
2026-08-11 17:43:01,462 Num updates: 2950	Num frames 472000
2026-08-11 17:43:01,462 Average window size: 50  distance_to_goal: 0.900  distance_to_goal_reward: 0.001  reward: 7.581  spl: 0.648  success: 0.787
2026-08-11 17:43:01,462 	Perf Stats: trainer.rollout_collect: 0.288 trainer.sample_action: 0.003 trainer.obs_insert: 0.000 trainer.step_env: 0.005 trainer.update_stats: 0.001 trainer.update_agent: 0.035
2026-08-11 17:43:04,616 update: 2960	fps: 490.546	
2026-08-11 17:43:04,616 Num updates: 2960	Num frames 473600
2026-08-11 17:43:04,616 Average window size: 50  distance_to_goal: 1.132  distance_to_goal_reward: 0.001  reward: 7.374  spl: 0.560  success: 0.685
2026-08-11 17:43:04,616 	Perf Stats: trainer.rollout_collect: 0.288 trainer.sample_action: 0.003 trainer.obs_insert: 0.000 trainer.step_env: 0.005 trainer.update_stats: 0.001 trainer.update_agent: 0.035
2026-08-11 17:43:07,792 update: 2970	fps: 490.590	
2026-08-11 17:43:07,792 Num updates: 2970	Num frames 475200
2026-08-11 17:43:07,792 Average window size: 50  distance_to_goal: 1.298  distance_to_goal_reward: 0.000  reward: 7.190  spl: 0.604  success: 0.726
2026-08-11 17:43:07,792 	Perf Stats: trainer.rollout_collect: 0.288 trainer.sample_action: 0.003 trainer.obs_insert: 0.000 trainer.step_env: 0.005 trainer.update_stats: 0.001 trainer.update_agent: 0.035
2026-08-11 17:43:10,971 update: 2980	fps: 490.631	
2026-08-11 17:43:10,971 Num updates: 2980	Num frames 476800
2026-08-11 17:43:10,971 Average window size: 50  distance_to_goal: 1.154  distance_to_goal_reward: 0.000  reward: 7.131  spl: 0.599  success: 0.732
2026-08-11 17:43:10,971 	Perf Stats: trainer.rollout_collect: 0.288 trainer.sample_action: 0.003 trainer.obs_insert: 0.000 trainer.step_env: 0.005 trainer.update_stats: 0.001 trainer.update_agent: 0.035
PluginManager::Manager: duplicate static plugin StbImageImporter, ignoring
PluginManager::Manager: duplicate static plugin GltfImporter, ignoring
PluginManager::Manager: duplicate static plugin BasisImporter, ignoring
PluginManager::Manager: duplicate static plugin AssimpImporter, ignoring
PluginManager::Manager: duplicate static plugin AnySceneImporter, ignoring
PluginManager::Manager: duplicate static plugin AnyImageImporter, ignoring
Renderer: NVIDIA GeForce RTX 4070/PCIe/SSE2 by NVIDIA Corporation
OpenGL version: 4.6.0 NVIDIA 580.173.02
Using optional features:
    GL_ARB_vertex_array_object
    GL_ARB_separate_shader_objects
    GL_ARB_robustness
    GL_ARB_texture_storage
    GL_ARB_texture_view
    GL_ARB_framebuffer_no_attachments
    GL_ARB_invalidate_subdata
    GL_ARB_texture_storage_multisample
    GL_ARB_multi_bind
    GL_ARB_direct_state_access
    GL_ARB_get_texture_sub_image
    GL_ARB_texture_filter_anisotropic
    GL_KHR_debug
    GL_KHR_parallel_shader_compile
    GL_NV_depth_buffer_float
Using driver workarounds:
    no-forward-compatible-core-context
    nv-egl-incorrect-gl11-function-pointers
    no-layout-qualifiers-on-old-glsl
    nv-zero-context-profile-mask
    nv-implementation-color-read-format-dsa-broken
    nv-cubemap-inconsistent-compressed-image-size
    nv-cubemap-broken-full-compressed-image-query
    nv-compressed-block-size-in-bits
[17:43:12:970970]:[Warning]:[Scene] SemanticScene.h(331)::checkFileExists : ::loadSemanticSceneDescriptor: File `data/scene_datasets/habitat-test-scenes/van-gogh-room.scn` does not exist.  Aborting load.
[17:43:12:970986]:[Warning]:[Scene] SemanticScene.cpp(123)::loadSemanticSceneDescriptor : SSD File Naming Issue! Neither SemanticAttributes-provided name : `data/scene_datasets/habitat-test-scenes/van-gogh-room.scn` nor constructed filename : `data/scene_datasets/habitat-test-scenes/info_semantic.json` exist on disk.
[17:43:12:970991]:[Error]:[Scene] SemanticScene.cpp(139)::loadSemanticSceneDescriptor : SSD Load Failure! File with SemanticAttributes-provided name `data/scene_datasets/habitat-test-scenes/van-gogh-room.scn` exists but failed to load.
[17:43:13:400461]:[Warning]:[Sim] Simulator.cpp(595)::instanceStageForSceneAttributes : The active scene does not contain semantic annotations : activeSemanticSceneID_ = 0
2026-08-11 17:43:14,555 update: 2990	fps: 490.469	
2026-08-11 17:43:14,555 Num updates: 2990	Num frames 478400
2026-08-11 17:43:14,555 Average window size: 50  distance_to_goal: 1.161  distance_to_goal_reward: 0.000  reward: 6.760  spl: 0.619  success: 0.771
2026-08-11 17:43:14,556 	Perf Stats: trainer.rollout_collect: 0.288 trainer.sample_action: 0.003 trainer.obs_insert: 0.000 trainer.step_env: 0.005 trainer.update_stats: 0.001 trainer.update_agent: 0.035
2026-08-11 17:43:17,768 update: 3000	fps: 490.494	
2026-08-11 17:43:17,768 Num updates: 3000	Num frames 480000
2026-08-11 17:43:17,768 Average window size: 50  distance_to_goal: 0.807  distance_to_goal_reward: -0.000  reward: 7.039  spl: 0.645  success: 0.803
2026-08-11 17:43:17,768 	Perf Stats: trainer.rollout_collect: 0.288 trainer.sample_action: 0.003 trainer.obs_insert: 0.000 trainer.step_env: 0.005 trainer.update_stats: 0.001 trainer.update_agent: 0.035
2026-08-11 17:43:20,881 update: 3010	fps: 490.568	
2026-08-11 17:43:20,881 Num updates: 3010	Num frames 481600
2026-08-11 17:43:20,881 Average window size: 50  distance_to_goal: 0.596  distance_to_goal_reward: -0.000  reward: 7.086  spl: 0.669  success: 0.826
2026-08-11 17:43:20,881 	Perf Stats: trainer.rollout_collect: 0.288 trainer.sample_action: 0.003 trainer.obs_insert: 0.000 trainer.step_env: 0.005 trainer.update_stats: 0.001 trainer.update_agent: 0.035
2026-08-11 17:43:23,963 update: 3020	fps: 490.657	
2026-08-11 17:43:23,964 Num updates: 3020	Num frames 483200
2026-08-11 17:43:23,964 Average window size: 50  distance_to_goal: 0.400  distance_to_goal_reward: 0.000  reward: 7.181  spl: 0.679  success: 0.839
2026-08-11 17:43:23,964 	Perf Stats: trainer.rollout_collect: 0.288 trainer.sample_action: 0.003 trainer.obs_insert: 0.000 trainer.step_env: 0.005 trainer.update_stats: 0.001 trainer.update_agent: 0.035
PluginManager::Manager: duplicate static plugin StbImageImporter, ignoring
PluginManager::Manager: duplicate static plugin GltfImporter, ignoring
PluginManager::Manager: duplicate static plugin BasisImporter, ignoring
PluginManager::Manager: duplicate static plugin AssimpImporter, ignoring
PluginManager::Manager: duplicate static plugin AnySceneImporter, ignoring
PluginManager::Manager: duplicate static plugin AnyImageImporter, ignoring
Renderer: NVIDIA GeForce RTX 4070/PCIe/SSE2 by NVIDIA Corporation
OpenGL version: 4.6.0 NVIDIA 580.173.02
Using optional features:
    GL_ARB_vertex_array_object
    GL_ARB_separate_shader_objects
    GL_ARB_robustness
    GL_ARB_texture_storage
    GL_ARB_texture_view
    GL_ARB_framebuffer_no_attachments
    GL_ARB_invalidate_subdata
    GL_ARB_texture_storage_multisample
    GL_ARB_multi_bind
    GL_ARB_direct_state_access
    GL_ARB_get_texture_sub_image
    GL_ARB_texture_filter_anisotropic
    GL_KHR_debug
    GL_KHR_parallel_shader_compile
    GL_NV_depth_buffer_float
Using driver workarounds:
    no-forward-compatible-core-context
    nv-egl-incorrect-gl11-function-pointers
    no-layout-qualifiers-on-old-glsl
    nv-zero-context-profile-mask
    nv-implementation-color-read-format-dsa-broken
    nv-cubemap-inconsistent-compressed-image-size
    nv-cubemap-broken-full-compressed-image-query
    nv-compressed-block-size-in-bits
[17:43:24:983208]:[Warning]:[Scene] SemanticScene.h(331)::checkFileExists : ::loadSemanticSceneDescriptor: File `data/scene_datasets/habitat-test-scenes/van-gogh-room.scn` does not exist.  Aborting load.
[17:43:24:983224]:[Warning]:[Scene] SemanticScene.cpp(123)::loadSemanticSceneDescriptor : SSD File Naming Issue! Neither SemanticAttributes-provided name : `data/scene_datasets/habitat-test-scenes/van-gogh-room.scn` nor constructed filename : `data/scene_datasets/habitat-test-scenes/info_semantic.json` exist on disk.
[17:43:24:983229]:[Error]:[Scene] SemanticScene.cpp(139)::loadSemanticSceneDescriptor : SSD Load Failure! File with SemanticAttributes-provided name `data/scene_datasets/habitat-test-scenes/van-gogh-room.scn` exists but failed to load.
[17:43:25:457406]:[Warning]:[Sim] Simulator.cpp(595)::instanceStageForSceneAttributes : The active scene does not contain semantic annotations : activeSemanticSceneID_ = 0
2026-08-11 17:43:27,546 update: 3030	fps: 490.497	
2026-08-11 17:43:27,546 Num updates: 3030	Num frames 484800
2026-08-11 17:43:27,546 Average window size: 50  distance_to_goal: 0.376  distance_to_goal_reward: 0.000  reward: 7.019  spl: 0.705  success: 0.862
2026-08-11 17:43:27,546 	Perf Stats: trainer.rollout_collect: 0.288 trainer.sample_action: 0.003 trainer.obs_insert: 0.000 trainer.step_env: 0.005 trainer.update_stats: 0.001 trainer.update_agent: 0.035
2026-08-11 17:43:30,614 update: 3040	fps: 490.593	
2026-08-11 17:43:30,614 Num updates: 3040	Num frames 486400
2026-08-11 17:43:30,614 Average window size: 50  distance_to_goal: 0.352  distance_to_goal_reward: 0.000  reward: 6.483  spl: 0.724  success: 0.867
2026-08-11 17:43:30,614 	Perf Stats: trainer.rollout_collect: 0.288 trainer.sample_action: 0.003 trainer.obs_insert: 0.000 trainer.step_env: 0.005 trainer.update_stats: 0.001 trainer.update_agent: 0.035
2026-08-11 17:43:33,664 update: 3050	fps: 490.698	
2026-08-11 17:43:33,664 Num updates: 3050	Num frames 488000
2026-08-11 17:43:33,664 Average window size: 50  distance_to_goal: 0.375  distance_to_goal_reward: 0.001  reward: 6.280  spl: 0.716  success: 0.861
2026-08-11 17:43:33,664 	Perf Stats: trainer.rollout_collect: 0.288 trainer.sample_action: 0.003 trainer.obs_insert: 0.000 trainer.step_env: 0.005 trainer.update_stats: 0.001 trainer.update_agent: 0.035
2026-08-11 17:43:36,716 update: 3060	fps: 490.800	
2026-08-11 17:43:36,717 Num updates: 3060	Num frames 489600
2026-08-11 17:43:36,717 Average window size: 50  distance_to_goal: 0.503  distance_to_goal_reward: 0.001  reward: 6.057  spl: 0.695  success: 0.865
2026-08-11 17:43:36,717 	Perf Stats: trainer.rollout_collect: 0.288 trainer.sample_action: 0.003 trainer.obs_insert: 0.000 trainer.step_env: 0.005 trainer.update_stats: 0.001 trainer.update_agent: 0.035
2026-08-11 17:43:39,760 update: 3070	fps: 490.906	
2026-08-11 17:43:39,760 Num updates: 3070	Num frames 491200
2026-08-11 17:43:39,760 Average window size: 50  distance_to_goal: 0.335  distance_to_goal_reward: 0.001  reward: 6.065  spl: 0.708  success: 0.906
2026-08-11 17:43:39,760 	Perf Stats: trainer.rollout_collect: 0.288 trainer.sample_action: 0.003 trainer.obs_insert: 0.000 trainer.step_env: 0.005 trainer.update_stats: 0.001 trainer.update_agent: 0.035
2026-08-11 17:43:42,827 update: 3080	fps: 491.000	
2026-08-11 17:43:42,828 Num updates: 3080	Num frames 492800
2026-08-11 17:43:42,828 Average window size: 50  distance_to_goal: 0.365  distance_to_goal_reward: 0.002  reward: 5.714  spl: 0.692  success: 0.898
2026-08-11 17:43:42,828 	Perf Stats: trainer.rollout_collect: 0.288 trainer.sample_action: 0.003 trainer.obs_insert: 0.000 trainer.step_env: 0.005 trainer.update_stats: 0.001 trainer.update_agent: 0.035
2026-08-11 17:43:45,874 update: 3090	fps: 491.103	
2026-08-11 17:43:45,875 Num updates: 3090	Num frames 494400
2026-08-11 17:43:45,875 Average window size: 50  distance_to_goal: 0.394  distance_to_goal_reward: 0.002  reward: 5.780  spl: 0.671  success: 0.898
2026-08-11 17:43:45,875 	Perf Stats: trainer.rollout_collect: 0.288 trainer.sample_action: 0.003 trainer.obs_insert: 0.000 trainer.step_env: 0.005 trainer.update_stats: 0.001 trainer.update_agent: 0.035
2026-08-11 17:43:49,046 update: 3100	fps: 491.146	
2026-08-11 17:43:49,046 Num updates: 3100	Num frames 496000
2026-08-11 17:43:49,046 Average window size: 50  distance_to_goal: 0.318  distance_to_goal_reward: 0.002  reward: 5.848  spl: 0.677  success: 0.901
2026-08-11 17:43:49,046 	Perf Stats: trainer.rollout_collect: 0.288 trainer.sample_action: 0.003 trainer.obs_insert: 0.000 trainer.step_env: 0.005 trainer.update_stats: 0.001 trainer.update_agent: 0.035
2026-08-11 17:43:52,118 update: 3110	fps: 491.236	
2026-08-11 17:43:52,118 Num updates: 3110	Num frames 497600
2026-08-11 17:43:52,118 Average window size: 50  distance_to_goal: 0.208  distance_to_goal_reward: 0.002  reward: 5.907  spl: 0.671  success: 0.874
2026-08-11 17:43:52,118 	Perf Stats: trainer.rollout_collect: 0.288 trainer.sample_action: 0.003 trainer.obs_insert: 0.000 trainer.step_env: 0.005 trainer.update_stats: 0.001 trainer.update_agent: 0.035
2026-08-11 17:43:55,171 update: 3120	fps: 491.334	
2026-08-11 17:43:55,171 Num updates: 3120	Num frames 499200
2026-08-11 17:43:55,171 Average window size: 50  distance_to_goal: 0.206  distance_to_goal_reward: 0.002  reward: 5.881  spl: 0.677  success: 0.875
2026-08-11 17:43:55,171 	Perf Stats: trainer.rollout_collect: 0.288 trainer.sample_action: 0.003 trainer.obs_insert: 0.000 trainer.step_env: 0.005 trainer.update_stats: 0.001 trainer.update_agent: 0.035
2026-08-11 17:43:58,287 update: 3130	fps: 491.402	
2026-08-11 17:43:58,287 Num updates: 3130	Num frames 500800
2026-08-11 17:43:58,287 Average window size: 50  distance_to_goal: 0.237  distance_to_goal_reward: 0.001  reward: 5.718  spl: 0.681  success: 0.880
2026-08-11 17:43:58,287 	Perf Stats: trainer.rollout_collect: 0.288 trainer.sample_action: 0.003 trainer.obs_insert: 0.000 trainer.step_env: 0.005 trainer.update_stats: 0.001 trainer.update_agent: 0.035
2026-08-11 17:44:01,338 update: 3140	fps: 491.501	
2026-08-11 17:44:01,338 Num updates: 3140	Num frames 502400
2026-08-11 17:44:01,338 Average window size: 50  distance_to_goal: 0.270  distance_to_goal_reward: 0.001  reward: 5.680  spl: 0.689  success: 0.888
2026-08-11 17:44:01,338 	Perf Stats: trainer.rollout_collect: 0.288 trainer.sample_action: 0.003 trainer.obs_insert: 0.000 trainer.step_env: 0.005 trainer.update_stats: 0.001 trainer.update_agent: 0.035
PluginManager::Manager: duplicate static plugin StbImageImporter, ignoring
PluginManager::Manager: duplicate static plugin GltfImporter, ignoring
PluginManager::Manager: duplicate static plugin BasisImporter, ignoring
PluginManager::Manager: duplicate static plugin AssimpImporter, ignoring
PluginManager::Manager: duplicate static plugin AnySceneImporter, ignoring
PluginManager::Manager: duplicate static plugin AnyImageImporter, ignoring
Renderer: NVIDIA GeForce RTX 4070/PCIe/SSE2 by NVIDIA Corporation
OpenGL version: 4.6.0 NVIDIA 580.173.02
Using optional features:
    GL_ARB_vertex_array_object
    GL_ARB_separate_shader_objects
    GL_ARB_robustness
    GL_ARB_texture_storage
    GL_ARB_texture_view
    GL_ARB_framebuffer_no_attachments
    GL_ARB_invalidate_subdata
    GL_ARB_texture_storage_multisample
    GL_ARB_multi_bind
    GL_ARB_direct_state_access
    GL_ARB_get_texture_sub_image
    GL_ARB_texture_filter_anisotropic
    GL_KHR_debug
    GL_KHR_parallel_shader_compile
    GL_NV_depth_buffer_float
Using driver workarounds:
    no-forward-compatible-core-context
    nv-egl-incorrect-gl11-function-pointers
    no-layout-qualifiers-on-old-glsl
    nv-zero-context-profile-mask
    nv-implementation-color-read-format-dsa-broken
    nv-cubemap-inconsistent-compressed-image-size
    nv-cubemap-broken-full-compressed-image-query
    nv-compressed-block-size-in-bits
[17:44:03:563739]:[Warning]:[Scene] SemanticScene.h(331)::checkFileExists : ::loadSemanticSceneDescriptor: File `data/scene_datasets/habitat-test-scenes/van-gogh-room.scn` does not exist.  Aborting load.
[17:44:03:563755]:[Warning]:[Scene] SemanticScene.cpp(123)::loadSemanticSceneDescriptor : SSD File Naming Issue! Neither SemanticAttributes-provided name : `data/scene_datasets/habitat-test-scenes/van-gogh-room.scn` nor constructed filename : `data/scene_datasets/habitat-test-scenes/info_semantic.json` exist on disk.
[17:44:03:563760]:[Error]:[Scene] SemanticScene.cpp(139)::loadSemanticSceneDescriptor : SSD Load Failure! File with SemanticAttributes-provided name `data/scene_datasets/habitat-test-scenes/van-gogh-room.scn` exists but failed to load.
[17:44:04:005232]:[Warning]:[Sim] Simulator.cpp(595)::instanceStageForSceneAttributes : The active scene does not contain semantic annotations : activeSemanticSceneID_ = 0
2026-08-11 17:44:04,848 update: 3150	fps: 491.378	
2026-08-11 17:44:04,849 Num updates: 3150	Num frames 504000
2026-08-11 17:44:04,849 Average window size: 50  distance_to_goal: 0.270  distance_to_goal_reward: 0.000  reward: 5.761  spl: 0.714  success: 0.920
2026-08-11 17:44:04,849 	Perf Stats: trainer.rollout_collect: 0.288 trainer.sample_action: 0.003 trainer.obs_insert: 0.000 trainer.step_env: 0.005 trainer.update_stats: 0.001 trainer.update_agent: 0.035
2026-08-11 17:44:07,900 update: 3160	fps: 491.476	
2026-08-11 17:44:07,900 Num updates: 3160	Num frames 505600
2026-08-11 17:44:07,900 Average window size: 50  distance_to_goal: 0.267  distance_to_goal_reward: 0.000  reward: 5.699  spl: 0.744  success: 0.953
2026-08-11 17:44:07,900 	Perf Stats: trainer.rollout_collect: 0.288 trainer.sample_action: 0.003 trainer.obs_insert: 0.000 trainer.step_env: 0.005 trainer.update_stats: 0.001 trainer.update_agent: 0.035
2026-08-11 17:44:10,924 update: 3170	fps: 491.586	
2026-08-11 17:44:10,924 Num updates: 3170	Num frames 507200
2026-08-11 17:44:10,924 Average window size: 50  distance_to_goal: 0.256  distance_to_goal_reward: 0.000  reward: 5.613  spl: 0.755  success: 0.955
2026-08-11 17:44:10,924 	Perf Stats: trainer.rollout_collect: 0.287 trainer.sample_action: 0.003 trainer.obs_insert: 0.000 trainer.step_env: 0.005 trainer.update_stats: 0.001 trainer.update_agent: 0.035
2026-08-11 17:44:13,976 update: 3180	fps: 491.682	
2026-08-11 17:44:13,976 Num updates: 3180	Num frames 508800
2026-08-11 17:44:13,977 Average window size: 50  distance_to_goal: 0.290  distance_to_goal_reward: 0.000  reward: 5.496  spl: 0.754  success: 0.952
2026-08-11 17:44:13,977 	Perf Stats: trainer.rollout_collect: 0.287 trainer.sample_action: 0.003 trainer.obs_insert: 0.000 trainer.step_env: 0.005 trainer.update_stats: 0.001 trainer.update_agent: 0.035
PluginManager::Manager: duplicate static plugin StbImageImporter, ignoring
PluginManager::Manager: duplicate static plugin GltfImporter, ignoring
PluginManager::Manager: duplicate static plugin BasisImporter, ignoring
PluginManager::Manager: duplicate static plugin AssimpImporter, ignoring
PluginManager::Manager: duplicate static plugin AnySceneImporter, ignoring
PluginManager::Manager: duplicate static plugin AnyImageImporter, ignoring
Renderer: NVIDIA GeForce RTX 4070/PCIe/SSE2 by NVIDIA Corporation
OpenGL version: 4.6.0 NVIDIA 580.173.02
Using optional features:
    GL_ARB_vertex_array_object
    GL_ARB_separate_shader_objects
    GL_ARB_robustness
    GL_ARB_texture_storage
    GL_ARB_texture_view
    GL_ARB_framebuffer_no_attachments
    GL_ARB_invalidate_subdata
    GL_ARB_texture_storage_multisample
    GL_ARB_multi_bind
    GL_ARB_direct_state_access
    GL_ARB_get_texture_sub_image
    GL_ARB_texture_filter_anisotropic
    GL_KHR_debug
    GL_KHR_parallel_shader_compile
    GL_NV_depth_buffer_float
Using driver workarounds:
    no-forward-compatible-core-context
    nv-egl-incorrect-gl11-function-pointers
    no-layout-qualifiers-on-old-glsl
    nv-zero-context-profile-mask
    nv-implementation-color-read-format-dsa-broken
    nv-cubemap-inconsistent-compressed-image-size
    nv-cubemap-broken-full-compressed-image-query
    nv-compressed-block-size-in-bits
[17:44:15:689761]:[Warning]:[Scene] SemanticScene.h(331)::checkFileExists : ::loadSemanticSceneDescriptor: File `data/scene_datasets/habitat-test-scenes/skokloster-castle.scn` does not exist.  Aborting load.
[17:44:15:689777]:[Warning]:[Scene] SemanticScene.cpp(123)::loadSemanticSceneDescriptor : SSD File Naming Issue! Neither SemanticAttributes-provided name : `data/scene_datasets/habitat-test-scenes/skokloster-castle.scn` nor constructed filename : `data/scene_datasets/habitat-test-scenes/info_semantic.json` exist on disk.
[17:44:15:689782]:[Error]:[Scene] SemanticScene.cpp(139)::loadSemanticSceneDescriptor : SSD Load Failure! File with SemanticAttributes-provided name `data/scene_datasets/habitat-test-scenes/skokloster-castle.scn` exists but failed to load.
[17:44:16:292896]:[Warning]:[Sim] Simulator.cpp(595)::instanceStageForSceneAttributes : The active scene does not contain semantic annotations : activeSemanticSceneID_ = 0
2026-08-11 17:44:17,644 update: 3190	fps: 491.486	
2026-08-11 17:44:17,644 Num updates: 3190	Num frames 510400
2026-08-11 17:44:17,644 Average window size: 50  distance_to_goal: 0.250  distance_to_goal_reward: 0.000  reward: 5.427  spl: 0.751  success: 0.945
2026-08-11 17:44:17,644 	Perf Stats: trainer.rollout_collect: 0.288 trainer.sample_action: 0.003 trainer.obs_insert: 0.000 trainer.step_env: 0.005 trainer.update_stats: 0.001 trainer.update_agent: 0.035
2026-08-11 17:44:20,819 update: 3200	fps: 491.524	
2026-08-11 17:44:20,819 Num updates: 3200	Num frames 512000
2026-08-11 17:44:20,820 Average window size: 50  distance_to_goal: 0.246  distance_to_goal_reward: 0.000  reward: 5.506  spl: 0.756  success: 0.945
2026-08-11 17:44:20,820 	Perf Stats: trainer.rollout_collect: 0.287 trainer.sample_action: 0.003 trainer.obs_insert: 0.000 trainer.step_env: 0.005 trainer.update_stats: 0.001 trainer.update_agent: 0.035
2026-08-11 17:44:23,881 update: 3210	fps: 491.616	
2026-08-11 17:44:23,881 Num updates: 3210	Num frames 513600
2026-08-11 17:44:23,881 Average window size: 50  distance_to_goal: 0.248  distance_to_goal_reward: 0.000  reward: 5.584  spl: 0.741  success: 0.934
2026-08-11 17:44:23,881 	Perf Stats: trainer.rollout_collect: 0.287 trainer.sample_action: 0.003 trainer.obs_insert: 0.000 trainer.step_env: 0.005 trainer.update_stats: 0.001 trainer.update_agent: 0.035
PluginManager::Manager: duplicate static plugin StbImageImporter, ignoring
PluginManager::Manager: duplicate static plugin GltfImporter, ignoring
PluginManager::Manager: duplicate static plugin BasisImporter, ignoring
PluginManager::Manager: duplicate static plugin AssimpImporter, ignoring
PluginManager::Manager: duplicate static plugin AnySceneImporter, ignoring
PluginManager::Manager: duplicate static plugin AnyImageImporter, ignoring
Renderer: NVIDIA GeForce RTX 4070/PCIe/SSE2 by NVIDIA Corporation
OpenGL version: 4.6.0 NVIDIA 580.173.02
Using optional features:
    GL_ARB_vertex_array_object
    GL_ARB_separate_shader_objects
    GL_ARB_robustness
    GL_ARB_texture_storage
    GL_ARB_texture_view
    GL_ARB_framebuffer_no_attachments
    GL_ARB_invalidate_subdata
    GL_ARB_texture_storage_multisample
    GL_ARB_multi_bind
    GL_ARB_direct_state_access
    GL_ARB_get_texture_sub_image
    GL_ARB_texture_filter_anisotropic
    GL_KHR_debug
    GL_KHR_parallel_shader_compile
    GL_NV_depth_buffer_float
Using driver workarounds:
    no-forward-compatible-core-context
    nv-egl-incorrect-gl11-function-pointers
    no-layout-qualifiers-on-old-glsl
    nv-zero-context-profile-mask
    nv-implementation-color-read-format-dsa-broken
    nv-cubemap-inconsistent-compressed-image-size
    nv-cubemap-broken-full-compressed-image-query
    nv-compressed-block-size-in-bits
[17:44:25:576346]:[Warning]:[Scene] SemanticScene.h(331)::checkFileExists : ::loadSemanticSceneDescriptor: File `data/scene_datasets/habitat-test-scenes/van-gogh-room.scn` does not exist.  Aborting load.
[17:44:25:576362]:[Warning]:[Scene] SemanticScene.cpp(123)::loadSemanticSceneDescriptor : SSD File Naming Issue! Neither SemanticAttributes-provided name : `data/scene_datasets/habitat-test-scenes/van-gogh-room.scn` nor constructed filename : `data/scene_datasets/habitat-test-scenes/info_semantic.json` exist on disk.
[17:44:25:576367]:[Error]:[Scene] SemanticScene.cpp(139)::loadSemanticSceneDescriptor : SSD Load Failure! File with SemanticAttributes-provided name `data/scene_datasets/habitat-test-scenes/van-gogh-room.scn` exists but failed to load.
[17:44:26:006315]:[Warning]:[Sim] Simulator.cpp(595)::instanceStageForSceneAttributes : The active scene does not contain semantic annotations : activeSemanticSceneID_ = 0
2026-08-11 17:44:27,365 update: 3220	fps: 491.508	
2026-08-11 17:44:27,366 Num updates: 3220	Num frames 515200
2026-08-11 17:44:27,366 Average window size: 50  distance_to_goal: 0.316  distance_to_goal_reward: 0.000  reward: 5.432  spl: 0.730  success: 0.924
2026-08-11 17:44:27,366 	Perf Stats: trainer.rollout_collect: 0.288 trainer.sample_action: 0.003 trainer.obs_insert: 0.000 trainer.step_env: 0.005 trainer.update_stats: 0.001 trainer.update_agent: 0.035
2026-08-11 17:44:30,399 update: 3230	fps: 491.611	
2026-08-11 17:44:30,399 Num updates: 3230	Num frames 516800
2026-08-11 17:44:30,399 Average window size: 50  distance_to_goal: 0.236  distance_to_goal_reward: 0.000  reward: 5.504  spl: 0.720  success: 0.908
2026-08-11 17:44:30,399 	Perf Stats: trainer.rollout_collect: 0.287 trainer.sample_action: 0.003 trainer.obs_insert: 0.000 trainer.step_env: 0.005 trainer.update_stats: 0.001 trainer.update_agent: 0.035
2026-08-11 17:44:33,419 update: 3240	fps: 491.721	
2026-08-11 17:44:33,419 Num updates: 3240	Num frames 518400
2026-08-11 17:44:33,419 Average window size: 50  distance_to_goal: 0.230  distance_to_goal_reward: 0.000  reward: 5.734  spl: 0.740  success: 0.918
2026-08-11 17:44:33,419 	Perf Stats: trainer.rollout_collect: 0.287 trainer.sample_action: 0.003 trainer.obs_insert: 0.000 trainer.step_env: 0.005 trainer.update_stats: 0.001 trainer.update_agent: 0.035
2026-08-11 17:44:36,411 update: 3250	fps: 491.842	
2026-08-11 17:44:36,412 Num updates: 3250	Num frames 520000
2026-08-11 17:44:36,412 Average window size: 50  distance_to_goal: 0.190  distance_to_goal_reward: 0.000  reward: 5.676  spl: 0.738  success: 0.915
2026-08-11 17:44:36,412 	Perf Stats: trainer.rollout_collect: 0.287 trainer.sample_action: 0.003 trainer.obs_insert: 0.000 trainer.step_env: 0.005 trainer.update_stats: 0.001 trainer.update_agent: 0.035
2026-08-11 17:44:39,435 update: 3260	fps: 491.949	
2026-08-11 17:44:39,435 Num updates: 3260	Num frames 521600
2026-08-11 17:44:39,435 Average window size: 50  distance_to_goal: 0.187  distance_to_goal_reward: 0.000  reward: 5.624  spl: 0.754  success: 0.922
2026-08-11 17:44:39,435 	Perf Stats: trainer.rollout_collect: 0.287 trainer.sample_action: 0.003 trainer.obs_insert: 0.000 trainer.step_env: 0.005 trainer.update_stats: 0.001 trainer.update_agent: 0.035
2026-08-11 17:44:42,462 update: 3270	fps: 492.053	
2026-08-11 17:44:42,462 Num updates: 3270	Num frames 523200
2026-08-11 17:44:42,462 Average window size: 50  distance_to_goal: 0.129  distance_to_goal_reward: 0.000  reward: 5.755  spl: 0.771  success: 0.928
2026-08-11 17:44:42,462 	Perf Stats: trainer.rollout_collect: 0.287 trainer.sample_action: 0.003 trainer.obs_insert: 0.000 trainer.step_env: 0.005 trainer.update_stats: 0.001 trainer.update_agent: 0.035
2026-08-11 17:44:45,467 update: 3280	fps: 492.167	
2026-08-11 17:44:45,467 Num updates: 3280	Num frames 524800
2026-08-11 17:44:45,467 Average window size: 50  distance_to_goal: 0.111  distance_to_goal_reward: 0.000  reward: 5.930  spl: 0.787  success: 0.952
2026-08-11 17:44:45,467 	Perf Stats: trainer.rollout_collect: 0.287 trainer.sample_action: 0.003 trainer.obs_insert: 0.000 trainer.step_env: 0.005 trainer.update_stats: 0.001 trainer.update_agent: 0.035
2026-08-11 17:44:48,478 update: 3290	fps: 492.277	
2026-08-11 17:44:48,478 Num updates: 3290	Num frames 526400
2026-08-11 17:44:48,478 Average window size: 50  distance_to_goal: 0.114  distance_to_goal_reward: 0.000  reward: 5.692  spl: 0.768  success: 0.939
2026-08-11 17:44:48,478 	Perf Stats: trainer.rollout_collect: 0.287 trainer.sample_action: 0.003 trainer.obs_insert: 0.000 trainer.step_env: 0.005 trainer.update_stats: 0.001 trainer.update_agent: 0.035
PluginManager::Manager: duplicate static plugin StbImageImporter, ignoring
PluginManager::Manager: duplicate static plugin GltfImporter, ignoring
PluginManager::Manager: duplicate static plugin BasisImporter, ignoring
PluginManager::Manager: duplicate static plugin AssimpImporter, ignoring
PluginManager::Manager: duplicate static plugin AnySceneImporter, ignoring
PluginManager::Manager: duplicate static plugin AnyImageImporter, ignoring
Renderer: NVIDIA GeForce RTX 4070/PCIe/SSE2 by NVIDIA Corporation
OpenGL version: 4.6.0 NVIDIA 580.173.02
Using optional features:
    GL_ARB_vertex_array_object
    GL_ARB_separate_shader_objects
    GL_ARB_robustness
    GL_ARB_texture_storage
    GL_ARB_texture_view
    GL_ARB_framebuffer_no_attachments
    GL_ARB_invalidate_subdata
    GL_ARB_texture_storage_multisample
    GL_ARB_multi_bind
    GL_ARB_direct_state_access
    GL_ARB_get_texture_sub_image
    GL_ARB_texture_filter_anisotropic
    GL_KHR_debug
    GL_KHR_parallel_shader_compile
    GL_NV_depth_buffer_float
Using driver workarounds:
    no-forward-compatible-core-context
    nv-egl-incorrect-gl11-function-pointers
    no-layout-qualifiers-on-old-glsl
    nv-zero-context-profile-mask
    nv-implementation-color-read-format-dsa-broken
    nv-cubemap-inconsistent-compressed-image-size
    nv-cubemap-broken-full-compressed-image-query
    nv-compressed-block-size-in-bits
[17:44:50:433626]:[Warning]:[Scene] SemanticScene.h(331)::checkFileExists : ::loadSemanticSceneDescriptor: File `data/scene_datasets/habitat-test-scenes/skokloster-castle.scn` does not exist.  Aborting load.
[17:44:50:433641]:[Warning]:[Scene] SemanticScene.cpp(123)::loadSemanticSceneDescriptor : SSD File Naming Issue! Neither SemanticAttributes-provided name : `data/scene_datasets/habitat-test-scenes/skokloster-castle.scn` nor constructed filename : `data/scene_datasets/habitat-test-scenes/info_semantic.json` exist on disk.
[17:44:50:433646]:[Error]:[Scene] SemanticScene.cpp(139)::loadSemanticSceneDescriptor : SSD Load Failure! File with SemanticAttributes-provided name `data/scene_datasets/habitat-test-scenes/skokloster-castle.scn` exists but failed to load.
[17:44:51:036373]:[Warning]:[Sim] Simulator.cpp(595)::instanceStageForSceneAttributes : The active scene does not contain semantic annotations : activeSemanticSceneID_ = 0
2026-08-11 17:44:52,219 update: 3300	fps: 492.052	
2026-08-11 17:44:52,228 Num updates: 3300	Num frames 528000
2026-08-11 17:44:52,228 Average window size: 50  distance_to_goal: 0.205  distance_to_goal_reward: 0.000  reward: 5.616  spl: 0.771  success: 0.945
2026-08-11 17:44:52,228 	Perf Stats: trainer.rollout_collect: 0.287 trainer.sample_action: 0.003 trainer.obs_insert: 0.000 trainer.step_env: 0.005 trainer.update_stats: 0.001 trainer.update_agent: 0.035
2026-08-11 17:44:55,299 update: 3310	fps: 492.131	
2026-08-11 17:44:55,299 Num updates: 3310	Num frames 529600
2026-08-11 17:44:55,299 Average window size: 50  distance_to_goal: 0.215  distance_to_goal_reward: 0.000  reward: 5.496  spl: 0.749  success: 0.935
2026-08-11 17:44:55,299 	Perf Stats: trainer.rollout_collect: 0.287 trainer.sample_action: 0.003 trainer.obs_insert: 0.000 trainer.step_env: 0.005 trainer.update_stats: 0.001 trainer.update_agent: 0.035
2026-08-11 17:44:58,394 update: 3320	fps: 492.202	
2026-08-11 17:44:58,395 Num updates: 3320	Num frames 531200
2026-08-11 17:44:58,395 Average window size: 50  distance_to_goal: 0.267  distance_to_goal_reward: 0.000  reward: 5.475  spl: 0.724  success: 0.917
2026-08-11 17:44:58,395 	Perf Stats: trainer.rollout_collect: 0.287 trainer.sample_action: 0.003 trainer.obs_insert: 0.000 trainer.step_env: 0.005 trainer.update_stats: 0.001 trainer.update_agent: 0.035
2026-08-11 17:45:01,477 update: 3330	fps: 492.278	
2026-08-11 17:45:01,478 Num updates: 3330	Num frames 532800
2026-08-11 17:45:01,478 Average window size: 50  distance_to_goal: 0.266  distance_to_goal_reward: 0.000  reward: 5.518  spl: 0.735  success: 0.906
2026-08-11 17:45:01,478 	Perf Stats: trainer.rollout_collect: 0.287 trainer.sample_action: 0.003 trainer.obs_insert: 0.000 trainer.step_env: 0.005 trainer.update_stats: 0.001 trainer.update_agent: 0.035
2026-08-11 17:45:04,557 update: 3340	fps: 492.355	
2026-08-11 17:45:04,557 Num updates: 3340	Num frames 534400
2026-08-11 17:45:04,557 Average window size: 50  distance_to_goal: 0.282  distance_to_goal_reward: -0.001  reward: 5.527  spl: 0.737  success: 0.902
2026-08-11 17:45:04,557 	Perf Stats: trainer.rollout_collect: 0.287 trainer.sample_action: 0.003 trainer.obs_insert: 0.000 trainer.step_env: 0.005 trainer.update_stats: 0.001 trainer.update_agent: 0.035
2026-08-11 17:45:07,652 update: 3350	fps: 492.425	
2026-08-11 17:45:07,652 Num updates: 3350	Num frames 536000
2026-08-11 17:45:07,652 Average window size: 50  distance_to_goal: 0.180  distance_to_goal_reward: -0.001  reward: 5.664  spl: 0.766  success: 0.915
2026-08-11 17:45:07,652 	Perf Stats: trainer.rollout_collect: 0.287 trainer.sample_action: 0.003 trainer.obs_insert: 0.000 trainer.step_env: 0.005 trainer.update_stats: 0.001 trainer.update_agent: 0.035
2026-08-11 17:45:10,725 update: 3360	fps: 492.505	
2026-08-11 17:45:10,726 Num updates: 3360	Num frames 537600
2026-08-11 17:45:10,726 Average window size: 50  distance_to_goal: 0.231  distance_to_goal_reward: -0.001  reward: 5.769  spl: 0.767  success: 0.913
2026-08-11 17:45:10,726 	Perf Stats: trainer.rollout_collect: 0.287 trainer.sample_action: 0.003 trainer.obs_insert: 0.000 trainer.step_env: 0.005 trainer.update_stats: 0.001 trainer.update_agent: 0.035
PluginManager::Manager: duplicate static plugin StbImageImporter, ignoring
PluginManager::Manager: duplicate static plugin GltfImporter, ignoring
PluginManager::Manager: duplicate static plugin BasisImporter, ignoring
PluginManager::Manager: duplicate static plugin AssimpImporter, ignoring
PluginManager::Manager: duplicate static plugin AnySceneImporter, ignoring
PluginManager::Manager: duplicate static plugin AnyImageImporter, ignoring
Renderer: NVIDIA GeForce RTX 4070/PCIe/SSE2 by NVIDIA Corporation
OpenGL version: 4.6.0 NVIDIA 580.173.02
Using optional features:
    GL_ARB_vertex_array_object
    GL_ARB_separate_shader_objects
    GL_ARB_robustness
    GL_ARB_texture_storage
    GL_ARB_texture_view
    GL_ARB_framebuffer_no_attachments
    GL_ARB_invalidate_subdata
    GL_ARB_texture_storage_multisample
    GL_ARB_multi_bind
    GL_ARB_direct_state_access
    GL_ARB_get_texture_sub_image
    GL_ARB_texture_filter_anisotropic
    GL_KHR_debug
    GL_KHR_parallel_shader_compile
    GL_NV_depth_buffer_float
Using driver workarounds:
    no-forward-compatible-core-context
    nv-egl-incorrect-gl11-function-pointers
    no-layout-qualifiers-on-old-glsl
    nv-zero-context-profile-mask
    nv-implementation-color-read-format-dsa-broken
    nv-cubemap-inconsistent-compressed-image-size
    nv-cubemap-broken-full-compressed-image-query
    nv-compressed-block-size-in-bits
[17:45:11:443142]:[Warning]:[Scene] SemanticScene.h(331)::checkFileExists : ::loadSemanticSceneDescriptor: File `data/scene_datasets/habitat-test-scenes/skokloster-castle.scn` does not exist.  Aborting load.
[17:45:11:443158]:[Warning]:[Scene] SemanticScene.cpp(123)::loadSemanticSceneDescriptor : SSD File Naming Issue! Neither SemanticAttributes-provided name : `data/scene_datasets/habitat-test-scenes/skokloster-castle.scn` nor constructed filename : `data/scene_datasets/habitat-test-scenes/info_semantic.json` exist on disk.
[17:45:11:443163]:[Error]:[Scene] SemanticScene.cpp(139)::loadSemanticSceneDescriptor : SSD Load Failure! File with SemanticAttributes-provided name `data/scene_datasets/habitat-test-scenes/skokloster-castle.scn` exists but failed to load.
[17:45:12:048983]:[Warning]:[Sim] Simulator.cpp(595)::instanceStageForSceneAttributes : The active scene does not contain semantic annotations : activeSemanticSceneID_ = 0
2026-08-11 17:45:14,437 update: 3370	fps: 492.297	
2026-08-11 17:45:14,437 Num updates: 3370	Num frames 539200
2026-08-11 17:45:14,437 Average window size: 50  distance_to_goal: 0.235  distance_to_goal_reward: -0.001  reward: 5.614  spl: 0.776  success: 0.919
2026-08-11 17:45:14,437 	Perf Stats: trainer.rollout_collect: 0.287 trainer.sample_action: 0.003 trainer.obs_insert: 0.000 trainer.step_env: 0.005 trainer.update_stats: 0.001 trainer.update_agent: 0.035
2026-08-11 17:45:17,541 update: 3380	fps: 492.362	
2026-08-11 17:45:17,541 Num updates: 3380	Num frames 540800
2026-08-11 17:45:17,541 Average window size: 50  distance_to_goal: 0.393  distance_to_goal_reward: 0.001  reward: 5.370  spl: 0.741  success: 0.905
2026-08-11 17:45:17,541 	Perf Stats: trainer.rollout_collect: 0.287 trainer.sample_action: 0.003 trainer.obs_insert: 0.000 trainer.step_env: 0.005 trainer.update_stats: 0.001 trainer.update_agent: 0.035
2026-08-11 17:45:20,685 update: 3390	fps: 492.409	
2026-08-11 17:45:20,685 Num updates: 3390	Num frames 542400
2026-08-11 17:45:20,685 Average window size: 50  distance_to_goal: 0.389  distance_to_goal_reward: 0.002  reward: 5.741  spl: 0.727  success: 0.924
2026-08-11 17:45:20,686 	Perf Stats: trainer.rollout_collect: 0.287 trainer.sample_action: 0.003 trainer.obs_insert: 0.000 trainer.step_env: 0.005 trainer.update_stats: 0.001 trainer.update_agent: 0.035
2026-08-11 17:45:23,921 update: 3400	fps: 492.415	
2026-08-11 17:45:23,921 Num updates: 3400	Num frames 544000
2026-08-11 17:45:23,921 Average window size: 50  distance_to_goal: 0.574  distance_to_goal_reward: -0.000  reward: 5.872  spl: 0.695  success: 0.899
2026-08-11 17:45:23,921 	Perf Stats: trainer.rollout_collect: 0.287 trainer.sample_action: 0.003 trainer.obs_insert: 0.000 trainer.step_env: 0.005 trainer.update_stats: 0.001 trainer.update_agent: 0.035
2026-08-11 17:45:27,038 update: 3410	fps: 492.474	
2026-08-11 17:45:27,038 Num updates: 3410	Num frames 545600
2026-08-11 17:45:27,038 Average window size: 50  distance_to_goal: 0.602  distance_to_goal_reward: 0.000  reward: 5.623  spl: 0.657  success: 0.854
2026-08-11 17:45:27,038 	Perf Stats: trainer.rollout_collect: 0.287 trainer.sample_action: 0.003 trainer.obs_insert: 0.000 trainer.step_env: 0.005 trainer.update_stats: 0.001 trainer.update_agent: 0.035
2026-08-11 17:45:30,177 update: 3420	fps: 492.523	
2026-08-11 17:45:30,177 Num updates: 3420	Num frames 547200
2026-08-11 17:45:30,177 Average window size: 50  distance_to_goal: 0.641  distance_to_goal_reward: 0.000  reward: 5.967  spl: 0.661  success: 0.844
2026-08-11 17:45:30,177 	Perf Stats: trainer.rollout_collect: 0.287 trainer.sample_action: 0.003 trainer.obs_insert: 0.000 trainer.step_env: 0.005 trainer.update_stats: 0.001 trainer.update_agent: 0.035
PluginManager::Manager: duplicate static plugin StbImageImporter, ignoring
PluginManager::Manager: duplicate static plugin GltfImporter, ignoring
PluginManager::Manager: duplicate static plugin BasisImporter, ignoring
PluginManager::Manager: duplicate static plugin AssimpImporter, ignoring
PluginManager::Manager: duplicate static plugin AnySceneImporter, ignoring
PluginManager::Manager: duplicate static plugin AnyImageImporter, ignoring
Renderer: NVIDIA GeForce RTX 4070/PCIe/SSE2 by NVIDIA Corporation
OpenGL version: 4.6.0 NVIDIA 580.173.02
Using optional features:
    GL_ARB_vertex_array_object
    GL_ARB_separate_shader_objects
    GL_ARB_robustness
    GL_ARB_texture_storage
    GL_ARB_texture_view
    GL_ARB_framebuffer_no_attachments
    GL_ARB_invalidate_subdata
    GL_ARB_texture_storage_multisample
    GL_ARB_multi_bind
    GL_ARB_direct_state_access
    GL_ARB_get_texture_sub_image
    GL_ARB_texture_filter_anisotropic
    GL_KHR_debug
    GL_KHR_parallel_shader_compile
    GL_NV_depth_buffer_float
Using driver workarounds:
    no-forward-compatible-core-context
    nv-egl-incorrect-gl11-function-pointers
    no-layout-qualifiers-on-old-glsl
    nv-zero-context-profile-mask
    nv-implementation-color-read-format-dsa-broken
    nv-cubemap-inconsistent-compressed-image-size
    nv-cubemap-broken-full-compressed-image-query
    nv-compressed-block-size-in-bits
[17:45:31:444295]:[Warning]:[Scene] SemanticScene.h(331)::checkFileExists : ::loadSemanticSceneDescriptor: File `data/scene_datasets/habitat-test-scenes/skokloster-castle.scn` does not exist.  Aborting load.
[17:45:31:444312]:[Warning]:[Scene] SemanticScene.cpp(123)::loadSemanticSceneDescriptor : SSD File Naming Issue! Neither SemanticAttributes-provided name : `data/scene_datasets/habitat-test-scenes/skokloster-castle.scn` nor constructed filename : `data/scene_datasets/habitat-test-scenes/info_semantic.json` exist on disk.
[17:45:31:444317]:[Error]:[Scene] SemanticScene.cpp(139)::loadSemanticSceneDescriptor : SSD Load Failure! File with SemanticAttributes-provided name `data/scene_datasets/habitat-test-scenes/skokloster-castle.scn` exists but failed to load.
[17:45:32:064889]:[Warning]:[Sim] Simulator.cpp(595)::instanceStageForSceneAttributes : The active scene does not contain semantic annotations : activeSemanticSceneID_ = 0
2026-08-11 17:45:33,961 update: 3430	fps: 492.286	
2026-08-11 17:45:33,961 Num updates: 3430	Num frames 548800
2026-08-11 17:45:33,961 Average window size: 50  distance_to_goal: 0.659  distance_to_goal_reward: -0.002  reward: 6.090  spl: 0.673  success: 0.848
2026-08-11 17:45:33,961 	Perf Stats: trainer.rollout_collect: 0.287 trainer.sample_action: 0.003 trainer.obs_insert: 0.000 trainer.step_env: 0.005 trainer.update_stats: 0.001 trainer.update_agent: 0.035
2026-08-11 17:45:37,121 update: 3440	fps: 492.326	
2026-08-11 17:45:37,121 Num updates: 3440	Num frames 550400
2026-08-11 17:45:37,121 Average window size: 50  distance_to_goal: 1.073  distance_to_goal_reward: -0.001  reward: 5.544  spl: 0.645  success: 0.798
2026-08-11 17:45:37,121 	Perf Stats: trainer.rollout_collect: 0.287 trainer.sample_action: 0.003 trainer.obs_insert: 0.000 trainer.step_env: 0.005 trainer.update_stats: 0.001 trainer.update_agent: 0.035
2026-08-11 17:45:40,293 update: 3450	fps: 492.360	
2026-08-11 17:45:40,293 Num updates: 3450	Num frames 552000
2026-08-11 17:45:40,293 Average window size: 50  distance_to_goal: 1.114  distance_to_goal_reward: 0.002  reward: 5.787  spl: 0.649  success: 0.792
2026-08-11 17:45:40,293 	Perf Stats: trainer.rollout_collect: 0.287 trainer.sample_action: 0.003 trainer.obs_insert: 0.000 trainer.step_env: 0.005 trainer.update_stats: 0.001 trainer.update_agent: 0.035
2026-08-11 17:45:43,470 update: 3460	fps: 492.391	
2026-08-11 17:45:43,471 Num updates: 3460	Num frames 553600
2026-08-11 17:45:43,471 Average window size: 50  distance_to_goal: 1.166  distance_to_goal_reward: 0.002  reward: 6.575  spl: 0.702  success: 0.846
2026-08-11 17:45:43,471 	Perf Stats: trainer.rollout_collect: 0.287 trainer.sample_action: 0.003 trainer.obs_insert: 0.000 trainer.step_env: 0.005 trainer.update_stats: 0.001 trainer.update_agent: 0.035
PluginManager::Manager: duplicate static plugin StbImageImporter, ignoring
PluginManager::Manager: duplicate static plugin GltfImporter, ignoring
PluginManager::Manager: duplicate static plugin BasisImporter, ignoring
PluginManager::Manager: duplicate static plugin AssimpImporter, ignoring
PluginManager::Manager: duplicate static plugin AnySceneImporter, ignoring
PluginManager::Manager: duplicate static plugin AnyImageImporter, ignoring
Renderer: NVIDIA GeForce RTX 4070/PCIe/SSE2 by NVIDIA Corporation
OpenGL version: 4.6.0 NVIDIA 580.173.02
Using optional features:
    GL_ARB_vertex_array_object
    GL_ARB_separate_shader_objects
    GL_ARB_robustness
    GL_ARB_texture_storage
    GL_ARB_texture_view
    GL_ARB_framebuffer_no_attachments
    GL_ARB_invalidate_subdata
    GL_ARB_texture_storage_multisample
    GL_ARB_multi_bind
    GL_ARB_direct_state_access
    GL_ARB_get_texture_sub_image
    GL_ARB_texture_filter_anisotropic
    GL_KHR_debug
    GL_KHR_parallel_shader_compile
    GL_NV_depth_buffer_float
Using driver workarounds:
    no-forward-compatible-core-context
    nv-egl-incorrect-gl11-function-pointers
    no-layout-qualifiers-on-old-glsl
    nv-zero-context-profile-mask
    nv-implementation-color-read-format-dsa-broken
    nv-cubemap-inconsistent-compressed-image-size
    nv-cubemap-broken-full-compressed-image-query
    nv-compressed-block-size-in-bits
[17:45:45:574632]:[Warning]:[Scene] SemanticScene.h(331)::checkFileExists : ::loadSemanticSceneDescriptor: File `data/scene_datasets/habitat-test-scenes/skokloster-castle.scn` does not exist.  Aborting load.
[17:45:45:574647]:[Warning]:[Scene] SemanticScene.cpp(123)::loadSemanticSceneDescriptor : SSD File Naming Issue! Neither SemanticAttributes-provided name : `data/scene_datasets/habitat-test-scenes/skokloster-castle.scn` nor constructed filename : `data/scene_datasets/habitat-test-scenes/info_semantic.json` exist on disk.
[17:45:45:574652]:[Error]:[Scene] SemanticScene.cpp(139)::loadSemanticSceneDescriptor : SSD Load Failure! File with SemanticAttributes-provided name `data/scene_datasets/habitat-test-scenes/skokloster-castle.scn` exists but failed to load.
[17:45:46:177554]:[Warning]:[Sim] Simulator.cpp(595)::instanceStageForSceneAttributes : The active scene does not contain semantic annotations : activeSemanticSceneID_ = 0
2026-08-11 17:45:47,268 update: 3470	fps: 492.152	
2026-08-11 17:45:47,268 Num updates: 3470	Num frames 555200
2026-08-11 17:45:47,268 Average window size: 50  distance_to_goal: 1.473  distance_to_goal_reward: 0.002  reward: 6.155  spl: 0.699  success: 0.836
2026-08-11 17:45:47,268 	Perf Stats: trainer.rollout_collect: 0.287 trainer.sample_action: 0.003 trainer.obs_insert: 0.000 trainer.step_env: 0.005 trainer.update_stats: 0.001 trainer.update_agent: 0.035
2026-08-11 17:45:50,482 update: 3480	fps: 492.168	
2026-08-11 17:45:50,483 Num updates: 3480	Num frames 556800
2026-08-11 17:45:50,483 Average window size: 50  distance_to_goal: 1.380  distance_to_goal_reward: 0.002  reward: 6.705  spl: 0.667  success: 0.794
2026-08-11 17:45:50,483 	Perf Stats: trainer.rollout_collect: 0.287 trainer.sample_action: 0.003 trainer.obs_insert: 0.000 trainer.step_env: 0.005 trainer.update_stats: 0.001 trainer.update_agent: 0.035
2026-08-11 17:45:53,676 update: 3490	fps: 492.193	
2026-08-11 17:45:53,676 Num updates: 3490	Num frames 558400
2026-08-11 17:45:53,676 Average window size: 50  distance_to_goal: 1.420  distance_to_goal_reward: 0.001  reward: 6.931  spl: 0.651  success: 0.768
2026-08-11 17:45:53,676 	Perf Stats: trainer.rollout_collect: 0.287 trainer.sample_action: 0.003 trainer.obs_insert: 0.000 trainer.step_env: 0.005 trainer.update_stats: 0.001 trainer.update_agent: 0.035
PluginManager::Manager: duplicate static plugin StbImageImporter, ignoring
PluginManager::Manager: duplicate static plugin GltfImporter, ignoring
PluginManager::Manager: duplicate static plugin BasisImporter, ignoring
PluginManager::Manager: duplicate static plugin AssimpImporter, ignoring
PluginManager::Manager: duplicate static plugin AnySceneImporter, ignoring
PluginManager::Manager: duplicate static plugin AnyImageImporter, ignoring
Renderer: NVIDIA GeForce RTX 4070/PCIe/SSE2 by NVIDIA Corporation
OpenGL version: 4.6.0 NVIDIA 580.173.02
Using optional features:
    GL_ARB_vertex_array_object
    GL_ARB_separate_shader_objects
    GL_ARB_robustness
    GL_ARB_texture_storage
    GL_ARB_texture_view
    GL_ARB_framebuffer_no_attachments
    GL_ARB_invalidate_subdata
    GL_ARB_texture_storage_multisample
    GL_ARB_multi_bind
    GL_ARB_direct_state_access
    GL_ARB_get_texture_sub_image
    GL_ARB_texture_filter_anisotropic
    GL_KHR_debug
    GL_KHR_parallel_shader_compile
    GL_NV_depth_buffer_float
Using driver workarounds:
    no-forward-compatible-core-context
    nv-egl-incorrect-gl11-function-pointers
    no-layout-qualifiers-on-old-glsl
    nv-zero-context-profile-mask
    nv-implementation-color-read-format-dsa-broken
    nv-cubemap-inconsistent-compressed-image-size
    nv-cubemap-broken-full-compressed-image-query
    nv-compressed-block-size-in-bits
[17:45:54:443836]:[Warning]:[Scene] SemanticScene.h(331)::checkFileExists : ::loadSemanticSceneDescriptor: File `data/scene_datasets/habitat-test-scenes/van-gogh-room.scn` does not exist.  Aborting load.
[17:45:54:443851]:[Warning]:[Scene] SemanticScene.cpp(123)::loadSemanticSceneDescriptor : SSD File Naming Issue! Neither SemanticAttributes-provided name : `data/scene_datasets/habitat-test-scenes/van-gogh-room.scn` nor constructed filename : `data/scene_datasets/habitat-test-scenes/info_semantic.json` exist on disk.
[17:45:54:443856]:[Error]:[Scene] SemanticScene.cpp(139)::loadSemanticSceneDescriptor : SSD Load Failure! File with SemanticAttributes-provided name `data/scene_datasets/habitat-test-scenes/van-gogh-room.scn` exists but failed to load.
[17:45:54:885885]:[Warning]:[Sim] Simulator.cpp(595)::instanceStageForSceneAttributes : The active scene does not contain semantic annotations : activeSemanticSceneID_ = 0
2026-08-11 17:45:57,405 update: 3500	fps: 491.986	
2026-08-11 17:45:57,405 Num updates: 3500	Num frames 560000
2026-08-11 17:45:57,405 Average window size: 50  distance_to_goal: 1.732  distance_to_goal_reward: 0.001  reward: 6.238  spl: 0.609  success: 0.706
2026-08-11 17:45:57,405 	Perf Stats: trainer.rollout_collect: 0.287 trainer.sample_action: 0.003 trainer.obs_insert: 0.000 trainer.step_env: 0.005 trainer.update_stats: 0.001 trainer.update_agent: 0.035
2026-08-11 17:46:00,570 update: 3510	fps: 492.024	
2026-08-11 17:46:00,570 Num updates: 3510	Num frames 561600
2026-08-11 17:46:00,570 Average window size: 50  distance_to_goal: 1.694  distance_to_goal_reward: 0.001  reward: 5.871  spl: 0.551  success: 0.644
2026-08-11 17:46:00,570 	Perf Stats: trainer.rollout_collect: 0.287 trainer.sample_action: 0.003 trainer.obs_insert: 0.000 trainer.step_env: 0.005 trainer.update_stats: 0.001 trainer.update_agent: 0.035
2026-08-11 17:46:03,721 update: 3520	fps: 492.067	
2026-08-11 17:46:03,721 Num updates: 3520	Num frames 563200
2026-08-11 17:46:03,721 Average window size: 50  distance_to_goal: 1.821  distance_to_goal_reward: 0.000  reward: 5.502  spl: 0.556  success: 0.659
2026-08-11 17:46:03,721 	Perf Stats: trainer.rollout_collect: 0.287 trainer.sample_action: 0.003 trainer.obs_insert: 0.000 trainer.step_env: 0.005 trainer.update_stats: 0.001 trainer.update_agent: 0.035
2026-08-11 17:46:06,910 update: 3530	fps: 492.094	
2026-08-11 17:46:06,910 Num updates: 3530	Num frames 564800
2026-08-11 17:46:06,910 Average window size: 50  distance_to_goal: 1.469  distance_to_goal_reward: 0.000  reward: 5.614  spl: 0.621  success: 0.719
2026-08-11 17:46:06,910 	Perf Stats: trainer.rollout_collect: 0.287 trainer.sample_action: 0.003 trainer.obs_insert: 0.000 trainer.step_env: 0.005 trainer.update_stats: 0.001 trainer.update_agent: 0.035
2026-08-11 17:46:10,069 update: 3540	fps: 492.134	
2026-08-11 17:46:10,069 Num updates: 3540	Num frames 566400
2026-08-11 17:46:10,069 Average window size: 50  distance_to_goal: 0.993  distance_to_goal_reward: -0.001  reward: 6.100  spl: 0.669  success: 0.787
2026-08-11 17:46:10,069 	Perf Stats: trainer.rollout_collect: 0.287 trainer.sample_action: 0.003 trainer.obs_insert: 0.000 trainer.step_env: 0.005 trainer.update_stats: 0.001 trainer.update_agent: 0.035
2026-08-11 17:46:13,235 update: 3550	fps: 492.170	
2026-08-11 17:46:13,235 Num updates: 3550	Num frames 568000
2026-08-11 17:46:13,235 Average window size: 50  distance_to_goal: 0.829  distance_to_goal_reward: -0.001  reward: 6.739  spl: 0.691  success: 0.825
2026-08-11 17:46:13,235 	Perf Stats: trainer.rollout_collect: 0.287 trainer.sample_action: 0.003 trainer.obs_insert: 0.000 trainer.step_env: 0.005 trainer.update_stats: 0.001 trainer.update_agent: 0.035
PluginManager::Manager: duplicate static plugin StbImageImporter, ignoring
PluginManager::Manager: duplicate static plugin GltfImporter, ignoring
PluginManager::Manager: duplicate static plugin BasisImporter, ignoring
PluginManager::Manager: duplicate static plugin AssimpImporter, ignoring
PluginManager::Manager: duplicate static plugin AnySceneImporter, ignoring
PluginManager::Manager: duplicate static plugin AnyImageImporter, ignoring
Renderer: NVIDIA GeForce RTX 4070/PCIe/SSE2 by NVIDIA Corporation
OpenGL version: 4.6.0 NVIDIA 580.173.02
Using optional features:
    GL_ARB_vertex_array_object
    GL_ARB_separate_shader_objects
    GL_ARB_robustness
    GL_ARB_texture_storage
    GL_ARB_texture_view
    GL_ARB_framebuffer_no_attachments
    GL_ARB_invalidate_subdata
    GL_ARB_texture_storage_multisample
    GL_ARB_multi_bind
    GL_ARB_direct_state_access
    GL_ARB_get_texture_sub_image
    GL_ARB_texture_filter_anisotropic
    GL_KHR_debug
    GL_KHR_parallel_shader_compile
    GL_NV_depth_buffer_float
Using driver workarounds:
    no-forward-compatible-core-context
    nv-egl-incorrect-gl11-function-pointers
    no-layout-qualifiers-on-old-glsl
    nv-zero-context-profile-mask
    nv-implementation-color-read-format-dsa-broken
    nv-cubemap-inconsistent-compressed-image-size
    nv-cubemap-broken-full-compressed-image-query
    nv-compressed-block-size-in-bits
[17:46:14:122199]:[Warning]:[Scene] SemanticScene.h(331)::checkFileExists : ::loadSemanticSceneDescriptor: File `data/scene_datasets/habitat-test-scenes/van-gogh-room.scn` does not exist.  Aborting load.
[17:46:14:122215]:[Warning]:[Scene] SemanticScene.cpp(123)::loadSemanticSceneDescriptor : SSD File Naming Issue! Neither SemanticAttributes-provided name : `data/scene_datasets/habitat-test-scenes/van-gogh-room.scn` nor constructed filename : `data/scene_datasets/habitat-test-scenes/info_semantic.json` exist on disk.
[17:46:14:122220]:[Error]:[Scene] SemanticScene.cpp(139)::loadSemanticSceneDescriptor : SSD Load Failure! File with SemanticAttributes-provided name `data/scene_datasets/habitat-test-scenes/van-gogh-room.scn` exists but failed to load.
[17:46:14:551241]:[Warning]:[Sim] Simulator.cpp(595)::instanceStageForSceneAttributes : The active scene does not contain semantic annotations : activeSemanticSceneID_ = 0
2026-08-11 17:46:16,807 update: 3560	fps: 492.033	
2026-08-11 17:46:16,807 Num updates: 3560	Num frames 569600
2026-08-11 17:46:16,807 Average window size: 50  distance_to_goal: 0.989  distance_to_goal_reward: -0.001  reward: 6.738  spl: 0.682  success: 0.836
2026-08-11 17:46:16,807 	Perf Stats: trainer.rollout_collect: 0.287 trainer.sample_action: 0.003 trainer.obs_insert: 0.000 trainer.step_env: 0.005 trainer.update_stats: 0.001 trainer.update_agent: 0.035
2026-08-11 17:46:19,937 update: 3570	fps: 492.085	
2026-08-11 17:46:19,938 Num updates: 3570	Num frames 571200
2026-08-11 17:46:19,938 Average window size: 50  distance_to_goal: 0.892  distance_to_goal_reward: 0.000  reward: 6.815  spl: 0.690  success: 0.850
2026-08-11 17:46:19,938 	Perf Stats: trainer.rollout_collect: 0.287 trainer.sample_action: 0.003 trainer.obs_insert: 0.000 trainer.step_env: 0.005 trainer.update_stats: 0.001 trainer.update_agent: 0.035
2026-08-11 17:46:23,048 update: 3580	fps: 492.145	
2026-08-11 17:46:23,048 Num updates: 3580	Num frames 572800
2026-08-11 17:46:23,048 Average window size: 50  distance_to_goal: 0.831  distance_to_goal_reward: 0.000  reward: 6.215  spl: 0.676  success: 0.857
2026-08-11 17:46:23,048 	Perf Stats: trainer.rollout_collect: 0.287 trainer.sample_action: 0.003 trainer.obs_insert: 0.000 trainer.step_env: 0.005 trainer.update_stats: 0.001 trainer.update_agent: 0.035
2026-08-11 17:46:26,149 update: 3590	fps: 492.208	
2026-08-11 17:46:26,149 Num updates: 3590	Num frames 574400
2026-08-11 17:46:26,149 Average window size: 50  distance_to_goal: 0.715  distance_to_goal_reward: 0.000  reward: 6.206  spl: 0.668  success: 0.857
2026-08-11 17:46:26,149 	Perf Stats: trainer.rollout_collect: 0.287 trainer.sample_action: 0.003 trainer.obs_insert: 0.000 trainer.step_env: 0.005 trainer.update_stats: 0.001 trainer.update_agent: 0.035
2026-08-11 17:46:29,356 update: 3600	fps: 492.226	
2026-08-11 17:46:29,356 Num updates: 3600	Num frames 576000
2026-08-11 17:46:29,356 Average window size: 50  distance_to_goal: 0.689  distance_to_goal_reward: 0.000  reward: 5.928  spl: 0.683  success: 0.867
2026-08-11 17:46:29,356 	Perf Stats: trainer.rollout_collect: 0.287 trainer.sample_action: 0.003 trainer.obs_insert: 0.000 trainer.step_env: 0.005 trainer.update_stats: 0.001 trainer.update_agent: 0.035
2026-08-11 17:46:32,498 update: 3610	fps: 492.271	
2026-08-11 17:46:32,499 Num updates: 3610	Num frames 577600
2026-08-11 17:46:32,499 Average window size: 50  distance_to_goal: 0.454  distance_to_goal_reward: 0.000  reward: 5.951  spl: 0.710  success: 0.881
2026-08-11 17:46:32,499 	Perf Stats: trainer.rollout_collect: 0.287 trainer.sample_action: 0.003 trainer.obs_insert: 0.000 trainer.step_env: 0.005 trainer.update_stats: 0.001 trainer.update_agent: 0.035
2026-08-11 17:46:35,634 update: 3620	fps: 492.319	
2026-08-11 17:46:35,635 Num updates: 3620	Num frames 579200
2026-08-11 17:46:35,635 Average window size: 50  distance_to_goal: 0.491  distance_to_goal_reward: 0.000  reward: 5.865  spl: 0.711  success: 0.867
2026-08-11 17:46:35,635 	Perf Stats: trainer.rollout_collect: 0.287 trainer.sample_action: 0.003 trainer.obs_insert: 0.000 trainer.step_env: 0.005 trainer.update_stats: 0.001 trainer.update_agent: 0.035
PluginManager::Manager: duplicate static plugin StbImageImporter, ignoring
PluginManager::Manager: duplicate static plugin GltfImporter, ignoring
PluginManager::Manager: duplicate static plugin BasisImporter, ignoring
PluginManager::Manager: duplicate static plugin AssimpImporter, ignoring
PluginManager::Manager: duplicate static plugin AnySceneImporter, ignoring
PluginManager::Manager: duplicate static plugin AnyImageImporter, ignoring
Renderer: NVIDIA GeForce RTX 4070/PCIe/SSE2 by NVIDIA Corporation
OpenGL version: 4.6.0 NVIDIA 580.173.02
Using optional features:
    GL_ARB_vertex_array_object
    GL_ARB_separate_shader_objects
    GL_ARB_robustness
    GL_ARB_texture_storage
    GL_ARB_texture_view
    GL_ARB_framebuffer_no_attachments
    GL_ARB_invalidate_subdata
    GL_ARB_texture_storage_multisample
    GL_ARB_multi_bind
    GL_ARB_direct_state_access
    GL_ARB_get_texture_sub_image
    GL_ARB_texture_filter_anisotropic
    GL_KHR_debug
    GL_KHR_parallel_shader_compile
    GL_NV_depth_buffer_float
Using driver workarounds:
    no-forward-compatible-core-context
    nv-egl-incorrect-gl11-function-pointers
    no-layout-qualifiers-on-old-glsl
    nv-zero-context-profile-mask
    nv-implementation-color-read-format-dsa-broken
    nv-cubemap-inconsistent-compressed-image-size
    nv-cubemap-broken-full-compressed-image-query
    nv-compressed-block-size-in-bits
[17:46:37:185775]:[Warning]:[Scene] SemanticScene.h(331)::checkFileExists : ::loadSemanticSceneDescriptor: File `data/scene_datasets/habitat-test-scenes/van-gogh-room.scn` does not exist.  Aborting load.
[17:46:37:185790]:[Warning]:[Scene] SemanticScene.cpp(123)::loadSemanticSceneDescriptor : SSD File Naming Issue! Neither SemanticAttributes-provided name : `data/scene_datasets/habitat-test-scenes/van-gogh-room.scn` nor constructed filename : `data/scene_datasets/habitat-test-scenes/info_semantic.json` exist on disk.
[17:46:37:185795]:[Error]:[Scene] SemanticScene.cpp(139)::loadSemanticSceneDescriptor : SSD Load Failure! File with SemanticAttributes-provided name `data/scene_datasets/habitat-test-scenes/van-gogh-room.scn` exists but failed to load.
[17:46:37:659796]:[Warning]:[Sim] Simulator.cpp(595)::instanceStageForSceneAttributes : The active scene does not contain semantic annotations : activeSemanticSceneID_ = 0
2026-08-11 17:46:39,233 update: 3630	fps: 492.174	
2026-08-11 17:46:39,234 Num updates: 3630	Num frames 580800
2026-08-11 17:46:39,234 Average window size: 50  distance_to_goal: 0.444  distance_to_goal_reward: 0.000  reward: 6.307  spl: 0.727  success: 0.873
2026-08-11 17:46:39,234 	Perf Stats: trainer.rollout_collect: 0.287 trainer.sample_action: 0.003 trainer.obs_insert: 0.000 trainer.step_env: 0.005 trainer.update_stats: 0.001 trainer.update_agent: 0.035
2026-08-11 17:46:42,272 update: 3640	fps: 492.262	
2026-08-11 17:46:42,272 Num updates: 3640	Num frames 582400
2026-08-11 17:46:42,273 Average window size: 50  distance_to_goal: 0.358  distance_to_goal_reward: 0.000  reward: 6.413  spl: 0.747  success: 0.881
2026-08-11 17:46:42,273 	Perf Stats: trainer.rollout_collect: 0.287 trainer.sample_action: 0.003 trainer.obs_insert: 0.000 trainer.step_env: 0.005 trainer.update_stats: 0.001 trainer.update_agent: 0.035
2026-08-11 17:46:45,309 update: 3650	fps: 492.350	
2026-08-11 17:46:45,310 Num updates: 3650	Num frames 584000
2026-08-11 17:46:45,310 Average window size: 50  distance_to_goal: 0.449  distance_to_goal_reward: 0.002  reward: 5.873  spl: 0.715  success: 0.835
2026-08-11 17:46:45,310 	Perf Stats: trainer.rollout_collect: 0.287 trainer.sample_action: 0.003 trainer.obs_insert: 0.000 trainer.step_env: 0.005 trainer.update_stats: 0.001 trainer.update_agent: 0.035
2026-08-11 17:46:48,381 update: 3660	fps: 492.424	
2026-08-11 17:46:48,381 Num updates: 3660	Num frames 585600
2026-08-11 17:46:48,381 Average window size: 50  distance_to_goal: 0.444  distance_to_goal_reward: 0.002  reward: 5.739  spl: 0.709  success: 0.821
2026-08-11 17:46:48,381 	Perf Stats: trainer.rollout_collect: 0.287 trainer.sample_action: 0.003 trainer.obs_insert: 0.000 trainer.step_env: 0.005 trainer.update_stats: 0.001 trainer.update_agent: 0.035
2026-08-11 17:46:51,425 update: 3670	fps: 492.509	
2026-08-11 17:46:51,425 Num updates: 3670	Num frames 587200
2026-08-11 17:46:51,425 Average window size: 50  distance_to_goal: 0.356  distance_to_goal_reward: 0.002  reward: 5.703  spl: 0.730  success: 0.848
2026-08-11 17:46:51,425 	Perf Stats: trainer.rollout_collect: 0.287 trainer.sample_action: 0.003 trainer.obs_insert: 0.000 trainer.step_env: 0.005 trainer.update_stats: 0.001 trainer.update_agent: 0.035
2026-08-11 17:46:54,495 update: 3680	fps: 492.582	
2026-08-11 17:46:54,495 Num updates: 3680	Num frames 588800
2026-08-11 17:46:54,495 Average window size: 50  distance_to_goal: 0.389  distance_to_goal_reward: 0.002  reward: 5.109  spl: 0.702  success: 0.826
2026-08-11 17:46:54,495 	Perf Stats: trainer.rollout_collect: 0.287 trainer.sample_action: 0.003 trainer.obs_insert: 0.000 trainer.step_env: 0.005 trainer.update_stats: 0.001 trainer.update_agent: 0.035
2026-08-11 17:46:57,562 update: 3690	fps: 492.657	
2026-08-11 17:46:57,563 Num updates: 3690	Num frames 590400
2026-08-11 17:46:57,563 Average window size: 50  distance_to_goal: 0.430  distance_to_goal_reward: 0.002  reward: 5.003  spl: 0.684  success: 0.810
2026-08-11 17:46:57,563 	Perf Stats: trainer.rollout_collect: 0.287 trainer.sample_action: 0.003 trainer.obs_insert: 0.000 trainer.step_env: 0.005 trainer.update_stats: 0.001 trainer.update_agent: 0.035
2026-08-11 17:47:00,719 update: 3700	fps: 492.694	
2026-08-11 17:47:00,719 Num updates: 3700	Num frames 592000
2026-08-11 17:47:00,719 Average window size: 50  distance_to_goal: 0.274  distance_to_goal_reward: 0.000  reward: 5.117  spl: 0.705  success: 0.836
2026-08-11 17:47:00,719 	Perf Stats: trainer.rollout_collect: 0.287 trainer.sample_action: 0.003 trainer.obs_insert: 0.000 trainer.step_env: 0.005 trainer.update_stats: 0.001 trainer.update_agent: 0.035
2026-08-11 17:47:03,786 update: 3710	fps: 492.768	
2026-08-11 17:47:03,787 Num updates: 3710	Num frames 593600
2026-08-11 17:47:03,787 Average window size: 50  distance_to_goal: 0.361  distance_to_goal_reward: 0.000  reward: 4.961  spl: 0.698  success: 0.825
2026-08-11 17:47:03,787 	Perf Stats: trainer.rollout_collect: 0.287 trainer.sample_action: 0.003 trainer.obs_insert: 0.000 trainer.step_env: 0.005 trainer.update_stats: 0.001 trainer.update_agent: 0.035
2026-08-11 17:47:06,864 update: 3720	fps: 492.837	
2026-08-11 17:47:06,864 Num updates: 3720	Num frames 595200
2026-08-11 17:47:06,864 Average window size: 50  distance_to_goal: 0.439  distance_to_goal_reward: 0.001  reward: 4.767  spl: 0.700  success: 0.810
2026-08-11 17:47:06,864 	Perf Stats: trainer.rollout_collect: 0.287 trainer.sample_action: 0.003 trainer.obs_insert: 0.000 trainer.step_env: 0.005 trainer.update_stats: 0.001 trainer.update_agent: 0.035
PluginManager::Manager: duplicate static plugin StbImageImporter, ignoring
PluginManager::Manager: duplicate static plugin GltfImporter, ignoring
PluginManager::Manager: duplicate static plugin BasisImporter, ignoring
PluginManager::Manager: duplicate static plugin AssimpImporter, ignoring
PluginManager::Manager: duplicate static plugin AnySceneImporter, ignoring
PluginManager::Manager: duplicate static plugin AnyImageImporter, ignoring
Renderer: NVIDIA GeForce RTX 4070/PCIe/SSE2 by NVIDIA Corporation
OpenGL version: 4.6.0 NVIDIA 580.173.02
Using optional features:
    GL_ARB_vertex_array_object
    GL_ARB_separate_shader_objects
    GL_ARB_robustness
    GL_ARB_texture_storage
    GL_ARB_texture_view
    GL_ARB_framebuffer_no_attachments
    GL_ARB_invalidate_subdata
    GL_ARB_texture_storage_multisample
    GL_ARB_multi_bind
    GL_ARB_direct_state_access
    GL_ARB_get_texture_sub_image
    GL_ARB_texture_filter_anisotropic
    GL_KHR_debug
    GL_KHR_parallel_shader_compile
    GL_NV_depth_buffer_float
Using driver workarounds:
    no-forward-compatible-core-context
    nv-egl-incorrect-gl11-function-pointers
    no-layout-qualifiers-on-old-glsl
    nv-zero-context-profile-mask
    nv-implementation-color-read-format-dsa-broken
    nv-cubemap-inconsistent-compressed-image-size
    nv-cubemap-broken-full-compressed-image-query
    nv-compressed-block-size-in-bits
[17:47:08:951392]:[Warning]:[Scene] SemanticScene.h(331)::checkFileExists : ::loadSemanticSceneDescriptor: File `data/scene_datasets/habitat-test-scenes/van-gogh-room.scn` does not exist.  Aborting load.
[17:47:08:951408]:[Warning]:[Scene] SemanticScene.cpp(123)::loadSemanticSceneDescriptor : SSD File Naming Issue! Neither SemanticAttributes-provided name : `data/scene_datasets/habitat-test-scenes/van-gogh-room.scn` nor constructed filename : `data/scene_datasets/habitat-test-scenes/info_semantic.json` exist on disk.
[17:47:08:951413]:[Error]:[Scene] SemanticScene.cpp(139)::loadSemanticSceneDescriptor : SSD Load Failure! File with SemanticAttributes-provided name `data/scene_datasets/habitat-test-scenes/van-gogh-room.scn` exists but failed to load.
[17:47:09:392106]:[Warning]:[Sim] Simulator.cpp(595)::instanceStageForSceneAttributes : The active scene does not contain semantic annotations : activeSemanticSceneID_ = 0
2026-08-11 17:47:10,374 update: 3730	fps: 492.729	
2026-08-11 17:47:10,375 Num updates: 3730	Num frames 596800
2026-08-11 17:47:10,375 Average window size: 50  distance_to_goal: 0.430  distance_to_goal_reward: 0.001  reward: 4.611  spl: 0.686  success: 0.778
2026-08-11 17:47:10,375 	Perf Stats: trainer.rollout_collect: 0.287 trainer.sample_action: 0.003 trainer.obs_insert: 0.000 trainer.step_env: 0.005 trainer.update_stats: 0.001 trainer.update_agent: 0.035
2026-08-11 17:47:13,412 update: 3740	fps: 492.814	
2026-08-11 17:47:13,412 Num updates: 3740	Num frames 598400
2026-08-11 17:47:13,412 Average window size: 50  distance_to_goal: 0.467  distance_to_goal_reward: 0.001  reward: 4.530  spl: 0.683  success: 0.774
2026-08-11 17:47:13,412 	Perf Stats: trainer.rollout_collect: 0.287 trainer.sample_action: 0.003 trainer.obs_insert: 0.000 trainer.step_env: 0.005 trainer.update_stats: 0.001 trainer.update_agent: 0.035
2026-08-11 17:47:16,439 update: 3750	fps: 492.903	
2026-08-11 17:47:16,439 Num updates: 3750	Num frames 600000
2026-08-11 17:47:16,439 Average window size: 50  distance_to_goal: 0.413  distance_to_goal_reward: 0.001  reward: 4.967  spl: 0.701  success: 0.809
2026-08-11 17:47:16,439 	Perf Stats: trainer.rollout_collect: 0.287 trainer.sample_action: 0.003 trainer.obs_insert: 0.000 trainer.step_env: 0.005 trainer.update_stats: 0.001 trainer.update_agent: 0.035
2026-08-11 17:47:19,539 update: 3760	fps: 492.963	
2026-08-11 17:47:19,539 Num updates: 3760	Num frames 601600
2026-08-11 17:47:19,539 Average window size: 50  distance_to_goal: 0.312  distance_to_goal_reward: 0.001  reward: 5.092  spl: 0.709  success: 0.832
2026-08-11 17:47:19,539 	Perf Stats: trainer.rollout_collect: 0.287 trainer.sample_action: 0.003 trainer.obs_insert: 0.000 trainer.step_env: 0.005 trainer.update_stats: 0.001 trainer.update_agent: 0.035
2026-08-11 17:47:22,563 update: 3770	fps: 493.052	
2026-08-11 17:47:22,563 Num updates: 3770	Num frames 603200
2026-08-11 17:47:22,563 Average window size: 50  distance_to_goal: 0.208  distance_to_goal_reward: 0.000  reward: 5.301  spl: 0.732  success: 0.876
2026-08-11 17:47:22,563 	Perf Stats: trainer.rollout_collect: 0.287 trainer.sample_action: 0.003 trainer.obs_insert: 0.000 trainer.step_env: 0.005 trainer.update_stats: 0.001 trainer.update_agent: 0.035
2026-08-11 17:47:25,580 update: 3780	fps: 493.143	
2026-08-11 17:47:25,580 Num updates: 3780	Num frames 604800
2026-08-11 17:47:25,580 Average window size: 50  distance_to_goal: 0.304  distance_to_goal_reward: 0.000  reward: 5.316  spl: 0.752  success: 0.910
2026-08-11 17:47:25,580 	Perf Stats: trainer.rollout_collect: 0.286 trainer.sample_action: 0.003 trainer.obs_insert: 0.000 trainer.step_env: 0.005 trainer.update_stats: 0.001 trainer.update_agent: 0.035
2026-08-11 17:47:28,603 update: 3790	fps: 493.232	
2026-08-11 17:47:28,612 Num updates: 3790	Num frames 606400
2026-08-11 17:47:28,612 Average window size: 50  distance_to_goal: 0.215  distance_to_goal_reward: 0.000  reward: 5.448  spl: 0.769  success: 0.929
2026-08-11 17:47:28,612 	Perf Stats: trainer.rollout_collect: 0.286 trainer.sample_action: 0.003 trainer.obs_insert: 0.000 trainer.step_env: 0.005 trainer.update_stats: 0.001 trainer.update_agent: 0.035
PluginManager::Manager: duplicate static plugin StbImageImporter, ignoring
PluginManager::Manager: duplicate static plugin GltfImporter, ignoring
PluginManager::Manager: duplicate static plugin BasisImporter, ignoring
PluginManager::Manager: duplicate static plugin AssimpImporter, ignoring
PluginManager::Manager: duplicate static plugin AnySceneImporter, ignoring
PluginManager::Manager: duplicate static plugin AnyImageImporter, ignoring
Renderer: NVIDIA GeForce RTX 4070/PCIe/SSE2 by NVIDIA Corporation
OpenGL version: 4.6.0 NVIDIA 580.173.02
Using optional features:
    GL_ARB_vertex_array_object
    GL_ARB_separate_shader_objects
    GL_ARB_robustness
    GL_ARB_texture_storage
    GL_ARB_texture_view
    GL_ARB_framebuffer_no_attachments
    GL_ARB_invalidate_subdata
    GL_ARB_texture_storage_multisample
    GL_ARB_multi_bind
    GL_ARB_direct_state_access
    GL_ARB_get_texture_sub_image
    GL_ARB_texture_filter_anisotropic
    GL_KHR_debug
    GL_KHR_parallel_shader_compile
    GL_NV_depth_buffer_float
Using driver workarounds:
    no-forward-compatible-core-context
    nv-egl-incorrect-gl11-function-pointers
    no-layout-qualifiers-on-old-glsl
    nv-zero-context-profile-mask
    nv-implementation-color-read-format-dsa-broken
    nv-cubemap-inconsistent-compressed-image-size
    nv-cubemap-broken-full-compressed-image-query
    nv-compressed-block-size-in-bits
[17:47:31:292684]:[Warning]:[Scene] SemanticScene.h(331)::checkFileExists : ::loadSemanticSceneDescriptor: File `data/scene_datasets/habitat-test-scenes/skokloster-castle.scn` does not exist.  Aborting load.
[17:47:31:292699]:[Warning]:[Scene] SemanticScene.cpp(123)::loadSemanticSceneDescriptor : SSD File Naming Issue! Neither SemanticAttributes-provided name : `data/scene_datasets/habitat-test-scenes/skokloster-castle.scn` nor constructed filename : `data/scene_datasets/habitat-test-scenes/info_semantic.json` exist on disk.
[17:47:31:292704]:[Error]:[Scene] SemanticScene.cpp(139)::loadSemanticSceneDescriptor : SSD Load Failure! File with SemanticAttributes-provided name `data/scene_datasets/habitat-test-scenes/skokloster-castle.scn` exists but failed to load.
[17:47:31:900782]:[Warning]:[Sim] Simulator.cpp(595)::instanceStageForSceneAttributes : The active scene does not contain semantic annotations : activeSemanticSceneID_ = 0
2026-08-11 17:47:32,373 update: 3800	fps: 493.022	
2026-08-11 17:47:32,373 Num updates: 3800	Num frames 608000
2026-08-11 17:47:32,373 Average window size: 50  distance_to_goal: 0.244  distance_to_goal_reward: -0.000  reward: 5.360  spl: 0.782  success: 0.936
2026-08-11 17:47:32,373 	Perf Stats: trainer.rollout_collect: 0.287 trainer.sample_action: 0.003 trainer.obs_insert: 0.000 trainer.step_env: 0.005 trainer.update_stats: 0.001 trainer.update_agent: 0.035
2026-08-11 17:47:35,454 update: 3810	fps: 493.087	
2026-08-11 17:47:35,455 Num updates: 3810	Num frames 609600
2026-08-11 17:47:35,455 Average window size: 50  distance_to_goal: 0.248  distance_to_goal_reward: -0.000  reward: 5.536  spl: 0.788  success: 0.940
2026-08-11 17:47:35,455 	Perf Stats: trainer.rollout_collect: 0.286 trainer.sample_action: 0.003 trainer.obs_insert: 0.000 trainer.step_env: 0.005 trainer.update_stats: 0.001 trainer.update_agent: 0.035
PluginManager::Manager: duplicate static plugin StbImageImporter, ignoring
PluginManager::Manager: duplicate static plugin GltfImporter, ignoring
PluginManager::Manager: duplicate static plugin BasisImporter, ignoring
PluginManager::Manager: duplicate static plugin AssimpImporter, ignoring
PluginManager::Manager: duplicate static plugin AnySceneImporter, ignoring
PluginManager::Manager: duplicate static plugin AnyImageImporter, ignoring
Renderer: NVIDIA GeForce RTX 4070/PCIe/SSE2 by NVIDIA Corporation
OpenGL version: 4.6.0 NVIDIA 580.173.02
Using optional features:
    GL_ARB_vertex_array_object
    GL_ARB_separate_shader_objects
    GL_ARB_robustness
    GL_ARB_texture_storage
    GL_ARB_texture_view
    GL_ARB_framebuffer_no_attachments
    GL_ARB_invalidate_subdata
    GL_ARB_texture_storage_multisample
    GL_ARB_multi_bind
    GL_ARB_direct_state_access
    GL_ARB_get_texture_sub_image
    GL_ARB_texture_filter_anisotropic
    GL_KHR_debug
    GL_KHR_parallel_shader_compile
    GL_NV_depth_buffer_float
Using driver workarounds:
    no-forward-compatible-core-context
    nv-egl-incorrect-gl11-function-pointers
    no-layout-qualifiers-on-old-glsl
    nv-zero-context-profile-mask
    nv-implementation-color-read-format-dsa-broken
    nv-cubemap-inconsistent-compressed-image-size
    nv-cubemap-broken-full-compressed-image-query
    nv-compressed-block-size-in-bits
[17:47:36:019870]:[Warning]:[Scene] SemanticScene.h(331)::checkFileExists : ::loadSemanticSceneDescriptor: File `data/scene_datasets/habitat-test-scenes/van-gogh-room.scn` does not exist.  Aborting load.
[17:47:36:019885]:[Warning]:[Scene] SemanticScene.cpp(123)::loadSemanticSceneDescriptor : SSD File Naming Issue! Neither SemanticAttributes-provided name : `data/scene_datasets/habitat-test-scenes/van-gogh-room.scn` nor constructed filename : `data/scene_datasets/habitat-test-scenes/info_semantic.json` exist on disk.
[17:47:36:019890]:[Error]:[Scene] SemanticScene.cpp(139)::loadSemanticSceneDescriptor : SSD Load Failure! File with SemanticAttributes-provided name `data/scene_datasets/habitat-test-scenes/van-gogh-room.scn` exists but failed to load.
[17:47:36:450572]:[Warning]:[Sim] Simulator.cpp(595)::instanceStageForSceneAttributes : The active scene does not contain semantic annotations : activeSemanticSceneID_ = 0
2026-08-11 17:47:38,937 update: 3820	fps: 492.992	
2026-08-11 17:47:38,946 Num updates: 3820	Num frames 611200
2026-08-11 17:47:38,946 Average window size: 50  distance_to_goal: 0.366  distance_to_goal_reward: -0.000  reward: 5.592  spl: 0.784  success: 0.935
2026-08-11 17:47:38,946 	Perf Stats: trainer.rollout_collect: 0.287 trainer.sample_action: 0.003 trainer.obs_insert: 0.000 trainer.step_env: 0.005 trainer.update_stats: 0.001 trainer.update_agent: 0.035
2026-08-11 17:47:41,929 update: 3830	fps: 493.093	
2026-08-11 17:47:41,929 Num updates: 3830	Num frames 612800
2026-08-11 17:47:41,929 Average window size: 50  distance_to_goal: 0.258  distance_to_goal_reward: -0.000  reward: 5.606  spl: 0.788  success: 0.938
2026-08-11 17:47:41,929 	Perf Stats: trainer.rollout_collect: 0.286 trainer.sample_action: 0.003 trainer.obs_insert: 0.000 trainer.step_env: 0.005 trainer.update_stats: 0.001 trainer.update_agent: 0.035
2026-08-11 17:47:44,944 update: 3840	fps: 493.184	
2026-08-11 17:47:44,944 Num updates: 3840	Num frames 614400
2026-08-11 17:47:44,944 Average window size: 50  distance_to_goal: 0.295  distance_to_goal_reward: -0.001  reward: 5.634  spl: 0.785  success: 0.944
2026-08-11 17:47:44,944 	Perf Stats: trainer.rollout_collect: 0.286 trainer.sample_action: 0.003 trainer.obs_insert: 0.000 trainer.step_env: 0.005 trainer.update_stats: 0.001 trainer.update_agent: 0.035
2026-08-11 17:47:47,955 update: 3850	fps: 493.276	
2026-08-11 17:47:47,955 Num updates: 3850	Num frames 616000
2026-08-11 17:47:47,955 Average window size: 50  distance_to_goal: 0.267  distance_to_goal_reward: -0.000  reward: 5.686  spl: 0.781  success: 0.949
2026-08-11 17:47:47,955 	Perf Stats: trainer.rollout_collect: 0.286 trainer.sample_action: 0.003 trainer.obs_insert: 0.000 trainer.step_env: 0.005 trainer.update_stats: 0.001 trainer.update_agent: 0.035
2026-08-11 17:47:50,977 update: 3860	fps: 493.364	
2026-08-11 17:47:50,977 Num updates: 3860	Num frames 617600
2026-08-11 17:47:50,977 Average window size: 50  distance_to_goal: 0.263  distance_to_goal_reward: -0.000  reward: 5.700  spl: 0.785  success: 0.950
2026-08-11 17:47:50,977 	Perf Stats: trainer.rollout_collect: 0.286 trainer.sample_action: 0.003 trainer.obs_insert: 0.000 trainer.step_env: 0.005 trainer.update_stats: 0.001 trainer.update_agent: 0.035
2026-08-11 17:47:53,981 update: 3870	fps: 493.458	
2026-08-11 17:47:53,981 Num updates: 3870	Num frames 619200
2026-08-11 17:47:53,981 Average window size: 50  distance_to_goal: 0.146  distance_to_goal_reward: -0.000  reward: 5.676  spl: 0.774  success: 0.942
2026-08-11 17:47:53,981 	Perf Stats: trainer.rollout_collect: 0.286 trainer.sample_action: 0.003 trainer.obs_insert: 0.000 trainer.step_env: 0.005 trainer.update_stats: 0.001 trainer.update_agent: 0.035
2026-08-11 17:47:56,995 update: 3880	fps: 493.547	
2026-08-11 17:47:56,995 Num updates: 3880	Num frames 620800
2026-08-11 17:47:56,996 Average window size: 50  distance_to_goal: 0.140  distance_to_goal_reward: -0.000  reward: 5.853  spl: 0.785  success: 0.954
2026-08-11 17:47:56,996 	Perf Stats: trainer.rollout_collect: 0.286 trainer.sample_action: 0.003 trainer.obs_insert: 0.000 trainer.step_env: 0.005 trainer.update_stats: 0.001 trainer.update_agent: 0.035
PluginManager::Manager: duplicate static plugin StbImageImporter, ignoring
PluginManager::Manager: duplicate static plugin GltfImporter, ignoring
PluginManager::Manager: duplicate static plugin BasisImporter, ignoring
PluginManager::Manager: duplicate static plugin AssimpImporter, ignoring
PluginManager::Manager: duplicate static plugin AnySceneImporter, ignoring
PluginManager::Manager: duplicate static plugin AnyImageImporter, ignoring
Renderer: NVIDIA GeForce RTX 4070/PCIe/SSE2 by NVIDIA Corporation
OpenGL version: 4.6.0 NVIDIA 580.173.02
Using optional features:
    GL_ARB_vertex_array_object
    GL_ARB_separate_shader_objects
    GL_ARB_robustness
    GL_ARB_texture_storage
    GL_ARB_texture_view
    GL_ARB_framebuffer_no_attachments
    GL_ARB_invalidate_subdata
    GL_ARB_texture_storage_multisample
    GL_ARB_multi_bind
    GL_ARB_direct_state_access
    GL_ARB_get_texture_sub_image
    GL_ARB_texture_filter_anisotropic
    GL_KHR_debug
    GL_KHR_parallel_shader_compile
    GL_NV_depth_buffer_float
Using driver workarounds:
    no-forward-compatible-core-context
    nv-egl-incorrect-gl11-function-pointers
    no-layout-qualifiers-on-old-glsl
    nv-zero-context-profile-mask
    nv-implementation-color-read-format-dsa-broken
    nv-cubemap-inconsistent-compressed-image-size
    nv-cubemap-broken-full-compressed-image-query
    nv-compressed-block-size-in-bits
[17:47:59:453360]:[Warning]:[Scene] SemanticScene.h(331)::checkFileExists : ::loadSemanticSceneDescriptor: File `data/scene_datasets/habitat-test-scenes/skokloster-castle.scn` does not exist.  Aborting load.
[17:47:59:453376]:[Warning]:[Scene] SemanticScene.cpp(123)::loadSemanticSceneDescriptor : SSD File Naming Issue! Neither SemanticAttributes-provided name : `data/scene_datasets/habitat-test-scenes/skokloster-castle.scn` nor constructed filename : `data/scene_datasets/habitat-test-scenes/info_semantic.json` exist on disk.
[17:47:59:453382]:[Error]:[Scene] SemanticScene.cpp(139)::loadSemanticSceneDescriptor : SSD Load Failure! File with SemanticAttributes-provided name `data/scene_datasets/habitat-test-scenes/skokloster-castle.scn` exists but failed to load.
[17:48:00:055416]:[Warning]:[Sim] Simulator.cpp(595)::instanceStageForSceneAttributes : The active scene does not contain semantic annotations : activeSemanticSceneID_ = 0
2026-08-11 17:48:00,630 update: 3890	fps: 493.393	
2026-08-11 17:48:00,631 Num updates: 3890	Num frames 622400
2026-08-11 17:48:00,631 Average window size: 50  distance_to_goal: 0.111  distance_to_goal_reward: 0.000  reward: 6.002  spl: 0.772  success: 0.952
2026-08-11 17:48:00,631 	Perf Stats: trainer.rollout_collect: 0.286 trainer.sample_action: 0.003 trainer.obs_insert: 0.000 trainer.step_env: 0.005 trainer.update_stats: 0.001 trainer.update_agent: 0.035
2026-08-11 17:48:03,802 update: 3900	fps: 493.421	
2026-08-11 17:48:03,802 Num updates: 3900	Num frames 624000
2026-08-11 17:48:03,802 Average window size: 50  distance_to_goal: 0.113  distance_to_goal_reward: 0.000  reward: 5.988  spl: 0.770  success: 0.949
2026-08-11 17:48:03,802 	Perf Stats: trainer.rollout_collect: 0.286 trainer.sample_action: 0.003 trainer.obs_insert: 0.000 trainer.step_env: 0.005 trainer.update_stats: 0.001 trainer.update_agent: 0.035
2026-08-11 17:48:06,881 update: 3910	fps: 493.485	
2026-08-11 17:48:06,881 Num updates: 3910	Num frames 625600
2026-08-11 17:48:06,881 Average window size: 50  distance_to_goal: 0.171  distance_to_goal_reward: 0.000  reward: 5.882  spl: 0.761  success: 0.949
2026-08-11 17:48:06,881 	Perf Stats: trainer.rollout_collect: 0.286 trainer.sample_action: 0.003 trainer.obs_insert: 0.000 trainer.step_env: 0.005 trainer.update_stats: 0.001 trainer.update_agent: 0.035
2026-08-11 17:48:09,970 update: 3920	fps: 493.544	
2026-08-11 17:48:09,971 Num updates: 3920	Num frames 627200
2026-08-11 17:48:09,971 Average window size: 50  distance_to_goal: 0.173  distance_to_goal_reward: 0.000  reward: 6.081  spl: 0.760  success: 0.947
2026-08-11 17:48:09,971 	Perf Stats: trainer.rollout_collect: 0.286 trainer.sample_action: 0.003 trainer.obs_insert: 0.000 trainer.step_env: 0.005 trainer.update_stats: 0.001 trainer.update_agent: 0.035
2026-08-11 17:48:13,068 update: 3930	fps: 493.600	
2026-08-11 17:48:13,068 Num updates: 3930	Num frames 628800
2026-08-11 17:48:13,068 Average window size: 50  distance_to_goal: 0.174  distance_to_goal_reward: 0.000  reward: 6.228  spl: 0.768  success: 0.947
2026-08-11 17:48:13,068 	Perf Stats: trainer.rollout_collect: 0.286 trainer.sample_action: 0.003 trainer.obs_insert: 0.000 trainer.step_env: 0.005 trainer.update_stats: 0.001 trainer.update_agent: 0.035
2026-08-11 17:48:16,166 update: 3940	fps: 493.655	
2026-08-11 17:48:16,166 Num updates: 3940	Num frames 630400
2026-08-11 17:48:16,166 Average window size: 50  distance_to_goal: 0.226  distance_to_goal_reward: 0.000  reward: 6.089  spl: 0.797  success: 0.961
2026-08-11 17:48:16,166 	Perf Stats: trainer.rollout_collect: 0.286 trainer.sample_action: 0.003 trainer.obs_insert: 0.000 trainer.step_env: 0.005 trainer.update_stats: 0.001 trainer.update_agent: 0.035
2026-08-11 17:48:19,249 update: 3950	fps: 493.716	
2026-08-11 17:48:19,250 Num updates: 3950	Num frames 632000
2026-08-11 17:48:19,250 Average window size: 50  distance_to_goal: 0.255  distance_to_goal_reward: 0.000  reward: 6.052  spl: 0.796  success: 0.956
2026-08-11 17:48:19,250 	Perf Stats: trainer.rollout_collect: 0.286 trainer.sample_action: 0.003 trainer.obs_insert: 0.000 trainer.step_env: 0.005 trainer.update_stats: 0.001 trainer.update_agent: 0.035
2026-08-11 17:48:22,349 update: 3960	fps: 493.770	
2026-08-11 17:48:22,350 Num updates: 3960	Num frames 633600
2026-08-11 17:48:22,350 Average window size: 50  distance_to_goal: 0.259  distance_to_goal_reward: -0.001  reward: 5.960  spl: 0.784  success: 0.928
2026-08-11 17:48:22,350 	Perf Stats: trainer.rollout_collect: 0.286 trainer.sample_action: 0.003 trainer.obs_insert: 0.000 trainer.step_env: 0.005 trainer.update_stats: 0.001 trainer.update_agent: 0.035
2026-08-11 17:48:25,451 update: 3970	fps: 493.824	
2026-08-11 17:48:25,460 Num updates: 3970	Num frames 635200
2026-08-11 17:48:25,460 Average window size: 50  distance_to_goal: 0.261  distance_to_goal_reward: -0.001  reward: 6.049  spl: 0.807  success: 0.947
2026-08-11 17:48:25,460 	Perf Stats: trainer.rollout_collect: 0.286 trainer.sample_action: 0.003 trainer.obs_insert: 0.000 trainer.step_env: 0.005 trainer.update_stats: 0.001 trainer.update_agent: 0.035
2026-08-11 17:48:28,547 update: 3980	fps: 493.879	
2026-08-11 17:48:28,547 Num updates: 3980	Num frames 636800
2026-08-11 17:48:28,547 Average window size: 50  distance_to_goal: 0.261  distance_to_goal_reward: -0.001  reward: 6.026  spl: 0.805  success: 0.947
2026-08-11 17:48:28,547 	Perf Stats: trainer.rollout_collect: 0.286 trainer.sample_action: 0.003 trainer.obs_insert: 0.000 trainer.step_env: 0.005 trainer.update_stats: 0.001 trainer.update_agent: 0.035
2026-08-11 17:48:31,614 update: 3990	fps: 493.945	
2026-08-11 17:48:31,614 Num updates: 3990	Num frames 638400
2026-08-11 17:48:31,614 Average window size: 50  distance_to_goal: 0.211  distance_to_goal_reward: -0.001  reward: 6.001  spl: 0.796  success: 0.939
2026-08-11 17:48:31,614 	Perf Stats: trainer.rollout_collect: 0.286 trainer.sample_action: 0.003 trainer.obs_insert: 0.000 trainer.step_env: 0.005 trainer.update_stats: 0.001 trainer.update_agent: 0.035
PluginManager::Manager: duplicate static plugin StbImageImporter, ignoring
PluginManager::Manager: duplicate static plugin GltfImporter, ignoring
PluginManager::Manager: duplicate static plugin BasisImporter, ignoring
PluginManager::Manager: duplicate static plugin AssimpImporter, ignoring
PluginManager::Manager: duplicate static plugin AnySceneImporter, ignoring
PluginManager::Manager: duplicate static plugin AnyImageImporter, ignoring
Renderer: NVIDIA GeForce RTX 4070/PCIe/SSE2 by NVIDIA Corporation
OpenGL version: 4.6.0 NVIDIA 580.173.02
Using optional features:
    GL_ARB_vertex_array_object
    GL_ARB_separate_shader_objects
    GL_ARB_robustness
    GL_ARB_texture_storage
    GL_ARB_texture_view
    GL_ARB_framebuffer_no_attachments
    GL_ARB_invalidate_subdata
    GL_ARB_texture_storage_multisample
    GL_ARB_multi_bind
    GL_ARB_direct_state_access
    GL_ARB_get_texture_sub_image
    GL_ARB_texture_filter_anisotropic
    GL_KHR_debug
    GL_KHR_parallel_shader_compile
    GL_NV_depth_buffer_float
Using driver workarounds:
    no-forward-compatible-core-context
    nv-egl-incorrect-gl11-function-pointers
    no-layout-qualifiers-on-old-glsl
    nv-zero-context-profile-mask
    nv-implementation-color-read-format-dsa-broken
    nv-cubemap-inconsistent-compressed-image-size
    nv-cubemap-broken-full-compressed-image-query
    nv-compressed-block-size-in-bits
[17:48:32:418633]:[Warning]:[Scene] SemanticScene.h(331)::checkFileExists : ::loadSemanticSceneDescriptor: File `data/scene_datasets/habitat-test-scenes/skokloster-castle.scn` does not exist.  Aborting load.
[17:48:32:418649]:[Warning]:[Scene] SemanticScene.cpp(123)::loadSemanticSceneDescriptor : SSD File Naming Issue! Neither SemanticAttributes-provided name : `data/scene_datasets/habitat-test-scenes/skokloster-castle.scn` nor constructed filename : `data/scene_datasets/habitat-test-scenes/info_semantic.json` exist on disk.
[17:48:32:418654]:[Error]:[Scene] SemanticScene.cpp(139)::loadSemanticSceneDescriptor : SSD Load Failure! File with SemanticAttributes-provided name `data/scene_datasets/habitat-test-scenes/skokloster-castle.scn` exists but failed to load.
[17:48:33:027149]:[Warning]:[Sim] Simulator.cpp(595)::instanceStageForSceneAttributes : The active scene does not contain semantic annotations : activeSemanticSceneID_ = 0
2026-08-11 17:48:35,452 update: 4000	fps: 493.716	
2026-08-11 17:48:35,453 Num updates: 4000	Num frames 640000
2026-08-11 17:48:35,453 Average window size: 50  distance_to_goal: 0.256  distance_to_goal_reward: -0.001  reward: 6.096  spl: 0.784  success: 0.922
2026-08-11 17:48:35,453 	Perf Stats: trainer.rollout_collect: 0.286 trainer.sample_action: 0.003 trainer.obs_insert: 0.000 trainer.step_env: 0.005 trainer.update_stats: 0.001 trainer.update_agent: 0.035
2026-08-11 17:48:38,582 update: 4010	fps: 493.759	
2026-08-11 17:48:38,583 Num updates: 4010	Num frames 641600
2026-08-11 17:48:38,583 Average window size: 50  distance_to_goal: 0.194  distance_to_goal_reward: 0.000  reward: 6.505  spl: 0.799  success: 0.942
2026-08-11 17:48:38,583 	Perf Stats: trainer.rollout_collect: 0.286 trainer.sample_action: 0.003 trainer.obs_insert: 0.000 trainer.step_env: 0.005 trainer.update_stats: 0.001 trainer.update_agent: 0.035
PluginManager::Manager: duplicate static plugin StbImageImporter, ignoring
PluginManager::Manager: duplicate static plugin GltfImporter, ignoring
PluginManager::Manager: duplicate static plugin BasisImporter, ignoring
PluginManager::Manager: duplicate static plugin AssimpImporter, ignoring
PluginManager::Manager: duplicate static plugin AnySceneImporter, ignoring
PluginManager::Manager: duplicate static plugin AnyImageImporter, ignoring
Renderer: NVIDIA GeForce RTX 4070/PCIe/SSE2 by NVIDIA Corporation
OpenGL version: 4.6.0 NVIDIA 580.173.02
Using optional features:
    GL_ARB_vertex_array_object
    GL_ARB_separate_shader_objects
    GL_ARB_robustness
    GL_ARB_texture_storage
    GL_ARB_texture_view
    GL_ARB_framebuffer_no_attachments
    GL_ARB_invalidate_subdata
    GL_ARB_texture_storage_multisample
    GL_ARB_multi_bind
    GL_ARB_direct_state_access
    GL_ARB_get_texture_sub_image
    GL_ARB_texture_filter_anisotropic
    GL_KHR_debug
    GL_KHR_parallel_shader_compile
    GL_NV_depth_buffer_float
Using driver workarounds:
    no-forward-compatible-core-context
    nv-egl-incorrect-gl11-function-pointers
    no-layout-qualifiers-on-old-glsl
    nv-zero-context-profile-mask
    nv-implementation-color-read-format-dsa-broken
    nv-cubemap-inconsistent-compressed-image-size
    nv-cubemap-broken-full-compressed-image-query
    nv-compressed-block-size-in-bits
[17:48:40:023657]:[Warning]:[Scene] SemanticScene.h(331)::checkFileExists : ::loadSemanticSceneDescriptor: File `data/scene_datasets/habitat-test-scenes/skokloster-castle.scn` does not exist.  Aborting load.
[17:48:40:023673]:[Warning]:[Scene] SemanticScene.cpp(123)::loadSemanticSceneDescriptor : SSD File Naming Issue! Neither SemanticAttributes-provided name : `data/scene_datasets/habitat-test-scenes/skokloster-castle.scn` nor constructed filename : `data/scene_datasets/habitat-test-scenes/info_semantic.json` exist on disk.
[17:48:40:023678]:[Error]:[Scene] SemanticScene.cpp(139)::loadSemanticSceneDescriptor : SSD Load Failure! File with SemanticAttributes-provided name `data/scene_datasets/habitat-test-scenes/skokloster-castle.scn` exists but failed to load.
[17:48:40:640403]:[Warning]:[Sim] Simulator.cpp(595)::instanceStageForSceneAttributes : The active scene does not contain semantic annotations : activeSemanticSceneID_ = 0
2026-08-11 17:48:42,363 update: 4020	fps: 493.554	
2026-08-11 17:48:42,364 Num updates: 4020	Num frames 643200
2026-08-11 17:48:42,364 Average window size: 50  distance_to_goal: 0.237  distance_to_goal_reward: 0.000  reward: 6.484  spl: 0.789  success: 0.928
2026-08-11 17:48:42,364 	Perf Stats: trainer.rollout_collect: 0.286 trainer.sample_action: 0.003 trainer.obs_insert: 0.000 trainer.step_env: 0.005 trainer.update_stats: 0.001 trainer.update_agent: 0.035
2026-08-11 17:48:45,514 update: 4030	fps: 493.588	
2026-08-11 17:48:45,515 Num updates: 4030	Num frames 644800
2026-08-11 17:48:45,515 Average window size: 50  distance_to_goal: 0.286  distance_to_goal_reward: 0.000  reward: 6.530  spl: 0.769  success: 0.905
2026-08-11 17:48:45,515 	Perf Stats: trainer.rollout_collect: 0.286 trainer.sample_action: 0.003 trainer.obs_insert: 0.000 trainer.step_env: 0.005 trainer.update_stats: 0.001 trainer.update_agent: 0.035
2026-08-11 17:48:48,680 update: 4040	fps: 493.617	
2026-08-11 17:48:48,680 Num updates: 4040	Num frames 646400
2026-08-11 17:48:48,680 Average window size: 50  distance_to_goal: 0.457  distance_to_goal_reward: 0.000  reward: 7.170  spl: 0.751  success: 0.892
2026-08-11 17:48:48,681 	Perf Stats: trainer.rollout_collect: 0.286 trainer.sample_action: 0.003 trainer.obs_insert: 0.000 trainer.step_env: 0.005 trainer.update_stats: 0.001 trainer.update_agent: 0.035
2026-08-11 17:48:51,835 update: 4050	fps: 493.649	
2026-08-11 17:48:51,835 Num updates: 4050	Num frames 648000
2026-08-11 17:48:51,835 Average window size: 50  distance_to_goal: 0.506  distance_to_goal_reward: 0.000  reward: 7.297  spl: 0.742  success: 0.890
2026-08-11 17:48:51,835 	Perf Stats: trainer.rollout_collect: 0.286 trainer.sample_action: 0.003 trainer.obs_insert: 0.000 trainer.step_env: 0.005 trainer.update_stats: 0.001 trainer.update_agent: 0.035
2026-08-11 17:48:55,023 update: 4060	fps: 493.669	
2026-08-11 17:48:55,023 Num updates: 4060	Num frames 649600
2026-08-11 17:48:55,023 Average window size: 50  distance_to_goal: 0.640  distance_to_goal_reward: 0.000  reward: 7.186  spl: 0.731  success: 0.889
2026-08-11 17:48:55,023 	Perf Stats: trainer.rollout_collect: 0.286 trainer.sample_action: 0.003 trainer.obs_insert: 0.000 trainer.step_env: 0.005 trainer.update_stats: 0.001 trainer.update_agent: 0.035
2026-08-11 17:48:58,175 update: 4070	fps: 493.702	
2026-08-11 17:48:58,175 Num updates: 4070	Num frames 651200
2026-08-11 17:48:58,175 Average window size: 50  distance_to_goal: 0.730  distance_to_goal_reward: 0.000  reward: 7.271  spl: 0.710  success: 0.886
2026-08-11 17:48:58,175 	Perf Stats: trainer.rollout_collect: 0.286 trainer.sample_action: 0.003 trainer.obs_insert: 0.000 trainer.step_env: 0.005 trainer.update_stats: 0.001 trainer.update_agent: 0.035
PluginManager::Manager: duplicate static plugin StbImageImporter, ignoring
PluginManager::Manager: duplicate static plugin GltfImporter, ignoring
PluginManager::Manager: duplicate static plugin BasisImporter, ignoring
PluginManager::Manager: duplicate static plugin AssimpImporter, ignoring
PluginManager::Manager: duplicate static plugin AnySceneImporter, ignoring
PluginManager::Manager: duplicate static plugin AnyImageImporter, ignoring
Renderer: NVIDIA GeForce RTX 4070/PCIe/SSE2 by NVIDIA Corporation
OpenGL version: 4.6.0 NVIDIA 580.173.02
Using optional features:
    GL_ARB_vertex_array_object
    GL_ARB_separate_shader_objects
    GL_ARB_robustness
    GL_ARB_texture_storage
    GL_ARB_texture_view
    GL_ARB_framebuffer_no_attachments
    GL_ARB_invalidate_subdata
    GL_ARB_texture_storage_multisample
    GL_ARB_multi_bind
    GL_ARB_direct_state_access
    GL_ARB_get_texture_sub_image
    GL_ARB_texture_filter_anisotropic
    GL_KHR_debug
    GL_KHR_parallel_shader_compile
    GL_NV_depth_buffer_float
Using driver workarounds:
    no-forward-compatible-core-context
    nv-egl-incorrect-gl11-function-pointers
    no-layout-qualifiers-on-old-glsl
    nv-zero-context-profile-mask
    nv-implementation-color-read-format-dsa-broken
    nv-cubemap-inconsistent-compressed-image-size
    nv-cubemap-broken-full-compressed-image-query
    nv-compressed-block-size-in-bits
[17:49:00:773107]:[Warning]:[Scene] SemanticScene.h(331)::checkFileExists : ::loadSemanticSceneDescriptor: File `data/scene_datasets/habitat-test-scenes/skokloster-castle.scn` does not exist.  Aborting load.
[17:49:00:773126]:[Warning]:[Scene] SemanticScene.cpp(123)::loadSemanticSceneDescriptor : SSD File Naming Issue! Neither SemanticAttributes-provided name : `data/scene_datasets/habitat-test-scenes/skokloster-castle.scn` nor constructed filename : `data/scene_datasets/habitat-test-scenes/info_semantic.json` exist on disk.
[17:49:00:773130]:[Error]:[Scene] SemanticScene.cpp(139)::loadSemanticSceneDescriptor : SSD Load Failure! File with SemanticAttributes-provided name `data/scene_datasets/habitat-test-scenes/skokloster-castle.scn` exists but failed to load.
[17:49:01:378495]:[Warning]:[Sim] Simulator.cpp(595)::instanceStageForSceneAttributes : The active scene does not contain semantic annotations : activeSemanticSceneID_ = 0
2026-08-11 17:49:01,987 update: 4080	fps: 493.489	
2026-08-11 17:49:01,987 Num updates: 4080	Num frames 652800
2026-08-11 17:49:01,987 Average window size: 50  distance_to_goal: 0.513  distance_to_goal_reward: 0.000  reward: 7.951  spl: 0.716  success: 0.907
2026-08-11 17:49:01,987 	Perf Stats: trainer.rollout_collect: 0.286 trainer.sample_action: 0.003 trainer.obs_insert: 0.000 trainer.step_env: 0.005 trainer.update_stats: 0.001 trainer.update_agent: 0.035
2026-08-11 17:49:05,215 update: 4090	fps: 493.494	
2026-08-11 17:49:05,215 Num updates: 4090	Num frames 654400
2026-08-11 17:49:05,215 Average window size: 50  distance_to_goal: 0.474  distance_to_goal_reward: 0.000  reward: 8.414  spl: 0.732  success: 0.932
2026-08-11 17:49:05,215 	Perf Stats: trainer.rollout_collect: 0.286 trainer.sample_action: 0.003 trainer.obs_insert: 0.000 trainer.step_env: 0.005 trainer.update_stats: 0.001 trainer.update_agent: 0.035
2026-08-11 17:49:08,524 update: 4100	fps: 493.470	
2026-08-11 17:49:08,525 Num updates: 4100	Num frames 656000
2026-08-11 17:49:08,525 Average window size: 50  distance_to_goal: 0.456  distance_to_goal_reward: 0.000  reward: 8.557  spl: 0.719  success: 0.919
2026-08-11 17:49:08,525 	Perf Stats: trainer.rollout_collect: 0.286 trainer.sample_action: 0.003 trainer.obs_insert: 0.000 trainer.step_env: 0.005 trainer.update_stats: 0.001 trainer.update_agent: 0.035
2026-08-11 17:49:11,760 update: 4110	fps: 493.472	
2026-08-11 17:49:11,760 Num updates: 4110	Num frames 657600
2026-08-11 17:49:11,760 Average window size: 50  distance_to_goal: 1.120  distance_to_goal_reward: 0.000  reward: 8.409  spl: 0.663  success: 0.870
2026-08-11 17:49:11,760 	Perf Stats: trainer.rollout_collect: 0.286 trainer.sample_action: 0.003 trainer.obs_insert: 0.000 trainer.step_env: 0.005 trainer.update_stats: 0.001 trainer.update_agent: 0.035
PluginManager::Manager: duplicate static plugin StbImageImporter, ignoring
PluginManager::Manager: duplicate static plugin GltfImporter, ignoring
PluginManager::Manager: duplicate static plugin BasisImporter, ignoring
PluginManager::Manager: duplicate static plugin AssimpImporter, ignoring
PluginManager::Manager: duplicate static plugin AnySceneImporter, ignoring
PluginManager::Manager: duplicate static plugin AnyImageImporter, ignoring
Renderer: NVIDIA GeForce RTX 4070/PCIe/SSE2 by NVIDIA Corporation
OpenGL version: 4.6.0 NVIDIA 580.173.02
Using optional features:
    GL_ARB_vertex_array_object
    GL_ARB_separate_shader_objects
    GL_ARB_robustness
    GL_ARB_texture_storage
    GL_ARB_texture_view
    GL_ARB_framebuffer_no_attachments
    GL_ARB_invalidate_subdata
    GL_ARB_texture_storage_multisample
    GL_ARB_multi_bind
    GL_ARB_direct_state_access
    GL_ARB_get_texture_sub_image
    GL_ARB_texture_filter_anisotropic
    GL_KHR_debug
    GL_KHR_parallel_shader_compile
    GL_NV_depth_buffer_float
Using driver workarounds:
    no-forward-compatible-core-context
    nv-egl-incorrect-gl11-function-pointers
    no-layout-qualifiers-on-old-glsl
    nv-zero-context-profile-mask
    nv-implementation-color-read-format-dsa-broken
    nv-cubemap-inconsistent-compressed-image-size
    nv-cubemap-broken-full-compressed-image-query
    nv-compressed-block-size-in-bits
[17:49:13:660773]:[Warning]:[Scene] SemanticScene.h(331)::checkFileExists : ::loadSemanticSceneDescriptor: File `data/scene_datasets/habitat-test-scenes/van-gogh-room.scn` does not exist.  Aborting load.
[17:49:13:660789]:[Warning]:[Scene] SemanticScene.cpp(123)::loadSemanticSceneDescriptor : SSD File Naming Issue! Neither SemanticAttributes-provided name : `data/scene_datasets/habitat-test-scenes/van-gogh-room.scn` nor constructed filename : `data/scene_datasets/habitat-test-scenes/info_semantic.json` exist on disk.
[17:49:13:660794]:[Error]:[Scene] SemanticScene.cpp(139)::loadSemanticSceneDescriptor : SSD Load Failure! File with SemanticAttributes-provided name `data/scene_datasets/habitat-test-scenes/van-gogh-room.scn` exists but failed to load.
[17:49:14:099337]:[Warning]:[Sim] Simulator.cpp(595)::instanceStageForSceneAttributes : The active scene does not contain semantic annotations : activeSemanticSceneID_ = 0
2026-08-11 17:49:15,432 update: 4120	fps: 493.313	
2026-08-11 17:49:15,433 Num updates: 4120	Num frames 659200
2026-08-11 17:49:15,433 Average window size: 50  distance_to_goal: 1.365  distance_to_goal_reward: 0.000  reward: 8.668  spl: 0.665  success: 0.865
2026-08-11 17:49:15,433 	Perf Stats: trainer.rollout_collect: 0.286 trainer.sample_action: 0.003 trainer.obs_insert: 0.000 trainer.step_env: 0.005 trainer.update_stats: 0.001 trainer.update_agent: 0.035
2026-08-11 17:49:18,615 update: 4130	fps: 493.335	
2026-08-11 17:49:18,616 Num updates: 4130	Num frames 660800
2026-08-11 17:49:18,616 Average window size: 50  distance_to_goal: 1.514  distance_to_goal_reward: 0.000  reward: 7.766  spl: 0.656  success: 0.837
2026-08-11 17:49:18,616 	Perf Stats: trainer.rollout_collect: 0.286 trainer.sample_action: 0.003 trainer.obs_insert: 0.000 trainer.step_env: 0.005 trainer.update_stats: 0.001 trainer.update_agent: 0.035
2026-08-11 17:49:21,788 update: 4140	fps: 493.362	
2026-08-11 17:49:21,788 Num updates: 4140	Num frames 662400
2026-08-11 17:49:21,788 Average window size: 50  distance_to_goal: 1.787  distance_to_goal_reward: 0.000  reward: 6.835  spl: 0.642  success: 0.812
2026-08-11 17:49:21,788 	Perf Stats: trainer.rollout_collect: 0.286 trainer.sample_action: 0.003 trainer.obs_insert: 0.000 trainer.step_env: 0.005 trainer.update_stats: 0.001 trainer.update_agent: 0.035
2026-08-11 17:49:24,963 update: 4150	fps: 493.386	
2026-08-11 17:49:24,964 Num updates: 4150	Num frames 664000
2026-08-11 17:49:24,964 Average window size: 50  distance_to_goal: 1.789  distance_to_goal_reward: 0.000  reward: 6.247  spl: 0.646  success: 0.810
2026-08-11 17:49:24,964 	Perf Stats: trainer.rollout_collect: 0.286 trainer.sample_action: 0.003 trainer.obs_insert: 0.000 trainer.step_env: 0.005 trainer.update_stats: 0.001 trainer.update_agent: 0.035
2026-08-11 17:49:28,151 update: 4160	fps: 493.406	
2026-08-11 17:49:28,151 Num updates: 4160	Num frames 665600
2026-08-11 17:49:28,151 Average window size: 50  distance_to_goal: 1.230  distance_to_goal_reward: 0.000  reward: 5.962  spl: 0.666  success: 0.825
2026-08-11 17:49:28,151 	Perf Stats: trainer.rollout_collect: 0.286 trainer.sample_action: 0.003 trainer.obs_insert: 0.000 trainer.step_env: 0.005 trainer.update_stats: 0.001 trainer.update_agent: 0.035
2026-08-11 17:49:31,335 update: 4170	fps: 493.428	
2026-08-11 17:49:31,335 Num updates: 4170	Num frames 667200
2026-08-11 17:49:31,335 Average window size: 50  distance_to_goal: 1.125  distance_to_goal_reward: 0.001  reward: 5.813  spl: 0.659  success: 0.800
2026-08-11 17:49:31,335 	Perf Stats: trainer.rollout_collect: 0.286 trainer.sample_action: 0.003 trainer.obs_insert: 0.000 trainer.step_env: 0.005 trainer.update_stats: 0.001 trainer.update_agent: 0.035
2026-08-11 17:49:34,532 update: 4180	fps: 493.445	
2026-08-11 17:49:34,532 Num updates: 4180	Num frames 668800
2026-08-11 17:49:34,532 Average window size: 50  distance_to_goal: 0.941  distance_to_goal_reward: 0.001  reward: 6.620  spl: 0.695  success: 0.838
2026-08-11 17:49:34,532 	Perf Stats: trainer.rollout_collect: 0.286 trainer.sample_action: 0.003 trainer.obs_insert: 0.000 trainer.step_env: 0.005 trainer.update_stats: 0.001 trainer.update_agent: 0.035
2026-08-11 17:49:37,707 update: 4190	fps: 493.469	
2026-08-11 17:49:37,708 Num updates: 4190	Num frames 670400
2026-08-11 17:49:37,708 Average window size: 50  distance_to_goal: 0.887  distance_to_goal_reward: 0.001  reward: 6.895  spl: 0.697  success: 0.835
2026-08-11 17:49:37,708 	Perf Stats: trainer.rollout_collect: 0.286 trainer.sample_action: 0.003 trainer.obs_insert: 0.000 trainer.step_env: 0.005 trainer.update_stats: 0.001 trainer.update_agent: 0.035
2026-08-11 17:49:40,959 update: 4200	fps: 493.465	
2026-08-11 17:49:40,959 Num updates: 4200	Num frames 672000
2026-08-11 17:49:40,959 Average window size: 50  distance_to_goal: 0.654  distance_to_goal_reward: 0.001  reward: 7.189  spl: 0.722  success: 0.855
2026-08-11 17:49:40,960 	Perf Stats: trainer.rollout_collect: 0.286 trainer.sample_action: 0.003 trainer.obs_insert: 0.000 trainer.step_env: 0.005 trainer.update_stats: 0.001 trainer.update_agent: 0.035
PluginManager::Manager: duplicate static plugin StbImageImporter, ignoring
PluginManager::Manager: duplicate static plugin GltfImporter, ignoring
PluginManager::Manager: duplicate static plugin BasisImporter, ignoring
PluginManager::Manager: duplicate static plugin AssimpImporter, ignoring
PluginManager::Manager: duplicate static plugin AnySceneImporter, ignoring
PluginManager::Manager: duplicate static plugin AnyImageImporter, ignoring
Renderer: NVIDIA GeForce RTX 4070/PCIe/SSE2 by NVIDIA Corporation
OpenGL version: 4.6.0 NVIDIA 580.173.02
Using optional features:
    GL_ARB_vertex_array_object
    GL_ARB_separate_shader_objects
    GL_ARB_robustness
    GL_ARB_texture_storage
    GL_ARB_texture_view
    GL_ARB_framebuffer_no_attachments
    GL_ARB_invalidate_subdata
    GL_ARB_texture_storage_multisample
    GL_ARB_multi_bind
    GL_ARB_direct_state_access
    GL_ARB_get_texture_sub_image
    GL_ARB_texture_filter_anisotropic
    GL_KHR_debug
    GL_KHR_parallel_shader_compile
    GL_NV_depth_buffer_float
Using driver workarounds:
    no-forward-compatible-core-context
    nv-egl-incorrect-gl11-function-pointers
    no-layout-qualifiers-on-old-glsl
    nv-zero-context-profile-mask
    nv-implementation-color-read-format-dsa-broken
    nv-cubemap-inconsistent-compressed-image-size
    nv-cubemap-broken-full-compressed-image-query
    nv-compressed-block-size-in-bits
[17:49:41:890944]:[Warning]:[Scene] SemanticScene.h(331)::checkFileExists : ::loadSemanticSceneDescriptor: File `data/scene_datasets/habitat-test-scenes/van-gogh-room.scn` does not exist.  Aborting load.
[17:49:41:890959]:[Warning]:[Scene] SemanticScene.cpp(123)::loadSemanticSceneDescriptor : SSD File Naming Issue! Neither SemanticAttributes-provided name : `data/scene_datasets/habitat-test-scenes/van-gogh-room.scn` nor constructed filename : `data/scene_datasets/habitat-test-scenes/info_semantic.json` exist on disk.
[17:49:41:890964]:[Error]:[Scene] SemanticScene.cpp(139)::loadSemanticSceneDescriptor : SSD Load Failure! File with SemanticAttributes-provided name `data/scene_datasets/habitat-test-scenes/van-gogh-room.scn` exists but failed to load.
[17:49:42:323357]:[Warning]:[Sim] Simulator.cpp(595)::instanceStageForSceneAttributes : The active scene does not contain semantic annotations : activeSemanticSceneID_ = 0
2026-08-11 17:49:44,553 update: 4210	fps: 493.339	
2026-08-11 17:49:44,553 Num updates: 4210	Num frames 673600
2026-08-11 17:49:44,553 Average window size: 50  distance_to_goal: 0.625  distance_to_goal_reward: 0.001  reward: 7.576  spl: 0.751  success: 0.872
2026-08-11 17:49:44,553 	Perf Stats: trainer.rollout_collect: 0.286 trainer.sample_action: 0.003 trainer.obs_insert: 0.000 trainer.step_env: 0.005 trainer.update_stats: 0.001 trainer.update_agent: 0.035
2026-08-11 17:49:47,672 update: 4220	fps: 493.383	
2026-08-11 17:49:47,672 Num updates: 4220	Num frames 675200
2026-08-11 17:49:47,672 Average window size: 50  distance_to_goal: 0.457  distance_to_goal_reward: -0.000  reward: 7.292  spl: 0.758  success: 0.875
2026-08-11 17:49:47,672 	Perf Stats: trainer.rollout_collect: 0.286 trainer.sample_action: 0.003 trainer.obs_insert: 0.000 trainer.step_env: 0.005 trainer.update_stats: 0.001 trainer.update_agent: 0.035
2026-08-11 17:49:50,788 update: 4230	fps: 493.429	
2026-08-11 17:49:50,788 Num updates: 4230	Num frames 676800
2026-08-11 17:49:50,788 Average window size: 50  distance_to_goal: 0.481  distance_to_goal_reward: -0.000  reward: 6.763  spl: 0.763  success: 0.878
2026-08-11 17:49:50,788 	Perf Stats: trainer.rollout_collect: 0.286 trainer.sample_action: 0.003 trainer.obs_insert: 0.000 trainer.step_env: 0.005 trainer.update_stats: 0.001 trainer.update_agent: 0.035
2026-08-11 17:49:53,893 update: 4240	fps: 493.478	
2026-08-11 17:49:53,893 Num updates: 4240	Num frames 678400
2026-08-11 17:49:53,893 Average window size: 50  distance_to_goal: 0.461  distance_to_goal_reward: -0.000  reward: 6.364  spl: 0.722  success: 0.828
2026-08-11 17:49:53,893 	Perf Stats: trainer.rollout_collect: 0.286 trainer.sample_action: 0.003 trainer.obs_insert: 0.000 trainer.step_env: 0.005 trainer.update_stats: 0.001 trainer.update_agent: 0.035
2026-08-11 17:49:56,984 update: 4250	fps: 493.532	
2026-08-11 17:49:56,984 Num updates: 4250	Num frames 680000
2026-08-11 17:49:56,984 Average window size: 50  distance_to_goal: 0.478  distance_to_goal_reward: -0.000  reward: 6.134  spl: 0.718  success: 0.828
2026-08-11 17:49:56,984 	Perf Stats: trainer.rollout_collect: 0.286 trainer.sample_action: 0.003 trainer.obs_insert: 0.000 trainer.step_env: 0.005 trainer.update_stats: 0.001 trainer.update_agent: 0.035
2026-08-11 17:50:00,102 update: 4260	fps: 493.577	
2026-08-11 17:50:00,103 Num updates: 4260	Num frames 681600
2026-08-11 17:50:00,103 Average window size: 50  distance_to_goal: 0.621  distance_to_goal_reward: 0.002  reward: 5.765  spl: 0.706  success: 0.819
2026-08-11 17:50:00,103 	Perf Stats: trainer.rollout_collect: 0.286 trainer.sample_action: 0.003 trainer.obs_insert: 0.000 trainer.step_env: 0.005 trainer.update_stats: 0.001 trainer.update_agent: 0.035
2026-08-11 17:50:03,204 update: 4270	fps: 493.626	
2026-08-11 17:50:03,204 Num updates: 4270	Num frames 683200
2026-08-11 17:50:03,204 Average window size: 50  distance_to_goal: 0.688  distance_to_goal_reward: 0.003  reward: 6.282  spl: 0.715  success: 0.842
2026-08-11 17:50:03,205 	Perf Stats: trainer.rollout_collect: 0.286 trainer.sample_action: 0.003 trainer.obs_insert: 0.000 trainer.step_env: 0.005 trainer.update_stats: 0.001 trainer.update_agent: 0.035
2026-08-11 17:50:06,326 update: 4280	fps: 493.669	
2026-08-11 17:50:06,326 Num updates: 4280	Num frames 684800
2026-08-11 17:50:06,326 Average window size: 50  distance_to_goal: 0.632  distance_to_goal_reward: 0.007  reward: 6.386  spl: 0.708  success: 0.849
2026-08-11 17:50:06,326 	Perf Stats: trainer.rollout_collect: 0.286 trainer.sample_action: 0.003 trainer.obs_insert: 0.000 trainer.step_env: 0.005 trainer.update_stats: 0.001 trainer.update_agent: 0.035
2026-08-11 17:50:09,456 update: 4290	fps: 493.708	
2026-08-11 17:50:09,456 Num updates: 4290	Num frames 686400
2026-08-11 17:50:09,456 Average window size: 50  distance_to_goal: 0.570  distance_to_goal_reward: 0.006  reward: 6.615  spl: 0.737  success: 0.881
2026-08-11 17:50:09,456 	Perf Stats: trainer.rollout_collect: 0.286 trainer.sample_action: 0.003 trainer.obs_insert: 0.000 trainer.step_env: 0.005 trainer.update_stats: 0.001 trainer.update_agent: 0.035
2026-08-11 17:50:12,663 update: 4300	fps: 493.721	
2026-08-11 17:50:12,663 Num updates: 4300	Num frames 688000
2026-08-11 17:50:12,663 Average window size: 50  distance_to_goal: 0.588  distance_to_goal_reward: 0.003  reward: 6.535  spl: 0.738  success: 0.883
2026-08-11 17:50:12,663 	Perf Stats: trainer.rollout_collect: 0.286 trainer.sample_action: 0.003 trainer.obs_insert: 0.000 trainer.step_env: 0.005 trainer.update_stats: 0.001 trainer.update_agent: 0.035
2026-08-11 17:50:15,807 update: 4310	fps: 493.755	
2026-08-11 17:50:15,807 Num updates: 4310	Num frames 689600
2026-08-11 17:50:15,807 Average window size: 50  distance_to_goal: 0.367  distance_to_goal_reward: 0.002  reward: 6.844  spl: 0.747  success: 0.896
2026-08-11 17:50:15,807 	Perf Stats: trainer.rollout_collect: 0.286 trainer.sample_action: 0.003 trainer.obs_insert: 0.000 trainer.step_env: 0.005 trainer.update_stats: 0.001 trainer.update_agent: 0.035
2026-08-11 17:50:18,907 update: 4320	fps: 493.804	
2026-08-11 17:50:18,907 Num updates: 4320	Num frames 691200
2026-08-11 17:50:18,908 Average window size: 50  distance_to_goal: 0.261  distance_to_goal_reward: 0.002  reward: 6.998  spl: 0.769  success: 0.918
2026-08-11 17:50:18,908 	Perf Stats: trainer.rollout_collect: 0.286 trainer.sample_action: 0.003 trainer.obs_insert: 0.000 trainer.step_env: 0.005 trainer.update_stats: 0.001 trainer.update_agent: 0.035
PluginManager::Manager: duplicate static plugin StbImageImporter, ignoring
PluginManager::Manager: duplicate static plugin GltfImporter, ignoring
PluginManager::Manager: duplicate static plugin BasisImporter, ignoring
PluginManager::Manager: duplicate static plugin AssimpImporter, ignoring
PluginManager::Manager: duplicate static plugin AnySceneImporter, ignoring
PluginManager::Manager: duplicate static plugin AnyImageImporter, ignoring
Renderer: NVIDIA GeForce RTX 4070/PCIe/SSE2 by NVIDIA Corporation
OpenGL version: 4.6.0 NVIDIA 580.173.02
Using optional features:
    GL_ARB_vertex_array_object
    GL_ARB_separate_shader_objects
    GL_ARB_robustness
    GL_ARB_texture_storage
    GL_ARB_texture_view
    GL_ARB_framebuffer_no_attachments
    GL_ARB_invalidate_subdata
    GL_ARB_texture_storage_multisample
    GL_ARB_multi_bind
    GL_ARB_direct_state_access
    GL_ARB_get_texture_sub_image
    GL_ARB_texture_filter_anisotropic
    GL_KHR_debug
    GL_KHR_parallel_shader_compile
    GL_NV_depth_buffer_float
Using driver workarounds:
    no-forward-compatible-core-context
    nv-egl-incorrect-gl11-function-pointers
    no-layout-qualifiers-on-old-glsl
    nv-zero-context-profile-mask
    nv-implementation-color-read-format-dsa-broken
    nv-cubemap-inconsistent-compressed-image-size
    nv-cubemap-broken-full-compressed-image-query
    nv-compressed-block-size-in-bits
[17:50:21:317510]:[Warning]:[Scene] SemanticScene.h(331)::checkFileExists : ::loadSemanticSceneDescriptor: File `data/scene_datasets/habitat-test-scenes/van-gogh-room.scn` does not exist.  Aborting load.
[17:50:21:317526]:[Warning]:[Scene] SemanticScene.cpp(123)::loadSemanticSceneDescriptor : SSD File Naming Issue! Neither SemanticAttributes-provided name : `data/scene_datasets/habitat-test-scenes/van-gogh-room.scn` nor constructed filename : `data/scene_datasets/habitat-test-scenes/info_semantic.json` exist on disk.
[17:50:21:317531]:[Error]:[Scene] SemanticScene.cpp(139)::loadSemanticSceneDescriptor : SSD Load Failure! File with SemanticAttributes-provided name `data/scene_datasets/habitat-test-scenes/van-gogh-room.scn` exists but failed to load.
[17:50:21:787444]:[Warning]:[Sim] Simulator.cpp(595)::instanceStageForSceneAttributes : The active scene does not contain semantic annotations : activeSemanticSceneID_ = 0
2026-08-11 17:50:22,500 update: 4330	fps: 493.680	
2026-08-11 17:50:22,500 Num updates: 4330	Num frames 692800
2026-08-11 17:50:22,500 Average window size: 50  distance_to_goal: 0.392  distance_to_goal_reward: 0.000  reward: 6.668  spl: 0.726  success: 0.866
2026-08-11 17:50:22,500 	Perf Stats: trainer.rollout_collect: 0.286 trainer.sample_action: 0.003 trainer.obs_insert: 0.000 trainer.step_env: 0.005 trainer.update_stats: 0.001 trainer.update_agent: 0.035
2026-08-11 17:50:25,551 update: 4340	fps: 493.747	
2026-08-11 17:50:25,551 Num updates: 4340	Num frames 694400
2026-08-11 17:50:25,551 Average window size: 50  distance_to_goal: 0.367  distance_to_goal_reward: 0.000  reward: 6.541  spl: 0.748  success: 0.892
2026-08-11 17:50:25,551 	Perf Stats: trainer.rollout_collect: 0.286 trainer.sample_action: 0.003 trainer.obs_insert: 0.000 trainer.step_env: 0.005 trainer.update_stats: 0.001 trainer.update_agent: 0.035
2026-08-11 17:50:28,613 update: 4350	fps: 493.809	
2026-08-11 17:50:28,613 Num updates: 4350	Num frames 696000
2026-08-11 17:50:28,613 Average window size: 50  distance_to_goal: 0.313  distance_to_goal_reward: 0.000  reward: 6.395  spl: 0.755  success: 0.904
2026-08-11 17:50:28,614 	Perf Stats: trainer.rollout_collect: 0.286 trainer.sample_action: 0.003 trainer.obs_insert: 0.000 trainer.step_env: 0.005 trainer.update_stats: 0.001 trainer.update_agent: 0.035
PluginManager::Manager: duplicate static plugin StbImageImporter, ignoring
PluginManager::Manager: duplicate static plugin GltfImporter, ignoring
PluginManager::Manager: duplicate static plugin BasisImporter, ignoring
PluginManager::Manager: duplicate static plugin AssimpImporter, ignoring
PluginManager::Manager: duplicate static plugin AnySceneImporter, ignoring
PluginManager::Manager: duplicate static plugin AnyImageImporter, ignoring
Renderer: NVIDIA GeForce RTX 4070/PCIe/SSE2 by NVIDIA Corporation
OpenGL version: 4.6.0 NVIDIA 580.173.02
Using optional features:
    GL_ARB_vertex_array_object
    GL_ARB_separate_shader_objects
    GL_ARB_robustness
    GL_ARB_texture_storage
    GL_ARB_texture_view
    GL_ARB_framebuffer_no_attachments
    GL_ARB_invalidate_subdata
    GL_ARB_texture_storage_multisample
    GL_ARB_multi_bind
    GL_ARB_direct_state_access
    GL_ARB_get_texture_sub_image
    GL_ARB_texture_filter_anisotropic
    GL_KHR_debug
    GL_KHR_parallel_shader_compile
    GL_NV_depth_buffer_float
Using driver workarounds:
    no-forward-compatible-core-context
    nv-egl-incorrect-gl11-function-pointers
    no-layout-qualifiers-on-old-glsl
    nv-zero-context-profile-mask
    nv-implementation-color-read-format-dsa-broken
    nv-cubemap-inconsistent-compressed-image-size
    nv-cubemap-broken-full-compressed-image-query
    nv-compressed-block-size-in-bits
[17:50:29:286243]:[Warning]:[Scene] SemanticScene.h(331)::checkFileExists : ::loadSemanticSceneDescriptor: File `data/scene_datasets/habitat-test-scenes/van-gogh-room.scn` does not exist.  Aborting load.
[17:50:29:286259]:[Warning]:[Scene] SemanticScene.cpp(123)::loadSemanticSceneDescriptor : SSD File Naming Issue! Neither SemanticAttributes-provided name : `data/scene_datasets/habitat-test-scenes/van-gogh-room.scn` nor constructed filename : `data/scene_datasets/habitat-test-scenes/info_semantic.json` exist on disk.
[17:50:29:286264]:[Error]:[Scene] SemanticScene.cpp(139)::loadSemanticSceneDescriptor : SSD Load Failure! File with SemanticAttributes-provided name `data/scene_datasets/habitat-test-scenes/van-gogh-room.scn` exists but failed to load.
[17:50:29:720137]:[Warning]:[Sim] Simulator.cpp(595)::instanceStageForSceneAttributes : The active scene does not contain semantic annotations : activeSemanticSceneID_ = 0
2026-08-11 17:50:32,084 update: 4360	fps: 493.729	
2026-08-11 17:50:32,084 Num updates: 4360	Num frames 697600
2026-08-11 17:50:32,084 Average window size: 50  distance_to_goal: 0.375  distance_to_goal_reward: 0.000  reward: 5.745  spl: 0.751  success: 0.903
2026-08-11 17:50:32,084 	Perf Stats: trainer.rollout_collect: 0.286 trainer.sample_action: 0.003 trainer.obs_insert: 0.000 trainer.step_env: 0.005 trainer.update_stats: 0.001 trainer.update_agent: 0.035
2026-08-11 17:50:35,111 update: 4370	fps: 493.806	
2026-08-11 17:50:35,111 Num updates: 4370	Num frames 699200
2026-08-11 17:50:35,111 Average window size: 50  distance_to_goal: 0.388  distance_to_goal_reward: 0.000  reward: 5.608  spl: 0.752  success: 0.895
2026-08-11 17:50:35,111 	Perf Stats: trainer.rollout_collect: 0.286 trainer.sample_action: 0.003 trainer.obs_insert: 0.000 trainer.step_env: 0.005 trainer.update_stats: 0.001 trainer.update_agent: 0.035
2026-08-11 17:50:38,203 update: 4380	fps: 493.855	
2026-08-11 17:50:38,203 Num updates: 4380	Num frames 700800
2026-08-11 17:50:38,203 Average window size: 50  distance_to_goal: 0.233  distance_to_goal_reward: 0.000  reward: 5.767  spl: 0.809  success: 0.963
2026-08-11 17:50:38,203 	Perf Stats: trainer.rollout_collect: 0.286 trainer.sample_action: 0.003 trainer.obs_insert: 0.000 trainer.step_env: 0.005 trainer.update_stats: 0.001 trainer.update_agent: 0.035
2026-08-11 17:50:41,215 update: 4390	fps: 493.934	
2026-08-11 17:50:41,216 Num updates: 4390	Num frames 702400
2026-08-11 17:50:41,216 Average window size: 50  distance_to_goal: 0.305  distance_to_goal_reward: 0.000  reward: 5.512  spl: 0.793  success: 0.940
2026-08-11 17:50:41,216 	Perf Stats: trainer.rollout_collect: 0.286 trainer.sample_action: 0.003 trainer.obs_insert: 0.000 trainer.step_env: 0.005 trainer.update_stats: 0.001 trainer.update_agent: 0.035
2026-08-11 17:50:44,334 update: 4400	fps: 493.975	
2026-08-11 17:50:44,334 Num updates: 4400	Num frames 704000
2026-08-11 17:50:44,334 Average window size: 50  distance_to_goal: 0.261  distance_to_goal_reward: 0.000  reward: 5.568  spl: 0.796  success: 0.935
2026-08-11 17:50:44,334 	Perf Stats: trainer.rollout_collect: 0.286 trainer.sample_action: 0.003 trainer.obs_insert: 0.000 trainer.step_env: 0.005 trainer.update_stats: 0.001 trainer.update_agent: 0.035
2026-08-11 17:50:47,337 update: 4410	fps: 494.057	
2026-08-11 17:50:47,337 Num updates: 4410	Num frames 705600
2026-08-11 17:50:47,337 Average window size: 50  distance_to_goal: 0.205  distance_to_goal_reward: 0.000  reward: 5.921  spl: 0.812  success: 0.951
2026-08-11 17:50:47,337 	Perf Stats: trainer.rollout_collect: 0.286 trainer.sample_action: 0.003 trainer.obs_insert: 0.000 trainer.step_env: 0.005 trainer.update_stats: 0.001 trainer.update_agent: 0.035
2026-08-11 17:50:50,374 update: 4420	fps: 494.127	
2026-08-11 17:50:50,374 Num updates: 4420	Num frames 707200
2026-08-11 17:50:50,374 Average window size: 50  distance_to_goal: 0.170  distance_to_goal_reward: 0.000  reward: 6.070  spl: 0.820  success: 0.947
2026-08-11 17:50:50,374 	Perf Stats: trainer.rollout_collect: 0.286 trainer.sample_action: 0.003 trainer.obs_insert: 0.000 trainer.step_env: 0.005 trainer.update_stats: 0.001 trainer.update_agent: 0.035
2026-08-11 17:50:53,404 update: 4430	fps: 494.198	
2026-08-11 17:50:53,404 Num updates: 4430	Num frames 708800
2026-08-11 17:50:53,404 Average window size: 50  distance_to_goal: 0.170  distance_to_goal_reward: 0.000  reward: 5.993  spl: 0.815  success: 0.940
2026-08-11 17:50:53,404 	Perf Stats: trainer.rollout_collect: 0.286 trainer.sample_action: 0.003 trainer.obs_insert: 0.000 trainer.step_env: 0.005 trainer.update_stats: 0.001 trainer.update_agent: 0.035
PluginManager::Manager: duplicate static plugin StbImageImporter, ignoring
PluginManager::Manager: duplicate static plugin GltfImporter, ignoring
PluginManager::Manager: duplicate static plugin BasisImporter, ignoring
PluginManager::Manager: duplicate static plugin AssimpImporter, ignoring
PluginManager::Manager: duplicate static plugin AnySceneImporter, ignoring
PluginManager::Manager: duplicate static plugin AnyImageImporter, ignoring
Renderer: NVIDIA GeForce RTX 4070/PCIe/SSE2 by NVIDIA Corporation
OpenGL version: 4.6.0 NVIDIA 580.173.02
Using optional features:
    GL_ARB_vertex_array_object
    GL_ARB_separate_shader_objects
    GL_ARB_robustness
    GL_ARB_texture_storage
    GL_ARB_texture_view
    GL_ARB_framebuffer_no_attachments
    GL_ARB_invalidate_subdata
    GL_ARB_texture_storage_multisample
    GL_ARB_multi_bind
    GL_ARB_direct_state_access
    GL_ARB_get_texture_sub_image
    GL_ARB_texture_filter_anisotropic
    GL_KHR_debug
    GL_KHR_parallel_shader_compile
    GL_NV_depth_buffer_float
Using driver workarounds:
    no-forward-compatible-core-context
    nv-egl-incorrect-gl11-function-pointers
    no-layout-qualifiers-on-old-glsl
    nv-zero-context-profile-mask
    nv-implementation-color-read-format-dsa-broken
    nv-cubemap-inconsistent-compressed-image-size
    nv-cubemap-broken-full-compressed-image-query
    nv-compressed-block-size-in-bits
[17:50:55:083226]:[Warning]:[Scene] SemanticScene.h(331)::checkFileExists : ::loadSemanticSceneDescriptor: File `data/scene_datasets/habitat-test-scenes/van-gogh-room.scn` does not exist.  Aborting load.
[17:50:55:083243]:[Warning]:[Scene] SemanticScene.cpp(123)::loadSemanticSceneDescriptor : SSD File Naming Issue! Neither SemanticAttributes-provided name : `data/scene_datasets/habitat-test-scenes/van-gogh-room.scn` nor constructed filename : `data/scene_datasets/habitat-test-scenes/info_semantic.json` exist on disk.
[17:50:55:083248]:[Error]:[Scene] SemanticScene.cpp(139)::loadSemanticSceneDescriptor : SSD Load Failure! File with SemanticAttributes-provided name `data/scene_datasets/habitat-test-scenes/van-gogh-room.scn` exists but failed to load.
[17:50:55:512669]:[Warning]:[Sim] Simulator.cpp(595)::instanceStageForSceneAttributes : The active scene does not contain semantic annotations : activeSemanticSceneID_ = 0
2026-08-11 17:50:56,860 update: 4440	fps: 494.123	
2026-08-11 17:50:56,860 Num updates: 4440	Num frames 710400
2026-08-11 17:50:56,860 Average window size: 50  distance_to_goal: 0.102  distance_to_goal_reward: 0.000  reward: 6.165  spl: 0.831  success: 0.957
2026-08-11 17:50:56,860 	Perf Stats: trainer.rollout_collect: 0.286 trainer.sample_action: 0.003 trainer.obs_insert: 0.000 trainer.step_env: 0.005 trainer.update_stats: 0.001 trainer.update_agent: 0.035
2026-08-11 17:50:59,821 update: 4450	fps: 494.218	
2026-08-11 17:50:59,821 Num updates: 4450	Num frames 712000
2026-08-11 17:50:59,821 Average window size: 50  distance_to_goal: 0.094  distance_to_goal_reward: 0.000  reward: 6.162  spl: 0.829  success: 0.958
2026-08-11 17:50:59,821 	Perf Stats: trainer.rollout_collect: 0.286 trainer.sample_action: 0.003 trainer.obs_insert: 0.000 trainer.step_env: 0.005 trainer.update_stats: 0.001 trainer.update_agent: 0.035
2026-08-11 17:51:02,753 update: 4460	fps: 494.323	
2026-08-11 17:51:02,753 Num updates: 4460	Num frames 713600
2026-08-11 17:51:02,754 Average window size: 50  distance_to_goal: 0.102  distance_to_goal_reward: 0.000  reward: 5.953  spl: 0.815  success: 0.942
2026-08-11 17:51:02,754 	Perf Stats: trainer.rollout_collect: 0.286 trainer.sample_action: 0.003 trainer.obs_insert: 0.000 trainer.step_env: 0.005 trainer.update_stats: 0.001 trainer.update_agent: 0.035
PluginManager::Manager: duplicate static plugin StbImageImporter, ignoring
PluginManager::Manager: duplicate static plugin GltfImporter, ignoring
PluginManager::Manager: duplicate static plugin BasisImporter, ignoring
PluginManager::Manager: duplicate static plugin AssimpImporter, ignoring
PluginManager::Manager: duplicate static plugin AnySceneImporter, ignoring
PluginManager::Manager: duplicate static plugin AnyImageImporter, ignoring
Renderer: NVIDIA GeForce RTX 4070/PCIe/SSE2 by NVIDIA Corporation
OpenGL version: 4.6.0 NVIDIA 580.173.02
Using optional features:
    GL_ARB_vertex_array_object
    GL_ARB_separate_shader_objects
    GL_ARB_robustness
    GL_ARB_texture_storage
    GL_ARB_texture_view
    GL_ARB_framebuffer_no_attachments
    GL_ARB_invalidate_subdata
    GL_ARB_texture_storage_multisample
    GL_ARB_multi_bind
    GL_ARB_direct_state_access
    GL_ARB_get_texture_sub_image
    GL_ARB_texture_filter_anisotropic
    GL_KHR_debug
    GL_KHR_parallel_shader_compile
    GL_NV_depth_buffer_float
Using driver workarounds:
    no-forward-compatible-core-context
    nv-egl-incorrect-gl11-function-pointers
    no-layout-qualifiers-on-old-glsl
    nv-zero-context-profile-mask
    nv-implementation-color-read-format-dsa-broken
    nv-cubemap-inconsistent-compressed-image-size
    nv-cubemap-broken-full-compressed-image-query
    nv-compressed-block-size-in-bits
[17:51:05:281943]:[Warning]:[Scene] SemanticScene.h(331)::checkFileExists : ::loadSemanticSceneDescriptor: File `data/scene_datasets/habitat-test-scenes/skokloster-castle.scn` does not exist.  Aborting load.
[17:51:05:281959]:[Warning]:[Scene] SemanticScene.cpp(123)::loadSemanticSceneDescriptor : SSD File Naming Issue! Neither SemanticAttributes-provided name : `data/scene_datasets/habitat-test-scenes/skokloster-castle.scn` nor constructed filename : `data/scene_datasets/habitat-test-scenes/info_semantic.json` exist on disk.
[17:51:05:281965]:[Error]:[Scene] SemanticScene.cpp(139)::loadSemanticSceneDescriptor : SSD Load Failure! File with SemanticAttributes-provided name `data/scene_datasets/habitat-test-scenes/skokloster-castle.scn` exists but failed to load.
[17:51:05:883639]:[Warning]:[Sim] Simulator.cpp(595)::instanceStageForSceneAttributes : The active scene does not contain semantic annotations : activeSemanticSceneID_ = 0
2026-08-11 17:51:06,362 update: 4470	fps: 494.195	
2026-08-11 17:51:06,363 Num updates: 4470	Num frames 715200
2026-08-11 17:51:06,363 Average window size: 50  distance_to_goal: 0.102  distance_to_goal_reward: 0.000  reward: 5.776  spl: 0.817  success: 0.949
2026-08-11 17:51:06,363 	Perf Stats: trainer.rollout_collect: 0.286 trainer.sample_action: 0.003 trainer.obs_insert: 0.000 trainer.step_env: 0.005 trainer.update_stats: 0.001 trainer.update_agent: 0.035
2026-08-11 17:51:09,368 update: 4480	fps: 494.275	
2026-08-11 17:51:09,368 Num updates: 4480	Num frames 716800
2026-08-11 17:51:09,368 Average window size: 50  distance_to_goal: 0.105  distance_to_goal_reward: 0.000  reward: 5.632  spl: 0.804  success: 0.944
2026-08-11 17:51:09,368 	Perf Stats: trainer.rollout_collect: 0.286 trainer.sample_action: 0.003 trainer.obs_insert: 0.000 trainer.step_env: 0.005 trainer.update_stats: 0.001 trainer.update_agent: 0.035
PluginManager::Manager: duplicate static plugin StbImageImporter, ignoring
PluginManager::Manager: duplicate static plugin GltfImporter, ignoring
PluginManager::Manager: duplicate static plugin BasisImporter, ignoring
PluginManager::Manager: duplicate static plugin AssimpImporter, ignoring
PluginManager::Manager: duplicate static plugin AnySceneImporter, ignoring
PluginManager::Manager: duplicate static plugin AnyImageImporter, ignoring
Renderer: NVIDIA GeForce RTX 4070/PCIe/SSE2 by NVIDIA Corporation
OpenGL version: 4.6.0 NVIDIA 580.173.02
Using optional features:
    GL_ARB_vertex_array_object
    GL_ARB_separate_shader_objects
    GL_ARB_robustness
    GL_ARB_texture_storage
    GL_ARB_texture_view
    GL_ARB_framebuffer_no_attachments
    GL_ARB_invalidate_subdata
    GL_ARB_texture_storage_multisample
    GL_ARB_multi_bind
    GL_ARB_direct_state_access
    GL_ARB_get_texture_sub_image
    GL_ARB_texture_filter_anisotropic
    GL_KHR_debug
    GL_KHR_parallel_shader_compile
    GL_NV_depth_buffer_float
Using driver workarounds:
    no-forward-compatible-core-context
    nv-egl-incorrect-gl11-function-pointers
    no-layout-qualifiers-on-old-glsl
    nv-zero-context-profile-mask
    nv-implementation-color-read-format-dsa-broken
    nv-cubemap-inconsistent-compressed-image-size
    nv-cubemap-broken-full-compressed-image-query
    nv-compressed-block-size-in-bits
[17:51:09:729729]:[Warning]:[Scene] SemanticScene.h(331)::checkFileExists : ::loadSemanticSceneDescriptor: File `data/scene_datasets/habitat-test-scenes/skokloster-castle.scn` does not exist.  Aborting load.
[17:51:09:729746]:[Warning]:[Scene] SemanticScene.cpp(123)::loadSemanticSceneDescriptor : SSD File Naming Issue! Neither SemanticAttributes-provided name : `data/scene_datasets/habitat-test-scenes/skokloster-castle.scn` nor constructed filename : `data/scene_datasets/habitat-test-scenes/info_semantic.json` exist on disk.
[17:51:09:729750]:[Error]:[Scene] SemanticScene.cpp(139)::loadSemanticSceneDescriptor : SSD Load Failure! File with SemanticAttributes-provided name `data/scene_datasets/habitat-test-scenes/skokloster-castle.scn` exists but failed to load.
[17:51:10:332074]:[Warning]:[Sim] Simulator.cpp(595)::instanceStageForSceneAttributes : The active scene does not contain semantic annotations : activeSemanticSceneID_ = 0
2026-08-11 17:51:13,060 update: 4490	fps: 494.120	
2026-08-11 17:51:13,060 Num updates: 4490	Num frames 718400
2026-08-11 17:51:13,060 Average window size: 50  distance_to_goal: 0.134  distance_to_goal_reward: 0.000  reward: 5.704  spl: 0.805  success: 0.946
2026-08-11 17:51:13,060 	Perf Stats: trainer.rollout_collect: 0.286 trainer.sample_action: 0.003 trainer.obs_insert: 0.000 trainer.step_env: 0.005 trainer.update_stats: 0.001 trainer.update_agent: 0.035
2026-08-11 17:51:16,240 update: 4500	fps: 494.140	
2026-08-11 17:51:16,248 Num updates: 4500	Num frames 720000
2026-08-11 17:51:16,248 Average window size: 50  distance_to_goal: 0.208  distance_to_goal_reward: 0.000  reward: 5.796  spl: 0.790  success: 0.930
2026-08-11 17:51:16,248 	Perf Stats: trainer.rollout_collect: 0.286 trainer.sample_action: 0.003 trainer.obs_insert: 0.000 trainer.step_env: 0.005 trainer.update_stats: 0.001 trainer.update_agent: 0.035
2026-08-11 17:51:19,317 update: 4510	fps: 494.194	
2026-08-11 17:51:19,317 Num updates: 4510	Num frames 721600
2026-08-11 17:51:19,317 Average window size: 50  distance_to_goal: 0.208  distance_to_goal_reward: 0.000  reward: 6.088  spl: 0.792  success: 0.945
2026-08-11 17:51:19,317 	Perf Stats: trainer.rollout_collect: 0.286 trainer.sample_action: 0.003 trainer.obs_insert: 0.000 trainer.step_env: 0.005 trainer.update_stats: 0.001 trainer.update_agent: 0.035
2026-08-11 17:51:22,392 update: 4520	fps: 494.249	
2026-08-11 17:51:22,392 Num updates: 4520	Num frames 723200
2026-08-11 17:51:22,392 Average window size: 50  distance_to_goal: 0.217  distance_to_goal_reward: 0.000  reward: 6.198  spl: 0.799  success: 0.955
2026-08-11 17:51:22,392 	Perf Stats: trainer.rollout_collect: 0.286 trainer.sample_action: 0.003 trainer.obs_insert: 0.000 trainer.step_env: 0.005 trainer.update_stats: 0.001 trainer.update_agent: 0.035
2026-08-11 17:51:25,456 update: 4530	fps: 494.307	
2026-08-11 17:51:25,456 Num updates: 4530	Num frames 724800
2026-08-11 17:51:25,456 Average window size: 50  distance_to_goal: 0.274  distance_to_goal_reward: 0.000  reward: 6.311  spl: 0.795  success: 0.954
2026-08-11 17:51:25,456 	Perf Stats: trainer.rollout_collect: 0.286 trainer.sample_action: 0.003 trainer.obs_insert: 0.000 trainer.step_env: 0.005 trainer.update_stats: 0.001 trainer.update_agent: 0.035
2026-08-11 17:51:28,507 update: 4540	fps: 494.370	
2026-08-11 17:51:28,507 Num updates: 4540	Num frames 726400
2026-08-11 17:51:28,507 Average window size: 50  distance_to_goal: 0.241  distance_to_goal_reward: 0.000  reward: 6.158  spl: 0.790  success: 0.945
2026-08-11 17:51:28,507 	Perf Stats: trainer.rollout_collect: 0.286 trainer.sample_action: 0.003 trainer.obs_insert: 0.000 trainer.step_env: 0.005 trainer.update_stats: 0.001 trainer.update_agent: 0.035
2026-08-11 17:51:31,596 update: 4550	fps: 494.419	
2026-08-11 17:51:31,597 Num updates: 4550	Num frames 728000
2026-08-11 17:51:31,597 Average window size: 50  distance_to_goal: 0.233  distance_to_goal_reward: 0.000  reward: 5.984  spl: 0.800  success: 0.962
2026-08-11 17:51:31,597 	Perf Stats: trainer.rollout_collect: 0.286 trainer.sample_action: 0.003 trainer.obs_insert: 0.000 trainer.step_env: 0.005 trainer.update_stats: 0.001 trainer.update_agent: 0.035
2026-08-11 17:51:34,667 update: 4560	fps: 494.475	
2026-08-11 17:51:34,667 Num updates: 4560	Num frames 729600
2026-08-11 17:51:34,667 Average window size: 50  distance_to_goal: 0.310  distance_to_goal_reward: 0.000  reward: 5.728  spl: 0.795  success: 0.952
2026-08-11 17:51:34,667 	Perf Stats: trainer.rollout_collect: 0.286 trainer.sample_action: 0.003 trainer.obs_insert: 0.000 trainer.step_env: 0.005 trainer.update_stats: 0.001 trainer.update_agent: 0.035
2026-08-11 17:51:37,758 update: 4570	fps: 494.523	
2026-08-11 17:51:37,758 Num updates: 4570	Num frames 731200
2026-08-11 17:51:37,758 Average window size: 50  distance_to_goal: 0.366  distance_to_goal_reward: 0.000  reward: 5.656  spl: 0.787  success: 0.938
2026-08-11 17:51:37,758 	Perf Stats: trainer.rollout_collect: 0.286 trainer.sample_action: 0.003 trainer.obs_insert: 0.000 trainer.step_env: 0.005 trainer.update_stats: 0.001 trainer.update_agent: 0.035
2026-08-11 17:51:40,822 update: 4580	fps: 494.580	
2026-08-11 17:51:40,822 Num updates: 4580	Num frames 732800
2026-08-11 17:51:40,822 Average window size: 50  distance_to_goal: 0.311  distance_to_goal_reward: 0.000  reward: 5.765  spl: 0.802  success: 0.945
2026-08-11 17:51:40,822 	Perf Stats: trainer.rollout_collect: 0.286 trainer.sample_action: 0.003 trainer.obs_insert: 0.000 trainer.step_env: 0.005 trainer.update_stats: 0.001 trainer.update_agent: 0.035
2026-08-11 17:51:43,881 update: 4590	fps: 494.639	
2026-08-11 17:51:43,881 Num updates: 4590	Num frames 734400
2026-08-11 17:51:43,881 Average window size: 50  distance_to_goal: 0.367  distance_to_goal_reward: 0.000  reward: 5.811  spl: 0.797  success: 0.939
2026-08-11 17:51:43,882 	Perf Stats: trainer.rollout_collect: 0.286 trainer.sample_action: 0.003 trainer.obs_insert: 0.000 trainer.step_env: 0.005 trainer.update_stats: 0.001 trainer.update_agent: 0.035
2026-08-11 17:51:47,036 update: 4600	fps: 494.665	
2026-08-11 17:51:47,037 Num updates: 4600	Num frames 736000
2026-08-11 17:51:47,037 Average window size: 50  distance_to_goal: 0.327  distance_to_goal_reward: 0.000  reward: 5.798  spl: 0.784  success: 0.922
2026-08-11 17:51:47,037 	Perf Stats: trainer.rollout_collect: 0.285 trainer.sample_action: 0.003 trainer.obs_insert: 0.000 trainer.step_env: 0.005 trainer.update_stats: 0.001 trainer.update_agent: 0.035
2026-08-11 17:51:50,125 update: 4610	fps: 494.714	
2026-08-11 17:51:50,125 Num updates: 4610	Num frames 737600
2026-08-11 17:51:50,125 Average window size: 50  distance_to_goal: 0.286  distance_to_goal_reward: 0.000  reward: 5.888  spl: 0.786  success: 0.919
2026-08-11 17:51:50,125 	Perf Stats: trainer.rollout_collect: 0.285 trainer.sample_action: 0.003 trainer.obs_insert: 0.000 trainer.step_env: 0.005 trainer.update_stats: 0.001 trainer.update_agent: 0.035
2026-08-11 17:51:53,219 update: 4620	fps: 494.760	
2026-08-11 17:51:53,219 Num updates: 4620	Num frames 739200
2026-08-11 17:51:53,219 Average window size: 50  distance_to_goal: 0.227  distance_to_goal_reward: 0.000  reward: 6.257  spl: 0.805  success: 0.935
2026-08-11 17:51:53,219 	Perf Stats: trainer.rollout_collect: 0.285 trainer.sample_action: 0.003 trainer.obs_insert: 0.000 trainer.step_env: 0.005 trainer.update_stats: 0.001 trainer.update_agent: 0.035
2026-08-11 17:51:56,288 update: 4630	fps: 494.815	
2026-08-11 17:51:56,288 Num updates: 4630	Num frames 740800
2026-08-11 17:51:56,288 Average window size: 50  distance_to_goal: 0.231  distance_to_goal_reward: 0.000  reward: 6.115  spl: 0.801  success: 0.928
2026-08-11 17:51:56,288 	Perf Stats: trainer.rollout_collect: 0.285 trainer.sample_action: 0.003 trainer.obs_insert: 0.000 trainer.step_env: 0.005 trainer.update_stats: 0.001 trainer.update_agent: 0.035
2026-08-11 17:51:59,346 update: 4640	fps: 494.873	
2026-08-11 17:51:59,346 Num updates: 4640	Num frames 742400
2026-08-11 17:51:59,346 Average window size: 50  distance_to_goal: 0.347  distance_to_goal_reward: 0.000  reward: 6.080  spl: 0.804  success: 0.928
2026-08-11 17:51:59,346 	Perf Stats: trainer.rollout_collect: 0.285 trainer.sample_action: 0.003 trainer.obs_insert: 0.000 trainer.step_env: 0.005 trainer.update_stats: 0.001 trainer.update_agent: 0.035
2026-08-11 17:52:02,406 update: 4650	fps: 494.930	
2026-08-11 17:52:02,406 Num updates: 4650	Num frames 744000
2026-08-11 17:52:02,406 Average window size: 50  distance_to_goal: 0.383  distance_to_goal_reward: 0.000  reward: 5.975  spl: 0.815  success: 0.933
2026-08-11 17:52:02,406 	Perf Stats: trainer.rollout_collect: 0.285 trainer.sample_action: 0.003 trainer.obs_insert: 0.000 trainer.step_env: 0.005 trainer.update_stats: 0.001 trainer.update_agent: 0.035
PluginManager::Manager: duplicate static plugin StbImageImporter, ignoring
PluginManager::Manager: duplicate static plugin GltfImporter, ignoring
PluginManager::Manager: duplicate static plugin BasisImporter, ignoring
PluginManager::Manager: duplicate static plugin AssimpImporter, ignoring
PluginManager::Manager: duplicate static plugin AnySceneImporter, ignoring
PluginManager::Manager: duplicate static plugin AnyImageImporter, ignoring
Renderer: NVIDIA GeForce RTX 4070/PCIe/SSE2 by NVIDIA Corporation
OpenGL version: 4.6.0 NVIDIA 580.173.02
Using optional features:
    GL_ARB_vertex_array_object
    GL_ARB_separate_shader_objects
    GL_ARB_robustness
    GL_ARB_texture_storage
    GL_ARB_texture_view
    GL_ARB_framebuffer_no_attachments
    GL_ARB_invalidate_subdata
    GL_ARB_texture_storage_multisample
    GL_ARB_multi_bind
    GL_ARB_direct_state_access
    GL_ARB_get_texture_sub_image
    GL_ARB_texture_filter_anisotropic
    GL_KHR_debug
    GL_KHR_parallel_shader_compile
    GL_NV_depth_buffer_float
Using driver workarounds:
    no-forward-compatible-core-context
    nv-egl-incorrect-gl11-function-pointers
    no-layout-qualifiers-on-old-glsl
    nv-zero-context-profile-mask
    nv-implementation-color-read-format-dsa-broken
    nv-cubemap-inconsistent-compressed-image-size
    nv-cubemap-broken-full-compressed-image-query
    nv-compressed-block-size-in-bits
[17:52:04:661566]:[Warning]:[Scene] SemanticScene.h(331)::checkFileExists : ::loadSemanticSceneDescriptor: File `data/scene_datasets/habitat-test-scenes/skokloster-castle.scn` does not exist.  Aborting load.
[17:52:04:661582]:[Warning]:[Scene] SemanticScene.cpp(123)::loadSemanticSceneDescriptor : SSD File Naming Issue! Neither SemanticAttributes-provided name : `data/scene_datasets/habitat-test-scenes/skokloster-castle.scn` nor constructed filename : `data/scene_datasets/habitat-test-scenes/info_semantic.json` exist on disk.
[17:52:04:661587]:[Error]:[Scene] SemanticScene.cpp(139)::loadSemanticSceneDescriptor : SSD Load Failure! File with SemanticAttributes-provided name `data/scene_datasets/habitat-test-scenes/skokloster-castle.scn` exists but failed to load.
[17:52:05:279404]:[Warning]:[Sim] Simulator.cpp(595)::instanceStageForSceneAttributes : The active scene does not contain semantic annotations : activeSemanticSceneID_ = 0
2026-08-11 17:52:06,133 update: 4660	fps: 494.767	
2026-08-11 17:52:06,133 Num updates: 4660	Num frames 745600
2026-08-11 17:52:06,133 Average window size: 50  distance_to_goal: 0.392  distance_to_goal_reward: 0.000  reward: 5.984  spl: 0.791  success: 0.914
2026-08-11 17:52:06,133 	Perf Stats: trainer.rollout_collect: 0.285 trainer.sample_action: 0.003 trainer.obs_insert: 0.000 trainer.step_env: 0.005 trainer.update_stats: 0.001 trainer.update_agent: 0.035
2026-08-11 17:52:09,260 update: 4670	fps: 494.802	
2026-08-11 17:52:09,260 Num updates: 4670	Num frames 747200
2026-08-11 17:52:09,260 Average window size: 50  distance_to_goal: 0.503  distance_to_goal_reward: 0.000  reward: 5.684  spl: 0.768  success: 0.892
2026-08-11 17:52:09,260 	Perf Stats: trainer.rollout_collect: 0.285 trainer.sample_action: 0.003 trainer.obs_insert: 0.000 trainer.step_env: 0.005 trainer.update_stats: 0.001 trainer.update_agent: 0.035
PluginManager::Manager: duplicate static plugin StbImageImporter, ignoring
PluginManager::Manager: duplicate static plugin GltfImporter, ignoring
PluginManager::Manager: duplicate static plugin BasisImporter, ignoring
PluginManager::Manager: duplicate static plugin AssimpImporter, ignoring
PluginManager::Manager: duplicate static plugin AnySceneImporter, ignoring
PluginManager::Manager: duplicate static plugin AnyImageImporter, ignoring
Renderer: NVIDIA GeForce RTX 4070/PCIe/SSE2 by NVIDIA Corporation
OpenGL version: 4.6.0 NVIDIA 580.173.02
Using optional features:
    GL_ARB_vertex_array_object
    GL_ARB_separate_shader_objects
    GL_ARB_robustness
    GL_ARB_texture_storage
    GL_ARB_texture_view
    GL_ARB_framebuffer_no_attachments
    GL_ARB_invalidate_subdata
    GL_ARB_texture_storage_multisample
    GL_ARB_multi_bind
    GL_ARB_direct_state_access
    GL_ARB_get_texture_sub_image
    GL_ARB_texture_filter_anisotropic
    GL_KHR_debug
    GL_KHR_parallel_shader_compile
    GL_NV_depth_buffer_float
Using driver workarounds:
    no-forward-compatible-core-context
    nv-egl-incorrect-gl11-function-pointers
    no-layout-qualifiers-on-old-glsl
    nv-zero-context-profile-mask
    nv-implementation-color-read-format-dsa-broken
    nv-cubemap-inconsistent-compressed-image-size
    nv-cubemap-broken-full-compressed-image-query
    nv-compressed-block-size-in-bits
[17:52:10:086107]:[Warning]:[Scene] SemanticScene.h(331)::checkFileExists : ::loadSemanticSceneDescriptor: File `data/scene_datasets/habitat-test-scenes/skokloster-castle.scn` does not exist.  Aborting load.
[17:52:10:086124]:[Warning]:[Scene] SemanticScene.cpp(123)::loadSemanticSceneDescriptor : SSD File Naming Issue! Neither SemanticAttributes-provided name : `data/scene_datasets/habitat-test-scenes/skokloster-castle.scn` nor constructed filename : `data/scene_datasets/habitat-test-scenes/info_semantic.json` exist on disk.
[17:52:10:086129]:[Error]:[Scene] SemanticScene.cpp(139)::loadSemanticSceneDescriptor : SSD Load Failure! File with SemanticAttributes-provided name `data/scene_datasets/habitat-test-scenes/skokloster-castle.scn` exists but failed to load.
[17:52:10:718174]:[Warning]:[Sim] Simulator.cpp(595)::instanceStageForSceneAttributes : The active scene does not contain semantic annotations : activeSemanticSceneID_ = 0
2026-08-11 17:52:13,083 update: 4680	fps: 494.610	
2026-08-11 17:52:13,083 Num updates: 4680	Num frames 748800
2026-08-11 17:52:13,084 Average window size: 50  distance_to_goal: 0.572  distance_to_goal_reward: 0.000  reward: 5.958  spl: 0.745  success: 0.870
2026-08-11 17:52:13,084 	Perf Stats: trainer.rollout_collect: 0.286 trainer.sample_action: 0.003 trainer.obs_insert: 0.000 trainer.step_env: 0.005 trainer.update_stats: 0.001 trainer.update_agent: 0.035
2026-08-11 17:52:16,248 update: 4690	fps: 494.632	
2026-08-11 17:52:16,249 Num updates: 4690	Num frames 750400
2026-08-11 17:52:16,249 Average window size: 50  distance_to_goal: 0.359  distance_to_goal_reward: 0.000  reward: 6.440  spl: 0.760  success: 0.889
2026-08-11 17:52:16,249 	Perf Stats: trainer.rollout_collect: 0.286 trainer.sample_action: 0.003 trainer.obs_insert: 0.000 trainer.step_env: 0.005 trainer.update_stats: 0.001 trainer.update_agent: 0.035
2026-08-11 17:52:19,527 update: 4700	fps: 494.618	
2026-08-11 17:52:19,527 Num updates: 4700	Num frames 752000
2026-08-11 17:52:19,527 Average window size: 50  distance_to_goal: 0.717  distance_to_goal_reward: 0.000  reward: 6.822  spl: 0.737  success: 0.860
2026-08-11 17:52:19,527 	Perf Stats: trainer.rollout_collect: 0.286 trainer.sample_action: 0.003 trainer.obs_insert: 0.000 trainer.step_env: 0.005 trainer.update_stats: 0.001 trainer.update_agent: 0.035
2026-08-11 17:52:22,685 update: 4710	fps: 494.643	
2026-08-11 17:52:22,685 Num updates: 4710	Num frames 753600
2026-08-11 17:52:22,685 Average window size: 50  distance_to_goal: 0.748  distance_to_goal_reward: 0.000  reward: 7.409  spl: 0.740  success: 0.866
2026-08-11 17:52:22,685 	Perf Stats: trainer.rollout_collect: 0.286 trainer.sample_action: 0.003 trainer.obs_insert: 0.000 trainer.step_env: 0.005 trainer.update_stats: 0.001 trainer.update_agent: 0.035
2026-08-11 17:52:25,857 update: 4720	fps: 494.663	
2026-08-11 17:52:25,857 Num updates: 4720	Num frames 755200
2026-08-11 17:52:25,857 Average window size: 50  distance_to_goal: 0.965  distance_to_goal_reward: 0.000  reward: 7.175  spl: 0.724  success: 0.851
2026-08-11 17:52:25,858 	Perf Stats: trainer.rollout_collect: 0.285 trainer.sample_action: 0.003 trainer.obs_insert: 0.000 trainer.step_env: 0.005 trainer.update_stats: 0.001 trainer.update_agent: 0.035
2026-08-11 17:52:29,040 update: 4730	fps: 494.680	
2026-08-11 17:52:29,040 Num updates: 4730	Num frames 756800
2026-08-11 17:52:29,040 Average window size: 50  distance_to_goal: 1.032  distance_to_goal_reward: 0.000  reward: 7.341  spl: 0.723  success: 0.863
2026-08-11 17:52:29,040 	Perf Stats: trainer.rollout_collect: 0.285 trainer.sample_action: 0.003 trainer.obs_insert: 0.000 trainer.step_env: 0.005 trainer.update_stats: 0.001 trainer.update_agent: 0.035
2026-08-11 17:52:32,196 update: 4740	fps: 494.705	
2026-08-11 17:52:32,196 Num updates: 4740	Num frames 758400
2026-08-11 17:52:32,196 Average window size: 50  distance_to_goal: 1.032  distance_to_goal_reward: 0.000  reward: 7.095  spl: 0.714  success: 0.855
2026-08-11 17:52:32,196 	Perf Stats: trainer.rollout_collect: 0.285 trainer.sample_action: 0.003 trainer.obs_insert: 0.000 trainer.step_env: 0.005 trainer.update_stats: 0.001 trainer.update_agent: 0.035
PluginManager::Manager: duplicate static plugin StbImageImporter, ignoring
PluginManager::Manager: duplicate static plugin GltfImporter, ignoring
PluginManager::Manager: duplicate static plugin BasisImporter, ignoring
PluginManager::Manager: duplicate static plugin AssimpImporter, ignoring
PluginManager::Manager: duplicate static plugin AnySceneImporter, ignoring
PluginManager::Manager: duplicate static plugin AnyImageImporter, ignoring
Renderer: NVIDIA GeForce RTX 4070/PCIe/SSE2 by NVIDIA Corporation
OpenGL version: 4.6.0 NVIDIA 580.173.02
Using optional features:
    GL_ARB_vertex_array_object
    GL_ARB_separate_shader_objects
    GL_ARB_robustness
    GL_ARB_texture_storage
    GL_ARB_texture_view
    GL_ARB_framebuffer_no_attachments
    GL_ARB_invalidate_subdata
    GL_ARB_texture_storage_multisample
    GL_ARB_multi_bind
    GL_ARB_direct_state_access
    GL_ARB_get_texture_sub_image
    GL_ARB_texture_filter_anisotropic
    GL_KHR_debug
    GL_KHR_parallel_shader_compile
    GL_NV_depth_buffer_float
Using driver workarounds:
    no-forward-compatible-core-context
    nv-egl-incorrect-gl11-function-pointers
    no-layout-qualifiers-on-old-glsl
    nv-zero-context-profile-mask
    nv-implementation-color-read-format-dsa-broken
    nv-cubemap-inconsistent-compressed-image-size
    nv-cubemap-broken-full-compressed-image-query
    nv-compressed-block-size-in-bits
[17:52:33:126472]:[Warning]:[Scene] SemanticScene.h(331)::checkFileExists : ::loadSemanticSceneDescriptor: File `data/scene_datasets/habitat-test-scenes/van-gogh-room.scn` does not exist.  Aborting load.
[17:52:33:126487]:[Warning]:[Scene] SemanticScene.cpp(123)::loadSemanticSceneDescriptor : SSD File Naming Issue! Neither SemanticAttributes-provided name : `data/scene_datasets/habitat-test-scenes/van-gogh-room.scn` nor constructed filename : `data/scene_datasets/habitat-test-scenes/info_semantic.json` exist on disk.
[17:52:33:126492]:[Error]:[Scene] SemanticScene.cpp(139)::loadSemanticSceneDescriptor : SSD Load Failure! File with SemanticAttributes-provided name `data/scene_datasets/habitat-test-scenes/van-gogh-room.scn` exists but failed to load.
[17:52:33:559111]:[Warning]:[Sim] Simulator.cpp(595)::instanceStageForSceneAttributes : The active scene does not contain semantic annotations : activeSemanticSceneID_ = 0
2026-08-11 17:52:35,790 update: 4750	fps: 494.589	
2026-08-11 17:52:35,790 Num updates: 4750	Num frames 760000
2026-08-11 17:52:35,790 Average window size: 50  distance_to_goal: 0.839  distance_to_goal_reward: 0.000  reward: 6.857  spl: 0.727  success: 0.889
2026-08-11 17:52:35,790 	Perf Stats: trainer.rollout_collect: 0.286 trainer.sample_action: 0.003 trainer.obs_insert: 0.000 trainer.step_env: 0.005 trainer.update_stats: 0.001 trainer.update_agent: 0.035
2026-08-11 17:52:38,925 update: 4760	fps: 494.621	
2026-08-11 17:52:38,926 Num updates: 4760	Num frames 761600
2026-08-11 17:52:38,926 Average window size: 50  distance_to_goal: 0.759  distance_to_goal_reward: 0.000  reward: 6.398  spl: 0.755  success: 0.912
2026-08-11 17:52:38,926 	Perf Stats: trainer.rollout_collect: 0.286 trainer.sample_action: 0.003 trainer.obs_insert: 0.000 trainer.step_env: 0.005 trainer.update_stats: 0.001 trainer.update_agent: 0.035
2026-08-11 17:52:42,052 update: 4770	fps: 494.656	
2026-08-11 17:52:42,052 Num updates: 4770	Num frames 763200
2026-08-11 17:52:42,052 Average window size: 50  distance_to_goal: 0.575  distance_to_goal_reward: 0.000  reward: 6.533  spl: 0.771  success: 0.932
2026-08-11 17:52:42,052 	Perf Stats: trainer.rollout_collect: 0.286 trainer.sample_action: 0.003 trainer.obs_insert: 0.000 trainer.step_env: 0.005 trainer.update_stats: 0.001 trainer.update_agent: 0.035
2026-08-11 17:52:45,191 update: 4780	fps: 494.687	
2026-08-11 17:52:45,191 Num updates: 4780	Num frames 764800
2026-08-11 17:52:45,191 Average window size: 50  distance_to_goal: 0.548  distance_to_goal_reward: 0.000  reward: 6.321  spl: 0.777  success: 0.935
2026-08-11 17:52:45,191 	Perf Stats: trainer.rollout_collect: 0.285 trainer.sample_action: 0.003 trainer.obs_insert: 0.000 trainer.step_env: 0.005 trainer.update_stats: 0.001 trainer.update_agent: 0.035
2026-08-11 17:52:48,325 update: 4790	fps: 494.719	
2026-08-11 17:52:48,325 Num updates: 4790	Num frames 766400
2026-08-11 17:52:48,325 Average window size: 50  distance_to_goal: 0.530  distance_to_goal_reward: 0.000  reward: 6.338  spl: 0.783  success: 0.941
2026-08-11 17:52:48,325 	Perf Stats: trainer.rollout_collect: 0.285 trainer.sample_action: 0.003 trainer.obs_insert: 0.000 trainer.step_env: 0.005 trainer.update_stats: 0.001 trainer.update_agent: 0.035
PluginManager::Manager: duplicate static plugin StbImageImporter, ignoring
PluginManager::Manager: duplicate static plugin GltfImporter, ignoring
PluginManager::Manager: duplicate static plugin BasisImporter, ignoring
PluginManager::Manager: duplicate static plugin AssimpImporter, ignoring
PluginManager::Manager: duplicate static plugin AnySceneImporter, ignoring
PluginManager::Manager: duplicate static plugin AnyImageImporter, ignoring
Renderer: NVIDIA GeForce RTX 4070/PCIe/SSE2 by NVIDIA Corporation
OpenGL version: 4.6.0 NVIDIA 580.173.02
Using optional features:
    GL_ARB_vertex_array_object
    GL_ARB_separate_shader_objects
    GL_ARB_robustness
    GL_ARB_texture_storage
    GL_ARB_texture_view
    GL_ARB_framebuffer_no_attachments
    GL_ARB_invalidate_subdata
    GL_ARB_texture_storage_multisample
    GL_ARB_multi_bind
    GL_ARB_direct_state_access
    GL_ARB_get_texture_sub_image
    GL_ARB_texture_filter_anisotropic
    GL_KHR_debug
    GL_KHR_parallel_shader_compile
    GL_NV_depth_buffer_float
Using driver workarounds:
    no-forward-compatible-core-context
    nv-egl-incorrect-gl11-function-pointers
    no-layout-qualifiers-on-old-glsl
    nv-zero-context-profile-mask
    nv-implementation-color-read-format-dsa-broken
    nv-cubemap-inconsistent-compressed-image-size
    nv-cubemap-broken-full-compressed-image-query
    nv-compressed-block-size-in-bits
[17:52:48:802832]:[Warning]:[Scene] SemanticScene.h(331)::checkFileExists : ::loadSemanticSceneDescriptor: File `data/scene_datasets/habitat-test-scenes/skokloster-castle.scn` does not exist.  Aborting load.
[17:52:48:802849]:[Warning]:[Scene] SemanticScene.cpp(123)::loadSemanticSceneDescriptor : SSD File Naming Issue! Neither SemanticAttributes-provided name : `data/scene_datasets/habitat-test-scenes/skokloster-castle.scn` nor constructed filename : `data/scene_datasets/habitat-test-scenes/info_semantic.json` exist on disk.
[17:52:48:802854]:[Error]:[Scene] SemanticScene.cpp(139)::loadSemanticSceneDescriptor : SSD Load Failure! File with SemanticAttributes-provided name `data/scene_datasets/habitat-test-scenes/skokloster-castle.scn` exists but failed to load.
[17:52:49:409427]:[Warning]:[Sim] Simulator.cpp(595)::instanceStageForSceneAttributes : The active scene does not contain semantic annotations : activeSemanticSceneID_ = 0
2026-08-11 17:52:52,205 update: 4800	fps: 494.513	
2026-08-11 17:52:52,205 Num updates: 4800	Num frames 768000
2026-08-11 17:52:52,205 Average window size: 50  distance_to_goal: 0.605  distance_to_goal_reward: 0.000  reward: 6.044  spl: 0.776  success: 0.926
2026-08-11 17:52:52,205 	Perf Stats: trainer.rollout_collect: 0.286 trainer.sample_action: 0.003 trainer.obs_insert: 0.000 trainer.step_env: 0.005 trainer.update_stats: 0.001 trainer.update_agent: 0.035
2026-08-11 17:52:55,390 update: 4810	fps: 494.529	
2026-08-11 17:52:55,391 Num updates: 4810	Num frames 769600
2026-08-11 17:52:55,391 Average window size: 50  distance_to_goal: 0.862  distance_to_goal_reward: 0.000  reward: 6.068  spl: 0.753  success: 0.907
2026-08-11 17:52:55,391 	Perf Stats: trainer.rollout_collect: 0.286 trainer.sample_action: 0.003 trainer.obs_insert: 0.000 trainer.step_env: 0.005 trainer.update_stats: 0.001 trainer.update_agent: 0.035
PluginManager::Manager: duplicate static plugin StbImageImporter, ignoring
PluginManager::Manager: duplicate static plugin GltfImporter, ignoring
PluginManager::Manager: duplicate static plugin BasisImporter, ignoring
PluginManager::Manager: duplicate static plugin AssimpImporter, ignoring
PluginManager::Manager: duplicate static plugin AnySceneImporter, ignoring
PluginManager::Manager: duplicate static plugin AnyImageImporter, ignoring
Renderer: NVIDIA GeForce RTX 4070/PCIe/SSE2 by NVIDIA Corporation
OpenGL version: 4.6.0 NVIDIA 580.173.02
Using optional features:
    GL_ARB_vertex_array_object
    GL_ARB_separate_shader_objects
    GL_ARB_robustness
    GL_ARB_texture_storage
    GL_ARB_texture_view
    GL_ARB_framebuffer_no_attachments
    GL_ARB_invalidate_subdata
    GL_ARB_texture_storage_multisample
    GL_ARB_multi_bind
    GL_ARB_direct_state_access
    GL_ARB_get_texture_sub_image
    GL_ARB_texture_filter_anisotropic
    GL_KHR_debug
    GL_KHR_parallel_shader_compile
    GL_NV_depth_buffer_float
Using driver workarounds:
    no-forward-compatible-core-context
    nv-egl-incorrect-gl11-function-pointers
    no-layout-qualifiers-on-old-glsl
    nv-zero-context-profile-mask
    nv-implementation-color-read-format-dsa-broken
    nv-cubemap-inconsistent-compressed-image-size
    nv-cubemap-broken-full-compressed-image-query
    nv-compressed-block-size-in-bits
[17:52:55:536920]:[Warning]:[Scene] SemanticScene.h(331)::checkFileExists : ::loadSemanticSceneDescriptor: File `data/scene_datasets/habitat-test-scenes/van-gogh-room.scn` does not exist.  Aborting load.
[17:52:55:536935]:[Warning]:[Scene] SemanticScene.cpp(123)::loadSemanticSceneDescriptor : SSD File Naming Issue! Neither SemanticAttributes-provided name : `data/scene_datasets/habitat-test-scenes/van-gogh-room.scn` nor constructed filename : `data/scene_datasets/habitat-test-scenes/info_semantic.json` exist on disk.
[17:52:55:536940]:[Error]:[Scene] SemanticScene.cpp(139)::loadSemanticSceneDescriptor : SSD Load Failure! File with SemanticAttributes-provided name `data/scene_datasets/habitat-test-scenes/van-gogh-room.scn` exists but failed to load.
[17:52:55:966601]:[Warning]:[Sim] Simulator.cpp(595)::instanceStageForSceneAttributes : The active scene does not contain semantic annotations : activeSemanticSceneID_ = 0
2026-08-11 17:52:58,955 update: 4820	fps: 494.424	
2026-08-11 17:52:58,956 Num updates: 4820	Num frames 771200
2026-08-11 17:52:58,956 Average window size: 50  distance_to_goal: 0.978  distance_to_goal_reward: 0.000  reward: 6.115  spl: 0.751  success: 0.897
2026-08-11 17:52:58,956 	Perf Stats: trainer.rollout_collect: 0.286 trainer.sample_action: 0.003 trainer.obs_insert: 0.000 trainer.step_env: 0.005 trainer.update_stats: 0.001 trainer.update_agent: 0.035
2026-08-11 17:53:02,096 update: 4830	fps: 494.455	
2026-08-11 17:53:02,096 Num updates: 4830	Num frames 772800
2026-08-11 17:53:02,096 Average window size: 50  distance_to_goal: 0.993  distance_to_goal_reward: 0.000  reward: 5.912  spl: 0.738  success: 0.878
2026-08-11 17:53:02,096 	Perf Stats: trainer.rollout_collect: 0.286 trainer.sample_action: 0.003 trainer.obs_insert: 0.000 trainer.step_env: 0.005 trainer.update_stats: 0.001 trainer.update_agent: 0.035
2026-08-11 17:53:05,229 update: 4840	fps: 494.487	
2026-08-11 17:53:05,229 Num updates: 4840	Num frames 774400
2026-08-11 17:53:05,229 Average window size: 50  distance_to_goal: 1.037  distance_to_goal_reward: 0.003  reward: 6.024  spl: 0.758  success: 0.891
2026-08-11 17:53:05,229 	Perf Stats: trainer.rollout_collect: 0.286 trainer.sample_action: 0.003 trainer.obs_insert: 0.000 trainer.step_env: 0.005 trainer.update_stats: 0.001 trainer.update_agent: 0.035
2026-08-11 17:53:08,338 update: 4850	fps: 494.527	
2026-08-11 17:53:08,338 Num updates: 4850	Num frames 776000
2026-08-11 17:53:08,338 Average window size: 50  distance_to_goal: 0.950  distance_to_goal_reward: 0.003  reward: 5.900  spl: 0.755  success: 0.885
2026-08-11 17:53:08,338 	Perf Stats: trainer.rollout_collect: 0.286 trainer.sample_action: 0.003 trainer.obs_insert: 0.000 trainer.step_env: 0.005 trainer.update_stats: 0.001 trainer.update_agent: 0.035
2026-08-11 17:53:11,461 update: 4860	fps: 494.562	
2026-08-11 17:53:11,461 Num updates: 4860	Num frames 777600
2026-08-11 17:53:11,462 Average window size: 50  distance_to_goal: 0.764  distance_to_goal_reward: 0.003  reward: 6.016  spl: 0.765  success: 0.892
2026-08-11 17:53:11,462 	Perf Stats: trainer.rollout_collect: 0.286 trainer.sample_action: 0.003 trainer.obs_insert: 0.000 trainer.step_env: 0.005 trainer.update_stats: 0.001 trainer.update_agent: 0.035
2026-08-11 17:53:14,563 update: 4870	fps: 494.604	
2026-08-11 17:53:14,563 Num updates: 4870	Num frames 779200
2026-08-11 17:53:14,563 Average window size: 50  distance_to_goal: 0.612  distance_to_goal_reward: 0.003  reward: 6.043  spl: 0.765  success: 0.888
2026-08-11 17:53:14,563 	Perf Stats: trainer.rollout_collect: 0.286 trainer.sample_action: 0.003 trainer.obs_insert: 0.000 trainer.step_env: 0.005 trainer.update_stats: 0.001 trainer.update_agent: 0.035
2026-08-11 17:53:17,682 update: 4880	fps: 494.641	
2026-08-11 17:53:17,682 Num updates: 4880	Num frames 780800
2026-08-11 17:53:17,682 Average window size: 50  distance_to_goal: 0.787  distance_to_goal_reward: 0.003  reward: 5.629  spl: 0.752  success: 0.872
2026-08-11 17:53:17,682 	Perf Stats: trainer.rollout_collect: 0.286 trainer.sample_action: 0.003 trainer.obs_insert: 0.000 trainer.step_env: 0.005 trainer.update_stats: 0.001 trainer.update_agent: 0.035
2026-08-11 17:53:20,800 update: 4890	fps: 494.677	
2026-08-11 17:53:20,801 Num updates: 4890	Num frames 782400
2026-08-11 17:53:20,801 Average window size: 50  distance_to_goal: 0.661  distance_to_goal_reward: 0.000  reward: 5.771  spl: 0.761  success: 0.878
2026-08-11 17:53:20,801 	Perf Stats: trainer.rollout_collect: 0.286 trainer.sample_action: 0.003 trainer.obs_insert: 0.000 trainer.step_env: 0.005 trainer.update_stats: 0.001 trainer.update_agent: 0.035
2026-08-11 17:53:24,008 update: 4900	fps: 494.685	
2026-08-11 17:53:24,009 Num updates: 4900	Num frames 784000
2026-08-11 17:53:24,009 Average window size: 50  distance_to_goal: 0.557  distance_to_goal_reward: 0.000  reward: 5.942  spl: 0.782  success: 0.895
2026-08-11 17:53:24,009 	Perf Stats: trainer.rollout_collect: 0.285 trainer.sample_action: 0.003 trainer.obs_insert: 0.000 trainer.step_env: 0.005 trainer.update_stats: 0.001 trainer.update_agent: 0.035
2026-08-11 17:53:27,114 update: 4910	fps: 494.725	
2026-08-11 17:53:27,114 Num updates: 4910	Num frames 785600
2026-08-11 17:53:27,114 Average window size: 50  distance_to_goal: 0.722  distance_to_goal_reward: 0.000  reward: 5.715  spl: 0.771  success: 0.878
2026-08-11 17:53:27,114 	Perf Stats: trainer.rollout_collect: 0.285 trainer.sample_action: 0.003 trainer.obs_insert: 0.000 trainer.step_env: 0.005 trainer.update_stats: 0.001 trainer.update_agent: 0.035
2026-08-11 17:53:30,239 update: 4920	fps: 494.759	
2026-08-11 17:53:30,239 Num updates: 4920	Num frames 787200
2026-08-11 17:53:30,239 Average window size: 50  distance_to_goal: 0.686  distance_to_goal_reward: 0.000  reward: 5.924  spl: 0.782  success: 0.889
2026-08-11 17:53:30,239 	Perf Stats: trainer.rollout_collect: 0.285 trainer.sample_action: 0.003 trainer.obs_insert: 0.000 trainer.step_env: 0.005 trainer.update_stats: 0.001 trainer.update_agent: 0.035
2026-08-11 17:53:33,351 update: 4930	fps: 494.797	
2026-08-11 17:53:33,351 Num updates: 4930	Num frames 788800
2026-08-11 17:53:33,351 Average window size: 50  distance_to_goal: 0.557  distance_to_goal_reward: 0.001  reward: 6.156  spl: 0.780  success: 0.886
2026-08-11 17:53:33,351 	Perf Stats: trainer.rollout_collect: 0.285 trainer.sample_action: 0.003 trainer.obs_insert: 0.000 trainer.step_env: 0.005 trainer.update_stats: 0.001 trainer.update_agent: 0.035
2026-08-11 17:53:36,494 update: 4940	fps: 494.825	
2026-08-11 17:53:36,494 Num updates: 4940	Num frames 790400
2026-08-11 17:53:36,494 Average window size: 50  distance_to_goal: 0.603  distance_to_goal_reward: 0.002  reward: 5.762  spl: 0.745  success: 0.855
2026-08-11 17:53:36,494 	Perf Stats: trainer.rollout_collect: 0.285 trainer.sample_action: 0.003 trainer.obs_insert: 0.000 trainer.step_env: 0.005 trainer.update_stats: 0.001 trainer.update_agent: 0.035
PluginManager::Manager: duplicate static plugin StbImageImporter, ignoring
PluginManager::Manager: duplicate static plugin GltfImporter, ignoring
PluginManager::Manager: duplicate static plugin BasisImporter, ignoring
PluginManager::Manager: duplicate static plugin AssimpImporter, ignoring
PluginManager::Manager: duplicate static plugin AnySceneImporter, ignoring
PluginManager::Manager: duplicate static plugin AnyImageImporter, ignoring
Renderer: NVIDIA GeForce RTX 4070/PCIe/SSE2 by NVIDIA Corporation
OpenGL version: 4.6.0 NVIDIA 580.173.02
Using optional features:
    GL_ARB_vertex_array_object
    GL_ARB_separate_shader_objects
    GL_ARB_robustness
    GL_ARB_texture_storage
    GL_ARB_texture_view
    GL_ARB_framebuffer_no_attachments
    GL_ARB_invalidate_subdata
    GL_ARB_texture_storage_multisample
    GL_ARB_multi_bind
    GL_ARB_direct_state_access
    GL_ARB_get_texture_sub_image
    GL_ARB_texture_filter_anisotropic
    GL_KHR_debug
    GL_KHR_parallel_shader_compile
    GL_NV_depth_buffer_float
Using driver workarounds:
    no-forward-compatible-core-context
    nv-egl-incorrect-gl11-function-pointers
    no-layout-qualifiers-on-old-glsl
    nv-zero-context-profile-mask
    nv-implementation-color-read-format-dsa-broken
    nv-cubemap-inconsistent-compressed-image-size
    nv-cubemap-broken-full-compressed-image-query
    nv-compressed-block-size-in-bits
[17:53:36:774430]:[Warning]:[Scene] SemanticScene.h(331)::checkFileExists : ::loadSemanticSceneDescriptor: File `data/scene_datasets/habitat-test-scenes/van-gogh-room.scn` does not exist.  Aborting load.
[17:53:36:774445]:[Warning]:[Scene] SemanticScene.cpp(123)::loadSemanticSceneDescriptor : SSD File Naming Issue! Neither SemanticAttributes-provided name : `data/scene_datasets/habitat-test-scenes/van-gogh-room.scn` nor constructed filename : `data/scene_datasets/habitat-test-scenes/info_semantic.json` exist on disk.
[17:53:36:774450]:[Error]:[Scene] SemanticScene.cpp(139)::loadSemanticSceneDescriptor : SSD Load Failure! File with SemanticAttributes-provided name `data/scene_datasets/habitat-test-scenes/van-gogh-room.scn` exists but failed to load.
[17:53:37:248432]:[Warning]:[Sim] Simulator.cpp(595)::instanceStageForSceneAttributes : The active scene does not contain semantic annotations : activeSemanticSceneID_ = 0
2026-08-11 17:53:40,086 update: 4950	fps: 494.714	
2026-08-11 17:53:40,086 Num updates: 4950	Num frames 792000
2026-08-11 17:53:40,086 Average window size: 50  distance_to_goal: 0.492  distance_to_goal_reward: 0.001  reward: 6.100  spl: 0.742  success: 0.848
2026-08-11 17:53:40,086 	Perf Stats: trainer.rollout_collect: 0.285 trainer.sample_action: 0.003 trainer.obs_insert: 0.000 trainer.step_env: 0.005 trainer.update_stats: 0.001 trainer.update_agent: 0.035
2026-08-11 17:53:43,140 update: 4960	fps: 494.770	
2026-08-11 17:53:43,141 Num updates: 4960	Num frames 793600
2026-08-11 17:53:43,141 Average window size: 50  distance_to_goal: 0.274  distance_to_goal_reward: 0.001  reward: 6.347  spl: 0.780  success: 0.891
2026-08-11 17:53:43,141 	Perf Stats: trainer.rollout_collect: 0.285 trainer.sample_action: 0.003 trainer.obs_insert: 0.000 trainer.step_env: 0.005 trainer.update_stats: 0.001 trainer.update_agent: 0.035
2026-08-11 17:53:46,206 update: 4970	fps: 494.822	
2026-08-11 17:53:46,214 Num updates: 4970	Num frames 795200
2026-08-11 17:53:46,214 Average window size: 50  distance_to_goal: 0.315  distance_to_goal_reward: 0.002  reward: 6.224  spl: 0.770  success: 0.890
2026-08-11 17:53:46,215 	Perf Stats: trainer.rollout_collect: 0.285 trainer.sample_action: 0.003 trainer.obs_insert: 0.000 trainer.step_env: 0.005 trainer.update_stats: 0.001 trainer.update_agent: 0.035
2026-08-11 17:53:49,269 update: 4980	fps: 494.874	
2026-08-11 17:53:49,270 Num updates: 4980	Num frames 796800
2026-08-11 17:53:49,270 Average window size: 50  distance_to_goal: 0.327  distance_to_goal_reward: 0.000  reward: 6.189  spl: 0.782  success: 0.906
2026-08-11 17:53:49,270 	Perf Stats: trainer.rollout_collect: 0.285 trainer.sample_action: 0.003 trainer.obs_insert: 0.000 trainer.step_env: 0.005 trainer.update_stats: 0.001 trainer.update_agent: 0.035
PluginManager::Manager: duplicate static plugin StbImageImporter, ignoring
PluginManager::Manager: duplicate static plugin GltfImporter, ignoring
PluginManager::Manager: duplicate static plugin BasisImporter, ignoring
PluginManager::Manager: duplicate static plugin AssimpImporter, ignoring
PluginManager::Manager: duplicate static plugin AnySceneImporter, ignoring
PluginManager::Manager: duplicate static plugin AnyImageImporter, ignoring
Renderer: NVIDIA GeForce RTX 4070/PCIe/SSE2 by NVIDIA Corporation
OpenGL version: 4.6.0 NVIDIA 580.173.02
Using optional features:
    GL_ARB_vertex_array_object
    GL_ARB_separate_shader_objects
    GL_ARB_robustness
    GL_ARB_texture_storage
    GL_ARB_texture_view
    GL_ARB_framebuffer_no_attachments
    GL_ARB_invalidate_subdata
    GL_ARB_texture_storage_multisample
    GL_ARB_multi_bind
    GL_ARB_direct_state_access
    GL_ARB_get_texture_sub_image
    GL_ARB_texture_filter_anisotropic
    GL_KHR_debug
    GL_KHR_parallel_shader_compile
    GL_NV_depth_buffer_float
Using driver workarounds:
    no-forward-compatible-core-context
    nv-egl-incorrect-gl11-function-pointers
    no-layout-qualifiers-on-old-glsl
    nv-zero-context-profile-mask
    nv-implementation-color-read-format-dsa-broken
    nv-cubemap-inconsistent-compressed-image-size
    nv-cubemap-broken-full-compressed-image-query
    nv-compressed-block-size-in-bits
[17:53:49:455337]:[Warning]:[Scene] SemanticScene.h(331)::checkFileExists : ::loadSemanticSceneDescriptor: File `data/scene_datasets/habitat-test-scenes/van-gogh-room.scn` does not exist.  Aborting load.
[17:53:49:455353]:[Warning]:[Scene] SemanticScene.cpp(123)::loadSemanticSceneDescriptor : SSD File Naming Issue! Neither SemanticAttributes-provided name : `data/scene_datasets/habitat-test-scenes/van-gogh-room.scn` nor constructed filename : `data/scene_datasets/habitat-test-scenes/info_semantic.json` exist on disk.
[17:53:49:455357]:[Error]:[Scene] SemanticScene.cpp(139)::loadSemanticSceneDescriptor : SSD Load Failure! File with SemanticAttributes-provided name `data/scene_datasets/habitat-test-scenes/van-gogh-room.scn` exists but failed to load.
[17:53:49:893466]:[Warning]:[Sim] Simulator.cpp(595)::instanceStageForSceneAttributes : The active scene does not contain semantic annotations : activeSemanticSceneID_ = 0
2026-08-11 17:53:52,753 update: 4990	fps: 494.797	
2026-08-11 17:53:52,753 Num updates: 4990	Num frames 798400
2026-08-11 17:53:52,754 Average window size: 50  distance_to_goal: 0.261  distance_to_goal_reward: 0.000  reward: 6.274  spl: 0.775  success: 0.904
2026-08-11 17:53:52,754 	Perf Stats: trainer.rollout_collect: 0.285 trainer.sample_action: 0.003 trainer.obs_insert: 0.000 trainer.step_env: 0.005 trainer.update_stats: 0.001 trainer.update_agent: 0.035
2026-08-11 17:53:55,881 update: 5000	fps: 494.830	
2026-08-11 17:53:55,881 Num updates: 5000	Num frames 800000
2026-08-11 17:53:55,881 Average window size: 50  distance_to_goal: 0.262  distance_to_goal_reward: 0.000  reward: 6.065  spl: 0.769  success: 0.905
2026-08-11 17:53:55,881 	Perf Stats: trainer.rollout_collect: 0.285 trainer.sample_action: 0.003 trainer.obs_insert: 0.000 trainer.step_env: 0.005 trainer.update_stats: 0.001 trainer.update_agent: 0.035
2026-08-11 17:53:58,987 update: 5010	fps: 494.868	
2026-08-11 17:53:58,987 Num updates: 5010	Num frames 801600
2026-08-11 17:53:58,987 Average window size: 50  distance_to_goal: 0.220  distance_to_goal_reward: -0.000  reward: 5.993  spl: 0.770  success: 0.913
2026-08-11 17:53:58,987 	Perf Stats: trainer.rollout_collect: 0.285 trainer.sample_action: 0.003 trainer.obs_insert: 0.000 trainer.step_env: 0.005 trainer.update_stats: 0.001 trainer.update_agent: 0.035
2026-08-11 17:54:01,993 update: 5020	fps: 494.937	
2026-08-11 17:54:01,994 Num updates: 5020	Num frames 803200
2026-08-11 17:54:01,994 Average window size: 50  distance_to_goal: 0.151  distance_to_goal_reward: -0.000  reward: 5.914  spl: 0.770  success: 0.919
2026-08-11 17:54:01,994 	Perf Stats: trainer.rollout_collect: 0.285 trainer.sample_action: 0.003 trainer.obs_insert: 0.000 trainer.step_env: 0.005 trainer.update_stats: 0.001 trainer.update_agent: 0.035
2026-08-11 17:54:05,008 update: 5030	fps: 495.004	
2026-08-11 17:54:05,008 Num updates: 5030	Num frames 804800
2026-08-11 17:54:05,008 Average window size: 50  distance_to_goal: 0.137  distance_to_goal_reward: -0.000  reward: 5.707  spl: 0.751  success: 0.902
2026-08-11 17:54:05,008 	Perf Stats: trainer.rollout_collect: 0.285 trainer.sample_action: 0.003 trainer.obs_insert: 0.000 trainer.step_env: 0.005 trainer.update_stats: 0.001 trainer.update_agent: 0.035
2026-08-11 17:54:08,041 update: 5040	fps: 495.064	
2026-08-11 17:54:08,042 Num updates: 5040	Num frames 806400
2026-08-11 17:54:08,042 Average window size: 50  distance_to_goal: 0.131  distance_to_goal_reward: -0.000  reward: 5.697  spl: 0.789  success: 0.948
2026-08-11 17:54:08,042 	Perf Stats: trainer.rollout_collect: 0.285 trainer.sample_action: 0.003 trainer.obs_insert: 0.000 trainer.step_env: 0.005 trainer.update_stats: 0.001 trainer.update_agent: 0.035
PluginManager::Manager: duplicate static plugin StbImageImporter, ignoring
PluginManager::Manager: duplicate static plugin GltfImporter, ignoring
PluginManager::Manager: duplicate static plugin BasisImporter, ignoring
PluginManager::Manager: duplicate static plugin AssimpImporter, ignoring
PluginManager::Manager: duplicate static plugin AnySceneImporter, ignoring
PluginManager::Manager: duplicate static plugin AnyImageImporter, ignoring
Renderer: NVIDIA GeForce RTX 4070/PCIe/SSE2 by NVIDIA Corporation
OpenGL version: 4.6.0 NVIDIA 580.173.02
Using optional features:
    GL_ARB_vertex_array_object
    GL_ARB_separate_shader_objects
    GL_ARB_robustness
    GL_ARB_texture_storage
    GL_ARB_texture_view
    GL_ARB_framebuffer_no_attachments
    GL_ARB_invalidate_subdata
    GL_ARB_texture_storage_multisample
    GL_ARB_multi_bind
    GL_ARB_direct_state_access
    GL_ARB_get_texture_sub_image
    GL_ARB_texture_filter_anisotropic
    GL_KHR_debug
    GL_KHR_parallel_shader_compile
    GL_NV_depth_buffer_float
Using driver workarounds:
    no-forward-compatible-core-context
    nv-egl-incorrect-gl11-function-pointers
    no-layout-qualifiers-on-old-glsl
    nv-zero-context-profile-mask
    nv-implementation-color-read-format-dsa-broken
    nv-cubemap-inconsistent-compressed-image-size
    nv-cubemap-broken-full-compressed-image-query
    nv-compressed-block-size-in-bits
[17:54:09:772631]:[Warning]:[Scene] SemanticScene.h(331)::checkFileExists : ::loadSemanticSceneDescriptor: File `data/scene_datasets/habitat-test-scenes/van-gogh-room.scn` does not exist.  Aborting load.
[17:54:09:772648]:[Warning]:[Scene] SemanticScene.cpp(123)::loadSemanticSceneDescriptor : SSD File Naming Issue! Neither SemanticAttributes-provided name : `data/scene_datasets/habitat-test-scenes/van-gogh-room.scn` nor constructed filename : `data/scene_datasets/habitat-test-scenes/info_semantic.json` exist on disk.
[17:54:09:772654]:[Error]:[Scene] SemanticScene.cpp(139)::loadSemanticSceneDescriptor : SSD Load Failure! File with SemanticAttributes-provided name `data/scene_datasets/habitat-test-scenes/van-gogh-room.scn` exists but failed to load.
[17:54:10:202020]:[Warning]:[Sim] Simulator.cpp(595)::instanceStageForSceneAttributes : The active scene does not contain semantic annotations : activeSemanticSceneID_ = 0
2026-08-11 17:54:11,504 update: 5050	fps: 494.994	
2026-08-11 17:54:11,504 Num updates: 5050	Num frames 808000
2026-08-11 17:54:11,504 Average window size: 50  distance_to_goal: 0.147  distance_to_goal_reward: -0.000  reward: 5.596  spl: 0.790  success: 0.956
2026-08-11 17:54:11,504 	Perf Stats: trainer.rollout_collect: 0.285 trainer.sample_action: 0.003 trainer.obs_insert: 0.000 trainer.step_env: 0.005 trainer.update_stats: 0.001 trainer.update_agent: 0.035
2026-08-11 17:54:14,533 update: 5060	fps: 495.056	
2026-08-11 17:54:14,533 Num updates: 5060	Num frames 809600
2026-08-11 17:54:14,533 Average window size: 50  distance_to_goal: 0.131  distance_to_goal_reward: 0.000  reward: 5.634  spl: 0.795  success: 0.953
2026-08-11 17:54:14,533 	Perf Stats: trainer.rollout_collect: 0.285 trainer.sample_action: 0.003 trainer.obs_insert: 0.000 trainer.step_env: 0.005 trainer.update_stats: 0.001 trainer.update_agent: 0.035
PluginManager::Manager: duplicate static plugin StbImageImporter, ignoring
PluginManager::Manager: duplicate static plugin GltfImporter, ignoring
PluginManager::Manager: duplicate static plugin BasisImporter, ignoring
PluginManager::Manager: duplicate static plugin AssimpImporter, ignoring
PluginManager::Manager: duplicate static plugin AnySceneImporter, ignoring
PluginManager::Manager: duplicate static plugin AnyImageImporter, ignoring
Renderer: NVIDIA GeForce RTX 4070/PCIe/SSE2 by NVIDIA Corporation
OpenGL version: 4.6.0 NVIDIA 580.173.02
Using optional features:
    GL_ARB_vertex_array_object
    GL_ARB_separate_shader_objects
    GL_ARB_robustness
    GL_ARB_texture_storage
    GL_ARB_texture_view
    GL_ARB_framebuffer_no_attachments
    GL_ARB_invalidate_subdata
    GL_ARB_texture_storage_multisample
    GL_ARB_multi_bind
    GL_ARB_direct_state_access
    GL_ARB_get_texture_sub_image
    GL_ARB_texture_filter_anisotropic
    GL_KHR_debug
    GL_KHR_parallel_shader_compile
    GL_NV_depth_buffer_float
Using driver workarounds:
    no-forward-compatible-core-context
    nv-egl-incorrect-gl11-function-pointers
    no-layout-qualifiers-on-old-glsl
    nv-zero-context-profile-mask
    nv-implementation-color-read-format-dsa-broken
    nv-cubemap-inconsistent-compressed-image-size
    nv-cubemap-broken-full-compressed-image-query
    nv-compressed-block-size-in-bits
[17:54:14:947676]:[Warning]:[Scene] SemanticScene.h(331)::checkFileExists : ::loadSemanticSceneDescriptor: File `data/scene_datasets/habitat-test-scenes/skokloster-castle.scn` does not exist.  Aborting load.
[17:54:14:947691]:[Warning]:[Scene] SemanticScene.cpp(123)::loadSemanticSceneDescriptor : SSD File Naming Issue! Neither SemanticAttributes-provided name : `data/scene_datasets/habitat-test-scenes/skokloster-castle.scn` nor constructed filename : `data/scene_datasets/habitat-test-scenes/info_semantic.json` exist on disk.
[17:54:14:947696]:[Error]:[Scene] SemanticScene.cpp(139)::loadSemanticSceneDescriptor : SSD Load Failure! File with SemanticAttributes-provided name `data/scene_datasets/habitat-test-scenes/skokloster-castle.scn` exists but failed to load.
[17:54:15:549596]:[Warning]:[Sim] Simulator.cpp(595)::instanceStageForSceneAttributes : The active scene does not contain semantic annotations : activeSemanticSceneID_ = 0
2026-08-11 17:54:18,171 update: 5070	fps: 494.933	
2026-08-11 17:54:18,171 Num updates: 5070	Num frames 811200
2026-08-11 17:54:18,171 Average window size: 50  distance_to_goal: 0.131  distance_to_goal_reward: 0.000  reward: 5.596  spl: 0.800  success: 0.943
2026-08-11 17:54:18,171 	Perf Stats: trainer.rollout_collect: 0.285 trainer.sample_action: 0.003 trainer.obs_insert: 0.000 trainer.step_env: 0.005 trainer.update_stats: 0.001 trainer.update_agent: 0.035
2026-08-11 17:54:21,174 update: 5080	fps: 495.003	
2026-08-11 17:54:21,174 Num updates: 5080	Num frames 812800
2026-08-11 17:54:21,174 Average window size: 50  distance_to_goal: 0.140  distance_to_goal_reward: 0.000  reward: 5.577  spl: 0.806  success: 0.940
2026-08-11 17:54:21,174 	Perf Stats: trainer.rollout_collect: 0.285 trainer.sample_action: 0.003 trainer.obs_insert: 0.000 trainer.step_env: 0.005 trainer.update_stats: 0.001 trainer.update_agent: 0.035
PluginManager::Manager: duplicate static plugin StbImageImporter, ignoring
PluginManager::Manager: duplicate static plugin GltfImporter, ignoring
PluginManager::Manager: duplicate static plugin BasisImporter, ignoring
PluginManager::Manager: duplicate static plugin AssimpImporter, ignoring
PluginManager::Manager: duplicate static plugin AnySceneImporter, ignoring
PluginManager::Manager: duplicate static plugin AnyImageImporter, ignoring
Renderer: NVIDIA GeForce RTX 4070/PCIe/SSE2 by NVIDIA Corporation
OpenGL version: 4.6.0 NVIDIA 580.173.02
Using optional features:
    GL_ARB_vertex_array_object
    GL_ARB_separate_shader_objects
    GL_ARB_robustness
    GL_ARB_texture_storage
    GL_ARB_texture_view
    GL_ARB_framebuffer_no_attachments
    GL_ARB_invalidate_subdata
    GL_ARB_texture_storage_multisample
    GL_ARB_multi_bind
    GL_ARB_direct_state_access
    GL_ARB_get_texture_sub_image
    GL_ARB_texture_filter_anisotropic
    GL_KHR_debug
    GL_KHR_parallel_shader_compile
    GL_NV_depth_buffer_float
Using driver workarounds:
    no-forward-compatible-core-context
    nv-egl-incorrect-gl11-function-pointers
    no-layout-qualifiers-on-old-glsl
    nv-zero-context-profile-mask
    nv-implementation-color-read-format-dsa-broken
    nv-cubemap-inconsistent-compressed-image-size
    nv-cubemap-broken-full-compressed-image-query
    nv-compressed-block-size-in-bits
[17:54:24:031790]:[Warning]:[Scene] SemanticScene.h(331)::checkFileExists : ::loadSemanticSceneDescriptor: File `data/scene_datasets/habitat-test-scenes/skokloster-castle.scn` does not exist.  Aborting load.
[17:54:24:031807]:[Warning]:[Scene] SemanticScene.cpp(123)::loadSemanticSceneDescriptor : SSD File Naming Issue! Neither SemanticAttributes-provided name : `data/scene_datasets/habitat-test-scenes/skokloster-castle.scn` nor constructed filename : `data/scene_datasets/habitat-test-scenes/info_semantic.json` exist on disk.
[17:54:24:031812]:[Error]:[Scene] SemanticScene.cpp(139)::loadSemanticSceneDescriptor : SSD Load Failure! File with SemanticAttributes-provided name `data/scene_datasets/habitat-test-scenes/skokloster-castle.scn` exists but failed to load.
[17:54:24:634524]:[Warning]:[Sim] Simulator.cpp(595)::instanceStageForSceneAttributes : The active scene does not contain semantic annotations : activeSemanticSceneID_ = 0
2026-08-11 17:54:24,793 update: 5090	fps: 494.886	
2026-08-11 17:54:24,793 Num updates: 5090	Num frames 814400
2026-08-11 17:54:24,793 Average window size: 50  distance_to_goal: 0.141  distance_to_goal_reward: 0.000  reward: 5.568  spl: 0.804  success: 0.934
2026-08-11 17:54:24,794 	Perf Stats: trainer.rollout_collect: 0.285 trainer.sample_action: 0.003 trainer.obs_insert: 0.000 trainer.step_env: 0.005 trainer.update_stats: 0.001 trainer.update_agent: 0.035
2026-08-11 17:54:27,999 update: 5100	fps: 494.894	
2026-08-11 17:54:27,999 Num updates: 5100	Num frames 816000
2026-08-11 17:54:27,999 Average window size: 50  distance_to_goal: 0.160  distance_to_goal_reward: 0.000  reward: 5.649  spl: 0.802  success: 0.925
2026-08-11 17:54:27,999 	Perf Stats: trainer.rollout_collect: 0.285 trainer.sample_action: 0.003 trainer.obs_insert: 0.000 trainer.step_env: 0.005 trainer.update_stats: 0.001 trainer.update_agent: 0.035
2026-08-11 17:54:31,068 update: 5110	fps: 494.943	
2026-08-11 17:54:31,068 Num updates: 5110	Num frames 817600
2026-08-11 17:54:31,068 Average window size: 50  distance_to_goal: 0.171  distance_to_goal_reward: 0.000  reward: 5.585  spl: 0.801  success: 0.921
2026-08-11 17:54:31,068 	Perf Stats: trainer.rollout_collect: 0.285 trainer.sample_action: 0.003 trainer.obs_insert: 0.000 trainer.step_env: 0.005 trainer.update_stats: 0.001 trainer.update_agent: 0.035
2026-08-11 17:54:34,172 update: 5120	fps: 494.982	
2026-08-11 17:54:34,173 Num updates: 5120	Num frames 819200
2026-08-11 17:54:34,173 Average window size: 50  distance_to_goal: 0.251  distance_to_goal_reward: 0.000  reward: 5.492  spl: 0.794  success: 0.925
2026-08-11 17:54:34,173 	Perf Stats: trainer.rollout_collect: 0.285 trainer.sample_action: 0.003 trainer.obs_insert: 0.000 trainer.step_env: 0.005 trainer.update_stats: 0.001 trainer.update_agent: 0.035
2026-08-11 17:54:37,265 update: 5130	fps: 495.023	
2026-08-11 17:54:37,265 Num updates: 5130	Num frames 820800
2026-08-11 17:54:37,265 Average window size: 50  distance_to_goal: 0.216  distance_to_goal_reward: 0.000  reward: 5.771  spl: 0.817  success: 0.953
2026-08-11 17:54:37,265 	Perf Stats: trainer.rollout_collect: 0.285 trainer.sample_action: 0.003 trainer.obs_insert: 0.000 trainer.step_env: 0.005 trainer.update_stats: 0.001 trainer.update_agent: 0.035
2026-08-11 17:54:40,374 update: 5140	fps: 495.060	
2026-08-11 17:54:40,374 Num updates: 5140	Num frames 822400
2026-08-11 17:54:40,374 Average window size: 50  distance_to_goal: 0.314  distance_to_goal_reward: 0.000  reward: 5.805  spl: 0.803  success: 0.930
2026-08-11 17:54:40,374 	Perf Stats: trainer.rollout_collect: 0.285 trainer.sample_action: 0.003 trainer.obs_insert: 0.000 trainer.step_env: 0.005 trainer.update_stats: 0.001 trainer.update_agent: 0.035
2026-08-11 17:54:43,478 update: 5150	fps: 495.098	
2026-08-11 17:54:43,478 Num updates: 5150	Num frames 824000
2026-08-11 17:54:43,478 Average window size: 50  distance_to_goal: 0.271  distance_to_goal_reward: 0.000  reward: 5.812  spl: 0.806  success: 0.925
2026-08-11 17:54:43,478 	Perf Stats: trainer.rollout_collect: 0.285 trainer.sample_action: 0.003 trainer.obs_insert: 0.000 trainer.step_env: 0.005 trainer.update_stats: 0.001 trainer.update_agent: 0.035
2026-08-11 17:54:46,555 update: 5160	fps: 495.144	
2026-08-11 17:54:46,555 Num updates: 5160	Num frames 825600
2026-08-11 17:54:46,555 Average window size: 50  distance_to_goal: 0.294  distance_to_goal_reward: 0.000  reward: 5.877  spl: 0.806  success: 0.932
2026-08-11 17:54:46,555 	Perf Stats: trainer.rollout_collect: 0.285 trainer.sample_action: 0.003 trainer.obs_insert: 0.000 trainer.step_env: 0.005 trainer.update_stats: 0.001 trainer.update_agent: 0.035
2026-08-11 17:54:49,654 update: 5170	fps: 495.183	
2026-08-11 17:54:49,654 Num updates: 5170	Num frames 827200
2026-08-11 17:54:49,654 Average window size: 50  distance_to_goal: 0.271  distance_to_goal_reward: 0.000  reward: 5.902  spl: 0.810  success: 0.931
2026-08-11 17:54:49,654 	Perf Stats: trainer.rollout_collect: 0.285 trainer.sample_action: 0.003 trainer.obs_insert: 0.000 trainer.step_env: 0.005 trainer.update_stats: 0.001 trainer.update_agent: 0.035
2026-08-11 17:54:52,750 update: 5180	fps: 495.223	
2026-08-11 17:54:52,751 Num updates: 5180	Num frames 828800
2026-08-11 17:54:52,751 Average window size: 50  distance_to_goal: 0.345  distance_to_goal_reward: -0.000  reward: 5.660  spl: 0.789  success: 0.910
2026-08-11 17:54:52,751 	Perf Stats: trainer.rollout_collect: 0.285 trainer.sample_action: 0.003 trainer.obs_insert: 0.000 trainer.step_env: 0.005 trainer.update_stats: 0.001 trainer.update_agent: 0.035
2026-08-11 17:54:55,825 update: 5190	fps: 495.269	
2026-08-11 17:54:55,825 Num updates: 5190	Num frames 830400
2026-08-11 17:54:55,825 Average window size: 50  distance_to_goal: 0.255  distance_to_goal_reward: -0.000  reward: 5.625  spl: 0.794  success: 0.929
2026-08-11 17:54:55,825 	Perf Stats: trainer.rollout_collect: 0.285 trainer.sample_action: 0.003 trainer.obs_insert: 0.000 trainer.step_env: 0.005 trainer.update_stats: 0.001 trainer.update_agent: 0.035
2026-08-11 17:54:59,024 update: 5200	fps: 495.279	
2026-08-11 17:54:59,024 Num updates: 5200	Num frames 832000
2026-08-11 17:54:59,024 Average window size: 50  distance_to_goal: 0.324  distance_to_goal_reward: -0.000  reward: 5.680  spl: 0.809  success: 0.939
2026-08-11 17:54:59,024 	Perf Stats: trainer.rollout_collect: 0.285 trainer.sample_action: 0.003 trainer.obs_insert: 0.000 trainer.step_env: 0.005 trainer.update_stats: 0.001 trainer.update_agent: 0.035
2026-08-11 17:55:02,109 update: 5210	fps: 495.322	
2026-08-11 17:55:02,109 Num updates: 5210	Num frames 833600
2026-08-11 17:55:02,109 Average window size: 50  distance_to_goal: 0.273  distance_to_goal_reward: -0.000  reward: 5.887  spl: 0.811  success: 0.947
2026-08-11 17:55:02,109 	Perf Stats: trainer.rollout_collect: 0.285 trainer.sample_action: 0.003 trainer.obs_insert: 0.000 trainer.step_env: 0.005 trainer.update_stats: 0.001 trainer.update_agent: 0.035
2026-08-11 17:55:05,196 update: 5220	fps: 495.364	
2026-08-11 17:55:05,196 Num updates: 5220	Num frames 835200
2026-08-11 17:55:05,196 Average window size: 50  distance_to_goal: 0.370  distance_to_goal_reward: -0.000  reward: 5.835  spl: 0.817  success: 0.950
2026-08-11 17:55:05,197 	Perf Stats: trainer.rollout_collect: 0.285 trainer.sample_action: 0.003 trainer.obs_insert: 0.000 trainer.step_env: 0.005 trainer.update_stats: 0.001 trainer.update_agent: 0.035
2026-08-11 17:55:08,286 update: 5230	fps: 495.405	
2026-08-11 17:55:08,286 Num updates: 5230	Num frames 836800
2026-08-11 17:55:08,286 Average window size: 50  distance_to_goal: 0.306  distance_to_goal_reward: 0.001  reward: 6.174  spl: 0.817  success: 0.957
2026-08-11 17:55:08,286 	Perf Stats: trainer.rollout_collect: 0.285 trainer.sample_action: 0.003 trainer.obs_insert: 0.000 trainer.step_env: 0.005 trainer.update_stats: 0.001 trainer.update_agent: 0.035
2026-08-11 17:55:11,359 update: 5240	fps: 495.451	
2026-08-11 17:55:11,359 Num updates: 5240	Num frames 838400
2026-08-11 17:55:11,359 Average window size: 50  distance_to_goal: 0.315  distance_to_goal_reward: 0.001  reward: 6.322  spl: 0.813  success: 0.962
2026-08-11 17:55:11,359 	Perf Stats: trainer.rollout_collect: 0.285 trainer.sample_action: 0.003 trainer.obs_insert: 0.000 trainer.step_env: 0.005 trainer.update_stats: 0.001 trainer.update_agent: 0.035
2026-08-11 17:55:14,448 update: 5250	fps: 495.492	
2026-08-11 17:55:14,448 Num updates: 5250	Num frames 840000
2026-08-11 17:55:14,448 Average window size: 50  distance_to_goal: 0.334  distance_to_goal_reward: 0.001  reward: 6.294  spl: 0.801  success: 0.968
2026-08-11 17:55:14,448 	Perf Stats: trainer.rollout_collect: 0.285 trainer.sample_action: 0.003 trainer.obs_insert: 0.000 trainer.step_env: 0.005 trainer.update_stats: 0.001 trainer.update_agent: 0.035
2026-08-11 17:55:17,533 update: 5260	fps: 495.534	
2026-08-11 17:55:17,533 Num updates: 5260	Num frames 841600
2026-08-11 17:55:17,533 Average window size: 50  distance_to_goal: 0.339  distance_to_goal_reward: 0.001  reward: 6.240  spl: 0.795  success: 0.960
2026-08-11 17:55:17,533 	Perf Stats: trainer.rollout_collect: 0.285 trainer.sample_action: 0.003 trainer.obs_insert: 0.000 trainer.step_env: 0.005 trainer.update_stats: 0.001 trainer.update_agent: 0.035
2026-08-11 17:55:20,602 update: 5270	fps: 495.580	
2026-08-11 17:55:20,603 Num updates: 5270	Num frames 843200
2026-08-11 17:55:20,603 Average window size: 50  distance_to_goal: 0.250  distance_to_goal_reward: 0.001  reward: 6.344  spl: 0.786  success: 0.958
2026-08-11 17:55:20,603 	Perf Stats: trainer.rollout_collect: 0.285 trainer.sample_action: 0.003 trainer.obs_insert: 0.000 trainer.step_env: 0.005 trainer.update_stats: 0.001 trainer.update_agent: 0.035
PluginManager::Manager: duplicate static plugin StbImageImporter, ignoring
PluginManager::Manager: duplicate static plugin GltfImporter, ignoring
PluginManager::Manager: duplicate static plugin BasisImporter, ignoring
PluginManager::Manager: duplicate static plugin AssimpImporter, ignoring
PluginManager::Manager: duplicate static plugin AnySceneImporter, ignoring
PluginManager::Manager: duplicate static plugin AnyImageImporter, ignoring
Renderer: NVIDIA GeForce RTX 4070/PCIe/SSE2 by NVIDIA Corporation
OpenGL version: 4.6.0 NVIDIA 580.173.02
Using optional features:
    GL_ARB_vertex_array_object
    GL_ARB_separate_shader_objects
    GL_ARB_robustness
    GL_ARB_texture_storage
    GL_ARB_texture_view
    GL_ARB_framebuffer_no_attachments
    GL_ARB_invalidate_subdata
    GL_ARB_texture_storage_multisample
    GL_ARB_multi_bind
    GL_ARB_direct_state_access
    GL_ARB_get_texture_sub_image
    GL_ARB_texture_filter_anisotropic
    GL_KHR_debug
    GL_KHR_parallel_shader_compile
    GL_NV_depth_buffer_float
Using driver workarounds:
    no-forward-compatible-core-context
    nv-egl-incorrect-gl11-function-pointers
    no-layout-qualifiers-on-old-glsl
    nv-zero-context-profile-mask
    nv-implementation-color-read-format-dsa-broken
    nv-cubemap-inconsistent-compressed-image-size
    nv-cubemap-broken-full-compressed-image-query
    nv-compressed-block-size-in-bits
[17:55:22:293080]:[Warning]:[Scene] SemanticScene.h(331)::checkFileExists : ::loadSemanticSceneDescriptor: File `data/scene_datasets/habitat-test-scenes/skokloster-castle.scn` does not exist.  Aborting load.
[17:55:22:293099]:[Warning]:[Scene] SemanticScene.cpp(123)::loadSemanticSceneDescriptor : SSD File Naming Issue! Neither SemanticAttributes-provided name : `data/scene_datasets/habitat-test-scenes/skokloster-castle.scn` nor constructed filename : `data/scene_datasets/habitat-test-scenes/info_semantic.json` exist on disk.
[17:55:22:293105]:[Error]:[Scene] SemanticScene.cpp(139)::loadSemanticSceneDescriptor : SSD Load Failure! File with SemanticAttributes-provided name `data/scene_datasets/habitat-test-scenes/skokloster-castle.scn` exists but failed to load.
[17:55:22:895595]:[Warning]:[Sim] Simulator.cpp(595)::instanceStageForSceneAttributes : The active scene does not contain semantic annotations : activeSemanticSceneID_ = 0
2026-08-11 17:55:24,328 update: 5280	fps: 495.435	
2026-08-11 17:55:24,329 Num updates: 5280	Num frames 844800
2026-08-11 17:55:24,329 Average window size: 50  distance_to_goal: 0.285  distance_to_goal_reward: 0.000  reward: 6.288  spl: 0.799  success: 0.966
2026-08-11 17:55:24,329 	Perf Stats: trainer.rollout_collect: 0.285 trainer.sample_action: 0.003 trainer.obs_insert: 0.000 trainer.step_env: 0.005 trainer.update_stats: 0.001 trainer.update_agent: 0.035
2026-08-11 17:55:27,439 update: 5290	fps: 495.470	
2026-08-11 17:55:27,439 Num updates: 5290	Num frames 846400
2026-08-11 17:55:27,439 Average window size: 50  distance_to_goal: 0.300  distance_to_goal_reward: 0.000  reward: 6.346  spl: 0.810  success: 0.963
2026-08-11 17:55:27,439 	Perf Stats: trainer.rollout_collect: 0.285 trainer.sample_action: 0.003 trainer.obs_insert: 0.000 trainer.step_env: 0.005 trainer.update_stats: 0.001 trainer.update_agent: 0.035
2026-08-11 17:55:30,658 update: 5300	fps: 495.473	
2026-08-11 17:55:30,659 Num updates: 5300	Num frames 848000
2026-08-11 17:55:30,659 Average window size: 50  distance_to_goal: 0.380  distance_to_goal_reward: 0.000  reward: 6.226  spl: 0.791  success: 0.941
2026-08-11 17:55:30,659 	Perf Stats: trainer.rollout_collect: 0.285 trainer.sample_action: 0.003 trainer.obs_insert: 0.000 trainer.step_env: 0.005 trainer.update_stats: 0.001 trainer.update_agent: 0.035
PluginManager::Manager: duplicate static plugin StbImageImporter, ignoring
PluginManager::Manager: duplicate static plugin GltfImporter, ignoring
PluginManager::Manager: duplicate static plugin BasisImporter, ignoring
PluginManager::Manager: duplicate static plugin AssimpImporter, ignoring
PluginManager::Manager: duplicate static plugin AnySceneImporter, ignoring
PluginManager::Manager: duplicate static plugin AnyImageImporter, ignoring
Renderer: NVIDIA GeForce RTX 4070/PCIe/SSE2 by NVIDIA Corporation
OpenGL version: 4.6.0 NVIDIA 580.173.02
Using optional features:
    GL_ARB_vertex_array_object
    GL_ARB_separate_shader_objects
    GL_ARB_robustness
    GL_ARB_texture_storage
    GL_ARB_texture_view
    GL_ARB_framebuffer_no_attachments
    GL_ARB_invalidate_subdata
    GL_ARB_texture_storage_multisample
    GL_ARB_multi_bind
    GL_ARB_direct_state_access
    GL_ARB_get_texture_sub_image
    GL_ARB_texture_filter_anisotropic
    GL_KHR_debug
    GL_KHR_parallel_shader_compile
    GL_NV_depth_buffer_float
Using driver workarounds:
    no-forward-compatible-core-context
    nv-egl-incorrect-gl11-function-pointers
    no-layout-qualifiers-on-old-glsl
    nv-zero-context-profile-mask
    nv-implementation-color-read-format-dsa-broken
    nv-cubemap-inconsistent-compressed-image-size
    nv-cubemap-broken-full-compressed-image-query
    nv-compressed-block-size-in-bits
[17:55:32:279402]:[Warning]:[Scene] SemanticScene.h(331)::checkFileExists : ::loadSemanticSceneDescriptor: File `data/scene_datasets/habitat-test-scenes/skokloster-castle.scn` does not exist.  Aborting load.
[17:55:32:279417]:[Warning]:[Scene] SemanticScene.cpp(123)::loadSemanticSceneDescriptor : SSD File Naming Issue! Neither SemanticAttributes-provided name : `data/scene_datasets/habitat-test-scenes/skokloster-castle.scn` nor constructed filename : `data/scene_datasets/habitat-test-scenes/info_semantic.json` exist on disk.
[17:55:32:279422]:[Error]:[Scene] SemanticScene.cpp(139)::loadSemanticSceneDescriptor : SSD Load Failure! File with SemanticAttributes-provided name `data/scene_datasets/habitat-test-scenes/skokloster-castle.scn` exists but failed to load.
[17:55:32:895121]:[Warning]:[Sim] Simulator.cpp(595)::instanceStageForSceneAttributes : The active scene does not contain semantic annotations : activeSemanticSceneID_ = 0
2026-08-11 17:55:34,460 update: 5310	fps: 495.308	
2026-08-11 17:55:34,460 Num updates: 5310	Num frames 849600
2026-08-11 17:55:34,460 Average window size: 50  distance_to_goal: 0.616  distance_to_goal_reward: 0.000  reward: 6.136  spl: 0.779  success: 0.918
2026-08-11 17:55:34,460 	Perf Stats: trainer.rollout_collect: 0.285 trainer.sample_action: 0.003 trainer.obs_insert: 0.000 trainer.step_env: 0.005 trainer.update_stats: 0.001 trainer.update_agent: 0.035
2026-08-11 17:55:37,617 update: 5320	fps: 495.328	
2026-08-11 17:55:37,618 Num updates: 5320	Num frames 851200
2026-08-11 17:55:37,618 Average window size: 50  distance_to_goal: 0.592  distance_to_goal_reward: 0.000  reward: 6.362  spl: 0.779  success: 0.923
2026-08-11 17:55:37,618 	Perf Stats: trainer.rollout_collect: 0.285 trainer.sample_action: 0.003 trainer.obs_insert: 0.000 trainer.step_env: 0.005 trainer.update_stats: 0.001 trainer.update_agent: 0.035
2026-08-11 17:55:40,791 update: 5330	fps: 495.345	
2026-08-11 17:55:40,791 Num updates: 5330	Num frames 852800
2026-08-11 17:55:40,791 Average window size: 50  distance_to_goal: 0.789  distance_to_goal_reward: 0.000  reward: 6.514  spl: 0.765  success: 0.901
2026-08-11 17:55:40,791 	Perf Stats: trainer.rollout_collect: 0.285 trainer.sample_action: 0.003 trainer.obs_insert: 0.000 trainer.step_env: 0.005 trainer.update_stats: 0.001 trainer.update_agent: 0.035
PluginManager::Manager: duplicate static plugin StbImageImporter, ignoring
PluginManager::Manager: duplicate static plugin GltfImporter, ignoring
PluginManager::Manager: duplicate static plugin BasisImporter, ignoring
PluginManager::Manager: duplicate static plugin AssimpImporter, ignoring
PluginManager::Manager: duplicate static plugin AnySceneImporter, ignoring
PluginManager::Manager: duplicate static plugin AnyImageImporter, ignoring
Renderer: NVIDIA GeForce RTX 4070/PCIe/SSE2 by NVIDIA Corporation
OpenGL version: 4.6.0 NVIDIA 580.173.02
Using optional features:
    GL_ARB_vertex_array_object
    GL_ARB_separate_shader_objects
    GL_ARB_robustness
    GL_ARB_texture_storage
    GL_ARB_texture_view
    GL_ARB_framebuffer_no_attachments
    GL_ARB_invalidate_subdata
    GL_ARB_texture_storage_multisample
    GL_ARB_multi_bind
    GL_ARB_direct_state_access
    GL_ARB_get_texture_sub_image
    GL_ARB_texture_filter_anisotropic
    GL_KHR_debug
    GL_KHR_parallel_shader_compile
    GL_NV_depth_buffer_float
Using driver workarounds:
    no-forward-compatible-core-context
    nv-egl-incorrect-gl11-function-pointers
    no-layout-qualifiers-on-old-glsl
    nv-zero-context-profile-mask
    nv-implementation-color-read-format-dsa-broken
    nv-cubemap-inconsistent-compressed-image-size
    nv-cubemap-broken-full-compressed-image-query
    nv-compressed-block-size-in-bits
[17:55:41:018429]:[Warning]:[Scene] SemanticScene.h(331)::checkFileExists : ::loadSemanticSceneDescriptor: File `data/scene_datasets/habitat-test-scenes/van-gogh-room.scn` does not exist.  Aborting load.
[17:55:41:018444]:[Warning]:[Scene] SemanticScene.cpp(123)::loadSemanticSceneDescriptor : SSD File Naming Issue! Neither SemanticAttributes-provided name : `data/scene_datasets/habitat-test-scenes/van-gogh-room.scn` nor constructed filename : `data/scene_datasets/habitat-test-scenes/info_semantic.json` exist on disk.
[17:55:41:018449]:[Error]:[Scene] SemanticScene.cpp(139)::loadSemanticSceneDescriptor : SSD Load Failure! File with SemanticAttributes-provided name `data/scene_datasets/habitat-test-scenes/van-gogh-room.scn` exists but failed to load.
[17:55:41:450679]:[Warning]:[Sim] Simulator.cpp(595)::instanceStageForSceneAttributes : The active scene does not contain semantic annotations : activeSemanticSceneID_ = 0
2026-08-11 17:55:44,368 update: 5340	fps: 495.245	
2026-08-11 17:55:44,368 Num updates: 5340	Num frames 854400
2026-08-11 17:55:44,368 Average window size: 50  distance_to_goal: 0.906  distance_to_goal_reward: 0.000  reward: 6.602  spl: 0.768  success: 0.902
2026-08-11 17:55:44,368 	Perf Stats: trainer.rollout_collect: 0.285 trainer.sample_action: 0.003 trainer.obs_insert: 0.000 trainer.step_env: 0.005 trainer.update_stats: 0.001 trainer.update_agent: 0.035
2026-08-11 17:55:47,472 update: 5350	fps: 495.281	
2026-08-11 17:55:47,472 Num updates: 5350	Num frames 856000
2026-08-11 17:55:47,473 Average window size: 50  distance_to_goal: 0.832  distance_to_goal_reward: 0.000  reward: 6.985  spl: 0.788  success: 0.924
2026-08-11 17:55:47,473 	Perf Stats: trainer.rollout_collect: 0.285 trainer.sample_action: 0.003 trainer.obs_insert: 0.000 trainer.step_env: 0.005 trainer.update_stats: 0.001 trainer.update_agent: 0.035
2026-08-11 17:55:50,632 update: 5360	fps: 495.302	
2026-08-11 17:55:50,632 Num updates: 5360	Num frames 857600
2026-08-11 17:55:50,632 Average window size: 50  distance_to_goal: 0.652  distance_to_goal_reward: 0.000  reward: 7.525  spl: 0.812  success: 0.949
2026-08-11 17:55:50,632 	Perf Stats: trainer.rollout_collect: 0.285 trainer.sample_action: 0.003 trainer.obs_insert: 0.000 trainer.step_env: 0.005 trainer.update_stats: 0.001 trainer.update_agent: 0.035
2026-08-11 17:55:53,753 update: 5370	fps: 495.333	
2026-08-11 17:55:53,753 Num updates: 5370	Num frames 859200
2026-08-11 17:55:53,753 Average window size: 50  distance_to_goal: 0.591  distance_to_goal_reward: 0.000  reward: 7.482  spl: 0.799  success: 0.949
2026-08-11 17:55:53,753 	Perf Stats: trainer.rollout_collect: 0.285 trainer.sample_action: 0.003 trainer.obs_insert: 0.000 trainer.step_env: 0.005 trainer.update_stats: 0.001 trainer.update_agent: 0.035
2026-08-11 17:55:56,891 update: 5380	fps: 495.359	
2026-08-11 17:55:56,892 Num updates: 5380	Num frames 860800
2026-08-11 17:55:56,892 Average window size: 50  distance_to_goal: 0.445  distance_to_goal_reward: 0.000  reward: 7.066  spl: 0.799  success: 0.953
2026-08-11 17:55:56,892 	Perf Stats: trainer.rollout_collect: 0.285 trainer.sample_action: 0.003 trainer.obs_insert: 0.000 trainer.step_env: 0.005 trainer.update_stats: 0.001 trainer.update_agent: 0.035
2026-08-11 17:56:00,001 update: 5390	fps: 495.393	
2026-08-11 17:56:00,002 Num updates: 5390	Num frames 862400
2026-08-11 17:56:00,002 Average window size: 50  distance_to_goal: 0.458  distance_to_goal_reward: 0.000  reward: 6.874  spl: 0.792  success: 0.942
2026-08-11 17:56:00,002 	Perf Stats: trainer.rollout_collect: 0.285 trainer.sample_action: 0.003 trainer.obs_insert: 0.000 trainer.step_env: 0.005 trainer.update_stats: 0.001 trainer.update_agent: 0.035
2026-08-11 17:56:03,193 update: 5400	fps: 495.404	
2026-08-11 17:56:03,193 Num updates: 5400	Num frames 864000
2026-08-11 17:56:03,193 Average window size: 50  distance_to_goal: 0.510  distance_to_goal_reward: 0.003  reward: 6.607  spl: 0.769  success: 0.916
2026-08-11 17:56:03,193 	Perf Stats: trainer.rollout_collect: 0.285 trainer.sample_action: 0.003 trainer.obs_insert: 0.000 trainer.step_env: 0.005 trainer.update_stats: 0.001 trainer.update_agent: 0.035
2026-08-11 17:56:06,321 update: 5410	fps: 495.433	
2026-08-11 17:56:06,321 Num updates: 5410	Num frames 865600
2026-08-11 17:56:06,321 Average window size: 50  distance_to_goal: 0.433  distance_to_goal_reward: 0.003  reward: 6.298  spl: 0.760  success: 0.921
2026-08-11 17:56:06,322 	Perf Stats: trainer.rollout_collect: 0.285 trainer.sample_action: 0.003 trainer.obs_insert: 0.000 trainer.step_env: 0.005 trainer.update_stats: 0.001 trainer.update_agent: 0.035
PluginManager::Manager: duplicate static plugin StbImageImporter, ignoring
PluginManager::Manager: duplicate static plugin GltfImporter, ignoring
PluginManager::Manager: duplicate static plugin BasisImporter, ignoring
PluginManager::Manager: duplicate static plugin AssimpImporter, ignoring
PluginManager::Manager: duplicate static plugin AnySceneImporter, ignoring
PluginManager::Manager: duplicate static plugin AnyImageImporter, ignoring
Renderer: NVIDIA GeForce RTX 4070/PCIe/SSE2 by NVIDIA Corporation
OpenGL version: 4.6.0 NVIDIA 580.173.02
Using optional features:
    GL_ARB_vertex_array_object
    GL_ARB_separate_shader_objects
    GL_ARB_robustness
    GL_ARB_texture_storage
    GL_ARB_texture_view
    GL_ARB_framebuffer_no_attachments
    GL_ARB_invalidate_subdata
    GL_ARB_texture_storage_multisample
    GL_ARB_multi_bind
    GL_ARB_direct_state_access
    GL_ARB_get_texture_sub_image
    GL_ARB_texture_filter_anisotropic
    GL_KHR_debug
    GL_KHR_parallel_shader_compile
    GL_NV_depth_buffer_float
Using driver workarounds:
    no-forward-compatible-core-context
    nv-egl-incorrect-gl11-function-pointers
    no-layout-qualifiers-on-old-glsl
    nv-zero-context-profile-mask
    nv-implementation-color-read-format-dsa-broken
    nv-cubemap-inconsistent-compressed-image-size
    nv-cubemap-broken-full-compressed-image-query
    nv-compressed-block-size-in-bits
[17:56:07:448241]:[Warning]:[Scene] SemanticScene.h(331)::checkFileExists : ::loadSemanticSceneDescriptor: File `data/scene_datasets/habitat-test-scenes/skokloster-castle.scn` does not exist.  Aborting load.
[17:56:07:448258]:[Warning]:[Scene] SemanticScene.cpp(123)::loadSemanticSceneDescriptor : SSD File Naming Issue! Neither SemanticAttributes-provided name : `data/scene_datasets/habitat-test-scenes/skokloster-castle.scn` nor constructed filename : `data/scene_datasets/habitat-test-scenes/info_semantic.json` exist on disk.
[17:56:07:448262]:[Error]:[Scene] SemanticScene.cpp(139)::loadSemanticSceneDescriptor : SSD Load Failure! File with SemanticAttributes-provided name `data/scene_datasets/habitat-test-scenes/skokloster-castle.scn` exists but failed to load.
[17:56:08:050838]:[Warning]:[Sim] Simulator.cpp(595)::instanceStageForSceneAttributes : The active scene does not contain semantic annotations : activeSemanticSceneID_ = 0
2026-08-11 17:56:10,088 update: 5420	fps: 495.281	
2026-08-11 17:56:10,089 Num updates: 5420	Num frames 867200
2026-08-11 17:56:10,089 Average window size: 50  distance_to_goal: 0.481  distance_to_goal_reward: 0.003  reward: 6.487  spl: 0.751  success: 0.898
2026-08-11 17:56:10,089 	Perf Stats: trainer.rollout_collect: 0.285 trainer.sample_action: 0.003 trainer.obs_insert: 0.000 trainer.step_env: 0.005 trainer.update_stats: 0.001 trainer.update_agent: 0.035
2026-08-11 17:56:13,282 update: 5430	fps: 495.291	
2026-08-11 17:56:13,282 Num updates: 5430	Num frames 868800
2026-08-11 17:56:13,282 Average window size: 50  distance_to_goal: 0.458  distance_to_goal_reward: 0.003  reward: 6.788  spl: 0.742  success: 0.890
2026-08-11 17:56:13,282 	Perf Stats: trainer.rollout_collect: 0.285 trainer.sample_action: 0.003 trainer.obs_insert: 0.000 trainer.step_env: 0.005 trainer.update_stats: 0.001 trainer.update_agent: 0.035
2026-08-11 17:56:16,470 update: 5440	fps: 495.303	
2026-08-11 17:56:16,471 Num updates: 5440	Num frames 870400
2026-08-11 17:56:16,471 Average window size: 50  distance_to_goal: 0.543  distance_to_goal_reward: 0.003  reward: 7.030  spl: 0.731  success: 0.889
2026-08-11 17:56:16,471 	Perf Stats: trainer.rollout_collect: 0.285 trainer.sample_action: 0.003 trainer.obs_insert: 0.000 trainer.step_env: 0.005 trainer.update_stats: 0.001 trainer.update_agent: 0.035
2026-08-11 17:56:19,652 update: 5450	fps: 495.317	
2026-08-11 17:56:19,652 Num updates: 5450	Num frames 872000
2026-08-11 17:56:19,652 Average window size: 50  distance_to_goal: 0.604  distance_to_goal_reward: 0.000  reward: 7.465  spl: 0.732  success: 0.899
2026-08-11 17:56:19,652 	Perf Stats: trainer.rollout_collect: 0.285 trainer.sample_action: 0.003 trainer.obs_insert: 0.000 trainer.step_env: 0.005 trainer.update_stats: 0.001 trainer.update_agent: 0.035
2026-08-11 17:56:22,840 update: 5460	fps: 495.329	
2026-08-11 17:56:22,840 Num updates: 5460	Num frames 873600
2026-08-11 17:56:22,840 Average window size: 50  distance_to_goal: 0.639  distance_to_goal_reward: 0.000  reward: 7.480  spl: 0.716  success: 0.882
2026-08-11 17:56:22,840 	Perf Stats: trainer.rollout_collect: 0.285 trainer.sample_action: 0.003 trainer.obs_insert: 0.000 trainer.step_env: 0.005 trainer.update_stats: 0.001 trainer.update_agent: 0.035
PluginManager::Manager: duplicate static plugin StbImageImporter, ignoring
PluginManager::Manager: duplicate static plugin GltfImporter, ignoring
PluginManager::Manager: duplicate static plugin BasisImporter, ignoring
PluginManager::Manager: duplicate static plugin AssimpImporter, ignoring
PluginManager::Manager: duplicate static plugin AnySceneImporter, ignoring
PluginManager::Manager: duplicate static plugin AnyImageImporter, ignoring
Renderer: NVIDIA GeForce RTX 4070/PCIe/SSE2 by NVIDIA Corporation
OpenGL version: 4.6.0 NVIDIA 580.173.02
Using optional features:
    GL_ARB_vertex_array_object
    GL_ARB_separate_shader_objects
    GL_ARB_robustness
    GL_ARB_texture_storage
    GL_ARB_texture_view
    GL_ARB_framebuffer_no_attachments
    GL_ARB_invalidate_subdata
    GL_ARB_texture_storage_multisample
    GL_ARB_multi_bind
    GL_ARB_direct_state_access
    GL_ARB_get_texture_sub_image
    GL_ARB_texture_filter_anisotropic
    GL_KHR_debug
    GL_KHR_parallel_shader_compile
    GL_NV_depth_buffer_float
Using driver workarounds:
    no-forward-compatible-core-context
    nv-egl-incorrect-gl11-function-pointers
    no-layout-qualifiers-on-old-glsl
    nv-zero-context-profile-mask
    nv-implementation-color-read-format-dsa-broken
    nv-cubemap-inconsistent-compressed-image-size
    nv-cubemap-broken-full-compressed-image-query
    nv-compressed-block-size-in-bits
[17:56:23:029914]:[Warning]:[Scene] SemanticScene.h(331)::checkFileExists : ::loadSemanticSceneDescriptor: File `data/scene_datasets/habitat-test-scenes/van-gogh-room.scn` does not exist.  Aborting load.
[17:56:23:029930]:[Warning]:[Scene] SemanticScene.cpp(123)::loadSemanticSceneDescriptor : SSD File Naming Issue! Neither SemanticAttributes-provided name : `data/scene_datasets/habitat-test-scenes/van-gogh-room.scn` nor constructed filename : `data/scene_datasets/habitat-test-scenes/info_semantic.json` exist on disk.
[17:56:23:029936]:[Error]:[Scene] SemanticScene.cpp(139)::loadSemanticSceneDescriptor : SSD Load Failure! File with SemanticAttributes-provided name `data/scene_datasets/habitat-test-scenes/van-gogh-room.scn` exists but failed to load.
[17:56:23:462295]:[Warning]:[Sim] Simulator.cpp(595)::instanceStageForSceneAttributes : The active scene does not contain semantic annotations : activeSemanticSceneID_ = 0
2026-08-11 17:56:26,382 update: 5470	fps: 495.241	
2026-08-11 17:56:26,382 Num updates: 5470	Num frames 875200
2026-08-11 17:56:26,382 Average window size: 50  distance_to_goal: 0.918  distance_to_goal_reward: 0.000  reward: 6.796  spl: 0.704  success: 0.866
2026-08-11 17:56:26,382 	Perf Stats: trainer.rollout_collect: 0.285 trainer.sample_action: 0.003 trainer.obs_insert: 0.000 trainer.step_env: 0.005 trainer.update_stats: 0.001 trainer.update_agent: 0.035
2026-08-11 17:56:29,508 update: 5480	fps: 495.270	
2026-08-11 17:56:29,508 Num updates: 5480	Num frames 876800
2026-08-11 17:56:29,508 Average window size: 50  distance_to_goal: 0.886  distance_to_goal_reward: 0.000  reward: 6.075  spl: 0.696  success: 0.849
2026-08-11 17:56:29,508 	Perf Stats: trainer.rollout_collect: 0.285 trainer.sample_action: 0.003 trainer.obs_insert: 0.000 trainer.step_env: 0.005 trainer.update_stats: 0.001 trainer.update_agent: 0.035
2026-08-11 17:56:32,634 update: 5490	fps: 495.300	
2026-08-11 17:56:32,634 Num updates: 5490	Num frames 878400
2026-08-11 17:56:32,634 Average window size: 50  distance_to_goal: 0.900  distance_to_goal_reward: 0.000  reward: 5.796  spl: 0.710  success: 0.850
2026-08-11 17:56:32,634 	Perf Stats: trainer.rollout_collect: 0.285 trainer.sample_action: 0.003 trainer.obs_insert: 0.000 trainer.step_env: 0.005 trainer.update_stats: 0.001 trainer.update_agent: 0.035
2026-08-11 17:56:35,864 update: 5500	fps: 495.300	
2026-08-11 17:56:35,864 Num updates: 5500	Num frames 880000
2026-08-11 17:56:35,864 Average window size: 50  distance_to_goal: 0.849  distance_to_goal_reward: 0.000  reward: 5.422  spl: 0.722  success: 0.854
2026-08-11 17:56:35,864 	Perf Stats: trainer.rollout_collect: 0.285 trainer.sample_action: 0.003 trainer.obs_insert: 0.000 trainer.step_env: 0.005 trainer.update_stats: 0.001 trainer.update_agent: 0.035
2026-08-11 17:56:38,968 update: 5510	fps: 495.335	
2026-08-11 17:56:38,968 Num updates: 5510	Num frames 881600
2026-08-11 17:56:38,968 Average window size: 50  distance_to_goal: 0.769  distance_to_goal_reward: 0.001  reward: 5.500  spl: 0.740  success: 0.867
2026-08-11 17:56:38,968 	Perf Stats: trainer.rollout_collect: 0.285 trainer.sample_action: 0.003 trainer.obs_insert: 0.000 trainer.step_env: 0.005 trainer.update_stats: 0.001 trainer.update_agent: 0.035
2026-08-11 17:56:42,090 update: 5520	fps: 495.365	
2026-08-11 17:56:42,090 Num updates: 5520	Num frames 883200
2026-08-11 17:56:42,090 Average window size: 50  distance_to_goal: 0.692  distance_to_goal_reward: 0.001  reward: 5.848  spl: 0.755  success: 0.885
2026-08-11 17:56:42,090 	Perf Stats: trainer.rollout_collect: 0.285 trainer.sample_action: 0.003 trainer.obs_insert: 0.000 trainer.step_env: 0.005 trainer.update_stats: 0.001 trainer.update_agent: 0.035
2026-08-11 17:56:45,224 update: 5530	fps: 495.392	
2026-08-11 17:56:45,224 Num updates: 5530	Num frames 884800
2026-08-11 17:56:45,224 Average window size: 50  distance_to_goal: 0.648  distance_to_goal_reward: 0.001  reward: 6.148  spl: 0.763  success: 0.903
2026-08-11 17:56:45,224 	Perf Stats: trainer.rollout_collect: 0.285 trainer.sample_action: 0.003 trainer.obs_insert: 0.000 trainer.step_env: 0.005 trainer.update_stats: 0.001 trainer.update_agent: 0.035
2026-08-11 17:56:48,348 update: 5540	fps: 495.421	
2026-08-11 17:56:48,348 Num updates: 5540	Num frames 886400
2026-08-11 17:56:48,348 Average window size: 50  distance_to_goal: 0.423  distance_to_goal_reward: 0.000  reward: 6.541  spl: 0.778  success: 0.916
2026-08-11 17:56:48,348 	Perf Stats: trainer.rollout_collect: 0.285 trainer.sample_action: 0.003 trainer.obs_insert: 0.000 trainer.step_env: 0.005 trainer.update_stats: 0.001 trainer.update_agent: 0.035
2026-08-11 17:56:51,466 update: 5550	fps: 495.452	
2026-08-11 17:56:51,466 Num updates: 5550	Num frames 888000
2026-08-11 17:56:51,466 Average window size: 50  distance_to_goal: 0.527  distance_to_goal_reward: 0.000  reward: 6.642  spl: 0.770  success: 0.913
2026-08-11 17:56:51,466 	Perf Stats: trainer.rollout_collect: 0.285 trainer.sample_action: 0.003 trainer.obs_insert: 0.000 trainer.step_env: 0.005 trainer.update_stats: 0.001 trainer.update_agent: 0.035
2026-08-11 17:56:54,594 update: 5560	fps: 495.480	
2026-08-11 17:56:54,594 Num updates: 5560	Num frames 889600
2026-08-11 17:56:54,594 Average window size: 50  distance_to_goal: 0.403  distance_to_goal_reward: 0.000  reward: 6.825  spl: 0.762  success: 0.915
2026-08-11 17:56:54,594 	Perf Stats: trainer.rollout_collect: 0.285 trainer.sample_action: 0.003 trainer.obs_insert: 0.000 trainer.step_env: 0.005 trainer.update_stats: 0.001 trainer.update_agent: 0.035
PluginManager::Manager: duplicate static plugin StbImageImporter, ignoring
PluginManager::Manager: duplicate static plugin GltfImporter, ignoring
PluginManager::Manager: duplicate static plugin BasisImporter, ignoring
PluginManager::Manager: duplicate static plugin AssimpImporter, ignoring
PluginManager::Manager: duplicate static plugin AnySceneImporter, ignoring
PluginManager::Manager: duplicate static plugin AnyImageImporter, ignoring
Renderer: NVIDIA GeForce RTX 4070/PCIe/SSE2 by NVIDIA Corporation
OpenGL version: 4.6.0 NVIDIA 580.173.02
Using optional features:
    GL_ARB_vertex_array_object
    GL_ARB_separate_shader_objects
    GL_ARB_robustness
    GL_ARB_texture_storage
    GL_ARB_texture_view
    GL_ARB_framebuffer_no_attachments
    GL_ARB_invalidate_subdata
    GL_ARB_texture_storage_multisample
    GL_ARB_multi_bind
    GL_ARB_direct_state_access
    GL_ARB_get_texture_sub_image
    GL_ARB_texture_filter_anisotropic
    GL_KHR_debug
    GL_KHR_parallel_shader_compile
    GL_NV_depth_buffer_float
Using driver workarounds:
    no-forward-compatible-core-context
    nv-egl-incorrect-gl11-function-pointers
    no-layout-qualifiers-on-old-glsl
    nv-zero-context-profile-mask
    nv-implementation-color-read-format-dsa-broken
    nv-cubemap-inconsistent-compressed-image-size
    nv-cubemap-broken-full-compressed-image-query
    nv-compressed-block-size-in-bits
[17:56:57:037197]:[Warning]:[Scene] SemanticScene.h(331)::checkFileExists : ::loadSemanticSceneDescriptor: File `data/scene_datasets/habitat-test-scenes/van-gogh-room.scn` does not exist.  Aborting load.
[17:56:57:037213]:[Warning]:[Scene] SemanticScene.cpp(123)::loadSemanticSceneDescriptor : SSD File Naming Issue! Neither SemanticAttributes-provided name : `data/scene_datasets/habitat-test-scenes/van-gogh-room.scn` nor constructed filename : `data/scene_datasets/habitat-test-scenes/info_semantic.json` exist on disk.
[17:56:57:037218]:[Error]:[Scene] SemanticScene.cpp(139)::loadSemanticSceneDescriptor : SSD Load Failure! File with SemanticAttributes-provided name `data/scene_datasets/habitat-test-scenes/van-gogh-room.scn` exists but failed to load.
[17:56:57:470463]:[Warning]:[Sim] Simulator.cpp(595)::instanceStageForSceneAttributes : The active scene does not contain semantic annotations : activeSemanticSceneID_ = 0
2026-08-11 17:56:58,172 update: 5570	fps: 495.383	
2026-08-11 17:56:58,172 Num updates: 5570	Num frames 891200
2026-08-11 17:56:58,172 Average window size: 50  distance_to_goal: 0.462  distance_to_goal_reward: 0.000  reward: 6.477  spl: 0.756  success: 0.899
2026-08-11 17:56:58,173 	Perf Stats: trainer.rollout_collect: 0.285 trainer.sample_action: 0.003 trainer.obs_insert: 0.000 trainer.step_env: 0.005 trainer.update_stats: 0.001 trainer.update_agent: 0.035
PluginManager::Manager: duplicate static plugin StbImageImporter, ignoring
PluginManager::Manager: duplicate static plugin GltfImporter, ignoring
PluginManager::Manager: duplicate static plugin BasisImporter, ignoring
PluginManager::Manager: duplicate static plugin AssimpImporter, ignoring
PluginManager::Manager: duplicate static plugin AnySceneImporter, ignoring
PluginManager::Manager: duplicate static plugin AnyImageImporter, ignoring
Renderer: NVIDIA GeForce RTX 4070/PCIe/SSE2 by NVIDIA Corporation
OpenGL version: 4.6.0 NVIDIA 580.173.02
Using optional features:
    GL_ARB_vertex_array_object
    GL_ARB_separate_shader_objects
    GL_ARB_robustness
    GL_ARB_texture_storage
    GL_ARB_texture_view
    GL_ARB_framebuffer_no_attachments
    GL_ARB_invalidate_subdata
    GL_ARB_texture_storage_multisample
    GL_ARB_multi_bind
    GL_ARB_direct_state_access
    GL_ARB_get_texture_sub_image
    GL_ARB_texture_filter_anisotropic
    GL_KHR_debug
    GL_KHR_parallel_shader_compile
    GL_NV_depth_buffer_float
Using driver workarounds:
    no-forward-compatible-core-context
    nv-egl-incorrect-gl11-function-pointers
    no-layout-qualifiers-on-old-glsl
    nv-zero-context-profile-mask
    nv-implementation-color-read-format-dsa-broken
    nv-cubemap-inconsistent-compressed-image-size
    nv-cubemap-broken-full-compressed-image-query
    nv-compressed-block-size-in-bits
[17:57:00:300072]:[Warning]:[Scene] SemanticScene.h(331)::checkFileExists : ::loadSemanticSceneDescriptor: File `data/scene_datasets/habitat-test-scenes/van-gogh-room.scn` does not exist.  Aborting load.
[17:57:00:300088]:[Warning]:[Scene] SemanticScene.cpp(123)::loadSemanticSceneDescriptor : SSD File Naming Issue! Neither SemanticAttributes-provided name : `data/scene_datasets/habitat-test-scenes/van-gogh-room.scn` nor constructed filename : `data/scene_datasets/habitat-test-scenes/info_semantic.json` exist on disk.
[17:57:00:300093]:[Error]:[Scene] SemanticScene.cpp(139)::loadSemanticSceneDescriptor : SSD Load Failure! File with SemanticAttributes-provided name `data/scene_datasets/habitat-test-scenes/van-gogh-room.scn` exists but failed to load.
[17:57:00:733775]:[Warning]:[Sim] Simulator.cpp(595)::instanceStageForSceneAttributes : The active scene does not contain semantic annotations : activeSemanticSceneID_ = 0
2026-08-11 17:57:01,682 update: 5580	fps: 495.307	
2026-08-11 17:57:01,682 Num updates: 5580	Num frames 892800
2026-08-11 17:57:01,682 Average window size: 50  distance_to_goal: 0.586  distance_to_goal_reward: 0.003  reward: 6.024  spl: 0.757  success: 0.892
2026-08-11 17:57:01,682 	Perf Stats: trainer.rollout_collect: 0.285 trainer.sample_action: 0.003 trainer.obs_insert: 0.000 trainer.step_env: 0.005 trainer.update_stats: 0.001 trainer.update_agent: 0.035
2026-08-11 17:57:04,719 update: 5590	fps: 495.359	
2026-08-11 17:57:04,719 Num updates: 5590	Num frames 894400
2026-08-11 17:57:04,719 Average window size: 50  distance_to_goal: 0.606  distance_to_goal_reward: 0.002  reward: 5.889  spl: 0.757  success: 0.903
2026-08-11 17:57:04,719 	Perf Stats: trainer.rollout_collect: 0.285 trainer.sample_action: 0.003 trainer.obs_insert: 0.000 trainer.step_env: 0.005 trainer.update_stats: 0.001 trainer.update_agent: 0.035
PluginManager::Manager: duplicate static plugin StbImageImporter, ignoring
PluginManager::Manager: duplicate static plugin GltfImporter, ignoring
PluginManager::Manager: duplicate static plugin BasisImporter, ignoring
PluginManager::Manager: duplicate static plugin AssimpImporter, ignoring
PluginManager::Manager: duplicate static plugin AnySceneImporter, ignoring
PluginManager::Manager: duplicate static plugin AnyImageImporter, ignoring
Renderer: NVIDIA GeForce RTX 4070/PCIe/SSE2 by NVIDIA Corporation
OpenGL version: 4.6.0 NVIDIA 580.173.02
Using optional features:
    GL_ARB_vertex_array_object
    GL_ARB_separate_shader_objects
    GL_ARB_robustness
    GL_ARB_texture_storage
    GL_ARB_texture_view
    GL_ARB_framebuffer_no_attachments
    GL_ARB_invalidate_subdata
    GL_ARB_texture_storage_multisample
    GL_ARB_multi_bind
    GL_ARB_direct_state_access
    GL_ARB_get_texture_sub_image
    GL_ARB_texture_filter_anisotropic
    GL_KHR_debug
    GL_KHR_parallel_shader_compile
    GL_NV_depth_buffer_float
Using driver workarounds:
    no-forward-compatible-core-context
    nv-egl-incorrect-gl11-function-pointers
    no-layout-qualifiers-on-old-glsl
    nv-zero-context-profile-mask
    nv-implementation-color-read-format-dsa-broken
    nv-cubemap-inconsistent-compressed-image-size
    nv-cubemap-broken-full-compressed-image-query
    nv-compressed-block-size-in-bits
[17:57:05:417865]:[Warning]:[Scene] SemanticScene.h(331)::checkFileExists : ::loadSemanticSceneDescriptor: File `data/scene_datasets/habitat-test-scenes/skokloster-castle.scn` does not exist.  Aborting load.
[17:57:05:417881]:[Warning]:[Scene] SemanticScene.cpp(123)::loadSemanticSceneDescriptor : SSD File Naming Issue! Neither SemanticAttributes-provided name : `data/scene_datasets/habitat-test-scenes/skokloster-castle.scn` nor constructed filename : `data/scene_datasets/habitat-test-scenes/info_semantic.json` exist on disk.
[17:57:05:417887]:[Error]:[Scene] SemanticScene.cpp(139)::loadSemanticSceneDescriptor : SSD Load Failure! File with SemanticAttributes-provided name `data/scene_datasets/habitat-test-scenes/skokloster-castle.scn` exists but failed to load.
[17:57:06:020464]:[Warning]:[Sim] Simulator.cpp(595)::instanceStageForSceneAttributes : The active scene does not contain semantic annotations : activeSemanticSceneID_ = 0
2026-08-11 17:57:08,520 update: 5600	fps: 495.203	
2026-08-11 17:57:08,521 Num updates: 5600	Num frames 896000
2026-08-11 17:57:08,521 Average window size: 50  distance_to_goal: 0.414  distance_to_goal_reward: 0.002  reward: 5.885  spl: 0.787  success: 0.933
2026-08-11 17:57:08,521 	Perf Stats: trainer.rollout_collect: 0.285 trainer.sample_action: 0.003 trainer.obs_insert: 0.000 trainer.step_env: 0.005 trainer.update_stats: 0.001 trainer.update_agent: 0.035
2026-08-11 17:57:11,596 update: 5610	fps: 495.246	
2026-08-11 17:57:11,596 Num updates: 5610	Num frames 897600
2026-08-11 17:57:11,596 Average window size: 50  distance_to_goal: 0.526  distance_to_goal_reward: 0.002  reward: 5.743  spl: 0.791  success: 0.937
2026-08-11 17:57:11,596 	Perf Stats: trainer.rollout_collect: 0.285 trainer.sample_action: 0.003 trainer.obs_insert: 0.000 trainer.step_env: 0.005 trainer.update_stats: 0.001 trainer.update_agent: 0.035
2026-08-11 17:57:14,686 update: 5620	fps: 495.284	
2026-08-11 17:57:14,686 Num updates: 5620	Num frames 899200
2026-08-11 17:57:14,686 Average window size: 50  distance_to_goal: 0.410  distance_to_goal_reward: 0.002  reward: 6.017  spl: 0.799  success: 0.959
2026-08-11 17:57:14,686 	Perf Stats: trainer.rollout_collect: 0.285 trainer.sample_action: 0.003 trainer.obs_insert: 0.000 trainer.step_env: 0.005 trainer.update_stats: 0.001 trainer.update_agent: 0.035
2026-08-11 17:57:17,793 update: 5630	fps: 495.318	
2026-08-11 17:57:17,793 Num updates: 5630	Num frames 900800
2026-08-11 17:57:17,793 Average window size: 50  distance_to_goal: 0.320  distance_to_goal_reward: 0.000  reward: 6.215  spl: 0.800  success: 0.957
2026-08-11 17:57:17,793 	Perf Stats: trainer.rollout_collect: 0.285 trainer.sample_action: 0.003 trainer.obs_insert: 0.000 trainer.step_env: 0.005 trainer.update_stats: 0.001 trainer.update_agent: 0.035
2026-08-11 17:57:20,843 update: 5640	fps: 495.366	
2026-08-11 17:57:20,844 Num updates: 5640	Num frames 902400
2026-08-11 17:57:20,844 Average window size: 50  distance_to_goal: 0.285  distance_to_goal_reward: -0.000  reward: 6.251  spl: 0.791  success: 0.952
2026-08-11 17:57:20,844 	Perf Stats: trainer.rollout_collect: 0.285 trainer.sample_action: 0.003 trainer.obs_insert: 0.000 trainer.step_env: 0.005 trainer.update_stats: 0.001 trainer.update_agent: 0.035
2026-08-11 17:57:23,914 update: 5650	fps: 495.410	
2026-08-11 17:57:23,914 Num updates: 5650	Num frames 904000
2026-08-11 17:57:23,915 Average window size: 50  distance_to_goal: 0.335  distance_to_goal_reward: -0.000  reward: 6.095  spl: 0.759  success: 0.917
2026-08-11 17:57:23,915 	Perf Stats: trainer.rollout_collect: 0.285 trainer.sample_action: 0.003 trainer.obs_insert: 0.000 trainer.step_env: 0.005 trainer.update_stats: 0.001 trainer.update_agent: 0.035
2026-08-11 17:57:26,989 update: 5660	fps: 495.452	
2026-08-11 17:57:26,990 Num updates: 5660	Num frames 905600
2026-08-11 17:57:26,990 Average window size: 50  distance_to_goal: 0.276  distance_to_goal_reward: -0.000  reward: 6.149  spl: 0.758  success: 0.916
2026-08-11 17:57:26,990 	Perf Stats: trainer.rollout_collect: 0.285 trainer.sample_action: 0.003 trainer.obs_insert: 0.000 trainer.step_env: 0.005 trainer.update_stats: 0.001 trainer.update_agent: 0.035
2026-08-11 17:57:30,059 update: 5670	fps: 495.495	
2026-08-11 17:57:30,059 Num updates: 5670	Num frames 907200
2026-08-11 17:57:30,059 Average window size: 50  distance_to_goal: 0.276  distance_to_goal_reward: -0.000  reward: 6.430  spl: 0.776  success: 0.932
2026-08-11 17:57:30,059 	Perf Stats: trainer.rollout_collect: 0.285 trainer.sample_action: 0.003 trainer.obs_insert: 0.000 trainer.step_env: 0.005 trainer.update_stats: 0.001 trainer.update_agent: 0.035
2026-08-11 17:57:33,141 update: 5680	fps: 495.535	
2026-08-11 17:57:33,141 Num updates: 5680	Num frames 908800
2026-08-11 17:57:33,141 Average window size: 50  distance_to_goal: 0.235  distance_to_goal_reward: -0.000  reward: 6.399  spl: 0.790  success: 0.944
2026-08-11 17:57:33,141 	Perf Stats: trainer.rollout_collect: 0.285 trainer.sample_action: 0.003 trainer.obs_insert: 0.000 trainer.step_env: 0.005 trainer.update_stats: 0.001 trainer.update_agent: 0.035
PluginManager::Manager: duplicate static plugin StbImageImporter, ignoring
PluginManager::Manager: duplicate static plugin GltfImporter, ignoring
PluginManager::Manager: duplicate static plugin BasisImporter, ignoring
PluginManager::Manager: duplicate static plugin AssimpImporter, ignoring
PluginManager::Manager: duplicate static plugin AnySceneImporter, ignoring
PluginManager::Manager: duplicate static plugin AnyImageImporter, ignoring
Renderer: NVIDIA GeForce RTX 4070/PCIe/SSE2 by NVIDIA Corporation
OpenGL version: 4.6.0 NVIDIA 580.173.02
Using optional features:
    GL_ARB_vertex_array_object
    GL_ARB_separate_shader_objects
    GL_ARB_robustness
    GL_ARB_texture_storage
    GL_ARB_texture_view
    GL_ARB_framebuffer_no_attachments
    GL_ARB_invalidate_subdata
    GL_ARB_texture_storage_multisample
    GL_ARB_multi_bind
    GL_ARB_direct_state_access
    GL_ARB_get_texture_sub_image
    GL_ARB_texture_filter_anisotropic
    GL_KHR_debug
    GL_KHR_parallel_shader_compile
    GL_NV_depth_buffer_float
Using driver workarounds:
    no-forward-compatible-core-context
    nv-egl-incorrect-gl11-function-pointers
    no-layout-qualifiers-on-old-glsl
    nv-zero-context-profile-mask
    nv-implementation-color-read-format-dsa-broken
    nv-cubemap-inconsistent-compressed-image-size
    nv-cubemap-broken-full-compressed-image-query
    nv-compressed-block-size-in-bits
[17:57:34:807221]:[Warning]:[Scene] SemanticScene.h(331)::checkFileExists : ::loadSemanticSceneDescriptor: File `data/scene_datasets/habitat-test-scenes/van-gogh-room.scn` does not exist.  Aborting load.
[17:57:34:807237]:[Warning]:[Scene] SemanticScene.cpp(123)::loadSemanticSceneDescriptor : SSD File Naming Issue! Neither SemanticAttributes-provided name : `data/scene_datasets/habitat-test-scenes/van-gogh-room.scn` nor constructed filename : `data/scene_datasets/habitat-test-scenes/info_semantic.json` exist on disk.
[17:57:34:807242]:[Error]:[Scene] SemanticScene.cpp(139)::loadSemanticSceneDescriptor : SSD Load Failure! File with SemanticAttributes-provided name `data/scene_datasets/habitat-test-scenes/van-gogh-room.scn` exists but failed to load.
[17:57:35:239527]:[Warning]:[Sim] Simulator.cpp(595)::instanceStageForSceneAttributes : The active scene does not contain semantic annotations : activeSemanticSceneID_ = 0
2026-08-11 17:57:36,614 update: 5690	fps: 495.469	
2026-08-11 17:57:36,614 Num updates: 5690	Num frames 910400
2026-08-11 17:57:36,614 Average window size: 50  distance_to_goal: 0.218  distance_to_goal_reward: 0.000  reward: 6.469  spl: 0.785  success: 0.941
2026-08-11 17:57:36,614 	Perf Stats: trainer.rollout_collect: 0.285 trainer.sample_action: 0.003 trainer.obs_insert: 0.000 trainer.step_env: 0.005 trainer.update_stats: 0.001 trainer.update_agent: 0.035
2026-08-11 17:57:39,670 update: 5700	fps: 495.515	
2026-08-11 17:57:39,671 Num updates: 5700	Num frames 912000
2026-08-11 17:57:39,671 Average window size: 50  distance_to_goal: 0.098  distance_to_goal_reward: 0.000  reward: 6.658  spl: 0.810  success: 0.971
2026-08-11 17:57:39,671 	Perf Stats: trainer.rollout_collect: 0.285 trainer.sample_action: 0.003 trainer.obs_insert: 0.000 trainer.step_env: 0.005 trainer.update_stats: 0.001 trainer.update_agent: 0.035
2026-08-11 17:57:42,648 update: 5710	fps: 495.583	
2026-08-11 17:57:42,648 Num updates: 5710	Num frames 913600
2026-08-11 17:57:42,648 Average window size: 50  distance_to_goal: 0.100  distance_to_goal_reward: 0.000  reward: 6.501  spl: 0.807  success: 0.965
2026-08-11 17:57:42,648 	Perf Stats: trainer.rollout_collect: 0.285 trainer.sample_action: 0.003 trainer.obs_insert: 0.000 trainer.step_env: 0.005 trainer.update_stats: 0.001 trainer.update_agent: 0.035
2026-08-11 17:57:45,653 update: 5720	fps: 495.643	
2026-08-11 17:57:45,653 Num updates: 5720	Num frames 915200
2026-08-11 17:57:45,653 Average window size: 50  distance_to_goal: 0.100  distance_to_goal_reward: 0.000  reward: 6.245  spl: 0.805  success: 0.960
2026-08-11 17:57:45,653 	Perf Stats: trainer.rollout_collect: 0.285 trainer.sample_action: 0.003 trainer.obs_insert: 0.000 trainer.step_env: 0.005 trainer.update_stats: 0.001 trainer.update_agent: 0.035
2026-08-11 17:57:48,641 update: 5730	fps: 495.707	
2026-08-11 17:57:48,641 Num updates: 5730	Num frames 916800
2026-08-11 17:57:48,641 Average window size: 50  distance_to_goal: 0.100  distance_to_goal_reward: 0.000  reward: 6.085  spl: 0.803  success: 0.966
2026-08-11 17:57:48,641 	Perf Stats: trainer.rollout_collect: 0.285 trainer.sample_action: 0.003 trainer.obs_insert: 0.000 trainer.step_env: 0.005 trainer.update_stats: 0.001 trainer.update_agent: 0.035
2026-08-11 17:57:51,653 update: 5740	fps: 495.765	
2026-08-11 17:57:51,654 Num updates: 5740	Num frames 918400
2026-08-11 17:57:51,654 Average window size: 50  distance_to_goal: 0.204  distance_to_goal_reward: 0.000  reward: 5.899  spl: 0.808  success: 0.961
2026-08-11 17:57:51,654 	Perf Stats: trainer.rollout_collect: 0.285 trainer.sample_action: 0.003 trainer.obs_insert: 0.000 trainer.step_env: 0.005 trainer.update_stats: 0.001 trainer.update_agent: 0.035
PluginManager::Manager: duplicate static plugin StbImageImporter, ignoring
PluginManager::Manager: duplicate static plugin GltfImporter, ignoring
PluginManager::Manager: duplicate static plugin BasisImporter, ignoring
PluginManager::Manager: duplicate static plugin AssimpImporter, ignoring
PluginManager::Manager: duplicate static plugin AnySceneImporter, ignoring
PluginManager::Manager: duplicate static plugin AnyImageImporter, ignoring
Renderer: NVIDIA GeForce RTX 4070/PCIe/SSE2 by NVIDIA Corporation
OpenGL version: 4.6.0 NVIDIA 580.173.02
Using optional features:
    GL_ARB_vertex_array_object
    GL_ARB_separate_shader_objects
    GL_ARB_robustness
    GL_ARB_texture_storage
    GL_ARB_texture_view
    GL_ARB_framebuffer_no_attachments
    GL_ARB_invalidate_subdata
    GL_ARB_texture_storage_multisample
    GL_ARB_multi_bind
    GL_ARB_direct_state_access
    GL_ARB_get_texture_sub_image
    GL_ARB_texture_filter_anisotropic
    GL_KHR_debug
    GL_KHR_parallel_shader_compile
    GL_NV_depth_buffer_float
Using driver workarounds:
    no-forward-compatible-core-context
    nv-egl-incorrect-gl11-function-pointers
    no-layout-qualifiers-on-old-glsl
    nv-zero-context-profile-mask
    nv-implementation-color-read-format-dsa-broken
    nv-cubemap-inconsistent-compressed-image-size
    nv-cubemap-broken-full-compressed-image-query
    nv-compressed-block-size-in-bits
[17:57:54:165851]:[Warning]:[Scene] SemanticScene.h(331)::checkFileExists : ::loadSemanticSceneDescriptor: File `data/scene_datasets/habitat-test-scenes/skokloster-castle.scn` does not exist.  Aborting load.
[17:57:54:165868]:[Warning]:[Scene] SemanticScene.cpp(123)::loadSemanticSceneDescriptor : SSD File Naming Issue! Neither SemanticAttributes-provided name : `data/scene_datasets/habitat-test-scenes/skokloster-castle.scn` nor constructed filename : `data/scene_datasets/habitat-test-scenes/info_semantic.json` exist on disk.
[17:57:54:165873]:[Error]:[Scene] SemanticScene.cpp(139)::loadSemanticSceneDescriptor : SSD Load Failure! File with SemanticAttributes-provided name `data/scene_datasets/habitat-test-scenes/skokloster-castle.scn` exists but failed to load.
[17:57:54:767430]:[Warning]:[Sim] Simulator.cpp(595)::instanceStageForSceneAttributes : The active scene does not contain semantic annotations : activeSemanticSceneID_ = 0
2026-08-11 17:57:55,268 update: 5750	fps: 495.661	
2026-08-11 17:57:55,268 Num updates: 5750	Num frames 920000
2026-08-11 17:57:55,268 Average window size: 50  distance_to_goal: 0.200  distance_to_goal_reward: 0.000  reward: 5.882  spl: 0.813  success: 0.968
2026-08-11 17:57:55,268 	Perf Stats: trainer.rollout_collect: 0.285 trainer.sample_action: 0.003 trainer.obs_insert: 0.000 trainer.step_env: 0.005 trainer.update_stats: 0.001 trainer.update_agent: 0.035
2026-08-11 17:57:58,371 update: 5760	fps: 495.695	
2026-08-11 17:57:58,371 Num updates: 5760	Num frames 921600
2026-08-11 17:57:58,372 Average window size: 50  distance_to_goal: 0.262  distance_to_goal_reward: 0.000  reward: 5.833  spl: 0.808  success: 0.967
2026-08-11 17:57:58,372 	Perf Stats: trainer.rollout_collect: 0.285 trainer.sample_action: 0.003 trainer.obs_insert: 0.000 trainer.step_env: 0.005 trainer.update_stats: 0.001 trainer.update_agent: 0.035
2026-08-11 17:58:01,462 update: 5770	fps: 495.731	
2026-08-11 17:58:01,463 Num updates: 5770	Num frames 923200
2026-08-11 17:58:01,463 Average window size: 50  distance_to_goal: 0.280  distance_to_goal_reward: 0.000  reward: 5.777  spl: 0.812  success: 0.971
2026-08-11 17:58:01,463 	Perf Stats: trainer.rollout_collect: 0.285 trainer.sample_action: 0.003 trainer.obs_insert: 0.000 trainer.step_env: 0.005 trainer.update_stats: 0.001 trainer.update_agent: 0.035
2026-08-11 17:58:04,560 update: 5780	fps: 495.765	
2026-08-11 17:58:04,560 Num updates: 5780	Num frames 924800
2026-08-11 17:58:04,560 Average window size: 50  distance_to_goal: 0.334  distance_to_goal_reward: 0.000  reward: 5.948  spl: 0.801  success: 0.963
2026-08-11 17:58:04,560 	Perf Stats: trainer.rollout_collect: 0.285 trainer.sample_action: 0.003 trainer.obs_insert: 0.000 trainer.step_env: 0.005 trainer.update_stats: 0.001 trainer.update_agent: 0.035
2026-08-11 17:58:07,659 update: 5790	fps: 495.800	
2026-08-11 17:58:07,659 Num updates: 5790	Num frames 926400
2026-08-11 17:58:07,659 Average window size: 50  distance_to_goal: 0.229  distance_to_goal_reward: 0.000  reward: 6.171  spl: 0.800  success: 0.969
2026-08-11 17:58:07,659 	Perf Stats: trainer.rollout_collect: 0.285 trainer.sample_action: 0.003 trainer.obs_insert: 0.000 trainer.step_env: 0.005 trainer.update_stats: 0.001 trainer.update_agent: 0.035
2026-08-11 17:58:10,830 update: 5800	fps: 495.814	
2026-08-11 17:58:10,830 Num updates: 5800	Num frames 928000
2026-08-11 17:58:10,830 Average window size: 50  distance_to_goal: 0.240  distance_to_goal_reward: 0.000  reward: 6.210  spl: 0.787  success: 0.959
2026-08-11 17:58:10,830 	Perf Stats: trainer.rollout_collect: 0.285 trainer.sample_action: 0.003 trainer.obs_insert: 0.000 trainer.step_env: 0.005 trainer.update_stats: 0.001 trainer.update_agent: 0.035
2026-08-11 17:58:13,909 update: 5810	fps: 495.853	
2026-08-11 17:58:13,909 Num updates: 5810	Num frames 929600
2026-08-11 17:58:13,909 Average window size: 50  distance_to_goal: 0.277  distance_to_goal_reward: 0.000  reward: 6.164  spl: 0.780  success: 0.949
2026-08-11 17:58:13,910 	Perf Stats: trainer.rollout_collect: 0.285 trainer.sample_action: 0.003 trainer.obs_insert: 0.000 trainer.step_env: 0.005 trainer.update_stats: 0.001 trainer.update_agent: 0.035
2026-08-11 17:58:17,006 update: 5820	fps: 495.888	
2026-08-11 17:58:17,006 Num updates: 5820	Num frames 931200
2026-08-11 17:58:17,006 Average window size: 50  distance_to_goal: 0.268  distance_to_goal_reward: 0.000  reward: 6.308  spl: 0.768  success: 0.935
2026-08-11 17:58:17,006 	Perf Stats: trainer.rollout_collect: 0.285 trainer.sample_action: 0.003 trainer.obs_insert: 0.000 trainer.step_env: 0.005 trainer.update_stats: 0.001 trainer.update_agent: 0.035
2026-08-11 17:58:20,089 update: 5830	fps: 495.926	
2026-08-11 17:58:20,089 Num updates: 5830	Num frames 932800
2026-08-11 17:58:20,089 Average window size: 50  distance_to_goal: 0.245  distance_to_goal_reward: 0.000  reward: 6.231  spl: 0.785  success: 0.945
2026-08-11 17:58:20,089 	Perf Stats: trainer.rollout_collect: 0.285 trainer.sample_action: 0.003 trainer.obs_insert: 0.000 trainer.step_env: 0.005 trainer.update_stats: 0.001 trainer.update_agent: 0.035
2026-08-11 17:58:23,171 update: 5840	fps: 495.964	
2026-08-11 17:58:23,171 Num updates: 5840	Num frames 934400
2026-08-11 17:58:23,171 Average window size: 50  distance_to_goal: 0.260  distance_to_goal_reward: 0.000  reward: 6.112  spl: 0.776  success: 0.931
2026-08-11 17:58:23,171 	Perf Stats: trainer.rollout_collect: 0.285 trainer.sample_action: 0.003 trainer.obs_insert: 0.000 trainer.step_env: 0.005 trainer.update_stats: 0.001 trainer.update_agent: 0.035
2026-08-11 17:58:26,252 update: 5850	fps: 496.002	
2026-08-11 17:58:26,252 Num updates: 5850	Num frames 936000
2026-08-11 17:58:26,252 Average window size: 50  distance_to_goal: 0.245  distance_to_goal_reward: 0.000  reward: 6.132  spl: 0.777  success: 0.933
2026-08-11 17:58:26,252 	Perf Stats: trainer.rollout_collect: 0.285 trainer.sample_action: 0.003 trainer.obs_insert: 0.000 trainer.step_env: 0.005 trainer.update_stats: 0.001 trainer.update_agent: 0.035
2026-08-11 17:58:29,348 update: 5860	fps: 496.036	
2026-08-11 17:58:29,348 Num updates: 5860	Num frames 937600
2026-08-11 17:58:29,348 Average window size: 50  distance_to_goal: 0.262  distance_to_goal_reward: 0.000  reward: 6.262  spl: 0.788  success: 0.935
2026-08-11 17:58:29,348 	Perf Stats: trainer.rollout_collect: 0.285 trainer.sample_action: 0.003 trainer.obs_insert: 0.000 trainer.step_env: 0.005 trainer.update_stats: 0.001 trainer.update_agent: 0.035
2026-08-11 17:58:32,416 update: 5870	fps: 496.077	
2026-08-11 17:58:32,416 Num updates: 5870	Num frames 939200
2026-08-11 17:58:32,416 Average window size: 50  distance_to_goal: 0.279  distance_to_goal_reward: 0.000  reward: 5.952  spl: 0.789  success: 0.943
2026-08-11 17:58:32,417 	Perf Stats: trainer.rollout_collect: 0.285 trainer.sample_action: 0.003 trainer.obs_insert: 0.000 trainer.step_env: 0.005 trainer.update_stats: 0.001 trainer.update_agent: 0.035
2026-08-11 17:58:35,510 update: 5880	fps: 496.111	
2026-08-11 17:58:35,510 Num updates: 5880	Num frames 940800
2026-08-11 17:58:35,510 Average window size: 50  distance_to_goal: 0.271  distance_to_goal_reward: 0.000  reward: 6.068  spl: 0.795  success: 0.945
2026-08-11 17:58:35,510 	Perf Stats: trainer.rollout_collect: 0.285 trainer.sample_action: 0.003 trainer.obs_insert: 0.000 trainer.step_env: 0.005 trainer.update_stats: 0.001 trainer.update_agent: 0.035
PluginManager::Manager: duplicate static plugin StbImageImporter, ignoring
PluginManager::Manager: duplicate static plugin GltfImporter, ignoring
PluginManager::Manager: duplicate static plugin BasisImporter, ignoring
PluginManager::Manager: duplicate static plugin AssimpImporter, ignoring
PluginManager::Manager: duplicate static plugin AnySceneImporter, ignoring
PluginManager::Manager: duplicate static plugin AnyImageImporter, ignoring
Renderer: NVIDIA GeForce RTX 4070/PCIe/SSE2 by NVIDIA Corporation
OpenGL version: 4.6.0 NVIDIA 580.173.02
Using optional features:
    GL_ARB_vertex_array_object
    GL_ARB_separate_shader_objects
    GL_ARB_robustness
    GL_ARB_texture_storage
    GL_ARB_texture_view
    GL_ARB_framebuffer_no_attachments
    GL_ARB_invalidate_subdata
    GL_ARB_texture_storage_multisample
    GL_ARB_multi_bind
    GL_ARB_direct_state_access
    GL_ARB_get_texture_sub_image
    GL_ARB_texture_filter_anisotropic
    GL_KHR_debug
    GL_KHR_parallel_shader_compile
    GL_NV_depth_buffer_float
Using driver workarounds:
    no-forward-compatible-core-context
    nv-egl-incorrect-gl11-function-pointers
    no-layout-qualifiers-on-old-glsl
    nv-zero-context-profile-mask
    nv-implementation-color-read-format-dsa-broken
    nv-cubemap-inconsistent-compressed-image-size
    nv-cubemap-broken-full-compressed-image-query
    nv-compressed-block-size-in-bits
[17:58:37:525473]:[Warning]:[Scene] SemanticScene.h(331)::checkFileExists : ::loadSemanticSceneDescriptor: File `data/scene_datasets/habitat-test-scenes/skokloster-castle.scn` does not exist.  Aborting load.
[17:58:37:525489]:[Warning]:[Scene] SemanticScene.cpp(123)::loadSemanticSceneDescriptor : SSD File Naming Issue! Neither SemanticAttributes-provided name : `data/scene_datasets/habitat-test-scenes/skokloster-castle.scn` nor constructed filename : `data/scene_datasets/habitat-test-scenes/info_semantic.json` exist on disk.
[17:58:37:525494]:[Error]:[Scene] SemanticScene.cpp(139)::loadSemanticSceneDescriptor : SSD Load Failure! File with SemanticAttributes-provided name `data/scene_datasets/habitat-test-scenes/skokloster-castle.scn` exists but failed to load.
[17:58:38:129446]:[Warning]:[Sim] Simulator.cpp(595)::instanceStageForSceneAttributes : The active scene does not contain semantic annotations : activeSemanticSceneID_ = 0
2026-08-11 17:58:39,242 update: 5890	fps: 495.979	
2026-08-11 17:58:39,242 Num updates: 5890	Num frames 942400
2026-08-11 17:58:39,242 Average window size: 50  distance_to_goal: 0.263  distance_to_goal_reward: 0.000  reward: 6.126  spl: 0.802  success: 0.962
2026-08-11 17:58:39,242 	Perf Stats: trainer.rollout_collect: 0.285 trainer.sample_action: 0.003 trainer.obs_insert: 0.000 trainer.step_env: 0.005 trainer.update_stats: 0.001 trainer.update_agent: 0.035
2026-08-11 17:58:42,477 update: 5900	fps: 495.977	
2026-08-11 17:58:42,477 Num updates: 5900	Num frames 944000
2026-08-11 17:58:42,477 Average window size: 50  distance_to_goal: 0.174  distance_to_goal_reward: 0.000  reward: 6.449  spl: 0.821  success: 0.976
2026-08-11 17:58:42,477 	Perf Stats: trainer.rollout_collect: 0.285 trainer.sample_action: 0.003 trainer.obs_insert: 0.000 trainer.step_env: 0.005 trainer.update_stats: 0.001 trainer.update_agent: 0.035
2026-08-11 17:58:45,612 update: 5910	fps: 496.000	
2026-08-11 17:58:45,612 Num updates: 5910	Num frames 945600
2026-08-11 17:58:45,612 Average window size: 50  distance_to_goal: 0.356  distance_to_goal_reward: 0.000  reward: 6.267  spl: 0.809  success: 0.965
2026-08-11 17:58:45,612 	Perf Stats: trainer.rollout_collect: 0.285 trainer.sample_action: 0.003 trainer.obs_insert: 0.000 trainer.step_env: 0.005 trainer.update_stats: 0.001 trainer.update_agent: 0.035
PluginManager::Manager: duplicate static plugin StbImageImporter, ignoring
PluginManager::Manager: duplicate static plugin GltfImporter, ignoring
PluginManager::Manager: duplicate static plugin BasisImporter, ignoring
PluginManager::Manager: duplicate static plugin AssimpImporter, ignoring
PluginManager::Manager: duplicate static plugin AnySceneImporter, ignoring
PluginManager::Manager: duplicate static plugin AnyImageImporter, ignoring
Renderer: NVIDIA GeForce RTX 4070/PCIe/SSE2 by NVIDIA Corporation
OpenGL version: 4.6.0 NVIDIA 580.173.02
Using optional features:
    GL_ARB_vertex_array_object
    GL_ARB_separate_shader_objects
    GL_ARB_robustness
    GL_ARB_texture_storage
    GL_ARB_texture_view
    GL_ARB_framebuffer_no_attachments
    GL_ARB_invalidate_subdata
    GL_ARB_texture_storage_multisample
    GL_ARB_multi_bind
    GL_ARB_direct_state_access
    GL_ARB_get_texture_sub_image
    GL_ARB_texture_filter_anisotropic
    GL_KHR_debug
    GL_KHR_parallel_shader_compile
    GL_NV_depth_buffer_float
Using driver workarounds:
    no-forward-compatible-core-context
    nv-egl-incorrect-gl11-function-pointers
    no-layout-qualifiers-on-old-glsl
    nv-zero-context-profile-mask
    nv-implementation-color-read-format-dsa-broken
    nv-cubemap-inconsistent-compressed-image-size
    nv-cubemap-broken-full-compressed-image-query
    nv-compressed-block-size-in-bits
[17:58:45:786084]:[Warning]:[Scene] SemanticScene.h(331)::checkFileExists : ::loadSemanticSceneDescriptor: File `data/scene_datasets/habitat-test-scenes/skokloster-castle.scn` does not exist.  Aborting load.
[17:58:45:786105]:[Warning]:[Scene] SemanticScene.cpp(123)::loadSemanticSceneDescriptor : SSD File Naming Issue! Neither SemanticAttributes-provided name : `data/scene_datasets/habitat-test-scenes/skokloster-castle.scn` nor constructed filename : `data/scene_datasets/habitat-test-scenes/info_semantic.json` exist on disk.
[17:58:45:786111]:[Error]:[Scene] SemanticScene.cpp(139)::loadSemanticSceneDescriptor : SSD Load Failure! File with SemanticAttributes-provided name `data/scene_datasets/habitat-test-scenes/skokloster-castle.scn` exists but failed to load.
[17:58:46:402222]:[Warning]:[Sim] Simulator.cpp(595)::instanceStageForSceneAttributes : The active scene does not contain semantic annotations : activeSemanticSceneID_ = 0
2026-08-11 17:58:49,449 update: 5920	fps: 495.842	
2026-08-11 17:58:49,449 Num updates: 5920	Num frames 947200
2026-08-11 17:58:49,449 Average window size: 50  distance_to_goal: 0.464  distance_to_goal_reward: 0.000  reward: 6.764  spl: 0.800  success: 0.947
2026-08-11 17:58:49,449 	Perf Stats: trainer.rollout_collect: 0.285 trainer.sample_action: 0.003 trainer.obs_insert: 0.000 trainer.step_env: 0.005 trainer.update_stats: 0.001 trainer.update_agent: 0.035
2026-08-11 17:58:52,623 update: 5930	fps: 495.855	
2026-08-11 17:58:52,623 Num updates: 5930	Num frames 948800
2026-08-11 17:58:52,623 Average window size: 50  distance_to_goal: 0.461  distance_to_goal_reward: 0.000  reward: 6.990  spl: 0.792  success: 0.939
2026-08-11 17:58:52,623 	Perf Stats: trainer.rollout_collect: 0.285 trainer.sample_action: 0.003 trainer.obs_insert: 0.000 trainer.step_env: 0.005 trainer.update_stats: 0.001 trainer.update_agent: 0.035
2026-08-11 17:58:55,805 update: 5940	fps: 495.867	
2026-08-11 17:58:55,805 Num updates: 5940	Num frames 950400
2026-08-11 17:58:55,805 Average window size: 50  distance_to_goal: 0.737  distance_to_goal_reward: 0.000  reward: 7.147  spl: 0.775  success: 0.915
2026-08-11 17:58:55,805 	Perf Stats: trainer.rollout_collect: 0.285 trainer.sample_action: 0.003 trainer.obs_insert: 0.000 trainer.step_env: 0.005 trainer.update_stats: 0.001 trainer.update_agent: 0.035
PluginManager::Manager: duplicate static plugin StbImageImporter, ignoring
PluginManager::Manager: duplicate static plugin GltfImporter, ignoring
PluginManager::Manager: duplicate static plugin BasisImporter, ignoring
PluginManager::Manager: duplicate static plugin AssimpImporter, ignoring
PluginManager::Manager: duplicate static plugin AnySceneImporter, ignoring
PluginManager::Manager: duplicate static plugin AnyImageImporter, ignoring
Renderer: NVIDIA GeForce RTX 4070/PCIe/SSE2 by NVIDIA Corporation
OpenGL version: 4.6.0 NVIDIA 580.173.02
Using optional features:
    GL_ARB_vertex_array_object
    GL_ARB_separate_shader_objects
    GL_ARB_robustness
    GL_ARB_texture_storage
    GL_ARB_texture_view
    GL_ARB_framebuffer_no_attachments
    GL_ARB_invalidate_subdata
    GL_ARB_texture_storage_multisample
    GL_ARB_multi_bind
    GL_ARB_direct_state_access
    GL_ARB_get_texture_sub_image
    GL_ARB_texture_filter_anisotropic
    GL_KHR_debug
    GL_KHR_parallel_shader_compile
    GL_NV_depth_buffer_float
Using driver workarounds:
    no-forward-compatible-core-context
    nv-egl-incorrect-gl11-function-pointers
    no-layout-qualifiers-on-old-glsl
    nv-zero-context-profile-mask
    nv-implementation-color-read-format-dsa-broken
    nv-cubemap-inconsistent-compressed-image-size
    nv-cubemap-broken-full-compressed-image-query
    nv-compressed-block-size-in-bits
[17:58:58:087222]:[Warning]:[Scene] SemanticScene.h(331)::checkFileExists : ::loadSemanticSceneDescriptor: File `data/scene_datasets/habitat-test-scenes/van-gogh-room.scn` does not exist.  Aborting load.
[17:58:58:087241]:[Warning]:[Scene] SemanticScene.cpp(123)::loadSemanticSceneDescriptor : SSD File Naming Issue! Neither SemanticAttributes-provided name : `data/scene_datasets/habitat-test-scenes/van-gogh-room.scn` nor constructed filename : `data/scene_datasets/habitat-test-scenes/info_semantic.json` exist on disk.
[17:58:58:087247]:[Error]:[Scene] SemanticScene.cpp(139)::loadSemanticSceneDescriptor : SSD Load Failure! File with SemanticAttributes-provided name `data/scene_datasets/habitat-test-scenes/van-gogh-room.scn` exists but failed to load.
[17:58:58:518051]:[Warning]:[Sim] Simulator.cpp(595)::instanceStageForSceneAttributes : The active scene does not contain semantic annotations : activeSemanticSceneID_ = 0
PluginManager::Manager: duplicate static plugin StbImageImporter, ignoring
PluginManager::Manager: duplicate static plugin GltfImporter, ignoring
PluginManager::Manager: duplicate static plugin BasisImporter, ignoring
PluginManager::Manager: duplicate static plugin AssimpImporter, ignoring
PluginManager::Manager: duplicate static plugin AnySceneImporter, ignoring
PluginManager::Manager: duplicate static plugin AnyImageImporter, ignoring
Renderer: NVIDIA GeForce RTX 4070/PCIe/SSE2 by NVIDIA Corporation
OpenGL version: 4.6.0 NVIDIA 580.173.02
Using optional features:
    GL_ARB_vertex_array_object
    GL_ARB_separate_shader_objects
    GL_ARB_robustness
    GL_ARB_texture_storage
    GL_ARB_texture_view
    GL_ARB_framebuffer_no_attachments
    GL_ARB_invalidate_subdata
    GL_ARB_texture_storage_multisample
    GL_ARB_multi_bind
    GL_ARB_direct_state_access
    GL_ARB_get_texture_sub_image
    GL_ARB_texture_filter_anisotropic
    GL_KHR_debug
    GL_KHR_parallel_shader_compile
    GL_NV_depth_buffer_float
Using driver workarounds:
    no-forward-compatible-core-context
    nv-egl-incorrect-gl11-function-pointers
    no-layout-qualifiers-on-old-glsl
    nv-zero-context-profile-mask
    nv-implementation-color-read-format-dsa-broken
    nv-cubemap-inconsistent-compressed-image-size
    nv-cubemap-broken-full-compressed-image-query
    nv-compressed-block-size-in-bits
[17:58:59:217376]:[Warning]:[Scene] SemanticScene.h(331)::checkFileExists : ::loadSemanticSceneDescriptor: File `data/scene_datasets/habitat-test-scenes/skokloster-castle.scn` does not exist.  Aborting load.
[17:58:59:217391]:[Warning]:[Scene] SemanticScene.cpp(123)::loadSemanticSceneDescriptor : SSD File Naming Issue! Neither SemanticAttributes-provided name : `data/scene_datasets/habitat-test-scenes/skokloster-castle.scn` nor constructed filename : `data/scene_datasets/habitat-test-scenes/info_semantic.json` exist on disk.
[17:58:59:217396]:[Error]:[Scene] SemanticScene.cpp(139)::loadSemanticSceneDescriptor : SSD Load Failure! File with SemanticAttributes-provided name `data/scene_datasets/habitat-test-scenes/skokloster-castle.scn` exists but failed to load.
[17:58:59:822281]:[Warning]:[Sim] Simulator.cpp(595)::instanceStageForSceneAttributes : The active scene does not contain semantic annotations : activeSemanticSceneID_ = 0
2026-08-11 17:59:00,053 update: 5950	fps: 495.603	
2026-08-11 17:59:00,053 Num updates: 5950	Num frames 952000
2026-08-11 17:59:00,053 Average window size: 50  distance_to_goal: 0.862  distance_to_goal_reward: 0.000  reward: 7.096  spl: 0.767  success: 0.908
2026-08-11 17:59:00,053 	Perf Stats: trainer.rollout_collect: 0.285 trainer.sample_action: 0.003 trainer.obs_insert: 0.000 trainer.step_env: 0.005 trainer.update_stats: 0.001 trainer.update_agent: 0.035
2026-08-11 17:59:03,254 update: 5960	fps: 495.610	
2026-08-11 17:59:03,254 Num updates: 5960	Num frames 953600
2026-08-11 17:59:03,254 Average window size: 50  distance_to_goal: 0.781  distance_to_goal_reward: 0.000  reward: 7.187  spl: 0.753  success: 0.893
2026-08-11 17:59:03,254 	Perf Stats: trainer.rollout_collect: 0.285 trainer.sample_action: 0.003 trainer.obs_insert: 0.000 trainer.step_env: 0.005 trainer.update_stats: 0.001 trainer.update_agent: 0.035
2026-08-11 17:59:06,424 update: 5970	fps: 495.625	
2026-08-11 17:59:06,424 Num updates: 5970	Num frames 955200
2026-08-11 17:59:06,424 Average window size: 50  distance_to_goal: 0.838  distance_to_goal_reward: 0.000  reward: 7.287  spl: 0.736  success: 0.870
2026-08-11 17:59:06,424 	Perf Stats: trainer.rollout_collect: 0.285 trainer.sample_action: 0.003 trainer.obs_insert: 0.000 trainer.step_env: 0.005 trainer.update_stats: 0.001 trainer.update_agent: 0.035
2026-08-11 17:59:09,632 update: 5980	fps: 495.631	
2026-08-11 17:59:09,632 Num updates: 5980	Num frames 956800
2026-08-11 17:59:09,632 Average window size: 50  distance_to_goal: 0.750  distance_to_goal_reward: 0.000  reward: 7.379  spl: 0.716  success: 0.859
2026-08-11 17:59:09,632 	Perf Stats: trainer.rollout_collect: 0.285 trainer.sample_action: 0.003 trainer.obs_insert: 0.000 trainer.step_env: 0.005 trainer.update_stats: 0.001 trainer.update_agent: 0.035
2026-08-11 17:59:12,820 update: 5990	fps: 495.641	
2026-08-11 17:59:12,820 Num updates: 5990	Num frames 958400
2026-08-11 17:59:12,820 Average window size: 50  distance_to_goal: 1.285  distance_to_goal_reward: 0.000  reward: 6.554  spl: 0.686  success: 0.825
2026-08-11 17:59:12,820 	Perf Stats: trainer.rollout_collect: 0.285 trainer.sample_action: 0.003 trainer.obs_insert: 0.000 trainer.step_env: 0.005 trainer.update_stats: 0.001 trainer.update_agent: 0.035
2026-08-11 17:59:16,131 update: 6000	fps: 495.620	
2026-08-11 17:59:16,131 Num updates: 6000	Num frames 960000
2026-08-11 17:59:16,131 Average window size: 50  distance_to_goal: 1.172  distance_to_goal_reward: 0.000  reward: 6.772  spl: 0.687  success: 0.806
2026-08-11 17:59:16,131 	Perf Stats: trainer.rollout_collect: 0.285 trainer.sample_action: 0.003 trainer.obs_insert: 0.000 trainer.step_env: 0.005 trainer.update_stats: 0.001 trainer.update_agent: 0.035
2026-08-11 17:59:19,334 update: 6010	fps: 495.626	
2026-08-11 17:59:19,334 Num updates: 6010	Num frames 961600
2026-08-11 17:59:19,334 Average window size: 50  distance_to_goal: 1.106  distance_to_goal_reward: 0.000  reward: 6.965  spl: 0.685  success: 0.810
2026-08-11 17:59:19,334 	Perf Stats: trainer.rollout_collect: 0.285 trainer.sample_action: 0.003 trainer.obs_insert: 0.000 trainer.step_env: 0.005 trainer.update_stats: 0.001 trainer.update_agent: 0.035
2026-08-11 17:59:22,534 update: 6020	fps: 495.633	
2026-08-11 17:59:22,535 Num updates: 6020	Num frames 963200
2026-08-11 17:59:22,535 Average window size: 50  distance_to_goal: 0.962  distance_to_goal_reward: 0.000  reward: 6.656  spl: 0.699  success: 0.831
2026-08-11 17:59:22,535 	Perf Stats: trainer.rollout_collect: 0.285 trainer.sample_action: 0.003 trainer.obs_insert: 0.000 trainer.step_env: 0.005 trainer.update_stats: 0.001 trainer.update_agent: 0.035
2026-08-11 17:59:25,748 update: 6030	fps: 495.637	
2026-08-11 17:59:25,748 Num updates: 6030	Num frames 964800
2026-08-11 17:59:25,749 Average window size: 50  distance_to_goal: 0.988  distance_to_goal_reward: 0.000  reward: 6.917  spl: 0.721  success: 0.848
2026-08-11 17:59:25,749 	Perf Stats: trainer.rollout_collect: 0.285 trainer.sample_action: 0.003 trainer.obs_insert: 0.000 trainer.step_env: 0.005 trainer.update_stats: 0.001 trainer.update_agent: 0.035
2026-08-11 17:59:28,941 update: 6040	fps: 495.646	
2026-08-11 17:59:28,941 Num updates: 6040	Num frames 966400
2026-08-11 17:59:28,941 Average window size: 50  distance_to_goal: 0.704  distance_to_goal_reward: 0.000  reward: 7.376  spl: 0.722  success: 0.863
2026-08-11 17:59:28,941 	Perf Stats: trainer.rollout_collect: 0.285 trainer.sample_action: 0.003 trainer.obs_insert: 0.000 trainer.step_env: 0.005 trainer.update_stats: 0.001 trainer.update_agent: 0.035
2026-08-11 17:59:32,147 update: 6050	fps: 495.652	
2026-08-11 17:59:32,147 Num updates: 6050	Num frames 968000
2026-08-11 17:59:32,147 Average window size: 50  distance_to_goal: 0.699  distance_to_goal_reward: 0.000  reward: 7.616  spl: 0.730  success: 0.883
2026-08-11 17:59:32,147 	Perf Stats: trainer.rollout_collect: 0.285 trainer.sample_action: 0.003 trainer.obs_insert: 0.000 trainer.step_env: 0.005 trainer.update_stats: 0.001 trainer.update_agent: 0.035
2026-08-11 17:59:35,357 update: 6060	fps: 495.656	
2026-08-11 17:59:35,357 Num updates: 6060	Num frames 969600
2026-08-11 17:59:35,357 Average window size: 50  distance_to_goal: 0.821  distance_to_goal_reward: 0.000  reward: 7.625  spl: 0.746  success: 0.904
2026-08-11 17:59:35,357 	Perf Stats: trainer.rollout_collect: 0.285 trainer.sample_action: 0.003 trainer.obs_insert: 0.000 trainer.step_env: 0.005 trainer.update_stats: 0.001 trainer.update_agent: 0.035
PluginManager::Manager: duplicate static plugin StbImageImporter, ignoring
PluginManager::Manager: duplicate static plugin GltfImporter, ignoring
PluginManager::Manager: duplicate static plugin BasisImporter, ignoring
PluginManager::Manager: duplicate static plugin AssimpImporter, ignoring
PluginManager::Manager: duplicate static plugin AnySceneImporter, ignoring
PluginManager::Manager: duplicate static plugin AnyImageImporter, ignoring
Renderer: NVIDIA GeForce RTX 4070/PCIe/SSE2 by NVIDIA Corporation
OpenGL version: 4.6.0 NVIDIA 580.173.02
Using optional features:
    GL_ARB_vertex_array_object
    GL_ARB_separate_shader_objects
    GL_ARB_robustness
    GL_ARB_texture_storage
    GL_ARB_texture_view
    GL_ARB_framebuffer_no_attachments
    GL_ARB_invalidate_subdata
    GL_ARB_texture_storage_multisample
    GL_ARB_multi_bind
    GL_ARB_direct_state_access
    GL_ARB_get_texture_sub_image
    GL_ARB_texture_filter_anisotropic
    GL_KHR_debug
    GL_KHR_parallel_shader_compile
    GL_NV_depth_buffer_float
Using driver workarounds:
    no-forward-compatible-core-context
    nv-egl-incorrect-gl11-function-pointers
    no-layout-qualifiers-on-old-glsl
    nv-zero-context-profile-mask
    nv-implementation-color-read-format-dsa-broken
    nv-cubemap-inconsistent-compressed-image-size
    nv-cubemap-broken-full-compressed-image-query
    nv-compressed-block-size-in-bits
[17:59:36:249193]:[Warning]:[Scene] SemanticScene.h(331)::checkFileExists : ::loadSemanticSceneDescriptor: File `data/scene_datasets/habitat-test-scenes/van-gogh-room.scn` does not exist.  Aborting load.
[17:59:36:249209]:[Warning]:[Scene] SemanticScene.cpp(123)::loadSemanticSceneDescriptor : SSD File Naming Issue! Neither SemanticAttributes-provided name : `data/scene_datasets/habitat-test-scenes/van-gogh-room.scn` nor constructed filename : `data/scene_datasets/habitat-test-scenes/info_semantic.json` exist on disk.
[17:59:36:249213]:[Error]:[Scene] SemanticScene.cpp(139)::loadSemanticSceneDescriptor : SSD Load Failure! File with SemanticAttributes-provided name `data/scene_datasets/habitat-test-scenes/van-gogh-room.scn` exists but failed to load.
[17:59:36:683668]:[Warning]:[Sim] Simulator.cpp(595)::instanceStageForSceneAttributes : The active scene does not contain semantic annotations : activeSemanticSceneID_ = 0
2026-08-11 17:59:38,940 update: 6070	fps: 495.566	
2026-08-11 17:59:38,940 Num updates: 6070	Num frames 971200
2026-08-11 17:59:38,940 Average window size: 50  distance_to_goal: 1.037  distance_to_goal_reward: -0.001  reward: 7.223  spl: 0.752  success: 0.909
2026-08-11 17:59:38,940 	Perf Stats: trainer.rollout_collect: 0.285 trainer.sample_action: 0.003 trainer.obs_insert: 0.000 trainer.step_env: 0.005 trainer.update_stats: 0.001 trainer.update_agent: 0.035
2026-08-11 17:59:42,072 update: 6080	fps: 495.591	
2026-08-11 17:59:42,072 Num updates: 6080	Num frames 972800
2026-08-11 17:59:42,072 Average window size: 50  distance_to_goal: 0.768  distance_to_goal_reward: -0.001  reward: 7.215  spl: 0.738  success: 0.890
2026-08-11 17:59:42,072 	Perf Stats: trainer.rollout_collect: 0.285 trainer.sample_action: 0.003 trainer.obs_insert: 0.000 trainer.step_env: 0.005 trainer.update_stats: 0.001 trainer.update_agent: 0.035
2026-08-11 17:59:45,203 update: 6090	fps: 495.615	
2026-08-11 17:59:45,203 Num updates: 6090	Num frames 974400
2026-08-11 17:59:45,203 Average window size: 50  distance_to_goal: 0.601  distance_to_goal_reward: -0.001  reward: 7.122  spl: 0.755  success: 0.909
2026-08-11 17:59:45,203 	Perf Stats: trainer.rollout_collect: 0.285 trainer.sample_action: 0.003 trainer.obs_insert: 0.000 trainer.step_env: 0.005 trainer.update_stats: 0.001 trainer.update_agent: 0.035
2026-08-11 17:59:48,458 update: 6100	fps: 495.608	
2026-08-11 17:59:48,467 Num updates: 6100	Num frames 976000
2026-08-11 17:59:48,467 Average window size: 50  distance_to_goal: 0.695  distance_to_goal_reward: -0.001  reward: 6.719  spl: 0.750  success: 0.888
2026-08-11 17:59:48,467 	Perf Stats: trainer.rollout_collect: 0.285 trainer.sample_action: 0.003 trainer.obs_insert: 0.000 trainer.step_env: 0.005 trainer.update_stats: 0.001 trainer.update_agent: 0.035
2026-08-11 17:59:51,591 update: 6110	fps: 495.632	
2026-08-11 17:59:51,592 Num updates: 6110	Num frames 977600
2026-08-11 17:59:51,592 Average window size: 50  distance_to_goal: 0.554  distance_to_goal_reward: -0.001  reward: 6.740  spl: 0.761  success: 0.894
2026-08-11 17:59:51,592 	Perf Stats: trainer.rollout_collect: 0.285 trainer.sample_action: 0.003 trainer.obs_insert: 0.000 trainer.step_env: 0.005 trainer.update_stats: 0.001 trainer.update_agent: 0.035
2026-08-11 17:59:54,692 update: 6120	fps: 495.664	
2026-08-11 17:59:54,692 Num updates: 6120	Num frames 979200
2026-08-11 17:59:54,692 Average window size: 50  distance_to_goal: 0.551  distance_to_goal_reward: 0.000  reward: 6.999  spl: 0.762  success: 0.895
2026-08-11 17:59:54,692 	Perf Stats: trainer.rollout_collect: 0.285 trainer.sample_action: 0.003 trainer.obs_insert: 0.000 trainer.step_env: 0.005 trainer.update_stats: 0.001 trainer.update_agent: 0.035
2026-08-11 17:59:57,774 update: 6130	fps: 495.701	
2026-08-11 17:59:57,774 Num updates: 6130	Num frames 980800
2026-08-11 17:59:57,774 Average window size: 50  distance_to_goal: 0.813  distance_to_goal_reward: -0.001  reward: 6.844  spl: 0.746  success: 0.873
2026-08-11 17:59:57,775 	Perf Stats: trainer.rollout_collect: 0.285 trainer.sample_action: 0.003 trainer.obs_insert: 0.000 trainer.step_env: 0.005 trainer.update_stats: 0.001 trainer.update_agent: 0.035
2026-08-11 18:00:00,889 update: 6140	fps: 495.729	
2026-08-11 18:00:00,889 Num updates: 6140	Num frames 982400
2026-08-11 18:00:00,889 Average window size: 50  distance_to_goal: 0.823  distance_to_goal_reward: -0.002  reward: 7.566  spl: 0.753  success: 0.883
2026-08-11 18:00:00,890 	Perf Stats: trainer.rollout_collect: 0.285 trainer.sample_action: 0.003 trainer.obs_insert: 0.000 trainer.step_env: 0.005 trainer.update_stats: 0.001 trainer.update_agent: 0.035
2026-08-11 18:00:04,003 update: 6150	fps: 495.757	
2026-08-11 18:00:04,003 Num updates: 6150	Num frames 984000
2026-08-11 18:00:04,003 Average window size: 50  distance_to_goal: 0.599  distance_to_goal_reward: -0.002  reward: 8.215  spl: 0.769  success: 0.905
2026-08-11 18:00:04,003 	Perf Stats: trainer.rollout_collect: 0.285 trainer.sample_action: 0.003 trainer.obs_insert: 0.000 trainer.step_env: 0.005 trainer.update_stats: 0.001 trainer.update_agent: 0.035
2026-08-11 18:00:07,135 update: 6160	fps: 495.781	
2026-08-11 18:00:07,135 Num updates: 6160	Num frames 985600
2026-08-11 18:00:07,135 Average window size: 50  distance_to_goal: 0.509  distance_to_goal_reward: -0.002  reward: 8.334  spl: 0.777  success: 0.920
2026-08-11 18:00:07,135 	Perf Stats: trainer.rollout_collect: 0.285 trainer.sample_action: 0.003 trainer.obs_insert: 0.000 trainer.step_env: 0.005 trainer.update_stats: 0.001 trainer.update_agent: 0.035
2026-08-11 18:00:10,279 update: 6170	fps: 495.802	
2026-08-11 18:00:10,279 Num updates: 6170	Num frames 987200
2026-08-11 18:00:10,279 Average window size: 50  distance_to_goal: 0.532  distance_to_goal_reward: -0.001  reward: 7.933  spl: 0.775  success: 0.911
2026-08-11 18:00:10,279 	Perf Stats: trainer.rollout_collect: 0.285 trainer.sample_action: 0.003 trainer.obs_insert: 0.000 trainer.step_env: 0.005 trainer.update_stats: 0.001 trainer.update_agent: 0.035
2026-08-11 18:00:13,380 update: 6180	fps: 495.833	
2026-08-11 18:00:13,381 Num updates: 6180	Num frames 988800
2026-08-11 18:00:13,381 Average window size: 50  distance_to_goal: 0.378  distance_to_goal_reward: 0.000  reward: 7.699  spl: 0.800  success: 0.945
2026-08-11 18:00:13,381 	Perf Stats: trainer.rollout_collect: 0.285 trainer.sample_action: 0.003 trainer.obs_insert: 0.000 trainer.step_env: 0.005 trainer.update_stats: 0.001 trainer.update_agent: 0.035
2026-08-11 18:00:16,526 update: 6190	fps: 495.853	
2026-08-11 18:00:16,527 Num updates: 6190	Num frames 990400
2026-08-11 18:00:16,527 Average window size: 50  distance_to_goal: 0.537  distance_to_goal_reward: -0.001  reward: 6.696  spl: 0.770  success: 0.910
2026-08-11 18:00:16,527 	Perf Stats: trainer.rollout_collect: 0.285 trainer.sample_action: 0.003 trainer.obs_insert: 0.000 trainer.step_env: 0.005 trainer.update_stats: 0.001 trainer.update_agent: 0.035
2026-08-11 18:00:19,767 update: 6200	fps: 495.852	
2026-08-11 18:00:19,767 Num updates: 6200	Num frames 992000
2026-08-11 18:00:19,767 Average window size: 50  distance_to_goal: 0.534  distance_to_goal_reward: -0.001  reward: 6.526  spl: 0.758  success: 0.908
2026-08-11 18:00:19,767 	Perf Stats: trainer.rollout_collect: 0.285 trainer.sample_action: 0.003 trainer.obs_insert: 0.000 trainer.step_env: 0.005 trainer.update_stats: 0.001 trainer.update_agent: 0.035
2026-08-11 18:00:22,897 update: 6210	fps: 495.874	
2026-08-11 18:00:22,898 Num updates: 6210	Num frames 993600
2026-08-11 18:00:22,898 Average window size: 50  distance_to_goal: 0.477  distance_to_goal_reward: -0.001  reward: 6.370  spl: 0.741  success: 0.890
2026-08-11 18:00:22,898 	Perf Stats: trainer.rollout_collect: 0.285 trainer.sample_action: 0.003 trainer.obs_insert: 0.000 trainer.step_env: 0.005 trainer.update_stats: 0.001 trainer.update_agent: 0.035
2026-08-11 18:00:26,051 update: 6220	fps: 495.892	
2026-08-11 18:00:26,051 Num updates: 6220	Num frames 995200
2026-08-11 18:00:26,051 Average window size: 50  distance_to_goal: 0.325  distance_to_goal_reward: -0.001  reward: 6.571  spl: 0.755  success: 0.918
2026-08-11 18:00:26,051 	Perf Stats: trainer.rollout_collect: 0.285 trainer.sample_action: 0.003 trainer.obs_insert: 0.000 trainer.step_env: 0.005 trainer.update_stats: 0.001 trainer.update_agent: 0.035
2026-08-11 18:00:29,186 update: 6230	fps: 495.915	
2026-08-11 18:00:29,186 Num updates: 6230	Num frames 996800
2026-08-11 18:00:29,186 Average window size: 50  distance_to_goal: 0.306  distance_to_goal_reward: -0.001  reward: 6.592  spl: 0.770  success: 0.927
2026-08-11 18:00:29,186 	Perf Stats: trainer.rollout_collect: 0.285 trainer.sample_action: 0.003 trainer.obs_insert: 0.000 trainer.step_env: 0.005 trainer.update_stats: 0.001 trainer.update_agent: 0.035
PluginManager::Manager: duplicate static plugin StbImageImporter, ignoring
PluginManager::Manager: duplicate static plugin GltfImporter, ignoring
PluginManager::Manager: duplicate static plugin BasisImporter, ignoring
PluginManager::Manager: duplicate static plugin AssimpImporter, ignoring
PluginManager::Manager: duplicate static plugin AnySceneImporter, ignoring
PluginManager::Manager: duplicate static plugin AnyImageImporter, ignoring
Renderer: NVIDIA GeForce RTX 4070/PCIe/SSE2 by NVIDIA Corporation
OpenGL version: 4.6.0 NVIDIA 580.173.02
Using optional features:
    GL_ARB_vertex_array_object
    GL_ARB_separate_shader_objects
    GL_ARB_robustness
    GL_ARB_texture_storage
    GL_ARB_texture_view
    GL_ARB_framebuffer_no_attachments
    GL_ARB_invalidate_subdata
    GL_ARB_texture_storage_multisample
    GL_ARB_multi_bind
    GL_ARB_direct_state_access
    GL_ARB_get_texture_sub_image
    GL_ARB_texture_filter_anisotropic
    GL_KHR_debug
    GL_KHR_parallel_shader_compile
    GL_NV_depth_buffer_float
Using driver workarounds:
    no-forward-compatible-core-context
    nv-egl-incorrect-gl11-function-pointers
    no-layout-qualifiers-on-old-glsl
    nv-zero-context-profile-mask
    nv-implementation-color-read-format-dsa-broken
    nv-cubemap-inconsistent-compressed-image-size
    nv-cubemap-broken-full-compressed-image-query
    nv-compressed-block-size-in-bits
[18:00:30:164119]:[Warning]:[Scene] SemanticScene.h(331)::checkFileExists : ::loadSemanticSceneDescriptor: File `data/scene_datasets/habitat-test-scenes/van-gogh-room.scn` does not exist.  Aborting load.
[18:00:30:164135]:[Warning]:[Scene] SemanticScene.cpp(123)::loadSemanticSceneDescriptor : SSD File Naming Issue! Neither SemanticAttributes-provided name : `data/scene_datasets/habitat-test-scenes/van-gogh-room.scn` nor constructed filename : `data/scene_datasets/habitat-test-scenes/info_semantic.json` exist on disk.
[18:00:30:164140]:[Error]:[Scene] SemanticScene.cpp(139)::loadSemanticSceneDescriptor : SSD Load Failure! File with SemanticAttributes-provided name `data/scene_datasets/habitat-test-scenes/van-gogh-room.scn` exists but failed to load.
[18:00:30:605447]:[Warning]:[Sim] Simulator.cpp(595)::instanceStageForSceneAttributes : The active scene does not contain semantic annotations : activeSemanticSceneID_ = 0
2026-08-11 18:00:32,754 update: 6240	fps: 495.830	
2026-08-11 18:00:32,754 Num updates: 6240	Num frames 998400
2026-08-11 18:00:32,754 Average window size: 50  distance_to_goal: 0.166  distance_to_goal_reward: 0.000  reward: 6.656  spl: 0.795  success: 0.946
2026-08-11 18:00:32,754 	Perf Stats: trainer.rollout_collect: 0.285 trainer.sample_action: 0.003 trainer.obs_insert: 0.000 trainer.step_env: 0.005 trainer.update_stats: 0.001 trainer.update_agent: 0.035
2026-08-11 18:00:35,840 update: 6250	fps: 495.865	
2026-08-11 18:00:35,840 Num updates: 6250	Num frames 1000000
2026-08-11 18:00:35,840 Average window size: 50  distance_to_goal: 0.273  distance_to_goal_reward: 0.000  reward: 6.318  spl: 0.793  success: 0.942
2026-08-11 18:00:35,840 	Perf Stats: trainer.rollout_collect: 0.285 trainer.sample_action: 0.003 trainer.obs_insert: 0.000 trainer.step_env: 0.005 trainer.update_stats: 0.001 trainer.update_agent: 0.035
