Gym has been unmaintained since 2022 and does not support NumPy 2.0 amongst other critical functionality.
Please upgrade to Gymnasium, the maintained drop-in replacement of Gym, or contact the authors of your software and request that they upgrade.
See the migration guide at https://gymnasium.farama.org/introduction/migration_guide/ for additional information.
PluginManager::Manager: duplicate static plugin StbImageImporter, ignoring
PluginManager::Manager: duplicate static plugin GltfImporter, ignoring
PluginManager::Manager: duplicate static plugin BasisImporter, ignoring
PluginManager::Manager: duplicate static plugin AssimpImporter, ignoring
PluginManager::Manager: duplicate static plugin AnySceneImporter, ignoring
PluginManager::Manager: duplicate static plugin AnyImageImporter, ignoring
2026-08-11 16:52:29,433 config: habitat:
  seed: 100
  env_task: GymHabitatEnv
  env_task_gym_dependencies: []
  env_task_gym_id: ''
  environment:
    max_episode_steps: 500
    max_episode_seconds: 10000000
    iterator_options:
      cycle: true
      shuffle: true
      group_by_scene: true
      num_episode_sample: -1
      max_scene_repeat_episodes: -1
      max_scene_repeat_steps: 10000
      step_repetition_range: 0.2
  simulator:
    type: Sim-v0
    forward_step_size: 0.25
    turn_angle: 10
    create_renderer: false
    requires_textures: true
    auto_sleep: false
    step_physics: true
    concur_render: false
    needs_markers: true
    update_articulated_agent: true
    scene: data/scene_datasets/habitat-test-scenes/van-gogh-room.glb
    scene_dataset: default
    additional_object_paths: []
    seed: ${habitat.seed}
    default_agent_id: 0
    debug_render: false
    debug_render_articulated_agent: false
    kinematic_mode: false
    should_setup_semantic_ids: true
    debug_render_goal: true
    robot_joint_start_noise: 0.0
    ctrl_freq: 120.0
    ac_freq_ratio: 4
    load_objs: true
    hold_thresh: 0.15
    grasp_impulse: 10000.0
    agents:
      main_agent:
        height: 1.5
        radius: 0.1
        max_climb: 0.2
        max_slope: 45.0
        grasp_managers: 1
        sim_sensors:
          rgb_sensor:
            type: HabitatSimRGBSensor
            height: 256
            width: 256
            position:
            - 0.0
            - 1.25
            - 0.0
            orientation:
            - 0.0
            - 0.0
            - 0.0
            hfov: 90
            sensor_subtype: PINHOLE
            noise_model: None
            noise_model_kwargs: {}
          depth_sensor:
            type: HabitatSimDepthSensor
            height: 256
            width: 256
            position:
            - 0.0
            - 1.25
            - 0.0
            orientation:
            - 0.0
            - 0.0
            - 0.0
            hfov: 90
            sensor_subtype: PINHOLE
            noise_model: None
            noise_model_kwargs: {}
            min_depth: 0.0
            max_depth: 10.0
            normalize_depth: true
        is_set_start_state: false
        start_position:
        - 0.0
        - 0.0
        - 0.0
        start_rotation:
        - 0.0
        - 0.0
        - 0.0
        - 1.0
        joint_start_noise: 0.1
        joint_that_can_control: null
        joint_start_override: null
        articulated_agent_urdf: null
        articulated_agent_type: null
        ik_arm_urdf: null
        motion_data_path: ''
        auto_update_sensor_transform: true
    agents_order:
    - main_agent
    default_agent_navmesh: true
    navmesh_include_static_objects: false
    habitat_sim_v0:
      gpu_device_id: 0
      gpu_gpu: false
      allow_sliding: true
      frustum_culling: true
      enable_physics: false
      enable_hbao: false
      physics_config_file: ./data/default.physics_config.json
      leave_context_with_background_renderer: false
      enable_gfx_replay_save: false
    ep_info: null
    object_ids_start: 100
    renderer:
      enable_batch_renderer: false
      composite_files: null
      classic_replay_renderer: false
  task:
    physics_target_sps: 60.0
    reward_measure: distance_to_goal_reward
    success_measure: spl
    success_reward: 2.5
    slack_reward: -0.01
    end_on_success: true
    type: Nav-v0
    lab_sensors:
      pointgoal_with_gps_compass_sensor:
        type: PointGoalWithGPSCompassSensor
        goal_format: POLAR
        dimensionality: 2
    measurements:
      distance_to_goal:
        type: DistanceToGoal
        distance_to: POINT
      success:
        type: Success
        success_distance: 0.2
      spl:
        type: SPL
      distance_to_goal_reward:
        type: DistanceToGoalReward
    rank0_env0_measure_names:
    - habitat_perf
    rank0_measure_names: []
    goal_sensor_uuid: pointgoal_with_gps_compass
    count_obj_collisions: true
    settle_steps: 5
    constraint_violation_ends_episode: true
    constraint_violation_drops_object: false
    force_regenerate: false
    should_save_to_cache: false
    object_in_hand_sample_prob: 0.167
    min_start_distance: 3.0
    render_target: true
    filter_colliding_states: true
    num_spawn_attempts: 200
    spawn_max_dist_to_obj: 2.0
    base_angle_noise: 0.523599
    spawn_max_dist_to_obj_delta: 0.02
    recep_place_shrink_factor: 0.8
    ee_sample_factor: 0.2
    ee_exclude_region: 0.0
    base_noise: 0.05
    spawn_region_scale: 0.2
    joint_max_impulse: -1.0
    desired_resting_position:
    - 0.5
    - 0.0
    - 1.0
    use_marker_t: true
    cache_robot_init: false
    success_state: 0.0
    should_enforce_target_within_reach: false
    task_spec_base_path: habitat/task/rearrange/pddl/
    task_spec: ''
    pddl_domain_def: replica_cad
    obj_succ_thresh: 0.3
    enable_safe_drop: false
    art_succ_thresh: 0.15
    robot_at_thresh: 2.0
    min_distance_start_agents: -1.0
    actions:
      stop:
        type: StopAction
      move_forward:
        type: MoveForwardAction
        tilt_angle: 15
      turn_left:
        type: TurnLeftAction
        tilt_angle: 15
      turn_right:
        type: TurnRightAction
        tilt_angle: 15
  dataset:
    type: PointNav-v1
    split: train
    scenes_dir: data/scene_datasets
    content_scenes:
    - '*'
    data_path: data/datasets/pointnav/habitat-test-scenes/v1/{split}/{split}.json.gz
    metadata: null
  gym:
    obs_keys: null
    action_keys: null
    achieved_goal_keys: []
    desired_goal_keys: []
habitat_baselines:
  evaluate: false
  trainer_name: ppo
  updater_name: PPO
  distrib_updater_name: DDPPO
  torch_gpu_id: 0
  tensorboard_dir: /home/furp/FURP-2026-AoyeZHANG-RL-Navigation-for-AMR/src/results/closeout_dsr/closeout_baseline_trainseed100_1m_env5/tb
  writer_type: tb
  video_dir: /home/furp/FURP-2026-AoyeZHANG-RL-Navigation-for-AMR/src/results/closeout_dsr/closeout_baseline_trainseed100_1m_env5/video
  video_fps: 10
  test_episode_count: 2
  eval_ckpt_path_dir: data/new_checkpoints
  num_environments: 5
  num_processes: -1
  rollout_storage_name: RolloutStorage
  checkpoint_folder: /home/furp/FURP-2026-AoyeZHANG-RL-Navigation-for-AMR/src/results/closeout_dsr/closeout_baseline_trainseed100_1m_env5/checkpoints
  num_updates: -1
  num_checkpoints: -1
  checkpoint_interval: 625
  total_num_steps: 1000000.0
  log_interval: 10
  log_file: train.log
  force_blind_policy: false
  verbose: true
  vector_env_factory:
    _target_: habitat_baselines.common.HabitatVectorEnvFactory
  evaluator:
    _target_: habitat_baselines.rl.ppo.habitat_evaluator.HabitatEvaluator
  eval_keys_to_include_in_name: []
  force_torch_single_threaded: true
  wb:
    project_name: ''
    entity: ''
    group: ''
    run_name: ''
  load_resume_state_config: true
  eval:
    split: val
    use_ckpt_config: true
    should_load_ckpt: true
    evals_per_ep: 1
    video_option:
    - disk
    - tensorboard
    extra_sim_sensors: {}
  profiling:
    capture_start_step: -1
    num_steps_to_capture: -1
  should_log_single_proc_infos: false
  on_save_ckpt_callback: null
  rl:
    agent:
      type: SingleAgentAccessMgr
      num_agent_types: 1
      num_active_agents_per_type:
      - 1
      num_pool_agents_per_type:
      - 1
      agent_sample_interval: 20
      force_partner_sample_idx: -1
      behavior_latent_dim: -1
      force_all_agents: false
      discrim_reward_weight: 1.0
      allow_self_play: false
      self_play_batched: false
      load_type1_pop_ckpts: null
    preemption:
      append_slurm_job_id: false
      save_resume_state_interval: 100
      save_state_batch_only: false
    policy:
      main_agent:
        name: PointNavResNetPolicy
        action_distribution_type: categorical
        action_dist:
          use_log_std: true
          use_softplus: false
          std_init: ???
          log_std_init: 0.0
          use_std_param: false
          clamp_std: true
          min_std: 1.0e-06
          max_std: 1
          min_log_std: -5
          max_log_std: 2
          action_activation: tanh
          scheduled_std: false
        obs_transforms: {}
        hierarchical_policy: ???
    ppo:
      clip_param: 0.1
      ppo_epoch: 1
      num_mini_batch: 1
      value_loss_coef: 0.5
      entropy_coef: 0.01
      lr: 0.00025
      eps: 1.0e-05
      max_grad_norm: 0.5
      num_steps: 32
      use_gae: true
      use_linear_lr_decay: true
      use_linear_clip_decay: true
      gamma: 0.99
      tau: 0.95
      reward_window_size: 50
      use_normalized_advantage: false
      hidden_size: 512
      entropy_target_factor: 0.0
      use_adaptive_entropy_pen: false
      use_clipped_value_loss: true
      use_double_buffered_sampler: false
    ddppo:
      sync_frac: 0.6
      distrib_backend: GLOO
      rnn_type: GRU
      num_recurrent_layers: 1
      backbone: resnet18
      pretrained_weights: data/ddppo-models/gibson-2plus-resnet50.pth
      pretrained: false
      pretrained_encoder: false
      train_encoder: true
      reset_critic: true
      force_distributed: false
    ver:
      variable_experience: true
      num_inference_workers: 2
      overlap_rollouts_and_learn: false
    auxiliary_losses: {}

2026-08-11 16:52:29,434 Initializing dataset PointNav-v1
2026-08-11 16:52:29,820 There are less scenes (2) than environments (5). Each environment will use all the scenes instead of using a subset.
Gym has been unmaintained since 2022 and does not support NumPy 2.0 amongst other critical functionality.
Please upgrade to Gymnasium, the maintained drop-in replacement of Gym, or contact the authors of your software and request that they upgrade.
See the migration guide at https://gymnasium.farama.org/introduction/migration_guide/ for additional information.Gym has been unmaintained since 2022 and does not support NumPy 2.0 amongst other critical functionality.
Please upgrade to Gymnasium, the maintained drop-in replacement of Gym, or contact the authors of your software and request that they upgrade.
See the migration guide at https://gymnasium.farama.org/introduction/migration_guide/ for additional information.

Gym has been unmaintained since 2022 and does not support NumPy 2.0 amongst other critical functionality.
Please upgrade to Gymnasium, the maintained drop-in replacement of Gym, or contact the authors of your software and request that they upgrade.
See the migration guide at https://gymnasium.farama.org/introduction/migration_guide/ for additional information.
Gym has been unmaintained since 2022 and does not support NumPy 2.0 amongst other critical functionality.
Please upgrade to Gymnasium, the maintained drop-in replacement of Gym, or contact the authors of your software and request that they upgrade.
See the migration guide at https://gymnasium.farama.org/introduction/migration_guide/ for additional information.
Gym has been unmaintained since 2022 and does not support NumPy 2.0 amongst other critical functionality.
Please upgrade to Gymnasium, the maintained drop-in replacement of Gym, or contact the authors of your software and request that they upgrade.
See the migration guide at https://gymnasium.farama.org/introduction/migration_guide/ for additional information.
PluginManager::Manager: duplicate static pluginPluginManager::Manager: duplicate static plugin  StbImageImporterStbImageImporter, ignoring, ignoring

PluginManager::Manager: duplicate static plugin StbImageImporter, ignoring
PluginManager::Manager: duplicate static plugin GltfImporterPluginManager::Manager: duplicate static plugin, ignoring 
GltfImporter, ignoring
PluginManager::Manager: duplicate static plugin GltfImporter, ignoring
PluginManager::Manager: duplicate static plugin BasisImporter, ignoring
PluginManager::Manager: duplicate static plugin BasisImporter, ignoring
PluginManager::Manager: duplicate static plugin BasisImporter, ignoring
PluginManager::Manager: duplicate static plugin PluginManager::Manager: duplicate static pluginAssimpImporter , ignoringAssimpImporter
, ignoring
PluginManager::Manager: duplicate static pluginPluginManager::Manager: duplicate static plugin PluginManager::Manager: duplicate static plugin  AnySceneImporterAnySceneImporter, ignoring, ignoring

AssimpImporterPluginManager::Manager: duplicate static pluginPluginManager::Manager: duplicate static plugin, ignoring 
AnyImageImporter , ignoring
AnyImageImporter, ignoring
PluginManager::Manager: duplicate static plugin AnySceneImporter, ignoring
PluginManager::Manager: duplicate static plugin AnyImageImporter, ignoring
PluginManager::Manager: duplicate static plugin StbImageImporter, ignoring
PluginManager::Manager: duplicate static plugin GltfImporter, ignoring
PluginManager::Manager: duplicate static plugin BasisImporter, ignoring
PluginManager::Manager: duplicate static plugin AssimpImporter, ignoring
PluginManager::Manager: duplicate static plugin AnySceneImporter, ignoring
PluginManager::Manager: duplicate static plugin AnyImageImporter, ignoring
PluginManager::Manager: duplicate static plugin StbImageImporter, ignoring
PluginManager::Manager: duplicate static plugin GltfImporter, ignoring
PluginManager::Manager: duplicate static plugin BasisImporter, ignoring
PluginManager::Manager: duplicate static plugin AssimpImporter, ignoring
PluginManager::Manager: duplicate static plugin AnySceneImporter, ignoring
PluginManager::Manager: duplicate static plugin AnyImageImporter, ignoring
2026-08-11 16:52:32,175 Initializing dataset PointNav-v1
2026-08-11 16:52:32,175 Initializing dataset PointNav-v1
2026-08-11 16:52:32,175 Initializing dataset PointNav-v1
2026-08-11 16:52:32,176 Initializing dataset PointNav-v1
2026-08-11 16:52:32,180 Initializing dataset PointNav-v1
2026-08-11 16:52:32,422 initializing sim Sim-v0
2026-08-11 16:52:32,424 initializing sim Sim-v0
2026-08-11 16:52:32,425 initializing sim Sim-v0
PluginManager::Manager: duplicate static plugin StbImageImporter, ignoring
PluginManager::Manager: duplicate static plugin GltfImporter, ignoring
PluginManager::Manager: duplicate static plugin BasisImporter, ignoring
PluginManager::Manager: duplicate static plugin AssimpImporter, ignoring
PluginManager::Manager: duplicate static plugin AnySceneImporter, ignoring
PluginManager::Manager: duplicate static plugin AnyImageImporter, ignoring
2026-08-11 16:52:32,426 initializing sim Sim-v0
PluginManager::Manager: duplicate static plugin StbImageImporter, ignoring
PluginManager::Manager: duplicate static plugin GltfImporter, ignoring
PluginManager::Manager: duplicate static plugin BasisImporter, ignoring
PluginManager::Manager: duplicate static plugin AssimpImporter, ignoring
PluginManager::Manager: duplicate static plugin AnySceneImporter, ignoring
PluginManager::Manager: duplicate static plugin AnyImageImporter, ignoring
PluginManager::Manager: duplicate static plugin StbImageImporter, ignoring
PluginManager::Manager: duplicate static plugin GltfImporter, ignoring
PluginManager::Manager: duplicate static plugin BasisImporter, ignoring
PluginManager::Manager: duplicate static plugin AssimpImporter, ignoring
PluginManager::Manager: duplicate static plugin AnySceneImporter, ignoring
PluginManager::Manager: duplicate static plugin AnyImageImporter, ignoring
PluginManager::Manager: duplicate static plugin StbImageImporter, ignoring
PluginManager::Manager: duplicate static plugin GltfImporter, ignoring
PluginManager::Manager: duplicate static plugin BasisImporter, ignoring
PluginManager::Manager: duplicate static plugin AssimpImporter, ignoring
PluginManager::Manager: duplicate static plugin AnySceneImporter, ignoring
PluginManager::Manager: duplicate static plugin AnyImageImporter, ignoring
2026-08-11 16:52:32,431 initializing sim Sim-v0
PluginManager::Manager: duplicate static plugin StbImageImporter, ignoring
PluginManager::Manager: duplicate static plugin GltfImporter, ignoring
PluginManager::Manager: duplicate static plugin BasisImporter, ignoring
PluginManager::Manager: duplicate static plugin AssimpImporter, ignoring
PluginManager::Manager: duplicate static plugin AnySceneImporter, ignoring
PluginManager::Manager: duplicate static plugin AnyImageImporter, ignoring
Renderer: NVIDIA GeForce RTX 4070/PCIe/SSE2 by NVIDIA Corporation
OpenGL version: 4.6.0 NVIDIA 580.173.02
Using optional features:
    GL_ARB_vertex_array_object
    GL_ARB_separate_shader_objects
    GL_ARB_robustness
    GL_ARB_texture_storage
    GL_ARB_texture_view
    GL_ARB_framebuffer_no_attachments
    GL_ARB_invalidate_subdata
    GL_ARB_texture_storage_multisample
    GL_ARB_multi_bind
    GL_ARB_direct_state_access
    GL_ARB_get_texture_sub_image
    GL_ARB_texture_filter_anisotropic
    GL_KHR_debug
    GL_KHR_parallel_shader_compile
    GL_NV_depth_buffer_float
Using driver workarounds:
    no-forward-compatible-core-context
    nv-egl-incorrect-gl11-function-pointers
    no-layout-qualifiers-on-old-glsl
    nv-zero-context-profile-mask
    nv-implementation-color-read-format-dsa-broken
    nv-cubemap-inconsistent-compressed-image-size
    nv-cubemap-broken-full-compressed-image-query
    nv-compressed-block-size-in-bits
[16:52:32:691917]:[Warning]:[Metadata] SceneDatasetAttributes.cpp(107)::addNewSceneInstanceToDataset : Dataset : 'default' : Lighting Layout Attributes 'no_lights' specified in Scene Attributes but does not exist in dataset, so creating default.
[16:52:32:692087]:[Warning]:[Scene] SemanticScene.h(331)::checkFileExists : ::loadSemanticSceneDescriptor: File `data/scene_datasets/habitat-test-scenes/skokloster-castle.scn` does not exist.  Aborting load.
[16:52:32:692106]:[Warning]:[Scene] SemanticScene.cpp(123)::loadSemanticSceneDescriptor : SSD File Naming Issue! Neither SemanticAttributes-provided name : `data/scene_datasets/habitat-test-scenes/skokloster-castle.scn` nor constructed filename : `data/scene_datasets/habitat-test-scenes/info_semantic.json` exist on disk.
[16:52:32:692115]:[Error]:[Scene] SemanticScene.cpp(139)::loadSemanticSceneDescriptor : SSD Load Failure! File with SemanticAttributes-provided name `data/scene_datasets/habitat-test-scenes/skokloster-castle.scn` exists but failed to load.
Renderer: NVIDIA GeForce RTX 4070/PCIe/SSE2 by NVIDIA Corporation
OpenGL version: 4.6.0 NVIDIA 580.173.02
Using optional features:
    GL_ARB_vertex_array_object
    GL_ARB_separate_shader_objects
    GL_ARB_robustness
    GL_ARB_texture_storage
    GL_ARB_texture_view
    GL_ARB_framebuffer_no_attachments
    GL_ARB_invalidate_subdata
    GL_ARB_texture_storage_multisample
    GL_ARB_multi_bind
    GL_ARB_direct_state_access
    GL_ARB_get_texture_sub_image
    GL_ARB_texture_filter_anisotropic
    GL_KHR_debug
    GL_KHR_parallel_shader_compile
    GL_NV_depth_buffer_float
Using driver workarounds:
    no-forward-compatible-core-context
    nv-egl-incorrect-gl11-function-pointers
    no-layout-qualifiers-on-old-glsl
    nv-zero-context-profile-mask
    nv-implementation-color-read-format-dsa-broken
    nv-cubemap-inconsistent-compressed-image-size
    nv-cubemap-broken-full-compressed-image-query
    nv-compressed-block-size-in-bits
Renderer: NVIDIA GeForce RTX 4070/PCIe/SSE2 by NVIDIA Corporation
OpenGL version: 4.6.0 NVIDIA 580.173.02
Using optional features:
    GL_ARB_vertex_array_object
    GL_ARB_separate_shader_objects
    GL_ARB_robustness
    GL_ARB_texture_storage
    GL_ARB_texture_view
    GL_ARB_framebuffer_no_attachments
    GL_ARB_invalidate_subdata
    GL_ARB_texture_storage_multisample
    GL_ARB_multi_bind
    GL_ARB_direct_state_access
    GL_ARB_get_texture_sub_image
    GL_ARB_texture_filter_anisotropic
    GL_KHR_debug
    GL_KHR_parallel_shader_compile
    GL_NV_depth_buffer_float
Using driver workarounds:
    no-forward-compatible-core-context
    nv-egl-incorrect-gl11-function-pointers
    no-layout-qualifiers-on-old-glsl
    nv-zero-context-profile-mask
    nv-implementation-color-read-format-dsa-broken
    nv-cubemap-inconsistent-compressed-image-size
    nv-cubemap-broken-full-compressed-image-query
    nv-compressed-block-size-in-bits
[16:52:32:692892]:[Warning]:[Metadata] SceneDatasetAttributes.cpp(107)::addNewSceneInstanceToDataset : Dataset : 'default' : Lighting Layout Attributes 'no_lights' specified in Scene Attributes but does not exist in dataset, so creating default.
[16:52:32:692959]:[Warning]:[Scene] SemanticScene.h(331)::checkFileExists : ::loadSemanticSceneDescriptor: File `data/scene_datasets/habitat-test-scenes/van-gogh-room.scn` does not exist.  Aborting load.
[16:52:32:692970]:[Warning]:[Scene] SemanticScene.cpp(123)::loadSemanticSceneDescriptor : SSD File Naming Issue! Neither SemanticAttributes-provided name : `data/scene_datasets/habitat-test-scenes/van-gogh-room.scn` nor constructed filename : `data/scene_datasets/habitat-test-scenes/info_semantic.json` exist on disk.
[16:52:32:692977]:[Error]:[Scene] SemanticScene.cpp(139)::loadSemanticSceneDescriptor : SSD Load Failure! File with SemanticAttributes-provided name `data/scene_datasets/habitat-test-scenes/van-gogh-room.scn` exists but failed to load.
[16:52:32:693204]:[Warning]:[Metadata] SceneDatasetAttributes.cpp(107)::addNewSceneInstanceToDataset : Dataset : 'default' : Lighting Layout Attributes 'no_lights' specified in Scene Attributes but does not exist in dataset, so creating default.
[16:52:32:693332]:[Warning]:[Scene] SemanticScene.h(331)::checkFileExists : ::loadSemanticSceneDescriptor: File `data/scene_datasets/habitat-test-scenes/skokloster-castle.scn` does not exist.  Aborting load.
[16:52:32:693344]:[Warning]:[Scene] SemanticScene.cpp(123)::loadSemanticSceneDescriptor : SSD File Naming Issue! Neither SemanticAttributes-provided name : `data/scene_datasets/habitat-test-scenes/skokloster-castle.scn` nor constructed filename : `data/scene_datasets/habitat-test-scenes/info_semantic.json` exist on disk.
[16:52:32:693352]:[Error]:[Scene] SemanticScene.cpp(139)::loadSemanticSceneDescriptor : SSD Load Failure! File with SemanticAttributes-provided name `data/scene_datasets/habitat-test-scenes/skokloster-castle.scn` exists but failed to load.
Renderer: NVIDIA GeForce RTX 4070/PCIe/SSE2 by NVIDIA Corporation
OpenGL version: 4.6.0 NVIDIA 580.173.02
Using optional features:
    GL_ARB_vertex_array_object
    GL_ARB_separate_shader_objects
    GL_ARB_robustness
    GL_ARB_texture_storage
    GL_ARB_texture_view
    GL_ARB_framebuffer_no_attachments
    GL_ARB_invalidate_subdata
    GL_ARB_texture_storage_multisample
    GL_ARB_multi_bind
    GL_ARB_direct_state_access
    GL_ARB_get_texture_sub_image
    GL_ARB_texture_filter_anisotropic
    GL_KHR_debug
    GL_KHR_parallel_shader_compile
    GL_NV_depth_buffer_float
Using driver workarounds:
    no-forward-compatible-core-context
    nv-egl-incorrect-gl11-function-pointers
    no-layout-qualifiers-on-old-glsl
    nv-zero-context-profile-mask
    nv-implementation-color-read-format-dsa-broken
    nv-cubemap-inconsistent-compressed-image-size
    nv-cubemap-broken-full-compressed-image-query
    nv-compressed-block-size-in-bits
[16:52:32:695257]:[Warning]:[Metadata] SceneDatasetAttributes.cpp(107)::addNewSceneInstanceToDataset : Dataset : 'default' : Lighting Layout Attributes 'no_lights' specified in Scene Attributes but does not exist in dataset, so creating default.
[16:52:32:695346]:[Warning]:[Scene] SemanticScene.h(331)::checkFileExists : ::loadSemanticSceneDescriptor: File `data/scene_datasets/habitat-test-scenes/skokloster-castle.scn` does not exist.  Aborting load.
[16:52:32:695355]:[Warning]:[Scene] SemanticScene.cpp(123)::loadSemanticSceneDescriptor : SSD File Naming Issue! Neither SemanticAttributes-provided name : `data/scene_datasets/habitat-test-scenes/skokloster-castle.scn` nor constructed filename : `data/scene_datasets/habitat-test-scenes/info_semantic.json` exist on disk.
[16:52:32:695359]:[Error]:[Scene] SemanticScene.cpp(139)::loadSemanticSceneDescriptor : SSD Load Failure! File with SemanticAttributes-provided name `data/scene_datasets/habitat-test-scenes/skokloster-castle.scn` exists but failed to load.
Renderer: NVIDIA GeForce RTX 4070/PCIe/SSE2 by NVIDIA Corporation
OpenGL version: 4.6.0 NVIDIA 580.173.02
Using optional features:
    GL_ARB_vertex_array_object
    GL_ARB_separate_shader_objects
    GL_ARB_robustness
    GL_ARB_texture_storage
    GL_ARB_texture_view
    GL_ARB_framebuffer_no_attachments
    GL_ARB_invalidate_subdata
    GL_ARB_texture_storage_multisample
    GL_ARB_multi_bind
    GL_ARB_direct_state_access
    GL_ARB_get_texture_sub_image
    GL_ARB_texture_filter_anisotropic
    GL_KHR_debug
    GL_KHR_parallel_shader_compile
    GL_NV_depth_buffer_float
Using driver workarounds:
    no-forward-compatible-core-context
    nv-egl-incorrect-gl11-function-pointers
    no-layout-qualifiers-on-old-glsl
    nv-zero-context-profile-mask
    nv-implementation-color-read-format-dsa-broken
    nv-cubemap-inconsistent-compressed-image-size
    nv-cubemap-broken-full-compressed-image-query
    nv-compressed-block-size-in-bits
[16:52:32:696047]:[Warning]:[Metadata] SceneDatasetAttributes.cpp(107)::addNewSceneInstanceToDataset : Dataset : 'default' : Lighting Layout Attributes 'no_lights' specified in Scene Attributes but does not exist in dataset, so creating default.
[16:52:32:696103]:[Warning]:[Scene] SemanticScene.h(331)::checkFileExists : ::loadSemanticSceneDescriptor: File `data/scene_datasets/habitat-test-scenes/van-gogh-room.scn` does not exist.  Aborting load.
[16:52:32:696112]:[Warning]:[Scene] SemanticScene.cpp(123)::loadSemanticSceneDescriptor : SSD File Naming Issue! Neither SemanticAttributes-provided name : `data/scene_datasets/habitat-test-scenes/van-gogh-room.scn` nor constructed filename : `data/scene_datasets/habitat-test-scenes/info_semantic.json` exist on disk.
[16:52:32:696117]:[Error]:[Scene] SemanticScene.cpp(139)::loadSemanticSceneDescriptor : SSD Load Failure! File with SemanticAttributes-provided name `data/scene_datasets/habitat-test-scenes/van-gogh-room.scn` exists but failed to load.
[16:52:33:316835]:[Warning]:[Sim] Simulator.cpp(595)::instanceStageForSceneAttributes : The active scene does not contain semantic annotations : activeSemanticSceneID_ = 0
[16:52:33:319205]:[Warning]:[Sim] Simulator.cpp(595)::instanceStageForSceneAttributes : The active scene does not contain semantic annotations : activeSemanticSceneID_ = 0
2026-08-11 16:52:33,319 Initializing task Nav-v0
2026-08-11 16:52:33,320 Initializing task Nav-v0
[16:52:33:586308]:[Warning]:[Sim] Simulator.cpp(595)::instanceStageForSceneAttributes : The active scene does not contain semantic annotations : activeSemanticSceneID_ = 0
2026-08-11 16:52:33,588 Initializing task Nav-v0
[16:52:33:600217]:[Warning]:[Sim] Simulator.cpp(595)::instanceStageForSceneAttributes : The active scene does not contain semantic annotations : activeSemanticSceneID_ = 0
[16:52:33:600237]:[Warning]:[Sim] Simulator.cpp(595)::instanceStageForSceneAttributes : The active scene does not contain semantic annotations : activeSemanticSceneID_ = 0
2026-08-11 16:52:33,601 Initializing task Nav-v0
2026-08-11 16:52:33,601 Initializing task Nav-v0
2026-08-11 16:52:34,049 Number of params to train: 5821797
2026-08-11 16:52:34,049 Agent number of parameters: 5821797
2026-08-11 16:52:38,317 update: 10	fps: 377.116	
2026-08-11 16:52:38,317 Num updates: 10	Num frames 1600
2026-08-11 16:52:38,317 Average window size: 10  distance_to_goal: 5.814  distance_to_goal_reward: 0.000  reward: -0.044  spl: 0.000  success: 0.000
2026-08-11 16:52:38,317 	Perf Stats: trainer.rollout_collect: 0.375 trainer.sample_action: 0.004 trainer.obs_insert: 0.000 trainer.step_env: 0.007 trainer.update_stats: 0.001 trainer.update_agent: 0.048
2026-08-11 16:52:42,235 update: 20	fps: 392.127	
2026-08-11 16:52:42,235 Num updates: 20	Num frames 3200
2026-08-11 16:52:42,235 Average window size: 20  distance_to_goal: 6.009  distance_to_goal_reward: 0.000  reward: -0.042  spl: 0.000  success: 0.000
2026-08-11 16:52:42,235 	Perf Stats: trainer.rollout_collect: 0.365 trainer.sample_action: 0.003 trainer.obs_insert: 0.000 trainer.step_env: 0.007 trainer.update_stats: 0.001 trainer.update_agent: 0.041
2026-08-11 16:52:46,165 update: 30	fps: 396.986	
2026-08-11 16:52:46,165 Num updates: 30	Num frames 4800
2026-08-11 16:52:46,165 Average window size: 30  distance_to_goal: 6.127  distance_to_goal_reward: 0.000  reward: -0.036  spl: 0.000  success: 0.000
2026-08-11 16:52:46,165 	Perf Stats: trainer.rollout_collect: 0.362 trainer.sample_action: 0.003 trainer.obs_insert: 0.000 trainer.step_env: 0.007 trainer.update_stats: 0.001 trainer.update_agent: 0.039
2026-08-11 16:52:50,155 update: 40	fps: 397.999	
2026-08-11 16:52:50,163 Num updates: 40	Num frames 6400
2026-08-11 16:52:50,163 Average window size: 40  distance_to_goal: 6.229  distance_to_goal_reward: 0.000  reward: -0.030  spl: 0.000  success: 0.000
2026-08-11 16:52:50,163 	Perf Stats: trainer.rollout_collect: 0.362 trainer.sample_action: 0.003 trainer.obs_insert: 0.000 trainer.step_env: 0.007 trainer.update_stats: 0.001 trainer.update_agent: 0.038
2026-08-11 16:52:54,124 update: 50	fps: 398.999	
2026-08-11 16:52:54,124 Num updates: 50	Num frames 8000
2026-08-11 16:52:54,124 Average window size: 50  distance_to_goal: 6.360  distance_to_goal_reward: 0.000  reward: -0.027  spl: 0.000  success: 0.000
2026-08-11 16:52:54,124 	Perf Stats: trainer.rollout_collect: 0.362 trainer.sample_action: 0.003 trainer.obs_insert: 0.000 trainer.step_env: 0.007 trainer.update_stats: 0.001 trainer.update_agent: 0.037
2026-08-11 16:52:58,047 update: 60	fps: 400.447	
2026-08-11 16:52:58,048 Num updates: 60	Num frames 9600
2026-08-11 16:52:58,048 Average window size: 50  distance_to_goal: 6.478  distance_to_goal_reward: 0.000  reward: -0.021  spl: 0.000  success: 0.000
2026-08-11 16:52:58,048 	Perf Stats: trainer.rollout_collect: 0.361 trainer.sample_action: 0.003 trainer.obs_insert: 0.000 trainer.step_env: 0.007 trainer.update_stats: 0.001 trainer.update_agent: 0.037
2026-08-11 16:53:01,982 update: 70	fps: 401.318	
2026-08-11 16:53:01,982 Num updates: 70	Num frames 11200
2026-08-11 16:53:01,982 Average window size: 50  distance_to_goal: 6.423  distance_to_goal_reward: 0.000  reward: -0.014  spl: 0.000  success: 0.000
2026-08-11 16:53:01,982 	Perf Stats: trainer.rollout_collect: 0.361 trainer.sample_action: 0.003 trainer.obs_insert: 0.000 trainer.step_env: 0.007 trainer.update_stats: 0.001 trainer.update_agent: 0.037
2026-08-11 16:53:05,759 update: 80	fps: 403.974	
2026-08-11 16:53:05,768 Num updates: 80	Num frames 12800
2026-08-11 16:53:05,768 Average window size: 50  distance_to_goal: 6.330  distance_to_goal_reward: 0.000  reward: -0.008  spl: 0.000  success: 0.000
2026-08-11 16:53:05,768 	Perf Stats: trainer.rollout_collect: 0.358 trainer.sample_action: 0.003 trainer.obs_insert: 0.000 trainer.step_env: 0.007 trainer.update_stats: 0.001 trainer.update_agent: 0.036
2026-08-11 16:53:09,373 update: 90	fps: 407.942	
2026-08-11 16:53:09,373 Num updates: 90	Num frames 14400
2026-08-11 16:53:09,374 Average window size: 50  distance_to_goal: 6.114  distance_to_goal_reward: 0.000  reward: 0.007  spl: 0.000  success: 0.001
2026-08-11 16:53:09,374 	Perf Stats: trainer.rollout_collect: 0.354 trainer.sample_action: 0.003 trainer.obs_insert: 0.000 trainer.step_env: 0.007 trainer.update_stats: 0.001 trainer.update_agent: 0.036
2026-08-11 16:53:12,717 update: 100	fps: 414.051	
2026-08-11 16:53:12,717 Num updates: 100	Num frames 16000
2026-08-11 16:53:12,717 Average window size: 50  distance_to_goal: 5.767  distance_to_goal_reward: 0.000  reward: 0.031  spl: 0.001  success: 0.001
2026-08-11 16:53:12,717 	Perf Stats: trainer.rollout_collect: 0.348 trainer.sample_action: 0.003 trainer.obs_insert: 0.000 trainer.step_env: 0.007 trainer.update_stats: 0.001 trainer.update_agent: 0.036
2026-08-11 16:53:16,017 update: 110	fps: 419.618	
2026-08-11 16:53:16,017 Num updates: 110	Num frames 17600
2026-08-11 16:53:16,017 Average window size: 50  distance_to_goal: 5.327  distance_to_goal_reward: 0.000  reward: 0.040  spl: 0.001  success: 0.001
2026-08-11 16:53:16,017 	Perf Stats: trainer.rollout_collect: 0.343 trainer.sample_action: 0.003 trainer.obs_insert: 0.000 trainer.step_env: 0.007 trainer.update_stats: 0.001 trainer.update_agent: 0.036
2026-08-11 16:53:19,426 update: 120	fps: 423.353	
2026-08-11 16:53:19,426 Num updates: 120	Num frames 19200
2026-08-11 16:53:19,427 Average window size: 50  distance_to_goal: 4.745  distance_to_goal_reward: 0.000  reward: 0.076  spl: 0.003  success: 0.003
2026-08-11 16:53:19,427 	Perf Stats: trainer.rollout_collect: 0.340 trainer.sample_action: 0.003 trainer.obs_insert: 0.000 trainer.step_env: 0.006 trainer.update_stats: 0.001 trainer.update_agent: 0.036
2026-08-11 16:53:23,003 update: 130	fps: 425.106	
2026-08-11 16:53:23,003 Num updates: 130	Num frames 20800
2026-08-11 16:53:23,003 Average window size: 50  distance_to_goal: 4.310  distance_to_goal_reward: 0.000  reward: 0.106  spl: 0.003  success: 0.004
2026-08-11 16:53:23,003 	Perf Stats: trainer.rollout_collect: 0.338 trainer.sample_action: 0.003 trainer.obs_insert: 0.000 trainer.step_env: 0.006 trainer.update_stats: 0.001 trainer.update_agent: 0.036
2026-08-11 16:53:26,512 update: 140	fps: 427.176	
2026-08-11 16:53:26,512 Num updates: 140	Num frames 22400
2026-08-11 16:53:26,512 Average window size: 50  distance_to_goal: 4.040  distance_to_goal_reward: 0.000  reward: 0.109  spl: 0.006  success: 0.006
2026-08-11 16:53:26,512 	Perf Stats: trainer.rollout_collect: 0.336 trainer.sample_action: 0.003 trainer.obs_insert: 0.000 trainer.step_env: 0.006 trainer.update_stats: 0.001 trainer.update_agent: 0.036
2026-08-11 16:53:29,968 update: 150	fps: 429.387	
2026-08-11 16:53:29,968 Num updates: 150	Num frames 24000
2026-08-11 16:53:29,968 Average window size: 50  distance_to_goal: 3.985  distance_to_goal_reward: 0.000  reward: 0.113  spl: 0.004  success: 0.005
2026-08-11 16:53:29,968 	Perf Stats: trainer.rollout_collect: 0.335 trainer.sample_action: 0.003 trainer.obs_insert: 0.000 trainer.step_env: 0.006 trainer.update_stats: 0.001 trainer.update_agent: 0.036
2026-08-11 16:53:33,360 update: 160	fps: 431.805	
2026-08-11 16:53:33,360 Num updates: 160	Num frames 25600
2026-08-11 16:53:33,360 Average window size: 50  distance_to_goal: 4.065  distance_to_goal_reward: 0.000  reward: 0.163  spl: 0.005  success: 0.006
2026-08-11 16:53:33,360 	Perf Stats: trainer.rollout_collect: 0.333 trainer.sample_action: 0.003 trainer.obs_insert: 0.000 trainer.step_env: 0.006 trainer.update_stats: 0.001 trainer.update_agent: 0.036
2026-08-11 16:53:36,669 update: 170	fps: 434.537	
2026-08-11 16:53:36,669 Num updates: 170	Num frames 27200
2026-08-11 16:53:36,669 Average window size: 50  distance_to_goal: 3.977  distance_to_goal_reward: 0.000  reward: 0.195  spl: 0.003  success: 0.004
2026-08-11 16:53:36,670 	Perf Stats: trainer.rollout_collect: 0.330 trainer.sample_action: 0.003 trainer.obs_insert: 0.000 trainer.step_env: 0.006 trainer.update_stats: 0.001 trainer.update_agent: 0.036
2026-08-11 16:53:40,037 update: 180	fps: 436.607	
2026-08-11 16:53:40,037 Num updates: 180	Num frames 28800
2026-08-11 16:53:40,037 Average window size: 50  distance_to_goal: 3.648  distance_to_goal_reward: 0.000  reward: 0.255  spl: 0.004  success: 0.004
2026-08-11 16:53:40,037 	Perf Stats: trainer.rollout_collect: 0.329 trainer.sample_action: 0.003 trainer.obs_insert: 0.000 trainer.step_env: 0.006 trainer.update_stats: 0.001 trainer.update_agent: 0.036
2026-08-11 16:53:43,277 update: 190	fps: 439.291	
2026-08-11 16:53:43,277 Num updates: 190	Num frames 30400
2026-08-11 16:53:43,277 Average window size: 50  distance_to_goal: 3.278  distance_to_goal_reward: 0.000  reward: 0.310  spl: 0.002  success: 0.002
2026-08-11 16:53:43,277 	Perf Stats: trainer.rollout_collect: 0.326 trainer.sample_action: 0.003 trainer.obs_insert: 0.000 trainer.step_env: 0.006 trainer.update_stats: 0.001 trainer.update_agent: 0.036
2026-08-11 16:53:46,699 update: 200	fps: 440.623	
2026-08-11 16:53:46,699 Num updates: 200	Num frames 32000
2026-08-11 16:53:46,699 Average window size: 50  distance_to_goal: 3.293  distance_to_goal_reward: 0.000  reward: 0.394  spl: 0.002  success: 0.002
2026-08-11 16:53:46,699 	Perf Stats: trainer.rollout_collect: 0.325 trainer.sample_action: 0.003 trainer.obs_insert: 0.000 trainer.step_env: 0.006 trainer.update_stats: 0.001 trainer.update_agent: 0.036
2026-08-11 16:53:50,125 update: 210	fps: 441.812	
2026-08-11 16:53:50,125 Num updates: 210	Num frames 33600
2026-08-11 16:53:50,125 Average window size: 50  distance_to_goal: 3.120  distance_to_goal_reward: 0.000  reward: 0.408  spl: 0.000  success: 0.000
2026-08-11 16:53:50,125 	Perf Stats: trainer.rollout_collect: 0.324 trainer.sample_action: 0.003 trainer.obs_insert: 0.000 trainer.step_env: 0.006 trainer.update_stats: 0.001 trainer.update_agent: 0.036
2026-08-11 16:53:53,814 update: 220	fps: 441.434	
2026-08-11 16:53:53,814 Num updates: 220	Num frames 35200
2026-08-11 16:53:53,814 Average window size: 50  distance_to_goal: 3.497  distance_to_goal_reward: 0.000  reward: 0.327  spl: 0.000  success: 0.000
2026-08-11 16:53:53,815 	Perf Stats: trainer.rollout_collect: 0.324 trainer.sample_action: 0.003 trainer.obs_insert: 0.000 trainer.step_env: 0.006 trainer.update_stats: 0.001 trainer.update_agent: 0.036
2026-08-11 16:53:57,183 update: 230	fps: 442.793	
2026-08-11 16:53:57,183 Num updates: 230	Num frames 36800
2026-08-11 16:53:57,183 Average window size: 50  distance_to_goal: 3.362  distance_to_goal_reward: 0.000  reward: 0.340  spl: 0.001  success: 0.001
2026-08-11 16:53:57,183 	Perf Stats: trainer.rollout_collect: 0.323 trainer.sample_action: 0.003 trainer.obs_insert: 0.000 trainer.step_env: 0.006 trainer.update_stats: 0.001 trainer.update_agent: 0.036
2026-08-11 16:54:00,446 update: 240	fps: 444.590	
2026-08-11 16:54:00,446 Num updates: 240	Num frames 38400
2026-08-11 16:54:00,446 Average window size: 50  distance_to_goal: 3.293  distance_to_goal_reward: 0.000  reward: 0.349  spl: 0.004  success: 0.004
2026-08-11 16:54:00,446 	Perf Stats: trainer.rollout_collect: 0.322 trainer.sample_action: 0.003 trainer.obs_insert: 0.000 trainer.step_env: 0.006 trainer.update_stats: 0.001 trainer.update_agent: 0.036
2026-08-11 16:54:03,786 update: 250	fps: 445.871	
2026-08-11 16:54:03,786 Num updates: 250	Num frames 40000
2026-08-11 16:54:03,786 Average window size: 50  distance_to_goal: 3.167  distance_to_goal_reward: 0.000  reward: 0.390  spl: 0.006  success: 0.006
2026-08-11 16:54:03,786 	Perf Stats: trainer.rollout_collect: 0.321 trainer.sample_action: 0.003 trainer.obs_insert: 0.000 trainer.step_env: 0.006 trainer.update_stats: 0.001 trainer.update_agent: 0.036
2026-08-11 16:54:07,173 update: 260	fps: 446.839	
2026-08-11 16:54:07,173 Num updates: 260	Num frames 41600
2026-08-11 16:54:07,173 Average window size: 50  distance_to_goal: 3.246  distance_to_goal_reward: 0.000  reward: 0.447  spl: 0.011  success: 0.012
2026-08-11 16:54:07,173 	Perf Stats: trainer.rollout_collect: 0.320 trainer.sample_action: 0.003 trainer.obs_insert: 0.000 trainer.step_env: 0.006 trainer.update_stats: 0.001 trainer.update_agent: 0.036
2026-08-11 16:54:10,458 update: 270	fps: 448.208	
2026-08-11 16:54:10,458 Num updates: 270	Num frames 43200
2026-08-11 16:54:10,458 Average window size: 50  distance_to_goal: 2.490  distance_to_goal_reward: 0.000  reward: 0.670  spl: 0.019  success: 0.020
2026-08-11 16:54:10,458 	Perf Stats: trainer.rollout_collect: 0.319 trainer.sample_action: 0.003 trainer.obs_insert: 0.000 trainer.step_env: 0.006 trainer.update_stats: 0.001 trainer.update_agent: 0.036
PluginManager::Manager: duplicate static plugin StbImageImporter, ignoring
PluginManager::Manager: duplicate static plugin GltfImporter, ignoring
PluginManager::Manager: duplicate static plugin BasisImporter, ignoring
PluginManager::Manager: duplicate static plugin AssimpImporter, ignoring
PluginManager::Manager: duplicate static plugin AnySceneImporter, ignoring
PluginManager::Manager: duplicate static plugin AnyImageImporter, ignoring
Renderer: NVIDIA GeForce RTX 4070/PCIe/SSE2 by NVIDIA Corporation
OpenGL version: 4.6.0 NVIDIA 580.173.02
Using optional features:
    GL_ARB_vertex_array_object
    GL_ARB_separate_shader_objects
    GL_ARB_robustness
    GL_ARB_texture_storage
    GL_ARB_texture_view
    GL_ARB_framebuffer_no_attachments
    GL_ARB_invalidate_subdata
    GL_ARB_texture_storage_multisample
    GL_ARB_multi_bind
    GL_ARB_direct_state_access
    GL_ARB_get_texture_sub_image
    GL_ARB_texture_filter_anisotropic
    GL_KHR_debug
    GL_KHR_parallel_shader_compile
    GL_NV_depth_buffer_float
Using driver workarounds:
    no-forward-compatible-core-context
    nv-egl-incorrect-gl11-function-pointers
    no-layout-qualifiers-on-old-glsl
    nv-zero-context-profile-mask
    nv-implementation-color-read-format-dsa-broken
    nv-cubemap-inconsistent-compressed-image-size
    nv-cubemap-broken-full-compressed-image-query
    nv-compressed-block-size-in-bits
[16:54:12:823063]:[Warning]:[Scene] SemanticScene.h(331)::checkFileExists : ::loadSemanticSceneDescriptor: File `data/scene_datasets/habitat-test-scenes/van-gogh-room.scn` does not exist.  Aborting load.
[16:54:12:823079]:[Warning]:[Scene] SemanticScene.cpp(123)::loadSemanticSceneDescriptor : SSD File Naming Issue! Neither SemanticAttributes-provided name : `data/scene_datasets/habitat-test-scenes/van-gogh-room.scn` nor constructed filename : `data/scene_datasets/habitat-test-scenes/info_semantic.json` exist on disk.
[16:54:12:823084]:[Error]:[Scene] SemanticScene.cpp(139)::loadSemanticSceneDescriptor : SSD Load Failure! File with SemanticAttributes-provided name `data/scene_datasets/habitat-test-scenes/van-gogh-room.scn` exists but failed to load.
[16:54:13:301124]:[Warning]:[Sim] Simulator.cpp(595)::instanceStageForSceneAttributes : The active scene does not contain semantic annotations : activeSemanticSceneID_ = 0
2026-08-11 16:54:14,316 update: 280	fps: 446.921	
2026-08-11 16:54:14,316 Num updates: 280	Num frames 44800
2026-08-11 16:54:14,316 Average window size: 50  distance_to_goal: 2.367  distance_to_goal_reward: 0.000  reward: 0.701  spl: 0.018  success: 0.019
2026-08-11 16:54:14,316 	Perf Stats: trainer.rollout_collect: 0.320 trainer.sample_action: 0.003 trainer.obs_insert: 0.000 trainer.step_env: 0.006 trainer.update_stats: 0.001 trainer.update_agent: 0.035
PluginManager::Manager: duplicate static plugin StbImageImporter, ignoring
PluginManager::Manager: duplicate static plugin GltfImporter, ignoring
PluginManager::Manager: duplicate static plugin BasisImporter, ignoring
PluginManager::Manager: duplicate static plugin AssimpImporter, ignoring
PluginManager::Manager: duplicate static plugin AnySceneImporter, ignoring
PluginManager::Manager: duplicate static plugin AnyImageImporter, ignoring
Renderer: NVIDIA GeForce RTX 4070/PCIe/SSE2 by NVIDIA Corporation
OpenGL version: 4.6.0 NVIDIA 580.173.02
Using optional features:
    GL_ARB_vertex_array_object
    GL_ARB_separate_shader_objects
    GL_ARB_robustness
    GL_ARB_texture_storage
    GL_ARB_texture_view
    GL_ARB_framebuffer_no_attachments
    GL_ARB_invalidate_subdata
    GL_ARB_texture_storage_multisample
    GL_ARB_multi_bind
    GL_ARB_direct_state_access
    GL_ARB_get_texture_sub_image
    GL_ARB_texture_filter_anisotropic
    GL_KHR_debug
    GL_KHR_parallel_shader_compile
    GL_NV_depth_buffer_float
Using driver workarounds:
    no-forward-compatible-core-context
    nv-egl-incorrect-gl11-function-pointers
    no-layout-qualifiers-on-old-glsl
    nv-zero-context-profile-mask
    nv-implementation-color-read-format-dsa-broken
    nv-cubemap-inconsistent-compressed-image-size
    nv-cubemap-broken-full-compressed-image-query
    nv-compressed-block-size-in-bits
[16:54:17:041405]:[Warning]:[Scene] SemanticScene.h(331)::checkFileExists : ::loadSemanticSceneDescriptor: File `data/scene_datasets/habitat-test-scenes/skokloster-castle.scn` does not exist.  Aborting load.
[16:54:17:041422]:[Warning]:[Scene] SemanticScene.cpp(123)::loadSemanticSceneDescriptor : SSD File Naming Issue! Neither SemanticAttributes-provided name : `data/scene_datasets/habitat-test-scenes/skokloster-castle.scn` nor constructed filename : `data/scene_datasets/habitat-test-scenes/info_semantic.json` exist on disk.
[16:54:17:041427]:[Error]:[Scene] SemanticScene.cpp(139)::loadSemanticSceneDescriptor : SSD Load Failure! File with SemanticAttributes-provided name `data/scene_datasets/habitat-test-scenes/skokloster-castle.scn` exists but failed to load.
[16:54:17:659211]:[Warning]:[Sim] Simulator.cpp(595)::instanceStageForSceneAttributes : The active scene does not contain semantic annotations : activeSemanticSceneID_ = 0
2026-08-11 16:54:18,276 update: 290	fps: 445.289	
2026-08-11 16:54:18,276 Num updates: 290	Num frames 46400
2026-08-11 16:54:18,276 Average window size: 50  distance_to_goal: 2.363  distance_to_goal_reward: 0.000  reward: 0.691  spl: 0.021  success: 0.023
2026-08-11 16:54:18,276 	Perf Stats: trainer.rollout_collect: 0.322 trainer.sample_action: 0.003 trainer.obs_insert: 0.000 trainer.step_env: 0.006 trainer.update_stats: 0.001 trainer.update_agent: 0.035
2026-08-11 16:54:21,742 update: 300	fps: 445.815	
2026-08-11 16:54:21,742 Num updates: 300	Num frames 48000
2026-08-11 16:54:21,742 Average window size: 50  distance_to_goal: 2.279  distance_to_goal_reward: 0.000  reward: 0.664  spl: 0.019  success: 0.020
2026-08-11 16:54:21,742 	Perf Stats: trainer.rollout_collect: 0.321 trainer.sample_action: 0.003 trainer.obs_insert: 0.000 trainer.step_env: 0.006 trainer.update_stats: 0.001 trainer.update_agent: 0.035
PluginManager::Manager: duplicate static plugin StbImageImporter, ignoring
PluginManager::Manager: duplicate static plugin GltfImporter, ignoring
PluginManager::Manager: duplicate static plugin BasisImporter, ignoring
PluginManager::Manager: duplicate static plugin AssimpImporter, ignoring
PluginManager::Manager: duplicate static plugin AnySceneImporter, ignoring
PluginManager::Manager: duplicate static plugin AnyImageImporter, ignoring
Renderer: NVIDIA GeForce RTX 4070/PCIe/SSE2 by NVIDIA Corporation
OpenGL version: 4.6.0 NVIDIA 580.173.02
Using optional features:
    GL_ARB_vertex_array_object
    GL_ARB_separate_shader_objects
    GL_ARB_robustness
    GL_ARB_texture_storage
    GL_ARB_texture_view
    GL_ARB_framebuffer_no_attachments
    GL_ARB_invalidate_subdata
    GL_ARB_texture_storage_multisample
    GL_ARB_multi_bind
    GL_ARB_direct_state_access
    GL_ARB_get_texture_sub_image
    GL_ARB_texture_filter_anisotropic
    GL_KHR_debug
    GL_KHR_parallel_shader_compile
    GL_NV_depth_buffer_float
Using driver workarounds:
    no-forward-compatible-core-context
    nv-egl-incorrect-gl11-function-pointers
    no-layout-qualifiers-on-old-glsl
    nv-zero-context-profile-mask
    nv-implementation-color-read-format-dsa-broken
    nv-cubemap-inconsistent-compressed-image-size
    nv-cubemap-broken-full-compressed-image-query
    nv-compressed-block-size-in-bits
[16:54:22:529785]:[Warning]:[Scene] SemanticScene.h(331)::checkFileExists : ::loadSemanticSceneDescriptor: File `data/scene_datasets/habitat-test-scenes/van-gogh-room.scn` does not exist.  Aborting load.
[16:54:22:529801]:[Warning]:[Scene] SemanticScene.cpp(123)::loadSemanticSceneDescriptor : SSD File Naming Issue! Neither SemanticAttributes-provided name : `data/scene_datasets/habitat-test-scenes/van-gogh-room.scn` nor constructed filename : `data/scene_datasets/habitat-test-scenes/info_semantic.json` exist on disk.
[16:54:22:529807]:[Error]:[Scene] SemanticScene.cpp(139)::loadSemanticSceneDescriptor : SSD Load Failure! File with SemanticAttributes-provided name `data/scene_datasets/habitat-test-scenes/van-gogh-room.scn` exists but failed to load.
[16:54:23:003475]:[Warning]:[Sim] Simulator.cpp(595)::instanceStageForSceneAttributes : The active scene does not contain semantic annotations : activeSemanticSceneID_ = 0
2026-08-11 16:54:25,641 update: 310	fps: 444.575	
2026-08-11 16:54:25,650 Num updates: 310	Num frames 49600
2026-08-11 16:54:25,650 Average window size: 50  distance_to_goal: 1.975  distance_to_goal_reward: 0.000  reward: 0.573  spl: 0.017  success: 0.018
2026-08-11 16:54:25,650 	Perf Stats: trainer.rollout_collect: 0.322 trainer.sample_action: 0.003 trainer.obs_insert: 0.000 trainer.step_env: 0.006 trainer.update_stats: 0.001 trainer.update_agent: 0.035
PluginManager::Manager: duplicate static plugin StbImageImporter, ignoring
PluginManager::Manager: duplicate static plugin GltfImporter, ignoring
PluginManager::Manager: duplicate static plugin BasisImporter, ignoring
PluginManager::Manager: duplicate static plugin AssimpImporter, ignoring
PluginManager::Manager: duplicate static plugin AnySceneImporter, ignoring
PluginManager::Manager: duplicate static plugin AnyImageImporter, ignoring
Renderer: NVIDIA GeForce RTX 4070/PCIe/SSE2 by NVIDIA Corporation
OpenGL version: 4.6.0 NVIDIA 580.173.02
Using optional features:
    GL_ARB_vertex_array_object
    GL_ARB_separate_shader_objects
    GL_ARB_robustness
    GL_ARB_texture_storage
    GL_ARB_texture_view
    GL_ARB_framebuffer_no_attachments
    GL_ARB_invalidate_subdata
    GL_ARB_texture_storage_multisample
    GL_ARB_multi_bind
    GL_ARB_direct_state_access
    GL_ARB_get_texture_sub_image
    GL_ARB_texture_filter_anisotropic
    GL_KHR_debug
    GL_KHR_parallel_shader_compile
    GL_NV_depth_buffer_float
Using driver workarounds:
    no-forward-compatible-core-context
    nv-egl-incorrect-gl11-function-pointers
    no-layout-qualifiers-on-old-glsl
    nv-zero-context-profile-mask
    nv-implementation-color-read-format-dsa-broken
    nv-cubemap-inconsistent-compressed-image-size
    nv-cubemap-broken-full-compressed-image-query
    nv-compressed-block-size-in-bits
[16:54:26:138209]:[Warning]:[Scene] SemanticScene.h(331)::checkFileExists : ::loadSemanticSceneDescriptor: File `data/scene_datasets/habitat-test-scenes/van-gogh-room.scn` does not exist.  Aborting load.
[16:54:26:138225]:[Warning]:[Scene] SemanticScene.cpp(123)::loadSemanticSceneDescriptor : SSD File Naming Issue! Neither SemanticAttributes-provided name : `data/scene_datasets/habitat-test-scenes/van-gogh-room.scn` nor constructed filename : `data/scene_datasets/habitat-test-scenes/info_semantic.json` exist on disk.
[16:54:26:138230]:[Error]:[Scene] SemanticScene.cpp(139)::loadSemanticSceneDescriptor : SSD Load Failure! File with SemanticAttributes-provided name `data/scene_datasets/habitat-test-scenes/van-gogh-room.scn` exists but failed to load.
[16:54:26:612873]:[Warning]:[Sim] Simulator.cpp(595)::instanceStageForSceneAttributes : The active scene does not contain semantic annotations : activeSemanticSceneID_ = 0
2026-08-11 16:54:29,519 update: 320	fps: 443.502	
2026-08-11 16:54:29,519 Num updates: 320	Num frames 51200
2026-08-11 16:54:29,519 Average window size: 50  distance_to_goal: 1.901  distance_to_goal_reward: 0.000  reward: 0.499  spl: 0.018  success: 0.020
2026-08-11 16:54:29,519 	Perf Stats: trainer.rollout_collect: 0.323 trainer.sample_action: 0.003 trainer.obs_insert: 0.000 trainer.step_env: 0.006 trainer.update_stats: 0.001 trainer.update_agent: 0.035
2026-08-11 16:54:32,641 update: 330	fps: 445.317	
2026-08-11 16:54:32,642 Num updates: 330	Num frames 52800
2026-08-11 16:54:32,642 Average window size: 50  distance_to_goal: 1.825  distance_to_goal_reward: 0.000  reward: 0.471  spl: 0.022  success: 0.024
2026-08-11 16:54:32,642 	Perf Stats: trainer.rollout_collect: 0.321 trainer.sample_action: 0.003 trainer.obs_insert: 0.000 trainer.step_env: 0.006 trainer.update_stats: 0.001 trainer.update_agent: 0.035
2026-08-11 16:54:35,767 update: 340	fps: 447.026	
2026-08-11 16:54:35,776 Num updates: 340	Num frames 54400
2026-08-11 16:54:35,776 Average window size: 50  distance_to_goal: 1.761  distance_to_goal_reward: 0.000  reward: 0.412  spl: 0.019  success: 0.020
2026-08-11 16:54:35,776 	Perf Stats: trainer.rollout_collect: 0.320 trainer.sample_action: 0.003 trainer.obs_insert: 0.000 trainer.step_env: 0.006 trainer.update_stats: 0.001 trainer.update_agent: 0.035
2026-08-11 16:54:38,945 update: 350	fps: 448.462	
2026-08-11 16:54:38,945 Num updates: 350	Num frames 56000
2026-08-11 16:54:38,945 Average window size: 50  distance_to_goal: 1.762  distance_to_goal_reward: 0.000  reward: 0.426  spl: 0.025  success: 0.028
2026-08-11 16:54:38,945 	Perf Stats: trainer.rollout_collect: 0.319 trainer.sample_action: 0.003 trainer.obs_insert: 0.000 trainer.step_env: 0.006 trainer.update_stats: 0.001 trainer.update_agent: 0.035
PluginManager::Manager: duplicate static plugin StbImageImporter, ignoring
PluginManager::Manager: duplicate static plugin GltfImporter, ignoring
PluginManager::Manager: duplicate static plugin BasisImporter, ignoring
PluginManager::Manager: duplicate static plugin AssimpImporter, ignoring
PluginManager::Manager: duplicate static plugin AnySceneImporter, ignoring
PluginManager::Manager: duplicate static plugin AnyImageImporter, ignoring
Renderer: NVIDIA GeForce RTX 4070/PCIe/SSE2 by NVIDIA Corporation
OpenGL version: 4.6.0 NVIDIA 580.173.02
Using optional features:
    GL_ARB_vertex_array_object
    GL_ARB_separate_shader_objects
    GL_ARB_robustness
    GL_ARB_texture_storage
    GL_ARB_texture_view
    GL_ARB_framebuffer_no_attachments
    GL_ARB_invalidate_subdata
    GL_ARB_texture_storage_multisample
    GL_ARB_multi_bind
    GL_ARB_direct_state_access
    GL_ARB_get_texture_sub_image
    GL_ARB_texture_filter_anisotropic
    GL_KHR_debug
    GL_KHR_parallel_shader_compile
    GL_NV_depth_buffer_float
Using driver workarounds:
    no-forward-compatible-core-context
    nv-egl-incorrect-gl11-function-pointers
    no-layout-qualifiers-on-old-glsl
    nv-zero-context-profile-mask
    nv-implementation-color-read-format-dsa-broken
    nv-cubemap-inconsistent-compressed-image-size
    nv-cubemap-broken-full-compressed-image-query
    nv-compressed-block-size-in-bits
[16:54:39:619848]:[Warning]:[Scene] SemanticScene.h(331)::checkFileExists : ::loadSemanticSceneDescriptor: File `data/scene_datasets/habitat-test-scenes/skokloster-castle.scn` does not exist.  Aborting load.
[16:54:39:619864]:[Warning]:[Scene] SemanticScene.cpp(123)::loadSemanticSceneDescriptor : SSD File Naming Issue! Neither SemanticAttributes-provided name : `data/scene_datasets/habitat-test-scenes/skokloster-castle.scn` nor constructed filename : `data/scene_datasets/habitat-test-scenes/info_semantic.json` exist on disk.
[16:54:39:619869]:[Error]:[Scene] SemanticScene.cpp(139)::loadSemanticSceneDescriptor : SSD Load Failure! File with SemanticAttributes-provided name `data/scene_datasets/habitat-test-scenes/skokloster-castle.scn` exists but failed to load.
[16:54:40:237245]:[Warning]:[Sim] Simulator.cpp(595)::instanceStageForSceneAttributes : The active scene does not contain semantic annotations : activeSemanticSceneID_ = 0
2026-08-11 16:54:42,806 update: 360	fps: 447.440	
2026-08-11 16:54:42,807 Num updates: 360	Num frames 57600
2026-08-11 16:54:42,807 Average window size: 50  distance_to_goal: 1.688  distance_to_goal_reward: 0.000  reward: 0.551  spl: 0.030  success: 0.033
2026-08-11 16:54:42,807 	Perf Stats: trainer.rollout_collect: 0.320 trainer.sample_action: 0.003 trainer.obs_insert: 0.000 trainer.step_env: 0.006 trainer.update_stats: 0.001 trainer.update_agent: 0.035
2026-08-11 16:54:45,972 update: 370	fps: 448.864	
2026-08-11 16:54:45,972 Num updates: 370	Num frames 59200
2026-08-11 16:54:45,972 Average window size: 50  distance_to_goal: 1.578  distance_to_goal_reward: 0.000  reward: 0.702  spl: 0.030  success: 0.034
2026-08-11 16:54:45,972 	Perf Stats: trainer.rollout_collect: 0.319 trainer.sample_action: 0.003 trainer.obs_insert: 0.000 trainer.step_env: 0.006 trainer.update_stats: 0.001 trainer.update_agent: 0.035
2026-08-11 16:54:49,159 update: 380	fps: 450.087	
2026-08-11 16:54:49,159 Num updates: 380	Num frames 60800
2026-08-11 16:54:49,159 Average window size: 50  distance_to_goal: 1.551  distance_to_goal_reward: 0.000  reward: 0.738  spl: 0.041  success: 0.046
2026-08-11 16:54:49,159 	Perf Stats: trainer.rollout_collect: 0.318 trainer.sample_action: 0.003 trainer.obs_insert: 0.000 trainer.step_env: 0.006 trainer.update_stats: 0.001 trainer.update_agent: 0.035
2026-08-11 16:54:52,351 update: 390	fps: 451.267	
2026-08-11 16:54:52,352 Num updates: 390	Num frames 62400
2026-08-11 16:54:52,352 Average window size: 50  distance_to_goal: 1.522  distance_to_goal_reward: 0.000  reward: 0.893  spl: 0.050  success: 0.060
2026-08-11 16:54:52,352 	Perf Stats: trainer.rollout_collect: 0.317 trainer.sample_action: 0.003 trainer.obs_insert: 0.000 trainer.step_env: 0.006 trainer.update_stats: 0.001 trainer.update_agent: 0.035
2026-08-11 16:54:55,577 update: 400	fps: 452.286	
2026-08-11 16:54:55,578 Num updates: 400	Num frames 64000
2026-08-11 16:54:55,578 Average window size: 50  distance_to_goal: 1.366  distance_to_goal_reward: 0.000  reward: 0.991  spl: 0.055  success: 0.066
2026-08-11 16:54:55,578 	Perf Stats: trainer.rollout_collect: 0.316 trainer.sample_action: 0.003 trainer.obs_insert: 0.000 trainer.step_env: 0.006 trainer.update_stats: 0.001 trainer.update_agent: 0.035
2026-08-11 16:54:58,693 update: 410	fps: 453.607	
2026-08-11 16:54:58,693 Num updates: 410	Num frames 65600
2026-08-11 16:54:58,693 Average window size: 50  distance_to_goal: 1.249  distance_to_goal_reward: 0.000  reward: 1.099  spl: 0.075  success: 0.094
2026-08-11 16:54:58,693 	Perf Stats: trainer.rollout_collect: 0.315 trainer.sample_action: 0.003 trainer.obs_insert: 0.000 trainer.step_env: 0.006 trainer.update_stats: 0.001 trainer.update_agent: 0.035
2026-08-11 16:55:01,782 update: 420	fps: 454.950	
2026-08-11 16:55:01,783 Num updates: 420	Num frames 67200
2026-08-11 16:55:01,783 Average window size: 50  distance_to_goal: 1.165  distance_to_goal_reward: 0.000  reward: 1.293  spl: 0.096  success: 0.126
2026-08-11 16:55:01,783 	Perf Stats: trainer.rollout_collect: 0.314 trainer.sample_action: 0.003 trainer.obs_insert: 0.000 trainer.step_env: 0.006 trainer.update_stats: 0.001 trainer.update_agent: 0.035
2026-08-11 16:55:04,898 update: 430	fps: 456.161	
2026-08-11 16:55:04,898 Num updates: 430	Num frames 68800
2026-08-11 16:55:04,898 Average window size: 50  distance_to_goal: 1.009  distance_to_goal_reward: 0.000  reward: 1.647  spl: 0.103  success: 0.142
2026-08-11 16:55:04,898 	Perf Stats: trainer.rollout_collect: 0.313 trainer.sample_action: 0.003 trainer.obs_insert: 0.000 trainer.step_env: 0.006 trainer.update_stats: 0.001 trainer.update_agent: 0.035
2026-08-11 16:55:07,982 update: 440	fps: 457.417	
2026-08-11 16:55:07,982 Num updates: 440	Num frames 70400
2026-08-11 16:55:07,982 Average window size: 50  distance_to_goal: 0.902  distance_to_goal_reward: 0.000  reward: 1.805  spl: 0.137  success: 0.183
2026-08-11 16:55:07,982 	Perf Stats: trainer.rollout_collect: 0.312 trainer.sample_action: 0.003 trainer.obs_insert: 0.000 trainer.step_env: 0.006 trainer.update_stats: 0.001 trainer.update_agent: 0.035
2026-08-11 16:55:11,034 update: 450	fps: 458.715	
2026-08-11 16:55:11,034 Num updates: 450	Num frames 72000
2026-08-11 16:55:11,034 Average window size: 50  distance_to_goal: 0.935  distance_to_goal_reward: -0.000  reward: 1.848  spl: 0.147  success: 0.200
2026-08-11 16:55:11,035 	Perf Stats: trainer.rollout_collect: 0.311 trainer.sample_action: 0.003 trainer.obs_insert: 0.000 trainer.step_env: 0.006 trainer.update_stats: 0.001 trainer.update_agent: 0.035
2026-08-11 16:55:14,121 update: 460	fps: 459.867	
2026-08-11 16:55:14,121 Num updates: 460	Num frames 73600
2026-08-11 16:55:14,121 Average window size: 50  distance_to_goal: 0.973  distance_to_goal_reward: -0.000  reward: 1.986  spl: 0.175  success: 0.236
2026-08-11 16:55:14,121 	Perf Stats: trainer.rollout_collect: 0.310 trainer.sample_action: 0.003 trainer.obs_insert: 0.000 trainer.step_env: 0.006 trainer.update_stats: 0.001 trainer.update_agent: 0.035
2026-08-11 16:55:17,184 update: 470	fps: 461.038	
2026-08-11 16:55:17,184 Num updates: 470	Num frames 75200
2026-08-11 16:55:17,184 Average window size: 50  distance_to_goal: 1.015  distance_to_goal_reward: -0.000  reward: 1.933  spl: 0.178  success: 0.235
2026-08-11 16:55:17,185 	Perf Stats: trainer.rollout_collect: 0.309 trainer.sample_action: 0.003 trainer.obs_insert: 0.000 trainer.step_env: 0.006 trainer.update_stats: 0.001 trainer.update_agent: 0.035
2026-08-11 16:55:20,236 update: 480	fps: 462.201	
2026-08-11 16:55:20,236 Num updates: 480	Num frames 76800
2026-08-11 16:55:20,236 Average window size: 50  distance_to_goal: 1.043  distance_to_goal_reward: -0.000  reward: 1.916  spl: 0.215  success: 0.289
2026-08-11 16:55:20,236 	Perf Stats: trainer.rollout_collect: 0.308 trainer.sample_action: 0.003 trainer.obs_insert: 0.000 trainer.step_env: 0.006 trainer.update_stats: 0.001 trainer.update_agent: 0.035
2026-08-11 16:55:23,271 update: 490	fps: 463.365	
2026-08-11 16:55:23,271 Num updates: 490	Num frames 78400
2026-08-11 16:55:23,271 Average window size: 50  distance_to_goal: 1.030  distance_to_goal_reward: -0.000  reward: 2.031  spl: 0.216  success: 0.296
2026-08-11 16:55:23,271 	Perf Stats: trainer.rollout_collect: 0.307 trainer.sample_action: 0.003 trainer.obs_insert: 0.000 trainer.step_env: 0.006 trainer.update_stats: 0.001 trainer.update_agent: 0.035
2026-08-11 16:55:26,412 update: 500	fps: 464.205	
2026-08-11 16:55:26,412 Num updates: 500	Num frames 80000
2026-08-11 16:55:26,412 Average window size: 50  distance_to_goal: 0.845  distance_to_goal_reward: 0.000  reward: 2.273  spl: 0.229  success: 0.318
2026-08-11 16:55:26,412 	Perf Stats: trainer.rollout_collect: 0.307 trainer.sample_action: 0.003 trainer.obs_insert: 0.000 trainer.step_env: 0.006 trainer.update_stats: 0.001 trainer.update_agent: 0.035
2026-08-11 16:55:29,450 update: 510	fps: 465.287	
2026-08-11 16:55:29,450 Num updates: 510	Num frames 81600
2026-08-11 16:55:29,450 Average window size: 50  distance_to_goal: 0.704  distance_to_goal_reward: 0.000  reward: 2.192  spl: 0.247  success: 0.342
2026-08-11 16:55:29,450 	Perf Stats: trainer.rollout_collect: 0.306 trainer.sample_action: 0.003 trainer.obs_insert: 0.000 trainer.step_env: 0.006 trainer.update_stats: 0.001 trainer.update_agent: 0.035
2026-08-11 16:55:32,499 update: 520	fps: 466.303	
2026-08-11 16:55:32,499 Num updates: 520	Num frames 83200
2026-08-11 16:55:32,499 Average window size: 50  distance_to_goal: 0.884  distance_to_goal_reward: 0.000  reward: 2.256  spl: 0.278  success: 0.385
2026-08-11 16:55:32,499 	Perf Stats: trainer.rollout_collect: 0.305 trainer.sample_action: 0.003 trainer.obs_insert: 0.000 trainer.step_env: 0.005 trainer.update_stats: 0.001 trainer.update_agent: 0.035
2026-08-11 16:55:35,537 update: 530	fps: 467.314	
2026-08-11 16:55:35,537 Num updates: 530	Num frames 84800
2026-08-11 16:55:35,537 Average window size: 50  distance_to_goal: 0.869  distance_to_goal_reward: 0.000  reward: 2.147  spl: 0.280  success: 0.376
2026-08-11 16:55:35,537 	Perf Stats: trainer.rollout_collect: 0.304 trainer.sample_action: 0.003 trainer.obs_insert: 0.000 trainer.step_env: 0.005 trainer.update_stats: 0.001 trainer.update_agent: 0.035
2026-08-11 16:55:38,556 update: 540	fps: 468.339	
2026-08-11 16:55:38,556 Num updates: 540	Num frames 86400
2026-08-11 16:55:38,556 Average window size: 50  distance_to_goal: 0.960  distance_to_goal_reward: 0.000  reward: 2.089  spl: 0.297  success: 0.400
2026-08-11 16:55:38,556 	Perf Stats: trainer.rollout_collect: 0.304 trainer.sample_action: 0.003 trainer.obs_insert: 0.000 trainer.step_env: 0.005 trainer.update_stats: 0.001 trainer.update_agent: 0.035
2026-08-11 16:55:41,537 update: 550	fps: 469.427	
2026-08-11 16:55:41,537 Num updates: 550	Num frames 88000
2026-08-11 16:55:41,537 Average window size: 50  distance_to_goal: 1.279  distance_to_goal_reward: 0.000  reward: 1.890  spl: 0.324  success: 0.434
2026-08-11 16:55:41,537 	Perf Stats: trainer.rollout_collect: 0.303 trainer.sample_action: 0.003 trainer.obs_insert: 0.000 trainer.step_env: 0.005 trainer.update_stats: 0.001 trainer.update_agent: 0.035
2026-08-11 16:55:44,553 update: 560	fps: 470.394	
2026-08-11 16:55:44,553 Num updates: 560	Num frames 89600
2026-08-11 16:55:44,553 Average window size: 50  distance_to_goal: 1.215  distance_to_goal_reward: -0.000  reward: 1.903  spl: 0.301  success: 0.405
2026-08-11 16:55:44,553 	Perf Stats: trainer.rollout_collect: 0.302 trainer.sample_action: 0.003 trainer.obs_insert: 0.000 trainer.step_env: 0.005 trainer.update_stats: 0.001 trainer.update_agent: 0.035
PluginManager::Manager: duplicate static plugin StbImageImporter, ignoring
PluginManager::Manager: duplicate static plugin GltfImporter, ignoring
PluginManager::Manager: duplicate static plugin BasisImporter, ignoring
PluginManager::Manager: duplicate static plugin AssimpImporter, ignoring
PluginManager::Manager: duplicate static plugin AnySceneImporter, ignoring
PluginManager::Manager: duplicate static plugin AnyImageImporter, ignoring
Renderer: NVIDIA GeForce RTX 4070/PCIe/SSE2 by NVIDIA Corporation
OpenGL version: 4.6.0 NVIDIA 580.173.02
Using optional features:
    GL_ARB_vertex_array_object
    GL_ARB_separate_shader_objects
    GL_ARB_robustness
    GL_ARB_texture_storage
    GL_ARB_texture_view
    GL_ARB_framebuffer_no_attachments
    GL_ARB_invalidate_subdata
    GL_ARB_texture_storage_multisample
    GL_ARB_multi_bind
    GL_ARB_direct_state_access
    GL_ARB_get_texture_sub_image
    GL_ARB_texture_filter_anisotropic
    GL_KHR_debug
    GL_KHR_parallel_shader_compile
    GL_NV_depth_buffer_float
Using driver workarounds:
    no-forward-compatible-core-context
    nv-egl-incorrect-gl11-function-pointers
    no-layout-qualifiers-on-old-glsl
    nv-zero-context-profile-mask
    nv-implementation-color-read-format-dsa-broken
    nv-cubemap-inconsistent-compressed-image-size
    nv-cubemap-broken-full-compressed-image-query
    nv-compressed-block-size-in-bits
[16:55:45:353214]:[Warning]:[Scene] SemanticScene.h(331)::checkFileExists : ::loadSemanticSceneDescriptor: File `data/scene_datasets/habitat-test-scenes/van-gogh-room.scn` does not exist.  Aborting load.
[16:55:45:353229]:[Warning]:[Scene] SemanticScene.cpp(123)::loadSemanticSceneDescriptor : SSD File Naming Issue! Neither SemanticAttributes-provided name : `data/scene_datasets/habitat-test-scenes/van-gogh-room.scn` nor constructed filename : `data/scene_datasets/habitat-test-scenes/info_semantic.json` exist on disk.
[16:55:45:353234]:[Error]:[Scene] SemanticScene.cpp(139)::loadSemanticSceneDescriptor : SSD Load Failure! File with SemanticAttributes-provided name `data/scene_datasets/habitat-test-scenes/van-gogh-room.scn` exists but failed to load.
[16:55:45:791791]:[Warning]:[Sim] Simulator.cpp(595)::instanceStageForSceneAttributes : The active scene does not contain semantic annotations : activeSemanticSceneID_ = 0
2026-08-11 16:55:48,004 update: 570	fps: 470.274	
2026-08-11 16:55:48,004 Num updates: 570	Num frames 91200
2026-08-11 16:55:48,004 Average window size: 50  distance_to_goal: 1.360  distance_to_goal_reward: -0.000  reward: 1.525  spl: 0.272  success: 0.370
2026-08-11 16:55:48,004 	Perf Stats: trainer.rollout_collect: 0.302 trainer.sample_action: 0.003 trainer.obs_insert: 0.000 trainer.step_env: 0.005 trainer.update_stats: 0.001 trainer.update_agent: 0.035
PluginManager::Manager: duplicate static plugin StbImageImporter, ignoring
PluginManager::Manager: duplicate static plugin GltfImporter, ignoring
PluginManager::Manager: duplicate static plugin BasisImporter, ignoring
PluginManager::Manager: duplicate static plugin AssimpImporter, ignoring
PluginManager::Manager: duplicate static plugin AnySceneImporter, ignoring
PluginManager::Manager: duplicate static plugin AnyImageImporter, ignoring
Renderer: NVIDIA GeForce RTX 4070/PCIe/SSE2 by NVIDIA Corporation
OpenGL version: 4.6.0 NVIDIA 580.173.02
Using optional features:
    GL_ARB_vertex_array_object
    GL_ARB_separate_shader_objects
    GL_ARB_robustness
    GL_ARB_texture_storage
    GL_ARB_texture_view
    GL_ARB_framebuffer_no_attachments
    GL_ARB_invalidate_subdata
    GL_ARB_texture_storage_multisample
    GL_ARB_multi_bind
    GL_ARB_direct_state_access
    GL_ARB_get_texture_sub_image
    GL_ARB_texture_filter_anisotropic
    GL_KHR_debug
    GL_KHR_parallel_shader_compile
    GL_NV_depth_buffer_float
Using driver workarounds:
    no-forward-compatible-core-context
    nv-egl-incorrect-gl11-function-pointers
    no-layout-qualifiers-on-old-glsl
    nv-zero-context-profile-mask
    nv-implementation-color-read-format-dsa-broken
    nv-cubemap-inconsistent-compressed-image-size
    nv-cubemap-broken-full-compressed-image-query
    nv-compressed-block-size-in-bits
[16:55:48:365462]:[Warning]:[Scene] SemanticScene.h(331)::checkFileExists : ::loadSemanticSceneDescriptor: File `data/scene_datasets/habitat-test-scenes/skokloster-castle.scn` does not exist.  Aborting load.
[16:55:48:365479]:[Warning]:[Scene] SemanticScene.cpp(123)::loadSemanticSceneDescriptor : SSD File Naming Issue! Neither SemanticAttributes-provided name : `data/scene_datasets/habitat-test-scenes/skokloster-castle.scn` nor constructed filename : `data/scene_datasets/habitat-test-scenes/info_semantic.json` exist on disk.
[16:55:48:365484]:[Error]:[Scene] SemanticScene.cpp(139)::loadSemanticSceneDescriptor : SSD Load Failure! File with SemanticAttributes-provided name `data/scene_datasets/habitat-test-scenes/skokloster-castle.scn` exists but failed to load.
[16:55:48:973486]:[Warning]:[Sim] Simulator.cpp(595)::instanceStageForSceneAttributes : The active scene does not contain semantic annotations : activeSemanticSceneID_ = 0
2026-08-11 16:55:51,684 update: 580	fps: 469.611	
2026-08-11 16:55:51,685 Num updates: 580	Num frames 92800
2026-08-11 16:55:51,685 Average window size: 50  distance_to_goal: 1.325  distance_to_goal_reward: -0.000  reward: 1.540  spl: 0.276  success: 0.378
2026-08-11 16:55:51,685 	Perf Stats: trainer.rollout_collect: 0.303 trainer.sample_action: 0.003 trainer.obs_insert: 0.000 trainer.step_env: 0.005 trainer.update_stats: 0.001 trainer.update_agent: 0.035
2026-08-11 16:55:54,732 update: 590	fps: 470.453	
2026-08-11 16:55:54,732 Num updates: 590	Num frames 94400
2026-08-11 16:55:54,732 Average window size: 50  distance_to_goal: 1.212  distance_to_goal_reward: 0.002  reward: 1.715  spl: 0.268  success: 0.369
2026-08-11 16:55:54,732 	Perf Stats: trainer.rollout_collect: 0.302 trainer.sample_action: 0.003 trainer.obs_insert: 0.000 trainer.step_env: 0.005 trainer.update_stats: 0.001 trainer.update_agent: 0.035
2026-08-11 16:55:57,863 update: 600	fps: 471.075	
2026-08-11 16:55:57,863 Num updates: 600	Num frames 96000
2026-08-11 16:55:57,863 Average window size: 50  distance_to_goal: 0.870  distance_to_goal_reward: 0.002  reward: 2.263  spl: 0.277  success: 0.387
2026-08-11 16:55:57,863 	Perf Stats: trainer.rollout_collect: 0.302 trainer.sample_action: 0.003 trainer.obs_insert: 0.000 trainer.step_env: 0.005 trainer.update_stats: 0.001 trainer.update_agent: 0.035
PluginManager::Manager: duplicate static plugin StbImageImporter, ignoring
PluginManager::Manager: duplicate static plugin GltfImporter, ignoring
PluginManager::Manager: duplicate static plugin BasisImporter, ignoring
PluginManager::Manager: duplicate static plugin AssimpImporter, ignoring
PluginManager::Manager: duplicate static plugin AnySceneImporter, ignoring
PluginManager::Manager: duplicate static plugin AnyImageImporter, ignoring
Renderer: NVIDIA GeForce RTX 4070/PCIe/SSE2 by NVIDIA Corporation
OpenGL version: 4.6.0 NVIDIA 580.173.02
Using optional features:
    GL_ARB_vertex_array_object
    GL_ARB_separate_shader_objects
    GL_ARB_robustness
    GL_ARB_texture_storage
    GL_ARB_texture_view
    GL_ARB_framebuffer_no_attachments
    GL_ARB_invalidate_subdata
    GL_ARB_texture_storage_multisample
    GL_ARB_multi_bind
    GL_ARB_direct_state_access
    GL_ARB_get_texture_sub_image
    GL_ARB_texture_filter_anisotropic
    GL_KHR_debug
    GL_KHR_parallel_shader_compile
    GL_NV_depth_buffer_float
Using driver workarounds:
    no-forward-compatible-core-context
    nv-egl-incorrect-gl11-function-pointers
    no-layout-qualifiers-on-old-glsl
    nv-zero-context-profile-mask
    nv-implementation-color-read-format-dsa-broken
    nv-cubemap-inconsistent-compressed-image-size
    nv-cubemap-broken-full-compressed-image-query
    nv-compressed-block-size-in-bits
[16:55:58:581929]:[Warning]:[Scene] SemanticScene.h(331)::checkFileExists : ::loadSemanticSceneDescriptor: File `data/scene_datasets/habitat-test-scenes/skokloster-castle.scn` does not exist.  Aborting load.
[16:55:58:581945]:[Warning]:[Scene] SemanticScene.cpp(123)::loadSemanticSceneDescriptor : SSD File Naming Issue! Neither SemanticAttributes-provided name : `data/scene_datasets/habitat-test-scenes/skokloster-castle.scn` nor constructed filename : `data/scene_datasets/habitat-test-scenes/info_semantic.json` exist on disk.
[16:55:58:581950]:[Error]:[Scene] SemanticScene.cpp(139)::loadSemanticSceneDescriptor : SSD Load Failure! File with SemanticAttributes-provided name `data/scene_datasets/habitat-test-scenes/skokloster-castle.scn` exists but failed to load.
[16:55:59:195162]:[Warning]:[Sim] Simulator.cpp(595)::instanceStageForSceneAttributes : The active scene does not contain semantic annotations : activeSemanticSceneID_ = 0
2026-08-11 16:56:01,578 update: 610	fps: 470.354	
2026-08-11 16:56:01,578 Num updates: 610	Num frames 97600
2026-08-11 16:56:01,578 Average window size: 50  distance_to_goal: 0.783  distance_to_goal_reward: 0.002  reward: 2.419  spl: 0.272  success: 0.384
2026-08-11 16:56:01,578 	Perf Stats: trainer.rollout_collect: 0.302 trainer.sample_action: 0.003 trainer.obs_insert: 0.000 trainer.step_env: 0.005 trainer.update_stats: 0.001 trainer.update_agent: 0.035
2026-08-11 16:56:04,680 update: 620	fps: 471.023	
2026-08-11 16:56:04,680 Num updates: 620	Num frames 99200
2026-08-11 16:56:04,680 Average window size: 50  distance_to_goal: 0.640  distance_to_goal_reward: 0.002  reward: 2.719  spl: 0.277  success: 0.382
2026-08-11 16:56:04,680 	Perf Stats: trainer.rollout_collect: 0.302 trainer.sample_action: 0.003 trainer.obs_insert: 0.000 trainer.step_env: 0.005 trainer.update_stats: 0.001 trainer.update_agent: 0.035
2026-08-11 16:56:07,838 update: 630	fps: 471.549	
2026-08-11 16:56:07,838 Num updates: 630	Num frames 100800
2026-08-11 16:56:07,838 Average window size: 50  distance_to_goal: 0.643  distance_to_goal_reward: 0.002  reward: 2.923  spl: 0.299  success: 0.411
2026-08-11 16:56:07,838 	Perf Stats: trainer.rollout_collect: 0.301 trainer.sample_action: 0.003 trainer.obs_insert: 0.000 trainer.step_env: 0.005 trainer.update_stats: 0.001 trainer.update_agent: 0.035
2026-08-11 16:56:10,949 update: 640	fps: 472.161	
2026-08-11 16:56:10,950 Num updates: 640	Num frames 102400
2026-08-11 16:56:10,950 Average window size: 50  distance_to_goal: 0.628  distance_to_goal_reward: 0.000  reward: 3.204  spl: 0.325  success: 0.435
2026-08-11 16:56:10,950 	Perf Stats: trainer.rollout_collect: 0.301 trainer.sample_action: 0.003 trainer.obs_insert: 0.000 trainer.step_env: 0.005 trainer.update_stats: 0.001 trainer.update_agent: 0.035
2026-08-11 16:56:14,019 update: 650	fps: 472.845	
2026-08-11 16:56:14,028 Num updates: 650	Num frames 104000
2026-08-11 16:56:14,028 Average window size: 50  distance_to_goal: 0.776  distance_to_goal_reward: 0.000  reward: 3.092  spl: 0.341  success: 0.448
2026-08-11 16:56:14,028 	Perf Stats: trainer.rollout_collect: 0.300 trainer.sample_action: 0.003 trainer.obs_insert: 0.000 trainer.step_env: 0.005 trainer.update_stats: 0.001 trainer.update_agent: 0.035
PluginManager::Manager: duplicate static plugin StbImageImporter, ignoring
PluginManager::Manager: duplicate static plugin GltfImporter, ignoring
PluginManager::Manager: duplicate static plugin BasisImporter, ignoring
PluginManager::Manager: duplicate static plugin AssimpImporter, ignoring
PluginManager::Manager: duplicate static plugin AnySceneImporter, ignoring
PluginManager::Manager: duplicate static plugin AnyImageImporter, ignoring
Renderer: NVIDIA GeForce RTX 4070/PCIe/SSE2 by NVIDIA Corporation
OpenGL version: 4.6.0 NVIDIA 580.173.02
Using optional features:
    GL_ARB_vertex_array_object
    GL_ARB_separate_shader_objects
    GL_ARB_robustness
    GL_ARB_texture_storage
    GL_ARB_texture_view
    GL_ARB_framebuffer_no_attachments
    GL_ARB_invalidate_subdata
    GL_ARB_texture_storage_multisample
    GL_ARB_multi_bind
    GL_ARB_direct_state_access
    GL_ARB_get_texture_sub_image
    GL_ARB_texture_filter_anisotropic
    GL_KHR_debug
    GL_KHR_parallel_shader_compile
    GL_NV_depth_buffer_float
Using driver workarounds:
    no-forward-compatible-core-context
    nv-egl-incorrect-gl11-function-pointers
    no-layout-qualifiers-on-old-glsl
    nv-zero-context-profile-mask
    nv-implementation-color-read-format-dsa-broken
    nv-cubemap-inconsistent-compressed-image-size
    nv-cubemap-broken-full-compressed-image-query
    nv-compressed-block-size-in-bits
[16:56:15:514992]:[Warning]:[Scene] SemanticScene.h(331)::checkFileExists : ::loadSemanticSceneDescriptor: File `data/scene_datasets/habitat-test-scenes/skokloster-castle.scn` does not exist.  Aborting load.
[16:56:15:515008]:[Warning]:[Scene] SemanticScene.cpp(123)::loadSemanticSceneDescriptor : SSD File Naming Issue! Neither SemanticAttributes-provided name : `data/scene_datasets/habitat-test-scenes/skokloster-castle.scn` nor constructed filename : `data/scene_datasets/habitat-test-scenes/info_semantic.json` exist on disk.
[16:56:15:515013]:[Error]:[Scene] SemanticScene.cpp(139)::loadSemanticSceneDescriptor : SSD Load Failure! File with SemanticAttributes-provided name `data/scene_datasets/habitat-test-scenes/skokloster-castle.scn` exists but failed to load.
[16:56:16:126205]:[Warning]:[Sim] Simulator.cpp(595)::instanceStageForSceneAttributes : The active scene does not contain semantic annotations : activeSemanticSceneID_ = 0
2026-08-11 16:56:17,757 update: 660	fps: 472.096	
2026-08-11 16:56:17,757 Num updates: 660	Num frames 105600
2026-08-11 16:56:17,757 Average window size: 50  distance_to_goal: 0.884  distance_to_goal_reward: 0.000  reward: 2.991  spl: 0.388  success: 0.516
2026-08-11 16:56:17,758 	Perf Stats: trainer.rollout_collect: 0.301 trainer.sample_action: 0.003 trainer.obs_insert: 0.000 trainer.step_env: 0.005 trainer.update_stats: 0.001 trainer.update_agent: 0.035
2026-08-11 16:56:20,889 update: 670	fps: 472.632	
2026-08-11 16:56:20,889 Num updates: 670	Num frames 107200
2026-08-11 16:56:20,889 Average window size: 50  distance_to_goal: 1.083  distance_to_goal_reward: 0.003  reward: 3.062  spl: 0.388  success: 0.519
2026-08-11 16:56:20,889 	Perf Stats: trainer.rollout_collect: 0.301 trainer.sample_action: 0.003 trainer.obs_insert: 0.000 trainer.step_env: 0.005 trainer.update_stats: 0.001 trainer.update_agent: 0.035
2026-08-11 16:56:24,028 update: 680	fps: 473.139	
2026-08-11 16:56:24,028 Num updates: 680	Num frames 108800
2026-08-11 16:56:24,028 Average window size: 50  distance_to_goal: 1.423  distance_to_goal_reward: 0.004  reward: 3.043  spl: 0.335  success: 0.463
2026-08-11 16:56:24,028 	Perf Stats: trainer.rollout_collect: 0.300 trainer.sample_action: 0.003 trainer.obs_insert: 0.000 trainer.step_env: 0.005 trainer.update_stats: 0.001 trainer.update_agent: 0.035
2026-08-11 16:56:27,166 update: 690	fps: 473.633	
2026-08-11 16:56:27,166 Num updates: 690	Num frames 110400
2026-08-11 16:56:27,166 Average window size: 50  distance_to_goal: 1.509  distance_to_goal_reward: 0.004  reward: 3.065  spl: 0.348  success: 0.483
2026-08-11 16:56:27,166 	Perf Stats: trainer.rollout_collect: 0.300 trainer.sample_action: 0.003 trainer.obs_insert: 0.000 trainer.step_env: 0.005 trainer.update_stats: 0.001 trainer.update_agent: 0.035
2026-08-11 16:56:30,402 update: 700	fps: 473.917	
2026-08-11 16:56:30,402 Num updates: 700	Num frames 112000
2026-08-11 16:56:30,402 Average window size: 50  distance_to_goal: 1.762  distance_to_goal_reward: 0.004  reward: 2.601  spl: 0.329  success: 0.467
2026-08-11 16:56:30,402 	Perf Stats: trainer.rollout_collect: 0.300 trainer.sample_action: 0.003 trainer.obs_insert: 0.000 trainer.step_env: 0.005 trainer.update_stats: 0.001 trainer.update_agent: 0.035
2026-08-11 16:56:33,534 update: 710	fps: 474.400	
2026-08-11 16:56:33,535 Num updates: 710	Num frames 113600
2026-08-11 16:56:33,535 Average window size: 50  distance_to_goal: 1.744  distance_to_goal_reward: 0.005  reward: 2.489  spl: 0.305  success: 0.434
2026-08-11 16:56:33,535 	Perf Stats: trainer.rollout_collect: 0.299 trainer.sample_action: 0.003 trainer.obs_insert: 0.000 trainer.step_env: 0.005 trainer.update_stats: 0.001 trainer.update_agent: 0.035
2026-08-11 16:56:36,656 update: 720	fps: 474.891	
2026-08-11 16:56:36,656 Num updates: 720	Num frames 115200
2026-08-11 16:56:36,656 Average window size: 50  distance_to_goal: 1.698  distance_to_goal_reward: -0.001  reward: 2.728  spl: 0.303  success: 0.438
2026-08-11 16:56:36,656 	Perf Stats: trainer.rollout_collect: 0.299 trainer.sample_action: 0.003 trainer.obs_insert: 0.000 trainer.step_env: 0.005 trainer.update_stats: 0.001 trainer.update_agent: 0.035
2026-08-11 16:56:39,787 update: 730	fps: 475.369	
2026-08-11 16:56:39,787 Num updates: 730	Num frames 116800
2026-08-11 16:56:39,787 Average window size: 50  distance_to_goal: 2.018  distance_to_goal_reward: -0.001  reward: 2.303  spl: 0.301  success: 0.422
2026-08-11 16:56:39,788 	Perf Stats: trainer.rollout_collect: 0.299 trainer.sample_action: 0.003 trainer.obs_insert: 0.000 trainer.step_env: 0.005 trainer.update_stats: 0.001 trainer.update_agent: 0.035
PluginManager::Manager: duplicate static plugin StbImageImporter, ignoring
PluginManager::Manager: duplicate static plugin GltfImporter, ignoring
PluginManager::Manager: duplicate static plugin BasisImporter, ignoring
PluginManager::Manager: duplicate static plugin AssimpImporter, ignoring
PluginManager::Manager: duplicate static plugin AnySceneImporter, ignoring
PluginManager::Manager: duplicate static plugin AnyImageImporter, ignoring
Renderer: NVIDIA GeForce RTX 4070/PCIe/SSE2 by NVIDIA Corporation
OpenGL version: 4.6.0 NVIDIA 580.173.02
Using optional features:
    GL_ARB_vertex_array_object
    GL_ARB_separate_shader_objects
    GL_ARB_robustness
    GL_ARB_texture_storage
    GL_ARB_texture_view
    GL_ARB_framebuffer_no_attachments
    GL_ARB_invalidate_subdata
    GL_ARB_texture_storage_multisample
    GL_ARB_multi_bind
    GL_ARB_direct_state_access
    GL_ARB_get_texture_sub_image
    GL_ARB_texture_filter_anisotropic
    GL_KHR_debug
    GL_KHR_parallel_shader_compile
    GL_NV_depth_buffer_float
Using driver workarounds:
    no-forward-compatible-core-context
    nv-egl-incorrect-gl11-function-pointers
    no-layout-qualifiers-on-old-glsl
    nv-zero-context-profile-mask
    nv-implementation-color-read-format-dsa-broken
    nv-cubemap-inconsistent-compressed-image-size
    nv-cubemap-broken-full-compressed-image-query
    nv-compressed-block-size-in-bits
[16:56:42:173417]:[Warning]:[Scene] SemanticScene.h(331)::checkFileExists : ::loadSemanticSceneDescriptor: File `data/scene_datasets/habitat-test-scenes/van-gogh-room.scn` does not exist.  Aborting load.
[16:56:42:173433]:[Warning]:[Scene] SemanticScene.cpp(123)::loadSemanticSceneDescriptor : SSD File Naming Issue! Neither SemanticAttributes-provided name : `data/scene_datasets/habitat-test-scenes/van-gogh-room.scn` nor constructed filename : `data/scene_datasets/habitat-test-scenes/info_semantic.json` exist on disk.
[16:56:42:173438]:[Error]:[Scene] SemanticScene.cpp(139)::loadSemanticSceneDescriptor : SSD Load Failure! File with SemanticAttributes-provided name `data/scene_datasets/habitat-test-scenes/van-gogh-room.scn` exists but failed to load.
[16:56:42:610292]:[Warning]:[Sim] Simulator.cpp(595)::instanceStageForSceneAttributes : The active scene does not contain semantic annotations : activeSemanticSceneID_ = 0
2026-08-11 16:56:43,363 update: 740	fps: 474.951	
2026-08-11 16:56:43,363 Num updates: 740	Num frames 118400
2026-08-11 16:56:43,363 Average window size: 50  distance_to_goal: 1.960  distance_to_goal_reward: -0.001  reward: 2.618  spl: 0.354  success: 0.490
2026-08-11 16:56:43,363 	Perf Stats: trainer.rollout_collect: 0.299 trainer.sample_action: 0.003 trainer.obs_insert: 0.000 trainer.step_env: 0.005 trainer.update_stats: 0.001 trainer.update_agent: 0.035
2026-08-11 16:56:46,445 update: 750	fps: 475.490	
2026-08-11 16:56:46,446 Num updates: 750	Num frames 120000
2026-08-11 16:56:46,446 Average window size: 50  distance_to_goal: 1.737  distance_to_goal_reward: -0.001  reward: 2.738  spl: 0.373  success: 0.492
2026-08-11 16:56:46,446 	Perf Stats: trainer.rollout_collect: 0.299 trainer.sample_action: 0.003 trainer.obs_insert: 0.000 trainer.step_env: 0.005 trainer.update_stats: 0.001 trainer.update_agent: 0.035
2026-08-11 16:56:49,513 update: 760	fps: 476.043	
2026-08-11 16:56:49,513 Num updates: 760	Num frames 121600
2026-08-11 16:56:49,513 Average window size: 50  distance_to_goal: 2.052  distance_to_goal_reward: -0.001  reward: 2.508  spl: 0.391  success: 0.508
2026-08-11 16:56:49,513 	Perf Stats: trainer.rollout_collect: 0.298 trainer.sample_action: 0.003 trainer.obs_insert: 0.000 trainer.step_env: 0.005 trainer.update_stats: 0.001 trainer.update_agent: 0.035
2026-08-11 16:56:52,586 update: 770	fps: 476.574	
2026-08-11 16:56:52,586 Num updates: 770	Num frames 123200
2026-08-11 16:56:52,586 Average window size: 50  distance_to_goal: 1.837  distance_to_goal_reward: 0.000  reward: 2.116  spl: 0.379  success: 0.492
2026-08-11 16:56:52,586 	Perf Stats: trainer.rollout_collect: 0.298 trainer.sample_action: 0.003 trainer.obs_insert: 0.000 trainer.step_env: 0.005 trainer.update_stats: 0.001 trainer.update_agent: 0.035
2026-08-11 16:56:55,661 update: 780	fps: 477.087	
2026-08-11 16:56:55,662 Num updates: 780	Num frames 124800
2026-08-11 16:56:55,662 Average window size: 50  distance_to_goal: 1.612  distance_to_goal_reward: 0.000  reward: 2.331  spl: 0.374  success: 0.508
2026-08-11 16:56:55,662 	Perf Stats: trainer.rollout_collect: 0.298 trainer.sample_action: 0.003 trainer.obs_insert: 0.000 trainer.step_env: 0.005 trainer.update_stats: 0.001 trainer.update_agent: 0.035
2026-08-11 16:56:58,733 update: 790	fps: 477.595	
2026-08-11 16:56:58,733 Num updates: 790	Num frames 126400
2026-08-11 16:56:58,733 Average window size: 50  distance_to_goal: 1.683  distance_to_goal_reward: 0.000  reward: 2.036  spl: 0.279  success: 0.382
2026-08-11 16:56:58,733 	Perf Stats: trainer.rollout_collect: 0.297 trainer.sample_action: 0.003 trainer.obs_insert: 0.000 trainer.step_env: 0.005 trainer.update_stats: 0.001 trainer.update_agent: 0.035
2026-08-11 16:57:01,939 update: 800	fps: 477.853	
2026-08-11 16:57:01,939 Num updates: 800	Num frames 128000
2026-08-11 16:57:01,939 Average window size: 50  distance_to_goal: 1.355  distance_to_goal_reward: -0.000  reward: 2.437  spl: 0.227  success: 0.340
2026-08-11 16:57:01,939 	Perf Stats: trainer.rollout_collect: 0.297 trainer.sample_action: 0.003 trainer.obs_insert: 0.000 trainer.step_env: 0.005 trainer.update_stats: 0.001 trainer.update_agent: 0.035
2026-08-11 16:57:05,110 update: 810	fps: 478.166	
2026-08-11 16:57:05,110 Num updates: 810	Num frames 129600
2026-08-11 16:57:05,110 Average window size: 50  distance_to_goal: 0.773  distance_to_goal_reward: -0.000  reward: 3.869  spl: 0.276  success: 0.400
2026-08-11 16:57:05,110 	Perf Stats: trainer.rollout_collect: 0.297 trainer.sample_action: 0.003 trainer.obs_insert: 0.000 trainer.step_env: 0.005 trainer.update_stats: 0.001 trainer.update_agent: 0.035
2026-08-11 16:57:08,338 update: 820	fps: 478.371	
2026-08-11 16:57:08,339 Num updates: 820	Num frames 131200
2026-08-11 16:57:08,339 Average window size: 50  distance_to_goal: 0.680  distance_to_goal_reward: -0.000  reward: 4.182  spl: 0.347  success: 0.507
2026-08-11 16:57:08,339 	Perf Stats: trainer.rollout_collect: 0.297 trainer.sample_action: 0.003 trainer.obs_insert: 0.000 trainer.step_env: 0.005 trainer.update_stats: 0.001 trainer.update_agent: 0.035
2026-08-11 16:57:11,443 update: 830	fps: 478.785	
2026-08-11 16:57:11,443 Num updates: 830	Num frames 132800
2026-08-11 16:57:11,443 Average window size: 50  distance_to_goal: 0.458  distance_to_goal_reward: -0.000  reward: 4.208  spl: 0.418  success: 0.587
2026-08-11 16:57:11,443 	Perf Stats: trainer.rollout_collect: 0.296 trainer.sample_action: 0.003 trainer.obs_insert: 0.000 trainer.step_env: 0.005 trainer.update_stats: 0.001 trainer.update_agent: 0.035
2026-08-11 16:57:14,528 update: 840	fps: 479.223	
2026-08-11 16:57:14,528 Num updates: 840	Num frames 134400
2026-08-11 16:57:14,528 Average window size: 50  distance_to_goal: 0.723  distance_to_goal_reward: -0.000  reward: 3.675  spl: 0.408  success: 0.573
2026-08-11 16:57:14,528 	Perf Stats: trainer.rollout_collect: 0.296 trainer.sample_action: 0.003 trainer.obs_insert: 0.000 trainer.step_env: 0.005 trainer.update_stats: 0.001 trainer.update_agent: 0.035
2026-08-11 16:57:17,609 update: 850	fps: 479.659	
2026-08-11 16:57:17,609 Num updates: 850	Num frames 136000
2026-08-11 16:57:17,609 Average window size: 50  distance_to_goal: 0.729  distance_to_goal_reward: -0.000  reward: 3.403  spl: 0.423  success: 0.583
2026-08-11 16:57:17,609 	Perf Stats: trainer.rollout_collect: 0.296 trainer.sample_action: 0.003 trainer.obs_insert: 0.000 trainer.step_env: 0.005 trainer.update_stats: 0.001 trainer.update_agent: 0.035
2026-08-11 16:57:20,707 update: 860	fps: 480.057	
2026-08-11 16:57:20,707 Num updates: 860	Num frames 137600
2026-08-11 16:57:20,707 Average window size: 50  distance_to_goal: 0.875  distance_to_goal_reward: -0.001  reward: 3.106  spl: 0.467  success: 0.643
2026-08-11 16:57:20,707 	Perf Stats: trainer.rollout_collect: 0.295 trainer.sample_action: 0.003 trainer.obs_insert: 0.000 trainer.step_env: 0.005 trainer.update_stats: 0.001 trainer.update_agent: 0.035
2026-08-11 16:57:23,809 update: 870	fps: 480.440	
2026-08-11 16:57:23,809 Num updates: 870	Num frames 139200
2026-08-11 16:57:23,809 Average window size: 50  distance_to_goal: 0.994  distance_to_goal_reward: -0.000  reward: 3.228  spl: 0.473  success: 0.628
2026-08-11 16:57:23,809 	Perf Stats: trainer.rollout_collect: 0.295 trainer.sample_action: 0.003 trainer.obs_insert: 0.000 trainer.step_env: 0.005 trainer.update_stats: 0.001 trainer.update_agent: 0.035
2026-08-11 16:57:26,928 update: 880	fps: 480.785	
2026-08-11 16:57:26,928 Num updates: 880	Num frames 140800
2026-08-11 16:57:26,928 Average window size: 50  distance_to_goal: 0.910  distance_to_goal_reward: -0.000  reward: 3.278  spl: 0.447  success: 0.574
2026-08-11 16:57:26,929 	Perf Stats: trainer.rollout_collect: 0.295 trainer.sample_action: 0.003 trainer.obs_insert: 0.000 trainer.step_env: 0.005 trainer.update_stats: 0.001 trainer.update_agent: 0.035
PluginManager::Manager: duplicate static plugin StbImageImporter, ignoring
PluginManager::Manager: duplicate static plugin GltfImporter, ignoring
PluginManager::Manager: duplicate static plugin BasisImporter, ignoring
PluginManager::Manager: duplicate static plugin AssimpImporter, ignoring
PluginManager::Manager: duplicate static plugin AnySceneImporter, ignoring
PluginManager::Manager: duplicate static plugin AnyImageImporter, ignoring
Renderer: NVIDIA GeForce RTX 4070/PCIe/SSE2 by NVIDIA Corporation
OpenGL version: 4.6.0 NVIDIA 580.173.02
Using optional features:
    GL_ARB_vertex_array_object
    GL_ARB_separate_shader_objects
    GL_ARB_robustness
    GL_ARB_texture_storage
    GL_ARB_texture_view
    GL_ARB_framebuffer_no_attachments
    GL_ARB_invalidate_subdata
    GL_ARB_texture_storage_multisample
    GL_ARB_multi_bind
    GL_ARB_direct_state_access
    GL_ARB_get_texture_sub_image
    GL_ARB_texture_filter_anisotropic
    GL_KHR_debug
    GL_KHR_parallel_shader_compile
    GL_NV_depth_buffer_float
Using driver workarounds:
    no-forward-compatible-core-context
    nv-egl-incorrect-gl11-function-pointers
    no-layout-qualifiers-on-old-glsl
    nv-zero-context-profile-mask
    nv-implementation-color-read-format-dsa-broken
    nv-cubemap-inconsistent-compressed-image-size
    nv-cubemap-broken-full-compressed-image-query
    nv-compressed-block-size-in-bits
[16:57:28:961810]:[Warning]:[Scene] SemanticScene.h(331)::checkFileExists : ::loadSemanticSceneDescriptor: File `data/scene_datasets/habitat-test-scenes/van-gogh-room.scn` does not exist.  Aborting load.
[16:57:28:961826]:[Warning]:[Scene] SemanticScene.cpp(123)::loadSemanticSceneDescriptor : SSD File Naming Issue! Neither SemanticAttributes-provided name : `data/scene_datasets/habitat-test-scenes/van-gogh-room.scn` nor constructed filename : `data/scene_datasets/habitat-test-scenes/info_semantic.json` exist on disk.
[16:57:28:961832]:[Error]:[Scene] SemanticScene.cpp(139)::loadSemanticSceneDescriptor : SSD Load Failure! File with SemanticAttributes-provided name `data/scene_datasets/habitat-test-scenes/van-gogh-room.scn` exists but failed to load.
[16:57:29:395851]:[Warning]:[Sim] Simulator.cpp(595)::instanceStageForSceneAttributes : The active scene does not contain semantic annotations : activeSemanticSceneID_ = 0
2026-08-11 16:57:30,447 update: 890	fps: 480.477	
2026-08-11 16:57:30,447 Num updates: 890	Num frames 142400
2026-08-11 16:57:30,447 Average window size: 50  distance_to_goal: 0.879  distance_to_goal_reward: -0.000  reward: 3.251  spl: 0.422  success: 0.547
2026-08-11 16:57:30,447 	Perf Stats: trainer.rollout_collect: 0.295 trainer.sample_action: 0.003 trainer.obs_insert: 0.000 trainer.step_env: 0.005 trainer.update_stats: 0.001 trainer.update_agent: 0.035
PluginManager::Manager: duplicate static plugin StbImageImporter, ignoring
PluginManager::Manager: duplicate static plugin GltfImporter, ignoring
PluginManager::Manager: duplicate static plugin BasisImporter, ignoring
PluginManager::Manager: duplicate static plugin AssimpImporter, ignoring
PluginManager::Manager: duplicate static plugin AnySceneImporter, ignoring
PluginManager::Manager: duplicate static plugin AnyImageImporter, ignoring
Renderer: NVIDIA GeForce RTX 4070/PCIe/SSE2 by NVIDIA Corporation
OpenGL version: 4.6.0 NVIDIA 580.173.02
Using optional features:
    GL_ARB_vertex_array_object
    GL_ARB_separate_shader_objects
    GL_ARB_robustness
    GL_ARB_texture_storage
    GL_ARB_texture_view
    GL_ARB_framebuffer_no_attachments
    GL_ARB_invalidate_subdata
    GL_ARB_texture_storage_multisample
    GL_ARB_multi_bind
    GL_ARB_direct_state_access
    GL_ARB_get_texture_sub_image
    GL_ARB_texture_filter_anisotropic
    GL_KHR_debug
    GL_KHR_parallel_shader_compile
    GL_NV_depth_buffer_float
Using driver workarounds:
    no-forward-compatible-core-context
    nv-egl-incorrect-gl11-function-pointers
    no-layout-qualifiers-on-old-glsl
    nv-zero-context-profile-mask
    nv-implementation-color-read-format-dsa-broken
    nv-cubemap-inconsistent-compressed-image-size
    nv-cubemap-broken-full-compressed-image-query
    nv-compressed-block-size-in-bits
[16:57:33:354411]:[Warning]:[Scene] SemanticScene.h(331)::checkFileExists : ::loadSemanticSceneDescriptor: File `data/scene_datasets/habitat-test-scenes/skokloster-castle.scn` does not exist.  Aborting load.
[16:57:33:354427]:[Warning]:[Scene] SemanticScene.cpp(123)::loadSemanticSceneDescriptor : SSD File Naming Issue! Neither SemanticAttributes-provided name : `data/scene_datasets/habitat-test-scenes/skokloster-castle.scn` nor constructed filename : `data/scene_datasets/habitat-test-scenes/info_semantic.json` exist on disk.
[16:57:33:354432]:[Error]:[Scene] SemanticScene.cpp(139)::loadSemanticSceneDescriptor : SSD Load Failure! File with SemanticAttributes-provided name `data/scene_datasets/habitat-test-scenes/skokloster-castle.scn` exists but failed to load.
[16:57:33:964530]:[Warning]:[Sim] Simulator.cpp(595)::instanceStageForSceneAttributes : The active scene does not contain semantic annotations : activeSemanticSceneID_ = 0
2026-08-11 16:57:34,193 update: 900	fps: 479.809	
2026-08-11 16:57:34,193 Num updates: 900	Num frames 144000
2026-08-11 16:57:34,193 Average window size: 50  distance_to_goal: 0.846  distance_to_goal_reward: -0.000  reward: 2.945  spl: 0.362  success: 0.468
2026-08-11 16:57:34,193 	Perf Stats: trainer.rollout_collect: 0.296 trainer.sample_action: 0.003 trainer.obs_insert: 0.000 trainer.step_env: 0.005 trainer.update_stats: 0.001 trainer.update_agent: 0.035
2026-08-11 16:57:37,259 update: 910	fps: 480.235	
2026-08-11 16:57:37,259 Num updates: 910	Num frames 145600
2026-08-11 16:57:37,259 Average window size: 50  distance_to_goal: 1.095  distance_to_goal_reward: 0.000  reward: 2.410  spl: 0.286  success: 0.372
2026-08-11 16:57:37,259 	Perf Stats: trainer.rollout_collect: 0.295 trainer.sample_action: 0.003 trainer.obs_insert: 0.000 trainer.step_env: 0.005 trainer.update_stats: 0.001 trainer.update_agent: 0.035
2026-08-11 16:57:40,374 update: 920	fps: 480.574	
2026-08-11 16:57:40,375 Num updates: 920	Num frames 147200
2026-08-11 16:57:40,375 Average window size: 50  distance_to_goal: 1.138  distance_to_goal_reward: 0.000  reward: 1.623  spl: 0.208  success: 0.275
2026-08-11 16:57:40,375 	Perf Stats: trainer.rollout_collect: 0.295 trainer.sample_action: 0.003 trainer.obs_insert: 0.000 trainer.step_env: 0.005 trainer.update_stats: 0.001 trainer.update_agent: 0.035
2026-08-11 16:57:43,483 update: 930	fps: 480.918	
2026-08-11 16:57:43,483 Num updates: 930	Num frames 148800
2026-08-11 16:57:43,483 Average window size: 50  distance_to_goal: 1.278  distance_to_goal_reward: 0.000  reward: 1.209  spl: 0.153  success: 0.211
2026-08-11 16:57:43,483 	Perf Stats: trainer.rollout_collect: 0.295 trainer.sample_action: 0.003 trainer.obs_insert: 0.000 trainer.step_env: 0.005 trainer.update_stats: 0.001 trainer.update_agent: 0.035
2026-08-11 16:57:46,608 update: 940	fps: 481.227	
2026-08-11 16:57:46,608 Num updates: 940	Num frames 150400
2026-08-11 16:57:46,608 Average window size: 50  distance_to_goal: 1.290  distance_to_goal_reward: 0.000  reward: 1.545  spl: 0.176  success: 0.235
2026-08-11 16:57:46,608 	Perf Stats: trainer.rollout_collect: 0.295 trainer.sample_action: 0.003 trainer.obs_insert: 0.000 trainer.step_env: 0.005 trainer.update_stats: 0.001 trainer.update_agent: 0.035
2026-08-11 16:57:49,718 update: 950	fps: 481.555	
2026-08-11 16:57:49,718 Num updates: 950	Num frames 152000
2026-08-11 16:57:49,718 Average window size: 50  distance_to_goal: 1.076  distance_to_goal_reward: 0.000  reward: 2.402  spl: 0.278  success: 0.362
2026-08-11 16:57:49,719 	Perf Stats: trainer.rollout_collect: 0.294 trainer.sample_action: 0.003 trainer.obs_insert: 0.000 trainer.step_env: 0.005 trainer.update_stats: 0.001 trainer.update_agent: 0.035
2026-08-11 16:57:52,833 update: 960	fps: 481.868	
2026-08-11 16:57:52,833 Num updates: 960	Num frames 153600
2026-08-11 16:57:52,833 Average window size: 50  distance_to_goal: 0.990  distance_to_goal_reward: 0.000  reward: 2.600  spl: 0.333  success: 0.421
2026-08-11 16:57:52,833 	Perf Stats: trainer.rollout_collect: 0.294 trainer.sample_action: 0.003 trainer.obs_insert: 0.000 trainer.step_env: 0.005 trainer.update_stats: 0.001 trainer.update_agent: 0.035
PluginManager::Manager: duplicate static plugin StbImageImporter, ignoring
PluginManager::Manager: duplicate static plugin GltfImporter, ignoring
PluginManager::Manager: duplicate static plugin BasisImporter, ignoring
PluginManager::Manager: duplicate static plugin AssimpImporter, ignoring
PluginManager::Manager: duplicate static plugin AnySceneImporter, ignoring
PluginManager::Manager: duplicate static plugin AnyImageImporter, ignoring
Renderer: NVIDIA GeForce RTX 4070/PCIe/SSE2 by NVIDIA Corporation
OpenGL version: 4.6.0 NVIDIA 580.173.02
Using optional features:
    GL_ARB_vertex_array_object
    GL_ARB_separate_shader_objects
    GL_ARB_robustness
    GL_ARB_texture_storage
    GL_ARB_texture_view
    GL_ARB_framebuffer_no_attachments
    GL_ARB_invalidate_subdata
    GL_ARB_texture_storage_multisample
    GL_ARB_multi_bind
    GL_ARB_direct_state_access
    GL_ARB_get_texture_sub_image
    GL_ARB_texture_filter_anisotropic
    GL_KHR_debug
    GL_KHR_parallel_shader_compile
    GL_NV_depth_buffer_float
Using driver workarounds:
    no-forward-compatible-core-context
    nv-egl-incorrect-gl11-function-pointers
    no-layout-qualifiers-on-old-glsl
    nv-zero-context-profile-mask
    nv-implementation-color-read-format-dsa-broken
    nv-cubemap-inconsistent-compressed-image-size
    nv-cubemap-broken-full-compressed-image-query
    nv-compressed-block-size-in-bits
[16:57:53:387199]:[Warning]:[Scene] SemanticScene.h(331)::checkFileExists : ::loadSemanticSceneDescriptor: File `data/scene_datasets/habitat-test-scenes/van-gogh-room.scn` does not exist.  Aborting load.
[16:57:53:387215]:[Warning]:[Scene] SemanticScene.cpp(123)::loadSemanticSceneDescriptor : SSD File Naming Issue! Neither SemanticAttributes-provided name : `data/scene_datasets/habitat-test-scenes/van-gogh-room.scn` nor constructed filename : `data/scene_datasets/habitat-test-scenes/info_semantic.json` exist on disk.
[16:57:53:387220]:[Error]:[Scene] SemanticScene.cpp(139)::loadSemanticSceneDescriptor : SSD Load Failure! File with SemanticAttributes-provided name `data/scene_datasets/habitat-test-scenes/van-gogh-room.scn` exists but failed to load.
[16:57:53:844650]:[Warning]:[Sim] Simulator.cpp(595)::instanceStageForSceneAttributes : The active scene does not contain semantic annotations : activeSemanticSceneID_ = 0
2026-08-11 16:57:56,401 update: 970	fps: 481.498	
2026-08-11 16:57:56,401 Num updates: 970	Num frames 155200
2026-08-11 16:57:56,401 Average window size: 50  distance_to_goal: 0.979  distance_to_goal_reward: 0.000  reward: 2.780  spl: 0.395  success: 0.500
2026-08-11 16:57:56,401 	Perf Stats: trainer.rollout_collect: 0.294 trainer.sample_action: 0.003 trainer.obs_insert: 0.000 trainer.step_env: 0.005 trainer.update_stats: 0.001 trainer.update_agent: 0.035
PluginManager::Manager: duplicate static plugin StbImageImporter, ignoring
PluginManager::Manager: duplicate static plugin GltfImporter, ignoring
PluginManager::Manager: duplicate static plugin BasisImporter, ignoring
PluginManager::Manager: duplicate static plugin AssimpImporter, ignoring
PluginManager::Manager: duplicate static plugin AnySceneImporter, ignoring
PluginManager::Manager: duplicate static plugin AnyImageImporter, ignoring
Renderer: NVIDIA GeForce RTX 4070/PCIe/SSE2 by NVIDIA Corporation
OpenGL version: 4.6.0 NVIDIA 580.173.02
Using optional features:
    GL_ARB_vertex_array_object
    GL_ARB_separate_shader_objects
    GL_ARB_robustness
    GL_ARB_texture_storage
    GL_ARB_texture_view
    GL_ARB_framebuffer_no_attachments
    GL_ARB_invalidate_subdata
    GL_ARB_texture_storage_multisample
    GL_ARB_multi_bind
    GL_ARB_direct_state_access
    GL_ARB_get_texture_sub_image
    GL_ARB_texture_filter_anisotropic
    GL_KHR_debug
    GL_KHR_parallel_shader_compile
    GL_NV_depth_buffer_float
Using driver workarounds:
    no-forward-compatible-core-context
    nv-egl-incorrect-gl11-function-pointers
    no-layout-qualifiers-on-old-glsl
    nv-zero-context-profile-mask
    nv-implementation-color-read-format-dsa-broken
    nv-cubemap-inconsistent-compressed-image-size
    nv-cubemap-broken-full-compressed-image-query
    nv-compressed-block-size-in-bits
[16:57:56:913423]:[Warning]:[Scene] SemanticScene.h(331)::checkFileExists : ::loadSemanticSceneDescriptor: File `data/scene_datasets/habitat-test-scenes/van-gogh-room.scn` does not exist.  Aborting load.
[16:57:56:913439]:[Warning]:[Scene] SemanticScene.cpp(123)::loadSemanticSceneDescriptor : SSD File Naming Issue! Neither SemanticAttributes-provided name : `data/scene_datasets/habitat-test-scenes/van-gogh-room.scn` nor constructed filename : `data/scene_datasets/habitat-test-scenes/info_semantic.json` exist on disk.
[16:57:56:913443]:[Error]:[Scene] SemanticScene.cpp(139)::loadSemanticSceneDescriptor : SSD Load Failure! File with SemanticAttributes-provided name `data/scene_datasets/habitat-test-scenes/van-gogh-room.scn` exists but failed to load.
[16:57:57:367619]:[Warning]:[Sim] Simulator.cpp(595)::instanceStageForSceneAttributes : The active scene does not contain semantic annotations : activeSemanticSceneID_ = 0
2026-08-11 16:57:59,901 update: 980	fps: 481.237	
2026-08-11 16:57:59,901 Num updates: 980	Num frames 156800
2026-08-11 16:57:59,902 Average window size: 50  distance_to_goal: 0.900  distance_to_goal_reward: 0.000  reward: 2.852  spl: 0.447  success: 0.564
2026-08-11 16:57:59,902 	Perf Stats: trainer.rollout_collect: 0.295 trainer.sample_action: 0.003 trainer.obs_insert: 0.000 trainer.step_env: 0.005 trainer.update_stats: 0.001 trainer.update_agent: 0.035
2026-08-11 16:58:02,914 update: 990	fps: 481.693	
2026-08-11 16:58:02,914 Num updates: 990	Num frames 158400
2026-08-11 16:58:02,914 Average window size: 50  distance_to_goal: 0.653  distance_to_goal_reward: 0.000  reward: 2.832  spl: 0.488  success: 0.624
2026-08-11 16:58:02,914 	Perf Stats: trainer.rollout_collect: 0.294 trainer.sample_action: 0.003 trainer.obs_insert: 0.000 trainer.step_env: 0.005 trainer.update_stats: 0.001 trainer.update_agent: 0.035
2026-08-11 16:58:05,984 update: 1000	fps: 482.058	
2026-08-11 16:58:05,984 Num updates: 1000	Num frames 160000
2026-08-11 16:58:05,984 Average window size: 50  distance_to_goal: 0.654  distance_to_goal_reward: 0.000  reward: 2.731  spl: 0.486  success: 0.636
2026-08-11 16:58:05,984 	Perf Stats: trainer.rollout_collect: 0.294 trainer.sample_action: 0.003 trainer.obs_insert: 0.000 trainer.step_env: 0.005 trainer.update_stats: 0.001 trainer.update_agent: 0.035
PluginManager::Manager: duplicate static plugin StbImageImporter, ignoring
PluginManager::Manager: duplicate static plugin GltfImporter, ignoring
PluginManager::Manager: duplicate static plugin BasisImporter, ignoring
PluginManager::Manager: duplicate static plugin AssimpImporter, ignoring
PluginManager::Manager: duplicate static plugin AnySceneImporter, ignoring
PluginManager::Manager: duplicate static plugin AnyImageImporter, ignoring
Renderer: NVIDIA GeForce RTX 4070/PCIe/SSE2 by NVIDIA Corporation
OpenGL version: 4.6.0 NVIDIA 580.173.02
Using optional features:
    GL_ARB_vertex_array_object
    GL_ARB_separate_shader_objects
    GL_ARB_robustness
    GL_ARB_texture_storage
    GL_ARB_texture_view
    GL_ARB_framebuffer_no_attachments
    GL_ARB_invalidate_subdata
    GL_ARB_texture_storage_multisample
    GL_ARB_multi_bind
    GL_ARB_direct_state_access
    GL_ARB_get_texture_sub_image
    GL_ARB_texture_filter_anisotropic
    GL_KHR_debug
    GL_KHR_parallel_shader_compile
    GL_NV_depth_buffer_float
Using driver workarounds:
    no-forward-compatible-core-context
    nv-egl-incorrect-gl11-function-pointers
    no-layout-qualifiers-on-old-glsl
    nv-zero-context-profile-mask
    nv-implementation-color-read-format-dsa-broken
    nv-cubemap-inconsistent-compressed-image-size
    nv-cubemap-broken-full-compressed-image-query
    nv-compressed-block-size-in-bits
[16:58:06:058145]:[Warning]:[Scene] SemanticScene.h(331)::checkFileExists : ::loadSemanticSceneDescriptor: File `data/scene_datasets/habitat-test-scenes/skokloster-castle.scn` does not exist.  Aborting load.
[16:58:06:058163]:[Warning]:[Scene] SemanticScene.cpp(123)::loadSemanticSceneDescriptor : SSD File Naming Issue! Neither SemanticAttributes-provided name : `data/scene_datasets/habitat-test-scenes/skokloster-castle.scn` nor constructed filename : `data/scene_datasets/habitat-test-scenes/info_semantic.json` exist on disk.
[16:58:06:058168]:[Error]:[Scene] SemanticScene.cpp(139)::loadSemanticSceneDescriptor : SSD Load Failure! File with SemanticAttributes-provided name `data/scene_datasets/habitat-test-scenes/skokloster-castle.scn` exists but failed to load.
[16:58:06:667385]:[Warning]:[Sim] Simulator.cpp(595)::instanceStageForSceneAttributes : The active scene does not contain semantic annotations : activeSemanticSceneID_ = 0
2026-08-11 16:58:09,663 update: 1010	fps: 481.541	
2026-08-11 16:58:09,664 Num updates: 1010	Num frames 161600
2026-08-11 16:58:09,664 Average window size: 50  distance_to_goal: 0.640  distance_to_goal_reward: 0.001  reward: 2.744  spl: 0.484  success: 0.632
2026-08-11 16:58:09,664 	Perf Stats: trainer.rollout_collect: 0.294 trainer.sample_action: 0.003 trainer.obs_insert: 0.000 trainer.step_env: 0.005 trainer.update_stats: 0.001 trainer.update_agent: 0.035
2026-08-11 16:58:12,690 update: 1020	fps: 481.962	
2026-08-11 16:58:12,690 Num updates: 1020	Num frames 163200
2026-08-11 16:58:12,690 Average window size: 50  distance_to_goal: 0.627  distance_to_goal_reward: 0.000  reward: 2.594  spl: 0.452  success: 0.589
2026-08-11 16:58:12,690 	Perf Stats: trainer.rollout_collect: 0.294 trainer.sample_action: 0.003 trainer.obs_insert: 0.000 trainer.step_env: 0.005 trainer.update_stats: 0.001 trainer.update_agent: 0.035
2026-08-11 16:58:15,762 update: 1030	fps: 482.312	
2026-08-11 16:58:15,762 Num updates: 1030	Num frames 164800
2026-08-11 16:58:15,762 Average window size: 50  distance_to_goal: 0.612  distance_to_goal_reward: 0.000  reward: 2.715  spl: 0.470  success: 0.614
2026-08-11 16:58:15,762 	Perf Stats: trainer.rollout_collect: 0.294 trainer.sample_action: 0.003 trainer.obs_insert: 0.000 trainer.step_env: 0.005 trainer.update_stats: 0.001 trainer.update_agent: 0.035
2026-08-11 16:58:18,857 update: 1040	fps: 482.622	
2026-08-11 16:58:18,857 Num updates: 1040	Num frames 166400
2026-08-11 16:58:18,857 Average window size: 50  distance_to_goal: 0.735  distance_to_goal_reward: 0.000  reward: 2.662  spl: 0.484  success: 0.609
2026-08-11 16:58:18,857 	Perf Stats: trainer.rollout_collect: 0.294 trainer.sample_action: 0.003 trainer.obs_insert: 0.000 trainer.step_env: 0.005 trainer.update_stats: 0.001 trainer.update_agent: 0.035
2026-08-11 16:58:21,937 update: 1050	fps: 482.949	
2026-08-11 16:58:21,937 Num updates: 1050	Num frames 168000
2026-08-11 16:58:21,937 Average window size: 50  distance_to_goal: 0.721  distance_to_goal_reward: 0.000  reward: 2.771  spl: 0.490  success: 0.607
2026-08-11 16:58:21,937 	Perf Stats: trainer.rollout_collect: 0.293 trainer.sample_action: 0.003 trainer.obs_insert: 0.000 trainer.step_env: 0.005 trainer.update_stats: 0.001 trainer.update_agent: 0.035
2026-08-11 16:58:25,010 update: 1060	fps: 483.279	
2026-08-11 16:58:25,011 Num updates: 1060	Num frames 169600
2026-08-11 16:58:25,011 Average window size: 50  distance_to_goal: 0.565  distance_to_goal_reward: 0.000  reward: 2.992  spl: 0.503  success: 0.632
2026-08-11 16:58:25,011 	Perf Stats: trainer.rollout_collect: 0.293 trainer.sample_action: 0.003 trainer.obs_insert: 0.000 trainer.step_env: 0.005 trainer.update_stats: 0.001 trainer.update_agent: 0.035
2026-08-11 16:58:28,086 update: 1070	fps: 483.599	
2026-08-11 16:58:28,086 Num updates: 1070	Num frames 171200
2026-08-11 16:58:28,086 Average window size: 50  distance_to_goal: 0.522  distance_to_goal_reward: -0.001  reward: 3.135  spl: 0.529  success: 0.656
2026-08-11 16:58:28,086 	Perf Stats: trainer.rollout_collect: 0.293 trainer.sample_action: 0.003 trainer.obs_insert: 0.000 trainer.step_env: 0.005 trainer.update_stats: 0.001 trainer.update_agent: 0.035
2026-08-11 16:58:31,158 update: 1080	fps: 483.920	
2026-08-11 16:58:31,158 Num updates: 1080	Num frames 172800
2026-08-11 16:58:31,158 Average window size: 50  distance_to_goal: 0.503  distance_to_goal_reward: -0.001  reward: 3.222  spl: 0.552  success: 0.682
2026-08-11 16:58:31,158 	Perf Stats: trainer.rollout_collect: 0.293 trainer.sample_action: 0.003 trainer.obs_insert: 0.000 trainer.step_env: 0.005 trainer.update_stats: 0.001 trainer.update_agent: 0.035
2026-08-11 16:58:34,238 update: 1090	fps: 484.224	
2026-08-11 16:58:34,238 Num updates: 1090	Num frames 174400
2026-08-11 16:58:34,238 Average window size: 50  distance_to_goal: 0.471  distance_to_goal_reward: 0.000  reward: 3.292  spl: 0.576  success: 0.716
2026-08-11 16:58:34,239 	Perf Stats: trainer.rollout_collect: 0.293 trainer.sample_action: 0.003 trainer.obs_insert: 0.000 trainer.step_env: 0.005 trainer.update_stats: 0.001 trainer.update_agent: 0.035
2026-08-11 16:58:37,359 update: 1100	fps: 484.469	
2026-08-11 16:58:37,359 Num updates: 1100	Num frames 176000
2026-08-11 16:58:37,359 Average window size: 50  distance_to_goal: 0.547  distance_to_goal_reward: 0.000  reward: 3.359  spl: 0.576  success: 0.719
2026-08-11 16:58:37,359 	Perf Stats: trainer.rollout_collect: 0.292 trainer.sample_action: 0.003 trainer.obs_insert: 0.000 trainer.step_env: 0.005 trainer.update_stats: 0.001 trainer.update_agent: 0.035
2026-08-11 16:58:40,405 update: 1110	fps: 484.807	
2026-08-11 16:58:40,406 Num updates: 1110	Num frames 177600
2026-08-11 16:58:40,406 Average window size: 50  distance_to_goal: 0.711  distance_to_goal_reward: -0.000  reward: 3.112  spl: 0.538  success: 0.682
2026-08-11 16:58:40,406 	Perf Stats: trainer.rollout_collect: 0.292 trainer.sample_action: 0.003 trainer.obs_insert: 0.000 trainer.step_env: 0.005 trainer.update_stats: 0.001 trainer.update_agent: 0.035
2026-08-11 16:58:43,465 update: 1120	fps: 485.123	
2026-08-11 16:58:43,465 Num updates: 1120	Num frames 179200
2026-08-11 16:58:43,465 Average window size: 50  distance_to_goal: 0.631  distance_to_goal_reward: 0.001  reward: 3.341  spl: 0.536  success: 0.703
2026-08-11 16:58:43,465 	Perf Stats: trainer.rollout_collect: 0.292 trainer.sample_action: 0.003 trainer.obs_insert: 0.000 trainer.step_env: 0.005 trainer.update_stats: 0.001 trainer.update_agent: 0.035
2026-08-11 16:58:46,553 update: 1130	fps: 485.397	
2026-08-11 16:58:46,553 Num updates: 1130	Num frames 180800
2026-08-11 16:58:46,553 Average window size: 50  distance_to_goal: 0.527  distance_to_goal_reward: 0.001  reward: 3.626  spl: 0.556  success: 0.738
2026-08-11 16:58:46,553 	Perf Stats: trainer.rollout_collect: 0.292 trainer.sample_action: 0.003 trainer.obs_insert: 0.000 trainer.step_env: 0.005 trainer.update_stats: 0.001 trainer.update_agent: 0.035
2026-08-11 16:58:49,625 update: 1140	fps: 485.686	
2026-08-11 16:58:49,625 Num updates: 1140	Num frames 182400
2026-08-11 16:58:49,625 Average window size: 50  distance_to_goal: 0.420  distance_to_goal_reward: -0.000  reward: 3.785  spl: 0.588  success: 0.774
2026-08-11 16:58:49,625 	Perf Stats: trainer.rollout_collect: 0.292 trainer.sample_action: 0.003 trainer.obs_insert: 0.000 trainer.step_env: 0.005 trainer.update_stats: 0.001 trainer.update_agent: 0.035
2026-08-11 16:58:52,692 update: 1150	fps: 485.978	
2026-08-11 16:58:52,693 Num updates: 1150	Num frames 184000
2026-08-11 16:58:52,693 Average window size: 50  distance_to_goal: 0.436  distance_to_goal_reward: 0.000  reward: 3.713  spl: 0.625  success: 0.803
2026-08-11 16:58:52,693 	Perf Stats: trainer.rollout_collect: 0.291 trainer.sample_action: 0.003 trainer.obs_insert: 0.000 trainer.step_env: 0.005 trainer.update_stats: 0.001 trainer.update_agent: 0.035
2026-08-11 16:58:55,715 update: 1160	fps: 486.322	
2026-08-11 16:58:55,715 Num updates: 1160	Num frames 185600
2026-08-11 16:58:55,715 Average window size: 50  distance_to_goal: 0.382  distance_to_goal_reward: 0.000  reward: 3.720  spl: 0.659  success: 0.843
2026-08-11 16:58:55,715 	Perf Stats: trainer.rollout_collect: 0.291 trainer.sample_action: 0.003 trainer.obs_insert: 0.000 trainer.step_env: 0.005 trainer.update_stats: 0.001 trainer.update_agent: 0.035
2026-08-11 16:58:58,731 update: 1170	fps: 486.667	
2026-08-11 16:58:58,731 Num updates: 1170	Num frames 187200
2026-08-11 16:58:58,732 Average window size: 50  distance_to_goal: 0.577  distance_to_goal_reward: -0.001  reward: 3.260  spl: 0.659  success: 0.843
2026-08-11 16:58:58,732 	Perf Stats: trainer.rollout_collect: 0.291 trainer.sample_action: 0.003 trainer.obs_insert: 0.000 trainer.step_env: 0.005 trainer.update_stats: 0.001 trainer.update_agent: 0.035
2026-08-11 16:59:01,749 update: 1180	fps: 487.006	
2026-08-11 16:59:01,749 Num updates: 1180	Num frames 188800
2026-08-11 16:59:01,749 Average window size: 50  distance_to_goal: 0.692  distance_to_goal_reward: -0.002  reward: 2.748  spl: 0.620  success: 0.803
2026-08-11 16:59:01,749 	Perf Stats: trainer.rollout_collect: 0.291 trainer.sample_action: 0.003 trainer.obs_insert: 0.000 trainer.step_env: 0.005 trainer.update_stats: 0.001 trainer.update_agent: 0.035
2026-08-11 16:59:04,746 update: 1190	fps: 487.365	
2026-08-11 16:59:04,747 Num updates: 1190	Num frames 190400
2026-08-11 16:59:04,747 Average window size: 50  distance_to_goal: 1.037  distance_to_goal_reward: -0.006  reward: 1.817  spl: 0.522  success: 0.711
2026-08-11 16:59:04,747 	Perf Stats: trainer.rollout_collect: 0.290 trainer.sample_action: 0.003 trainer.obs_insert: 0.000 trainer.step_env: 0.005 trainer.update_stats: 0.001 trainer.update_agent: 0.035
PluginManager::Manager: duplicate static plugin StbImageImporter, ignoring
PluginManager::Manager: duplicate static plugin GltfImporter, ignoring
PluginManager::Manager: duplicate static plugin BasisImporter, ignoring
PluginManager::Manager: duplicate static plugin AssimpImporter, ignoring
PluginManager::Manager: duplicate static plugin AnySceneImporter, ignoring
PluginManager::Manager: duplicate static plugin AnyImageImporter, ignoring
Renderer: NVIDIA GeForce RTX 4070/PCIe/SSE2 by NVIDIA Corporation
OpenGL version: 4.6.0 NVIDIA 580.173.02
Using optional features:
    GL_ARB_vertex_array_object
    GL_ARB_separate_shader_objects
    GL_ARB_robustness
    GL_ARB_texture_storage
    GL_ARB_texture_view
    GL_ARB_framebuffer_no_attachments
    GL_ARB_invalidate_subdata
    GL_ARB_texture_storage_multisample
    GL_ARB_multi_bind
    GL_ARB_direct_state_access
    GL_ARB_get_texture_sub_image
    GL_ARB_texture_filter_anisotropic
    GL_KHR_debug
    GL_KHR_parallel_shader_compile
    GL_NV_depth_buffer_float
Using driver workarounds:
    no-forward-compatible-core-context
    nv-egl-incorrect-gl11-function-pointers
    no-layout-qualifiers-on-old-glsl
    nv-zero-context-profile-mask
    nv-implementation-color-read-format-dsa-broken
    nv-cubemap-inconsistent-compressed-image-size
    nv-cubemap-broken-full-compressed-image-query
    nv-compressed-block-size-in-bits
[16:59:07:213050]:[Warning]:[Scene] SemanticScene.h(331)::checkFileExists : ::loadSemanticSceneDescriptor: File `data/scene_datasets/habitat-test-scenes/skokloster-castle.scn` does not exist.  Aborting load.
[16:59:07:213066]:[Warning]:[Scene] SemanticScene.cpp(123)::loadSemanticSceneDescriptor : SSD File Naming Issue! Neither SemanticAttributes-provided name : `data/scene_datasets/habitat-test-scenes/skokloster-castle.scn` nor constructed filename : `data/scene_datasets/habitat-test-scenes/info_semantic.json` exist on disk.
[16:59:07:213072]:[Error]:[Scene] SemanticScene.cpp(139)::loadSemanticSceneDescriptor : SSD Load Failure! File with SemanticAttributes-provided name `data/scene_datasets/habitat-test-scenes/skokloster-castle.scn` exists but failed to load.
[16:59:07:819845]:[Warning]:[Sim] Simulator.cpp(595)::instanceStageForSceneAttributes : The active scene does not contain semantic annotations : activeSemanticSceneID_ = 0
2026-08-11 16:59:08,491 update: 1200	fps: 486.795	
2026-08-11 16:59:08,491 Num updates: 1200	Num frames 192000
2026-08-11 16:59:08,491 Average window size: 50  distance_to_goal: 0.914  distance_to_goal_reward: -0.010  reward: -0.004  spl: 0.237  success: 0.417
2026-08-11 16:59:08,491 	Perf Stats: trainer.rollout_collect: 0.291 trainer.sample_action: 0.003 trainer.obs_insert: 0.000 trainer.step_env: 0.005 trainer.update_stats: 0.001 trainer.update_agent: 0.035
2026-08-11 16:59:11,560 update: 1210	fps: 487.062	
2026-08-11 16:59:11,560 Num updates: 1210	Num frames 193600
2026-08-11 16:59:11,560 Average window size: 50  distance_to_goal: 1.753  distance_to_goal_reward: 0.007  reward: -1.028  spl: 0.125  success: 0.250
2026-08-11 16:59:11,560 	Perf Stats: trainer.rollout_collect: 0.291 trainer.sample_action: 0.003 trainer.obs_insert: 0.000 trainer.step_env: 0.005 trainer.update_stats: 0.001 trainer.update_agent: 0.035
2026-08-11 16:59:14,626 update: 1220	fps: 487.327	
2026-08-11 16:59:14,626 Num updates: 1220	Num frames 195200
2026-08-11 16:59:14,626 Average window size: 50  distance_to_goal: 1.451  distance_to_goal_reward: 0.007  reward: -0.958  spl: 0.006  success: 0.067
2026-08-11 16:59:14,626 	Perf Stats: trainer.rollout_collect: 0.290 trainer.sample_action: 0.003 trainer.obs_insert: 0.000 trainer.step_env: 0.005 trainer.update_stats: 0.001 trainer.update_agent: 0.035
2026-08-11 16:59:17,700 update: 1230	fps: 487.580	
2026-08-11 16:59:17,700 Num updates: 1230	Num frames 196800
2026-08-11 16:59:17,700 Average window size: 50  distance_to_goal: 1.485  distance_to_goal_reward: 0.007  reward: -0.948  spl: 0.000  success: 0.000
2026-08-11 16:59:17,700 	Perf Stats: trainer.rollout_collect: 0.290 trainer.sample_action: 0.003 trainer.obs_insert: 0.000 trainer.step_env: 0.005 trainer.update_stats: 0.001 trainer.update_agent: 0.035
PluginManager::Manager: duplicate static plugin StbImageImporter, ignoring
PluginManager::Manager: duplicate static plugin GltfImporter, ignoring
PluginManager::Manager: duplicate static plugin BasisImporter, ignoring
PluginManager::Manager: duplicate static plugin AssimpImporter, ignoring
PluginManager::Manager: duplicate static plugin AnySceneImporter, ignoring
PluginManager::Manager: duplicate static plugin AnyImageImporter, ignoring
Renderer: NVIDIA GeForce RTX 4070/PCIe/SSE2 by NVIDIA Corporation
OpenGL version: 4.6.0 NVIDIA 580.173.02
Using optional features:
    GL_ARB_vertex_array_object
    GL_ARB_separate_shader_objects
    GL_ARB_robustness
    GL_ARB_texture_storage
    GL_ARB_texture_view
    GL_ARB_framebuffer_no_attachments
    GL_ARB_invalidate_subdata
    GL_ARB_texture_storage_multisample
    GL_ARB_multi_bind
    GL_ARB_direct_state_access
    GL_ARB_get_texture_sub_image
    GL_ARB_texture_filter_anisotropic
    GL_KHR_debug
    GL_KHR_parallel_shader_compile
    GL_NV_depth_buffer_float
Using driver workarounds:
    no-forward-compatible-core-context
    nv-egl-incorrect-gl11-function-pointers
    no-layout-qualifiers-on-old-glsl
    nv-zero-context-profile-mask
    nv-implementation-color-read-format-dsa-broken
    nv-cubemap-inconsistent-compressed-image-size
    nv-cubemap-broken-full-compressed-image-query
    nv-compressed-block-size-in-bits
[16:59:19:750919]:[Warning]:[Scene] SemanticScene.h(331)::checkFileExists : ::loadSemanticSceneDescriptor: File `data/scene_datasets/habitat-test-scenes/van-gogh-room.scn` does not exist.  Aborting load.
[16:59:19:750935]:[Warning]:[Scene] SemanticScene.cpp(123)::loadSemanticSceneDescriptor : SSD File Naming Issue! Neither SemanticAttributes-provided name : `data/scene_datasets/habitat-test-scenes/van-gogh-room.scn` nor constructed filename : `data/scene_datasets/habitat-test-scenes/info_semantic.json` exist on disk.
[16:59:19:750940]:[Error]:[Scene] SemanticScene.cpp(139)::loadSemanticSceneDescriptor : SSD Load Failure! File with SemanticAttributes-provided name `data/scene_datasets/habitat-test-scenes/van-gogh-room.scn` exists but failed to load.
[16:59:20:190661]:[Warning]:[Sim] Simulator.cpp(595)::instanceStageForSceneAttributes : The active scene does not contain semantic annotations : activeSemanticSceneID_ = 0
PluginManager::Manager: duplicate static plugin StbImageImporter, ignoring
PluginManager::Manager: duplicate static plugin GltfImporter, ignoring
PluginManager::Manager: duplicate static plugin BasisImporter, ignoring
PluginManager::Manager: duplicate static plugin AssimpImporter, ignoring
PluginManager::Manager: duplicate static plugin AnySceneImporter, ignoring
PluginManager::Manager: duplicate static plugin AnyImageImporter, ignoring
Renderer: NVIDIA GeForce RTX 4070/PCIe/SSE2 by NVIDIA Corporation
OpenGL version: 4.6.0 NVIDIA 580.173.02
Using optional features:
    GL_ARB_vertex_array_object
    GL_ARB_separate_shader_objects
    GL_ARB_robustness
    GL_ARB_texture_storage
    GL_ARB_texture_view
    GL_ARB_framebuffer_no_attachments
    GL_ARB_invalidate_subdata
    GL_ARB_texture_storage_multisample
    GL_ARB_multi_bind
    GL_ARB_direct_state_access
    GL_ARB_get_texture_sub_image
    GL_ARB_texture_filter_anisotropic
    GL_KHR_debug
    GL_KHR_parallel_shader_compile
    GL_NV_depth_buffer_float
Using driver workarounds:
    no-forward-compatible-core-context
    nv-egl-incorrect-gl11-function-pointers
    no-layout-qualifiers-on-old-glsl
    nv-zero-context-profile-mask
    nv-implementation-color-read-format-dsa-broken
    nv-cubemap-inconsistent-compressed-image-size
    nv-cubemap-broken-full-compressed-image-query
    nv-compressed-block-size-in-bits
[16:59:20:355613]:[Warning]:[Scene] SemanticScene.h(331)::checkFileExists : ::loadSemanticSceneDescriptor: File `data/scene_datasets/habitat-test-scenes/skokloster-castle.scn` does not exist.  Aborting load.
[16:59:20:355629]:[Warning]:[Scene] SemanticScene.cpp(123)::loadSemanticSceneDescriptor : SSD File Naming Issue! Neither SemanticAttributes-provided name : `data/scene_datasets/habitat-test-scenes/skokloster-castle.scn` nor constructed filename : `data/scene_datasets/habitat-test-scenes/info_semantic.json` exist on disk.
[16:59:20:355634]:[Error]:[Scene] SemanticScene.cpp(139)::loadSemanticSceneDescriptor : SSD Load Failure! File with SemanticAttributes-provided name `data/scene_datasets/habitat-test-scenes/skokloster-castle.scn` exists but failed to load.
[16:59:20:964840]:[Warning]:[Sim] Simulator.cpp(595)::instanceStageForSceneAttributes : The active scene does not contain semantic annotations : activeSemanticSceneID_ = 0
2026-08-11 16:59:21,871 update: 1240	fps: 486.516	
2026-08-11 16:59:21,871 Num updates: 1240	Num frames 198400
2026-08-11 16:59:21,871 Average window size: 50  distance_to_goal: 1.115  distance_to_goal_reward: 0.008  reward: 1.548  spl: 0.153  success: 0.310
2026-08-11 16:59:21,872 	Perf Stats: trainer.rollout_collect: 0.291 trainer.sample_action: 0.003 trainer.obs_insert: 0.000 trainer.step_env: 0.005 trainer.update_stats: 0.001 trainer.update_agent: 0.035
2026-08-11 16:59:24,977 update: 1250	fps: 486.734	
2026-08-11 16:59:24,977 Num updates: 1250	Num frames 200000
2026-08-11 16:59:24,977 Average window size: 50  distance_to_goal: 1.524  distance_to_goal_reward: 0.005  reward: 2.236  spl: 0.208  success: 0.370
2026-08-11 16:59:24,977 	Perf Stats: trainer.rollout_collect: 0.291 trainer.sample_action: 0.003 trainer.obs_insert: 0.000 trainer.step_env: 0.005 trainer.update_stats: 0.001 trainer.update_agent: 0.035
2026-08-11 16:59:28,142 update: 1260	fps: 486.877	
2026-08-11 16:59:28,142 Num updates: 1260	Num frames 201600
2026-08-11 16:59:28,142 Average window size: 50  distance_to_goal: 0.916  distance_to_goal_reward: 0.000  reward: 2.699  spl: 0.260  success: 0.443
2026-08-11 16:59:28,142 	Perf Stats: trainer.rollout_collect: 0.291 trainer.sample_action: 0.003 trainer.obs_insert: 0.000 trainer.step_env: 0.005 trainer.update_stats: 0.001 trainer.update_agent: 0.035
2026-08-11 16:59:31,230 update: 1270	fps: 487.119	
2026-08-11 16:59:31,230 Num updates: 1270	Num frames 203200
2026-08-11 16:59:31,230 Average window size: 50  distance_to_goal: 1.114  distance_to_goal_reward: 0.000  reward: 3.054  spl: 0.305  success: 0.493
2026-08-11 16:59:31,231 	Perf Stats: trainer.rollout_collect: 0.291 trainer.sample_action: 0.003 trainer.obs_insert: 0.000 trainer.step_env: 0.005 trainer.update_stats: 0.001 trainer.update_agent: 0.035
2026-08-11 16:59:34,336 update: 1280	fps: 487.316	
2026-08-11 16:59:34,336 Num updates: 1280	Num frames 204800
2026-08-11 16:59:34,336 Average window size: 50  distance_to_goal: 1.009  distance_to_goal_reward: -0.001  reward: 3.221  spl: 0.394  success: 0.578
2026-08-11 16:59:34,336 	Perf Stats: trainer.rollout_collect: 0.290 trainer.sample_action: 0.003 trainer.obs_insert: 0.000 trainer.step_env: 0.005 trainer.update_stats: 0.001 trainer.update_agent: 0.035
2026-08-11 16:59:37,419 update: 1290	fps: 487.546	
2026-08-11 16:59:37,419 Num updates: 1290	Num frames 206400
2026-08-11 16:59:37,419 Average window size: 50  distance_to_goal: 1.015  distance_to_goal_reward: -0.001  reward: 3.367  spl: 0.441  success: 0.600
2026-08-11 16:59:37,419 	Perf Stats: trainer.rollout_collect: 0.290 trainer.sample_action: 0.003 trainer.obs_insert: 0.000 trainer.step_env: 0.005 trainer.update_stats: 0.001 trainer.update_agent: 0.035
2026-08-11 16:59:40,584 update: 1300	fps: 487.679	
2026-08-11 16:59:40,584 Num updates: 1300	Num frames 208000
2026-08-11 16:59:40,585 Average window size: 50  distance_to_goal: 0.811  distance_to_goal_reward: -0.001  reward: 3.909  spl: 0.494  success: 0.653
2026-08-11 16:59:40,585 	Perf Stats: trainer.rollout_collect: 0.290 trainer.sample_action: 0.003 trainer.obs_insert: 0.000 trainer.step_env: 0.005 trainer.update_stats: 0.001 trainer.update_agent: 0.035
2026-08-11 16:59:43,692 update: 1310	fps: 487.875	
2026-08-11 16:59:43,692 Num updates: 1310	Num frames 209600
2026-08-11 16:59:43,692 Average window size: 50  distance_to_goal: 0.880  distance_to_goal_reward: -0.001  reward: 4.042  spl: 0.562  success: 0.718
2026-08-11 16:59:43,692 	Perf Stats: trainer.rollout_collect: 0.290 trainer.sample_action: 0.003 trainer.obs_insert: 0.000 trainer.step_env: 0.005 trainer.update_stats: 0.001 trainer.update_agent: 0.035
2026-08-11 16:59:46,777 update: 1320	fps: 488.094	
2026-08-11 16:59:46,786 Num updates: 1320	Num frames 211200
2026-08-11 16:59:46,786 Average window size: 50  distance_to_goal: 0.533  distance_to_goal_reward: -0.001  reward: 4.187  spl: 0.567  success: 0.719
2026-08-11 16:59:46,786 	Perf Stats: trainer.rollout_collect: 0.290 trainer.sample_action: 0.003 trainer.obs_insert: 0.000 trainer.step_env: 0.005 trainer.update_stats: 0.001 trainer.update_agent: 0.035
2026-08-11 16:59:49,881 update: 1330	fps: 488.289	
2026-08-11 16:59:49,882 Num updates: 1330	Num frames 212800
2026-08-11 16:59:49,882 Average window size: 50  distance_to_goal: 0.556  distance_to_goal_reward: 0.000  reward: 4.540  spl: 0.560  success: 0.741
2026-08-11 16:59:49,882 	Perf Stats: trainer.rollout_collect: 0.290 trainer.sample_action: 0.003 trainer.obs_insert: 0.000 trainer.step_env: 0.005 trainer.update_stats: 0.001 trainer.update_agent: 0.035
2026-08-11 16:59:52,957 update: 1340	fps: 488.513	
2026-08-11 16:59:52,957 Num updates: 1340	Num frames 214400
2026-08-11 16:59:52,957 Average window size: 50  distance_to_goal: 0.595  distance_to_goal_reward: 0.000  reward: 4.532  spl: 0.545  success: 0.734
2026-08-11 16:59:52,957 	Perf Stats: trainer.rollout_collect: 0.290 trainer.sample_action: 0.003 trainer.obs_insert: 0.000 trainer.step_env: 0.005 trainer.update_stats: 0.001 trainer.update_agent: 0.035
PluginManager::Manager: duplicate static plugin StbImageImporter, ignoring
PluginManager::Manager: duplicate static plugin GltfImporter, ignoring
PluginManager::Manager: duplicate static plugin BasisImporter, ignoring
PluginManager::Manager: duplicate static plugin AssimpImporter, ignoring
PluginManager::Manager: duplicate static plugin AnySceneImporter, ignoring
PluginManager::Manager: duplicate static plugin AnyImageImporter, ignoring
Renderer: NVIDIA GeForce RTX 4070/PCIe/SSE2 by NVIDIA Corporation
OpenGL version: 4.6.0 NVIDIA 580.173.02
Using optional features:
    GL_ARB_vertex_array_object
    GL_ARB_separate_shader_objects
    GL_ARB_robustness
    GL_ARB_texture_storage
    GL_ARB_texture_view
    GL_ARB_framebuffer_no_attachments
    GL_ARB_invalidate_subdata
    GL_ARB_texture_storage_multisample
    GL_ARB_multi_bind
    GL_ARB_direct_state_access
    GL_ARB_get_texture_sub_image
    GL_ARB_texture_filter_anisotropic
    GL_KHR_debug
    GL_KHR_parallel_shader_compile
    GL_NV_depth_buffer_float
Using driver workarounds:
    no-forward-compatible-core-context
    nv-egl-incorrect-gl11-function-pointers
    no-layout-qualifiers-on-old-glsl
    nv-zero-context-profile-mask
    nv-implementation-color-read-format-dsa-broken
    nv-cubemap-inconsistent-compressed-image-size
    nv-cubemap-broken-full-compressed-image-query
    nv-compressed-block-size-in-bits
[16:59:53:473457]:[Warning]:[Scene] SemanticScene.h(331)::checkFileExists : ::loadSemanticSceneDescriptor: File `data/scene_datasets/habitat-test-scenes/skokloster-castle.scn` does not exist.  Aborting load.
[16:59:53:473473]:[Warning]:[Scene] SemanticScene.cpp(123)::loadSemanticSceneDescriptor : SSD File Naming Issue! Neither SemanticAttributes-provided name : `data/scene_datasets/habitat-test-scenes/skokloster-castle.scn` nor constructed filename : `data/scene_datasets/habitat-test-scenes/info_semantic.json` exist on disk.
[16:59:53:473478]:[Error]:[Scene] SemanticScene.cpp(139)::loadSemanticSceneDescriptor : SSD Load Failure! File with SemanticAttributes-provided name `data/scene_datasets/habitat-test-scenes/skokloster-castle.scn` exists but failed to load.
[16:59:54:079547]:[Warning]:[Sim] Simulator.cpp(595)::instanceStageForSceneAttributes : The active scene does not contain semantic annotations : activeSemanticSceneID_ = 0
2026-08-11 16:59:56,702 update: 1350	fps: 487.994	
2026-08-11 16:59:56,703 Num updates: 1350	Num frames 216000
2026-08-11 16:59:56,703 Average window size: 50  distance_to_goal: 0.544  distance_to_goal_reward: 0.000  reward: 4.360  spl: 0.540  success: 0.729
2026-08-11 16:59:56,703 	Perf Stats: trainer.rollout_collect: 0.290 trainer.sample_action: 0.003 trainer.obs_insert: 0.000 trainer.step_env: 0.005 trainer.update_stats: 0.001 trainer.update_agent: 0.035
2026-08-11 16:59:59,847 update: 1360	fps: 488.141	
2026-08-11 16:59:59,847 Num updates: 1360	Num frames 217600
2026-08-11 16:59:59,847 Average window size: 50  distance_to_goal: 0.760  distance_to_goal_reward: 0.000  reward: 3.910  spl: 0.501  success: 0.676
2026-08-11 16:59:59,847 	Perf Stats: trainer.rollout_collect: 0.290 trainer.sample_action: 0.003 trainer.obs_insert: 0.000 trainer.step_env: 0.005 trainer.update_stats: 0.001 trainer.update_agent: 0.035
2026-08-11 17:00:03,011 update: 1370	fps: 488.265	
2026-08-11 17:00:03,011 Num updates: 1370	Num frames 219200
2026-08-11 17:00:03,011 Average window size: 50  distance_to_goal: 0.904  distance_to_goal_reward: 0.000  reward: 3.719  spl: 0.506  success: 0.677
2026-08-11 17:00:03,011 	Perf Stats: trainer.rollout_collect: 0.290 trainer.sample_action: 0.003 trainer.obs_insert: 0.000 trainer.step_env: 0.005 trainer.update_stats: 0.001 trainer.update_agent: 0.035
PluginManager::Manager: duplicate static plugin StbImageImporter, ignoring
PluginManager::Manager: duplicate static plugin GltfImporter, ignoring
PluginManager::Manager: duplicate static plugin BasisImporter, ignoring
PluginManager::Manager: duplicate static plugin AssimpImporter, ignoring
PluginManager::Manager: duplicate static plugin AnySceneImporter, ignoring
PluginManager::Manager: duplicate static plugin AnyImageImporter, ignoring
Renderer: NVIDIA GeForce RTX 4070/PCIe/SSE2 by NVIDIA Corporation
OpenGL version: 4.6.0 NVIDIA 580.173.02
Using optional features:
    GL_ARB_vertex_array_object
    GL_ARB_separate_shader_objects
    GL_ARB_robustness
    GL_ARB_texture_storage
    GL_ARB_texture_view
    GL_ARB_framebuffer_no_attachments
    GL_ARB_invalidate_subdata
    GL_ARB_texture_storage_multisample
    GL_ARB_multi_bind
    GL_ARB_direct_state_access
    GL_ARB_get_texture_sub_image
    GL_ARB_texture_filter_anisotropic
    GL_KHR_debug
    GL_KHR_parallel_shader_compile
    GL_NV_depth_buffer_float
Using driver workarounds:
    no-forward-compatible-core-context
    nv-egl-incorrect-gl11-function-pointers
    no-layout-qualifiers-on-old-glsl
    nv-zero-context-profile-mask
    nv-implementation-color-read-format-dsa-broken
    nv-cubemap-inconsistent-compressed-image-size
    nv-cubemap-broken-full-compressed-image-query
    nv-compressed-block-size-in-bits
[17:00:03:732104]:[Warning]:[Scene] SemanticScene.h(331)::checkFileExists : ::loadSemanticSceneDescriptor: File `data/scene_datasets/habitat-test-scenes/van-gogh-room.scn` does not exist.  Aborting load.
[17:00:03:732120]:[Warning]:[Scene] SemanticScene.cpp(123)::loadSemanticSceneDescriptor : SSD File Naming Issue! Neither SemanticAttributes-provided name : `data/scene_datasets/habitat-test-scenes/van-gogh-room.scn` nor constructed filename : `data/scene_datasets/habitat-test-scenes/info_semantic.json` exist on disk.
[17:00:03:732126]:[Error]:[Scene] SemanticScene.cpp(139)::loadSemanticSceneDescriptor : SSD Load Failure! File with SemanticAttributes-provided name `data/scene_datasets/habitat-test-scenes/van-gogh-room.scn` exists but failed to load.
[17:00:04:164085]:[Warning]:[Sim] Simulator.cpp(595)::instanceStageForSceneAttributes : The active scene does not contain semantic annotations : activeSemanticSceneID_ = 0
2026-08-11 17:00:06,589 update: 1380	fps: 487.939	
2026-08-11 17:00:06,590 Num updates: 1380	Num frames 220800
2026-08-11 17:00:06,590 Average window size: 50  distance_to_goal: 0.808  distance_to_goal_reward: 0.000  reward: 4.195  spl: 0.519  success: 0.649
2026-08-11 17:00:06,590 	Perf Stats: trainer.rollout_collect: 0.290 trainer.sample_action: 0.003 trainer.obs_insert: 0.000 trainer.step_env: 0.005 trainer.update_stats: 0.001 trainer.update_agent: 0.035
2026-08-11 17:00:09,685 update: 1390	fps: 488.135	
2026-08-11 17:00:09,686 Num updates: 1390	Num frames 222400
2026-08-11 17:00:09,686 Average window size: 50  distance_to_goal: 0.622  distance_to_goal_reward: 0.000  reward: 4.126  spl: 0.547  success: 0.689
2026-08-11 17:00:09,686 	Perf Stats: trainer.rollout_collect: 0.290 trainer.sample_action: 0.003 trainer.obs_insert: 0.000 trainer.step_env: 0.005 trainer.update_stats: 0.001 trainer.update_agent: 0.035
2026-08-11 17:00:12,850 update: 1400	fps: 488.256	
2026-08-11 17:00:12,850 Num updates: 1400	Num frames 224000
2026-08-11 17:00:12,850 Average window size: 50  distance_to_goal: 0.750  distance_to_goal_reward: 0.000  reward: 4.150  spl: 0.575  success: 0.714
2026-08-11 17:00:12,850 	Perf Stats: trainer.rollout_collect: 0.290 trainer.sample_action: 0.003 trainer.obs_insert: 0.000 trainer.step_env: 0.005 trainer.update_stats: 0.001 trainer.update_agent: 0.035
2026-08-11 17:00:15,916 update: 1410	fps: 488.479	
2026-08-11 17:00:15,916 Num updates: 1410	Num frames 225600
2026-08-11 17:00:15,916 Average window size: 50  distance_to_goal: 0.659  distance_to_goal_reward: 0.000  reward: 3.984  spl: 0.561  success: 0.702
2026-08-11 17:00:15,916 	Perf Stats: trainer.rollout_collect: 0.290 trainer.sample_action: 0.003 trainer.obs_insert: 0.000 trainer.step_env: 0.005 trainer.update_stats: 0.001 trainer.update_agent: 0.035
2026-08-11 17:00:18,974 update: 1420	fps: 488.707	
2026-08-11 17:00:18,974 Num updates: 1420	Num frames 227200
2026-08-11 17:00:18,974 Average window size: 50  distance_to_goal: 1.018  distance_to_goal_reward: 0.000  reward: 3.342  spl: 0.514  success: 0.644
2026-08-11 17:00:18,974 	Perf Stats: trainer.rollout_collect: 0.290 trainer.sample_action: 0.003 trainer.obs_insert: 0.000 trainer.step_env: 0.005 trainer.update_stats: 0.001 trainer.update_agent: 0.035
2026-08-11 17:00:22,055 update: 1430	fps: 488.908	
2026-08-11 17:00:22,056 Num updates: 1430	Num frames 228800
2026-08-11 17:00:22,056 Average window size: 50  distance_to_goal: 1.104  distance_to_goal_reward: 0.000  reward: 2.717  spl: 0.478  success: 0.617
2026-08-11 17:00:22,056 	Perf Stats: trainer.rollout_collect: 0.289 trainer.sample_action: 0.003 trainer.obs_insert: 0.000 trainer.step_env: 0.005 trainer.update_stats: 0.001 trainer.update_agent: 0.035
2026-08-11 17:00:25,150 update: 1440	fps: 489.093	
2026-08-11 17:00:25,151 Num updates: 1440	Num frames 230400
2026-08-11 17:00:25,151 Average window size: 50  distance_to_goal: 1.369  distance_to_goal_reward: 0.000  reward: 3.181  spl: 0.459  success: 0.580
2026-08-11 17:00:25,151 	Perf Stats: trainer.rollout_collect: 0.289 trainer.sample_action: 0.003 trainer.obs_insert: 0.000 trainer.step_env: 0.005 trainer.update_stats: 0.001 trainer.update_agent: 0.035
2026-08-11 17:00:28,265 update: 1450	fps: 489.254	
2026-08-11 17:00:28,265 Num updates: 1450	Num frames 232000
2026-08-11 17:00:28,265 Average window size: 50  distance_to_goal: 0.938  distance_to_goal_reward: 0.000  reward: 3.171  spl: 0.452  success: 0.593
2026-08-11 17:00:28,265 	Perf Stats: trainer.rollout_collect: 0.289 trainer.sample_action: 0.003 trainer.obs_insert: 0.000 trainer.step_env: 0.005 trainer.update_stats: 0.001 trainer.update_agent: 0.035
2026-08-11 17:00:31,377 update: 1460	fps: 489.416	
2026-08-11 17:00:31,377 Num updates: 1460	Num frames 233600
2026-08-11 17:00:31,377 Average window size: 50  distance_to_goal: 0.982  distance_to_goal_reward: 0.000  reward: 3.373  spl: 0.475  success: 0.627
2026-08-11 17:00:31,377 	Perf Stats: trainer.rollout_collect: 0.289 trainer.sample_action: 0.003 trainer.obs_insert: 0.000 trainer.step_env: 0.005 trainer.update_stats: 0.001 trainer.update_agent: 0.035
2026-08-11 17:00:34,471 update: 1470	fps: 489.595	
2026-08-11 17:00:34,471 Num updates: 1470	Num frames 235200
2026-08-11 17:00:34,471 Average window size: 50  distance_to_goal: 0.693  distance_to_goal_reward: 0.000  reward: 3.728  spl: 0.477  success: 0.628
2026-08-11 17:00:34,471 	Perf Stats: trainer.rollout_collect: 0.289 trainer.sample_action: 0.003 trainer.obs_insert: 0.000 trainer.step_env: 0.005 trainer.update_stats: 0.001 trainer.update_agent: 0.035
2026-08-11 17:00:37,563 update: 1480	fps: 489.774	
2026-08-11 17:00:37,563 Num updates: 1480	Num frames 236800
2026-08-11 17:00:37,563 Average window size: 50  distance_to_goal: 0.677  distance_to_goal_reward: 0.000  reward: 3.717  spl: 0.456  success: 0.613
2026-08-11 17:00:37,563 	Perf Stats: trainer.rollout_collect: 0.289 trainer.sample_action: 0.003 trainer.obs_insert: 0.000 trainer.step_env: 0.005 trainer.update_stats: 0.001 trainer.update_agent: 0.035
2026-08-11 17:00:40,669 update: 1490	fps: 489.935	
2026-08-11 17:00:40,670 Num updates: 1490	Num frames 238400
2026-08-11 17:00:40,670 Average window size: 50  distance_to_goal: 0.741  distance_to_goal_reward: 0.000  reward: 3.381  spl: 0.457  success: 0.629
2026-08-11 17:00:40,670 	Perf Stats: trainer.rollout_collect: 0.289 trainer.sample_action: 0.003 trainer.obs_insert: 0.000 trainer.step_env: 0.005 trainer.update_stats: 0.001 trainer.update_agent: 0.035
2026-08-11 17:00:43,865 update: 1500	fps: 490.005	
2026-08-11 17:00:43,865 Num updates: 1500	Num frames 240000
2026-08-11 17:00:43,865 Average window size: 50  distance_to_goal: 0.780  distance_to_goal_reward: -0.001  reward: 3.423  spl: 0.442  success: 0.610
2026-08-11 17:00:43,865 	Perf Stats: trainer.rollout_collect: 0.289 trainer.sample_action: 0.003 trainer.obs_insert: 0.000 trainer.step_env: 0.005 trainer.update_stats: 0.001 trainer.update_agent: 0.035
2026-08-11 17:00:46,988 update: 1510	fps: 490.146	
2026-08-11 17:00:46,989 Num updates: 1510	Num frames 241600
2026-08-11 17:00:46,989 Average window size: 50  distance_to_goal: 0.492  distance_to_goal_reward: -0.001  reward: 3.701  spl: 0.450  success: 0.632
2026-08-11 17:00:46,989 	Perf Stats: trainer.rollout_collect: 0.289 trainer.sample_action: 0.003 trainer.obs_insert: 0.000 trainer.step_env: 0.005 trainer.update_stats: 0.001 trainer.update_agent: 0.035
2026-08-11 17:00:50,093 update: 1520	fps: 490.304	
2026-08-11 17:00:50,093 Num updates: 1520	Num frames 243200
2026-08-11 17:00:50,093 Average window size: 50  distance_to_goal: 0.561  distance_to_goal_reward: -0.001  reward: 3.803  spl: 0.487  success: 0.685
2026-08-11 17:00:50,093 	Perf Stats: trainer.rollout_collect: 0.288 trainer.sample_action: 0.003 trainer.obs_insert: 0.000 trainer.step_env: 0.005 trainer.update_stats: 0.001 trainer.update_agent: 0.035
2026-08-11 17:00:53,214 update: 1530	fps: 490.444	
2026-08-11 17:00:53,214 Num updates: 1530	Num frames 244800
2026-08-11 17:00:53,214 Average window size: 50  distance_to_goal: 0.770  distance_to_goal_reward: -0.001  reward: 3.721  spl: 0.505  success: 0.682
2026-08-11 17:00:53,214 	Perf Stats: trainer.rollout_collect: 0.288 trainer.sample_action: 0.003 trainer.obs_insert: 0.000 trainer.step_env: 0.005 trainer.update_stats: 0.001 trainer.update_agent: 0.035
PluginManager::Manager: duplicate static plugin StbImageImporter, ignoring
PluginManager::Manager: duplicate static plugin GltfImporter, ignoring
PluginManager::Manager: duplicate static plugin BasisImporter, ignoring
PluginManager::Manager: duplicate static plugin AssimpImporter, ignoring
PluginManager::Manager: duplicate static plugin AnySceneImporter, ignoring
PluginManager::Manager: duplicate static plugin AnyImageImporter, ignoring
Renderer: NVIDIA GeForce RTX 4070/PCIe/SSE2 by NVIDIA Corporation
OpenGL version: 4.6.0 NVIDIA 580.173.02
Using optional features:
    GL_ARB_vertex_array_object
    GL_ARB_separate_shader_objects
    GL_ARB_robustness
    GL_ARB_texture_storage
    GL_ARB_texture_view
    GL_ARB_framebuffer_no_attachments
    GL_ARB_invalidate_subdata
    GL_ARB_texture_storage_multisample
    GL_ARB_multi_bind
    GL_ARB_direct_state_access
    GL_ARB_get_texture_sub_image
    GL_ARB_texture_filter_anisotropic
    GL_KHR_debug
    GL_KHR_parallel_shader_compile
    GL_NV_depth_buffer_float
Using driver workarounds:
    no-forward-compatible-core-context
    nv-egl-incorrect-gl11-function-pointers
    no-layout-qualifiers-on-old-glsl
    nv-zero-context-profile-mask
    nv-implementation-color-read-format-dsa-broken
    nv-cubemap-inconsistent-compressed-image-size
    nv-cubemap-broken-full-compressed-image-query
    nv-compressed-block-size-in-bits
[17:00:53:994857]:[Warning]:[Scene] SemanticScene.h(331)::checkFileExists : ::loadSemanticSceneDescriptor: File `data/scene_datasets/habitat-test-scenes/skokloster-castle.scn` does not exist.  Aborting load.
[17:00:53:994873]:[Warning]:[Scene] SemanticScene.cpp(123)::loadSemanticSceneDescriptor : SSD File Naming Issue! Neither SemanticAttributes-provided name : `data/scene_datasets/habitat-test-scenes/skokloster-castle.scn` nor constructed filename : `data/scene_datasets/habitat-test-scenes/info_semantic.json` exist on disk.
[17:00:53:994878]:[Error]:[Scene] SemanticScene.cpp(139)::loadSemanticSceneDescriptor : SSD Load Failure! File with SemanticAttributes-provided name `data/scene_datasets/habitat-test-scenes/skokloster-castle.scn` exists but failed to load.
[17:00:54:602402]:[Warning]:[Sim] Simulator.cpp(595)::instanceStageForSceneAttributes : The active scene does not contain semantic annotations : activeSemanticSceneID_ = 0
2026-08-11 17:00:56,968 update: 1540	fps: 489.964	
2026-08-11 17:00:56,969 Num updates: 1540	Num frames 246400
2026-08-11 17:00:56,969 Average window size: 50  distance_to_goal: 0.697  distance_to_goal_reward: -0.001  reward: 3.933  spl: 0.509  success: 0.675
2026-08-11 17:00:56,969 	Perf Stats: trainer.rollout_collect: 0.289 trainer.sample_action: 0.003 trainer.obs_insert: 0.000 trainer.step_env: 0.005 trainer.update_stats: 0.001 trainer.update_agent: 0.035
2026-08-11 17:01:00,119 update: 1550	fps: 490.075	
2026-08-11 17:01:00,120 Num updates: 1550	Num frames 248000
2026-08-11 17:01:00,120 Average window size: 50  distance_to_goal: 0.809  distance_to_goal_reward: 0.000  reward: 4.125  spl: 0.526  success: 0.687
2026-08-11 17:01:00,120 	Perf Stats: trainer.rollout_collect: 0.289 trainer.sample_action: 0.003 trainer.obs_insert: 0.000 trainer.step_env: 0.005 trainer.update_stats: 0.001 trainer.update_agent: 0.035
2026-08-11 17:01:03,264 update: 1560	fps: 490.190	
2026-08-11 17:01:03,264 Num updates: 1560	Num frames 249600
2026-08-11 17:01:03,264 Average window size: 50  distance_to_goal: 0.931  distance_to_goal_reward: 0.000  reward: 4.631  spl: 0.560  success: 0.705
2026-08-11 17:01:03,264 	Perf Stats: trainer.rollout_collect: 0.289 trainer.sample_action: 0.003 trainer.obs_insert: 0.000 trainer.step_env: 0.005 trainer.update_stats: 0.001 trainer.update_agent: 0.035
2026-08-11 17:01:06,414 update: 1570	fps: 490.299	
2026-08-11 17:01:06,414 Num updates: 1570	Num frames 251200
2026-08-11 17:01:06,414 Average window size: 50  distance_to_goal: 1.198  distance_to_goal_reward: -0.000  reward: 4.521  spl: 0.511  success: 0.639
2026-08-11 17:01:06,414 	Perf Stats: trainer.rollout_collect: 0.289 trainer.sample_action: 0.003 trainer.obs_insert: 0.000 trainer.step_env: 0.005 trainer.update_stats: 0.001 trainer.update_agent: 0.035
2026-08-11 17:01:09,546 update: 1580	fps: 490.424	
2026-08-11 17:01:09,546 Num updates: 1580	Num frames 252800
2026-08-11 17:01:09,546 Average window size: 50  distance_to_goal: 1.315  distance_to_goal_reward: -0.000  reward: 4.852  spl: 0.473  success: 0.600
2026-08-11 17:01:09,546 	Perf Stats: trainer.rollout_collect: 0.288 trainer.sample_action: 0.003 trainer.obs_insert: 0.000 trainer.step_env: 0.005 trainer.update_stats: 0.001 trainer.update_agent: 0.035
PluginManager::Manager: duplicate static plugin StbImageImporter, ignoring
PluginManager::Manager: duplicate static plugin GltfImporter, ignoring
PluginManager::Manager: duplicate static plugin BasisImporter, ignoring
PluginManager::Manager: duplicate static plugin AssimpImporter, ignoring
PluginManager::Manager: duplicate static plugin AnySceneImporter, ignoring
PluginManager::Manager: duplicate static plugin AnyImageImporter, ignoring
Renderer: NVIDIA GeForce RTX 4070/PCIe/SSE2 by NVIDIA Corporation
OpenGL version: 4.6.0 NVIDIA 580.173.02
Using optional features:
    GL_ARB_vertex_array_object
    GL_ARB_separate_shader_objects
    GL_ARB_robustness
    GL_ARB_texture_storage
    GL_ARB_texture_view
    GL_ARB_framebuffer_no_attachments
    GL_ARB_invalidate_subdata
    GL_ARB_texture_storage_multisample
    GL_ARB_multi_bind
    GL_ARB_direct_state_access
    GL_ARB_get_texture_sub_image
    GL_ARB_texture_filter_anisotropic
    GL_KHR_debug
    GL_KHR_parallel_shader_compile
    GL_NV_depth_buffer_float
Using driver workarounds:
    no-forward-compatible-core-context
    nv-egl-incorrect-gl11-function-pointers
    no-layout-qualifiers-on-old-glsl
    nv-zero-context-profile-mask
    nv-implementation-color-read-format-dsa-broken
    nv-cubemap-inconsistent-compressed-image-size
    nv-cubemap-broken-full-compressed-image-query
    nv-compressed-block-size-in-bits
[17:01:10:620432]:[Warning]:[Scene] SemanticScene.h(331)::checkFileExists : ::loadSemanticSceneDescriptor: File `data/scene_datasets/habitat-test-scenes/van-gogh-room.scn` does not exist.  Aborting load.
[17:01:10:620448]:[Warning]:[Scene] SemanticScene.cpp(123)::loadSemanticSceneDescriptor : SSD File Naming Issue! Neither SemanticAttributes-provided name : `data/scene_datasets/habitat-test-scenes/van-gogh-room.scn` nor constructed filename : `data/scene_datasets/habitat-test-scenes/info_semantic.json` exist on disk.
[17:01:10:620453]:[Error]:[Scene] SemanticScene.cpp(139)::loadSemanticSceneDescriptor : SSD Load Failure! File with SemanticAttributes-provided name `data/scene_datasets/habitat-test-scenes/van-gogh-room.scn` exists but failed to load.
[17:01:11:087501]:[Warning]:[Sim] Simulator.cpp(595)::instanceStageForSceneAttributes : The active scene does not contain semantic annotations : activeSemanticSceneID_ = 0
2026-08-11 17:01:13,126 update: 1590	fps: 490.124	
2026-08-11 17:01:13,126 Num updates: 1590	Num frames 254400
2026-08-11 17:01:13,127 Average window size: 50  distance_to_goal: 1.684  distance_to_goal_reward: -0.007  reward: 4.229  spl: 0.402  success: 0.522
2026-08-11 17:01:13,127 	Perf Stats: trainer.rollout_collect: 0.289 trainer.sample_action: 0.003 trainer.obs_insert: 0.000 trainer.step_env: 0.005 trainer.update_stats: 0.001 trainer.update_agent: 0.035
2026-08-11 17:01:16,340 update: 1600	fps: 490.172	
2026-08-11 17:01:16,348 Num updates: 1600	Num frames 256000
2026-08-11 17:01:16,348 Average window size: 50  distance_to_goal: 1.055  distance_to_goal_reward: -0.005  reward: 4.530  spl: 0.519  success: 0.672
2026-08-11 17:01:16,348 	Perf Stats: trainer.rollout_collect: 0.289 trainer.sample_action: 0.003 trainer.obs_insert: 0.000 trainer.step_env: 0.005 trainer.update_stats: 0.001 trainer.update_agent: 0.035
PluginManager::Manager: duplicate static plugin StbImageImporter, ignoring
PluginManager::Manager: duplicate static plugin GltfImporter, ignoring
PluginManager::Manager: duplicate static plugin BasisImporter, ignoring
PluginManager::Manager: duplicate static plugin AssimpImporter, ignoring
PluginManager::Manager: duplicate static plugin AnySceneImporter, ignoring
PluginManager::Manager: duplicate static plugin AnyImageImporter, ignoring
Renderer: NVIDIA GeForce RTX 4070/PCIe/SSE2 by NVIDIA Corporation
OpenGL version: 4.6.0 NVIDIA 580.173.02
Using optional features:
    GL_ARB_vertex_array_object
    GL_ARB_separate_shader_objects
    GL_ARB_robustness
    GL_ARB_texture_storage
    GL_ARB_texture_view
    GL_ARB_framebuffer_no_attachments
    GL_ARB_invalidate_subdata
    GL_ARB_texture_storage_multisample
    GL_ARB_multi_bind
    GL_ARB_direct_state_access
    GL_ARB_get_texture_sub_image
    GL_ARB_texture_filter_anisotropic
    GL_KHR_debug
    GL_KHR_parallel_shader_compile
    GL_NV_depth_buffer_float
Using driver workarounds:
    no-forward-compatible-core-context
    nv-egl-incorrect-gl11-function-pointers
    no-layout-qualifiers-on-old-glsl
    nv-zero-context-profile-mask
    nv-implementation-color-read-format-dsa-broken
    nv-cubemap-inconsistent-compressed-image-size
    nv-cubemap-broken-full-compressed-image-query
    nv-compressed-block-size-in-bits
[17:01:19:017173]:[Warning]:[Scene] SemanticScene.h(331)::checkFileExists : ::loadSemanticSceneDescriptor: File `data/scene_datasets/habitat-test-scenes/van-gogh-room.scn` does not exist.  Aborting load.
[17:01:19:017190]:[Warning]:[Scene] SemanticScene.cpp(123)::loadSemanticSceneDescriptor : SSD File Naming Issue! Neither SemanticAttributes-provided name : `data/scene_datasets/habitat-test-scenes/van-gogh-room.scn` nor constructed filename : `data/scene_datasets/habitat-test-scenes/info_semantic.json` exist on disk.
[17:01:19:017195]:[Error]:[Scene] SemanticScene.cpp(139)::loadSemanticSceneDescriptor : SSD Load Failure! File with SemanticAttributes-provided name `data/scene_datasets/habitat-test-scenes/van-gogh-room.scn` exists but failed to load.
[17:01:19:457668]:[Warning]:[Sim] Simulator.cpp(595)::instanceStageForSceneAttributes : The active scene does not contain semantic annotations : activeSemanticSceneID_ = 0
2026-08-11 17:01:19,909 update: 1610	fps: 489.887	
2026-08-11 17:01:19,909 Num updates: 1610	Num frames 257600
2026-08-11 17:01:19,910 Average window size: 50  distance_to_goal: 0.902  distance_to_goal_reward: -0.004  reward: 4.170  spl: 0.498  success: 0.646
2026-08-11 17:01:19,910 	Perf Stats: trainer.rollout_collect: 0.289 trainer.sample_action: 0.003 trainer.obs_insert: 0.000 trainer.step_env: 0.005 trainer.update_stats: 0.001 trainer.update_agent: 0.035
2026-08-11 17:01:22,974 update: 1620	fps: 490.074	
2026-08-11 17:01:22,974 Num updates: 1620	Num frames 259200
2026-08-11 17:01:22,974 Average window size: 50  distance_to_goal: 0.815  distance_to_goal_reward: -0.003  reward: 3.979  spl: 0.533  success: 0.674
2026-08-11 17:01:22,974 	Perf Stats: trainer.rollout_collect: 0.289 trainer.sample_action: 0.003 trainer.obs_insert: 0.000 trainer.step_env: 0.005 trainer.update_stats: 0.001 trainer.update_agent: 0.035
2026-08-11 17:01:26,043 update: 1630	fps: 490.254	
2026-08-11 17:01:26,043 Num updates: 1630	Num frames 260800
2026-08-11 17:01:26,043 Average window size: 50  distance_to_goal: 0.614  distance_to_goal_reward: -0.003  reward: 3.763  spl: 0.564  success: 0.707
2026-08-11 17:01:26,044 	Perf Stats: trainer.rollout_collect: 0.289 trainer.sample_action: 0.003 trainer.obs_insert: 0.000 trainer.step_env: 0.005 trainer.update_stats: 0.001 trainer.update_agent: 0.035
2026-08-11 17:01:29,153 update: 1640	fps: 490.395	
2026-08-11 17:01:29,153 Num updates: 1640	Num frames 262400
2026-08-11 17:01:29,153 Average window size: 50  distance_to_goal: 0.505  distance_to_goal_reward: 0.000  reward: 3.865  spl: 0.612  success: 0.755
2026-08-11 17:01:29,153 	Perf Stats: trainer.rollout_collect: 0.288 trainer.sample_action: 0.003 trainer.obs_insert: 0.000 trainer.step_env: 0.005 trainer.update_stats: 0.001 trainer.update_agent: 0.035
PluginManager::Manager: duplicate static plugin StbImageImporter, ignoring
PluginManager::Manager: duplicate static plugin GltfImporter, ignoring
PluginManager::Manager: duplicate static plugin BasisImporter, ignoring
PluginManager::Manager: duplicate static plugin AssimpImporter, ignoring
PluginManager::Manager: duplicate static plugin AnySceneImporter, ignoring
PluginManager::Manager: duplicate static plugin AnyImageImporter, ignoring
Renderer: NVIDIA GeForce RTX 4070/PCIe/SSE2 by NVIDIA Corporation
OpenGL version: 4.6.0 NVIDIA 580.173.02
Using optional features:
    GL_ARB_vertex_array_object
    GL_ARB_separate_shader_objects
    GL_ARB_robustness
    GL_ARB_texture_storage
    GL_ARB_texture_view
    GL_ARB_framebuffer_no_attachments
    GL_ARB_invalidate_subdata
    GL_ARB_texture_storage_multisample
    GL_ARB_multi_bind
    GL_ARB_direct_state_access
    GL_ARB_get_texture_sub_image
    GL_ARB_texture_filter_anisotropic
    GL_KHR_debug
    GL_KHR_parallel_shader_compile
    GL_NV_depth_buffer_float
Using driver workarounds:
    no-forward-compatible-core-context
    nv-egl-incorrect-gl11-function-pointers
    no-layout-qualifiers-on-old-glsl
    nv-zero-context-profile-mask
    nv-implementation-color-read-format-dsa-broken
    nv-cubemap-inconsistent-compressed-image-size
    nv-cubemap-broken-full-compressed-image-query
    nv-compressed-block-size-in-bits
[17:01:31:768856]:[Warning]:[Scene] SemanticScene.h(331)::checkFileExists : ::loadSemanticSceneDescriptor: File `data/scene_datasets/habitat-test-scenes/skokloster-castle.scn` does not exist.  Aborting load.
[17:01:31:768872]:[Warning]:[Scene] SemanticScene.cpp(123)::loadSemanticSceneDescriptor : SSD File Naming Issue! Neither SemanticAttributes-provided name : `data/scene_datasets/habitat-test-scenes/skokloster-castle.scn` nor constructed filename : `data/scene_datasets/habitat-test-scenes/info_semantic.json` exist on disk.
[17:01:31:768877]:[Error]:[Scene] SemanticScene.cpp(139)::loadSemanticSceneDescriptor : SSD Load Failure! File with SemanticAttributes-provided name `data/scene_datasets/habitat-test-scenes/skokloster-castle.scn` exists but failed to load.
[17:01:32:377556]:[Warning]:[Sim] Simulator.cpp(595)::instanceStageForSceneAttributes : The active scene does not contain semantic annotations : activeSemanticSceneID_ = 0
2026-08-11 17:01:32,872 update: 1650	fps: 489.980	
2026-08-11 17:01:32,872 Num updates: 1650	Num frames 264000
2026-08-11 17:01:32,872 Average window size: 50  distance_to_goal: 0.500  distance_to_goal_reward: 0.000  reward: 3.654  spl: 0.603  success: 0.750
2026-08-11 17:01:32,872 	Perf Stats: trainer.rollout_collect: 0.289 trainer.sample_action: 0.003 trainer.obs_insert: 0.000 trainer.step_env: 0.005 trainer.update_stats: 0.001 trainer.update_agent: 0.035
2026-08-11 17:01:36,003 update: 1660	fps: 490.102	
2026-08-11 17:01:36,003 Num updates: 1660	Num frames 265600
2026-08-11 17:01:36,003 Average window size: 50  distance_to_goal: 0.527  distance_to_goal_reward: 0.000  reward: 3.616  spl: 0.615  success: 0.773
2026-08-11 17:01:36,003 	Perf Stats: trainer.rollout_collect: 0.289 trainer.sample_action: 0.003 trainer.obs_insert: 0.000 trainer.step_env: 0.005 trainer.update_stats: 0.001 trainer.update_agent: 0.035
2026-08-11 17:01:39,135 update: 1670	fps: 490.221	
2026-08-11 17:01:39,135 Num updates: 1670	Num frames 267200
2026-08-11 17:01:39,135 Average window size: 50  distance_to_goal: 0.353  distance_to_goal_reward: 0.000  reward: 3.969  spl: 0.632  success: 0.797
2026-08-11 17:01:39,135 	Perf Stats: trainer.rollout_collect: 0.289 trainer.sample_action: 0.003 trainer.obs_insert: 0.000 trainer.step_env: 0.005 trainer.update_stats: 0.001 trainer.update_agent: 0.035
2026-08-11 17:01:42,239 update: 1680	fps: 490.364	
2026-08-11 17:01:42,239 Num updates: 1680	Num frames 268800
2026-08-11 17:01:42,239 Average window size: 50  distance_to_goal: 0.400  distance_to_goal_reward: 0.000  reward: 4.108  spl: 0.615  success: 0.784
2026-08-11 17:01:42,239 	Perf Stats: trainer.rollout_collect: 0.288 trainer.sample_action: 0.003 trainer.obs_insert: 0.000 trainer.step_env: 0.005 trainer.update_stats: 0.001 trainer.update_agent: 0.035
2026-08-11 17:01:45,318 update: 1690	fps: 490.527	
2026-08-11 17:01:45,319 Num updates: 1690	Num frames 270400
2026-08-11 17:01:45,319 Average window size: 50  distance_to_goal: 0.463  distance_to_goal_reward: 0.000  reward: 4.112  spl: 0.574  success: 0.742
2026-08-11 17:01:45,319 	Perf Stats: trainer.rollout_collect: 0.288 trainer.sample_action: 0.003 trainer.obs_insert: 0.000 trainer.step_env: 0.005 trainer.update_stats: 0.001 trainer.update_agent: 0.035
PluginManager::Manager: duplicate static plugin StbImageImporter, ignoring
PluginManager::Manager: duplicate static plugin GltfImporter, ignoring
PluginManager::Manager: duplicate static plugin BasisImporter, ignoring
PluginManager::Manager: duplicate static plugin AssimpImporter, ignoring
PluginManager::Manager: duplicate static plugin AnySceneImporter, ignoring
PluginManager::Manager: duplicate static plugin AnyImageImporter, ignoring
Renderer: NVIDIA GeForce RTX 4070/PCIe/SSE2 by NVIDIA Corporation
OpenGL version: 4.6.0 NVIDIA 580.173.02
Using optional features:
    GL_ARB_vertex_array_object
    GL_ARB_separate_shader_objects
    GL_ARB_robustness
    GL_ARB_texture_storage
    GL_ARB_texture_view
    GL_ARB_framebuffer_no_attachments
    GL_ARB_invalidate_subdata
    GL_ARB_texture_storage_multisample
    GL_ARB_multi_bind
    GL_ARB_direct_state_access
    GL_ARB_get_texture_sub_image
    GL_ARB_texture_filter_anisotropic
    GL_KHR_debug
    GL_KHR_parallel_shader_compile
    GL_NV_depth_buffer_float
Using driver workarounds:
    no-forward-compatible-core-context
    nv-egl-incorrect-gl11-function-pointers
    no-layout-qualifiers-on-old-glsl
    nv-zero-context-profile-mask
    nv-implementation-color-read-format-dsa-broken
    nv-cubemap-inconsistent-compressed-image-size
    nv-cubemap-broken-full-compressed-image-query
    nv-compressed-block-size-in-bits
[17:01:47:696234]:[Warning]:[Scene] SemanticScene.h(331)::checkFileExists : ::loadSemanticSceneDescriptor: File `data/scene_datasets/habitat-test-scenes/van-gogh-room.scn` does not exist.  Aborting load.
[17:01:47:696250]:[Warning]:[Scene] SemanticScene.cpp(123)::loadSemanticSceneDescriptor : SSD File Naming Issue! Neither SemanticAttributes-provided name : `data/scene_datasets/habitat-test-scenes/van-gogh-room.scn` nor constructed filename : `data/scene_datasets/habitat-test-scenes/info_semantic.json` exist on disk.
[17:01:47:696255]:[Error]:[Scene] SemanticScene.cpp(139)::loadSemanticSceneDescriptor : SSD Load Failure! File with SemanticAttributes-provided name `data/scene_datasets/habitat-test-scenes/van-gogh-room.scn` exists but failed to load.
[17:01:48:129886]:[Warning]:[Sim] Simulator.cpp(595)::instanceStageForSceneAttributes : The active scene does not contain semantic annotations : activeSemanticSceneID_ = 0
2026-08-11 17:01:48,942 update: 1700	fps: 490.206	
2026-08-11 17:01:48,942 Num updates: 1700	Num frames 272000
2026-08-11 17:01:48,942 Average window size: 50  distance_to_goal: 0.915  distance_to_goal_reward: -0.000  reward: 3.370  spl: 0.503  success: 0.642
2026-08-11 17:01:48,943 	Perf Stats: trainer.rollout_collect: 0.289 trainer.sample_action: 0.003 trainer.obs_insert: 0.000 trainer.step_env: 0.005 trainer.update_stats: 0.001 trainer.update_agent: 0.035
2026-08-11 17:01:51,972 update: 1710	fps: 490.413	
2026-08-11 17:01:51,972 Num updates: 1710	Num frames 273600
2026-08-11 17:01:51,972 Average window size: 50  distance_to_goal: 1.003  distance_to_goal_reward: -0.000  reward: 3.290  spl: 0.495  success: 0.629
2026-08-11 17:01:51,972 	Perf Stats: trainer.rollout_collect: 0.288 trainer.sample_action: 0.003 trainer.obs_insert: 0.000 trainer.step_env: 0.005 trainer.update_stats: 0.001 trainer.update_agent: 0.035
2026-08-11 17:01:55,008 update: 1720	fps: 490.611	
2026-08-11 17:01:55,008 Num updates: 1720	Num frames 275200
2026-08-11 17:01:55,008 Average window size: 50  distance_to_goal: 1.191  distance_to_goal_reward: -0.000  reward: 2.684  spl: 0.410  success: 0.533
2026-08-11 17:01:55,008 	Perf Stats: trainer.rollout_collect: 0.288 trainer.sample_action: 0.003 trainer.obs_insert: 0.000 trainer.step_env: 0.005 trainer.update_stats: 0.001 trainer.update_agent: 0.035
2026-08-11 17:01:58,057 update: 1730	fps: 490.795	
2026-08-11 17:01:58,057 Num updates: 1730	Num frames 276800
2026-08-11 17:01:58,057 Average window size: 50  distance_to_goal: 0.938  distance_to_goal_reward: -0.000  reward: 2.798  spl: 0.388  success: 0.533
2026-08-11 17:01:58,057 	Perf Stats: trainer.rollout_collect: 0.288 trainer.sample_action: 0.003 trainer.obs_insert: 0.000 trainer.step_env: 0.005 trainer.update_stats: 0.001 trainer.update_agent: 0.035
2026-08-11 17:02:01,087 update: 1740	fps: 490.994	
2026-08-11 17:02:01,087 Num updates: 1740	Num frames 278400
2026-08-11 17:02:01,087 Average window size: 50  distance_to_goal: 0.716  distance_to_goal_reward: -0.000  reward: 3.306  spl: 0.426  success: 0.590
2026-08-11 17:02:01,088 	Perf Stats: trainer.rollout_collect: 0.288 trainer.sample_action: 0.003 trainer.obs_insert: 0.000 trainer.step_env: 0.005 trainer.update_stats: 0.001 trainer.update_agent: 0.035
2026-08-11 17:02:04,113 update: 1750	fps: 491.195	
2026-08-11 17:02:04,113 Num updates: 1750	Num frames 280000
2026-08-11 17:02:04,113 Average window size: 50  distance_to_goal: 0.537  distance_to_goal_reward: 0.001  reward: 3.366  spl: 0.449  success: 0.640
2026-08-11 17:02:04,113 	Perf Stats: trainer.rollout_collect: 0.288 trainer.sample_action: 0.003 trainer.obs_insert: 0.000 trainer.step_env: 0.005 trainer.update_stats: 0.001 trainer.update_agent: 0.035
2026-08-11 17:02:07,158 update: 1760	fps: 491.376	
2026-08-11 17:02:07,158 Num updates: 1760	Num frames 281600
2026-08-11 17:02:07,158 Average window size: 50  distance_to_goal: 0.472  distance_to_goal_reward: 0.001  reward: 3.682  spl: 0.470  success: 0.676
2026-08-11 17:02:07,158 	Perf Stats: trainer.rollout_collect: 0.288 trainer.sample_action: 0.003 trainer.obs_insert: 0.000 trainer.step_env: 0.005 trainer.update_stats: 0.001 trainer.update_agent: 0.035
2026-08-11 17:02:10,238 update: 1770	fps: 491.526	
2026-08-11 17:02:10,239 Num updates: 1770	Num frames 283200
2026-08-11 17:02:10,239 Average window size: 50  distance_to_goal: 0.326  distance_to_goal_reward: 0.001  reward: 4.092  spl: 0.513  success: 0.719
2026-08-11 17:02:10,239 	Perf Stats: trainer.rollout_collect: 0.288 trainer.sample_action: 0.003 trainer.obs_insert: 0.000 trainer.step_env: 0.005 trainer.update_stats: 0.001 trainer.update_agent: 0.035
2026-08-11 17:02:13,299 update: 1780	fps: 491.692	
2026-08-11 17:02:13,299 Num updates: 1780	Num frames 284800
2026-08-11 17:02:13,299 Average window size: 50  distance_to_goal: 0.317  distance_to_goal_reward: 0.001  reward: 4.303  spl: 0.550  success: 0.763
2026-08-11 17:02:13,299 	Perf Stats: trainer.rollout_collect: 0.288 trainer.sample_action: 0.003 trainer.obs_insert: 0.000 trainer.step_env: 0.005 trainer.update_stats: 0.001 trainer.update_agent: 0.035
2026-08-11 17:02:16,356 update: 1790	fps: 491.858	
2026-08-11 17:02:16,356 Num updates: 1790	Num frames 286400
2026-08-11 17:02:16,356 Average window size: 50  distance_to_goal: 0.324  distance_to_goal_reward: 0.001  reward: 4.126  spl: 0.578  success: 0.775
2026-08-11 17:02:16,356 	Perf Stats: trainer.rollout_collect: 0.288 trainer.sample_action: 0.003 trainer.obs_insert: 0.000 trainer.step_env: 0.005 trainer.update_stats: 0.001 trainer.update_agent: 0.035
2026-08-11 17:02:19,522 update: 1800	fps: 491.931	
2026-08-11 17:02:19,522 Num updates: 1800	Num frames 288000
2026-08-11 17:02:19,522 Average window size: 50  distance_to_goal: 0.264  distance_to_goal_reward: 0.000  reward: 4.178  spl: 0.585  success: 0.764
2026-08-11 17:02:19,522 	Perf Stats: trainer.rollout_collect: 0.287 trainer.sample_action: 0.003 trainer.obs_insert: 0.000 trainer.step_env: 0.005 trainer.update_stats: 0.001 trainer.update_agent: 0.035
PluginManager::Manager: duplicate static plugin StbImageImporter, ignoring
PluginManager::Manager: duplicate static plugin GltfImporter, ignoring
PluginManager::Manager: duplicate static plugin BasisImporter, ignoring
PluginManager::Manager: duplicate static plugin AssimpImporter, ignoring
PluginManager::Manager: duplicate static plugin AnySceneImporter, ignoring
PluginManager::Manager: duplicate static plugin AnyImageImporter, ignoring
Renderer: NVIDIA GeForce RTX 4070/PCIe/SSE2 by NVIDIA Corporation
OpenGL version: 4.6.0 NVIDIA 580.173.02
Using optional features:
    GL_ARB_vertex_array_object
    GL_ARB_separate_shader_objects
    GL_ARB_robustness
    GL_ARB_texture_storage
    GL_ARB_texture_view
    GL_ARB_framebuffer_no_attachments
    GL_ARB_invalidate_subdata
    GL_ARB_texture_storage_multisample
    GL_ARB_multi_bind
    GL_ARB_direct_state_access
    GL_ARB_get_texture_sub_image
    GL_ARB_texture_filter_anisotropic
    GL_KHR_debug
    GL_KHR_parallel_shader_compile
    GL_NV_depth_buffer_float
Using driver workarounds:
    no-forward-compatible-core-context
    nv-egl-incorrect-gl11-function-pointers
    no-layout-qualifiers-on-old-glsl
    nv-zero-context-profile-mask
    nv-implementation-color-read-format-dsa-broken
    nv-cubemap-inconsistent-compressed-image-size
    nv-cubemap-broken-full-compressed-image-query
    nv-compressed-block-size-in-bits
[17:02:20:917067]:[Warning]:[Scene] SemanticScene.h(331)::checkFileExists : ::loadSemanticSceneDescriptor: File `data/scene_datasets/habitat-test-scenes/van-gogh-room.scn` does not exist.  Aborting load.
[17:02:20:917083]:[Warning]:[Scene] SemanticScene.cpp(123)::loadSemanticSceneDescriptor : SSD File Naming Issue! Neither SemanticAttributes-provided name : `data/scene_datasets/habitat-test-scenes/van-gogh-room.scn` nor constructed filename : `data/scene_datasets/habitat-test-scenes/info_semantic.json` exist on disk.
[17:02:20:917088]:[Error]:[Scene] SemanticScene.cpp(139)::loadSemanticSceneDescriptor : SSD Load Failure! File with SemanticAttributes-provided name `data/scene_datasets/habitat-test-scenes/van-gogh-room.scn` exists but failed to load.
[17:02:21:350708]:[Warning]:[Sim] Simulator.cpp(595)::instanceStageForSceneAttributes : The active scene does not contain semantic annotations : activeSemanticSceneID_ = 0
2026-08-11 17:02:23,009 update: 1810	fps: 491.735	
2026-08-11 17:02:23,009 Num updates: 1810	Num frames 289600
2026-08-11 17:02:23,009 Average window size: 50  distance_to_goal: 0.406  distance_to_goal_reward: -0.000  reward: 3.964  spl: 0.595  success: 0.766
2026-08-11 17:02:23,009 	Perf Stats: trainer.rollout_collect: 0.288 trainer.sample_action: 0.003 trainer.obs_insert: 0.000 trainer.step_env: 0.005 trainer.update_stats: 0.001 trainer.update_agent: 0.035
2026-08-11 17:02:26,023 update: 1820	fps: 491.934	
2026-08-11 17:02:26,023 Num updates: 1820	Num frames 291200
2026-08-11 17:02:26,023 Average window size: 50  distance_to_goal: 0.382  distance_to_goal_reward: -0.000  reward: 3.633  spl: 0.619  success: 0.785
2026-08-11 17:02:26,024 	Perf Stats: trainer.rollout_collect: 0.287 trainer.sample_action: 0.003 trainer.obs_insert: 0.000 trainer.step_env: 0.005 trainer.update_stats: 0.001 trainer.update_agent: 0.035
2026-08-11 17:02:29,044 update: 1830	fps: 492.126	
2026-08-11 17:02:29,044 Num updates: 1830	Num frames 292800
2026-08-11 17:02:29,044 Average window size: 50  distance_to_goal: 0.399  distance_to_goal_reward: -0.000  reward: 3.505  spl: 0.642  success: 0.799
2026-08-11 17:02:29,044 	Perf Stats: trainer.rollout_collect: 0.287 trainer.sample_action: 0.003 trainer.obs_insert: 0.000 trainer.step_env: 0.005 trainer.update_stats: 0.001 trainer.update_agent: 0.035
2026-08-11 17:02:32,041 update: 1840	fps: 492.335	
2026-08-11 17:02:32,042 Num updates: 1840	Num frames 294400
2026-08-11 17:02:32,042 Average window size: 50  distance_to_goal: 0.363  distance_to_goal_reward: -0.000  reward: 3.449  spl: 0.637  success: 0.804
2026-08-11 17:02:32,042 	Perf Stats: trainer.rollout_collect: 0.287 trainer.sample_action: 0.003 trainer.obs_insert: 0.000 trainer.step_env: 0.005 trainer.update_stats: 0.001 trainer.update_agent: 0.035
2026-08-11 17:02:35,047 update: 1850	fps: 492.534	
2026-08-11 17:02:35,047 Num updates: 1850	Num frames 296000
2026-08-11 17:02:35,047 Average window size: 50  distance_to_goal: 0.453  distance_to_goal_reward: -0.000  reward: 3.452  spl: 0.646  success: 0.824
2026-08-11 17:02:35,048 	Perf Stats: trainer.rollout_collect: 0.287 trainer.sample_action: 0.003 trainer.obs_insert: 0.000 trainer.step_env: 0.005 trainer.update_stats: 0.001 trainer.update_agent: 0.035
2026-08-11 17:02:38,068 update: 1860	fps: 492.720	
2026-08-11 17:02:38,068 Num updates: 1860	Num frames 297600
2026-08-11 17:02:38,068 Average window size: 50  distance_to_goal: 0.285  distance_to_goal_reward: 0.000  reward: 3.647  spl: 0.661  success: 0.844
2026-08-11 17:02:38,068 	Perf Stats: trainer.rollout_collect: 0.287 trainer.sample_action: 0.003 trainer.obs_insert: 0.000 trainer.step_env: 0.005 trainer.update_stats: 0.001 trainer.update_agent: 0.035
2026-08-11 17:02:41,108 update: 1870	fps: 492.889	
2026-08-11 17:02:41,108 Num updates: 1870	Num frames 299200
2026-08-11 17:02:41,108 Average window size: 50  distance_to_goal: 0.283  distance_to_goal_reward: 0.000  reward: 3.695  spl: 0.669  success: 0.860
2026-08-11 17:02:41,108 	Perf Stats: trainer.rollout_collect: 0.287 trainer.sample_action: 0.003 trainer.obs_insert: 0.000 trainer.step_env: 0.005 trainer.update_stats: 0.001 trainer.update_agent: 0.035
2026-08-11 17:02:44,199 update: 1880	fps: 493.014	
2026-08-11 17:02:44,199 Num updates: 1880	Num frames 300800
2026-08-11 17:02:44,199 Average window size: 50  distance_to_goal: 0.344  distance_to_goal_reward: 0.000  reward: 3.515  spl: 0.636  success: 0.816
2026-08-11 17:02:44,199 	Perf Stats: trainer.rollout_collect: 0.287 trainer.sample_action: 0.003 trainer.obs_insert: 0.000 trainer.step_env: 0.005 trainer.update_stats: 0.001 trainer.update_agent: 0.035
2026-08-11 17:02:47,203 update: 1890	fps: 493.208	
2026-08-11 17:02:47,203 Num updates: 1890	Num frames 302400
2026-08-11 17:02:47,203 Average window size: 50  distance_to_goal: 0.337  distance_to_goal_reward: 0.000  reward: 3.578  spl: 0.651  success: 0.832
2026-08-11 17:02:47,203 	Perf Stats: trainer.rollout_collect: 0.287 trainer.sample_action: 0.003 trainer.obs_insert: 0.000 trainer.step_env: 0.005 trainer.update_stats: 0.001 trainer.update_agent: 0.035
2026-08-11 17:02:50,321 update: 1900	fps: 493.308	
2026-08-11 17:02:50,322 Num updates: 1900	Num frames 304000
2026-08-11 17:02:50,322 Average window size: 50  distance_to_goal: 0.291  distance_to_goal_reward: 0.000  reward: 3.572  spl: 0.655  success: 0.835
2026-08-11 17:02:50,322 	Perf Stats: trainer.rollout_collect: 0.286 trainer.sample_action: 0.003 trainer.obs_insert: 0.000 trainer.step_env: 0.005 trainer.update_stats: 0.001 trainer.update_agent: 0.035
2026-08-11 17:02:53,320 update: 1910	fps: 493.504	
2026-08-11 17:02:53,320 Num updates: 1910	Num frames 305600
2026-08-11 17:02:53,320 Average window size: 50  distance_to_goal: 0.295  distance_to_goal_reward: 0.000  reward: 3.420  spl: 0.640  success: 0.807
2026-08-11 17:02:53,320 	Perf Stats: trainer.rollout_collect: 0.286 trainer.sample_action: 0.003 trainer.obs_insert: 0.000 trainer.step_env: 0.005 trainer.update_stats: 0.001 trainer.update_agent: 0.035
2026-08-11 17:02:56,312 update: 1920	fps: 493.701	
2026-08-11 17:02:56,313 Num updates: 1920	Num frames 307200
2026-08-11 17:02:56,313 Average window size: 50  distance_to_goal: 0.346  distance_to_goal_reward: 0.000  reward: 3.443  spl: 0.640  success: 0.814
2026-08-11 17:02:56,313 	Perf Stats: trainer.rollout_collect: 0.286 trainer.sample_action: 0.003 trainer.obs_insert: 0.000 trainer.step_env: 0.005 trainer.update_stats: 0.001 trainer.update_agent: 0.035
2026-08-11 17:02:59,340 update: 1930	fps: 493.877	
2026-08-11 17:02:59,340 Num updates: 1930	Num frames 308800
2026-08-11 17:02:59,340 Average window size: 50  distance_to_goal: 0.236  distance_to_goal_reward: 0.000  reward: 3.614  spl: 0.672  success: 0.856
2026-08-11 17:02:59,340 	Perf Stats: trainer.rollout_collect: 0.286 trainer.sample_action: 0.003 trainer.obs_insert: 0.000 trainer.step_env: 0.005 trainer.update_stats: 0.001 trainer.update_agent: 0.035
PluginManager::Manager: duplicate static plugin StbImageImporter, ignoring
PluginManager::Manager: duplicate static plugin GltfImporter, ignoring
PluginManager::Manager: duplicate static plugin BasisImporter, ignoring
PluginManager::Manager: duplicate static plugin AssimpImporter, ignoring
PluginManager::Manager: duplicate static plugin AnySceneImporter, ignoring
PluginManager::Manager: duplicate static plugin AnyImageImporter, ignoring
Renderer: NVIDIA GeForce RTX 4070/PCIe/SSE2 by NVIDIA Corporation
OpenGL version: 4.6.0 NVIDIA 580.173.02
Using optional features:
    GL_ARB_vertex_array_object
    GL_ARB_separate_shader_objects
    GL_ARB_robustness
    GL_ARB_texture_storage
    GL_ARB_texture_view
    GL_ARB_framebuffer_no_attachments
    GL_ARB_invalidate_subdata
    GL_ARB_texture_storage_multisample
    GL_ARB_multi_bind
    GL_ARB_direct_state_access
    GL_ARB_get_texture_sub_image
    GL_ARB_texture_filter_anisotropic
    GL_KHR_debug
    GL_KHR_parallel_shader_compile
    GL_NV_depth_buffer_float
Using driver workarounds:
    no-forward-compatible-core-context
    nv-egl-incorrect-gl11-function-pointers
    no-layout-qualifiers-on-old-glsl
    nv-zero-context-profile-mask
    nv-implementation-color-read-format-dsa-broken
    nv-cubemap-inconsistent-compressed-image-size
    nv-cubemap-broken-full-compressed-image-query
    nv-compressed-block-size-in-bits
[17:03:00:573584]:[Warning]:[Scene] SemanticScene.h(331)::checkFileExists : ::loadSemanticSceneDescriptor: File `data/scene_datasets/habitat-test-scenes/skokloster-castle.scn` does not exist.  Aborting load.
[17:03:00:573600]:[Warning]:[Scene] SemanticScene.cpp(123)::loadSemanticSceneDescriptor : SSD File Naming Issue! Neither SemanticAttributes-provided name : `data/scene_datasets/habitat-test-scenes/skokloster-castle.scn` nor constructed filename : `data/scene_datasets/habitat-test-scenes/info_semantic.json` exist on disk.
[17:03:00:573605]:[Error]:[Scene] SemanticScene.cpp(139)::loadSemanticSceneDescriptor : SSD Load Failure! File with SemanticAttributes-provided name `data/scene_datasets/habitat-test-scenes/skokloster-castle.scn` exists but failed to load.
[17:03:01:184074]:[Warning]:[Sim] Simulator.cpp(595)::instanceStageForSceneAttributes : The active scene does not contain semantic annotations : activeSemanticSceneID_ = 0
2026-08-11 17:03:02,986 update: 1940	fps: 493.551	
2026-08-11 17:03:02,986 Num updates: 1940	Num frames 310400
2026-08-11 17:03:02,986 Average window size: 50  distance_to_goal: 0.313  distance_to_goal_reward: 0.000  reward: 3.467  spl: 0.637  success: 0.816
2026-08-11 17:03:02,986 	Perf Stats: trainer.rollout_collect: 0.286 trainer.sample_action: 0.003 trainer.obs_insert: 0.000 trainer.step_env: 0.005 trainer.update_stats: 0.001 trainer.update_agent: 0.035
2026-08-11 17:03:06,061 update: 1950	fps: 493.681	
2026-08-11 17:03:06,061 Num updates: 1950	Num frames 312000
2026-08-11 17:03:06,061 Average window size: 50  distance_to_goal: 0.286  distance_to_goal_reward: 0.000  reward: 3.407  spl: 0.630  success: 0.792
2026-08-11 17:03:06,061 	Perf Stats: trainer.rollout_collect: 0.286 trainer.sample_action: 0.003 trainer.obs_insert: 0.000 trainer.step_env: 0.005 trainer.update_stats: 0.001 trainer.update_agent: 0.035
2026-08-11 17:03:09,107 update: 1960	fps: 493.833	
2026-08-11 17:03:09,107 Num updates: 1960	Num frames 313600
2026-08-11 17:03:09,107 Average window size: 50  distance_to_goal: 0.382  distance_to_goal_reward: 0.000  reward: 3.399  spl: 0.634  success: 0.791
2026-08-11 17:03:09,107 	Perf Stats: trainer.rollout_collect: 0.286 trainer.sample_action: 0.003 trainer.obs_insert: 0.000 trainer.step_env: 0.005 trainer.update_stats: 0.001 trainer.update_agent: 0.035
2026-08-11 17:03:12,196 update: 1970	fps: 493.949	
2026-08-11 17:03:12,197 Num updates: 1970	Num frames 315200
2026-08-11 17:03:12,197 Average window size: 50  distance_to_goal: 0.351  distance_to_goal_reward: 0.000  reward: 3.467  spl: 0.607  success: 0.751
2026-08-11 17:03:12,197 	Perf Stats: trainer.rollout_collect: 0.286 trainer.sample_action: 0.003 trainer.obs_insert: 0.000 trainer.step_env: 0.005 trainer.update_stats: 0.001 trainer.update_agent: 0.035
2026-08-11 17:03:15,236 update: 1980	fps: 494.103	
2026-08-11 17:03:15,237 Num updates: 1980	Num frames 316800
2026-08-11 17:03:15,237 Average window size: 50  distance_to_goal: 0.409  distance_to_goal_reward: 0.000  reward: 3.300  spl: 0.572  success: 0.699
2026-08-11 17:03:15,237 	Perf Stats: trainer.rollout_collect: 0.286 trainer.sample_action: 0.003 trainer.obs_insert: 0.000 trainer.step_env: 0.005 trainer.update_stats: 0.001 trainer.update_agent: 0.035
PluginManager::Manager: duplicate static plugin StbImageImporter, ignoring
PluginManager::Manager: duplicate static plugin GltfImporter, ignoring
PluginManager::Manager: duplicate static plugin BasisImporter, ignoring
PluginManager::Manager: duplicate static plugin AssimpImporter, ignoring
PluginManager::Manager: duplicate static plugin AnySceneImporter, ignoring
PluginManager::Manager: duplicate static plugin AnyImageImporter, ignoring
Renderer: NVIDIA GeForce RTX 4070/PCIe/SSE2 by NVIDIA Corporation
OpenGL version: 4.6.0 NVIDIA 580.173.02
Using optional features:
    GL_ARB_vertex_array_object
    GL_ARB_separate_shader_objects
    GL_ARB_robustness
    GL_ARB_texture_storage
    GL_ARB_texture_view
    GL_ARB_framebuffer_no_attachments
    GL_ARB_invalidate_subdata
    GL_ARB_texture_storage_multisample
    GL_ARB_multi_bind
    GL_ARB_direct_state_access
    GL_ARB_get_texture_sub_image
    GL_ARB_texture_filter_anisotropic
    GL_KHR_debug
    GL_KHR_parallel_shader_compile
    GL_NV_depth_buffer_float
Using driver workarounds:
    no-forward-compatible-core-context
    nv-egl-incorrect-gl11-function-pointers
    no-layout-qualifiers-on-old-glsl
    nv-zero-context-profile-mask
    nv-implementation-color-read-format-dsa-broken
    nv-cubemap-inconsistent-compressed-image-size
    nv-cubemap-broken-full-compressed-image-query
    nv-compressed-block-size-in-bits
[17:03:16:009199]:[Warning]:[Scene] SemanticScene.h(331)::checkFileExists : ::loadSemanticSceneDescriptor: File `data/scene_datasets/habitat-test-scenes/skokloster-castle.scn` does not exist.  Aborting load.
[17:03:16:009216]:[Warning]:[Scene] SemanticScene.cpp(123)::loadSemanticSceneDescriptor : SSD File Naming Issue! Neither SemanticAttributes-provided name : `data/scene_datasets/habitat-test-scenes/skokloster-castle.scn` nor constructed filename : `data/scene_datasets/habitat-test-scenes/info_semantic.json` exist on disk.
[17:03:16:009221]:[Error]:[Scene] SemanticScene.cpp(139)::loadSemanticSceneDescriptor : SSD Load Failure! File with SemanticAttributes-provided name `data/scene_datasets/habitat-test-scenes/skokloster-castle.scn` exists but failed to load.
[17:03:16:633399]:[Warning]:[Sim] Simulator.cpp(595)::instanceStageForSceneAttributes : The active scene does not contain semantic annotations : activeSemanticSceneID_ = 0
2026-08-11 17:03:18,967 update: 1990	fps: 493.725	
2026-08-11 17:03:18,967 Num updates: 1990	Num frames 318400
2026-08-11 17:03:18,967 Average window size: 50  distance_to_goal: 0.439  distance_to_goal_reward: 0.000  reward: 3.152  spl: 0.555  success: 0.667
2026-08-11 17:03:18,967 	Perf Stats: trainer.rollout_collect: 0.286 trainer.sample_action: 0.003 trainer.obs_insert: 0.000 trainer.step_env: 0.005 trainer.update_stats: 0.001 trainer.update_agent: 0.035
PluginManager::Manager: duplicate static plugin StbImageImporter, ignoring
PluginManager::Manager: duplicate static plugin GltfImporter, ignoring
PluginManager::Manager: duplicate static plugin BasisImporter, ignoring
PluginManager::Manager: duplicate static plugin AssimpImporter, ignoring
PluginManager::Manager: duplicate static plugin AnySceneImporter, ignoring
PluginManager::Manager: duplicate static plugin AnyImageImporter, ignoring
Renderer: NVIDIA GeForce RTX 4070/PCIe/SSE2 by NVIDIA Corporation
OpenGL version: 4.6.0 NVIDIA 580.173.02
Using optional features:
    GL_ARB_vertex_array_object
    GL_ARB_separate_shader_objects
    GL_ARB_robustness
    GL_ARB_texture_storage
    GL_ARB_texture_view
    GL_ARB_framebuffer_no_attachments
    GL_ARB_invalidate_subdata
    GL_ARB_texture_storage_multisample
    GL_ARB_multi_bind
    GL_ARB_direct_state_access
    GL_ARB_get_texture_sub_image
    GL_ARB_texture_filter_anisotropic
    GL_KHR_debug
    GL_KHR_parallel_shader_compile
    GL_NV_depth_buffer_float
Using driver workarounds:
    no-forward-compatible-core-context
    nv-egl-incorrect-gl11-function-pointers
    no-layout-qualifiers-on-old-glsl
    nv-zero-context-profile-mask
    nv-implementation-color-read-format-dsa-broken
    nv-cubemap-inconsistent-compressed-image-size
    nv-cubemap-broken-full-compressed-image-query
    nv-compressed-block-size-in-bits
[17:03:21:381199]:[Warning]:[Scene] SemanticScene.h(331)::checkFileExists : ::loadSemanticSceneDescriptor: File `data/scene_datasets/habitat-test-scenes/van-gogh-room.scn` does not exist.  Aborting load.
[17:03:21:381216]:[Warning]:[Scene] SemanticScene.cpp(123)::loadSemanticSceneDescriptor : SSD File Naming Issue! Neither SemanticAttributes-provided name : `data/scene_datasets/habitat-test-scenes/van-gogh-room.scn` nor constructed filename : `data/scene_datasets/habitat-test-scenes/info_semantic.json` exist on disk.
[17:03:21:381221]:[Error]:[Scene] SemanticScene.cpp(139)::loadSemanticSceneDescriptor : SSD Load Failure! File with SemanticAttributes-provided name `data/scene_datasets/habitat-test-scenes/van-gogh-room.scn` exists but failed to load.
[17:03:21:822279]:[Warning]:[Sim] Simulator.cpp(595)::instanceStageForSceneAttributes : The active scene does not contain semantic annotations : activeSemanticSceneID_ = 0
2026-08-11 17:03:22,580 update: 2000	fps: 493.442	
2026-08-11 17:03:22,580 Num updates: 2000	Num frames 320000
2026-08-11 17:03:22,580 Average window size: 50  distance_to_goal: 0.540  distance_to_goal_reward: 0.000  reward: 3.006  spl: 0.529  success: 0.640
2026-08-11 17:03:22,580 	Perf Stats: trainer.rollout_collect: 0.286 trainer.sample_action: 0.003 trainer.obs_insert: 0.000 trainer.step_env: 0.005 trainer.update_stats: 0.001 trainer.update_agent: 0.035
2026-08-11 17:03:25,608 update: 2010	fps: 493.604	
2026-08-11 17:03:25,608 Num updates: 2010	Num frames 321600
2026-08-11 17:03:25,608 Average window size: 50  distance_to_goal: 0.470  distance_to_goal_reward: 0.000  reward: 2.946  spl: 0.501  success: 0.613
2026-08-11 17:03:25,608 	Perf Stats: trainer.rollout_collect: 0.286 trainer.sample_action: 0.003 trainer.obs_insert: 0.000 trainer.step_env: 0.005 trainer.update_stats: 0.001 trainer.update_agent: 0.035
2026-08-11 17:03:28,657 update: 2020	fps: 493.750	
2026-08-11 17:03:28,657 Num updates: 2020	Num frames 323200
2026-08-11 17:03:28,657 Average window size: 50  distance_to_goal: 0.524  distance_to_goal_reward: 0.000  reward: 3.055  spl: 0.549  success: 0.673
2026-08-11 17:03:28,657 	Perf Stats: trainer.rollout_collect: 0.286 trainer.sample_action: 0.003 trainer.obs_insert: 0.000 trainer.step_env: 0.005 trainer.update_stats: 0.001 trainer.update_agent: 0.035
2026-08-11 17:03:31,725 update: 2030	fps: 493.879	
2026-08-11 17:03:31,725 Num updates: 2030	Num frames 324800
2026-08-11 17:03:31,725 Average window size: 50  distance_to_goal: 0.434  distance_to_goal_reward: 0.000  reward: 3.626  spl: 0.630  success: 0.766
2026-08-11 17:03:31,725 	Perf Stats: trainer.rollout_collect: 0.286 trainer.sample_action: 0.003 trainer.obs_insert: 0.000 trainer.step_env: 0.005 trainer.update_stats: 0.001 trainer.update_agent: 0.035
PluginManager::Manager: duplicate static plugin StbImageImporter, ignoring
PluginManager::Manager: duplicate static plugin GltfImporter, ignoring
PluginManager::Manager: duplicate static plugin BasisImporter, ignoring
PluginManager::Manager: duplicate static plugin AssimpImporter, ignoring
PluginManager::Manager: duplicate static plugin AnySceneImporter, ignoring
PluginManager::Manager: duplicate static plugin AnyImageImporter, ignoring
Renderer: NVIDIA GeForce RTX 4070/PCIe/SSE2 by NVIDIA Corporation
OpenGL version: 4.6.0 NVIDIA 580.173.02
Using optional features:
    GL_ARB_vertex_array_object
    GL_ARB_separate_shader_objects
    GL_ARB_robustness
    GL_ARB_texture_storage
    GL_ARB_texture_view
    GL_ARB_framebuffer_no_attachments
    GL_ARB_invalidate_subdata
    GL_ARB_texture_storage_multisample
    GL_ARB_multi_bind
    GL_ARB_direct_state_access
    GL_ARB_get_texture_sub_image
    GL_ARB_texture_filter_anisotropic
    GL_KHR_debug
    GL_KHR_parallel_shader_compile
    GL_NV_depth_buffer_float
Using driver workarounds:
    no-forward-compatible-core-context
    nv-egl-incorrect-gl11-function-pointers
    no-layout-qualifiers-on-old-glsl
    nv-zero-context-profile-mask
    nv-implementation-color-read-format-dsa-broken
    nv-cubemap-inconsistent-compressed-image-size
    nv-cubemap-broken-full-compressed-image-query
    nv-compressed-block-size-in-bits
[17:03:33:965301]:[Warning]:[Scene] SemanticScene.h(331)::checkFileExists : ::loadSemanticSceneDescriptor: File `data/scene_datasets/habitat-test-scenes/skokloster-castle.scn` does not exist.  Aborting load.
[17:03:33:965317]:[Warning]:[Scene] SemanticScene.cpp(123)::loadSemanticSceneDescriptor : SSD File Naming Issue! Neither SemanticAttributes-provided name : `data/scene_datasets/habitat-test-scenes/skokloster-castle.scn` nor constructed filename : `data/scene_datasets/habitat-test-scenes/info_semantic.json` exist on disk.
[17:03:33:965322]:[Error]:[Scene] SemanticScene.cpp(139)::loadSemanticSceneDescriptor : SSD Load Failure! File with SemanticAttributes-provided name `data/scene_datasets/habitat-test-scenes/skokloster-castle.scn` exists but failed to load.
[17:03:34:583946]:[Warning]:[Sim] Simulator.cpp(595)::instanceStageForSceneAttributes : The active scene does not contain semantic annotations : activeSemanticSceneID_ = 0
2026-08-11 17:03:35,443 update: 2040	fps: 493.522	
2026-08-11 17:03:35,444 Num updates: 2040	Num frames 326400
2026-08-11 17:03:35,444 Average window size: 50  distance_to_goal: 0.299  distance_to_goal_reward: 0.000  reward: 4.200  spl: 0.679  success: 0.821
2026-08-11 17:03:35,444 	Perf Stats: trainer.rollout_collect: 0.286 trainer.sample_action: 0.003 trainer.obs_insert: 0.000 trainer.step_env: 0.005 trainer.update_stats: 0.001 trainer.update_agent: 0.035
2026-08-11 17:03:38,576 update: 2050	fps: 493.603	
2026-08-11 17:03:38,576 Num updates: 2050	Num frames 328000
2026-08-11 17:03:38,576 Average window size: 50  distance_to_goal: 0.263  distance_to_goal_reward: 0.000  reward: 4.150  spl: 0.622  success: 0.745
2026-08-11 17:03:38,576 	Perf Stats: trainer.rollout_collect: 0.286 trainer.sample_action: 0.003 trainer.obs_insert: 0.000 trainer.step_env: 0.005 trainer.update_stats: 0.001 trainer.update_agent: 0.035
2026-08-11 17:03:41,695 update: 2060	fps: 493.693	
2026-08-11 17:03:41,695 Num updates: 2060	Num frames 329600
2026-08-11 17:03:41,695 Average window size: 50  distance_to_goal: 0.322  distance_to_goal_reward: 0.000  reward: 4.082  spl: 0.607  success: 0.718
2026-08-11 17:03:41,695 	Perf Stats: trainer.rollout_collect: 0.286 trainer.sample_action: 0.003 trainer.obs_insert: 0.000 trainer.step_env: 0.005 trainer.update_stats: 0.001 trainer.update_agent: 0.035
2026-08-11 17:03:44,832 update: 2070	fps: 493.770	
2026-08-11 17:03:44,832 Num updates: 2070	Num frames 331200
2026-08-11 17:03:44,832 Average window size: 50  distance_to_goal: 0.471  distance_to_goal_reward: 0.000  reward: 3.942  spl: 0.599  success: 0.702
2026-08-11 17:03:44,832 	Perf Stats: trainer.rollout_collect: 0.286 trainer.sample_action: 0.003 trainer.obs_insert: 0.000 trainer.step_env: 0.005 trainer.update_stats: 0.001 trainer.update_agent: 0.035
2026-08-11 17:03:47,937 update: 2080	fps: 493.869	
2026-08-11 17:03:47,938 Num updates: 2080	Num frames 332800
2026-08-11 17:03:47,938 Average window size: 50  distance_to_goal: 0.542  distance_to_goal_reward: 0.000  reward: 3.732  spl: 0.573  success: 0.672
2026-08-11 17:03:47,938 	Perf Stats: trainer.rollout_collect: 0.286 trainer.sample_action: 0.003 trainer.obs_insert: 0.000 trainer.step_env: 0.005 trainer.update_stats: 0.001 trainer.update_agent: 0.035
2026-08-11 17:03:51,043 update: 2090	fps: 493.967	
2026-08-11 17:03:51,043 Num updates: 2090	Num frames 334400
2026-08-11 17:03:51,043 Average window size: 50  distance_to_goal: 0.645  distance_to_goal_reward: 0.000  reward: 3.516  spl: 0.572  success: 0.677
2026-08-11 17:03:51,043 	Perf Stats: trainer.rollout_collect: 0.286 trainer.sample_action: 0.003 trainer.obs_insert: 0.000 trainer.step_env: 0.005 trainer.update_stats: 0.001 trainer.update_agent: 0.035
2026-08-11 17:03:54,231 update: 2100	fps: 494.003	
2026-08-11 17:03:54,231 Num updates: 2100	Num frames 336000
2026-08-11 17:03:54,232 Average window size: 50  distance_to_goal: 0.752  distance_to_goal_reward: -0.000  reward: 3.419  spl: 0.638  success: 0.757
2026-08-11 17:03:54,232 	Perf Stats: trainer.rollout_collect: 0.286 trainer.sample_action: 0.003 trainer.obs_insert: 0.000 trainer.step_env: 0.005 trainer.update_stats: 0.001 trainer.update_agent: 0.035
2026-08-11 17:03:57,341 update: 2110	fps: 494.097	
2026-08-11 17:03:57,341 Num updates: 2110	Num frames 337600
2026-08-11 17:03:57,342 Average window size: 50  distance_to_goal: 0.736  distance_to_goal_reward: -0.000  reward: 3.673  spl: 0.663  success: 0.792
2026-08-11 17:03:57,342 	Perf Stats: trainer.rollout_collect: 0.286 trainer.sample_action: 0.003 trainer.obs_insert: 0.000 trainer.step_env: 0.005 trainer.update_stats: 0.001 trainer.update_agent: 0.035
2026-08-11 17:04:00,441 update: 2120	fps: 494.196	
2026-08-11 17:04:00,441 Num updates: 2120	Num frames 339200
2026-08-11 17:04:00,441 Average window size: 50  distance_to_goal: 0.650  distance_to_goal_reward: -0.000  reward: 3.603  spl: 0.679  success: 0.813
2026-08-11 17:04:00,441 	Perf Stats: trainer.rollout_collect: 0.286 trainer.sample_action: 0.003 trainer.obs_insert: 0.000 trainer.step_env: 0.005 trainer.update_stats: 0.001 trainer.update_agent: 0.035
2026-08-11 17:04:03,558 update: 2130	fps: 494.283	
2026-08-11 17:04:03,558 Num updates: 2130	Num frames 340800
2026-08-11 17:04:03,558 Average window size: 50  distance_to_goal: 0.760  distance_to_goal_reward: -0.000  reward: 4.058  spl: 0.714  success: 0.846
2026-08-11 17:04:03,558 	Perf Stats: trainer.rollout_collect: 0.286 trainer.sample_action: 0.003 trainer.obs_insert: 0.000 trainer.step_env: 0.005 trainer.update_stats: 0.001 trainer.update_agent: 0.035
PluginManager::Manager: duplicate static plugin StbImageImporter, ignoring
PluginManager::Manager: duplicate static plugin GltfImporter, ignoring
PluginManager::Manager: duplicate static plugin BasisImporter, ignoring
PluginManager::Manager: duplicate static plugin AssimpImporter, ignoring
PluginManager::Manager: duplicate static plugin AnySceneImporter, ignoring
PluginManager::Manager: duplicate static plugin AnyImageImporter, ignoring
Renderer: NVIDIA GeForce RTX 4070/PCIe/SSE2 by NVIDIA Corporation
OpenGL version: 4.6.0 NVIDIA 580.173.02
Using optional features:
    GL_ARB_vertex_array_object
    GL_ARB_separate_shader_objects
    GL_ARB_robustness
    GL_ARB_texture_storage
    GL_ARB_texture_view
    GL_ARB_framebuffer_no_attachments
    GL_ARB_invalidate_subdata
    GL_ARB_texture_storage_multisample
    GL_ARB_multi_bind
    GL_ARB_direct_state_access
    GL_ARB_get_texture_sub_image
    GL_ARB_texture_filter_anisotropic
    GL_KHR_debug
    GL_KHR_parallel_shader_compile
    GL_NV_depth_buffer_float
Using driver workarounds:
    no-forward-compatible-core-context
    nv-egl-incorrect-gl11-function-pointers
    no-layout-qualifiers-on-old-glsl
    nv-zero-context-profile-mask
    nv-implementation-color-read-format-dsa-broken
    nv-cubemap-inconsistent-compressed-image-size
    nv-cubemap-broken-full-compressed-image-query
    nv-compressed-block-size-in-bits
[17:04:04:636674]:[Warning]:[Scene] SemanticScene.h(331)::checkFileExists : ::loadSemanticSceneDescriptor: File `data/scene_datasets/habitat-test-scenes/skokloster-castle.scn` does not exist.  Aborting load.
[17:04:04:636691]:[Warning]:[Scene] SemanticScene.cpp(123)::loadSemanticSceneDescriptor : SSD File Naming Issue! Neither SemanticAttributes-provided name : `data/scene_datasets/habitat-test-scenes/skokloster-castle.scn` nor constructed filename : `data/scene_datasets/habitat-test-scenes/info_semantic.json` exist on disk.
[17:04:04:636697]:[Error]:[Scene] SemanticScene.cpp(139)::loadSemanticSceneDescriptor : SSD Load Failure! File with SemanticAttributes-provided name `data/scene_datasets/habitat-test-scenes/skokloster-castle.scn` exists but failed to load.
[17:04:05:242672]:[Warning]:[Sim] Simulator.cpp(595)::instanceStageForSceneAttributes : The active scene does not contain semantic annotations : activeSemanticSceneID_ = 0
2026-08-11 17:04:07,303 update: 2140	fps: 493.921	
2026-08-11 17:04:07,303 Num updates: 2140	Num frames 342400
2026-08-11 17:04:07,303 Average window size: 50  distance_to_goal: 0.679  distance_to_goal_reward: -0.000  reward: 4.364  spl: 0.735  success: 0.874
2026-08-11 17:04:07,303 	Perf Stats: trainer.rollout_collect: 0.286 trainer.sample_action: 0.003 trainer.obs_insert: 0.000 trainer.step_env: 0.005 trainer.update_stats: 0.001 trainer.update_agent: 0.035
2026-08-11 17:04:10,425 update: 2150	fps: 494.004	
2026-08-11 17:04:10,425 Num updates: 2150	Num frames 344000
2026-08-11 17:04:10,425 Average window size: 50  distance_to_goal: 0.800  distance_to_goal_reward: 0.000  reward: 4.658  spl: 0.730  success: 0.867
2026-08-11 17:04:10,425 	Perf Stats: trainer.rollout_collect: 0.286 trainer.sample_action: 0.003 trainer.obs_insert: 0.000 trainer.step_env: 0.005 trainer.update_stats: 0.001 trainer.update_agent: 0.035
2026-08-11 17:04:13,563 update: 2160	fps: 494.075	
2026-08-11 17:04:13,563 Num updates: 2160	Num frames 345600
2026-08-11 17:04:13,563 Average window size: 50  distance_to_goal: 0.817  distance_to_goal_reward: 0.000  reward: 4.470  spl: 0.712  success: 0.851
2026-08-11 17:04:13,563 	Perf Stats: trainer.rollout_collect: 0.286 trainer.sample_action: 0.003 trainer.obs_insert: 0.000 trainer.step_env: 0.005 trainer.update_stats: 0.001 trainer.update_agent: 0.035
2026-08-11 17:04:16,692 update: 2170	fps: 494.152	
2026-08-11 17:04:16,692 Num updates: 2170	Num frames 347200
2026-08-11 17:04:16,692 Average window size: 50  distance_to_goal: 0.951  distance_to_goal_reward: 0.000  reward: 4.766  spl: 0.645  success: 0.770
2026-08-11 17:04:16,692 	Perf Stats: trainer.rollout_collect: 0.286 trainer.sample_action: 0.003 trainer.obs_insert: 0.000 trainer.step_env: 0.005 trainer.update_stats: 0.001 trainer.update_agent: 0.035
2026-08-11 17:04:19,829 update: 2180	fps: 494.223	
2026-08-11 17:04:19,829 Num updates: 2180	Num frames 348800
2026-08-11 17:04:19,829 Average window size: 50  distance_to_goal: 1.370  distance_to_goal_reward: 0.000  reward: 4.094  spl: 0.537  success: 0.652
2026-08-11 17:04:19,829 	Perf Stats: trainer.rollout_collect: 0.286 trainer.sample_action: 0.003 trainer.obs_insert: 0.000 trainer.step_env: 0.005 trainer.update_stats: 0.001 trainer.update_agent: 0.035
2026-08-11 17:04:22,961 update: 2190	fps: 494.296	
2026-08-11 17:04:22,961 Num updates: 2190	Num frames 350400
2026-08-11 17:04:22,961 Average window size: 50  distance_to_goal: 2.599  distance_to_goal_reward: -0.001  reward: 3.492  spl: 0.425  success: 0.514
2026-08-11 17:04:22,961 	Perf Stats: trainer.rollout_collect: 0.286 trainer.sample_action: 0.003 trainer.obs_insert: 0.000 trainer.step_env: 0.005 trainer.update_stats: 0.001 trainer.update_agent: 0.035
2026-08-11 17:04:26,207 update: 2200	fps: 494.290	
2026-08-11 17:04:26,207 Num updates: 2200	Num frames 352000
2026-08-11 17:04:26,207 Average window size: 50  distance_to_goal: 1.834  distance_to_goal_reward: -0.005  reward: 4.755  spl: 0.475  success: 0.581
2026-08-11 17:04:26,207 	Perf Stats: trainer.rollout_collect: 0.286 trainer.sample_action: 0.003 trainer.obs_insert: 0.000 trainer.step_env: 0.005 trainer.update_stats: 0.001 trainer.update_agent: 0.035
PluginManager::Manager: duplicate static plugin StbImageImporter, ignoring
PluginManager::Manager: duplicate static plugin GltfImporter, ignoring
PluginManager::Manager: duplicate static plugin BasisImporter, ignoring
PluginManager::Manager: duplicate static plugin AssimpImporter, ignoring
PluginManager::Manager: duplicate static plugin AnySceneImporter, ignoring
PluginManager::Manager: duplicate static plugin AnyImageImporter, ignoring
Renderer: NVIDIA GeForce RTX 4070/PCIe/SSE2 by NVIDIA Corporation
OpenGL version: 4.6.0 NVIDIA 580.173.02
Using optional features:
    GL_ARB_vertex_array_object
    GL_ARB_separate_shader_objects
    GL_ARB_robustness
    GL_ARB_texture_storage
    GL_ARB_texture_view
    GL_ARB_framebuffer_no_attachments
    GL_ARB_invalidate_subdata
    GL_ARB_texture_storage_multisample
    GL_ARB_multi_bind
    GL_ARB_direct_state_access
    GL_ARB_get_texture_sub_image
    GL_ARB_texture_filter_anisotropic
    GL_KHR_debug
    GL_KHR_parallel_shader_compile
    GL_NV_depth_buffer_float
Using driver workarounds:
    no-forward-compatible-core-context
    nv-egl-incorrect-gl11-function-pointers
    no-layout-qualifiers-on-old-glsl
    nv-zero-context-profile-mask
    nv-implementation-color-read-format-dsa-broken
    nv-cubemap-inconsistent-compressed-image-size
    nv-cubemap-broken-full-compressed-image-query
    nv-compressed-block-size-in-bits
[17:04:28:284911]:[Warning]:[Scene] SemanticScene.h(331)::checkFileExists : ::loadSemanticSceneDescriptor: File `data/scene_datasets/habitat-test-scenes/van-gogh-room.scn` does not exist.  Aborting load.
[17:04:28:284927]:[Warning]:[Scene] SemanticScene.cpp(123)::loadSemanticSceneDescriptor : SSD File Naming Issue! Neither SemanticAttributes-provided name : `data/scene_datasets/habitat-test-scenes/van-gogh-room.scn` nor constructed filename : `data/scene_datasets/habitat-test-scenes/info_semantic.json` exist on disk.
[17:04:28:284932]:[Error]:[Scene] SemanticScene.cpp(139)::loadSemanticSceneDescriptor : SSD Load Failure! File with SemanticAttributes-provided name `data/scene_datasets/habitat-test-scenes/van-gogh-room.scn` exists but failed to load.
[17:04:28:757411]:[Warning]:[Sim] Simulator.cpp(595)::instanceStageForSceneAttributes : The active scene does not contain semantic annotations : activeSemanticSceneID_ = 0
2026-08-11 17:04:29,855 update: 2210	fps: 494.006	
2026-08-11 17:04:29,855 Num updates: 2210	Num frames 353600
2026-08-11 17:04:29,855 Average window size: 50  distance_to_goal: 1.673  distance_to_goal_reward: -0.004  reward: 5.178  spl: 0.558  success: 0.667
2026-08-11 17:04:29,855 	Perf Stats: trainer.rollout_collect: 0.286 trainer.sample_action: 0.003 trainer.obs_insert: 0.000 trainer.step_env: 0.005 trainer.update_stats: 0.001 trainer.update_agent: 0.035
2026-08-11 17:04:32,943 update: 2220	fps: 494.109	
2026-08-11 17:04:32,943 Num updates: 2220	Num frames 355200
2026-08-11 17:04:32,943 Average window size: 50  distance_to_goal: 1.292  distance_to_goal_reward: -0.003  reward: 4.970  spl: 0.607  success: 0.738
2026-08-11 17:04:32,943 	Perf Stats: trainer.rollout_collect: 0.286 trainer.sample_action: 0.003 trainer.obs_insert: 0.000 trainer.step_env: 0.005 trainer.update_stats: 0.001 trainer.update_agent: 0.035
2026-08-11 17:04:36,075 update: 2230	fps: 494.182	
2026-08-11 17:04:36,075 Num updates: 2230	Num frames 356800
2026-08-11 17:04:36,075 Average window size: 50  distance_to_goal: 0.816  distance_to_goal_reward: -0.002  reward: 5.276  spl: 0.633  success: 0.766
2026-08-11 17:04:36,076 	Perf Stats: trainer.rollout_collect: 0.286 trainer.sample_action: 0.003 trainer.obs_insert: 0.000 trainer.step_env: 0.005 trainer.update_stats: 0.001 trainer.update_agent: 0.035
2026-08-11 17:04:39,163 update: 2240	fps: 494.284	
2026-08-11 17:04:39,163 Num updates: 2240	Num frames 358400
2026-08-11 17:04:39,163 Average window size: 50  distance_to_goal: 0.402  distance_to_goal_reward: -0.002  reward: 5.850  spl: 0.677  success: 0.817
2026-08-11 17:04:39,163 	Perf Stats: trainer.rollout_collect: 0.286 trainer.sample_action: 0.003 trainer.obs_insert: 0.000 trainer.step_env: 0.005 trainer.update_stats: 0.001 trainer.update_agent: 0.035
2026-08-11 17:04:42,271 update: 2250	fps: 494.372	
2026-08-11 17:04:42,271 Num updates: 2250	Num frames 360000
2026-08-11 17:04:42,271 Average window size: 50  distance_to_goal: 0.755  distance_to_goal_reward: 0.000  reward: 5.208  spl: 0.679  success: 0.830
2026-08-11 17:04:42,271 	Perf Stats: trainer.rollout_collect: 0.286 trainer.sample_action: 0.003 trainer.obs_insert: 0.000 trainer.step_env: 0.005 trainer.update_stats: 0.001 trainer.update_agent: 0.035
2026-08-11 17:04:45,399 update: 2260	fps: 494.445	
2026-08-11 17:04:45,400 Num updates: 2260	Num frames 361600
2026-08-11 17:04:45,400 Average window size: 50  distance_to_goal: 0.560  distance_to_goal_reward: 0.000  reward: 5.386  spl: 0.729  success: 0.872
2026-08-11 17:04:45,400 	Perf Stats: trainer.rollout_collect: 0.286 trainer.sample_action: 0.003 trainer.obs_insert: 0.000 trainer.step_env: 0.005 trainer.update_stats: 0.001 trainer.update_agent: 0.035
2026-08-11 17:04:48,524 update: 2270	fps: 494.520	
2026-08-11 17:04:48,524 Num updates: 2270	Num frames 363200
2026-08-11 17:04:48,524 Average window size: 50  distance_to_goal: 0.546  distance_to_goal_reward: 0.000  reward: 5.329  spl: 0.703  success: 0.853
2026-08-11 17:04:48,524 	Perf Stats: trainer.rollout_collect: 0.286 trainer.sample_action: 0.003 trainer.obs_insert: 0.000 trainer.step_env: 0.005 trainer.update_stats: 0.001 trainer.update_agent: 0.035
2026-08-11 17:04:51,643 update: 2280	fps: 494.598	
2026-08-11 17:04:51,643 Num updates: 2280	Num frames 364800
2026-08-11 17:04:51,643 Average window size: 50  distance_to_goal: 0.484  distance_to_goal_reward: 0.000  reward: 5.285  spl: 0.725  success: 0.875
2026-08-11 17:04:51,643 	Perf Stats: trainer.rollout_collect: 0.286 trainer.sample_action: 0.003 trainer.obs_insert: 0.000 trainer.step_env: 0.005 trainer.update_stats: 0.001 trainer.update_agent: 0.035
2026-08-11 17:04:54,777 update: 2290	fps: 494.665	
2026-08-11 17:04:54,777 Num updates: 2290	Num frames 366400
2026-08-11 17:04:54,777 Average window size: 50  distance_to_goal: 0.324  distance_to_goal_reward: 0.000  reward: 4.724  spl: 0.694  success: 0.839
2026-08-11 17:04:54,777 	Perf Stats: trainer.rollout_collect: 0.286 trainer.sample_action: 0.003 trainer.obs_insert: 0.000 trainer.step_env: 0.005 trainer.update_stats: 0.001 trainer.update_agent: 0.035
2026-08-11 17:04:58,087 update: 2300	fps: 494.615	
2026-08-11 17:04:58,087 Num updates: 2300	Num frames 368000
2026-08-11 17:04:58,087 Average window size: 50  distance_to_goal: 0.357  distance_to_goal_reward: 0.000  reward: 4.496  spl: 0.682  success: 0.826
2026-08-11 17:04:58,087 	Perf Stats: trainer.rollout_collect: 0.286 trainer.sample_action: 0.003 trainer.obs_insert: 0.000 trainer.step_env: 0.005 trainer.update_stats: 0.001 trainer.update_agent: 0.035
PluginManager::Manager: duplicate static plugin StbImageImporter, ignoring
PluginManager::Manager: duplicate static plugin GltfImporter, ignoring
PluginManager::Manager: duplicate static plugin BasisImporter, ignoring
PluginManager::Manager: duplicate static plugin AssimpImporter, ignoring
PluginManager::Manager: duplicate static plugin AnySceneImporter, ignoring
PluginManager::Manager: duplicate static plugin AnyImageImporter, ignoring
Renderer: NVIDIA GeForce RTX 4070/PCIe/SSE2 by NVIDIA Corporation
OpenGL version: 4.6.0 NVIDIA 580.173.02
Using optional features:
    GL_ARB_vertex_array_object
    GL_ARB_separate_shader_objects
    GL_ARB_robustness
    GL_ARB_texture_storage
    GL_ARB_texture_view
    GL_ARB_framebuffer_no_attachments
    GL_ARB_invalidate_subdata
    GL_ARB_texture_storage_multisample
    GL_ARB_multi_bind
    GL_ARB_direct_state_access
    GL_ARB_get_texture_sub_image
    GL_ARB_texture_filter_anisotropic
    GL_KHR_debug
    GL_KHR_parallel_shader_compile
    GL_NV_depth_buffer_float
Using driver workarounds:
    no-forward-compatible-core-context
    nv-egl-incorrect-gl11-function-pointers
    no-layout-qualifiers-on-old-glsl
    nv-zero-context-profile-mask
    nv-implementation-color-read-format-dsa-broken
    nv-cubemap-inconsistent-compressed-image-size
    nv-cubemap-broken-full-compressed-image-query
    nv-compressed-block-size-in-bits
[17:04:58:817372]:[Warning]:[Scene] SemanticScene.h(331)::checkFileExists : ::loadSemanticSceneDescriptor: File `data/scene_datasets/habitat-test-scenes/van-gogh-room.scn` does not exist.  Aborting load.
[17:04:58:817388]:[Warning]:[Scene] SemanticScene.cpp(123)::loadSemanticSceneDescriptor : SSD File Naming Issue! Neither SemanticAttributes-provided name : `data/scene_datasets/habitat-test-scenes/van-gogh-room.scn` nor constructed filename : `data/scene_datasets/habitat-test-scenes/info_semantic.json` exist on disk.
[17:04:58:817393]:[Error]:[Scene] SemanticScene.cpp(139)::loadSemanticSceneDescriptor : SSD Load Failure! File with SemanticAttributes-provided name `data/scene_datasets/habitat-test-scenes/van-gogh-room.scn` exists but failed to load.
[17:04:59:270511]:[Warning]:[Sim] Simulator.cpp(595)::instanceStageForSceneAttributes : The active scene does not contain semantic annotations : activeSemanticSceneID_ = 0
2026-08-11 17:05:01,667 update: 2310	fps: 494.387	
2026-08-11 17:05:01,667 Num updates: 2310	Num frames 369600
2026-08-11 17:05:01,667 Average window size: 50  distance_to_goal: 0.342  distance_to_goal_reward: 0.000  reward: 4.124  spl: 0.673  success: 0.819
2026-08-11 17:05:01,667 	Perf Stats: trainer.rollout_collect: 0.286 trainer.sample_action: 0.003 trainer.obs_insert: 0.000 trainer.step_env: 0.005 trainer.update_stats: 0.001 trainer.update_agent: 0.035
2026-08-11 17:05:04,749 update: 2320	fps: 494.488	
2026-08-11 17:05:04,758 Num updates: 2320	Num frames 371200
2026-08-11 17:05:04,758 Average window size: 50  distance_to_goal: 0.442  distance_to_goal_reward: 0.001  reward: 3.882  spl: 0.689  success: 0.819
2026-08-11 17:05:04,758 	Perf Stats: trainer.rollout_collect: 0.286 trainer.sample_action: 0.003 trainer.obs_insert: 0.000 trainer.step_env: 0.005 trainer.update_stats: 0.001 trainer.update_agent: 0.035
2026-08-11 17:05:07,805 update: 2330	fps: 494.606	
2026-08-11 17:05:07,805 Num updates: 2330	Num frames 372800
2026-08-11 17:05:07,805 Average window size: 50  distance_to_goal: 0.473  distance_to_goal_reward: 0.001  reward: 3.850  spl: 0.689  success: 0.824
2026-08-11 17:05:07,805 	Perf Stats: trainer.rollout_collect: 0.286 trainer.sample_action: 0.003 trainer.obs_insert: 0.000 trainer.step_env: 0.005 trainer.update_stats: 0.001 trainer.update_agent: 0.035
2026-08-11 17:05:10,872 update: 2340	fps: 494.716	
2026-08-11 17:05:10,872 Num updates: 2340	Num frames 374400
2026-08-11 17:05:10,872 Average window size: 50  distance_to_goal: 0.483  distance_to_goal_reward: 0.001  reward: 4.049  spl: 0.718  success: 0.855
2026-08-11 17:05:10,872 	Perf Stats: trainer.rollout_collect: 0.286 trainer.sample_action: 0.003 trainer.obs_insert: 0.000 trainer.step_env: 0.005 trainer.update_stats: 0.001 trainer.update_agent: 0.035
PluginManager::Manager: duplicate static plugin StbImageImporter, ignoring
PluginManager::Manager: duplicate static plugin GltfImporter, ignoring
PluginManager::Manager: duplicate static plugin BasisImporter, ignoring
PluginManager::Manager: duplicate static plugin AssimpImporter, ignoring
PluginManager::Manager: duplicate static plugin AnySceneImporter, ignoring
PluginManager::Manager: duplicate static plugin AnyImageImporter, ignoring
Renderer: NVIDIA GeForce RTX 4070/PCIe/SSE2 by NVIDIA Corporation
OpenGL version: 4.6.0 NVIDIA 580.173.02
Using optional features:
    GL_ARB_vertex_array_object
    GL_ARB_separate_shader_objects
    GL_ARB_robustness
    GL_ARB_texture_storage
    GL_ARB_texture_view
    GL_ARB_framebuffer_no_attachments
    GL_ARB_invalidate_subdata
    GL_ARB_texture_storage_multisample
    GL_ARB_multi_bind
    GL_ARB_direct_state_access
    GL_ARB_get_texture_sub_image
    GL_ARB_texture_filter_anisotropic
    GL_KHR_debug
    GL_KHR_parallel_shader_compile
    GL_NV_depth_buffer_float
Using driver workarounds:
    no-forward-compatible-core-context
    nv-egl-incorrect-gl11-function-pointers
    no-layout-qualifiers-on-old-glsl
    nv-zero-context-profile-mask
    nv-implementation-color-read-format-dsa-broken
    nv-cubemap-inconsistent-compressed-image-size
    nv-cubemap-broken-full-compressed-image-query
    nv-compressed-block-size-in-bits
[17:05:13:304755]:[Warning]:[Scene] SemanticScene.h(331)::checkFileExists : ::loadSemanticSceneDescriptor: File `data/scene_datasets/habitat-test-scenes/skokloster-castle.scn` does not exist.  Aborting load.
[17:05:13:304772]:[Warning]:[Scene] SemanticScene.cpp(123)::loadSemanticSceneDescriptor : SSD File Naming Issue! Neither SemanticAttributes-provided name : `data/scene_datasets/habitat-test-scenes/skokloster-castle.scn` nor constructed filename : `data/scene_datasets/habitat-test-scenes/info_semantic.json` exist on disk.
[17:05:13:304777]:[Error]:[Scene] SemanticScene.cpp(139)::loadSemanticSceneDescriptor : SSD Load Failure! File with SemanticAttributes-provided name `data/scene_datasets/habitat-test-scenes/skokloster-castle.scn` exists but failed to load.
[17:05:13:915493]:[Warning]:[Sim] Simulator.cpp(595)::instanceStageForSceneAttributes : The active scene does not contain semantic annotations : activeSemanticSceneID_ = 0
2026-08-11 17:05:14,592 update: 2350	fps: 494.400	
2026-08-11 17:05:14,592 Num updates: 2350	Num frames 376000
2026-08-11 17:05:14,592 Average window size: 50  distance_to_goal: 0.350  distance_to_goal_reward: 0.001  reward: 4.247  spl: 0.731  success: 0.872
2026-08-11 17:05:14,592 	Perf Stats: trainer.rollout_collect: 0.286 trainer.sample_action: 0.003 trainer.obs_insert: 0.000 trainer.step_env: 0.005 trainer.update_stats: 0.001 trainer.update_agent: 0.035
2026-08-11 17:05:17,734 update: 2360	fps: 494.461	
2026-08-11 17:05:17,734 Num updates: 2360	Num frames 377600
2026-08-11 17:05:17,734 Average window size: 50  distance_to_goal: 0.367  distance_to_goal_reward: 0.001  reward: 4.604  spl: 0.727  success: 0.884
2026-08-11 17:05:17,734 	Perf Stats: trainer.rollout_collect: 0.286 trainer.sample_action: 0.003 trainer.obs_insert: 0.000 trainer.step_env: 0.005 trainer.update_stats: 0.001 trainer.update_agent: 0.035
2026-08-11 17:05:20,844 update: 2370	fps: 494.542	
2026-08-11 17:05:20,845 Num updates: 2370	Num frames 379200
2026-08-11 17:05:20,845 Average window size: 50  distance_to_goal: 0.295  distance_to_goal_reward: 0.000  reward: 4.759  spl: 0.710  success: 0.866
2026-08-11 17:05:20,845 	Perf Stats: trainer.rollout_collect: 0.286 trainer.sample_action: 0.003 trainer.obs_insert: 0.000 trainer.step_env: 0.005 trainer.update_stats: 0.001 trainer.update_agent: 0.035
2026-08-11 17:05:23,967 update: 2380	fps: 494.614	
2026-08-11 17:05:23,967 Num updates: 2380	Num frames 380800
2026-08-11 17:05:23,967 Average window size: 50  distance_to_goal: 0.351  distance_to_goal_reward: 0.000  reward: 4.725  spl: 0.698  success: 0.853
2026-08-11 17:05:23,967 	Perf Stats: trainer.rollout_collect: 0.286 trainer.sample_action: 0.003 trainer.obs_insert: 0.000 trainer.step_env: 0.005 trainer.update_stats: 0.001 trainer.update_agent: 0.035
2026-08-11 17:05:27,090 update: 2390	fps: 494.686	
2026-08-11 17:05:27,090 Num updates: 2390	Num frames 382400
2026-08-11 17:05:27,090 Average window size: 50  distance_to_goal: 0.376  distance_to_goal_reward: 0.000  reward: 4.731  spl: 0.680  success: 0.826
2026-08-11 17:05:27,090 	Perf Stats: trainer.rollout_collect: 0.286 trainer.sample_action: 0.003 trainer.obs_insert: 0.000 trainer.step_env: 0.005 trainer.update_stats: 0.001 trainer.update_agent: 0.035
PluginManager::Manager: duplicate static plugin StbImageImporter, ignoring
PluginManager::Manager: duplicate static plugin GltfImporter, ignoring
PluginManager::Manager: duplicate static plugin BasisImporter, ignoring
PluginManager::Manager: duplicate static plugin AssimpImporter, ignoring
PluginManager::Manager: duplicate static plugin AnySceneImporter, ignoring
PluginManager::Manager: duplicate static plugin AnyImageImporter, ignoring
Renderer: NVIDIA GeForce RTX 4070/PCIe/SSE2 by NVIDIA Corporation
OpenGL version: 4.6.0 NVIDIA 580.173.02
Using optional features:
    GL_ARB_vertex_array_object
    GL_ARB_separate_shader_objects
    GL_ARB_robustness
    GL_ARB_texture_storage
    GL_ARB_texture_view
    GL_ARB_framebuffer_no_attachments
    GL_ARB_invalidate_subdata
    GL_ARB_texture_storage_multisample
    GL_ARB_multi_bind
    GL_ARB_direct_state_access
    GL_ARB_get_texture_sub_image
    GL_ARB_texture_filter_anisotropic
    GL_KHR_debug
    GL_KHR_parallel_shader_compile
    GL_NV_depth_buffer_float
Using driver workarounds:
    no-forward-compatible-core-context
    nv-egl-incorrect-gl11-function-pointers
    no-layout-qualifiers-on-old-glsl
    nv-zero-context-profile-mask
    nv-implementation-color-read-format-dsa-broken
    nv-cubemap-inconsistent-compressed-image-size
    nv-cubemap-broken-full-compressed-image-query
    nv-compressed-block-size-in-bits
[17:05:27:136597]:[Warning]:[Scene] SemanticScene.h(331)::checkFileExists : ::loadSemanticSceneDescriptor: File `data/scene_datasets/habitat-test-scenes/van-gogh-room.scn` does not exist.  Aborting load.
[17:05:27:136613]:[Warning]:[Scene] SemanticScene.cpp(123)::loadSemanticSceneDescriptor : SSD File Naming Issue! Neither SemanticAttributes-provided name : `data/scene_datasets/habitat-test-scenes/van-gogh-room.scn` nor constructed filename : `data/scene_datasets/habitat-test-scenes/info_semantic.json` exist on disk.
[17:05:27:136618]:[Error]:[Scene] SemanticScene.cpp(139)::loadSemanticSceneDescriptor : SSD Load Failure! File with SemanticAttributes-provided name `data/scene_datasets/habitat-test-scenes/van-gogh-room.scn` exists but failed to load.
[17:05:27:566920]:[Warning]:[Sim] Simulator.cpp(595)::instanceStageForSceneAttributes : The active scene does not contain semantic annotations : activeSemanticSceneID_ = 0
2026-08-11 17:05:30,714 update: 2400	fps: 494.437	
2026-08-11 17:05:30,714 Num updates: 2400	Num frames 384000
2026-08-11 17:05:30,715 Average window size: 50  distance_to_goal: 0.390  distance_to_goal_reward: 0.000  reward: 4.509  spl: 0.684  success: 0.811
2026-08-11 17:05:30,715 	Perf Stats: trainer.rollout_collect: 0.286 trainer.sample_action: 0.003 trainer.obs_insert: 0.000 trainer.step_env: 0.005 trainer.update_stats: 0.001 trainer.update_agent: 0.035
2026-08-11 17:05:33,784 update: 2410	fps: 494.543	
2026-08-11 17:05:33,785 Num updates: 2410	Num frames 385600
2026-08-11 17:05:33,785 Average window size: 50  distance_to_goal: 0.446  distance_to_goal_reward: -0.000  reward: 4.082  spl: 0.686  success: 0.800
2026-08-11 17:05:33,785 	Perf Stats: trainer.rollout_collect: 0.286 trainer.sample_action: 0.003 trainer.obs_insert: 0.000 trainer.step_env: 0.005 trainer.update_stats: 0.001 trainer.update_agent: 0.035
2026-08-11 17:05:36,864 update: 2420	fps: 494.641	
2026-08-11 17:05:36,864 Num updates: 2420	Num frames 387200
2026-08-11 17:05:36,864 Average window size: 50  distance_to_goal: 0.499  distance_to_goal_reward: -0.000  reward: 3.857  spl: 0.708  success: 0.821
2026-08-11 17:05:36,864 	Perf Stats: trainer.rollout_collect: 0.286 trainer.sample_action: 0.003 trainer.obs_insert: 0.000 trainer.step_env: 0.005 trainer.update_stats: 0.001 trainer.update_agent: 0.035
2026-08-11 17:05:39,946 update: 2430	fps: 494.737	
2026-08-11 17:05:39,946 Num updates: 2430	Num frames 388800
2026-08-11 17:05:39,946 Average window size: 50  distance_to_goal: 0.388  distance_to_goal_reward: -0.000  reward: 4.052  spl: 0.736  success: 0.859
2026-08-11 17:05:39,946 	Perf Stats: trainer.rollout_collect: 0.286 trainer.sample_action: 0.003 trainer.obs_insert: 0.000 trainer.step_env: 0.005 trainer.update_stats: 0.001 trainer.update_agent: 0.035
2026-08-11 17:05:43,013 update: 2440	fps: 494.842	
2026-08-11 17:05:43,013 Num updates: 2440	Num frames 390400
2026-08-11 17:05:43,013 Average window size: 50  distance_to_goal: 0.377  distance_to_goal_reward: 0.001  reward: 3.871  spl: 0.742  success: 0.867
2026-08-11 17:05:43,013 	Perf Stats: trainer.rollout_collect: 0.286 trainer.sample_action: 0.003 trainer.obs_insert: 0.000 trainer.step_env: 0.005 trainer.update_stats: 0.001 trainer.update_agent: 0.035
2026-08-11 17:05:46,107 update: 2450	fps: 494.929	
2026-08-11 17:05:46,107 Num updates: 2450	Num frames 392000
2026-08-11 17:05:46,108 Average window size: 50  distance_to_goal: 0.386  distance_to_goal_reward: 0.001  reward: 3.749  spl: 0.735  success: 0.861
2026-08-11 17:05:46,108 	Perf Stats: trainer.rollout_collect: 0.285 trainer.sample_action: 0.003 trainer.obs_insert: 0.000 trainer.step_env: 0.005 trainer.update_stats: 0.001 trainer.update_agent: 0.035
2026-08-11 17:05:49,172 update: 2460	fps: 495.033	
2026-08-11 17:05:49,172 Num updates: 2460	Num frames 393600
2026-08-11 17:05:49,172 Average window size: 50  distance_to_goal: 0.331  distance_to_goal_reward: 0.001  reward: 4.069  spl: 0.755  success: 0.890
2026-08-11 17:05:49,172 	Perf Stats: trainer.rollout_collect: 0.285 trainer.sample_action: 0.003 trainer.obs_insert: 0.000 trainer.step_env: 0.005 trainer.update_stats: 0.001 trainer.update_agent: 0.035
2026-08-11 17:05:52,250 update: 2470	fps: 495.129	
2026-08-11 17:05:52,250 Num updates: 2470	Num frames 395200
2026-08-11 17:05:52,250 Average window size: 50  distance_to_goal: 0.287  distance_to_goal_reward: 0.001  reward: 4.161  spl: 0.743  success: 0.880
2026-08-11 17:05:52,250 	Perf Stats: trainer.rollout_collect: 0.285 trainer.sample_action: 0.003 trainer.obs_insert: 0.000 trainer.step_env: 0.005 trainer.update_stats: 0.001 trainer.update_agent: 0.035
PluginManager::Manager: duplicate static plugin StbImageImporter, ignoring
PluginManager::Manager: duplicate static plugin GltfImporter, ignoring
PluginManager::Manager: duplicate static plugin BasisImporter, ignoring
PluginManager::Manager: duplicate static plugin AssimpImporter, ignoring
PluginManager::Manager: duplicate static plugin AnySceneImporter, ignoring
PluginManager::Manager: duplicate static plugin AnyImageImporter, ignoring
Renderer: NVIDIA GeForce RTX 4070/PCIe/SSE2 by NVIDIA Corporation
OpenGL version: 4.6.0 NVIDIA 580.173.02
Using optional features:
    GL_ARB_vertex_array_object
    GL_ARB_separate_shader_objects
    GL_ARB_robustness
    GL_ARB_texture_storage
    GL_ARB_texture_view
    GL_ARB_framebuffer_no_attachments
    GL_ARB_invalidate_subdata
    GL_ARB_texture_storage_multisample
    GL_ARB_multi_bind
    GL_ARB_direct_state_access
    GL_ARB_get_texture_sub_image
    GL_ARB_texture_filter_anisotropic
    GL_KHR_debug
    GL_KHR_parallel_shader_compile
    GL_NV_depth_buffer_float
Using driver workarounds:
    no-forward-compatible-core-context
    nv-egl-incorrect-gl11-function-pointers
    no-layout-qualifiers-on-old-glsl
    nv-zero-context-profile-mask
    nv-implementation-color-read-format-dsa-broken
    nv-cubemap-inconsistent-compressed-image-size
    nv-cubemap-broken-full-compressed-image-query
    nv-compressed-block-size-in-bits
[17:05:54:601216]:[Warning]:[Scene] SemanticScene.h(331)::checkFileExists : ::loadSemanticSceneDescriptor: File `data/scene_datasets/habitat-test-scenes/van-gogh-room.scn` does not exist.  Aborting load.
[17:05:54:601232]:[Warning]:[Scene] SemanticScene.cpp(123)::loadSemanticSceneDescriptor : SSD File Naming Issue! Neither SemanticAttributes-provided name : `data/scene_datasets/habitat-test-scenes/van-gogh-room.scn` nor constructed filename : `data/scene_datasets/habitat-test-scenes/info_semantic.json` exist on disk.
[17:05:54:601237]:[Error]:[Scene] SemanticScene.cpp(139)::loadSemanticSceneDescriptor : SSD Load Failure! File with SemanticAttributes-provided name `data/scene_datasets/habitat-test-scenes/van-gogh-room.scn` exists but failed to load.
[17:05:55:036111]:[Warning]:[Sim] Simulator.cpp(595)::instanceStageForSceneAttributes : The active scene does not contain semantic annotations : activeSemanticSceneID_ = 0
2026-08-11 17:05:55,760 update: 2480	fps: 494.957	
2026-08-11 17:05:55,760 Num updates: 2480	Num frames 396800
2026-08-11 17:05:55,760 Average window size: 50  distance_to_goal: 0.289  distance_to_goal_reward: 0.001  reward: 4.080  spl: 0.738  success: 0.872
2026-08-11 17:05:55,760 	Perf Stats: trainer.rollout_collect: 0.285 trainer.sample_action: 0.003 trainer.obs_insert: 0.000 trainer.step_env: 0.005 trainer.update_stats: 0.001 trainer.update_agent: 0.035
2026-08-11 17:05:58,828 update: 2490	fps: 495.058	
2026-08-11 17:05:58,828 Num updates: 2490	Num frames 398400
2026-08-11 17:05:58,828 Average window size: 50  distance_to_goal: 0.337  distance_to_goal_reward: 0.000  reward: 4.073  spl: 0.743  success: 0.881
2026-08-11 17:05:58,828 	Perf Stats: trainer.rollout_collect: 0.285 trainer.sample_action: 0.003 trainer.obs_insert: 0.000 trainer.step_env: 0.005 trainer.update_stats: 0.001 trainer.update_agent: 0.035
2026-08-11 17:06:01,953 update: 2500	fps: 495.124	
2026-08-11 17:06:01,953 Num updates: 2500	Num frames 400000
2026-08-11 17:06:01,953 Average window size: 50  distance_to_goal: 0.309  distance_to_goal_reward: 0.000  reward: 4.138  spl: 0.743  success: 0.884
2026-08-11 17:06:01,953 	Perf Stats: trainer.rollout_collect: 0.285 trainer.sample_action: 0.003 trainer.obs_insert: 0.000 trainer.step_env: 0.005 trainer.update_stats: 0.001 trainer.update_agent: 0.035
2026-08-11 17:06:05,035 update: 2510	fps: 495.215	
2026-08-11 17:06:05,036 Num updates: 2510	Num frames 401600
2026-08-11 17:06:05,036 Average window size: 50  distance_to_goal: 0.345  distance_to_goal_reward: 0.000  reward: 3.851  spl: 0.726  success: 0.858
2026-08-11 17:06:05,036 	Perf Stats: trainer.rollout_collect: 0.285 trainer.sample_action: 0.003 trainer.obs_insert: 0.000 trainer.step_env: 0.005 trainer.update_stats: 0.001 trainer.update_agent: 0.035
2026-08-11 17:06:08,103 update: 2520	fps: 495.314	
2026-08-11 17:06:08,103 Num updates: 2520	Num frames 403200
2026-08-11 17:06:08,103 Average window size: 50  distance_to_goal: 0.267  distance_to_goal_reward: 0.000  reward: 3.902  spl: 0.736  success: 0.871
2026-08-11 17:06:08,103 	Perf Stats: trainer.rollout_collect: 0.285 trainer.sample_action: 0.003 trainer.obs_insert: 0.000 trainer.step_env: 0.005 trainer.update_stats: 0.001 trainer.update_agent: 0.035
2026-08-11 17:06:11,143 update: 2530	fps: 495.429	
2026-08-11 17:06:11,143 Num updates: 2530	Num frames 404800
2026-08-11 17:06:11,144 Average window size: 50  distance_to_goal: 0.275  distance_to_goal_reward: 0.000  reward: 3.735  spl: 0.723  success: 0.852
2026-08-11 17:06:11,144 	Perf Stats: trainer.rollout_collect: 0.285 trainer.sample_action: 0.003 trainer.obs_insert: 0.000 trainer.step_env: 0.005 trainer.update_stats: 0.001 trainer.update_agent: 0.035
2026-08-11 17:06:14,199 update: 2540	fps: 495.534	
2026-08-11 17:06:14,199 Num updates: 2540	Num frames 406400
2026-08-11 17:06:14,199 Average window size: 50  distance_to_goal: 0.215  distance_to_goal_reward: 0.000  reward: 3.752  spl: 0.728  success: 0.855
2026-08-11 17:06:14,199 	Perf Stats: trainer.rollout_collect: 0.285 trainer.sample_action: 0.003 trainer.obs_insert: 0.000 trainer.step_env: 0.005 trainer.update_stats: 0.001 trainer.update_agent: 0.035
PluginManager::Manager: duplicate static plugin StbImageImporter, ignoring
PluginManager::Manager: duplicate static plugin GltfImporter, ignoring
PluginManager::Manager: duplicate static plugin BasisImporter, ignoring
PluginManager::Manager: duplicate static plugin AssimpImporter, ignoring
PluginManager::Manager: duplicate static plugin AnySceneImporter, ignoring
PluginManager::Manager: duplicate static plugin AnyImageImporter, ignoring
Renderer: NVIDIA GeForce RTX 4070/PCIe/SSE2 by NVIDIA Corporation
OpenGL version: 4.6.0 NVIDIA 580.173.02
Using optional features:
    GL_ARB_vertex_array_object
    GL_ARB_separate_shader_objects
    GL_ARB_robustness
    GL_ARB_texture_storage
    GL_ARB_texture_view
    GL_ARB_framebuffer_no_attachments
    GL_ARB_invalidate_subdata
    GL_ARB_texture_storage_multisample
    GL_ARB_multi_bind
    GL_ARB_direct_state_access
    GL_ARB_get_texture_sub_image
    GL_ARB_texture_filter_anisotropic
    GL_KHR_debug
    GL_KHR_parallel_shader_compile
    GL_NV_depth_buffer_float
Using driver workarounds:
    no-forward-compatible-core-context
    nv-egl-incorrect-gl11-function-pointers
    no-layout-qualifiers-on-old-glsl
    nv-zero-context-profile-mask
    nv-implementation-color-read-format-dsa-broken
    nv-cubemap-inconsistent-compressed-image-size
    nv-cubemap-broken-full-compressed-image-query
    nv-compressed-block-size-in-bits
[17:06:16:378212]:[Warning]:[Scene] SemanticScene.h(331)::checkFileExists : ::loadSemanticSceneDescriptor: File `data/scene_datasets/habitat-test-scenes/skokloster-castle.scn` does not exist.  Aborting load.
[17:06:16:378228]:[Warning]:[Scene] SemanticScene.cpp(123)::loadSemanticSceneDescriptor : SSD File Naming Issue! Neither SemanticAttributes-provided name : `data/scene_datasets/habitat-test-scenes/skokloster-castle.scn` nor constructed filename : `data/scene_datasets/habitat-test-scenes/info_semantic.json` exist on disk.
[17:06:16:378233]:[Error]:[Scene] SemanticScene.cpp(139)::loadSemanticSceneDescriptor : SSD Load Failure! File with SemanticAttributes-provided name `data/scene_datasets/habitat-test-scenes/skokloster-castle.scn` exists but failed to load.
[17:06:16:983666]:[Warning]:[Sim] Simulator.cpp(595)::instanceStageForSceneAttributes : The active scene does not contain semantic annotations : activeSemanticSceneID_ = 0
2026-08-11 17:06:17,836 update: 2550	fps: 495.288	
2026-08-11 17:06:17,837 Num updates: 2550	Num frames 408000
2026-08-11 17:06:17,837 Average window size: 50  distance_to_goal: 0.217  distance_to_goal_reward: 0.000  reward: 3.681  spl: 0.721  success: 0.850
2026-08-11 17:06:17,837 	Perf Stats: trainer.rollout_collect: 0.285 trainer.sample_action: 0.003 trainer.obs_insert: 0.000 trainer.step_env: 0.005 trainer.update_stats: 0.001 trainer.update_agent: 0.035
2026-08-11 17:06:20,916 update: 2560	fps: 495.379	
2026-08-11 17:06:20,916 Num updates: 2560	Num frames 409600
2026-08-11 17:06:20,916 Average window size: 50  distance_to_goal: 0.206  distance_to_goal_reward: 0.000  reward: 3.812  spl: 0.730  success: 0.859
2026-08-11 17:06:20,916 	Perf Stats: trainer.rollout_collect: 0.285 trainer.sample_action: 0.003 trainer.obs_insert: 0.000 trainer.step_env: 0.005 trainer.update_stats: 0.001 trainer.update_agent: 0.035
2026-08-11 17:06:23,969 update: 2570	fps: 495.485	
2026-08-11 17:06:23,969 Num updates: 2570	Num frames 411200
2026-08-11 17:06:23,969 Average window size: 50  distance_to_goal: 0.203  distance_to_goal_reward: 0.000  reward: 3.856  spl: 0.734  success: 0.859
2026-08-11 17:06:23,969 	Perf Stats: trainer.rollout_collect: 0.285 trainer.sample_action: 0.003 trainer.obs_insert: 0.000 trainer.step_env: 0.005 trainer.update_stats: 0.001 trainer.update_agent: 0.035
2026-08-11 17:06:27,043 update: 2580	fps: 495.577	
2026-08-11 17:06:27,043 Num updates: 2580	Num frames 412800
2026-08-11 17:06:27,043 Average window size: 50  distance_to_goal: 0.216  distance_to_goal_reward: 0.000  reward: 4.068  spl: 0.722  success: 0.852
2026-08-11 17:06:27,043 	Perf Stats: trainer.rollout_collect: 0.285 trainer.sample_action: 0.003 trainer.obs_insert: 0.000 trainer.step_env: 0.005 trainer.update_stats: 0.001 trainer.update_agent: 0.035
2026-08-11 17:06:30,124 update: 2590	fps: 495.664	
2026-08-11 17:06:30,124 Num updates: 2590	Num frames 414400
2026-08-11 17:06:30,124 Average window size: 50  distance_to_goal: 0.222  distance_to_goal_reward: 0.000  reward: 4.133  spl: 0.739  success: 0.875
2026-08-11 17:06:30,124 	Perf Stats: trainer.rollout_collect: 0.285 trainer.sample_action: 0.003 trainer.obs_insert: 0.000 trainer.step_env: 0.005 trainer.update_stats: 0.001 trainer.update_agent: 0.035
2026-08-11 17:06:33,303 update: 2600	fps: 495.693	
2026-08-11 17:06:33,304 Num updates: 2600	Num frames 416000
2026-08-11 17:06:33,304 Average window size: 50  distance_to_goal: 0.238  distance_to_goal_reward: 0.000  reward: 4.284  spl: 0.740  success: 0.873
2026-08-11 17:06:33,304 	Perf Stats: trainer.rollout_collect: 0.285 trainer.sample_action: 0.003 trainer.obs_insert: 0.000 trainer.step_env: 0.005 trainer.update_stats: 0.001 trainer.update_agent: 0.035
2026-08-11 17:06:36,363 update: 2610	fps: 495.792	
2026-08-11 17:06:36,363 Num updates: 2610	Num frames 417600
2026-08-11 17:06:36,363 Average window size: 50  distance_to_goal: 0.223  distance_to_goal_reward: 0.000  reward: 4.308  spl: 0.752  success: 0.888
2026-08-11 17:06:36,363 	Perf Stats: trainer.rollout_collect: 0.285 trainer.sample_action: 0.003 trainer.obs_insert: 0.000 trainer.step_env: 0.005 trainer.update_stats: 0.001 trainer.update_agent: 0.035
2026-08-11 17:06:39,410 update: 2620	fps: 495.898	
2026-08-11 17:06:39,410 Num updates: 2620	Num frames 419200
2026-08-11 17:06:39,410 Average window size: 50  distance_to_goal: 0.308  distance_to_goal_reward: 0.000  reward: 4.188  spl: 0.734  success: 0.875
2026-08-11 17:06:39,410 	Perf Stats: trainer.rollout_collect: 0.285 trainer.sample_action: 0.003 trainer.obs_insert: 0.000 trainer.step_env: 0.005 trainer.update_stats: 0.001 trainer.update_agent: 0.035
2026-08-11 17:06:42,487 update: 2630	fps: 495.985	
2026-08-11 17:06:42,487 Num updates: 2630	Num frames 420800
2026-08-11 17:06:42,487 Average window size: 50  distance_to_goal: 0.290  distance_to_goal_reward: 0.000  reward: 4.232  spl: 0.762  success: 0.897
2026-08-11 17:06:42,487 	Perf Stats: trainer.rollout_collect: 0.285 trainer.sample_action: 0.003 trainer.obs_insert: 0.000 trainer.step_env: 0.005 trainer.update_stats: 0.001 trainer.update_agent: 0.035
PluginManager::Manager: duplicate static plugin StbImageImporter, ignoring
PluginManager::Manager: duplicate static plugin GltfImporter, ignoring
PluginManager::Manager: duplicate static plugin BasisImporter, ignoring
PluginManager::Manager: duplicate static plugin AssimpImporter, ignoring
PluginManager::Manager: duplicate static plugin AnySceneImporter, ignoring
PluginManager::Manager: duplicate static plugin AnyImageImporter, ignoring
Renderer: NVIDIA GeForce RTX 4070/PCIe/SSE2 by NVIDIA Corporation
OpenGL version: 4.6.0 NVIDIA 580.173.02
Using optional features:
    GL_ARB_vertex_array_object
    GL_ARB_separate_shader_objects
    GL_ARB_robustness
    GL_ARB_texture_storage
    GL_ARB_texture_view
    GL_ARB_framebuffer_no_attachments
    GL_ARB_invalidate_subdata
    GL_ARB_texture_storage_multisample
    GL_ARB_multi_bind
    GL_ARB_direct_state_access
    GL_ARB_get_texture_sub_image
    GL_ARB_texture_filter_anisotropic
    GL_KHR_debug
    GL_KHR_parallel_shader_compile
    GL_NV_depth_buffer_float
Using driver workarounds:
    no-forward-compatible-core-context
    nv-egl-incorrect-gl11-function-pointers
    no-layout-qualifiers-on-old-glsl
    nv-zero-context-profile-mask
    nv-implementation-color-read-format-dsa-broken
    nv-cubemap-inconsistent-compressed-image-size
    nv-cubemap-broken-full-compressed-image-query
    nv-compressed-block-size-in-bits
[17:06:44:462377]:[Warning]:[Scene] SemanticScene.h(331)::checkFileExists : ::loadSemanticSceneDescriptor: File `data/scene_datasets/habitat-test-scenes/van-gogh-room.scn` does not exist.  Aborting load.
[17:06:44:462393]:[Warning]:[Scene] SemanticScene.cpp(123)::loadSemanticSceneDescriptor : SSD File Naming Issue! Neither SemanticAttributes-provided name : `data/scene_datasets/habitat-test-scenes/van-gogh-room.scn` nor constructed filename : `data/scene_datasets/habitat-test-scenes/info_semantic.json` exist on disk.
[17:06:44:462399]:[Error]:[Scene] SemanticScene.cpp(139)::loadSemanticSceneDescriptor : SSD Load Failure! File with SemanticAttributes-provided name `data/scene_datasets/habitat-test-scenes/van-gogh-room.scn` exists but failed to load.
[17:06:44:900036]:[Warning]:[Sim] Simulator.cpp(595)::instanceStageForSceneAttributes : The active scene does not contain semantic annotations : activeSemanticSceneID_ = 0
2026-08-11 17:06:46,003 update: 2640	fps: 495.816	
2026-08-11 17:06:46,003 Num updates: 2640	Num frames 422400
2026-08-11 17:06:46,003 Average window size: 50  distance_to_goal: 0.298  distance_to_goal_reward: 0.000  reward: 4.306  spl: 0.765  success: 0.896
2026-08-11 17:06:46,003 	Perf Stats: trainer.rollout_collect: 0.285 trainer.sample_action: 0.003 trainer.obs_insert: 0.000 trainer.step_env: 0.005 trainer.update_stats: 0.001 trainer.update_agent: 0.035
2026-08-11 17:06:49,018 update: 2650	fps: 495.939	
2026-08-11 17:06:49,019 Num updates: 2650	Num frames 424000
2026-08-11 17:06:49,019 Average window size: 50  distance_to_goal: 0.277  distance_to_goal_reward: 0.000  reward: 4.251  spl: 0.776  success: 0.905
2026-08-11 17:06:49,019 	Perf Stats: trainer.rollout_collect: 0.285 trainer.sample_action: 0.003 trainer.obs_insert: 0.000 trainer.step_env: 0.005 trainer.update_stats: 0.001 trainer.update_agent: 0.035
2026-08-11 17:06:52,057 update: 2660	fps: 496.047	
2026-08-11 17:06:52,057 Num updates: 2660	Num frames 425600
2026-08-11 17:06:52,057 Average window size: 50  distance_to_goal: 0.250  distance_to_goal_reward: 0.000  reward: 4.288  spl: 0.776  success: 0.908
2026-08-11 17:06:52,058 	Perf Stats: trainer.rollout_collect: 0.285 trainer.sample_action: 0.003 trainer.obs_insert: 0.000 trainer.step_env: 0.005 trainer.update_stats: 0.001 trainer.update_agent: 0.035
2026-08-11 17:06:55,095 update: 2670	fps: 496.155	
2026-08-11 17:06:55,095 Num updates: 2670	Num frames 427200
2026-08-11 17:06:55,096 Average window size: 50  distance_to_goal: 0.182  distance_to_goal_reward: 0.000  reward: 4.137  spl: 0.764  success: 0.895
2026-08-11 17:06:55,096 	Perf Stats: trainer.rollout_collect: 0.285 trainer.sample_action: 0.003 trainer.obs_insert: 0.000 trainer.step_env: 0.005 trainer.update_stats: 0.001 trainer.update_agent: 0.035
PluginManager::Manager: duplicate static plugin StbImageImporter, ignoring
PluginManager::Manager: duplicate static plugin GltfImporter, ignoring
PluginManager::Manager: duplicate static plugin BasisImporter, ignoring
PluginManager::Manager: duplicate static plugin AssimpImporter, ignoring
PluginManager::Manager: duplicate static plugin AnySceneImporter, ignoring
PluginManager::Manager: duplicate static plugin AnyImageImporter, ignoring
Renderer: NVIDIA GeForce RTX 4070/PCIe/SSE2 by NVIDIA Corporation
OpenGL version: 4.6.0 NVIDIA 580.173.02
Using optional features:
    GL_ARB_vertex_array_object
    GL_ARB_separate_shader_objects
    GL_ARB_robustness
    GL_ARB_texture_storage
    GL_ARB_texture_view
    GL_ARB_framebuffer_no_attachments
    GL_ARB_invalidate_subdata
    GL_ARB_texture_storage_multisample
    GL_ARB_multi_bind
    GL_ARB_direct_state_access
    GL_ARB_get_texture_sub_image
    GL_ARB_texture_filter_anisotropic
    GL_KHR_debug
    GL_KHR_parallel_shader_compile
    GL_NV_depth_buffer_float
Using driver workarounds:
    no-forward-compatible-core-context
    nv-egl-incorrect-gl11-function-pointers
    no-layout-qualifiers-on-old-glsl
    nv-zero-context-profile-mask
    nv-implementation-color-read-format-dsa-broken
    nv-cubemap-inconsistent-compressed-image-size
    nv-cubemap-broken-full-compressed-image-query
    nv-compressed-block-size-in-bits
[17:06:55:447153]:[Warning]:[Scene] SemanticScene.h(331)::checkFileExists : ::loadSemanticSceneDescriptor: File `data/scene_datasets/habitat-test-scenes/skokloster-castle.scn` does not exist.  Aborting load.
[17:06:55:447170]:[Warning]:[Scene] SemanticScene.cpp(123)::loadSemanticSceneDescriptor : SSD File Naming Issue! Neither SemanticAttributes-provided name : `data/scene_datasets/habitat-test-scenes/skokloster-castle.scn` nor constructed filename : `data/scene_datasets/habitat-test-scenes/info_semantic.json` exist on disk.
[17:06:55:447176]:[Error]:[Scene] SemanticScene.cpp(139)::loadSemanticSceneDescriptor : SSD Load Failure! File with SemanticAttributes-provided name `data/scene_datasets/habitat-test-scenes/skokloster-castle.scn` exists but failed to load.
[17:06:56:050582]:[Warning]:[Sim] Simulator.cpp(595)::instanceStageForSceneAttributes : The active scene does not contain semantic annotations : activeSemanticSceneID_ = 0
2026-08-11 17:06:58,789 update: 2680	fps: 495.886	
2026-08-11 17:06:58,798 Num updates: 2680	Num frames 428800
2026-08-11 17:06:58,798 Average window size: 50  distance_to_goal: 0.212  distance_to_goal_reward: 0.000  reward: 3.944  spl: 0.733  success: 0.864
2026-08-11 17:06:58,798 	Perf Stats: trainer.rollout_collect: 0.285 trainer.sample_action: 0.003 trainer.obs_insert: 0.000 trainer.step_env: 0.005 trainer.update_stats: 0.001 trainer.update_agent: 0.035
2026-08-11 17:07:01,857 update: 2690	fps: 495.977	
2026-08-11 17:07:01,857 Num updates: 2690	Num frames 430400
2026-08-11 17:07:01,857 Average window size: 50  distance_to_goal: 0.200  distance_to_goal_reward: 0.000  reward: 3.945  spl: 0.710  success: 0.853
2026-08-11 17:07:01,857 	Perf Stats: trainer.rollout_collect: 0.285 trainer.sample_action: 0.003 trainer.obs_insert: 0.000 trainer.step_env: 0.005 trainer.update_stats: 0.001 trainer.update_agent: 0.035
2026-08-11 17:07:05,002 update: 2700	fps: 496.022	
2026-08-11 17:07:05,002 Num updates: 2700	Num frames 432000
2026-08-11 17:07:05,003 Average window size: 50  distance_to_goal: 0.205  distance_to_goal_reward: 0.000  reward: 3.848  spl: 0.699  success: 0.854
2026-08-11 17:07:05,003 	Perf Stats: trainer.rollout_collect: 0.285 trainer.sample_action: 0.003 trainer.obs_insert: 0.000 trainer.step_env: 0.005 trainer.update_stats: 0.001 trainer.update_agent: 0.035
2026-08-11 17:07:08,040 update: 2710	fps: 496.129	
2026-08-11 17:07:08,040 Num updates: 2710	Num frames 433600
2026-08-11 17:07:08,040 Average window size: 50  distance_to_goal: 0.251  distance_to_goal_reward: 0.000  reward: 3.717  spl: 0.655  success: 0.808
2026-08-11 17:07:08,040 	Perf Stats: trainer.rollout_collect: 0.285 trainer.sample_action: 0.003 trainer.obs_insert: 0.000 trainer.step_env: 0.005 trainer.update_stats: 0.001 trainer.update_agent: 0.035
2026-08-11 17:07:11,110 update: 2720	fps: 496.217	
2026-08-11 17:07:11,110 Num updates: 2720	Num frames 435200
2026-08-11 17:07:11,110 Average window size: 50  distance_to_goal: 0.274  distance_to_goal_reward: 0.000  reward: 3.974  spl: 0.663  success: 0.827
2026-08-11 17:07:11,110 	Perf Stats: trainer.rollout_collect: 0.285 trainer.sample_action: 0.003 trainer.obs_insert: 0.000 trainer.step_env: 0.005 trainer.update_stats: 0.001 trainer.update_agent: 0.035
2026-08-11 17:07:14,183 update: 2730	fps: 496.302	
2026-08-11 17:07:14,183 Num updates: 2730	Num frames 436800
2026-08-11 17:07:14,183 Average window size: 50  distance_to_goal: 0.284  distance_to_goal_reward: 0.000  reward: 3.948  spl: 0.663  success: 0.822
2026-08-11 17:07:14,183 	Perf Stats: trainer.rollout_collect: 0.285 trainer.sample_action: 0.003 trainer.obs_insert: 0.000 trainer.step_env: 0.005 trainer.update_stats: 0.001 trainer.update_agent: 0.035
2026-08-11 17:07:17,259 update: 2740	fps: 496.385	
2026-08-11 17:07:17,259 Num updates: 2740	Num frames 438400
2026-08-11 17:07:17,259 Average window size: 50  distance_to_goal: 0.275  distance_to_goal_reward: 0.000  reward: 3.754  spl: 0.666  success: 0.813
2026-08-11 17:07:17,259 	Perf Stats: trainer.rollout_collect: 0.285 trainer.sample_action: 0.003 trainer.obs_insert: 0.000 trainer.step_env: 0.005 trainer.update_stats: 0.001 trainer.update_agent: 0.035
PluginManager::Manager: duplicate static plugin StbImageImporter, ignoring
PluginManager::Manager: duplicate static plugin GltfImporter, ignoring
PluginManager::Manager: duplicate static plugin BasisImporter, ignoring
PluginManager::Manager: duplicate static plugin AssimpImporter, ignoring
PluginManager::Manager: duplicate static plugin AnySceneImporter, ignoring
PluginManager::Manager: duplicate static plugin AnyImageImporter, ignoring
Renderer: NVIDIA GeForce RTX 4070/PCIe/SSE2 by NVIDIA Corporation
OpenGL version: 4.6.0 NVIDIA 580.173.02
Using optional features:
    GL_ARB_vertex_array_object
    GL_ARB_separate_shader_objects
    GL_ARB_robustness
    GL_ARB_texture_storage
    GL_ARB_texture_view
    GL_ARB_framebuffer_no_attachments
    GL_ARB_invalidate_subdata
    GL_ARB_texture_storage_multisample
    GL_ARB_multi_bind
    GL_ARB_direct_state_access
    GL_ARB_get_texture_sub_image
    GL_ARB_texture_filter_anisotropic
    GL_KHR_debug
    GL_KHR_parallel_shader_compile
    GL_NV_depth_buffer_float
Using driver workarounds:
    no-forward-compatible-core-context
    nv-egl-incorrect-gl11-function-pointers
    no-layout-qualifiers-on-old-glsl
    nv-zero-context-profile-mask
    nv-implementation-color-read-format-dsa-broken
    nv-cubemap-inconsistent-compressed-image-size
    nv-cubemap-broken-full-compressed-image-query
    nv-compressed-block-size-in-bits
[17:07:18:882370]:[Warning]:[Scene] SemanticScene.h(331)::checkFileExists : ::loadSemanticSceneDescriptor: File `data/scene_datasets/habitat-test-scenes/skokloster-castle.scn` does not exist.  Aborting load.
[17:07:18:882386]:[Warning]:[Scene] SemanticScene.cpp(123)::loadSemanticSceneDescriptor : SSD File Naming Issue! Neither SemanticAttributes-provided name : `data/scene_datasets/habitat-test-scenes/skokloster-castle.scn` nor constructed filename : `data/scene_datasets/habitat-test-scenes/info_semantic.json` exist on disk.
[17:07:18:882391]:[Error]:[Scene] SemanticScene.cpp(139)::loadSemanticSceneDescriptor : SSD Load Failure! File with SemanticAttributes-provided name `data/scene_datasets/habitat-test-scenes/skokloster-castle.scn` exists but failed to load.
[17:07:19:486847]:[Warning]:[Sim] Simulator.cpp(595)::instanceStageForSceneAttributes : The active scene does not contain semantic annotations : activeSemanticSceneID_ = 0
2026-08-11 17:07:20,983 update: 2750	fps: 496.105	
2026-08-11 17:07:20,983 Num updates: 2750	Num frames 440000
2026-08-11 17:07:20,983 Average window size: 50  distance_to_goal: 0.318  distance_to_goal_reward: 0.000  reward: 3.870  spl: 0.645  success: 0.781
2026-08-11 17:07:20,983 	Perf Stats: trainer.rollout_collect: 0.285 trainer.sample_action: 0.003 trainer.obs_insert: 0.000 trainer.step_env: 0.005 trainer.update_stats: 0.001 trainer.update_agent: 0.035
2026-08-11 17:07:24,140 update: 2760	fps: 496.143	
2026-08-11 17:07:24,141 Num updates: 2760	Num frames 441600
2026-08-11 17:07:24,141 Average window size: 50  distance_to_goal: 0.273  distance_to_goal_reward: 0.000  reward: 4.263  spl: 0.693  success: 0.827
2026-08-11 17:07:24,141 	Perf Stats: trainer.rollout_collect: 0.285 trainer.sample_action: 0.003 trainer.obs_insert: 0.000 trainer.step_env: 0.005 trainer.update_stats: 0.001 trainer.update_agent: 0.035
2026-08-11 17:07:27,273 update: 2770	fps: 496.194	
2026-08-11 17:07:27,273 Num updates: 2770	Num frames 443200
2026-08-11 17:07:27,273 Average window size: 50  distance_to_goal: 0.295  distance_to_goal_reward: 0.000  reward: 4.342  spl: 0.693  success: 0.822
2026-08-11 17:07:27,273 	Perf Stats: trainer.rollout_collect: 0.285 trainer.sample_action: 0.003 trainer.obs_insert: 0.000 trainer.step_env: 0.005 trainer.update_stats: 0.001 trainer.update_agent: 0.035
2026-08-11 17:07:30,386 update: 2780	fps: 496.256	
2026-08-11 17:07:30,386 Num updates: 2780	Num frames 444800
2026-08-11 17:07:30,386 Average window size: 50  distance_to_goal: 0.439  distance_to_goal_reward: 0.000  reward: 4.342  spl: 0.681  success: 0.818
2026-08-11 17:07:30,387 	Perf Stats: trainer.rollout_collect: 0.285 trainer.sample_action: 0.003 trainer.obs_insert: 0.000 trainer.step_env: 0.005 trainer.update_stats: 0.001 trainer.update_agent: 0.035
2026-08-11 17:07:33,512 update: 2790	fps: 496.310	
2026-08-11 17:07:33,521 Num updates: 2790	Num frames 446400
2026-08-11 17:07:33,521 Average window size: 50  distance_to_goal: 0.535  distance_to_goal_reward: 0.000  reward: 4.924  spl: 0.690  success: 0.833
2026-08-11 17:07:33,521 	Perf Stats: trainer.rollout_collect: 0.285 trainer.sample_action: 0.003 trainer.obs_insert: 0.000 trainer.step_env: 0.005 trainer.update_stats: 0.001 trainer.update_agent: 0.035
2026-08-11 17:07:36,748 update: 2800	fps: 496.303	
2026-08-11 17:07:36,748 Num updates: 2800	Num frames 448000
2026-08-11 17:07:36,748 Average window size: 50  distance_to_goal: 0.564  distance_to_goal_reward: 0.000  reward: 5.273  spl: 0.729  success: 0.875
2026-08-11 17:07:36,748 	Perf Stats: trainer.rollout_collect: 0.285 trainer.sample_action: 0.003 trainer.obs_insert: 0.000 trainer.step_env: 0.005 trainer.update_stats: 0.001 trainer.update_agent: 0.035
2026-08-11 17:07:39,860 update: 2810	fps: 496.365	
2026-08-11 17:07:39,860 Num updates: 2810	Num frames 449600
2026-08-11 17:07:39,860 Average window size: 50  distance_to_goal: 0.520  distance_to_goal_reward: 0.000  reward: 5.021  spl: 0.707  success: 0.857
2026-08-11 17:07:39,860 	Perf Stats: trainer.rollout_collect: 0.285 trainer.sample_action: 0.003 trainer.obs_insert: 0.000 trainer.step_env: 0.005 trainer.update_stats: 0.001 trainer.update_agent: 0.035
PluginManager::Manager: duplicate static plugin StbImageImporter, ignoring
PluginManager::Manager: duplicate static plugin GltfImporter, ignoring
PluginManager::Manager: duplicate static plugin BasisImporter, ignoring
PluginManager::Manager: duplicate static plugin AssimpImporter, ignoring
PluginManager::Manager: duplicate static plugin AnySceneImporter, ignoring
PluginManager::Manager: duplicate static plugin AnyImageImporter, ignoring
Renderer: NVIDIA GeForce RTX 4070/PCIe/SSE2 by NVIDIA Corporation
OpenGL version: 4.6.0 NVIDIA 580.173.02
Using optional features:
    GL_ARB_vertex_array_object
    GL_ARB_separate_shader_objects
    GL_ARB_robustness
    GL_ARB_texture_storage
    GL_ARB_texture_view
    GL_ARB_framebuffer_no_attachments
    GL_ARB_invalidate_subdata
    GL_ARB_texture_storage_multisample
    GL_ARB_multi_bind
    GL_ARB_direct_state_access
    GL_ARB_get_texture_sub_image
    GL_ARB_texture_filter_anisotropic
    GL_KHR_debug
    GL_KHR_parallel_shader_compile
    GL_NV_depth_buffer_float
Using driver workarounds:
    no-forward-compatible-core-context
    nv-egl-incorrect-gl11-function-pointers
    no-layout-qualifiers-on-old-glsl
    nv-zero-context-profile-mask
    nv-implementation-color-read-format-dsa-broken
    nv-cubemap-inconsistent-compressed-image-size
    nv-cubemap-broken-full-compressed-image-query
    nv-compressed-block-size-in-bits
[17:07:40:578872]:[Warning]:[Scene] SemanticScene.h(331)::checkFileExists : ::loadSemanticSceneDescriptor: File `data/scene_datasets/habitat-test-scenes/skokloster-castle.scn` does not exist.  Aborting load.
[17:07:40:578888]:[Warning]:[Scene] SemanticScene.cpp(123)::loadSemanticSceneDescriptor : SSD File Naming Issue! Neither SemanticAttributes-provided name : `data/scene_datasets/habitat-test-scenes/skokloster-castle.scn` nor constructed filename : `data/scene_datasets/habitat-test-scenes/info_semantic.json` exist on disk.
[17:07:40:578893]:[Error]:[Scene] SemanticScene.cpp(139)::loadSemanticSceneDescriptor : SSD Load Failure! File with SemanticAttributes-provided name `data/scene_datasets/habitat-test-scenes/skokloster-castle.scn` exists but failed to load.
[17:07:41:189151]:[Warning]:[Sim] Simulator.cpp(595)::instanceStageForSceneAttributes : The active scene does not contain semantic annotations : activeSemanticSceneID_ = 0
2026-08-11 17:07:43,663 update: 2820	fps: 496.048	
2026-08-11 17:07:43,672 Num updates: 2820	Num frames 451200
2026-08-11 17:07:43,672 Average window size: 50  distance_to_goal: 0.602  distance_to_goal_reward: 0.000  reward: 5.307  spl: 0.695  success: 0.850
2026-08-11 17:07:43,672 	Perf Stats: trainer.rollout_collect: 0.285 trainer.sample_action: 0.003 trainer.obs_insert: 0.000 trainer.step_env: 0.005 trainer.update_stats: 0.001 trainer.update_agent: 0.035
2026-08-11 17:07:46,868 update: 2830	fps: 496.059	
2026-08-11 17:07:46,869 Num updates: 2830	Num frames 452800
2026-08-11 17:07:46,869 Average window size: 50  distance_to_goal: 0.414  distance_to_goal_reward: 0.000  reward: 5.565  spl: 0.672  success: 0.825
2026-08-11 17:07:46,869 	Perf Stats: trainer.rollout_collect: 0.285 trainer.sample_action: 0.003 trainer.obs_insert: 0.000 trainer.step_env: 0.005 trainer.update_stats: 0.001 trainer.update_agent: 0.035
2026-08-11 17:07:50,084 update: 2840	fps: 496.064	
2026-08-11 17:07:50,084 Num updates: 2840	Num frames 454400
2026-08-11 17:07:50,084 Average window size: 50  distance_to_goal: 0.248  distance_to_goal_reward: 0.000  reward: 5.831  spl: 0.655  success: 0.817
2026-08-11 17:07:50,084 	Perf Stats: trainer.rollout_collect: 0.285 trainer.sample_action: 0.003 trainer.obs_insert: 0.000 trainer.step_env: 0.005 trainer.update_stats: 0.001 trainer.update_agent: 0.035
PluginManager::Manager: duplicate static plugin StbImageImporter, ignoring
PluginManager::Manager: duplicate static plugin GltfImporter, ignoring
PluginManager::Manager: duplicate static plugin BasisImporter, ignoring
PluginManager::Manager: duplicate static plugin AssimpImporter, ignoring
PluginManager::Manager: duplicate static plugin AnySceneImporter, ignoring
PluginManager::Manager: duplicate static plugin AnyImageImporter, ignoring
Renderer: NVIDIA GeForce RTX 4070/PCIe/SSE2 by NVIDIA Corporation
OpenGL version: 4.6.0 NVIDIA 580.173.02
Using optional features:
    GL_ARB_vertex_array_object
    GL_ARB_separate_shader_objects
    GL_ARB_robustness
    GL_ARB_texture_storage
    GL_ARB_texture_view
    GL_ARB_framebuffer_no_attachments
    GL_ARB_invalidate_subdata
    GL_ARB_texture_storage_multisample
    GL_ARB_multi_bind
    GL_ARB_direct_state_access
    GL_ARB_get_texture_sub_image
    GL_ARB_texture_filter_anisotropic
    GL_KHR_debug
    GL_KHR_parallel_shader_compile
    GL_NV_depth_buffer_float
Using driver workarounds:
    no-forward-compatible-core-context
    nv-egl-incorrect-gl11-function-pointers
    no-layout-qualifiers-on-old-glsl
    nv-zero-context-profile-mask
    nv-implementation-color-read-format-dsa-broken
    nv-cubemap-inconsistent-compressed-image-size
    nv-cubemap-broken-full-compressed-image-query
    nv-compressed-block-size-in-bits
[17:07:52:733919]:[Warning]:[Scene] SemanticScene.h(331)::checkFileExists : ::loadSemanticSceneDescriptor: File `data/scene_datasets/habitat-test-scenes/van-gogh-room.scn` does not exist.  Aborting load.
[17:07:52:733935]:[Warning]:[Scene] SemanticScene.cpp(123)::loadSemanticSceneDescriptor : SSD File Naming Issue! Neither SemanticAttributes-provided name : `data/scene_datasets/habitat-test-scenes/van-gogh-room.scn` nor constructed filename : `data/scene_datasets/habitat-test-scenes/info_semantic.json` exist on disk.
[17:07:52:733940]:[Error]:[Scene] SemanticScene.cpp(139)::loadSemanticSceneDescriptor : SSD Load Failure! File with SemanticAttributes-provided name `data/scene_datasets/habitat-test-scenes/van-gogh-room.scn` exists but failed to load.
[17:07:53:203646]:[Warning]:[Sim] Simulator.cpp(595)::instanceStageForSceneAttributes : The active scene does not contain semantic annotations : activeSemanticSceneID_ = 0
2026-08-11 17:07:53,742 update: 2850	fps: 495.831	
2026-08-11 17:07:53,742 Num updates: 2850	Num frames 456000
2026-08-11 17:07:53,742 Average window size: 50  distance_to_goal: 0.254  distance_to_goal_reward: 0.000  reward: 5.688  spl: 0.632  success: 0.797
2026-08-11 17:07:53,742 	Perf Stats: trainer.rollout_collect: 0.285 trainer.sample_action: 0.003 trainer.obs_insert: 0.000 trainer.step_env: 0.005 trainer.update_stats: 0.001 trainer.update_agent: 0.035
2026-08-11 17:07:56,861 update: 2860	fps: 495.889	
2026-08-11 17:07:56,862 Num updates: 2860	Num frames 457600
2026-08-11 17:07:56,862 Average window size: 50  distance_to_goal: 0.239  distance_to_goal_reward: 0.000  reward: 5.820  spl: 0.623  success: 0.791
2026-08-11 17:07:56,862 	Perf Stats: trainer.rollout_collect: 0.285 trainer.sample_action: 0.003 trainer.obs_insert: 0.000 trainer.step_env: 0.005 trainer.update_stats: 0.001 trainer.update_agent: 0.035
2026-08-11 17:07:59,999 update: 2870	fps: 495.936	
2026-08-11 17:07:59,999 Num updates: 2870	Num frames 459200
2026-08-11 17:07:59,999 Average window size: 50  distance_to_goal: 0.301  distance_to_goal_reward: 0.000  reward: 5.287  spl: 0.638  success: 0.798
2026-08-11 17:07:59,999 	Perf Stats: trainer.rollout_collect: 0.285 trainer.sample_action: 0.003 trainer.obs_insert: 0.000 trainer.step_env: 0.005 trainer.update_stats: 0.001 trainer.update_agent: 0.035
2026-08-11 17:08:03,111 update: 2880	fps: 495.997	
2026-08-11 17:08:03,111 Num updates: 2880	Num frames 460800
2026-08-11 17:08:03,111 Average window size: 50  distance_to_goal: 0.471  distance_to_goal_reward: 0.000  reward: 4.640  spl: 0.653  success: 0.802
2026-08-11 17:08:03,112 	Perf Stats: trainer.rollout_collect: 0.285 trainer.sample_action: 0.003 trainer.obs_insert: 0.000 trainer.step_env: 0.005 trainer.update_stats: 0.001 trainer.update_agent: 0.035
2026-08-11 17:08:06,221 update: 2890	fps: 496.059	
2026-08-11 17:08:06,221 Num updates: 2890	Num frames 462400
2026-08-11 17:08:06,221 Average window size: 50  distance_to_goal: 0.547  distance_to_goal_reward: 0.000  reward: 3.903  spl: 0.661  success: 0.798
2026-08-11 17:08:06,221 	Perf Stats: trainer.rollout_collect: 0.285 trainer.sample_action: 0.003 trainer.obs_insert: 0.000 trainer.step_env: 0.005 trainer.update_stats: 0.001 trainer.update_agent: 0.035
2026-08-11 17:08:09,455 update: 2900	fps: 496.054	
2026-08-11 17:08:09,464 Num updates: 2900	Num frames 464000
2026-08-11 17:08:09,464 Average window size: 50  distance_to_goal: 0.703  distance_to_goal_reward: 0.002  reward: 3.403  spl: 0.667  success: 0.794
2026-08-11 17:08:09,464 	Perf Stats: trainer.rollout_collect: 0.285 trainer.sample_action: 0.003 trainer.obs_insert: 0.000 trainer.step_env: 0.005 trainer.update_stats: 0.001 trainer.update_agent: 0.035
2026-08-11 17:08:12,574 update: 2910	fps: 496.111	
2026-08-11 17:08:12,574 Num updates: 2910	Num frames 465600
2026-08-11 17:08:12,574 Average window size: 50  distance_to_goal: 0.665  distance_to_goal_reward: 0.002  reward: 3.610  spl: 0.683  success: 0.807
2026-08-11 17:08:12,574 	Perf Stats: trainer.rollout_collect: 0.285 trainer.sample_action: 0.003 trainer.obs_insert: 0.000 trainer.step_env: 0.005 trainer.update_stats: 0.001 trainer.update_agent: 0.035
2026-08-11 17:08:15,694 update: 2920	fps: 496.166	
2026-08-11 17:08:15,694 Num updates: 2920	Num frames 467200
2026-08-11 17:08:15,694 Average window size: 50  distance_to_goal: 0.568  distance_to_goal_reward: 0.002  reward: 3.807  spl: 0.686  success: 0.805
2026-08-11 17:08:15,694 	Perf Stats: trainer.rollout_collect: 0.285 trainer.sample_action: 0.003 trainer.obs_insert: 0.000 trainer.step_env: 0.005 trainer.update_stats: 0.001 trainer.update_agent: 0.035
2026-08-11 17:08:18,809 update: 2930	fps: 496.224	
2026-08-11 17:08:18,810 Num updates: 2930	Num frames 468800
2026-08-11 17:08:18,810 Average window size: 50  distance_to_goal: 0.406  distance_to_goal_reward: 0.002  reward: 4.238  spl: 0.723  success: 0.843
2026-08-11 17:08:18,810 	Perf Stats: trainer.rollout_collect: 0.285 trainer.sample_action: 0.003 trainer.obs_insert: 0.000 trainer.step_env: 0.005 trainer.update_stats: 0.001 trainer.update_agent: 0.035
PluginManager::Manager: duplicate static plugin StbImageImporter, ignoring
PluginManager::Manager: duplicate static plugin GltfImporter, ignoring
PluginManager::Manager: duplicate static plugin BasisImporter, ignoring
PluginManager::Manager: duplicate static plugin AssimpImporter, ignoring
PluginManager::Manager: duplicate static plugin AnySceneImporter, ignoring
PluginManager::Manager: duplicate static plugin AnyImageImporter, ignoring
Renderer: NVIDIA GeForce RTX 4070/PCIe/SSE2 by NVIDIA Corporation
OpenGL version: 4.6.0 NVIDIA 580.173.02
Using optional features:
    GL_ARB_vertex_array_object
    GL_ARB_separate_shader_objects
    GL_ARB_robustness
    GL_ARB_texture_storage
    GL_ARB_texture_view
    GL_ARB_framebuffer_no_attachments
    GL_ARB_invalidate_subdata
    GL_ARB_texture_storage_multisample
    GL_ARB_multi_bind
    GL_ARB_direct_state_access
    GL_ARB_get_texture_sub_image
    GL_ARB_texture_filter_anisotropic
    GL_KHR_debug
    GL_KHR_parallel_shader_compile
    GL_NV_depth_buffer_float
Using driver workarounds:
    no-forward-compatible-core-context
    nv-egl-incorrect-gl11-function-pointers
    no-layout-qualifiers-on-old-glsl
    nv-zero-context-profile-mask
    nv-implementation-color-read-format-dsa-broken
    nv-cubemap-inconsistent-compressed-image-size
    nv-cubemap-broken-full-compressed-image-query
    nv-compressed-block-size-in-bits
[17:08:21:270823]:[Warning]:[Scene] SemanticScene.h(331)::checkFileExists : ::loadSemanticSceneDescriptor: File `data/scene_datasets/habitat-test-scenes/skokloster-castle.scn` does not exist.  Aborting load.
[17:08:21:270840]:[Warning]:[Scene] SemanticScene.cpp(123)::loadSemanticSceneDescriptor : SSD File Naming Issue! Neither SemanticAttributes-provided name : `data/scene_datasets/habitat-test-scenes/skokloster-castle.scn` nor constructed filename : `data/scene_datasets/habitat-test-scenes/info_semantic.json` exist on disk.
[17:08:21:270845]:[Error]:[Scene] SemanticScene.cpp(139)::loadSemanticSceneDescriptor : SSD Load Failure! File with SemanticAttributes-provided name `data/scene_datasets/habitat-test-scenes/skokloster-castle.scn` exists but failed to load.
[17:08:21:875885]:[Warning]:[Sim] Simulator.cpp(595)::instanceStageForSceneAttributes : The active scene does not contain semantic annotations : activeSemanticSceneID_ = 0
2026-08-11 17:08:22,573 update: 2940	fps: 495.941	
2026-08-11 17:08:22,573 Num updates: 2940	Num frames 470400
2026-08-11 17:08:22,573 Average window size: 50  distance_to_goal: 0.510  distance_to_goal_reward: 0.001  reward: 4.368  spl: 0.737  success: 0.866
2026-08-11 17:08:22,573 	Perf Stats: trainer.rollout_collect: 0.285 trainer.sample_action: 0.003 trainer.obs_insert: 0.000 trainer.step_env: 0.005 trainer.update_stats: 0.001 trainer.update_agent: 0.035
2026-08-11 17:08:25,718 update: 2950	fps: 495.984	
2026-08-11 17:08:25,718 Num updates: 2950	Num frames 472000
2026-08-11 17:08:25,718 Average window size: 50  distance_to_goal: 0.441  distance_to_goal_reward: 0.000  reward: 4.599  spl: 0.698  success: 0.823
2026-08-11 17:08:25,718 	Perf Stats: trainer.rollout_collect: 0.285 trainer.sample_action: 0.003 trainer.obs_insert: 0.000 trainer.step_env: 0.005 trainer.update_stats: 0.001 trainer.update_agent: 0.035
2026-08-11 17:08:28,861 update: 2960	fps: 496.027	
2026-08-11 17:08:28,861 Num updates: 2960	Num frames 473600
2026-08-11 17:08:28,861 Average window size: 50  distance_to_goal: 0.562  distance_to_goal_reward: 0.000  reward: 4.406  spl: 0.682  success: 0.810
2026-08-11 17:08:28,861 	Perf Stats: trainer.rollout_collect: 0.285 trainer.sample_action: 0.003 trainer.obs_insert: 0.000 trainer.step_env: 0.005 trainer.update_stats: 0.001 trainer.update_agent: 0.035
PluginManager::Manager: duplicate static plugin StbImageImporter, ignoring
PluginManager::Manager: duplicate static plugin GltfImporter, ignoring
PluginManager::Manager: duplicate static plugin BasisImporter, ignoring
PluginManager::Manager: duplicate static plugin AssimpImporter, ignoring
PluginManager::Manager: duplicate static plugin AnySceneImporter, ignoring
PluginManager::Manager: duplicate static plugin AnyImageImporter, ignoring
Renderer: NVIDIA GeForce RTX 4070/PCIe/SSE2 by NVIDIA Corporation
OpenGL version: 4.6.0 NVIDIA 580.173.02
Using optional features:
    GL_ARB_vertex_array_object
    GL_ARB_separate_shader_objects
    GL_ARB_robustness
    GL_ARB_texture_storage
    GL_ARB_texture_view
    GL_ARB_framebuffer_no_attachments
    GL_ARB_invalidate_subdata
    GL_ARB_texture_storage_multisample
    GL_ARB_multi_bind
    GL_ARB_direct_state_access
    GL_ARB_get_texture_sub_image
    GL_ARB_texture_filter_anisotropic
    GL_KHR_debug
    GL_KHR_parallel_shader_compile
    GL_NV_depth_buffer_float
Using driver workarounds:
    no-forward-compatible-core-context
    nv-egl-incorrect-gl11-function-pointers
    no-layout-qualifiers-on-old-glsl
    nv-zero-context-profile-mask
    nv-implementation-color-read-format-dsa-broken
    nv-cubemap-inconsistent-compressed-image-size
    nv-cubemap-broken-full-compressed-image-query
    nv-compressed-block-size-in-bits
[17:08:31:742002]:[Warning]:[Scene] SemanticScene.h(331)::checkFileExists : ::loadSemanticSceneDescriptor: File `data/scene_datasets/habitat-test-scenes/van-gogh-room.scn` does not exist.  Aborting load.
[17:08:31:742019]:[Warning]:[Scene] SemanticScene.cpp(123)::loadSemanticSceneDescriptor : SSD File Naming Issue! Neither SemanticAttributes-provided name : `data/scene_datasets/habitat-test-scenes/van-gogh-room.scn` nor constructed filename : `data/scene_datasets/habitat-test-scenes/info_semantic.json` exist on disk.
[17:08:31:742024]:[Error]:[Scene] SemanticScene.cpp(139)::loadSemanticSceneDescriptor : SSD Load Failure! File with SemanticAttributes-provided name `data/scene_datasets/habitat-test-scenes/van-gogh-room.scn` exists but failed to load.
[17:08:32:195806]:[Warning]:[Sim] Simulator.cpp(595)::instanceStageForSceneAttributes : The active scene does not contain semantic annotations : activeSemanticSceneID_ = 0
2026-08-11 17:08:32,486 update: 2970	fps: 495.820	
2026-08-11 17:08:32,486 Num updates: 2970	Num frames 475200
2026-08-11 17:08:32,486 Average window size: 50  distance_to_goal: 0.746  distance_to_goal_reward: 0.000  reward: 4.161  spl: 0.662  success: 0.800
2026-08-11 17:08:32,486 	Perf Stats: trainer.rollout_collect: 0.285 trainer.sample_action: 0.003 trainer.obs_insert: 0.000 trainer.step_env: 0.005 trainer.update_stats: 0.001 trainer.update_agent: 0.035
2026-08-11 17:08:35,635 update: 2980	fps: 495.860	
2026-08-11 17:08:35,636 Num updates: 2980	Num frames 476800
2026-08-11 17:08:35,636 Average window size: 50  distance_to_goal: 0.867  distance_to_goal_reward: 0.000  reward: 4.288  spl: 0.615  success: 0.765
2026-08-11 17:08:35,636 	Perf Stats: trainer.rollout_collect: 0.285 trainer.sample_action: 0.003 trainer.obs_insert: 0.000 trainer.step_env: 0.005 trainer.update_stats: 0.001 trainer.update_agent: 0.035
2026-08-11 17:08:38,769 update: 2990	fps: 495.908	
2026-08-11 17:08:38,769 Num updates: 2990	Num frames 478400
2026-08-11 17:08:38,769 Average window size: 50  distance_to_goal: 0.756  distance_to_goal_reward: 0.002  reward: 4.395  spl: 0.627  success: 0.773
2026-08-11 17:08:38,769 	Perf Stats: trainer.rollout_collect: 0.285 trainer.sample_action: 0.003 trainer.obs_insert: 0.000 trainer.step_env: 0.005 trainer.update_stats: 0.001 trainer.update_agent: 0.035
2026-08-11 17:08:42,027 update: 3000	fps: 495.892	
2026-08-11 17:08:42,027 Num updates: 3000	Num frames 480000
2026-08-11 17:08:42,027 Average window size: 50  distance_to_goal: 0.612  distance_to_goal_reward: 0.001  reward: 4.397  spl: 0.678  success: 0.829
2026-08-11 17:08:42,027 	Perf Stats: trainer.rollout_collect: 0.285 trainer.sample_action: 0.003 trainer.obs_insert: 0.000 trainer.step_env: 0.005 trainer.update_stats: 0.001 trainer.update_agent: 0.035
2026-08-11 17:08:45,157 update: 3010	fps: 495.941	
2026-08-11 17:08:45,157 Num updates: 3010	Num frames 481600
2026-08-11 17:08:45,157 Average window size: 50  distance_to_goal: 0.477  distance_to_goal_reward: 0.001  reward: 4.357  spl: 0.688  success: 0.825
2026-08-11 17:08:45,157 	Perf Stats: trainer.rollout_collect: 0.285 trainer.sample_action: 0.003 trainer.obs_insert: 0.000 trainer.step_env: 0.005 trainer.update_stats: 0.001 trainer.update_agent: 0.035
2026-08-11 17:08:48,302 update: 3020	fps: 495.982	
2026-08-11 17:08:48,303 Num updates: 3020	Num frames 483200
2026-08-11 17:08:48,303 Average window size: 50  distance_to_goal: 0.390  distance_to_goal_reward: 0.001  reward: 4.254  spl: 0.698  success: 0.824
2026-08-11 17:08:48,303 	Perf Stats: trainer.rollout_collect: 0.285 trainer.sample_action: 0.003 trainer.obs_insert: 0.000 trainer.step_env: 0.005 trainer.update_stats: 0.001 trainer.update_agent: 0.035
PluginManager::Manager: duplicate static plugin StbImageImporter, ignoring
PluginManager::Manager: duplicate static plugin GltfImporter, ignoring
PluginManager::Manager: duplicate static plugin BasisImporter, ignoring
PluginManager::Manager: duplicate static plugin AssimpImporter, ignoring
PluginManager::Manager: duplicate static plugin AnySceneImporter, ignoring
PluginManager::Manager: duplicate static plugin AnyImageImporter, ignoring
Renderer: NVIDIA GeForce RTX 4070/PCIe/SSE2 by NVIDIA Corporation
OpenGL version: 4.6.0 NVIDIA 580.173.02
Using optional features:
    GL_ARB_vertex_array_object
    GL_ARB_separate_shader_objects
    GL_ARB_robustness
    GL_ARB_texture_storage
    GL_ARB_texture_view
    GL_ARB_framebuffer_no_attachments
    GL_ARB_invalidate_subdata
    GL_ARB_texture_storage_multisample
    GL_ARB_multi_bind
    GL_ARB_direct_state_access
    GL_ARB_get_texture_sub_image
    GL_ARB_texture_filter_anisotropic
    GL_KHR_debug
    GL_KHR_parallel_shader_compile
    GL_NV_depth_buffer_float
Using driver workarounds:
    no-forward-compatible-core-context
    nv-egl-incorrect-gl11-function-pointers
    no-layout-qualifiers-on-old-glsl
    nv-zero-context-profile-mask
    nv-implementation-color-read-format-dsa-broken
    nv-cubemap-inconsistent-compressed-image-size
    nv-cubemap-broken-full-compressed-image-query
    nv-compressed-block-size-in-bits
[17:08:49:408681]:[Warning]:[Scene] SemanticScene.h(331)::checkFileExists : ::loadSemanticSceneDescriptor: File `data/scene_datasets/habitat-test-scenes/van-gogh-room.scn` does not exist.  Aborting load.
[17:08:49:408698]:[Warning]:[Scene] SemanticScene.cpp(123)::loadSemanticSceneDescriptor : SSD File Naming Issue! Neither SemanticAttributes-provided name : `data/scene_datasets/habitat-test-scenes/van-gogh-room.scn` nor constructed filename : `data/scene_datasets/habitat-test-scenes/info_semantic.json` exist on disk.
[17:08:49:408703]:[Error]:[Scene] SemanticScene.cpp(139)::loadSemanticSceneDescriptor : SSD Load Failure! File with SemanticAttributes-provided name `data/scene_datasets/habitat-test-scenes/van-gogh-room.scn` exists but failed to load.
[17:08:49:840232]:[Warning]:[Sim] Simulator.cpp(595)::instanceStageForSceneAttributes : The active scene does not contain semantic annotations : activeSemanticSceneID_ = 0
2026-08-11 17:08:51,855 update: 3030	fps: 495.816	
2026-08-11 17:08:51,855 Num updates: 3030	Num frames 484800
2026-08-11 17:08:51,856 Average window size: 50  distance_to_goal: 0.400  distance_to_goal_reward: 0.001  reward: 4.276  spl: 0.727  success: 0.854
2026-08-11 17:08:51,856 	Perf Stats: trainer.rollout_collect: 0.285 trainer.sample_action: 0.003 trainer.obs_insert: 0.000 trainer.step_env: 0.005 trainer.update_stats: 0.001 trainer.update_agent: 0.035
2026-08-11 17:08:54,925 update: 3040	fps: 495.896	
2026-08-11 17:08:54,925 Num updates: 3040	Num frames 486400
2026-08-11 17:08:54,926 Average window size: 50  distance_to_goal: 0.386  distance_to_goal_reward: 0.000  reward: 4.073  spl: 0.716  success: 0.831
2026-08-11 17:08:54,926 	Perf Stats: trainer.rollout_collect: 0.285 trainer.sample_action: 0.003 trainer.obs_insert: 0.000 trainer.step_env: 0.005 trainer.update_stats: 0.001 trainer.update_agent: 0.035
2026-08-11 17:08:58,005 update: 3050	fps: 495.970	
2026-08-11 17:08:58,005 Num updates: 3050	Num frames 488000
2026-08-11 17:08:58,005 Average window size: 50  distance_to_goal: 0.470  distance_to_goal_reward: 0.000  reward: 4.017  spl: 0.717  success: 0.837
2026-08-11 17:08:58,005 	Perf Stats: trainer.rollout_collect: 0.285 trainer.sample_action: 0.003 trainer.obs_insert: 0.000 trainer.step_env: 0.005 trainer.update_stats: 0.001 trainer.update_agent: 0.035
2026-08-11 17:09:01,083 update: 3060	fps: 496.044	
2026-08-11 17:09:01,092 Num updates: 3060	Num frames 489600
2026-08-11 17:09:01,092 Average window size: 50  distance_to_goal: 0.449  distance_to_goal_reward: 0.000  reward: 4.295  spl: 0.740  success: 0.871
2026-08-11 17:09:01,092 	Perf Stats: trainer.rollout_collect: 0.285 trainer.sample_action: 0.003 trainer.obs_insert: 0.000 trainer.step_env: 0.005 trainer.update_stats: 0.001 trainer.update_agent: 0.035
2026-08-11 17:09:04,175 update: 3070	fps: 496.111	
2026-08-11 17:09:04,176 Num updates: 3070	Num frames 491200
2026-08-11 17:09:04,176 Average window size: 50  distance_to_goal: 0.252  distance_to_goal_reward: 0.000  reward: 4.666  spl: 0.771  success: 0.914
2026-08-11 17:09:04,176 	Perf Stats: trainer.rollout_collect: 0.285 trainer.sample_action: 0.003 trainer.obs_insert: 0.000 trainer.step_env: 0.005 trainer.update_stats: 0.001 trainer.update_agent: 0.035
2026-08-11 17:09:07,259 update: 3080	fps: 496.181	
2026-08-11 17:09:07,259 Num updates: 3080	Num frames 492800
2026-08-11 17:09:07,259 Average window size: 50  distance_to_goal: 0.237  distance_to_goal_reward: 0.000  reward: 4.556  spl: 0.777  success: 0.924
2026-08-11 17:09:07,259 	Perf Stats: trainer.rollout_collect: 0.285 trainer.sample_action: 0.003 trainer.obs_insert: 0.000 trainer.step_env: 0.005 trainer.update_stats: 0.001 trainer.update_agent: 0.035
2026-08-11 17:09:10,335 update: 3090	fps: 496.256	
2026-08-11 17:09:10,335 Num updates: 3090	Num frames 494400
2026-08-11 17:09:10,335 Average window size: 50  distance_to_goal: 0.249  distance_to_goal_reward: 0.000  reward: 4.599  spl: 0.776  success: 0.936
2026-08-11 17:09:10,335 	Perf Stats: trainer.rollout_collect: 0.285 trainer.sample_action: 0.003 trainer.obs_insert: 0.000 trainer.step_env: 0.005 trainer.update_stats: 0.001 trainer.update_agent: 0.035
2026-08-11 17:09:13,531 update: 3100	fps: 496.270	
2026-08-11 17:09:13,531 Num updates: 3100	Num frames 496000
2026-08-11 17:09:13,531 Average window size: 50  distance_to_goal: 0.181  distance_to_goal_reward: 0.000  reward: 4.748  spl: 0.770  success: 0.927
2026-08-11 17:09:13,531 	Perf Stats: trainer.rollout_collect: 0.285 trainer.sample_action: 0.003 trainer.obs_insert: 0.000 trainer.step_env: 0.005 trainer.update_stats: 0.001 trainer.update_agent: 0.035
2026-08-11 17:09:16,627 update: 3110	fps: 496.337	
2026-08-11 17:09:16,627 Num updates: 3110	Num frames 497600
2026-08-11 17:09:16,627 Average window size: 50  distance_to_goal: 0.210  distance_to_goal_reward: 0.000  reward: 4.410  spl: 0.749  success: 0.907
2026-08-11 17:09:16,627 	Perf Stats: trainer.rollout_collect: 0.285 trainer.sample_action: 0.003 trainer.obs_insert: 0.000 trainer.step_env: 0.005 trainer.update_stats: 0.001 trainer.update_agent: 0.035
2026-08-11 17:09:19,706 update: 3120	fps: 496.404	
2026-08-11 17:09:19,706 Num updates: 3120	Num frames 499200
2026-08-11 17:09:19,706 Average window size: 50  distance_to_goal: 0.249  distance_to_goal_reward: 0.001  reward: 4.155  spl: 0.743  success: 0.894
2026-08-11 17:09:19,706 	Perf Stats: trainer.rollout_collect: 0.284 trainer.sample_action: 0.003 trainer.obs_insert: 0.000 trainer.step_env: 0.005 trainer.update_stats: 0.001 trainer.update_agent: 0.035
2026-08-11 17:09:22,866 update: 3130	fps: 496.435	
2026-08-11 17:09:22,867 Num updates: 3130	Num frames 500800
2026-08-11 17:09:22,867 Average window size: 50  distance_to_goal: 0.251  distance_to_goal_reward: 0.001  reward: 4.276  spl: 0.736  success: 0.886
2026-08-11 17:09:22,867 	Perf Stats: trainer.rollout_collect: 0.284 trainer.sample_action: 0.003 trainer.obs_insert: 0.000 trainer.step_env: 0.005 trainer.update_stats: 0.001 trainer.update_agent: 0.035
2026-08-11 17:09:25,941 update: 3140	fps: 496.508	
2026-08-11 17:09:25,942 Num updates: 3140	Num frames 502400
2026-08-11 17:09:25,942 Average window size: 50  distance_to_goal: 0.221  distance_to_goal_reward: 0.001  reward: 4.385  spl: 0.738  success: 0.877
2026-08-11 17:09:25,942 	Perf Stats: trainer.rollout_collect: 0.284 trainer.sample_action: 0.003 trainer.obs_insert: 0.000 trainer.step_env: 0.005 trainer.update_stats: 0.001 trainer.update_agent: 0.035
PluginManager::Manager: duplicate static plugin StbImageImporter, ignoring
PluginManager::Manager: duplicate static plugin GltfImporter, ignoring
PluginManager::Manager: duplicate static plugin BasisImporter, ignoring
PluginManager::Manager: duplicate static plugin AssimpImporter, ignoring
PluginManager::Manager: duplicate static plugin AnySceneImporter, ignoring
PluginManager::Manager: duplicate static plugin AnyImageImporter, ignoring
Renderer: NVIDIA GeForce RTX 4070/PCIe/SSE2 by NVIDIA Corporation
OpenGL version: 4.6.0 NVIDIA 580.173.02
Using optional features:
    GL_ARB_vertex_array_object
    GL_ARB_separate_shader_objects
    GL_ARB_robustness
    GL_ARB_texture_storage
    GL_ARB_texture_view
    GL_ARB_framebuffer_no_attachments
    GL_ARB_invalidate_subdata
    GL_ARB_texture_storage_multisample
    GL_ARB_multi_bind
    GL_ARB_direct_state_access
    GL_ARB_get_texture_sub_image
    GL_ARB_texture_filter_anisotropic
    GL_KHR_debug
    GL_KHR_parallel_shader_compile
    GL_NV_depth_buffer_float
Using driver workarounds:
    no-forward-compatible-core-context
    nv-egl-incorrect-gl11-function-pointers
    no-layout-qualifiers-on-old-glsl
    nv-zero-context-profile-mask
    nv-implementation-color-read-format-dsa-broken
    nv-cubemap-inconsistent-compressed-image-size
    nv-cubemap-broken-full-compressed-image-query
    nv-compressed-block-size-in-bits
[17:09:26:385130]:[Warning]:[Scene] SemanticScene.h(331)::checkFileExists : ::loadSemanticSceneDescriptor: File `data/scene_datasets/habitat-test-scenes/van-gogh-room.scn` does not exist.  Aborting load.
[17:09:26:385147]:[Warning]:[Scene] SemanticScene.cpp(123)::loadSemanticSceneDescriptor : SSD File Naming Issue! Neither SemanticAttributes-provided name : `data/scene_datasets/habitat-test-scenes/van-gogh-room.scn` nor constructed filename : `data/scene_datasets/habitat-test-scenes/info_semantic.json` exist on disk.
[17:09:26:385152]:[Error]:[Scene] SemanticScene.cpp(139)::loadSemanticSceneDescriptor : SSD Load Failure! File with SemanticAttributes-provided name `data/scene_datasets/habitat-test-scenes/van-gogh-room.scn` exists but failed to load.
[17:09:26:823585]:[Warning]:[Sim] Simulator.cpp(595)::instanceStageForSceneAttributes : The active scene does not contain semantic annotations : activeSemanticSceneID_ = 0
2026-08-11 17:09:29,462 update: 3150	fps: 496.362	
2026-08-11 17:09:29,462 Num updates: 3150	Num frames 504000
2026-08-11 17:09:29,462 Average window size: 50  distance_to_goal: 0.214  distance_to_goal_reward: 0.001  reward: 4.353  spl: 0.755  success: 0.892
2026-08-11 17:09:29,462 	Perf Stats: trainer.rollout_collect: 0.285 trainer.sample_action: 0.003 trainer.obs_insert: 0.000 trainer.step_env: 0.005 trainer.update_stats: 0.001 trainer.update_agent: 0.035
2026-08-11 17:09:32,522 update: 3160	fps: 496.442	
2026-08-11 17:09:32,522 Num updates: 3160	Num frames 505600
2026-08-11 17:09:32,522 Average window size: 50  distance_to_goal: 0.134  distance_to_goal_reward: 0.000  reward: 4.512  spl: 0.774  success: 0.903
2026-08-11 17:09:32,522 	Perf Stats: trainer.rollout_collect: 0.284 trainer.sample_action: 0.003 trainer.obs_insert: 0.000 trainer.step_env: 0.005 trainer.update_stats: 0.001 trainer.update_agent: 0.035
2026-08-11 17:09:35,575 update: 3170	fps: 496.524	
2026-08-11 17:09:35,575 Num updates: 3170	Num frames 507200
2026-08-11 17:09:35,575 Average window size: 50  distance_to_goal: 0.166  distance_to_goal_reward: 0.000  reward: 4.317  spl: 0.778  success: 0.900
2026-08-11 17:09:35,575 	Perf Stats: trainer.rollout_collect: 0.284 trainer.sample_action: 0.003 trainer.obs_insert: 0.000 trainer.step_env: 0.005 trainer.update_stats: 0.001 trainer.update_agent: 0.035
2026-08-11 17:09:38,621 update: 3180	fps: 496.610	
2026-08-11 17:09:38,621 Num updates: 3180	Num frames 508800
2026-08-11 17:09:38,621 Average window size: 50  distance_to_goal: 0.165  distance_to_goal_reward: 0.000  reward: 4.078  spl: 0.784  success: 0.903
2026-08-11 17:09:38,621 	Perf Stats: trainer.rollout_collect: 0.284 trainer.sample_action: 0.003 trainer.obs_insert: 0.000 trainer.step_env: 0.005 trainer.update_stats: 0.001 trainer.update_agent: 0.035
2026-08-11 17:09:41,675 update: 3190	fps: 496.691	
2026-08-11 17:09:41,675 Num updates: 3190	Num frames 510400
2026-08-11 17:09:41,675 Average window size: 50  distance_to_goal: 0.186  distance_to_goal_reward: 0.000  reward: 3.965  spl: 0.796  success: 0.915
2026-08-11 17:09:41,675 	Perf Stats: trainer.rollout_collect: 0.284 trainer.sample_action: 0.003 trainer.obs_insert: 0.000 trainer.step_env: 0.005 trainer.update_stats: 0.001 trainer.update_agent: 0.035
PluginManager::Manager: duplicate static plugin StbImageImporter, ignoring
PluginManager::Manager: duplicate static plugin GltfImporter, ignoring
PluginManager::Manager: duplicate static plugin BasisImporter, ignoring
PluginManager::Manager: duplicate static plugin AssimpImporter, ignoring
PluginManager::Manager: duplicate static plugin AnySceneImporter, ignoring
PluginManager::Manager: duplicate static plugin AnyImageImporter, ignoring
Renderer: NVIDIA GeForce RTX 4070/PCIe/SSE2 by NVIDIA Corporation
OpenGL version: 4.6.0 NVIDIA 580.173.02
Using optional features:
    GL_ARB_vertex_array_object
    GL_ARB_separate_shader_objects
    GL_ARB_robustness
    GL_ARB_texture_storage
    GL_ARB_texture_view
    GL_ARB_framebuffer_no_attachments
    GL_ARB_invalidate_subdata
    GL_ARB_texture_storage_multisample
    GL_ARB_multi_bind
    GL_ARB_direct_state_access
    GL_ARB_get_texture_sub_image
    GL_ARB_texture_filter_anisotropic
    GL_KHR_debug
    GL_KHR_parallel_shader_compile
    GL_NV_depth_buffer_float
Using driver workarounds:
    no-forward-compatible-core-context
    nv-egl-incorrect-gl11-function-pointers
    no-layout-qualifiers-on-old-glsl
    nv-zero-context-profile-mask
    nv-implementation-color-read-format-dsa-broken
    nv-cubemap-inconsistent-compressed-image-size
    nv-cubemap-broken-full-compressed-image-query
    nv-compressed-block-size-in-bits
[17:09:42:493160]:[Warning]:[Scene] SemanticScene.h(331)::checkFileExists : ::loadSemanticSceneDescriptor: File `data/scene_datasets/habitat-test-scenes/skokloster-castle.scn` does not exist.  Aborting load.
[17:09:42:493176]:[Warning]:[Scene] SemanticScene.cpp(123)::loadSemanticSceneDescriptor : SSD File Naming Issue! Neither SemanticAttributes-provided name : `data/scene_datasets/habitat-test-scenes/skokloster-castle.scn` nor constructed filename : `data/scene_datasets/habitat-test-scenes/info_semantic.json` exist on disk.
[17:09:42:493181]:[Error]:[Scene] SemanticScene.cpp(139)::loadSemanticSceneDescriptor : SSD Load Failure! File with SemanticAttributes-provided name `data/scene_datasets/habitat-test-scenes/skokloster-castle.scn` exists but failed to load.
[17:09:43:097408]:[Warning]:[Sim] Simulator.cpp(595)::instanceStageForSceneAttributes : The active scene does not contain semantic annotations : activeSemanticSceneID_ = 0
2026-08-11 17:09:45,485 update: 3200	fps: 496.407	
2026-08-11 17:09:45,485 Num updates: 3200	Num frames 512000
2026-08-11 17:09:45,485 Average window size: 50  distance_to_goal: 0.191  distance_to_goal_reward: 0.000  reward: 3.983  spl: 0.787  success: 0.909
2026-08-11 17:09:45,485 	Perf Stats: trainer.rollout_collect: 0.284 trainer.sample_action: 0.003 trainer.obs_insert: 0.000 trainer.step_env: 0.005 trainer.update_stats: 0.001 trainer.update_agent: 0.035
2026-08-11 17:09:48,560 update: 3210	fps: 496.479	
2026-08-11 17:09:48,560 Num updates: 3210	Num frames 513600
2026-08-11 17:09:48,560 Average window size: 50  distance_to_goal: 0.198  distance_to_goal_reward: 0.000  reward: 4.052  spl: 0.778  success: 0.900
2026-08-11 17:09:48,560 	Perf Stats: trainer.rollout_collect: 0.284 trainer.sample_action: 0.003 trainer.obs_insert: 0.000 trainer.step_env: 0.005 trainer.update_stats: 0.001 trainer.update_agent: 0.035
2026-08-11 17:09:51,642 update: 3220	fps: 496.546	
2026-08-11 17:09:51,642 Num updates: 3220	Num frames 515200
2026-08-11 17:09:51,642 Average window size: 50  distance_to_goal: 0.241  distance_to_goal_reward: 0.000  reward: 4.067  spl: 0.772  success: 0.893
2026-08-11 17:09:51,642 	Perf Stats: trainer.rollout_collect: 0.284 trainer.sample_action: 0.003 trainer.obs_insert: 0.000 trainer.step_env: 0.005 trainer.update_stats: 0.001 trainer.update_agent: 0.035
2026-08-11 17:09:54,760 update: 3230	fps: 496.596	
2026-08-11 17:09:54,760 Num updates: 3230	Num frames 516800
2026-08-11 17:09:54,760 Average window size: 50  distance_to_goal: 0.240  distance_to_goal_reward: 0.000  reward: 4.378  spl: 0.779  success: 0.901
2026-08-11 17:09:54,760 	Perf Stats: trainer.rollout_collect: 0.284 trainer.sample_action: 0.003 trainer.obs_insert: 0.000 trainer.step_env: 0.005 trainer.update_stats: 0.001 trainer.update_agent: 0.035
PluginManager::Manager: duplicate static plugin StbImageImporter, ignoring
PluginManager::Manager: duplicate static plugin GltfImporter, ignoring
PluginManager::Manager: duplicate static plugin BasisImporter, ignoring
PluginManager::Manager: duplicate static plugin AssimpImporter, ignoring
PluginManager::Manager: duplicate static plugin AnySceneImporter, ignoring
PluginManager::Manager: duplicate static plugin AnyImageImporter, ignoring
Renderer: NVIDIA GeForce RTX 4070/PCIe/SSE2 by NVIDIA Corporation
OpenGL version: 4.6.0 NVIDIA 580.173.02
Using optional features:
    GL_ARB_vertex_array_object
    GL_ARB_separate_shader_objects
    GL_ARB_robustness
    GL_ARB_texture_storage
    GL_ARB_texture_view
    GL_ARB_framebuffer_no_attachments
    GL_ARB_invalidate_subdata
    GL_ARB_texture_storage_multisample
    GL_ARB_multi_bind
    GL_ARB_direct_state_access
    GL_ARB_get_texture_sub_image
    GL_ARB_texture_filter_anisotropic
    GL_KHR_debug
    GL_KHR_parallel_shader_compile
    GL_NV_depth_buffer_float
Using driver workarounds:
    no-forward-compatible-core-context
    nv-egl-incorrect-gl11-function-pointers
    no-layout-qualifiers-on-old-glsl
    nv-zero-context-profile-mask
    nv-implementation-color-read-format-dsa-broken
    nv-cubemap-inconsistent-compressed-image-size
    nv-cubemap-broken-full-compressed-image-query
    nv-compressed-block-size-in-bits
[17:09:55:425460]:[Warning]:[Scene] SemanticScene.h(331)::checkFileExists : ::loadSemanticSceneDescriptor: File `data/scene_datasets/habitat-test-scenes/van-gogh-room.scn` does not exist.  Aborting load.
[17:09:55:425476]:[Warning]:[Scene] SemanticScene.cpp(123)::loadSemanticSceneDescriptor : SSD File Naming Issue! Neither SemanticAttributes-provided name : `data/scene_datasets/habitat-test-scenes/van-gogh-room.scn` nor constructed filename : `data/scene_datasets/habitat-test-scenes/info_semantic.json` exist on disk.
[17:09:55:425481]:[Error]:[Scene] SemanticScene.cpp(139)::loadSemanticSceneDescriptor : SSD Load Failure! File with SemanticAttributes-provided name `data/scene_datasets/habitat-test-scenes/van-gogh-room.scn` exists but failed to load.
[17:09:55:856724]:[Warning]:[Sim] Simulator.cpp(595)::instanceStageForSceneAttributes : The active scene does not contain semantic annotations : activeSemanticSceneID_ = 0
2026-08-11 17:09:58,273 update: 3240	fps: 496.457	
2026-08-11 17:09:58,273 Num updates: 3240	Num frames 518400
2026-08-11 17:09:58,273 Average window size: 50  distance_to_goal: 0.212  distance_to_goal_reward: 0.000  reward: 4.518  spl: 0.782  success: 0.905
2026-08-11 17:09:58,273 	Perf Stats: trainer.rollout_collect: 0.284 trainer.sample_action: 0.003 trainer.obs_insert: 0.000 trainer.step_env: 0.005 trainer.update_stats: 0.001 trainer.update_agent: 0.035
2026-08-11 17:10:01,344 update: 3250	fps: 496.529	
2026-08-11 17:10:01,344 Num updates: 3250	Num frames 520000
2026-08-11 17:10:01,344 Average window size: 50  distance_to_goal: 0.204  distance_to_goal_reward: 0.000  reward: 4.474  spl: 0.782  success: 0.892
2026-08-11 17:10:01,344 	Perf Stats: trainer.rollout_collect: 0.284 trainer.sample_action: 0.003 trainer.obs_insert: 0.000 trainer.step_env: 0.005 trainer.update_stats: 0.001 trainer.update_agent: 0.035
2026-08-11 17:10:04,385 update: 3260	fps: 496.615	
2026-08-11 17:10:04,386 Num updates: 3260	Num frames 521600
2026-08-11 17:10:04,386 Average window size: 50  distance_to_goal: 0.201  distance_to_goal_reward: 0.000  reward: 4.490  spl: 0.782  success: 0.897
2026-08-11 17:10:04,386 	Perf Stats: trainer.rollout_collect: 0.284 trainer.sample_action: 0.003 trainer.obs_insert: 0.000 trainer.step_env: 0.005 trainer.update_stats: 0.001 trainer.update_agent: 0.035
2026-08-11 17:10:07,413 update: 3270	fps: 496.706	
2026-08-11 17:10:07,413 Num updates: 3270	Num frames 523200
2026-08-11 17:10:07,413 Average window size: 50  distance_to_goal: 0.126  distance_to_goal_reward: 0.000  reward: 4.610  spl: 0.791  success: 0.901
2026-08-11 17:10:07,413 	Perf Stats: trainer.rollout_collect: 0.284 trainer.sample_action: 0.003 trainer.obs_insert: 0.000 trainer.step_env: 0.005 trainer.update_stats: 0.001 trainer.update_agent: 0.035
PluginManager::Manager: duplicate static plugin StbImageImporter, ignoring
PluginManager::Manager: duplicate static plugin GltfImporter, ignoring
PluginManager::Manager: duplicate static plugin BasisImporter, ignoring
PluginManager::Manager: duplicate static plugin AssimpImporter, ignoring
PluginManager::Manager: duplicate static plugin AnySceneImporter, ignoring
PluginManager::Manager: duplicate static plugin AnyImageImporter, ignoring
Renderer: NVIDIA GeForce RTX 4070/PCIe/SSE2 by NVIDIA Corporation
OpenGL version: 4.6.0 NVIDIA 580.173.02
Using optional features:
    GL_ARB_vertex_array_object
    GL_ARB_separate_shader_objects
    GL_ARB_robustness
    GL_ARB_texture_storage
    GL_ARB_texture_view
    GL_ARB_framebuffer_no_attachments
    GL_ARB_invalidate_subdata
    GL_ARB_texture_storage_multisample
    GL_ARB_multi_bind
    GL_ARB_direct_state_access
    GL_ARB_get_texture_sub_image
    GL_ARB_texture_filter_anisotropic
    GL_KHR_debug
    GL_KHR_parallel_shader_compile
    GL_NV_depth_buffer_float
Using driver workarounds:
    no-forward-compatible-core-context
    nv-egl-incorrect-gl11-function-pointers
    no-layout-qualifiers-on-old-glsl
    nv-zero-context-profile-mask
    nv-implementation-color-read-format-dsa-broken
    nv-cubemap-inconsistent-compressed-image-size
    nv-cubemap-broken-full-compressed-image-query
    nv-compressed-block-size-in-bits
[17:10:10:346129]:[Warning]:[Scene] SemanticScene.h(331)::checkFileExists : ::loadSemanticSceneDescriptor: File `data/scene_datasets/habitat-test-scenes/skokloster-castle.scn` does not exist.  Aborting load.
[17:10:10:346145]:[Warning]:[Scene] SemanticScene.cpp(123)::loadSemanticSceneDescriptor : SSD File Naming Issue! Neither SemanticAttributes-provided name : `data/scene_datasets/habitat-test-scenes/skokloster-castle.scn` nor constructed filename : `data/scene_datasets/habitat-test-scenes/info_semantic.json` exist on disk.
[17:10:10:346150]:[Error]:[Scene] SemanticScene.cpp(139)::loadSemanticSceneDescriptor : SSD Load Failure! File with SemanticAttributes-provided name `data/scene_datasets/habitat-test-scenes/skokloster-castle.scn` exists but failed to load.
[17:10:10:951041]:[Warning]:[Sim] Simulator.cpp(595)::instanceStageForSceneAttributes : The active scene does not contain semantic annotations : activeSemanticSceneID_ = 0
2026-08-11 17:10:11,097 update: 3280	fps: 496.489	
2026-08-11 17:10:11,097 Num updates: 3280	Num frames 524800
2026-08-11 17:10:11,097 Average window size: 50  distance_to_goal: 0.125  distance_to_goal_reward: 0.000  reward: 4.422  spl: 0.777  success: 0.882
2026-08-11 17:10:11,097 	Perf Stats: trainer.rollout_collect: 0.284 trainer.sample_action: 0.003 trainer.obs_insert: 0.000 trainer.step_env: 0.005 trainer.update_stats: 0.001 trainer.update_agent: 0.035
2026-08-11 17:10:14,173 update: 3290	fps: 496.557	
2026-08-11 17:10:14,174 Num updates: 3290	Num frames 526400
2026-08-11 17:10:14,174 Average window size: 50  distance_to_goal: 0.123  distance_to_goal_reward: 0.000  reward: 4.504  spl: 0.785  success: 0.890
2026-08-11 17:10:14,174 	Perf Stats: trainer.rollout_collect: 0.284 trainer.sample_action: 0.003 trainer.obs_insert: 0.000 trainer.step_env: 0.005 trainer.update_stats: 0.001 trainer.update_agent: 0.035
2026-08-11 17:10:17,349 update: 3300	fps: 496.579	
2026-08-11 17:10:17,349 Num updates: 3300	Num frames 528000
2026-08-11 17:10:17,349 Average window size: 50  distance_to_goal: 0.118  distance_to_goal_reward: 0.000  reward: 4.732  spl: 0.798  success: 0.914
2026-08-11 17:10:17,349 	Perf Stats: trainer.rollout_collect: 0.284 trainer.sample_action: 0.003 trainer.obs_insert: 0.000 trainer.step_env: 0.005 trainer.update_stats: 0.001 trainer.update_agent: 0.035
2026-08-11 17:10:20,419 update: 3310	fps: 496.650	
2026-08-11 17:10:20,419 Num updates: 3310	Num frames 529600
2026-08-11 17:10:20,419 Average window size: 50  distance_to_goal: 0.143  distance_to_goal_reward: 0.000  reward: 4.552  spl: 0.785  success: 0.899
2026-08-11 17:10:20,419 	Perf Stats: trainer.rollout_collect: 0.284 trainer.sample_action: 0.003 trainer.obs_insert: 0.000 trainer.step_env: 0.005 trainer.update_stats: 0.001 trainer.update_agent: 0.035
2026-08-11 17:10:23,502 update: 3320	fps: 496.714	
2026-08-11 17:10:23,502 Num updates: 3320	Num frames 531200
2026-08-11 17:10:23,502 Average window size: 50  distance_to_goal: 0.206  distance_to_goal_reward: 0.000  reward: 4.502  spl: 0.781  success: 0.910
2026-08-11 17:10:23,503 	Perf Stats: trainer.rollout_collect: 0.284 trainer.sample_action: 0.003 trainer.obs_insert: 0.000 trainer.step_env: 0.005 trainer.update_stats: 0.001 trainer.update_agent: 0.035
2026-08-11 17:10:26,584 update: 3330	fps: 496.779	
2026-08-11 17:10:26,584 Num updates: 3330	Num frames 532800
2026-08-11 17:10:26,584 Average window size: 50  distance_to_goal: 0.209  distance_to_goal_reward: 0.000  reward: 4.550  spl: 0.782  success: 0.917
2026-08-11 17:10:26,584 	Perf Stats: trainer.rollout_collect: 0.284 trainer.sample_action: 0.003 trainer.obs_insert: 0.000 trainer.step_env: 0.005 trainer.update_stats: 0.001 trainer.update_agent: 0.035
2026-08-11 17:10:29,687 update: 3340	fps: 496.833	
2026-08-11 17:10:29,687 Num updates: 3340	Num frames 534400
2026-08-11 17:10:29,687 Average window size: 50  distance_to_goal: 0.228  distance_to_goal_reward: 0.000  reward: 4.353  spl: 0.755  success: 0.895
2026-08-11 17:10:29,687 	Perf Stats: trainer.rollout_collect: 0.284 trainer.sample_action: 0.003 trainer.obs_insert: 0.000 trainer.step_env: 0.005 trainer.update_stats: 0.001 trainer.update_agent: 0.035
2026-08-11 17:10:32,768 update: 3350	fps: 496.897	
2026-08-11 17:10:32,768 Num updates: 3350	Num frames 536000
2026-08-11 17:10:32,768 Average window size: 50  distance_to_goal: 0.238  distance_to_goal_reward: 0.000  reward: 4.183  spl: 0.728  success: 0.869
2026-08-11 17:10:32,768 	Perf Stats: trainer.rollout_collect: 0.284 trainer.sample_action: 0.003 trainer.obs_insert: 0.000 trainer.step_env: 0.005 trainer.update_stats: 0.001 trainer.update_agent: 0.035
2026-08-11 17:10:35,852 update: 3360	fps: 496.960	
2026-08-11 17:10:35,852 Num updates: 3360	Num frames 537600
2026-08-11 17:10:35,852 Average window size: 50  distance_to_goal: 0.298  distance_to_goal_reward: 0.000  reward: 4.242  spl: 0.736  success: 0.878
2026-08-11 17:10:35,852 	Perf Stats: trainer.rollout_collect: 0.284 trainer.sample_action: 0.003 trainer.obs_insert: 0.000 trainer.step_env: 0.005 trainer.update_stats: 0.001 trainer.update_agent: 0.035
PluginManager::Manager: duplicate static plugin StbImageImporter, ignoring
PluginManager::Manager: duplicate static plugin GltfImporter, ignoring
PluginManager::Manager: duplicate static plugin BasisImporter, ignoring
PluginManager::Manager: duplicate static plugin AssimpImporter, ignoring
PluginManager::Manager: duplicate static plugin AnySceneImporter, ignoring
PluginManager::Manager: duplicate static plugin AnyImageImporter, ignoring
Renderer: NVIDIA GeForce RTX 4070/PCIe/SSE2 by NVIDIA Corporation
OpenGL version: 4.6.0 NVIDIA 580.173.02
Using optional features:
    GL_ARB_vertex_array_object
    GL_ARB_separate_shader_objects
    GL_ARB_robustness
    GL_ARB_texture_storage
    GL_ARB_texture_view
    GL_ARB_framebuffer_no_attachments
    GL_ARB_invalidate_subdata
    GL_ARB_texture_storage_multisample
    GL_ARB_multi_bind
    GL_ARB_direct_state_access
    GL_ARB_get_texture_sub_image
    GL_ARB_texture_filter_anisotropic
    GL_KHR_debug
    GL_KHR_parallel_shader_compile
    GL_NV_depth_buffer_float
Using driver workarounds:
    no-forward-compatible-core-context
    nv-egl-incorrect-gl11-function-pointers
    no-layout-qualifiers-on-old-glsl
    nv-zero-context-profile-mask
    nv-implementation-color-read-format-dsa-broken
    nv-cubemap-inconsistent-compressed-image-size
    nv-cubemap-broken-full-compressed-image-query
    nv-compressed-block-size-in-bits
[17:10:36:868079]:[Warning]:[Scene] SemanticScene.h(331)::checkFileExists : ::loadSemanticSceneDescriptor: File `data/scene_datasets/habitat-test-scenes/skokloster-castle.scn` does not exist.  Aborting load.
[17:10:36:868099]:[Warning]:[Scene] SemanticScene.cpp(123)::loadSemanticSceneDescriptor : SSD File Naming Issue! Neither SemanticAttributes-provided name : `data/scene_datasets/habitat-test-scenes/skokloster-castle.scn` nor constructed filename : `data/scene_datasets/habitat-test-scenes/info_semantic.json` exist on disk.
[17:10:36:868104]:[Error]:[Scene] SemanticScene.cpp(139)::loadSemanticSceneDescriptor : SSD Load Failure! File with SemanticAttributes-provided name `data/scene_datasets/habitat-test-scenes/skokloster-castle.scn` exists but failed to load.
[17:10:37:482789]:[Warning]:[Sim] Simulator.cpp(595)::instanceStageForSceneAttributes : The active scene does not contain semantic annotations : activeSemanticSceneID_ = 0
2026-08-11 17:10:39,596 update: 3370	fps: 496.724	
2026-08-11 17:10:39,596 Num updates: 3370	Num frames 539200
2026-08-11 17:10:39,596 Average window size: 50  distance_to_goal: 0.251  distance_to_goal_reward: 0.000  reward: 4.325  spl: 0.715  success: 0.859
2026-08-11 17:10:39,596 	Perf Stats: trainer.rollout_collect: 0.284 trainer.sample_action: 0.003 trainer.obs_insert: 0.000 trainer.step_env: 0.005 trainer.update_stats: 0.001 trainer.update_agent: 0.035
2026-08-11 17:10:42,713 update: 3380	fps: 496.767	
2026-08-11 17:10:42,714 Num updates: 3380	Num frames 540800
2026-08-11 17:10:42,714 Average window size: 50  distance_to_goal: 0.351  distance_to_goal_reward: 0.000  reward: 4.095  spl: 0.706  success: 0.855
2026-08-11 17:10:42,714 	Perf Stats: trainer.rollout_collect: 0.284 trainer.sample_action: 0.003 trainer.obs_insert: 0.000 trainer.step_env: 0.005 trainer.update_stats: 0.001 trainer.update_agent: 0.035
2026-08-11 17:10:45,851 update: 3390	fps: 496.805	
2026-08-11 17:10:45,852 Num updates: 3390	Num frames 542400
2026-08-11 17:10:45,852 Average window size: 50  distance_to_goal: 0.405  distance_to_goal_reward: 0.000  reward: 4.011  spl: 0.680  success: 0.824
2026-08-11 17:10:45,852 	Perf Stats: trainer.rollout_collect: 0.284 trainer.sample_action: 0.003 trainer.obs_insert: 0.000 trainer.step_env: 0.005 trainer.update_stats: 0.001 trainer.update_agent: 0.035
2026-08-11 17:10:49,070 update: 3400	fps: 496.806	
2026-08-11 17:10:49,070 Num updates: 3400	Num frames 544000
2026-08-11 17:10:49,070 Average window size: 50  distance_to_goal: 0.418  distance_to_goal_reward: 0.000  reward: 4.118  spl: 0.661  success: 0.800
2026-08-11 17:10:49,070 	Perf Stats: trainer.rollout_collect: 0.284 trainer.sample_action: 0.003 trainer.obs_insert: 0.000 trainer.step_env: 0.005 trainer.update_stats: 0.001 trainer.update_agent: 0.035
2026-08-11 17:10:52,234 update: 3410	fps: 496.831	
2026-08-11 17:10:52,234 Num updates: 3410	Num frames 545600
2026-08-11 17:10:52,234 Average window size: 50  distance_to_goal: 0.332  distance_to_goal_reward: 0.000  reward: 4.587  spl: 0.642  success: 0.770
2026-08-11 17:10:52,235 	Perf Stats: trainer.rollout_collect: 0.284 trainer.sample_action: 0.003 trainer.obs_insert: 0.000 trainer.step_env: 0.005 trainer.update_stats: 0.001 trainer.update_agent: 0.035
PluginManager::Manager: duplicate static plugin StbImageImporter, ignoring
PluginManager::Manager: duplicate static plugin GltfImporter, ignoring
PluginManager::Manager: duplicate static plugin BasisImporter, ignoring
PluginManager::Manager: duplicate static plugin AssimpImporter, ignoring
PluginManager::Manager: duplicate static plugin AnySceneImporter, ignoring
PluginManager::Manager: duplicate static plugin AnyImageImporter, ignoring
Renderer: NVIDIA GeForce RTX 4070/PCIe/SSE2 by NVIDIA Corporation
OpenGL version: 4.6.0 NVIDIA 580.173.02
Using optional features:
    GL_ARB_vertex_array_object
    GL_ARB_separate_shader_objects
    GL_ARB_robustness
    GL_ARB_texture_storage
    GL_ARB_texture_view
    GL_ARB_framebuffer_no_attachments
    GL_ARB_invalidate_subdata
    GL_ARB_texture_storage_multisample
    GL_ARB_multi_bind
    GL_ARB_direct_state_access
    GL_ARB_get_texture_sub_image
    GL_ARB_texture_filter_anisotropic
    GL_KHR_debug
    GL_KHR_parallel_shader_compile
    GL_NV_depth_buffer_float
Using driver workarounds:
    no-forward-compatible-core-context
    nv-egl-incorrect-gl11-function-pointers
    no-layout-qualifiers-on-old-glsl
    nv-zero-context-profile-mask
    nv-implementation-color-read-format-dsa-broken
    nv-cubemap-inconsistent-compressed-image-size
    nv-cubemap-broken-full-compressed-image-query
    nv-compressed-block-size-in-bits
[17:10:54:013517]:[Warning]:[Scene] SemanticScene.h(331)::checkFileExists : ::loadSemanticSceneDescriptor: File `data/scene_datasets/habitat-test-scenes/skokloster-castle.scn` does not exist.  Aborting load.
[17:10:54:013534]:[Warning]:[Scene] SemanticScene.cpp(123)::loadSemanticSceneDescriptor : SSD File Naming Issue! Neither SemanticAttributes-provided name : `data/scene_datasets/habitat-test-scenes/skokloster-castle.scn` nor constructed filename : `data/scene_datasets/habitat-test-scenes/info_semantic.json` exist on disk.
[17:10:54:013538]:[Error]:[Scene] SemanticScene.cpp(139)::loadSemanticSceneDescriptor : SSD Load Failure! File with SemanticAttributes-provided name `data/scene_datasets/habitat-test-scenes/skokloster-castle.scn` exists but failed to load.
[17:10:54:620802]:[Warning]:[Sim] Simulator.cpp(595)::instanceStageForSceneAttributes : The active scene does not contain semantic annotations : activeSemanticSceneID_ = 0
2026-08-11 17:10:56,042 update: 3420	fps: 496.566	
2026-08-11 17:10:56,042 Num updates: 3420	Num frames 547200
2026-08-11 17:10:56,042 Average window size: 50  distance_to_goal: 0.283  distance_to_goal_reward: 0.000  reward: 4.947  spl: 0.660  success: 0.783
2026-08-11 17:10:56,042 	Perf Stats: trainer.rollout_collect: 0.284 trainer.sample_action: 0.003 trainer.obs_insert: 0.000 trainer.step_env: 0.005 trainer.update_stats: 0.001 trainer.update_agent: 0.035
2026-08-11 17:10:59,240 update: 3430	fps: 496.577	
2026-08-11 17:10:59,241 Num updates: 3430	Num frames 548800
2026-08-11 17:10:59,241 Average window size: 50  distance_to_goal: 0.248  distance_to_goal_reward: 0.000  reward: 5.448  spl: 0.664  success: 0.786
2026-08-11 17:10:59,241 	Perf Stats: trainer.rollout_collect: 0.284 trainer.sample_action: 0.003 trainer.obs_insert: 0.000 trainer.step_env: 0.005 trainer.update_stats: 0.001 trainer.update_agent: 0.035
2026-08-11 17:11:02,414 update: 3440	fps: 496.599	
2026-08-11 17:11:02,414 Num updates: 3440	Num frames 550400
2026-08-11 17:11:02,414 Average window size: 50  distance_to_goal: 0.313  distance_to_goal_reward: 0.000  reward: 5.698  spl: 0.661  success: 0.781
2026-08-11 17:11:02,414 	Perf Stats: trainer.rollout_collect: 0.284 trainer.sample_action: 0.003 trainer.obs_insert: 0.000 trainer.step_env: 0.005 trainer.update_stats: 0.001 trainer.update_agent: 0.035
2026-08-11 17:11:05,602 update: 3450	fps: 496.614	
2026-08-11 17:11:05,602 Num updates: 3450	Num frames 552000
2026-08-11 17:11:05,602 Average window size: 50  distance_to_goal: 0.308  distance_to_goal_reward: 0.000  reward: 6.191  spl: 0.711  success: 0.831
2026-08-11 17:11:05,602 	Perf Stats: trainer.rollout_collect: 0.284 trainer.sample_action: 0.003 trainer.obs_insert: 0.000 trainer.step_env: 0.005 trainer.update_stats: 0.001 trainer.update_agent: 0.035
2026-08-11 17:11:08,775 update: 3460	fps: 496.635	
2026-08-11 17:11:08,775 Num updates: 3460	Num frames 553600
2026-08-11 17:11:08,775 Average window size: 50  distance_to_goal: 0.402  distance_to_goal_reward: 0.000  reward: 6.091  spl: 0.716  success: 0.841
2026-08-11 17:11:08,775 	Perf Stats: trainer.rollout_collect: 0.284 trainer.sample_action: 0.003 trainer.obs_insert: 0.000 trainer.step_env: 0.005 trainer.update_stats: 0.001 trainer.update_agent: 0.035
2026-08-11 17:11:11,966 update: 3470	fps: 496.649	
2026-08-11 17:11:11,966 Num updates: 3470	Num frames 555200
2026-08-11 17:11:11,966 Average window size: 50  distance_to_goal: 0.627  distance_to_goal_reward: -0.000  reward: 5.967  spl: 0.711  success: 0.824
2026-08-11 17:11:11,966 	Perf Stats: trainer.rollout_collect: 0.284 trainer.sample_action: 0.003 trainer.obs_insert: 0.000 trainer.step_env: 0.005 trainer.update_stats: 0.001 trainer.update_agent: 0.035
2026-08-11 17:11:15,155 update: 3480	fps: 496.664	
2026-08-11 17:11:15,163 Num updates: 3480	Num frames 556800
2026-08-11 17:11:15,163 Average window size: 50  distance_to_goal: 0.594  distance_to_goal_reward: -0.000  reward: 6.184  spl: 0.720  success: 0.843
2026-08-11 17:11:15,163 	Perf Stats: trainer.rollout_collect: 0.284 trainer.sample_action: 0.003 trainer.obs_insert: 0.000 trainer.step_env: 0.005 trainer.update_stats: 0.001 trainer.update_agent: 0.035
PluginManager::Manager: duplicate static plugin StbImageImporter, ignoring
PluginManager::Manager: duplicate static plugin GltfImporter, ignoring
PluginManager::Manager: duplicate static plugin BasisImporter, ignoring
PluginManager::Manager: duplicate static plugin AssimpImporter, ignoring
PluginManager::Manager: duplicate static plugin AnySceneImporter, ignoring
PluginManager::Manager: duplicate static plugin AnyImageImporter, ignoring
Renderer: NVIDIA GeForce RTX 4070/PCIe/SSE2 by NVIDIA Corporation
OpenGL version: 4.6.0 NVIDIA 580.173.02
Using optional features:
    GL_ARB_vertex_array_object
    GL_ARB_separate_shader_objects
    GL_ARB_robustness
    GL_ARB_texture_storage
    GL_ARB_texture_view
    GL_ARB_framebuffer_no_attachments
    GL_ARB_invalidate_subdata
    GL_ARB_texture_storage_multisample
    GL_ARB_multi_bind
    GL_ARB_direct_state_access
    GL_ARB_get_texture_sub_image
    GL_ARB_texture_filter_anisotropic
    GL_KHR_debug
    GL_KHR_parallel_shader_compile
    GL_NV_depth_buffer_float
Using driver workarounds:
    no-forward-compatible-core-context
    nv-egl-incorrect-gl11-function-pointers
    no-layout-qualifiers-on-old-glsl
    nv-zero-context-profile-mask
    nv-implementation-color-read-format-dsa-broken
    nv-cubemap-inconsistent-compressed-image-size
    nv-cubemap-broken-full-compressed-image-query
    nv-compressed-block-size-in-bits
[17:11:16:151185]:[Warning]:[Scene] SemanticScene.h(331)::checkFileExists : ::loadSemanticSceneDescriptor: File `data/scene_datasets/habitat-test-scenes/skokloster-castle.scn` does not exist.  Aborting load.
[17:11:16:151202]:[Warning]:[Scene] SemanticScene.cpp(123)::loadSemanticSceneDescriptor : SSD File Naming Issue! Neither SemanticAttributes-provided name : `data/scene_datasets/habitat-test-scenes/skokloster-castle.scn` nor constructed filename : `data/scene_datasets/habitat-test-scenes/info_semantic.json` exist on disk.
[17:11:16:151207]:[Error]:[Scene] SemanticScene.cpp(139)::loadSemanticSceneDescriptor : SSD Load Failure! File with SemanticAttributes-provided name `data/scene_datasets/habitat-test-scenes/skokloster-castle.scn` exists but failed to load.
[17:11:16:758986]:[Warning]:[Sim] Simulator.cpp(595)::instanceStageForSceneAttributes : The active scene does not contain semantic annotations : activeSemanticSceneID_ = 0
2026-08-11 17:11:18,991 update: 3490	fps: 496.392	
2026-08-11 17:11:18,991 Num updates: 3490	Num frames 558400
2026-08-11 17:11:18,991 Average window size: 50  distance_to_goal: 0.623  distance_to_goal_reward: -0.002  reward: 6.008  spl: 0.743  success: 0.865
2026-08-11 17:11:18,991 	Perf Stats: trainer.rollout_collect: 0.285 trainer.sample_action: 0.003 trainer.obs_insert: 0.000 trainer.step_env: 0.005 trainer.update_stats: 0.001 trainer.update_agent: 0.035
PluginManager::Manager: duplicate static plugin StbImageImporter, ignoring
PluginManager::Manager: duplicate static plugin GltfImporter, ignoring
PluginManager::Manager: duplicate static plugin BasisImporter, ignoring
PluginManager::Manager: duplicate static plugin AssimpImporter, ignoring
PluginManager::Manager: duplicate static plugin AnySceneImporter, ignoring
PluginManager::Manager: duplicate static plugin AnyImageImporter, ignoring
Renderer: NVIDIA GeForce RTX 4070/PCIe/SSE2 by NVIDIA Corporation
OpenGL version: 4.6.0 NVIDIA 580.173.02
Using optional features:
    GL_ARB_vertex_array_object
    GL_ARB_separate_shader_objects
    GL_ARB_robustness
    GL_ARB_texture_storage
    GL_ARB_texture_view
    GL_ARB_framebuffer_no_attachments
    GL_ARB_invalidate_subdata
    GL_ARB_texture_storage_multisample
    GL_ARB_multi_bind
    GL_ARB_direct_state_access
    GL_ARB_get_texture_sub_image
    GL_ARB_texture_filter_anisotropic
    GL_KHR_debug
    GL_KHR_parallel_shader_compile
    GL_NV_depth_buffer_float
Using driver workarounds:
    no-forward-compatible-core-context
    nv-egl-incorrect-gl11-function-pointers
    no-layout-qualifiers-on-old-glsl
    nv-zero-context-profile-mask
    nv-implementation-color-read-format-dsa-broken
    nv-cubemap-inconsistent-compressed-image-size
    nv-cubemap-broken-full-compressed-image-query
    nv-compressed-block-size-in-bits
[17:11:20:766079]:[Warning]:[Scene] SemanticScene.h(331)::checkFileExists : ::loadSemanticSceneDescriptor: File `data/scene_datasets/habitat-test-scenes/van-gogh-room.scn` does not exist.  Aborting load.
[17:11:20:766099]:[Warning]:[Scene] SemanticScene.cpp(123)::loadSemanticSceneDescriptor : SSD File Naming Issue! Neither SemanticAttributes-provided name : `data/scene_datasets/habitat-test-scenes/van-gogh-room.scn` nor constructed filename : `data/scene_datasets/habitat-test-scenes/info_semantic.json` exist on disk.
[17:11:20:766104]:[Error]:[Scene] SemanticScene.cpp(139)::loadSemanticSceneDescriptor : SSD Load Failure! File with SemanticAttributes-provided name `data/scene_datasets/habitat-test-scenes/van-gogh-room.scn` exists but failed to load.
[17:11:21:240109]:[Warning]:[Sim] Simulator.cpp(595)::instanceStageForSceneAttributes : The active scene does not contain semantic annotations : activeSemanticSceneID_ = 0
2026-08-11 17:11:22,786 update: 3500	fps: 496.141	
2026-08-11 17:11:22,786 Num updates: 3500	Num frames 560000
2026-08-11 17:11:22,786 Average window size: 50  distance_to_goal: 0.707  distance_to_goal_reward: -0.002  reward: 6.190  spl: 0.731  success: 0.875
2026-08-11 17:11:22,786 	Perf Stats: trainer.rollout_collect: 0.285 trainer.sample_action: 0.003 trainer.obs_insert: 0.000 trainer.step_env: 0.005 trainer.update_stats: 0.001 trainer.update_agent: 0.035
2026-08-11 17:11:25,939 update: 3510	fps: 496.172	
2026-08-11 17:11:25,939 Num updates: 3510	Num frames 561600
2026-08-11 17:11:25,939 Average window size: 50  distance_to_goal: 0.591  distance_to_goal_reward: -0.002  reward: 6.502  spl: 0.745  success: 0.897
2026-08-11 17:11:25,939 	Perf Stats: trainer.rollout_collect: 0.285 trainer.sample_action: 0.003 trainer.obs_insert: 0.000 trainer.step_env: 0.005 trainer.update_stats: 0.001 trainer.update_agent: 0.035
2026-08-11 17:11:29,096 update: 3520	fps: 496.202	
2026-08-11 17:11:29,096 Num updates: 3520	Num frames 563200
2026-08-11 17:11:29,096 Average window size: 50  distance_to_goal: 0.629  distance_to_goal_reward: -0.003  reward: 6.341  spl: 0.720  success: 0.877
2026-08-11 17:11:29,096 	Perf Stats: trainer.rollout_collect: 0.285 trainer.sample_action: 0.003 trainer.obs_insert: 0.000 trainer.step_env: 0.005 trainer.update_stats: 0.001 trainer.update_agent: 0.035
2026-08-11 17:11:32,255 update: 3530	fps: 496.230	
2026-08-11 17:11:32,256 Num updates: 3530	Num frames 564800
2026-08-11 17:11:32,256 Average window size: 50  distance_to_goal: 0.723  distance_to_goal_reward: -0.003  reward: 6.014  spl: 0.693  success: 0.850
2026-08-11 17:11:32,256 	Perf Stats: trainer.rollout_collect: 0.285 trainer.sample_action: 0.003 trainer.obs_insert: 0.000 trainer.step_env: 0.005 trainer.update_stats: 0.001 trainer.update_agent: 0.035
PluginManager::Manager: duplicate static plugin StbImageImporter, ignoring
PluginManager::Manager: duplicate static plugin GltfImporter, ignoring
PluginManager::Manager: duplicate static plugin BasisImporter, ignoring
PluginManager::Manager: duplicate static plugin AssimpImporter, ignoring
PluginManager::Manager: duplicate static plugin AnySceneImporter, ignoring
PluginManager::Manager: duplicate static plugin AnyImageImporter, ignoring
Renderer: NVIDIA GeForce RTX 4070/PCIe/SSE2 by NVIDIA Corporation
OpenGL version: 4.6.0 NVIDIA 580.173.02
Using optional features:
    GL_ARB_vertex_array_object
    GL_ARB_separate_shader_objects
    GL_ARB_robustness
    GL_ARB_texture_storage
    GL_ARB_texture_view
    GL_ARB_framebuffer_no_attachments
    GL_ARB_invalidate_subdata
    GL_ARB_texture_storage_multisample
    GL_ARB_multi_bind
    GL_ARB_direct_state_access
    GL_ARB_get_texture_sub_image
    GL_ARB_texture_filter_anisotropic
    GL_KHR_debug
    GL_KHR_parallel_shader_compile
    GL_NV_depth_buffer_float
Using driver workarounds:
    no-forward-compatible-core-context
    nv-egl-incorrect-gl11-function-pointers
    no-layout-qualifiers-on-old-glsl
    nv-zero-context-profile-mask
    nv-implementation-color-read-format-dsa-broken
    nv-cubemap-inconsistent-compressed-image-size
    nv-cubemap-broken-full-compressed-image-query
    nv-compressed-block-size-in-bits
[17:11:34:881930]:[Warning]:[Scene] SemanticScene.h(331)::checkFileExists : ::loadSemanticSceneDescriptor: File `data/scene_datasets/habitat-test-scenes/van-gogh-room.scn` does not exist.  Aborting load.
[17:11:34:881946]:[Warning]:[Scene] SemanticScene.cpp(123)::loadSemanticSceneDescriptor : SSD File Naming Issue! Neither SemanticAttributes-provided name : `data/scene_datasets/habitat-test-scenes/van-gogh-room.scn` nor constructed filename : `data/scene_datasets/habitat-test-scenes/info_semantic.json` exist on disk.
[17:11:34:881950]:[Error]:[Scene] SemanticScene.cpp(139)::loadSemanticSceneDescriptor : SSD Load Failure! File with SemanticAttributes-provided name `data/scene_datasets/habitat-test-scenes/van-gogh-room.scn` exists but failed to load.
[17:11:35:338835]:[Warning]:[Sim] Simulator.cpp(595)::instanceStageForSceneAttributes : The active scene does not contain semantic annotations : activeSemanticSceneID_ = 0
2026-08-11 17:11:35,891 update: 3540	fps: 496.051	
2026-08-11 17:11:35,892 Num updates: 3540	Num frames 566400
2026-08-11 17:11:35,892 Average window size: 50  distance_to_goal: 0.561  distance_to_goal_reward: -0.001  reward: 6.301  spl: 0.714  success: 0.876
2026-08-11 17:11:35,892 	Perf Stats: trainer.rollout_collect: 0.285 trainer.sample_action: 0.003 trainer.obs_insert: 0.000 trainer.step_env: 0.005 trainer.update_stats: 0.001 trainer.update_agent: 0.035
2026-08-11 17:11:39,037 update: 3550	fps: 496.086	
2026-08-11 17:11:39,037 Num updates: 3550	Num frames 568000
2026-08-11 17:11:39,037 Average window size: 50  distance_to_goal: 0.611  distance_to_goal_reward: -0.001  reward: 5.356  spl: 0.705  success: 0.854
2026-08-11 17:11:39,037 	Perf Stats: trainer.rollout_collect: 0.285 trainer.sample_action: 0.003 trainer.obs_insert: 0.000 trainer.step_env: 0.005 trainer.update_stats: 0.001 trainer.update_agent: 0.035
2026-08-11 17:11:42,195 update: 3560	fps: 496.115	
2026-08-11 17:11:42,195 Num updates: 3560	Num frames 569600
2026-08-11 17:11:42,195 Average window size: 50  distance_to_goal: 0.747  distance_to_goal_reward: -0.001  reward: 4.653  spl: 0.707  success: 0.840
2026-08-11 17:11:42,195 	Perf Stats: trainer.rollout_collect: 0.285 trainer.sample_action: 0.003 trainer.obs_insert: 0.000 trainer.step_env: 0.005 trainer.update_stats: 0.001 trainer.update_agent: 0.035
2026-08-11 17:11:45,356 update: 3570	fps: 496.143	
2026-08-11 17:11:45,356 Num updates: 3570	Num frames 571200
2026-08-11 17:11:45,356 Average window size: 50  distance_to_goal: 0.489  distance_to_goal_reward: 0.000  reward: 4.771  spl: 0.713  success: 0.860
2026-08-11 17:11:45,356 	Perf Stats: trainer.rollout_collect: 0.285 trainer.sample_action: 0.003 trainer.obs_insert: 0.000 trainer.step_env: 0.005 trainer.update_stats: 0.001 trainer.update_agent: 0.035
2026-08-11 17:11:48,527 update: 3580	fps: 496.166	
2026-08-11 17:11:48,527 Num updates: 3580	Num frames 572800
2026-08-11 17:11:48,527 Average window size: 50  distance_to_goal: 0.407  distance_to_goal_reward: 0.000  reward: 4.798  spl: 0.729  success: 0.878
2026-08-11 17:11:48,527 	Perf Stats: trainer.rollout_collect: 0.285 trainer.sample_action: 0.003 trainer.obs_insert: 0.000 trainer.step_env: 0.005 trainer.update_stats: 0.001 trainer.update_agent: 0.035
2026-08-11 17:11:51,678 update: 3590	fps: 496.197	
2026-08-11 17:11:51,678 Num updates: 3590	Num frames 574400
2026-08-11 17:11:51,678 Average window size: 50  distance_to_goal: 0.345  distance_to_goal_reward: 0.000  reward: 4.707  spl: 0.740  success: 0.891
2026-08-11 17:11:51,678 	Perf Stats: trainer.rollout_collect: 0.285 trainer.sample_action: 0.003 trainer.obs_insert: 0.000 trainer.step_env: 0.005 trainer.update_stats: 0.001 trainer.update_agent: 0.035
2026-08-11 17:11:54,923 update: 3600	fps: 496.188	
2026-08-11 17:11:54,923 Num updates: 3600	Num frames 576000
2026-08-11 17:11:54,923 Average window size: 50  distance_to_goal: 0.381  distance_to_goal_reward: -0.001  reward: 5.023  spl: 0.744  success: 0.897
2026-08-11 17:11:54,924 	Perf Stats: trainer.rollout_collect: 0.285 trainer.sample_action: 0.003 trainer.obs_insert: 0.000 trainer.step_env: 0.005 trainer.update_stats: 0.001 trainer.update_agent: 0.035
2026-08-11 17:11:58,058 update: 3610	fps: 496.227	
2026-08-11 17:11:58,058 Num updates: 3610	Num frames 577600
2026-08-11 17:11:58,058 Average window size: 50  distance_to_goal: 0.251  distance_to_goal_reward: -0.001  reward: 5.156  spl: 0.754  success: 0.916
2026-08-11 17:11:58,058 	Perf Stats: trainer.rollout_collect: 0.285 trainer.sample_action: 0.003 trainer.obs_insert: 0.000 trainer.step_env: 0.005 trainer.update_stats: 0.001 trainer.update_agent: 0.035
2026-08-11 17:12:01,220 update: 3620	fps: 496.253	
2026-08-11 17:12:01,220 Num updates: 3620	Num frames 579200
2026-08-11 17:12:01,220 Average window size: 50  distance_to_goal: 0.323  distance_to_goal_reward: -0.001  reward: 4.798  spl: 0.771  success: 0.928
2026-08-11 17:12:01,220 	Perf Stats: trainer.rollout_collect: 0.285 trainer.sample_action: 0.003 trainer.obs_insert: 0.000 trainer.step_env: 0.005 trainer.update_stats: 0.001 trainer.update_agent: 0.035
PluginManager::Manager: duplicate static plugin StbImageImporter, ignoring
PluginManager::Manager: duplicate static plugin GltfImporter, ignoring
PluginManager::Manager: duplicate static plugin BasisImporter, ignoring
PluginManager::Manager: duplicate static plugin AssimpImporter, ignoring
PluginManager::Manager: duplicate static plugin AnySceneImporter, ignoring
PluginManager::Manager: duplicate static plugin AnyImageImporter, ignoring
Renderer: NVIDIA GeForce RTX 4070/PCIe/SSE2 by NVIDIA Corporation
OpenGL version: 4.6.0 NVIDIA 580.173.02
Using optional features:
    GL_ARB_vertex_array_object
    GL_ARB_separate_shader_objects
    GL_ARB_robustness
    GL_ARB_texture_storage
    GL_ARB_texture_view
    GL_ARB_framebuffer_no_attachments
    GL_ARB_invalidate_subdata
    GL_ARB_texture_storage_multisample
    GL_ARB_multi_bind
    GL_ARB_direct_state_access
    GL_ARB_get_texture_sub_image
    GL_ARB_texture_filter_anisotropic
    GL_KHR_debug
    GL_KHR_parallel_shader_compile
    GL_NV_depth_buffer_float
Using driver workarounds:
    no-forward-compatible-core-context
    nv-egl-incorrect-gl11-function-pointers
    no-layout-qualifiers-on-old-glsl
    nv-zero-context-profile-mask
    nv-implementation-color-read-format-dsa-broken
    nv-cubemap-inconsistent-compressed-image-size
    nv-cubemap-broken-full-compressed-image-query
    nv-compressed-block-size-in-bits
[17:12:02:833447]:[Warning]:[Scene] SemanticScene.h(331)::checkFileExists : ::loadSemanticSceneDescriptor: File `data/scene_datasets/habitat-test-scenes/van-gogh-room.scn` does not exist.  Aborting load.
[17:12:02:833466]:[Warning]:[Scene] SemanticScene.cpp(123)::loadSemanticSceneDescriptor : SSD File Naming Issue! Neither SemanticAttributes-provided name : `data/scene_datasets/habitat-test-scenes/van-gogh-room.scn` nor constructed filename : `data/scene_datasets/habitat-test-scenes/info_semantic.json` exist on disk.
[17:12:02:833471]:[Error]:[Scene] SemanticScene.cpp(139)::loadSemanticSceneDescriptor : SSD Load Failure! File with SemanticAttributes-provided name `data/scene_datasets/habitat-test-scenes/van-gogh-room.scn` exists but failed to load.
[17:12:03:283703]:[Warning]:[Sim] Simulator.cpp(595)::instanceStageForSceneAttributes : The active scene does not contain semantic annotations : activeSemanticSceneID_ = 0
2026-08-11 17:12:04,808 update: 3630	fps: 496.099	
2026-08-11 17:12:04,808 Num updates: 3630	Num frames 580800
2026-08-11 17:12:04,808 Average window size: 50  distance_to_goal: 0.341  distance_to_goal_reward: -0.001  reward: 4.828  spl: 0.753  success: 0.919
2026-08-11 17:12:04,808 	Perf Stats: trainer.rollout_collect: 0.285 trainer.sample_action: 0.003 trainer.obs_insert: 0.000 trainer.step_env: 0.005 trainer.update_stats: 0.001 trainer.update_agent: 0.035
2026-08-11 17:12:07,902 update: 3640	fps: 496.155	
2026-08-11 17:12:07,902 Num updates: 3640	Num frames 582400
2026-08-11 17:12:07,902 Average window size: 50  distance_to_goal: 0.338  distance_to_goal_reward: -0.001  reward: 4.509  spl: 0.738  success: 0.887
2026-08-11 17:12:07,902 	Perf Stats: trainer.rollout_collect: 0.285 trainer.sample_action: 0.003 trainer.obs_insert: 0.000 trainer.step_env: 0.005 trainer.update_stats: 0.001 trainer.update_agent: 0.035
2026-08-11 17:12:11,004 update: 3650	fps: 496.206	
2026-08-11 17:12:11,004 Num updates: 3650	Num frames 584000
2026-08-11 17:12:11,005 Average window size: 50  distance_to_goal: 0.244  distance_to_goal_reward: 0.000  reward: 4.312  spl: 0.749  success: 0.895
2026-08-11 17:12:11,005 	Perf Stats: trainer.rollout_collect: 0.285 trainer.sample_action: 0.003 trainer.obs_insert: 0.000 trainer.step_env: 0.005 trainer.update_stats: 0.001 trainer.update_agent: 0.035
2026-08-11 17:12:14,099 update: 3660	fps: 496.261	
2026-08-11 17:12:14,099 Num updates: 3660	Num frames 585600
2026-08-11 17:12:14,100 Average window size: 50  distance_to_goal: 0.242  distance_to_goal_reward: 0.000  reward: 4.343  spl: 0.765  success: 0.902
2026-08-11 17:12:14,100 	Perf Stats: trainer.rollout_collect: 0.285 trainer.sample_action: 0.003 trainer.obs_insert: 0.000 trainer.step_env: 0.005 trainer.update_stats: 0.001 trainer.update_agent: 0.035
2026-08-11 17:12:17,188 update: 3670	fps: 496.318	
2026-08-11 17:12:17,188 Num updates: 3670	Num frames 587200
2026-08-11 17:12:17,188 Average window size: 50  distance_to_goal: 0.242  distance_to_goal_reward: 0.000  reward: 4.118  spl: 0.751  success: 0.879
2026-08-11 17:12:17,188 	Perf Stats: trainer.rollout_collect: 0.285 trainer.sample_action: 0.003 trainer.obs_insert: 0.000 trainer.step_env: 0.005 trainer.update_stats: 0.001 trainer.update_agent: 0.035
2026-08-11 17:12:20,288 update: 3680	fps: 496.369	
2026-08-11 17:12:20,288 Num updates: 3680	Num frames 588800
2026-08-11 17:12:20,288 Average window size: 50  distance_to_goal: 0.376  distance_to_goal_reward: 0.000  reward: 3.788  spl: 0.758  success: 0.868
2026-08-11 17:12:20,288 	Perf Stats: trainer.rollout_collect: 0.285 trainer.sample_action: 0.003 trainer.obs_insert: 0.000 trainer.step_env: 0.005 trainer.update_stats: 0.001 trainer.update_agent: 0.035
2026-08-11 17:12:23,374 update: 3690	fps: 496.426	
2026-08-11 17:12:23,374 Num updates: 3690	Num frames 590400
2026-08-11 17:12:23,374 Average window size: 50  distance_to_goal: 0.405  distance_to_goal_reward: 0.000  reward: 3.830  spl: 0.757  success: 0.863
2026-08-11 17:12:23,374 	Perf Stats: trainer.rollout_collect: 0.284 trainer.sample_action: 0.003 trainer.obs_insert: 0.000 trainer.step_env: 0.005 trainer.update_stats: 0.001 trainer.update_agent: 0.035
2026-08-11 17:12:26,567 update: 3700	fps: 496.439	
2026-08-11 17:12:26,568 Num updates: 3700	Num frames 592000
2026-08-11 17:12:26,568 Average window size: 50  distance_to_goal: 0.444  distance_to_goal_reward: 0.000  reward: 3.822  spl: 0.758  success: 0.863
2026-08-11 17:12:26,568 	Perf Stats: trainer.rollout_collect: 0.284 trainer.sample_action: 0.003 trainer.obs_insert: 0.000 trainer.step_env: 0.005 trainer.update_stats: 0.001 trainer.update_agent: 0.035
2026-08-11 17:12:29,678 update: 3710	fps: 496.485	
2026-08-11 17:12:29,679 Num updates: 3710	Num frames 593600
2026-08-11 17:12:29,679 Average window size: 50  distance_to_goal: 0.444  distance_to_goal_reward: 0.000  reward: 3.827  spl: 0.737  success: 0.850
2026-08-11 17:12:29,679 	Perf Stats: trainer.rollout_collect: 0.284 trainer.sample_action: 0.003 trainer.obs_insert: 0.000 trainer.step_env: 0.005 trainer.update_stats: 0.001 trainer.update_agent: 0.035
2026-08-11 17:12:32,781 update: 3720	fps: 496.535	
2026-08-11 17:12:32,781 Num updates: 3720	Num frames 595200
2026-08-11 17:12:32,781 Average window size: 50  distance_to_goal: 0.366  distance_to_goal_reward: 0.000  reward: 3.938  spl: 0.746  success: 0.862
2026-08-11 17:12:32,781 	Perf Stats: trainer.rollout_collect: 0.284 trainer.sample_action: 0.003 trainer.obs_insert: 0.000 trainer.step_env: 0.005 trainer.update_stats: 0.001 trainer.update_agent: 0.035
PluginManager::Manager: duplicate static plugin StbImageImporter, ignoring
PluginManager::Manager: duplicate static plugin GltfImporter, ignoring
PluginManager::Manager: duplicate static plugin BasisImporter, ignoring
PluginManager::Manager: duplicate static plugin AssimpImporter, ignoring
PluginManager::Manager: duplicate static plugin AnySceneImporter, ignoring
PluginManager::Manager: duplicate static plugin AnyImageImporter, ignoring
Renderer: NVIDIA GeForce RTX 4070/PCIe/SSE2 by NVIDIA Corporation
OpenGL version: 4.6.0 NVIDIA 580.173.02
Using optional features:
    GL_ARB_vertex_array_object
    GL_ARB_separate_shader_objects
    GL_ARB_robustness
    GL_ARB_texture_storage
    GL_ARB_texture_view
    GL_ARB_framebuffer_no_attachments
    GL_ARB_invalidate_subdata
    GL_ARB_texture_storage_multisample
    GL_ARB_multi_bind
    GL_ARB_direct_state_access
    GL_ARB_get_texture_sub_image
    GL_ARB_texture_filter_anisotropic
    GL_KHR_debug
    GL_KHR_parallel_shader_compile
    GL_NV_depth_buffer_float
Using driver workarounds:
    no-forward-compatible-core-context
    nv-egl-incorrect-gl11-function-pointers
    no-layout-qualifiers-on-old-glsl
    nv-zero-context-profile-mask
    nv-implementation-color-read-format-dsa-broken
    nv-cubemap-inconsistent-compressed-image-size
    nv-cubemap-broken-full-compressed-image-query
    nv-compressed-block-size-in-bits
[17:12:35:077110]:[Warning]:[Scene] SemanticScene.h(331)::checkFileExists : ::loadSemanticSceneDescriptor: File `data/scene_datasets/habitat-test-scenes/van-gogh-room.scn` does not exist.  Aborting load.
[17:12:35:077127]:[Warning]:[Scene] SemanticScene.cpp(123)::loadSemanticSceneDescriptor : SSD File Naming Issue! Neither SemanticAttributes-provided name : `data/scene_datasets/habitat-test-scenes/van-gogh-room.scn` nor constructed filename : `data/scene_datasets/habitat-test-scenes/info_semantic.json` exist on disk.
[17:12:35:077132]:[Error]:[Scene] SemanticScene.cpp(139)::loadSemanticSceneDescriptor : SSD Load Failure! File with SemanticAttributes-provided name `data/scene_datasets/habitat-test-scenes/van-gogh-room.scn` exists but failed to load.
[17:12:35:516151]:[Warning]:[Sim] Simulator.cpp(595)::instanceStageForSceneAttributes : The active scene does not contain semantic annotations : activeSemanticSceneID_ = 0
2026-08-11 17:12:36,318 update: 3730	fps: 496.405	
2026-08-11 17:12:36,319 Num updates: 3730	Num frames 596800
2026-08-11 17:12:36,319 Average window size: 50  distance_to_goal: 0.315  distance_to_goal_reward: 0.001  reward: 3.966  spl: 0.744  success: 0.862
2026-08-11 17:12:36,319 	Perf Stats: trainer.rollout_collect: 0.284 trainer.sample_action: 0.003 trainer.obs_insert: 0.000 trainer.step_env: 0.005 trainer.update_stats: 0.001 trainer.update_agent: 0.035
2026-08-11 17:12:39,373 update: 3740	fps: 496.475	
2026-08-11 17:12:39,373 Num updates: 3740	Num frames 598400
2026-08-11 17:12:39,373 Average window size: 50  distance_to_goal: 0.366  distance_to_goal_reward: 0.001  reward: 3.891  spl: 0.736  success: 0.858
2026-08-11 17:12:39,373 	Perf Stats: trainer.rollout_collect: 0.284 trainer.sample_action: 0.003 trainer.obs_insert: 0.000 trainer.step_env: 0.005 trainer.update_stats: 0.001 trainer.update_agent: 0.035
2026-08-11 17:12:42,428 update: 3750	fps: 496.543	
2026-08-11 17:12:42,428 Num updates: 3750	Num frames 600000
2026-08-11 17:12:42,429 Average window size: 50  distance_to_goal: 0.288  distance_to_goal_reward: 0.001  reward: 3.858  spl: 0.750  success: 0.878
2026-08-11 17:12:42,429 	Perf Stats: trainer.rollout_collect: 0.284 trainer.sample_action: 0.003 trainer.obs_insert: 0.000 trainer.step_env: 0.005 trainer.update_stats: 0.001 trainer.update_agent: 0.035
2026-08-11 17:12:45,548 update: 3760	fps: 496.585	
2026-08-11 17:12:45,548 Num updates: 3760	Num frames 601600
2026-08-11 17:12:45,548 Average window size: 50  distance_to_goal: 0.367  distance_to_goal_reward: 0.001  reward: 3.731  spl: 0.753  success: 0.868
2026-08-11 17:12:45,548 	Perf Stats: trainer.rollout_collect: 0.284 trainer.sample_action: 0.003 trainer.obs_insert: 0.000 trainer.step_env: 0.005 trainer.update_stats: 0.001 trainer.update_agent: 0.035
2026-08-11 17:12:48,576 update: 3770	fps: 496.665	
2026-08-11 17:12:48,576 Num updates: 3770	Num frames 603200
2026-08-11 17:12:48,576 Average window size: 50  distance_to_goal: 0.295  distance_to_goal_reward: 0.001  reward: 3.819  spl: 0.765  success: 0.877
2026-08-11 17:12:48,576 	Perf Stats: trainer.rollout_collect: 0.284 trainer.sample_action: 0.003 trainer.obs_insert: 0.000 trainer.step_env: 0.005 trainer.update_stats: 0.001 trainer.update_agent: 0.035
2026-08-11 17:12:51,628 update: 3780	fps: 496.733	
2026-08-11 17:12:51,629 Num updates: 3780	Num frames 604800
2026-08-11 17:12:51,629 Average window size: 50  distance_to_goal: 0.289  distance_to_goal_reward: 0.000  reward: 3.891  spl: 0.770  success: 0.888
2026-08-11 17:12:51,629 	Perf Stats: trainer.rollout_collect: 0.284 trainer.sample_action: 0.003 trainer.obs_insert: 0.000 trainer.step_env: 0.005 trainer.update_stats: 0.001 trainer.update_agent: 0.035
2026-08-11 17:12:54,678 update: 3790	fps: 496.803	
2026-08-11 17:12:54,686 Num updates: 3790	Num frames 606400
2026-08-11 17:12:54,686 Average window size: 50  distance_to_goal: 0.297  distance_to_goal_reward: 0.000  reward: 3.842  spl: 0.774  success: 0.895
2026-08-11 17:12:54,686 	Perf Stats: trainer.rollout_collect: 0.284 trainer.sample_action: 0.003 trainer.obs_insert: 0.000 trainer.step_env: 0.005 trainer.update_stats: 0.001 trainer.update_agent: 0.035
2026-08-11 17:12:57,823 update: 3800	fps: 496.834	
2026-08-11 17:12:57,823 Num updates: 3800	Num frames 608000
2026-08-11 17:12:57,823 Average window size: 50  distance_to_goal: 0.294  distance_to_goal_reward: 0.000  reward: 3.927  spl: 0.793  success: 0.914
2026-08-11 17:12:57,823 	Perf Stats: trainer.rollout_collect: 0.284 trainer.sample_action: 0.003 trainer.obs_insert: 0.000 trainer.step_env: 0.005 trainer.update_stats: 0.001 trainer.update_agent: 0.035
PluginManager::Manager: duplicate static plugin StbImageImporter, ignoring
PluginManager::Manager: duplicate static plugin GltfImporter, ignoring
PluginManager::Manager: duplicate static plugin BasisImporter, ignoring
PluginManager::Manager: duplicate static plugin AssimpImporter, ignoring
PluginManager::Manager: duplicate static plugin AnySceneImporter, ignoring
PluginManager::Manager: duplicate static plugin AnyImageImporter, ignoring
Renderer: NVIDIA GeForce RTX 4070/PCIe/SSE2 by NVIDIA Corporation
OpenGL version: 4.6.0 NVIDIA 580.173.02
Using optional features:
    GL_ARB_vertex_array_object
    GL_ARB_separate_shader_objects
    GL_ARB_robustness
    GL_ARB_texture_storage
    GL_ARB_texture_view
    GL_ARB_framebuffer_no_attachments
    GL_ARB_invalidate_subdata
    GL_ARB_texture_storage_multisample
    GL_ARB_multi_bind
    GL_ARB_direct_state_access
    GL_ARB_get_texture_sub_image
    GL_ARB_texture_filter_anisotropic
    GL_KHR_debug
    GL_KHR_parallel_shader_compile
    GL_NV_depth_buffer_float
Using driver workarounds:
    no-forward-compatible-core-context
    nv-egl-incorrect-gl11-function-pointers
    no-layout-qualifiers-on-old-glsl
    nv-zero-context-profile-mask
    nv-implementation-color-read-format-dsa-broken
    nv-cubemap-inconsistent-compressed-image-size
    nv-cubemap-broken-full-compressed-image-query
    nv-compressed-block-size-in-bits
[17:12:58:139953]:[Warning]:[Scene] SemanticScene.h(331)::checkFileExists : ::loadSemanticSceneDescriptor: File `data/scene_datasets/habitat-test-scenes/skokloster-castle.scn` does not exist.  Aborting load.
[17:12:58:139969]:[Warning]:[Scene] SemanticScene.cpp(123)::loadSemanticSceneDescriptor : SSD File Naming Issue! Neither SemanticAttributes-provided name : `data/scene_datasets/habitat-test-scenes/skokloster-castle.scn` nor constructed filename : `data/scene_datasets/habitat-test-scenes/info_semantic.json` exist on disk.
[17:12:58:139974]:[Error]:[Scene] SemanticScene.cpp(139)::loadSemanticSceneDescriptor : SSD Load Failure! File with SemanticAttributes-provided name `data/scene_datasets/habitat-test-scenes/skokloster-castle.scn` exists but failed to load.
[17:12:58:745391]:[Warning]:[Sim] Simulator.cpp(595)::instanceStageForSceneAttributes : The active scene does not contain semantic annotations : activeSemanticSceneID_ = 0
2026-08-11 17:13:01,505 update: 3810	fps: 496.647	
2026-08-11 17:13:01,505 Num updates: 3810	Num frames 609600
2026-08-11 17:13:01,505 Average window size: 50  distance_to_goal: 0.259  distance_to_goal_reward: 0.000  reward: 3.898  spl: 0.785  success: 0.914
2026-08-11 17:13:01,505 	Perf Stats: trainer.rollout_collect: 0.284 trainer.sample_action: 0.003 trainer.obs_insert: 0.000 trainer.step_env: 0.005 trainer.update_stats: 0.001 trainer.update_agent: 0.035
2026-08-11 17:13:04,571 update: 3820	fps: 496.710	
2026-08-11 17:13:04,571 Num updates: 3820	Num frames 611200
2026-08-11 17:13:04,571 Average window size: 50  distance_to_goal: 0.342  distance_to_goal_reward: 0.000  reward: 3.791  spl: 0.794  success: 0.929
2026-08-11 17:13:04,571 	Perf Stats: trainer.rollout_collect: 0.284 trainer.sample_action: 0.003 trainer.obs_insert: 0.000 trainer.step_env: 0.005 trainer.update_stats: 0.001 trainer.update_agent: 0.035
2026-08-11 17:13:07,667 update: 3830	fps: 496.760	
2026-08-11 17:13:07,667 Num updates: 3830	Num frames 612800
2026-08-11 17:13:07,667 Average window size: 50  distance_to_goal: 0.344  distance_to_goal_reward: 0.000  reward: 3.949  spl: 0.809  success: 0.943
2026-08-11 17:13:07,667 	Perf Stats: trainer.rollout_collect: 0.284 trainer.sample_action: 0.003 trainer.obs_insert: 0.000 trainer.step_env: 0.005 trainer.update_stats: 0.001 trainer.update_agent: 0.035
PluginManager::Manager: duplicate static plugin StbImageImporter, ignoring
PluginManager::Manager: duplicate static plugin GltfImporter, ignoring
PluginManager::Manager: duplicate static plugin BasisImporter, ignoring
PluginManager::Manager: duplicate static plugin AssimpImporter, ignoring
PluginManager::Manager: duplicate static plugin AnySceneImporter, ignoring
PluginManager::Manager: duplicate static plugin AnyImageImporter, ignoring
Renderer: NVIDIA GeForce RTX 4070/PCIe/SSE2 by NVIDIA Corporation
OpenGL version: 4.6.0 NVIDIA 580.173.02
Using optional features:
    GL_ARB_vertex_array_object
    GL_ARB_separate_shader_objects
    GL_ARB_robustness
    GL_ARB_texture_storage
    GL_ARB_texture_view
    GL_ARB_framebuffer_no_attachments
    GL_ARB_invalidate_subdata
    GL_ARB_texture_storage_multisample
    GL_ARB_multi_bind
    GL_ARB_direct_state_access
    GL_ARB_get_texture_sub_image
    GL_ARB_texture_filter_anisotropic
    GL_KHR_debug
    GL_KHR_parallel_shader_compile
    GL_NV_depth_buffer_float
Using driver workarounds:
    no-forward-compatible-core-context
    nv-egl-incorrect-gl11-function-pointers
    no-layout-qualifiers-on-old-glsl
    nv-zero-context-profile-mask
    nv-implementation-color-read-format-dsa-broken
    nv-cubemap-inconsistent-compressed-image-size
    nv-cubemap-broken-full-compressed-image-query
    nv-compressed-block-size-in-bits
[17:13:09:039439]:[Warning]:[Scene] SemanticScene.h(331)::checkFileExists : ::loadSemanticSceneDescriptor: File `data/scene_datasets/habitat-test-scenes/van-gogh-room.scn` does not exist.  Aborting load.
[17:13:09:039455]:[Warning]:[Scene] SemanticScene.cpp(123)::loadSemanticSceneDescriptor : SSD File Naming Issue! Neither SemanticAttributes-provided name : `data/scene_datasets/habitat-test-scenes/van-gogh-room.scn` nor constructed filename : `data/scene_datasets/habitat-test-scenes/info_semantic.json` exist on disk.
[17:13:09:039460]:[Error]:[Scene] SemanticScene.cpp(139)::loadSemanticSceneDescriptor : SSD Load Failure! File with SemanticAttributes-provided name `data/scene_datasets/habitat-test-scenes/van-gogh-room.scn` exists but failed to load.
[17:13:09:472015]:[Warning]:[Sim] Simulator.cpp(595)::instanceStageForSceneAttributes : The active scene does not contain semantic annotations : activeSemanticSceneID_ = 0
2026-08-11 17:13:11,205 update: 3840	fps: 496.633	
2026-08-11 17:13:11,205 Num updates: 3840	Num frames 614400
2026-08-11 17:13:11,205 Average window size: 50  distance_to_goal: 0.313  distance_to_goal_reward: 0.000  reward: 4.014  spl: 0.805  success: 0.925
2026-08-11 17:13:11,205 	Perf Stats: trainer.rollout_collect: 0.284 trainer.sample_action: 0.003 trainer.obs_insert: 0.000 trainer.step_env: 0.005 trainer.update_stats: 0.001 trainer.update_agent: 0.035
2026-08-11 17:13:14,251 update: 3850	fps: 496.703	
2026-08-11 17:13:14,251 Num updates: 3850	Num frames 616000
2026-08-11 17:13:14,251 Average window size: 50  distance_to_goal: 0.315  distance_to_goal_reward: 0.000  reward: 3.970  spl: 0.798  success: 0.915
2026-08-11 17:13:14,251 	Perf Stats: trainer.rollout_collect: 0.284 trainer.sample_action: 0.003 trainer.obs_insert: 0.000 trainer.step_env: 0.005 trainer.update_stats: 0.001 trainer.update_agent: 0.035
2026-08-11 17:13:17,324 update: 3860	fps: 496.763	
2026-08-11 17:13:17,324 Num updates: 3860	Num frames 617600
2026-08-11 17:13:17,324 Average window size: 50  distance_to_goal: 0.276  distance_to_goal_reward: 0.000  reward: 4.036  spl: 0.812  success: 0.923
2026-08-11 17:13:17,324 	Perf Stats: trainer.rollout_collect: 0.284 trainer.sample_action: 0.003 trainer.obs_insert: 0.000 trainer.step_env: 0.005 trainer.update_stats: 0.001 trainer.update_agent: 0.035
2026-08-11 17:13:20,364 update: 3870	fps: 496.834	
2026-08-11 17:13:20,364 Num updates: 3870	Num frames 619200
2026-08-11 17:13:20,365 Average window size: 50  distance_to_goal: 0.218  distance_to_goal_reward: 0.000  reward: 4.049  spl: 0.777  success: 0.885
2026-08-11 17:13:20,365 	Perf Stats: trainer.rollout_collect: 0.284 trainer.sample_action: 0.003 trainer.obs_insert: 0.000 trainer.step_env: 0.005 trainer.update_stats: 0.001 trainer.update_agent: 0.035
PluginManager::Manager: duplicate static plugin StbImageImporter, ignoring
PluginManager::Manager: duplicate static plugin GltfImporter, ignoring
PluginManager::Manager: duplicate static plugin BasisImporter, ignoring
PluginManager::Manager: duplicate static plugin AssimpImporter, ignoring
PluginManager::Manager: duplicate static plugin AnySceneImporter, ignoring
PluginManager::Manager: duplicate static plugin AnyImageImporter, ignoring
Renderer: NVIDIA GeForce RTX 4070/PCIe/SSE2 by NVIDIA Corporation
OpenGL version: 4.6.0 NVIDIA 580.173.02
Using optional features:
    GL_ARB_vertex_array_object
    GL_ARB_separate_shader_objects
    GL_ARB_robustness
    GL_ARB_texture_storage
    GL_ARB_texture_view
    GL_ARB_framebuffer_no_attachments
    GL_ARB_invalidate_subdata
    GL_ARB_texture_storage_multisample
    GL_ARB_multi_bind
    GL_ARB_direct_state_access
    GL_ARB_get_texture_sub_image
    GL_ARB_texture_filter_anisotropic
    GL_KHR_debug
    GL_KHR_parallel_shader_compile
    GL_NV_depth_buffer_float
Using driver workarounds:
    no-forward-compatible-core-context
    nv-egl-incorrect-gl11-function-pointers
    no-layout-qualifiers-on-old-glsl
    nv-zero-context-profile-mask
    nv-implementation-color-read-format-dsa-broken
    nv-cubemap-inconsistent-compressed-image-size
    nv-cubemap-broken-full-compressed-image-query
    nv-compressed-block-size-in-bits
[17:13:21:370119]:[Warning]:[Scene] SemanticScene.h(331)::checkFileExists : ::loadSemanticSceneDescriptor: File `data/scene_datasets/habitat-test-scenes/skokloster-castle.scn` does not exist.  Aborting load.
[17:13:21:370135]:[Warning]:[Scene] SemanticScene.cpp(123)::loadSemanticSceneDescriptor : SSD File Naming Issue! Neither SemanticAttributes-provided name : `data/scene_datasets/habitat-test-scenes/skokloster-castle.scn` nor constructed filename : `data/scene_datasets/habitat-test-scenes/info_semantic.json` exist on disk.
[17:13:21:370140]:[Error]:[Scene] SemanticScene.cpp(139)::loadSemanticSceneDescriptor : SSD Load Failure! File with SemanticAttributes-provided name `data/scene_datasets/habitat-test-scenes/skokloster-castle.scn` exists but failed to load.
[17:13:22:003889]:[Warning]:[Sim] Simulator.cpp(595)::instanceStageForSceneAttributes : The active scene does not contain semantic annotations : activeSemanticSceneID_ = 0
2026-08-11 17:13:24,085 update: 3880	fps: 496.636	
2026-08-11 17:13:24,085 Num updates: 3880	Num frames 620800
2026-08-11 17:13:24,085 Average window size: 50  distance_to_goal: 0.218  distance_to_goal_reward: 0.000  reward: 3.966  spl: 0.775  success: 0.890
2026-08-11 17:13:24,085 	Perf Stats: trainer.rollout_collect: 0.284 trainer.sample_action: 0.003 trainer.obs_insert: 0.000 trainer.step_env: 0.005 trainer.update_stats: 0.001 trainer.update_agent: 0.035
2026-08-11 17:13:27,201 update: 3890	fps: 496.678	
2026-08-11 17:13:27,201 Num updates: 3890	Num frames 622400
2026-08-11 17:13:27,201 Average window size: 50  distance_to_goal: 0.214  distance_to_goal_reward: 0.000  reward: 4.143  spl: 0.785  success: 0.907
2026-08-11 17:13:27,201 	Perf Stats: trainer.rollout_collect: 0.284 trainer.sample_action: 0.003 trainer.obs_insert: 0.000 trainer.step_env: 0.005 trainer.update_stats: 0.001 trainer.update_agent: 0.035
2026-08-11 17:13:30,415 update: 3900	fps: 496.680	
2026-08-11 17:13:30,416 Num updates: 3900	Num frames 624000
2026-08-11 17:13:30,416 Average window size: 50  distance_to_goal: 0.204  distance_to_goal_reward: 0.000  reward: 4.275  spl: 0.783  success: 0.907
2026-08-11 17:13:30,416 	Perf Stats: trainer.rollout_collect: 0.284 trainer.sample_action: 0.003 trainer.obs_insert: 0.000 trainer.step_env: 0.005 trainer.update_stats: 0.001 trainer.update_agent: 0.035
2026-08-11 17:13:33,515 update: 3910	fps: 496.728	
2026-08-11 17:13:33,515 Num updates: 3910	Num frames 625600
2026-08-11 17:13:33,515 Average window size: 50  distance_to_goal: 0.256  distance_to_goal_reward: 0.000  reward: 4.205  spl: 0.772  success: 0.900
2026-08-11 17:13:33,516 	Perf Stats: trainer.rollout_collect: 0.284 trainer.sample_action: 0.003 trainer.obs_insert: 0.000 trainer.step_env: 0.005 trainer.update_stats: 0.001 trainer.update_agent: 0.035
2026-08-11 17:13:36,612 update: 3920	fps: 496.777	
2026-08-11 17:13:36,612 Num updates: 3920	Num frames 627200
2026-08-11 17:13:36,612 Average window size: 50  distance_to_goal: 0.282  distance_to_goal_reward: 0.000  reward: 4.336  spl: 0.801  success: 0.928
2026-08-11 17:13:36,613 	Perf Stats: trainer.rollout_collect: 0.284 trainer.sample_action: 0.003 trainer.obs_insert: 0.000 trainer.step_env: 0.005 trainer.update_stats: 0.001 trainer.update_agent: 0.035
2026-08-11 17:13:39,695 update: 3930	fps: 496.831	
2026-08-11 17:13:39,695 Num updates: 3930	Num frames 628800
2026-08-11 17:13:39,695 Average window size: 50  distance_to_goal: 0.287  distance_to_goal_reward: 0.000  reward: 4.181  spl: 0.789  success: 0.902
2026-08-11 17:13:39,695 	Perf Stats: trainer.rollout_collect: 0.284 trainer.sample_action: 0.003 trainer.obs_insert: 0.000 trainer.step_env: 0.005 trainer.update_stats: 0.001 trainer.update_agent: 0.035
2026-08-11 17:13:42,796 update: 3940	fps: 496.878	
2026-08-11 17:13:42,796 Num updates: 3940	Num frames 630400
2026-08-11 17:13:42,796 Average window size: 50  distance_to_goal: 0.340  distance_to_goal_reward: 0.000  reward: 4.035  spl: 0.776  success: 0.884
2026-08-11 17:13:42,796 	Perf Stats: trainer.rollout_collect: 0.284 trainer.sample_action: 0.003 trainer.obs_insert: 0.000 trainer.step_env: 0.005 trainer.update_stats: 0.001 trainer.update_agent: 0.035
2026-08-11 17:13:45,902 update: 3950	fps: 496.922	
2026-08-11 17:13:45,902 Num updates: 3950	Num frames 632000
2026-08-11 17:13:45,903 Average window size: 50  distance_to_goal: 0.336  distance_to_goal_reward: 0.000  reward: 4.026  spl: 0.751  success: 0.859
2026-08-11 17:13:45,903 	Perf Stats: trainer.rollout_collect: 0.284 trainer.sample_action: 0.003 trainer.obs_insert: 0.000 trainer.step_env: 0.005 trainer.update_stats: 0.001 trainer.update_agent: 0.035
2026-08-11 17:13:49,003 update: 3960	fps: 496.969	
2026-08-11 17:13:49,003 Num updates: 3960	Num frames 633600
2026-08-11 17:13:49,003 Average window size: 50  distance_to_goal: 0.274  distance_to_goal_reward: 0.000  reward: 4.238  spl: 0.759  success: 0.864
2026-08-11 17:13:49,003 	Perf Stats: trainer.rollout_collect: 0.284 trainer.sample_action: 0.003 trainer.obs_insert: 0.000 trainer.step_env: 0.005 trainer.update_stats: 0.001 trainer.update_agent: 0.035
2026-08-11 17:13:52,116 update: 3970	fps: 497.010	
2026-08-11 17:13:52,125 Num updates: 3970	Num frames 635200
2026-08-11 17:13:52,125 Average window size: 50  distance_to_goal: 0.235  distance_to_goal_reward: 0.000  reward: 4.438  spl: 0.754  success: 0.857
2026-08-11 17:13:52,125 	Perf Stats: trainer.rollout_collect: 0.284 trainer.sample_action: 0.003 trainer.obs_insert: 0.000 trainer.step_env: 0.005 trainer.update_stats: 0.001 trainer.update_agent: 0.035
2026-08-11 17:13:55,211 update: 3980	fps: 497.058	
2026-08-11 17:13:55,211 Num updates: 3980	Num frames 636800
2026-08-11 17:13:55,211 Average window size: 50  distance_to_goal: 0.233  distance_to_goal_reward: 0.000  reward: 4.525  spl: 0.733  success: 0.841
2026-08-11 17:13:55,211 	Perf Stats: trainer.rollout_collect: 0.284 trainer.sample_action: 0.003 trainer.obs_insert: 0.000 trainer.step_env: 0.005 trainer.update_stats: 0.001 trainer.update_agent: 0.035
2026-08-11 17:13:58,317 update: 3990	fps: 497.102	
2026-08-11 17:13:58,317 Num updates: 3990	Num frames 638400
2026-08-11 17:13:58,317 Average window size: 50  distance_to_goal: 0.133  distance_to_goal_reward: 0.000  reward: 4.523  spl: 0.744  success: 0.856
2026-08-11 17:13:58,317 	Perf Stats: trainer.rollout_collect: 0.284 trainer.sample_action: 0.003 trainer.obs_insert: 0.000 trainer.step_env: 0.005 trainer.update_stats: 0.001 trainer.update_agent: 0.035
PluginManager::Manager: duplicate static plugin StbImageImporter, ignoring
PluginManager::Manager: duplicate static plugin GltfImporter, ignoring
PluginManager::Manager: duplicate static plugin BasisImporter, ignoring
PluginManager::Manager: duplicate static plugin AssimpImporter, ignoring
PluginManager::Manager: duplicate static plugin AnySceneImporter, ignoring
PluginManager::Manager: duplicate static plugin AnyImageImporter, ignoring
Renderer: NVIDIA GeForce RTX 4070/PCIe/SSE2 by NVIDIA Corporation
OpenGL version: 4.6.0 NVIDIA 580.173.02
Using optional features:
    GL_ARB_vertex_array_object
    GL_ARB_separate_shader_objects
    GL_ARB_robustness
    GL_ARB_texture_storage
    GL_ARB_texture_view
    GL_ARB_framebuffer_no_attachments
    GL_ARB_invalidate_subdata
    GL_ARB_texture_storage_multisample
    GL_ARB_multi_bind
    GL_ARB_direct_state_access
    GL_ARB_get_texture_sub_image
    GL_ARB_texture_filter_anisotropic
    GL_KHR_debug
    GL_KHR_parallel_shader_compile
    GL_NV_depth_buffer_float
Using driver workarounds:
    no-forward-compatible-core-context
    nv-egl-incorrect-gl11-function-pointers
    no-layout-qualifiers-on-old-glsl
    nv-zero-context-profile-mask
    nv-implementation-color-read-format-dsa-broken
    nv-cubemap-inconsistent-compressed-image-size
    nv-cubemap-broken-full-compressed-image-query
    nv-compressed-block-size-in-bits
[17:13:59:115647]:[Warning]:[Scene] SemanticScene.h(331)::checkFileExists : ::loadSemanticSceneDescriptor: File `data/scene_datasets/habitat-test-scenes/skokloster-castle.scn` does not exist.  Aborting load.
[17:13:59:115663]:[Warning]:[Scene] SemanticScene.cpp(123)::loadSemanticSceneDescriptor : SSD File Naming Issue! Neither SemanticAttributes-provided name : `data/scene_datasets/habitat-test-scenes/skokloster-castle.scn` nor constructed filename : `data/scene_datasets/habitat-test-scenes/info_semantic.json` exist on disk.
[17:13:59:115668]:[Error]:[Scene] SemanticScene.cpp(139)::loadSemanticSceneDescriptor : SSD Load Failure! File with SemanticAttributes-provided name `data/scene_datasets/habitat-test-scenes/skokloster-castle.scn` exists but failed to load.
[17:13:59:732662]:[Warning]:[Sim] Simulator.cpp(595)::instanceStageForSceneAttributes : The active scene does not contain semantic annotations : activeSemanticSceneID_ = 0
2026-08-11 17:14:02,212 update: 4000	fps: 496.841	
2026-08-11 17:14:02,212 Num updates: 4000	Num frames 640000
2026-08-11 17:14:02,212 Average window size: 50  distance_to_goal: 0.218  distance_to_goal_reward: 0.000  reward: 4.497  spl: 0.742  success: 0.854
2026-08-11 17:14:02,212 	Perf Stats: trainer.rollout_collect: 0.284 trainer.sample_action: 0.003 trainer.obs_insert: 0.000 trainer.step_env: 0.005 trainer.update_stats: 0.001 trainer.update_agent: 0.035
2026-08-11 17:14:05,340 update: 4010	fps: 496.877	
2026-08-11 17:14:05,340 Num updates: 4010	Num frames 641600
2026-08-11 17:14:05,340 Average window size: 50  distance_to_goal: 0.228  distance_to_goal_reward: 0.000  reward: 4.643  spl: 0.739  success: 0.851
2026-08-11 17:14:05,340 	Perf Stats: trainer.rollout_collect: 0.284 trainer.sample_action: 0.003 trainer.obs_insert: 0.000 trainer.step_env: 0.005 trainer.update_stats: 0.001 trainer.update_agent: 0.035
PluginManager::Manager: duplicate static plugin StbImageImporter, ignoring
PluginManager::Manager: duplicate static plugin GltfImporter, ignoring
PluginManager::Manager: duplicate static plugin BasisImporter, ignoring
PluginManager::Manager: duplicate static plugin AssimpImporter, ignoring
PluginManager::Manager: duplicate static plugin AnySceneImporter, ignoring
PluginManager::Manager: duplicate static plugin AnyImageImporter, ignoring
Renderer: NVIDIA GeForce RTX 4070/PCIe/SSE2 by NVIDIA Corporation
OpenGL version: 4.6.0 NVIDIA 580.173.02
Using optional features:
    GL_ARB_vertex_array_object
    GL_ARB_separate_shader_objects
    GL_ARB_robustness
    GL_ARB_texture_storage
    GL_ARB_texture_view
    GL_ARB_framebuffer_no_attachments
    GL_ARB_invalidate_subdata
    GL_ARB_texture_storage_multisample
    GL_ARB_multi_bind
    GL_ARB_direct_state_access
    GL_ARB_get_texture_sub_image
    GL_ARB_texture_filter_anisotropic
    GL_KHR_debug
    GL_KHR_parallel_shader_compile
    GL_NV_depth_buffer_float
Using driver workarounds:
    no-forward-compatible-core-context
    nv-egl-incorrect-gl11-function-pointers
    no-layout-qualifiers-on-old-glsl
    nv-zero-context-profile-mask
    nv-implementation-color-read-format-dsa-broken
    nv-cubemap-inconsistent-compressed-image-size
    nv-cubemap-broken-full-compressed-image-query
    nv-compressed-block-size-in-bits
[17:14:07:038442]:[Warning]:[Scene] SemanticScene.h(331)::checkFileExists : ::loadSemanticSceneDescriptor: File `data/scene_datasets/habitat-test-scenes/skokloster-castle.scn` does not exist.  Aborting load.
[17:14:07:038459]:[Warning]:[Scene] SemanticScene.cpp(123)::loadSemanticSceneDescriptor : SSD File Naming Issue! Neither SemanticAttributes-provided name : `data/scene_datasets/habitat-test-scenes/skokloster-castle.scn` nor constructed filename : `data/scene_datasets/habitat-test-scenes/info_semantic.json` exist on disk.
[17:14:07:038464]:[Error]:[Scene] SemanticScene.cpp(139)::loadSemanticSceneDescriptor : SSD Load Failure! File with SemanticAttributes-provided name `data/scene_datasets/habitat-test-scenes/skokloster-castle.scn` exists but failed to load.
[17:14:07:657382]:[Warning]:[Sim] Simulator.cpp(595)::instanceStageForSceneAttributes : The active scene does not contain semantic annotations : activeSemanticSceneID_ = 0
2026-08-11 17:14:09,156 update: 4020	fps: 496.648	
2026-08-11 17:14:09,156 Num updates: 4020	Num frames 643200
2026-08-11 17:14:09,156 Average window size: 50  distance_to_goal: 0.310  distance_to_goal_reward: 0.000  reward: 4.709  spl: 0.754  success: 0.879
2026-08-11 17:14:09,156 	Perf Stats: trainer.rollout_collect: 0.284 trainer.sample_action: 0.003 trainer.obs_insert: 0.000 trainer.step_env: 0.005 trainer.update_stats: 0.001 trainer.update_agent: 0.035
2026-08-11 17:14:12,348 update: 4030	fps: 496.659	
2026-08-11 17:14:12,349 Num updates: 4030	Num frames 644800
2026-08-11 17:14:12,349 Average window size: 50  distance_to_goal: 0.328  distance_to_goal_reward: 0.000  reward: 5.024  spl: 0.767  success: 0.891
2026-08-11 17:14:12,349 	Perf Stats: trainer.rollout_collect: 0.284 trainer.sample_action: 0.003 trainer.obs_insert: 0.000 trainer.step_env: 0.005 trainer.update_stats: 0.001 trainer.update_agent: 0.035
2026-08-11 17:14:15,566 update: 4040	fps: 496.661	
2026-08-11 17:14:15,566 Num updates: 4040	Num frames 646400
2026-08-11 17:14:15,566 Average window size: 50  distance_to_goal: 0.346  distance_to_goal_reward: 0.000  reward: 5.500  spl: 0.755  success: 0.882
2026-08-11 17:14:15,566 	Perf Stats: trainer.rollout_collect: 0.284 trainer.sample_action: 0.003 trainer.obs_insert: 0.000 trainer.step_env: 0.005 trainer.update_stats: 0.001 trainer.update_agent: 0.035
2026-08-11 17:14:18,747 update: 4050	fps: 496.676	
2026-08-11 17:14:18,748 Num updates: 4050	Num frames 648000
2026-08-11 17:14:18,748 Average window size: 50  distance_to_goal: 0.410  distance_to_goal_reward: 0.000  reward: 5.634  spl: 0.740  success: 0.862
2026-08-11 17:14:18,748 	Perf Stats: trainer.rollout_collect: 0.284 trainer.sample_action: 0.003 trainer.obs_insert: 0.000 trainer.step_env: 0.005 trainer.update_stats: 0.001 trainer.update_agent: 0.035
2026-08-11 17:14:21,922 update: 4060	fps: 496.694	
2026-08-11 17:14:21,922 Num updates: 4060	Num frames 649600
2026-08-11 17:14:21,922 Average window size: 50  distance_to_goal: 0.559  distance_to_goal_reward: 0.000  reward: 5.567  spl: 0.718  success: 0.843
2026-08-11 17:14:21,922 	Perf Stats: trainer.rollout_collect: 0.284 trainer.sample_action: 0.003 trainer.obs_insert: 0.000 trainer.step_env: 0.005 trainer.update_stats: 0.001 trainer.update_agent: 0.035
2026-08-11 17:14:25,128 update: 4070	fps: 496.699	
2026-08-11 17:14:25,129 Num updates: 4070	Num frames 651200
2026-08-11 17:14:25,129 Average window size: 50  distance_to_goal: 0.757  distance_to_goal_reward: 0.001  reward: 5.384  spl: 0.690  success: 0.814
2026-08-11 17:14:25,129 	Perf Stats: trainer.rollout_collect: 0.284 trainer.sample_action: 0.003 trainer.obs_insert: 0.000 trainer.step_env: 0.005 trainer.update_stats: 0.001 trainer.update_agent: 0.035
2026-08-11 17:14:28,337 update: 4080	fps: 496.708	
2026-08-11 17:14:28,337 Num updates: 4080	Num frames 652800
2026-08-11 17:14:28,337 Average window size: 50  distance_to_goal: 0.733  distance_to_goal_reward: 0.001  reward: 5.661  spl: 0.735  success: 0.860
2026-08-11 17:14:28,337 	Perf Stats: trainer.rollout_collect: 0.284 trainer.sample_action: 0.003 trainer.obs_insert: 0.000 trainer.step_env: 0.005 trainer.update_stats: 0.001 trainer.update_agent: 0.035
2026-08-11 17:14:31,540 update: 4090	fps: 496.711	
2026-08-11 17:14:31,540 Num updates: 4090	Num frames 654400
2026-08-11 17:14:31,540 Average window size: 50  distance_to_goal: 0.679  distance_to_goal_reward: 0.000  reward: 5.720  spl: 0.727  success: 0.853
2026-08-11 17:14:31,540 	Perf Stats: trainer.rollout_collect: 0.284 trainer.sample_action: 0.003 trainer.obs_insert: 0.000 trainer.step_env: 0.005 trainer.update_stats: 0.001 trainer.update_agent: 0.035
2026-08-11 17:14:34,828 update: 4100	fps: 496.686	
2026-08-11 17:14:34,828 Num updates: 4100	Num frames 656000
2026-08-11 17:14:34,828 Average window size: 50  distance_to_goal: 0.651  distance_to_goal_reward: 0.000  reward: 5.711  spl: 0.716  success: 0.850
2026-08-11 17:14:34,828 	Perf Stats: trainer.rollout_collect: 0.284 trainer.sample_action: 0.003 trainer.obs_insert: 0.000 trainer.step_env: 0.005 trainer.update_stats: 0.001 trainer.update_agent: 0.035
PluginManager::Manager: duplicate static plugin StbImageImporter, ignoring
PluginManager::Manager: duplicate static plugin GltfImporter, ignoring
PluginManager::Manager: duplicate static plugin BasisImporter, ignoring
PluginManager::Manager: duplicate static plugin AssimpImporter, ignoring
PluginManager::Manager: duplicate static plugin AnySceneImporter, ignoring
PluginManager::Manager: duplicate static plugin AnyImageImporter, ignoring
Renderer: NVIDIA GeForce RTX 4070/PCIe/SSE2 by NVIDIA Corporation
OpenGL version: 4.6.0 NVIDIA 580.173.02
Using optional features:
    GL_ARB_vertex_array_object
    GL_ARB_separate_shader_objects
    GL_ARB_robustness
    GL_ARB_texture_storage
    GL_ARB_texture_view
    GL_ARB_framebuffer_no_attachments
    GL_ARB_invalidate_subdata
    GL_ARB_texture_storage_multisample
    GL_ARB_multi_bind
    GL_ARB_direct_state_access
    GL_ARB_get_texture_sub_image
    GL_ARB_texture_filter_anisotropic
    GL_KHR_debug
    GL_KHR_parallel_shader_compile
    GL_NV_depth_buffer_float
Using driver workarounds:
    no-forward-compatible-core-context
    nv-egl-incorrect-gl11-function-pointers
    no-layout-qualifiers-on-old-glsl
    nv-zero-context-profile-mask
    nv-implementation-color-read-format-dsa-broken
    nv-cubemap-inconsistent-compressed-image-size
    nv-cubemap-broken-full-compressed-image-query
    nv-compressed-block-size-in-bits
[17:14:35:358292]:[Warning]:[Scene] SemanticScene.h(331)::checkFileExists : ::loadSemanticSceneDescriptor: File `data/scene_datasets/habitat-test-scenes/skokloster-castle.scn` does not exist.  Aborting load.
[17:14:35:358308]:[Warning]:[Scene] SemanticScene.cpp(123)::loadSemanticSceneDescriptor : SSD File Naming Issue! Neither SemanticAttributes-provided name : `data/scene_datasets/habitat-test-scenes/skokloster-castle.scn` nor constructed filename : `data/scene_datasets/habitat-test-scenes/info_semantic.json` exist on disk.
[17:14:35:358313]:[Error]:[Scene] SemanticScene.cpp(139)::loadSemanticSceneDescriptor : SSD Load Failure! File with SemanticAttributes-provided name `data/scene_datasets/habitat-test-scenes/skokloster-castle.scn` exists but failed to load.
[17:14:35:977013]:[Warning]:[Sim] Simulator.cpp(595)::instanceStageForSceneAttributes : The active scene does not contain semantic annotations : activeSemanticSceneID_ = 0
2026-08-11 17:14:38,672 update: 4110	fps: 496.452	
2026-08-11 17:14:38,681 Num updates: 4110	Num frames 657600
2026-08-11 17:14:38,681 Average window size: 50  distance_to_goal: 0.633  distance_to_goal_reward: 0.000  reward: 6.104  spl: 0.724  success: 0.858
2026-08-11 17:14:38,681 	Perf Stats: trainer.rollout_collect: 0.284 trainer.sample_action: 0.003 trainer.obs_insert: 0.000 trainer.step_env: 0.005 trainer.update_stats: 0.001 trainer.update_agent: 0.035
PluginManager::Manager: duplicate static plugin StbImageImporter, ignoring
PluginManager::Manager: duplicate static plugin GltfImporter, ignoring
PluginManager::Manager: duplicate static plugin BasisImporter, ignoring
PluginManager::Manager: duplicate static plugin AssimpImporter, ignoring
PluginManager::Manager: duplicate static plugin AnySceneImporter, ignoring
PluginManager::Manager: duplicate static plugin AnyImageImporter, ignoring
Renderer: NVIDIA GeForce RTX 4070/PCIe/SSE2 by NVIDIA Corporation
OpenGL version: 4.6.0 NVIDIA 580.173.02
Using optional features:
    GL_ARB_vertex_array_object
    GL_ARB_separate_shader_objects
    GL_ARB_robustness
    GL_ARB_texture_storage
    GL_ARB_texture_view
    GL_ARB_framebuffer_no_attachments
    GL_ARB_invalidate_subdata
    GL_ARB_texture_storage_multisample
    GL_ARB_multi_bind
    GL_ARB_direct_state_access
    GL_ARB_get_texture_sub_image
    GL_ARB_texture_filter_anisotropic
    GL_KHR_debug
    GL_KHR_parallel_shader_compile
    GL_NV_depth_buffer_float
Using driver workarounds:
    no-forward-compatible-core-context
    nv-egl-incorrect-gl11-function-pointers
    no-layout-qualifiers-on-old-glsl
    nv-zero-context-profile-mask
    nv-implementation-color-read-format-dsa-broken
    nv-cubemap-inconsistent-compressed-image-size
    nv-cubemap-broken-full-compressed-image-query
    nv-compressed-block-size-in-bits
[17:14:41:385124]:[Warning]:[Scene] SemanticScene.h(331)::checkFileExists : ::loadSemanticSceneDescriptor: File `data/scene_datasets/habitat-test-scenes/van-gogh-room.scn` does not exist.  Aborting load.
[17:14:41:385142]:[Warning]:[Scene] SemanticScene.cpp(123)::loadSemanticSceneDescriptor : SSD File Naming Issue! Neither SemanticAttributes-provided name : `data/scene_datasets/habitat-test-scenes/van-gogh-room.scn` nor constructed filename : `data/scene_datasets/habitat-test-scenes/info_semantic.json` exist on disk.
[17:14:41:385151]:[Error]:[Scene] SemanticScene.cpp(139)::loadSemanticSceneDescriptor : SSD Load Failure! File with SemanticAttributes-provided name `data/scene_datasets/habitat-test-scenes/van-gogh-room.scn` exists but failed to load.
[17:14:41:850567]:[Warning]:[Sim] Simulator.cpp(595)::instanceStageForSceneAttributes : The active scene does not contain semantic annotations : activeSemanticSceneID_ = 0
2026-08-11 17:14:42,392 update: 4120	fps: 496.267	
2026-08-11 17:14:42,392 Num updates: 4120	Num frames 659200
2026-08-11 17:14:42,392 Average window size: 50  distance_to_goal: 0.492  distance_to_goal_reward: -0.000  reward: 6.878  spl: 0.729  success: 0.870
2026-08-11 17:14:42,392 	Perf Stats: trainer.rollout_collect: 0.285 trainer.sample_action: 0.003 trainer.obs_insert: 0.000 trainer.step_env: 0.005 trainer.update_stats: 0.001 trainer.update_agent: 0.035
2026-08-11 17:14:45,588 update: 4130	fps: 496.277	
2026-08-11 17:14:45,588 Num updates: 4130	Num frames 660800
2026-08-11 17:14:45,588 Average window size: 50  distance_to_goal: 0.491  distance_to_goal_reward: -0.000  reward: 6.943  spl: 0.724  success: 0.870
2026-08-11 17:14:45,588 	Perf Stats: trainer.rollout_collect: 0.285 trainer.sample_action: 0.003 trainer.obs_insert: 0.000 trainer.step_env: 0.005 trainer.update_stats: 0.001 trainer.update_agent: 0.035
2026-08-11 17:14:48,761 update: 4140	fps: 496.296	
2026-08-11 17:14:48,761 Num updates: 4140	Num frames 662400
2026-08-11 17:14:48,761 Average window size: 50  distance_to_goal: 0.494  distance_to_goal_reward: -0.000  reward: 7.175  spl: 0.729  success: 0.876
2026-08-11 17:14:48,761 	Perf Stats: trainer.rollout_collect: 0.285 trainer.sample_action: 0.003 trainer.obs_insert: 0.000 trainer.step_env: 0.005 trainer.update_stats: 0.001 trainer.update_agent: 0.035
2026-08-11 17:14:51,953 update: 4150	fps: 496.308	
2026-08-11 17:14:51,953 Num updates: 4150	Num frames 664000
2026-08-11 17:14:51,953 Average window size: 50  distance_to_goal: 0.489  distance_to_goal_reward: -0.000  reward: 7.134  spl: 0.734  success: 0.874
2026-08-11 17:14:51,953 	Perf Stats: trainer.rollout_collect: 0.285 trainer.sample_action: 0.003 trainer.obs_insert: 0.000 trainer.step_env: 0.005 trainer.update_stats: 0.001 trainer.update_agent: 0.035
2026-08-11 17:14:55,120 update: 4160	fps: 496.329	
2026-08-11 17:14:55,120 Num updates: 4160	Num frames 665600
2026-08-11 17:14:55,120 Average window size: 50  distance_to_goal: 0.364  distance_to_goal_reward: 0.000  reward: 6.877  spl: 0.742  success: 0.885
2026-08-11 17:14:55,120 	Perf Stats: trainer.rollout_collect: 0.285 trainer.sample_action: 0.003 trainer.obs_insert: 0.000 trainer.step_env: 0.005 trainer.update_stats: 0.001 trainer.update_agent: 0.035
2026-08-11 17:14:58,301 update: 4170	fps: 496.345	
2026-08-11 17:14:58,301 Num updates: 4170	Num frames 667200
2026-08-11 17:14:58,301 Average window size: 50  distance_to_goal: 0.498  distance_to_goal_reward: -0.001  reward: 6.080  spl: 0.751  success: 0.889
2026-08-11 17:14:58,301 	Perf Stats: trainer.rollout_collect: 0.285 trainer.sample_action: 0.003 trainer.obs_insert: 0.000 trainer.step_env: 0.005 trainer.update_stats: 0.001 trainer.update_agent: 0.035
2026-08-11 17:15:01,484 update: 4180	fps: 496.360	
2026-08-11 17:15:01,484 Num updates: 4180	Num frames 668800
2026-08-11 17:15:01,484 Average window size: 50  distance_to_goal: 0.653  distance_to_goal_reward: -0.001  reward: 5.765  spl: 0.739  success: 0.878
2026-08-11 17:15:01,484 	Perf Stats: trainer.rollout_collect: 0.285 trainer.sample_action: 0.003 trainer.obs_insert: 0.000 trainer.step_env: 0.005 trainer.update_stats: 0.001 trainer.update_agent: 0.035
2026-08-11 17:15:04,658 update: 4190	fps: 496.378	
2026-08-11 17:15:04,658 Num updates: 4190	Num frames 670400
2026-08-11 17:15:04,658 Average window size: 50  distance_to_goal: 0.857  distance_to_goal_reward: -0.001  reward: 5.728  spl: 0.707  success: 0.842
2026-08-11 17:15:04,658 	Perf Stats: trainer.rollout_collect: 0.285 trainer.sample_action: 0.003 trainer.obs_insert: 0.000 trainer.step_env: 0.005 trainer.update_stats: 0.001 trainer.update_agent: 0.035
PluginManager::Manager: duplicate static plugin StbImageImporter, ignoring
PluginManager::Manager: duplicate static plugin GltfImporter, ignoring
PluginManager::Manager: duplicate static plugin BasisImporter, ignoring
PluginManager::Manager: duplicate static plugin AssimpImporter, ignoring
PluginManager::Manager: duplicate static plugin AnySceneImporter, ignoring
PluginManager::Manager: duplicate static plugin AnyImageImporter, ignoring
Renderer: NVIDIA GeForce RTX 4070/PCIe/SSE2 by NVIDIA Corporation
OpenGL version: 4.6.0 NVIDIA 580.173.02
Using optional features:
    GL_ARB_vertex_array_object
    GL_ARB_separate_shader_objects
    GL_ARB_robustness
    GL_ARB_texture_storage
    GL_ARB_texture_view
    GL_ARB_framebuffer_no_attachments
    GL_ARB_invalidate_subdata
    GL_ARB_texture_storage_multisample
    GL_ARB_multi_bind
    GL_ARB_direct_state_access
    GL_ARB_get_texture_sub_image
    GL_ARB_texture_filter_anisotropic
    GL_KHR_debug
    GL_KHR_parallel_shader_compile
    GL_NV_depth_buffer_float
Using driver workarounds:
    no-forward-compatible-core-context
    nv-egl-incorrect-gl11-function-pointers
    no-layout-qualifiers-on-old-glsl
    nv-zero-context-profile-mask
    nv-implementation-color-read-format-dsa-broken
    nv-cubemap-inconsistent-compressed-image-size
    nv-cubemap-broken-full-compressed-image-query
    nv-compressed-block-size-in-bits
[17:15:07:111648]:[Warning]:[Scene] SemanticScene.h(331)::checkFileExists : ::loadSemanticSceneDescriptor: File `data/scene_datasets/habitat-test-scenes/van-gogh-room.scn` does not exist.  Aborting load.
[17:15:07:111666]:[Warning]:[Scene] SemanticScene.cpp(123)::loadSemanticSceneDescriptor : SSD File Naming Issue! Neither SemanticAttributes-provided name : `data/scene_datasets/habitat-test-scenes/van-gogh-room.scn` nor constructed filename : `data/scene_datasets/habitat-test-scenes/info_semantic.json` exist on disk.
[17:15:07:111675]:[Error]:[Scene] SemanticScene.cpp(139)::loadSemanticSceneDescriptor : SSD Load Failure! File with SemanticAttributes-provided name `data/scene_datasets/habitat-test-scenes/van-gogh-room.scn` exists but failed to load.
[17:15:07:558574]:[Warning]:[Sim] Simulator.cpp(595)::instanceStageForSceneAttributes : The active scene does not contain semantic annotations : activeSemanticSceneID_ = 0
2026-08-11 17:15:08,400 update: 4200	fps: 496.188	
2026-08-11 17:15:08,401 Num updates: 4200	Num frames 672000
2026-08-11 17:15:08,401 Average window size: 50  distance_to_goal: 0.853  distance_to_goal_reward: -0.001  reward: 5.769  spl: 0.734  success: 0.873
2026-08-11 17:15:08,401 	Perf Stats: trainer.rollout_collect: 0.285 trainer.sample_action: 0.003 trainer.obs_insert: 0.000 trainer.step_env: 0.005 trainer.update_stats: 0.001 trainer.update_agent: 0.035
2026-08-11 17:15:11,571 update: 4210	fps: 496.207	
2026-08-11 17:15:11,571 Num updates: 4210	Num frames 673600
2026-08-11 17:15:11,571 Average window size: 50  distance_to_goal: 0.816  distance_to_goal_reward: -0.001  reward: 5.749  spl: 0.728  success: 0.856
2026-08-11 17:15:11,571 	Perf Stats: trainer.rollout_collect: 0.285 trainer.sample_action: 0.003 trainer.obs_insert: 0.000 trainer.step_env: 0.005 trainer.update_stats: 0.001 trainer.update_agent: 0.035
2026-08-11 17:15:14,744 update: 4220	fps: 496.226	
2026-08-11 17:15:14,744 Num updates: 4220	Num frames 675200
2026-08-11 17:15:14,744 Average window size: 50  distance_to_goal: 0.519  distance_to_goal_reward: -0.000  reward: 6.028  spl: 0.755  success: 0.877
2026-08-11 17:15:14,744 	Perf Stats: trainer.rollout_collect: 0.285 trainer.sample_action: 0.003 trainer.obs_insert: 0.000 trainer.step_env: 0.005 trainer.update_stats: 0.001 trainer.update_agent: 0.035
2026-08-11 17:15:17,885 update: 4230	fps: 496.257	
2026-08-11 17:15:17,885 Num updates: 4230	Num frames 676800
2026-08-11 17:15:17,885 Average window size: 50  distance_to_goal: 0.351  distance_to_goal_reward: 0.001  reward: 6.089  spl: 0.754  success: 0.877
2026-08-11 17:15:17,885 	Perf Stats: trainer.rollout_collect: 0.285 trainer.sample_action: 0.003 trainer.obs_insert: 0.000 trainer.step_env: 0.005 trainer.update_stats: 0.001 trainer.update_agent: 0.035
2026-08-11 17:15:21,064 update: 4240	fps: 496.273	
2026-08-11 17:15:21,064 Num updates: 4240	Num frames 678400
2026-08-11 17:15:21,064 Average window size: 50  distance_to_goal: 0.256  distance_to_goal_reward: 0.000  reward: 5.983  spl: 0.784  success: 0.905
2026-08-11 17:15:21,064 	Perf Stats: trainer.rollout_collect: 0.285 trainer.sample_action: 0.003 trainer.obs_insert: 0.000 trainer.step_env: 0.005 trainer.update_stats: 0.001 trainer.update_agent: 0.035
2026-08-11 17:15:24,204 update: 4250	fps: 496.303	
2026-08-11 17:15:24,204 Num updates: 4250	Num frames 680000
2026-08-11 17:15:24,204 Average window size: 50  distance_to_goal: 0.158  distance_to_goal_reward: 0.000  reward: 5.814  spl: 0.794  success: 0.912
2026-08-11 17:15:24,204 	Perf Stats: trainer.rollout_collect: 0.285 trainer.sample_action: 0.003 trainer.obs_insert: 0.000 trainer.step_env: 0.005 trainer.update_stats: 0.001 trainer.update_agent: 0.035
2026-08-11 17:15:27,368 update: 4260	fps: 496.325	
2026-08-11 17:15:27,368 Num updates: 4260	Num frames 681600
2026-08-11 17:15:27,368 Average window size: 50  distance_to_goal: 0.191  distance_to_goal_reward: 0.000  reward: 5.477  spl: 0.815  success: 0.934
2026-08-11 17:15:27,368 	Perf Stats: trainer.rollout_collect: 0.285 trainer.sample_action: 0.003 trainer.obs_insert: 0.000 trainer.step_env: 0.005 trainer.update_stats: 0.001 trainer.update_agent: 0.035
2026-08-11 17:15:30,524 update: 4270	fps: 496.349	
2026-08-11 17:15:30,524 Num updates: 4270	Num frames 683200
2026-08-11 17:15:30,524 Average window size: 50  distance_to_goal: 0.295  distance_to_goal_reward: 0.000  reward: 5.212  spl: 0.809  success: 0.932
2026-08-11 17:15:30,524 	Perf Stats: trainer.rollout_collect: 0.285 trainer.sample_action: 0.003 trainer.obs_insert: 0.000 trainer.step_env: 0.005 trainer.update_stats: 0.001 trainer.update_agent: 0.035
2026-08-11 17:15:33,679 update: 4280	fps: 496.374	
2026-08-11 17:15:33,679 Num updates: 4280	Num frames 684800
2026-08-11 17:15:33,679 Average window size: 50  distance_to_goal: 0.295  distance_to_goal_reward: 0.000  reward: 5.261  spl: 0.820  success: 0.939
2026-08-11 17:15:33,679 	Perf Stats: trainer.rollout_collect: 0.285 trainer.sample_action: 0.003 trainer.obs_insert: 0.000 trainer.step_env: 0.005 trainer.update_stats: 0.001 trainer.update_agent: 0.035
2026-08-11 17:15:36,841 update: 4290	fps: 496.396	
2026-08-11 17:15:36,841 Num updates: 4290	Num frames 686400
2026-08-11 17:15:36,841 Average window size: 50  distance_to_goal: 0.313  distance_to_goal_reward: 0.000  reward: 5.087  spl: 0.808  success: 0.923
2026-08-11 17:15:36,841 	Perf Stats: trainer.rollout_collect: 0.285 trainer.sample_action: 0.003 trainer.obs_insert: 0.000 trainer.step_env: 0.005 trainer.update_stats: 0.001 trainer.update_agent: 0.035
2026-08-11 17:15:40,085 update: 4300	fps: 496.388	
2026-08-11 17:15:40,086 Num updates: 4300	Num frames 688000
2026-08-11 17:15:40,086 Average window size: 50  distance_to_goal: 0.487  distance_to_goal_reward: 0.001  reward: 4.893  spl: 0.800  success: 0.911
2026-08-11 17:15:40,086 	Perf Stats: trainer.rollout_collect: 0.285 trainer.sample_action: 0.003 trainer.obs_insert: 0.000 trainer.step_env: 0.005 trainer.update_stats: 0.001 trainer.update_agent: 0.035
2026-08-11 17:15:43,250 update: 4310	fps: 496.409	
2026-08-11 17:15:43,251 Num updates: 4310	Num frames 689600
2026-08-11 17:15:43,251 Average window size: 50  distance_to_goal: 0.495  distance_to_goal_reward: 0.001  reward: 5.108  spl: 0.788  success: 0.904
2026-08-11 17:15:43,251 	Perf Stats: trainer.rollout_collect: 0.284 trainer.sample_action: 0.003 trainer.obs_insert: 0.000 trainer.step_env: 0.005 trainer.update_stats: 0.001 trainer.update_agent: 0.035
2026-08-11 17:15:46,409 update: 4320	fps: 496.432	
2026-08-11 17:15:46,409 Num updates: 4320	Num frames 691200
2026-08-11 17:15:46,409 Average window size: 50  distance_to_goal: 0.443  distance_to_goal_reward: -0.000  reward: 4.946  spl: 0.784  success: 0.897
2026-08-11 17:15:46,409 	Perf Stats: trainer.rollout_collect: 0.284 trainer.sample_action: 0.003 trainer.obs_insert: 0.000 trainer.step_env: 0.005 trainer.update_stats: 0.001 trainer.update_agent: 0.035
PluginManager::Manager: duplicate static plugin StbImageImporter, ignoring
PluginManager::Manager: duplicate static plugin GltfImporter, ignoring
PluginManager::Manager: duplicate static plugin BasisImporter, ignoring
PluginManager::Manager: duplicate static plugin AssimpImporter, ignoring
PluginManager::Manager: duplicate static plugin AnySceneImporter, ignoring
PluginManager::Manager: duplicate static plugin AnyImageImporter, ignoring
Renderer: NVIDIA GeForce RTX 4070/PCIe/SSE2 by NVIDIA Corporation
OpenGL version: 4.6.0 NVIDIA 580.173.02
Using optional features:
    GL_ARB_vertex_array_object
    GL_ARB_separate_shader_objects
    GL_ARB_robustness
    GL_ARB_texture_storage
    GL_ARB_texture_view
    GL_ARB_framebuffer_no_attachments
    GL_ARB_invalidate_subdata
    GL_ARB_texture_storage_multisample
    GL_ARB_multi_bind
    GL_ARB_direct_state_access
    GL_ARB_get_texture_sub_image
    GL_ARB_texture_filter_anisotropic
    GL_KHR_debug
    GL_KHR_parallel_shader_compile
    GL_NV_depth_buffer_float
Using driver workarounds:
    no-forward-compatible-core-context
    nv-egl-incorrect-gl11-function-pointers
    no-layout-qualifiers-on-old-glsl
    nv-zero-context-profile-mask
    nv-implementation-color-read-format-dsa-broken
    nv-cubemap-inconsistent-compressed-image-size
    nv-cubemap-broken-full-compressed-image-query
    nv-compressed-block-size-in-bits
[17:15:47:184396]:[Warning]:[Scene] SemanticScene.h(331)::checkFileExists : ::loadSemanticSceneDescriptor: File `data/scene_datasets/habitat-test-scenes/van-gogh-room.scn` does not exist.  Aborting load.
[17:15:47:184412]:[Warning]:[Scene] SemanticScene.cpp(123)::loadSemanticSceneDescriptor : SSD File Naming Issue! Neither SemanticAttributes-provided name : `data/scene_datasets/habitat-test-scenes/van-gogh-room.scn` nor constructed filename : `data/scene_datasets/habitat-test-scenes/info_semantic.json` exist on disk.
[17:15:47:184417]:[Error]:[Scene] SemanticScene.cpp(139)::loadSemanticSceneDescriptor : SSD Load Failure! File with SemanticAttributes-provided name `data/scene_datasets/habitat-test-scenes/van-gogh-room.scn` exists but failed to load.
[17:15:47:625772]:[Warning]:[Sim] Simulator.cpp(595)::instanceStageForSceneAttributes : The active scene does not contain semantic annotations : activeSemanticSceneID_ = 0
2026-08-11 17:15:49,983 update: 4330	fps: 496.307	
2026-08-11 17:15:49,984 Num updates: 4330	Num frames 692800
2026-08-11 17:15:49,984 Average window size: 50  distance_to_goal: 0.470  distance_to_goal_reward: -0.000  reward: 4.638  spl: 0.785  success: 0.900
2026-08-11 17:15:49,984 	Perf Stats: trainer.rollout_collect: 0.285 trainer.sample_action: 0.003 trainer.obs_insert: 0.000 trainer.step_env: 0.005 trainer.update_stats: 0.001 trainer.update_agent: 0.035
2026-08-11 17:15:53,077 update: 4340	fps: 496.353	
2026-08-11 17:15:53,077 Num updates: 4340	Num frames 694400
2026-08-11 17:15:53,077 Average window size: 50  distance_to_goal: 0.445  distance_to_goal_reward: -0.000  reward: 4.644  spl: 0.770  success: 0.894
2026-08-11 17:15:53,077 	Perf Stats: trainer.rollout_collect: 0.285 trainer.sample_action: 0.003 trainer.obs_insert: 0.000 trainer.step_env: 0.005 trainer.update_stats: 0.001 trainer.update_agent: 0.035
PluginManager::Manager: duplicate static plugin StbImageImporter, ignoring
PluginManager::Manager: duplicate static plugin GltfImporter, ignoring
PluginManager::Manager: duplicate static plugin BasisImporter, ignoring
PluginManager::Manager: duplicate static plugin AssimpImporter, ignoring
PluginManager::Manager: duplicate static plugin AnySceneImporter, ignoring
PluginManager::Manager: duplicate static plugin AnyImageImporter, ignoring
Renderer: NVIDIA GeForce RTX 4070/PCIe/SSE2 by NVIDIA Corporation
OpenGL version: 4.6.0 NVIDIA 580.173.02
Using optional features:
    GL_ARB_vertex_array_object
    GL_ARB_separate_shader_objects
    GL_ARB_robustness
    GL_ARB_texture_storage
    GL_ARB_texture_view
    GL_ARB_framebuffer_no_attachments
    GL_ARB_invalidate_subdata
    GL_ARB_texture_storage_multisample
    GL_ARB_multi_bind
    GL_ARB_direct_state_access
    GL_ARB_get_texture_sub_image
    GL_ARB_texture_filter_anisotropic
    GL_KHR_debug
    GL_KHR_parallel_shader_compile
    GL_NV_depth_buffer_float
Using driver workarounds:
    no-forward-compatible-core-context
    nv-egl-incorrect-gl11-function-pointers
    no-layout-qualifiers-on-old-glsl
    nv-zero-context-profile-mask
    nv-implementation-color-read-format-dsa-broken
    nv-cubemap-inconsistent-compressed-image-size
    nv-cubemap-broken-full-compressed-image-query
    nv-compressed-block-size-in-bits
[17:15:55:575155]:[Warning]:[Scene] SemanticScene.h(331)::checkFileExists : ::loadSemanticSceneDescriptor: File `data/scene_datasets/habitat-test-scenes/van-gogh-room.scn` does not exist.  Aborting load.
[17:15:55:575171]:[Warning]:[Scene] SemanticScene.cpp(123)::loadSemanticSceneDescriptor : SSD File Naming Issue! Neither SemanticAttributes-provided name : `data/scene_datasets/habitat-test-scenes/van-gogh-room.scn` nor constructed filename : `data/scene_datasets/habitat-test-scenes/info_semantic.json` exist on disk.
[17:15:55:575176]:[Error]:[Scene] SemanticScene.cpp(139)::loadSemanticSceneDescriptor : SSD Load Failure! File with SemanticAttributes-provided name `data/scene_datasets/habitat-test-scenes/van-gogh-room.scn` exists but failed to load.
[17:15:56:014206]:[Warning]:[Sim] Simulator.cpp(595)::instanceStageForSceneAttributes : The active scene does not contain semantic annotations : activeSemanticSceneID_ = 0
2026-08-11 17:15:56,614 update: 4350	fps: 496.242	
2026-08-11 17:15:56,615 Num updates: 4350	Num frames 696000
2026-08-11 17:15:56,615 Average window size: 50  distance_to_goal: 0.246  distance_to_goal_reward: -0.001  reward: 4.693  spl: 0.756  success: 0.894
2026-08-11 17:15:56,615 	Perf Stats: trainer.rollout_collect: 0.285 trainer.sample_action: 0.003 trainer.obs_insert: 0.000 trainer.step_env: 0.005 trainer.update_stats: 0.001 trainer.update_agent: 0.035
2026-08-11 17:15:59,672 update: 4360	fps: 496.301	
2026-08-11 17:15:59,672 Num updates: 4360	Num frames 697600
2026-08-11 17:15:59,672 Average window size: 50  distance_to_goal: 0.239  distance_to_goal_reward: -0.001  reward: 4.416  spl: 0.751  success: 0.898
2026-08-11 17:15:59,672 	Perf Stats: trainer.rollout_collect: 0.285 trainer.sample_action: 0.003 trainer.obs_insert: 0.000 trainer.step_env: 0.005 trainer.update_stats: 0.001 trainer.update_agent: 0.035
2026-08-11 17:16:02,726 update: 4370	fps: 496.361	
2026-08-11 17:16:02,726 Num updates: 4370	Num frames 699200
2026-08-11 17:16:02,726 Average window size: 50  distance_to_goal: 0.244  distance_to_goal_reward: 0.000  reward: 4.125  spl: 0.727  success: 0.872
2026-08-11 17:16:02,726 	Perf Stats: trainer.rollout_collect: 0.285 trainer.sample_action: 0.003 trainer.obs_insert: 0.000 trainer.step_env: 0.005 trainer.update_stats: 0.001 trainer.update_agent: 0.035
2026-08-11 17:16:05,842 update: 4380	fps: 496.399	
2026-08-11 17:16:05,842 Num updates: 4380	Num frames 700800
2026-08-11 17:16:05,843 Average window size: 50  distance_to_goal: 0.214  distance_to_goal_reward: 0.000  reward: 3.914  spl: 0.727  success: 0.876
2026-08-11 17:16:05,843 	Perf Stats: trainer.rollout_collect: 0.285 trainer.sample_action: 0.003 trainer.obs_insert: 0.000 trainer.step_env: 0.005 trainer.update_stats: 0.001 trainer.update_agent: 0.035
2026-08-11 17:16:08,904 update: 4390	fps: 496.455	
2026-08-11 17:16:08,905 Num updates: 4390	Num frames 702400
2026-08-11 17:16:08,905 Average window size: 50  distance_to_goal: 0.241  distance_to_goal_reward: 0.000  reward: 3.792  spl: 0.748  success: 0.890
2026-08-11 17:16:08,905 	Perf Stats: trainer.rollout_collect: 0.284 trainer.sample_action: 0.003 trainer.obs_insert: 0.000 trainer.step_env: 0.005 trainer.update_stats: 0.001 trainer.update_agent: 0.035
2026-08-11 17:16:12,063 update: 4400	fps: 496.478	
2026-08-11 17:16:12,063 Num updates: 4400	Num frames 704000
2026-08-11 17:16:12,063 Average window size: 50  distance_to_goal: 0.201  distance_to_goal_reward: 0.000  reward: 3.860  spl: 0.766  success: 0.887
2026-08-11 17:16:12,063 	Perf Stats: trainer.rollout_collect: 0.284 trainer.sample_action: 0.003 trainer.obs_insert: 0.000 trainer.step_env: 0.005 trainer.update_stats: 0.001 trainer.update_agent: 0.035
2026-08-11 17:16:15,090 update: 4410	fps: 496.546	
2026-08-11 17:16:15,090 Num updates: 4410	Num frames 705600
2026-08-11 17:16:15,090 Average window size: 50  distance_to_goal: 0.195  distance_to_goal_reward: 0.000  reward: 3.807  spl: 0.781  success: 0.890
2026-08-11 17:16:15,090 	Perf Stats: trainer.rollout_collect: 0.284 trainer.sample_action: 0.003 trainer.obs_insert: 0.000 trainer.step_env: 0.005 trainer.update_stats: 0.001 trainer.update_agent: 0.035
2026-08-11 17:16:18,170 update: 4420	fps: 496.596	
2026-08-11 17:16:18,170 Num updates: 4420	Num frames 707200
2026-08-11 17:16:18,170 Average window size: 50  distance_to_goal: 0.194  distance_to_goal_reward: 0.000  reward: 3.936  spl: 0.816  success: 0.926
2026-08-11 17:16:18,170 	Perf Stats: trainer.rollout_collect: 0.284 trainer.sample_action: 0.003 trainer.obs_insert: 0.000 trainer.step_env: 0.005 trainer.update_stats: 0.001 trainer.update_agent: 0.035
2026-08-11 17:16:21,241 update: 4430	fps: 496.648	
2026-08-11 17:16:21,241 Num updates: 4430	Num frames 708800
2026-08-11 17:16:21,241 Average window size: 50  distance_to_goal: 0.190  distance_to_goal_reward: 0.000  reward: 4.059  spl: 0.819  success: 0.919
2026-08-11 17:16:21,241 	Perf Stats: trainer.rollout_collect: 0.284 trainer.sample_action: 0.003 trainer.obs_insert: 0.000 trainer.step_env: 0.005 trainer.update_stats: 0.001 trainer.update_agent: 0.035
2026-08-11 17:16:24,288 update: 4440	fps: 496.709	
2026-08-11 17:16:24,288 Num updates: 4440	Num frames 710400
2026-08-11 17:16:24,288 Average window size: 50  distance_to_goal: 0.157  distance_to_goal_reward: 0.000  reward: 4.146  spl: 0.816  success: 0.915
2026-08-11 17:16:24,288 	Perf Stats: trainer.rollout_collect: 0.284 trainer.sample_action: 0.003 trainer.obs_insert: 0.000 trainer.step_env: 0.005 trainer.update_stats: 0.001 trainer.update_agent: 0.035
2026-08-11 17:16:27,348 update: 4450	fps: 496.765	
2026-08-11 17:16:27,348 Num updates: 4450	Num frames 712000
2026-08-11 17:16:27,349 Average window size: 50  distance_to_goal: 0.154  distance_to_goal_reward: 0.000  reward: 4.156  spl: 0.820  success: 0.931
2026-08-11 17:16:27,349 	Perf Stats: trainer.rollout_collect: 0.284 trainer.sample_action: 0.003 trainer.obs_insert: 0.000 trainer.step_env: 0.005 trainer.update_stats: 0.001 trainer.update_agent: 0.035
PluginManager::Manager: duplicate static plugin StbImageImporter, ignoring
PluginManager::Manager: duplicate static plugin GltfImporter, ignoring
PluginManager::Manager: duplicate static plugin BasisImporter, ignoring
PluginManager::Manager: duplicate static plugin AssimpImporter, ignoring
PluginManager::Manager: duplicate static plugin AnySceneImporter, ignoring
PluginManager::Manager: duplicate static plugin AnyImageImporter, ignoring
Renderer: NVIDIA GeForce RTX 4070/PCIe/SSE2 by NVIDIA Corporation
OpenGL version: 4.6.0 NVIDIA 580.173.02
Using optional features:
    GL_ARB_vertex_array_object
    GL_ARB_separate_shader_objects
    GL_ARB_robustness
    GL_ARB_texture_storage
    GL_ARB_texture_view
    GL_ARB_framebuffer_no_attachments
    GL_ARB_invalidate_subdata
    GL_ARB_texture_storage_multisample
    GL_ARB_multi_bind
    GL_ARB_direct_state_access
    GL_ARB_get_texture_sub_image
    GL_ARB_texture_filter_anisotropic
    GL_KHR_debug
    GL_KHR_parallel_shader_compile
    GL_NV_depth_buffer_float
Using driver workarounds:
    no-forward-compatible-core-context
    nv-egl-incorrect-gl11-function-pointers
    no-layout-qualifiers-on-old-glsl
    nv-zero-context-profile-mask
    nv-implementation-color-read-format-dsa-broken
    nv-cubemap-inconsistent-compressed-image-size
    nv-cubemap-broken-full-compressed-image-query
    nv-compressed-block-size-in-bits
[17:16:28:982929]:[Warning]:[Scene] SemanticScene.h(331)::checkFileExists : ::loadSemanticSceneDescriptor: File `data/scene_datasets/habitat-test-scenes/van-gogh-room.scn` does not exist.  Aborting load.
[17:16:28:982944]:[Warning]:[Scene] SemanticScene.cpp(123)::loadSemanticSceneDescriptor : SSD File Naming Issue! Neither SemanticAttributes-provided name : `data/scene_datasets/habitat-test-scenes/van-gogh-room.scn` nor constructed filename : `data/scene_datasets/habitat-test-scenes/info_semantic.json` exist on disk.
[17:16:28:982949]:[Error]:[Scene] SemanticScene.cpp(139)::loadSemanticSceneDescriptor : SSD Load Failure! File with SemanticAttributes-provided name `data/scene_datasets/habitat-test-scenes/van-gogh-room.scn` exists but failed to load.
[17:16:29:415342]:[Warning]:[Sim] Simulator.cpp(595)::instanceStageForSceneAttributes : The active scene does not contain semantic annotations : activeSemanticSceneID_ = 0
2026-08-11 17:16:30,867 update: 4460	fps: 496.662	
2026-08-11 17:16:30,868 Num updates: 4460	Num frames 713600
2026-08-11 17:16:30,868 Average window size: 50  distance_to_goal: 0.157  distance_to_goal_reward: 0.000  reward: 4.173  spl: 0.811  success: 0.923
2026-08-11 17:16:30,868 	Perf Stats: trainer.rollout_collect: 0.284 trainer.sample_action: 0.003 trainer.obs_insert: 0.000 trainer.step_env: 0.005 trainer.update_stats: 0.001 trainer.update_agent: 0.035
2026-08-11 17:16:33,919 update: 4470	fps: 496.720	
2026-08-11 17:16:33,919 Num updates: 4470	Num frames 715200
2026-08-11 17:16:33,919 Average window size: 50  distance_to_goal: 0.115  distance_to_goal_reward: 0.000  reward: 4.217  spl: 0.818  success: 0.932
2026-08-11 17:16:33,919 	Perf Stats: trainer.rollout_collect: 0.284 trainer.sample_action: 0.003 trainer.obs_insert: 0.000 trainer.step_env: 0.005 trainer.update_stats: 0.001 trainer.update_agent: 0.035
PluginManager::Manager: duplicate static plugin StbImageImporter, ignoring
PluginManager::Manager: duplicate static plugin GltfImporter, ignoring
PluginManager::Manager: duplicate static plugin BasisImporter, ignoring
PluginManager::Manager: duplicate static plugin AssimpImporter, ignoring
PluginManager::Manager: duplicate static plugin AnySceneImporter, ignoring
PluginManager::Manager: duplicate static plugin AnyImageImporter, ignoring
Renderer: NVIDIA GeForce RTX 4070/PCIe/SSE2 by NVIDIA Corporation
OpenGL version: 4.6.0 NVIDIA 580.173.02
Using optional features:
    GL_ARB_vertex_array_object
    GL_ARB_separate_shader_objects
    GL_ARB_robustness
    GL_ARB_texture_storage
    GL_ARB_texture_view
    GL_ARB_framebuffer_no_attachments
    GL_ARB_invalidate_subdata
    GL_ARB_texture_storage_multisample
    GL_ARB_multi_bind
    GL_ARB_direct_state_access
    GL_ARB_get_texture_sub_image
    GL_ARB_texture_filter_anisotropic
    GL_KHR_debug
    GL_KHR_parallel_shader_compile
    GL_NV_depth_buffer_float
Using driver workarounds:
    no-forward-compatible-core-context
    nv-egl-incorrect-gl11-function-pointers
    no-layout-qualifiers-on-old-glsl
    nv-zero-context-profile-mask
    nv-implementation-color-read-format-dsa-broken
    nv-cubemap-inconsistent-compressed-image-size
    nv-cubemap-broken-full-compressed-image-query
    nv-compressed-block-size-in-bits
[17:16:34:262401]:[Warning]:[Scene] SemanticScene.h(331)::checkFileExists : ::loadSemanticSceneDescriptor: File `data/scene_datasets/habitat-test-scenes/skokloster-castle.scn` does not exist.  Aborting load.
[17:16:34:262424]:[Warning]:[Scene] SemanticScene.cpp(123)::loadSemanticSceneDescriptor : SSD File Naming Issue! Neither SemanticAttributes-provided name : `data/scene_datasets/habitat-test-scenes/skokloster-castle.scn` nor constructed filename : `data/scene_datasets/habitat-test-scenes/info_semantic.json` exist on disk.
[17:16:34:262435]:[Error]:[Scene] SemanticScene.cpp(139)::loadSemanticSceneDescriptor : SSD Load Failure! File with SemanticAttributes-provided name `data/scene_datasets/habitat-test-scenes/skokloster-castle.scn` exists but failed to load.
[17:16:34:867500]:[Warning]:[Sim] Simulator.cpp(595)::instanceStageForSceneAttributes : The active scene does not contain semantic annotations : activeSemanticSceneID_ = 0
PluginManager::Manager: duplicate static plugin StbImageImporter, ignoring
PluginManager::Manager: duplicate static plugin GltfImporter, ignoring
PluginManager::Manager: duplicate static plugin BasisImporter, ignoring
PluginManager::Manager: duplicate static plugin AssimpImporter, ignoring
PluginManager::Manager: duplicate static plugin AnySceneImporter, ignoring
PluginManager::Manager: duplicate static plugin AnyImageImporter, ignoring
Renderer: NVIDIA GeForce RTX 4070/PCIe/SSE2 by NVIDIA Corporation
OpenGL version: 4.6.0 NVIDIA 580.173.02
Using optional features:
    GL_ARB_vertex_array_object
    GL_ARB_separate_shader_objects
    GL_ARB_robustness
    GL_ARB_texture_storage
    GL_ARB_texture_view
    GL_ARB_framebuffer_no_attachments
    GL_ARB_invalidate_subdata
    GL_ARB_texture_storage_multisample
    GL_ARB_multi_bind
    GL_ARB_direct_state_access
    GL_ARB_get_texture_sub_image
    GL_ARB_texture_filter_anisotropic
    GL_KHR_debug
    GL_KHR_parallel_shader_compile
    GL_NV_depth_buffer_float
Using driver workarounds:
    no-forward-compatible-core-context
    nv-egl-incorrect-gl11-function-pointers
    no-layout-qualifiers-on-old-glsl
    nv-zero-context-profile-mask
    nv-implementation-color-read-format-dsa-broken
    nv-cubemap-inconsistent-compressed-image-size
    nv-cubemap-broken-full-compressed-image-query
    nv-compressed-block-size-in-bits
[17:16:36:230300]:[Warning]:[Scene] SemanticScene.h(331)::checkFileExists : ::loadSemanticSceneDescriptor: File `data/scene_datasets/habitat-test-scenes/skokloster-castle.scn` does not exist.  Aborting load.
[17:16:36:230316]:[Warning]:[Scene] SemanticScene.cpp(123)::loadSemanticSceneDescriptor : SSD File Naming Issue! Neither SemanticAttributes-provided name : `data/scene_datasets/habitat-test-scenes/skokloster-castle.scn` nor constructed filename : `data/scene_datasets/habitat-test-scenes/info_semantic.json` exist on disk.
[17:16:36:230321]:[Error]:[Scene] SemanticScene.cpp(139)::loadSemanticSceneDescriptor : SSD Load Failure! File with SemanticAttributes-provided name `data/scene_datasets/habitat-test-scenes/skokloster-castle.scn` exists but failed to load.
[17:16:36:849981]:[Warning]:[Sim] Simulator.cpp(595)::instanceStageForSceneAttributes : The active scene does not contain semantic annotations : activeSemanticSceneID_ = 0
2026-08-11 17:16:38,230 update: 4480	fps: 496.345	
2026-08-11 17:16:38,230 Num updates: 4480	Num frames 716800
2026-08-11 17:16:38,230 Average window size: 50  distance_to_goal: 0.115  distance_to_goal_reward: 0.000  reward: 4.207  spl: 0.817  success: 0.934
2026-08-11 17:16:38,230 	Perf Stats: trainer.rollout_collect: 0.285 trainer.sample_action: 0.003 trainer.obs_insert: 0.000 trainer.step_env: 0.005 trainer.update_stats: 0.001 trainer.update_agent: 0.035
2026-08-11 17:16:41,312 update: 4490	fps: 496.394	
2026-08-11 17:16:41,313 Num updates: 4490	Num frames 718400
2026-08-11 17:16:41,313 Average window size: 50  distance_to_goal: 0.114  distance_to_goal_reward: 0.000  reward: 4.140  spl: 0.811  success: 0.926
2026-08-11 17:16:41,313 	Perf Stats: trainer.rollout_collect: 0.285 trainer.sample_action: 0.003 trainer.obs_insert: 0.000 trainer.step_env: 0.005 trainer.update_stats: 0.001 trainer.update_agent: 0.035
2026-08-11 17:16:44,479 update: 4500	fps: 496.413	
2026-08-11 17:16:44,479 Num updates: 4500	Num frames 720000
2026-08-11 17:16:44,479 Average window size: 50  distance_to_goal: 0.155  distance_to_goal_reward: 0.000  reward: 4.100  spl: 0.805  success: 0.921
2026-08-11 17:16:44,479 	Perf Stats: trainer.rollout_collect: 0.284 trainer.sample_action: 0.003 trainer.obs_insert: 0.000 trainer.step_env: 0.005 trainer.update_stats: 0.001 trainer.update_agent: 0.035
2026-08-11 17:16:47,565 update: 4510	fps: 496.460	
2026-08-11 17:16:47,565 Num updates: 4510	Num frames 721600
2026-08-11 17:16:47,565 Average window size: 50  distance_to_goal: 0.156  distance_to_goal_reward: 0.000  reward: 4.154  spl: 0.801  success: 0.918
2026-08-11 17:16:47,565 	Perf Stats: trainer.rollout_collect: 0.284 trainer.sample_action: 0.003 trainer.obs_insert: 0.000 trainer.step_env: 0.005 trainer.update_stats: 0.001 trainer.update_agent: 0.035
2026-08-11 17:16:50,660 update: 4520	fps: 496.503	
2026-08-11 17:16:50,660 Num updates: 4520	Num frames 723200
2026-08-11 17:16:50,660 Average window size: 50  distance_to_goal: 0.179  distance_to_goal_reward: 0.000  reward: 4.204  spl: 0.781  success: 0.893
2026-08-11 17:16:50,660 	Perf Stats: trainer.rollout_collect: 0.284 trainer.sample_action: 0.003 trainer.obs_insert: 0.000 trainer.step_env: 0.005 trainer.update_stats: 0.001 trainer.update_agent: 0.035
2026-08-11 17:16:53,716 update: 4530	fps: 496.560	
2026-08-11 17:16:53,716 Num updates: 4530	Num frames 724800
2026-08-11 17:16:53,716 Average window size: 50  distance_to_goal: 0.183  distance_to_goal_reward: 0.000  reward: 4.151  spl: 0.779  success: 0.893
2026-08-11 17:16:53,716 	Perf Stats: trainer.rollout_collect: 0.284 trainer.sample_action: 0.003 trainer.obs_insert: 0.000 trainer.step_env: 0.005 trainer.update_stats: 0.001 trainer.update_agent: 0.035
2026-08-11 17:16:56,809 update: 4540	fps: 496.604	
2026-08-11 17:16:56,809 Num updates: 4540	Num frames 726400
2026-08-11 17:16:56,809 Average window size: 50  distance_to_goal: 0.228  distance_to_goal_reward: 0.000  reward: 4.273  spl: 0.787  success: 0.897
2026-08-11 17:16:56,809 	Perf Stats: trainer.rollout_collect: 0.284 trainer.sample_action: 0.003 trainer.obs_insert: 0.000 trainer.step_env: 0.005 trainer.update_stats: 0.001 trainer.update_agent: 0.035
2026-08-11 17:16:59,915 update: 4550	fps: 496.643	
2026-08-11 17:16:59,915 Num updates: 4550	Num frames 728000
2026-08-11 17:16:59,915 Average window size: 50  distance_to_goal: 0.182  distance_to_goal_reward: 0.000  reward: 4.587  spl: 0.798  success: 0.907
2026-08-11 17:16:59,915 	Perf Stats: trainer.rollout_collect: 0.284 trainer.sample_action: 0.003 trainer.obs_insert: 0.000 trainer.step_env: 0.005 trainer.update_stats: 0.001 trainer.update_agent: 0.035
2026-08-11 17:17:02,984 update: 4560	fps: 496.695	
2026-08-11 17:17:02,984 Num updates: 4560	Num frames 729600
2026-08-11 17:17:02,984 Average window size: 50  distance_to_goal: 0.181  distance_to_goal_reward: 0.000  reward: 4.675  spl: 0.807  success: 0.920
2026-08-11 17:17:02,984 	Perf Stats: trainer.rollout_collect: 0.284 trainer.sample_action: 0.003 trainer.obs_insert: 0.000 trainer.step_env: 0.005 trainer.update_stats: 0.001 trainer.update_agent: 0.035
2026-08-11 17:17:06,045 update: 4570	fps: 496.749	
2026-08-11 17:17:06,045 Num updates: 4570	Num frames 731200
2026-08-11 17:17:06,046 Average window size: 50  distance_to_goal: 0.265  distance_to_goal_reward: 0.000  reward: 4.525  spl: 0.797  success: 0.903
2026-08-11 17:17:06,046 	Perf Stats: trainer.rollout_collect: 0.284 trainer.sample_action: 0.003 trainer.obs_insert: 0.000 trainer.step_env: 0.005 trainer.update_stats: 0.001 trainer.update_agent: 0.035
2026-08-11 17:17:09,141 update: 4580	fps: 496.791	
2026-08-11 17:17:09,141 Num updates: 4580	Num frames 732800
2026-08-11 17:17:09,141 Average window size: 50  distance_to_goal: 0.261  distance_to_goal_reward: 0.000  reward: 4.675  spl: 0.783  success: 0.887
2026-08-11 17:17:09,141 	Perf Stats: trainer.rollout_collect: 0.284 trainer.sample_action: 0.003 trainer.obs_insert: 0.000 trainer.step_env: 0.005 trainer.update_stats: 0.001 trainer.update_agent: 0.035
2026-08-11 17:17:12,239 update: 4590	fps: 496.832	
2026-08-11 17:17:12,239 Num updates: 4590	Num frames 734400
2026-08-11 17:17:12,239 Average window size: 50  distance_to_goal: 0.218  distance_to_goal_reward: 0.000  reward: 4.688  spl: 0.789  success: 0.898
2026-08-11 17:17:12,239 	Perf Stats: trainer.rollout_collect: 0.284 trainer.sample_action: 0.003 trainer.obs_insert: 0.000 trainer.step_env: 0.005 trainer.update_stats: 0.001 trainer.update_agent: 0.035
2026-08-11 17:17:15,426 update: 4600	fps: 496.844	
2026-08-11 17:17:15,426 Num updates: 4600	Num frames 736000
2026-08-11 17:17:15,426 Average window size: 50  distance_to_goal: 0.310  distance_to_goal_reward: 0.000  reward: 4.342  spl: 0.789  success: 0.894
2026-08-11 17:17:15,426 	Perf Stats: trainer.rollout_collect: 0.284 trainer.sample_action: 0.003 trainer.obs_insert: 0.000 trainer.step_env: 0.005 trainer.update_stats: 0.001 trainer.update_agent: 0.035
2026-08-11 17:17:18,517 update: 4610	fps: 496.887	
2026-08-11 17:17:18,517 Num updates: 4610	Num frames 737600
2026-08-11 17:17:18,518 Average window size: 50  distance_to_goal: 0.341  distance_to_goal_reward: 0.000  reward: 4.287  spl: 0.772  success: 0.871
2026-08-11 17:17:18,518 	Perf Stats: trainer.rollout_collect: 0.284 trainer.sample_action: 0.003 trainer.obs_insert: 0.000 trainer.step_env: 0.005 trainer.update_stats: 0.001 trainer.update_agent: 0.035
2026-08-11 17:17:21,583 update: 4620	fps: 496.938	
2026-08-11 17:17:21,583 Num updates: 4620	Num frames 739200
2026-08-11 17:17:21,583 Average window size: 50  distance_to_goal: 0.269  distance_to_goal_reward: 0.000  reward: 4.412  spl: 0.789  success: 0.892
2026-08-11 17:17:21,583 	Perf Stats: trainer.rollout_collect: 0.284 trainer.sample_action: 0.003 trainer.obs_insert: 0.000 trainer.step_env: 0.005 trainer.update_stats: 0.001 trainer.update_agent: 0.035
2026-08-11 17:17:24,661 update: 4630	fps: 496.986	
2026-08-11 17:17:24,661 Num updates: 4630	Num frames 740800
2026-08-11 17:17:24,661 Average window size: 50  distance_to_goal: 0.276  distance_to_goal_reward: 0.000  reward: 4.242  spl: 0.795  success: 0.903
2026-08-11 17:17:24,661 	Perf Stats: trainer.rollout_collect: 0.284 trainer.sample_action: 0.003 trainer.obs_insert: 0.000 trainer.step_env: 0.005 trainer.update_stats: 0.001 trainer.update_agent: 0.035
2026-08-11 17:17:27,743 update: 4640	fps: 497.031	
2026-08-11 17:17:27,744 Num updates: 4640	Num frames 742400
2026-08-11 17:17:27,744 Average window size: 50  distance_to_goal: 0.319  distance_to_goal_reward: 0.002  reward: 4.080  spl: 0.781  success: 0.886
2026-08-11 17:17:27,744 	Perf Stats: trainer.rollout_collect: 0.284 trainer.sample_action: 0.003 trainer.obs_insert: 0.000 trainer.step_env: 0.005 trainer.update_stats: 0.001 trainer.update_agent: 0.035
2026-08-11 17:17:30,831 update: 4650	fps: 497.075	
2026-08-11 17:17:30,831 Num updates: 4650	Num frames 744000
2026-08-11 17:17:30,831 Average window size: 50  distance_to_goal: 0.210  distance_to_goal_reward: 0.002  reward: 4.174  spl: 0.782  success: 0.892
2026-08-11 17:17:30,831 	Perf Stats: trainer.rollout_collect: 0.284 trainer.sample_action: 0.003 trainer.obs_insert: 0.000 trainer.step_env: 0.005 trainer.update_stats: 0.001 trainer.update_agent: 0.035
PluginManager::Manager: duplicate static plugin StbImageImporter, ignoring
PluginManager::Manager: duplicate static plugin GltfImporter, ignoring
PluginManager::Manager: duplicate static plugin BasisImporter, ignoring
PluginManager::Manager: duplicate static plugin AssimpImporter, ignoring
PluginManager::Manager: duplicate static plugin AnySceneImporter, ignoring
PluginManager::Manager: duplicate static plugin AnyImageImporter, ignoring
Renderer: NVIDIA GeForce RTX 4070/PCIe/SSE2 by NVIDIA Corporation
OpenGL version: 4.6.0 NVIDIA 580.173.02
Using optional features:
    GL_ARB_vertex_array_object
    GL_ARB_separate_shader_objects
    GL_ARB_robustness
    GL_ARB_texture_storage
    GL_ARB_texture_view
    GL_ARB_framebuffer_no_attachments
    GL_ARB_invalidate_subdata
    GL_ARB_texture_storage_multisample
    GL_ARB_multi_bind
    GL_ARB_direct_state_access
    GL_ARB_get_texture_sub_image
    GL_ARB_texture_filter_anisotropic
    GL_KHR_debug
    GL_KHR_parallel_shader_compile
    GL_NV_depth_buffer_float
Using driver workarounds:
    no-forward-compatible-core-context
    nv-egl-incorrect-gl11-function-pointers
    no-layout-qualifiers-on-old-glsl
    nv-zero-context-profile-mask
    nv-implementation-color-read-format-dsa-broken
    nv-cubemap-inconsistent-compressed-image-size
    nv-cubemap-broken-full-compressed-image-query
    nv-compressed-block-size-in-bits
[17:17:31:940425]:[Warning]:[Scene] SemanticScene.h(331)::checkFileExists : ::loadSemanticSceneDescriptor: File `data/scene_datasets/habitat-test-scenes/skokloster-castle.scn` does not exist.  Aborting load.
[17:17:31:940443]:[Warning]:[Scene] SemanticScene.cpp(123)::loadSemanticSceneDescriptor : SSD File Naming Issue! Neither SemanticAttributes-provided name : `data/scene_datasets/habitat-test-scenes/skokloster-castle.scn` nor constructed filename : `data/scene_datasets/habitat-test-scenes/info_semantic.json` exist on disk.
[17:17:31:940452]:[Error]:[Scene] SemanticScene.cpp(139)::loadSemanticSceneDescriptor : SSD Load Failure! File with SemanticAttributes-provided name `data/scene_datasets/habitat-test-scenes/skokloster-castle.scn` exists but failed to load.
[17:17:32:548069]:[Warning]:[Sim] Simulator.cpp(595)::instanceStageForSceneAttributes : The active scene does not contain semantic annotations : activeSemanticSceneID_ = 0
2026-08-11 17:17:34,585 update: 4660	fps: 496.897	
2026-08-11 17:17:34,586 Num updates: 4660	Num frames 745600
2026-08-11 17:17:34,586 Average window size: 50  distance_to_goal: 0.211  distance_to_goal_reward: 0.002  reward: 4.192  spl: 0.779  success: 0.896
2026-08-11 17:17:34,586 	Perf Stats: trainer.rollout_collect: 0.284 trainer.sample_action: 0.003 trainer.obs_insert: 0.000 trainer.step_env: 0.005 trainer.update_stats: 0.001 trainer.update_agent: 0.035
PluginManager::Manager: duplicate static plugin StbImageImporter, ignoring
PluginManager::Manager: duplicate static plugin GltfImporter, ignoring
PluginManager::Manager: duplicate static plugin BasisImporter, ignoring
PluginManager::Manager: duplicate static plugin AssimpImporter, ignoring
PluginManager::Manager: duplicate static plugin AnySceneImporter, ignoring
PluginManager::Manager: duplicate static plugin AnyImageImporter, ignoring
Renderer: NVIDIA GeForce RTX 4070/PCIe/SSE2 by NVIDIA Corporation
OpenGL version: 4.6.0 NVIDIA 580.173.02
Using optional features:
    GL_ARB_vertex_array_object
    GL_ARB_separate_shader_objects
    GL_ARB_robustness
    GL_ARB_texture_storage
    GL_ARB_texture_view
    GL_ARB_framebuffer_no_attachments
    GL_ARB_invalidate_subdata
    GL_ARB_texture_storage_multisample
    GL_ARB_multi_bind
    GL_ARB_direct_state_access
    GL_ARB_get_texture_sub_image
    GL_ARB_texture_filter_anisotropic
    GL_KHR_debug
    GL_KHR_parallel_shader_compile
    GL_NV_depth_buffer_float
Using driver workarounds:
    no-forward-compatible-core-context
    nv-egl-incorrect-gl11-function-pointers
    no-layout-qualifiers-on-old-glsl
    nv-zero-context-profile-mask
    nv-implementation-color-read-format-dsa-broken
    nv-cubemap-inconsistent-compressed-image-size
    nv-cubemap-broken-full-compressed-image-query
    nv-compressed-block-size-in-bits
[17:17:36:905538]:[Warning]:[Scene] SemanticScene.h(331)::checkFileExists : ::loadSemanticSceneDescriptor: File `data/scene_datasets/habitat-test-scenes/skokloster-castle.scn` does not exist.  Aborting load.
[17:17:36:905556]:[Warning]:[Scene] SemanticScene.cpp(123)::loadSemanticSceneDescriptor : SSD File Naming Issue! Neither SemanticAttributes-provided name : `data/scene_datasets/habitat-test-scenes/skokloster-castle.scn` nor constructed filename : `data/scene_datasets/habitat-test-scenes/info_semantic.json` exist on disk.
[17:17:36:905566]:[Error]:[Scene] SemanticScene.cpp(139)::loadSemanticSceneDescriptor : SSD Load Failure! File with SemanticAttributes-provided name `data/scene_datasets/habitat-test-scenes/skokloster-castle.scn` exists but failed to load.
[17:17:37:510022]:[Warning]:[Sim] Simulator.cpp(595)::instanceStageForSceneAttributes : The active scene does not contain semantic annotations : activeSemanticSceneID_ = 0
2026-08-11 17:17:38,314 update: 4670	fps: 496.729	
2026-08-11 17:17:38,314 Num updates: 4670	Num frames 747200
2026-08-11 17:17:38,314 Average window size: 50  distance_to_goal: 0.239  distance_to_goal_reward: 0.001  reward: 4.279  spl: 0.788  success: 0.905
2026-08-11 17:17:38,314 	Perf Stats: trainer.rollout_collect: 0.284 trainer.sample_action: 0.003 trainer.obs_insert: 0.000 trainer.step_env: 0.005 trainer.update_stats: 0.001 trainer.update_agent: 0.035
2026-08-11 17:17:41,470 update: 4680	fps: 496.751	
2026-08-11 17:17:41,471 Num updates: 4680	Num frames 748800
2026-08-11 17:17:41,471 Average window size: 50  distance_to_goal: 0.356  distance_to_goal_reward: 0.002  reward: 4.479  spl: 0.788  success: 0.903
2026-08-11 17:17:41,471 	Perf Stats: trainer.rollout_collect: 0.284 trainer.sample_action: 0.003 trainer.obs_insert: 0.000 trainer.step_env: 0.005 trainer.update_stats: 0.001 trainer.update_agent: 0.035
2026-08-11 17:17:44,630 update: 4690	fps: 496.771	
2026-08-11 17:17:44,630 Num updates: 4690	Num frames 750400
2026-08-11 17:17:44,630 Average window size: 50  distance_to_goal: 0.425  distance_to_goal_reward: -0.001  reward: 4.867  spl: 0.780  success: 0.895
2026-08-11 17:17:44,631 	Perf Stats: trainer.rollout_collect: 0.284 trainer.sample_action: 0.003 trainer.obs_insert: 0.000 trainer.step_env: 0.005 trainer.update_stats: 0.001 trainer.update_agent: 0.035
2026-08-11 17:17:47,896 update: 4700	fps: 496.756	
2026-08-11 17:17:47,897 Num updates: 4700	Num frames 752000
2026-08-11 17:17:47,897 Average window size: 50  distance_to_goal: 0.592  distance_to_goal_reward: -0.001  reward: 5.217  spl: 0.758  success: 0.877
2026-08-11 17:17:47,897 	Perf Stats: trainer.rollout_collect: 0.284 trainer.sample_action: 0.003 trainer.obs_insert: 0.000 trainer.step_env: 0.005 trainer.update_stats: 0.001 trainer.update_agent: 0.035
2026-08-11 17:17:51,064 update: 4710	fps: 496.773	
2026-08-11 17:17:51,064 Num updates: 4710	Num frames 753600
2026-08-11 17:17:51,064 Average window size: 50  distance_to_goal: 0.633  distance_to_goal_reward: -0.001  reward: 5.967  spl: 0.787  success: 0.903
2026-08-11 17:17:51,064 	Perf Stats: trainer.rollout_collect: 0.284 trainer.sample_action: 0.003 trainer.obs_insert: 0.000 trainer.step_env: 0.005 trainer.update_stats: 0.001 trainer.update_agent: 0.035
2026-08-11 17:17:54,228 update: 4720	fps: 496.792	
2026-08-11 17:17:54,228 Num updates: 4720	Num frames 755200
2026-08-11 17:17:54,228 Average window size: 50  distance_to_goal: 0.852  distance_to_goal_reward: -0.001  reward: 5.906  spl: 0.756  success: 0.873
2026-08-11 17:17:54,228 	Perf Stats: trainer.rollout_collect: 0.284 trainer.sample_action: 0.003 trainer.obs_insert: 0.000 trainer.step_env: 0.005 trainer.update_stats: 0.001 trainer.update_agent: 0.035
2026-08-11 17:17:57,408 update: 4730	fps: 496.805	
2026-08-11 17:17:57,408 Num updates: 4730	Num frames 756800
2026-08-11 17:17:57,409 Average window size: 50  distance_to_goal: 0.733  distance_to_goal_reward: -0.001  reward: 6.341  spl: 0.761  success: 0.876
2026-08-11 17:17:57,409 	Perf Stats: trainer.rollout_collect: 0.284 trainer.sample_action: 0.003 trainer.obs_insert: 0.000 trainer.step_env: 0.005 trainer.update_stats: 0.001 trainer.update_agent: 0.035
PluginManager::Manager: duplicate static plugin StbImageImporter, ignoring
PluginManager::Manager: duplicate static plugin GltfImporter, ignoring
PluginManager::Manager: duplicate static plugin BasisImporter, ignoring
PluginManager::Manager: duplicate static plugin AssimpImporter, ignoring
PluginManager::Manager: duplicate static plugin AnySceneImporter, ignoring
PluginManager::Manager: duplicate static plugin AnyImageImporter, ignoring
Renderer: NVIDIA GeForce RTX 4070/PCIe/SSE2 by NVIDIA Corporation
OpenGL version: 4.6.0 NVIDIA 580.173.02
Using optional features:
    GL_ARB_vertex_array_object
    GL_ARB_separate_shader_objects
    GL_ARB_robustness
    GL_ARB_texture_storage
    GL_ARB_texture_view
    GL_ARB_framebuffer_no_attachments
    GL_ARB_invalidate_subdata
    GL_ARB_texture_storage_multisample
    GL_ARB_multi_bind
    GL_ARB_direct_state_access
    GL_ARB_get_texture_sub_image
    GL_ARB_texture_filter_anisotropic
    GL_KHR_debug
    GL_KHR_parallel_shader_compile
    GL_NV_depth_buffer_float
Using driver workarounds:
    no-forward-compatible-core-context
    nv-egl-incorrect-gl11-function-pointers
    no-layout-qualifiers-on-old-glsl
    nv-zero-context-profile-mask
    nv-implementation-color-read-format-dsa-broken
    nv-cubemap-inconsistent-compressed-image-size
    nv-cubemap-broken-full-compressed-image-query
    nv-compressed-block-size-in-bits
[17:17:59:173252]:[Warning]:[Scene] SemanticScene.h(331)::checkFileExists : ::loadSemanticSceneDescriptor: File `data/scene_datasets/habitat-test-scenes/van-gogh-room.scn` does not exist.  Aborting load.
[17:17:59:173268]:[Warning]:[Scene] SemanticScene.cpp(123)::loadSemanticSceneDescriptor : SSD File Naming Issue! Neither SemanticAttributes-provided name : `data/scene_datasets/habitat-test-scenes/van-gogh-room.scn` nor constructed filename : `data/scene_datasets/habitat-test-scenes/info_semantic.json` exist on disk.
[17:17:59:173273]:[Error]:[Scene] SemanticScene.cpp(139)::loadSemanticSceneDescriptor : SSD Load Failure! File with SemanticAttributes-provided name `data/scene_datasets/habitat-test-scenes/van-gogh-room.scn` exists but failed to load.
[17:17:59:638235]:[Warning]:[Sim] Simulator.cpp(595)::instanceStageForSceneAttributes : The active scene does not contain semantic annotations : activeSemanticSceneID_ = 0
2026-08-11 17:18:01,031 update: 4740	fps: 496.674	
2026-08-11 17:18:01,032 Num updates: 4740	Num frames 758400
2026-08-11 17:18:01,032 Average window size: 50  distance_to_goal: 0.692  distance_to_goal_reward: 0.000  reward: 6.129  spl: 0.768  success: 0.889
2026-08-11 17:18:01,032 	Perf Stats: trainer.rollout_collect: 0.284 trainer.sample_action: 0.003 trainer.obs_insert: 0.000 trainer.step_env: 0.005 trainer.update_stats: 0.001 trainer.update_agent: 0.035
2026-08-11 17:18:04,149 update: 4750	fps: 496.708	
2026-08-11 17:18:04,149 Num updates: 4750	Num frames 760000
2026-08-11 17:18:04,149 Average window size: 50  distance_to_goal: 0.651  distance_to_goal_reward: 0.000  reward: 5.703  spl: 0.763  success: 0.877
2026-08-11 17:18:04,149 	Perf Stats: trainer.rollout_collect: 0.284 trainer.sample_action: 0.003 trainer.obs_insert: 0.000 trainer.step_env: 0.005 trainer.update_stats: 0.001 trainer.update_agent: 0.035
2026-08-11 17:18:07,299 update: 4760	fps: 496.731	
2026-08-11 17:18:07,299 Num updates: 4760	Num frames 761600
2026-08-11 17:18:07,299 Average window size: 50  distance_to_goal: 0.609  distance_to_goal_reward: 0.000  reward: 5.592  spl: 0.767  success: 0.871
2026-08-11 17:18:07,299 	Perf Stats: trainer.rollout_collect: 0.284 trainer.sample_action: 0.003 trainer.obs_insert: 0.000 trainer.step_env: 0.005 trainer.update_stats: 0.001 trainer.update_agent: 0.035
2026-08-11 17:18:10,440 update: 4770	fps: 496.757	
2026-08-11 17:18:10,440 Num updates: 4770	Num frames 763200
2026-08-11 17:18:10,440 Average window size: 50  distance_to_goal: 0.416  distance_to_goal_reward: 0.000  reward: 5.674  spl: 0.789  success: 0.885
2026-08-11 17:18:10,440 	Perf Stats: trainer.rollout_collect: 0.284 trainer.sample_action: 0.003 trainer.obs_insert: 0.000 trainer.step_env: 0.005 trainer.update_stats: 0.001 trainer.update_agent: 0.035
2026-08-11 17:18:13,553 update: 4780	fps: 496.791	
2026-08-11 17:18:13,553 Num updates: 4780	Num frames 764800
2026-08-11 17:18:13,553 Average window size: 50  distance_to_goal: 0.418  distance_to_goal_reward: 0.000  reward: 5.165  spl: 0.789  success: 0.881
2026-08-11 17:18:13,554 	Perf Stats: trainer.rollout_collect: 0.284 trainer.sample_action: 0.003 trainer.obs_insert: 0.000 trainer.step_env: 0.005 trainer.update_stats: 0.001 trainer.update_agent: 0.035
2026-08-11 17:18:16,685 update: 4790	fps: 496.820	
2026-08-11 17:18:16,685 Num updates: 4790	Num frames 766400
2026-08-11 17:18:16,685 Average window size: 50  distance_to_goal: 0.415  distance_to_goal_reward: 0.000  reward: 5.069  spl: 0.797  success: 0.887
2026-08-11 17:18:16,685 	Perf Stats: trainer.rollout_collect: 0.284 trainer.sample_action: 0.003 trainer.obs_insert: 0.000 trainer.step_env: 0.005 trainer.update_stats: 0.001 trainer.update_agent: 0.035
2026-08-11 17:18:19,931 update: 4800	fps: 496.812	
2026-08-11 17:18:19,931 Num updates: 4800	Num frames 768000
2026-08-11 17:18:19,931 Average window size: 50  distance_to_goal: 0.327  distance_to_goal_reward: 0.000  reward: 5.249  spl: 0.818  success: 0.910
2026-08-11 17:18:19,931 	Perf Stats: trainer.rollout_collect: 0.284 trainer.sample_action: 0.003 trainer.obs_insert: 0.000 trainer.step_env: 0.005 trainer.update_stats: 0.001 trainer.update_agent: 0.035
PluginManager::Manager: duplicate static plugin StbImageImporter, ignoring
PluginManager::Manager: duplicate static plugin GltfImporter, ignoring
PluginManager::Manager: duplicate static plugin BasisImporter, ignoring
PluginManager::Manager: duplicate static plugin AssimpImporter, ignoring
PluginManager::Manager: duplicate static plugin AnySceneImporter, ignoring
PluginManager::Manager: duplicate static plugin AnyImageImporter, ignoring
Renderer: NVIDIA GeForce RTX 4070/PCIe/SSE2 by NVIDIA Corporation
OpenGL version: 4.6.0 NVIDIA 580.173.02
Using optional features:
    GL_ARB_vertex_array_object
    GL_ARB_separate_shader_objects
    GL_ARB_robustness
    GL_ARB_texture_storage
    GL_ARB_texture_view
    GL_ARB_framebuffer_no_attachments
    GL_ARB_invalidate_subdata
    GL_ARB_texture_storage_multisample
    GL_ARB_multi_bind
    GL_ARB_direct_state_access
    GL_ARB_get_texture_sub_image
    GL_ARB_texture_filter_anisotropic
    GL_KHR_debug
    GL_KHR_parallel_shader_compile
    GL_NV_depth_buffer_float
Using driver workarounds:
    no-forward-compatible-core-context
    nv-egl-incorrect-gl11-function-pointers
    no-layout-qualifiers-on-old-glsl
    nv-zero-context-profile-mask
    nv-implementation-color-read-format-dsa-broken
    nv-cubemap-inconsistent-compressed-image-size
    nv-cubemap-broken-full-compressed-image-query
    nv-compressed-block-size-in-bits
[17:18:22:544197]:[Warning]:[Scene] SemanticScene.h(331)::checkFileExists : ::loadSemanticSceneDescriptor: File `data/scene_datasets/habitat-test-scenes/van-gogh-room.scn` does not exist.  Aborting load.
[17:18:22:544216]:[Warning]:[Scene] SemanticScene.cpp(123)::loadSemanticSceneDescriptor : SSD File Naming Issue! Neither SemanticAttributes-provided name : `data/scene_datasets/habitat-test-scenes/van-gogh-room.scn` nor constructed filename : `data/scene_datasets/habitat-test-scenes/info_semantic.json` exist on disk.
[17:18:22:544225]:[Error]:[Scene] SemanticScene.cpp(139)::loadSemanticSceneDescriptor : SSD Load Failure! File with SemanticAttributes-provided name `data/scene_datasets/habitat-test-scenes/van-gogh-room.scn` exists but failed to load.
[17:18:22:996521]:[Warning]:[Sim] Simulator.cpp(595)::instanceStageForSceneAttributes : The active scene does not contain semantic annotations : activeSemanticSceneID_ = 0
2026-08-11 17:18:23,528 update: 4810	fps: 496.691	
2026-08-11 17:18:23,528 Num updates: 4810	Num frames 769600
2026-08-11 17:18:23,528 Average window size: 50  distance_to_goal: 0.430  distance_to_goal_reward: 0.000  reward: 4.784  spl: 0.822  success: 0.913
2026-08-11 17:18:23,528 	Perf Stats: trainer.rollout_collect: 0.284 trainer.sample_action: 0.003 trainer.obs_insert: 0.000 trainer.step_env: 0.005 trainer.update_stats: 0.001 trainer.update_agent: 0.035
PluginManager::Manager: duplicate static plugin StbImageImporter, ignoring
PluginManager::Manager: duplicate static plugin GltfImporter, ignoring
PluginManager::Manager: duplicate static plugin BasisImporter, ignoring
PluginManager::Manager: duplicate static plugin AssimpImporter, ignoring
PluginManager::Manager: duplicate static plugin AnySceneImporter, ignoring
PluginManager::Manager: duplicate static plugin AnyImageImporter, ignoring
Renderer: NVIDIA GeForce RTX 4070/PCIe/SSE2 by NVIDIA Corporation
OpenGL version: 4.6.0 NVIDIA 580.173.02
Using optional features:
    GL_ARB_vertex_array_object
    GL_ARB_separate_shader_objects
    GL_ARB_robustness
    GL_ARB_texture_storage
    GL_ARB_texture_view
    GL_ARB_framebuffer_no_attachments
    GL_ARB_invalidate_subdata
    GL_ARB_texture_storage_multisample
    GL_ARB_multi_bind
    GL_ARB_direct_state_access
    GL_ARB_get_texture_sub_image
    GL_ARB_texture_filter_anisotropic
    GL_KHR_debug
    GL_KHR_parallel_shader_compile
    GL_NV_depth_buffer_float
Using driver workarounds:
    no-forward-compatible-core-context
    nv-egl-incorrect-gl11-function-pointers
    no-layout-qualifiers-on-old-glsl
    nv-zero-context-profile-mask
    nv-implementation-color-read-format-dsa-broken
    nv-cubemap-inconsistent-compressed-image-size
    nv-cubemap-broken-full-compressed-image-query
    nv-compressed-block-size-in-bits
[17:18:23:801136]:[Warning]:[Scene] SemanticScene.h(331)::checkFileExists : ::loadSemanticSceneDescriptor: File `data/scene_datasets/habitat-test-scenes/skokloster-castle.scn` does not exist.  Aborting load.
[17:18:23:801153]:[Warning]:[Scene] SemanticScene.cpp(123)::loadSemanticSceneDescriptor : SSD File Naming Issue! Neither SemanticAttributes-provided name : `data/scene_datasets/habitat-test-scenes/skokloster-castle.scn` nor constructed filename : `data/scene_datasets/habitat-test-scenes/info_semantic.json` exist on disk.
[17:18:23:801158]:[Error]:[Scene] SemanticScene.cpp(139)::loadSemanticSceneDescriptor : SSD Load Failure! File with SemanticAttributes-provided name `data/scene_datasets/habitat-test-scenes/skokloster-castle.scn` exists but failed to load.
[17:18:24:406572]:[Warning]:[Sim] Simulator.cpp(595)::instanceStageForSceneAttributes : The active scene does not contain semantic annotations : activeSemanticSceneID_ = 0
2026-08-11 17:18:27,302 update: 4820	fps: 496.514	
2026-08-11 17:18:27,302 Num updates: 4820	Num frames 771200
2026-08-11 17:18:27,302 Average window size: 50  distance_to_goal: 0.553  distance_to_goal_reward: 0.000  reward: 4.634  spl: 0.814  success: 0.913
2026-08-11 17:18:27,302 	Perf Stats: trainer.rollout_collect: 0.284 trainer.sample_action: 0.003 trainer.obs_insert: 0.000 trainer.step_env: 0.005 trainer.update_stats: 0.001 trainer.update_agent: 0.035
2026-08-11 17:18:30,459 update: 4830	fps: 496.535	
2026-08-11 17:18:30,459 Num updates: 4830	Num frames 772800
2026-08-11 17:18:30,460 Average window size: 50  distance_to_goal: 0.420  distance_to_goal_reward: 0.000  reward: 5.098  spl: 0.825  success: 0.925
2026-08-11 17:18:30,460 	Perf Stats: trainer.rollout_collect: 0.284 trainer.sample_action: 0.003 trainer.obs_insert: 0.000 trainer.step_env: 0.005 trainer.update_stats: 0.001 trainer.update_agent: 0.035
2026-08-11 17:18:33,600 update: 4840	fps: 496.561	
2026-08-11 17:18:33,600 Num updates: 4840	Num frames 774400
2026-08-11 17:18:33,600 Average window size: 50  distance_to_goal: 0.464  distance_to_goal_reward: -0.000  reward: 4.951  spl: 0.811  success: 0.912
2026-08-11 17:18:33,600 	Perf Stats: trainer.rollout_collect: 0.284 trainer.sample_action: 0.003 trainer.obs_insert: 0.000 trainer.step_env: 0.005 trainer.update_stats: 0.001 trainer.update_agent: 0.035
2026-08-11 17:18:36,764 update: 4850	fps: 496.580	
2026-08-11 17:18:36,764 Num updates: 4850	Num frames 776000
2026-08-11 17:18:36,764 Average window size: 50  distance_to_goal: 0.416  distance_to_goal_reward: -0.001  reward: 5.017  spl: 0.803  success: 0.906
2026-08-11 17:18:36,764 	Perf Stats: trainer.rollout_collect: 0.284 trainer.sample_action: 0.003 trainer.obs_insert: 0.000 trainer.step_env: 0.005 trainer.update_stats: 0.001 trainer.update_agent: 0.035
2026-08-11 17:18:39,911 update: 4860	fps: 496.604	
2026-08-11 17:18:39,911 Num updates: 4860	Num frames 777600
2026-08-11 17:18:39,911 Average window size: 50  distance_to_goal: 0.325  distance_to_goal_reward: -0.001  reward: 5.444  spl: 0.812  success: 0.919
2026-08-11 17:18:39,911 	Perf Stats: trainer.rollout_collect: 0.284 trainer.sample_action: 0.003 trainer.obs_insert: 0.000 trainer.step_env: 0.005 trainer.update_stats: 0.001 trainer.update_agent: 0.035
2026-08-11 17:18:43,067 update: 4870	fps: 496.624	
2026-08-11 17:18:43,067 Num updates: 4870	Num frames 779200
2026-08-11 17:18:43,067 Average window size: 50  distance_to_goal: 0.215  distance_to_goal_reward: -0.001  reward: 5.496  spl: 0.825  success: 0.922
2026-08-11 17:18:43,067 	Perf Stats: trainer.rollout_collect: 0.284 trainer.sample_action: 0.003 trainer.obs_insert: 0.000 trainer.step_env: 0.005 trainer.update_stats: 0.001 trainer.update_agent: 0.035
2026-08-11 17:18:46,216 update: 4880	fps: 496.647	
2026-08-11 17:18:46,216 Num updates: 4880	Num frames 780800
2026-08-11 17:18:46,216 Average window size: 50  distance_to_goal: 0.301  distance_to_goal_reward: -0.001  reward: 5.143  spl: 0.820  success: 0.912
2026-08-11 17:18:46,216 	Perf Stats: trainer.rollout_collect: 0.284 trainer.sample_action: 0.003 trainer.obs_insert: 0.000 trainer.step_env: 0.005 trainer.update_stats: 0.001 trainer.update_agent: 0.035
2026-08-11 17:18:49,387 update: 4890	fps: 496.663	
2026-08-11 17:18:49,388 Num updates: 4890	Num frames 782400
2026-08-11 17:18:49,388 Average window size: 50  distance_to_goal: 0.279  distance_to_goal_reward: -0.001  reward: 5.029  spl: 0.810  success: 0.898
2026-08-11 17:18:49,388 	Perf Stats: trainer.rollout_collect: 0.284 trainer.sample_action: 0.003 trainer.obs_insert: 0.000 trainer.step_env: 0.005 trainer.update_stats: 0.001 trainer.update_agent: 0.035
2026-08-11 17:18:52,624 update: 4900	fps: 496.658	
2026-08-11 17:18:52,624 Num updates: 4900	Num frames 784000
2026-08-11 17:18:52,624 Average window size: 50  distance_to_goal: 0.256  distance_to_goal_reward: 0.000  reward: 4.928  spl: 0.817  success: 0.902
2026-08-11 17:18:52,624 	Perf Stats: trainer.rollout_collect: 0.284 trainer.sample_action: 0.003 trainer.obs_insert: 0.000 trainer.step_env: 0.005 trainer.update_stats: 0.001 trainer.update_agent: 0.035
2026-08-11 17:18:55,779 update: 4910	fps: 496.679	
2026-08-11 17:18:55,780 Num updates: 4910	Num frames 785600
2026-08-11 17:18:55,780 Average window size: 50  distance_to_goal: 0.411  distance_to_goal_reward: 0.000  reward: 4.517  spl: 0.795  success: 0.875
2026-08-11 17:18:55,780 	Perf Stats: trainer.rollout_collect: 0.284 trainer.sample_action: 0.003 trainer.obs_insert: 0.000 trainer.step_env: 0.005 trainer.update_stats: 0.001 trainer.update_agent: 0.035
2026-08-11 17:18:58,944 update: 4920	fps: 496.697	
2026-08-11 17:18:58,945 Num updates: 4920	Num frames 787200
2026-08-11 17:18:58,945 Average window size: 50  distance_to_goal: 0.443  distance_to_goal_reward: 0.000  reward: 4.474  spl: 0.780  success: 0.861
2026-08-11 17:18:58,945 	Perf Stats: trainer.rollout_collect: 0.284 trainer.sample_action: 0.003 trainer.obs_insert: 0.000 trainer.step_env: 0.005 trainer.update_stats: 0.001 trainer.update_agent: 0.035
2026-08-11 17:19:02,097 update: 4930	fps: 496.718	
2026-08-11 17:19:02,097 Num updates: 4930	Num frames 788800
2026-08-11 17:19:02,097 Average window size: 50  distance_to_goal: 0.369  distance_to_goal_reward: 0.000  reward: 4.419  spl: 0.765  success: 0.847
2026-08-11 17:19:02,097 	Perf Stats: trainer.rollout_collect: 0.284 trainer.sample_action: 0.003 trainer.obs_insert: 0.000 trainer.step_env: 0.005 trainer.update_stats: 0.001 trainer.update_agent: 0.035
PluginManager::Manager: duplicate static plugin StbImageImporter, ignoring
PluginManager::Manager: duplicate static plugin GltfImporter, ignoring
PluginManager::Manager: duplicate static plugin BasisImporter, ignoring
PluginManager::Manager: duplicate static plugin AssimpImporter, ignoring
PluginManager::Manager: duplicate static plugin AnySceneImporter, ignoring
PluginManager::Manager: duplicate static plugin AnyImageImporter, ignoring
Renderer: NVIDIA GeForce RTX 4070/PCIe/SSE2 by NVIDIA Corporation
OpenGL version: 4.6.0 NVIDIA 580.173.02
Using optional features:
    GL_ARB_vertex_array_object
    GL_ARB_separate_shader_objects
    GL_ARB_robustness
    GL_ARB_texture_storage
    GL_ARB_texture_view
    GL_ARB_framebuffer_no_attachments
    GL_ARB_invalidate_subdata
    GL_ARB_texture_storage_multisample
    GL_ARB_multi_bind
    GL_ARB_direct_state_access
    GL_ARB_get_texture_sub_image
    GL_ARB_texture_filter_anisotropic
    GL_KHR_debug
    GL_KHR_parallel_shader_compile
    GL_NV_depth_buffer_float
Using driver workarounds:
    no-forward-compatible-core-context
    nv-egl-incorrect-gl11-function-pointers
    no-layout-qualifiers-on-old-glsl
    nv-zero-context-profile-mask
    nv-implementation-color-read-format-dsa-broken
    nv-cubemap-inconsistent-compressed-image-size
    nv-cubemap-broken-full-compressed-image-query
    nv-compressed-block-size-in-bits
[17:19:04:867190]:[Warning]:[Scene] SemanticScene.h(331)::checkFileExists : ::loadSemanticSceneDescriptor: File `data/scene_datasets/habitat-test-scenes/van-gogh-room.scn` does not exist.  Aborting load.
[17:19:04:867206]:[Warning]:[Scene] SemanticScene.cpp(123)::loadSemanticSceneDescriptor : SSD File Naming Issue! Neither SemanticAttributes-provided name : `data/scene_datasets/habitat-test-scenes/van-gogh-room.scn` nor constructed filename : `data/scene_datasets/habitat-test-scenes/info_semantic.json` exist on disk.
[17:19:04:867211]:[Error]:[Scene] SemanticScene.cpp(139)::loadSemanticSceneDescriptor : SSD Load Failure! File with SemanticAttributes-provided name `data/scene_datasets/habitat-test-scenes/van-gogh-room.scn` exists but failed to load.
[17:19:05:316656]:[Warning]:[Sim] Simulator.cpp(595)::instanceStageForSceneAttributes : The active scene does not contain semantic annotations : activeSemanticSceneID_ = 0
2026-08-11 17:19:05,707 update: 4940	fps: 496.597	
2026-08-11 17:19:05,707 Num updates: 4940	Num frames 790400
2026-08-11 17:19:05,707 Average window size: 50  distance_to_goal: 0.483  distance_to_goal_reward: -0.000  reward: 4.368  spl: 0.777  success: 0.864
2026-08-11 17:19:05,707 	Perf Stats: trainer.rollout_collect: 0.284 trainer.sample_action: 0.003 trainer.obs_insert: 0.000 trainer.step_env: 0.005 trainer.update_stats: 0.001 trainer.update_agent: 0.035
2026-08-11 17:19:08,827 update: 4950	fps: 496.629	
2026-08-11 17:19:08,827 Num updates: 4950	Num frames 792000
2026-08-11 17:19:08,827 Average window size: 50  distance_to_goal: 0.443  distance_to_goal_reward: -0.000  reward: 4.464  spl: 0.792  success: 0.892
2026-08-11 17:19:08,827 	Perf Stats: trainer.rollout_collect: 0.284 trainer.sample_action: 0.003 trainer.obs_insert: 0.000 trainer.step_env: 0.005 trainer.update_stats: 0.001 trainer.update_agent: 0.035
2026-08-11 17:19:11,935 update: 4960	fps: 496.664	
2026-08-11 17:19:11,935 Num updates: 4960	Num frames 793600
2026-08-11 17:19:11,935 Average window size: 50  distance_to_goal: 0.282  distance_to_goal_reward: -0.000  reward: 4.466  spl: 0.801  success: 0.905
2026-08-11 17:19:11,935 	Perf Stats: trainer.rollout_collect: 0.284 trainer.sample_action: 0.003 trainer.obs_insert: 0.000 trainer.step_env: 0.005 trainer.update_stats: 0.001 trainer.update_agent: 0.035
2026-08-11 17:19:15,028 update: 4970	fps: 496.704	
2026-08-11 17:19:15,028 Num updates: 4970	Num frames 795200
2026-08-11 17:19:15,028 Average window size: 50  distance_to_goal: 0.294  distance_to_goal_reward: 0.000  reward: 4.329  spl: 0.819  success: 0.930
2026-08-11 17:19:15,029 	Perf Stats: trainer.rollout_collect: 0.284 trainer.sample_action: 0.003 trainer.obs_insert: 0.000 trainer.step_env: 0.005 trainer.update_stats: 0.001 trainer.update_agent: 0.035
2026-08-11 17:19:18,109 update: 4980	fps: 496.747	
2026-08-11 17:19:18,109 Num updates: 4980	Num frames 796800
2026-08-11 17:19:18,109 Average window size: 50  distance_to_goal: 0.289  distance_to_goal_reward: 0.000  reward: 4.260  spl: 0.815  success: 0.933
2026-08-11 17:19:18,109 	Perf Stats: trainer.rollout_collect: 0.284 trainer.sample_action: 0.003 trainer.obs_insert: 0.000 trainer.step_env: 0.005 trainer.update_stats: 0.001 trainer.update_agent: 0.035
PluginManager::Manager: duplicate static plugin StbImageImporter, ignoring
PluginManager::Manager: duplicate static plugin GltfImporter, ignoring
PluginManager::Manager: duplicate static plugin BasisImporter, ignoring
PluginManager::Manager: duplicate static plugin AssimpImporter, ignoring
PluginManager::Manager: duplicate static plugin AnySceneImporter, ignoring
PluginManager::Manager: duplicate static plugin AnyImageImporter, ignoring
Renderer: NVIDIA GeForce RTX 4070/PCIe/SSE2 by NVIDIA Corporation
OpenGL version: 4.6.0 NVIDIA 580.173.02
Using optional features:
    GL_ARB_vertex_array_object
    GL_ARB_separate_shader_objects
    GL_ARB_robustness
    GL_ARB_texture_storage
    GL_ARB_texture_view
    GL_ARB_framebuffer_no_attachments
    GL_ARB_invalidate_subdata
    GL_ARB_texture_storage_multisample
    GL_ARB_multi_bind
    GL_ARB_direct_state_access
    GL_ARB_get_texture_sub_image
    GL_ARB_texture_filter_anisotropic
    GL_KHR_debug
    GL_KHR_parallel_shader_compile
    GL_NV_depth_buffer_float
Using driver workarounds:
    no-forward-compatible-core-context
    nv-egl-incorrect-gl11-function-pointers
    no-layout-qualifiers-on-old-glsl
    nv-zero-context-profile-mask
    nv-implementation-color-read-format-dsa-broken
    nv-cubemap-inconsistent-compressed-image-size
    nv-cubemap-broken-full-compressed-image-query
    nv-compressed-block-size-in-bits
[17:19:20:984881]:[Warning]:[Scene] SemanticScene.h(331)::checkFileExists : ::loadSemanticSceneDescriptor: File `data/scene_datasets/habitat-test-scenes/van-gogh-room.scn` does not exist.  Aborting load.
[17:19:20:984897]:[Warning]:[Scene] SemanticScene.cpp(123)::loadSemanticSceneDescriptor : SSD File Naming Issue! Neither SemanticAttributes-provided name : `data/scene_datasets/habitat-test-scenes/van-gogh-room.scn` nor constructed filename : `data/scene_datasets/habitat-test-scenes/info_semantic.json` exist on disk.
[17:19:20:984902]:[Error]:[Scene] SemanticScene.cpp(139)::loadSemanticSceneDescriptor : SSD Load Failure! File with SemanticAttributes-provided name `data/scene_datasets/habitat-test-scenes/van-gogh-room.scn` exists but failed to load.
[17:19:21:424925]:[Warning]:[Sim] Simulator.cpp(595)::instanceStageForSceneAttributes : The active scene does not contain semantic annotations : activeSemanticSceneID_ = 0
2026-08-11 17:19:21,656 update: 4990	fps: 496.647	
2026-08-11 17:19:21,656 Num updates: 4990	Num frames 798400
2026-08-11 17:19:21,656 Average window size: 50  distance_to_goal: 0.259  distance_to_goal_reward: 0.000  reward: 4.292  spl: 0.806  success: 0.922
2026-08-11 17:19:21,656 	Perf Stats: trainer.rollout_collect: 0.284 trainer.sample_action: 0.003 trainer.obs_insert: 0.000 trainer.step_env: 0.005 trainer.update_stats: 0.001 trainer.update_agent: 0.035
2026-08-11 17:19:24,819 update: 5000	fps: 496.665	
2026-08-11 17:19:24,819 Num updates: 5000	Num frames 800000
2026-08-11 17:19:24,819 Average window size: 50  distance_to_goal: 0.259  distance_to_goal_reward: 0.000  reward: 4.211  spl: 0.794  success: 0.897
2026-08-11 17:19:24,819 	Perf Stats: trainer.rollout_collect: 0.284 trainer.sample_action: 0.003 trainer.obs_insert: 0.000 trainer.step_env: 0.005 trainer.update_stats: 0.001 trainer.update_agent: 0.035
2026-08-11 17:19:27,955 update: 5010	fps: 496.691	
2026-08-11 17:19:27,955 Num updates: 5010	Num frames 801600
2026-08-11 17:19:27,955 Average window size: 50  distance_to_goal: 0.251  distance_to_goal_reward: 0.000  reward: 4.214  spl: 0.788  success: 0.885
2026-08-11 17:19:27,955 	Perf Stats: trainer.rollout_collect: 0.284 trainer.sample_action: 0.003 trainer.obs_insert: 0.000 trainer.step_env: 0.005 trainer.update_stats: 0.001 trainer.update_agent: 0.035
2026-08-11 17:19:31,023 update: 5020	fps: 496.738	
2026-08-11 17:19:31,023 Num updates: 5020	Num frames 803200
2026-08-11 17:19:31,023 Average window size: 50  distance_to_goal: 0.203  distance_to_goal_reward: 0.000  reward: 4.173  spl: 0.791  success: 0.879
2026-08-11 17:19:31,023 	Perf Stats: trainer.rollout_collect: 0.284 trainer.sample_action: 0.003 trainer.obs_insert: 0.000 trainer.step_env: 0.005 trainer.update_stats: 0.001 trainer.update_agent: 0.035
2026-08-11 17:19:34,099 update: 5030	fps: 496.783	
2026-08-11 17:19:34,099 Num updates: 5030	Num frames 804800
2026-08-11 17:19:34,099 Average window size: 50  distance_to_goal: 0.169  distance_to_goal_reward: 0.000  reward: 4.133  spl: 0.799  success: 0.882
2026-08-11 17:19:34,099 	Perf Stats: trainer.rollout_collect: 0.284 trainer.sample_action: 0.003 trainer.obs_insert: 0.000 trainer.step_env: 0.005 trainer.update_stats: 0.001 trainer.update_agent: 0.035
2026-08-11 17:19:37,180 update: 5040	fps: 496.825	
2026-08-11 17:19:37,180 Num updates: 5040	Num frames 806400
2026-08-11 17:19:37,180 Average window size: 50  distance_to_goal: 0.133  distance_to_goal_reward: 0.000  reward: 4.099  spl: 0.812  success: 0.891
2026-08-11 17:19:37,180 	Perf Stats: trainer.rollout_collect: 0.284 trainer.sample_action: 0.003 trainer.obs_insert: 0.000 trainer.step_env: 0.005 trainer.update_stats: 0.001 trainer.update_agent: 0.035
2026-08-11 17:19:40,273 update: 5050	fps: 496.864	
2026-08-11 17:19:40,274 Num updates: 5050	Num frames 808000
2026-08-11 17:19:40,274 Average window size: 50  distance_to_goal: 0.127  distance_to_goal_reward: 0.000  reward: 4.013  spl: 0.819  success: 0.895
2026-08-11 17:19:40,274 	Perf Stats: trainer.rollout_collect: 0.284 trainer.sample_action: 0.003 trainer.obs_insert: 0.000 trainer.step_env: 0.005 trainer.update_stats: 0.001 trainer.update_agent: 0.035
PluginManager::Manager: duplicate static plugin StbImageImporter, ignoring
PluginManager::Manager: duplicate static plugin GltfImporter, ignoring
PluginManager::Manager: duplicate static plugin BasisImporter, ignoring
PluginManager::Manager: duplicate static plugin AssimpImporter, ignoring
PluginManager::Manager: duplicate static plugin AnySceneImporter, ignoring
PluginManager::Manager: duplicate static plugin AnyImageImporter, ignoring
Renderer: NVIDIA GeForce RTX 4070/PCIe/SSE2 by NVIDIA Corporation
OpenGL version: 4.6.0 NVIDIA 580.173.02
Using optional features:
    GL_ARB_vertex_array_object
    GL_ARB_separate_shader_objects
    GL_ARB_robustness
    GL_ARB_texture_storage
    GL_ARB_texture_view
    GL_ARB_framebuffer_no_attachments
    GL_ARB_invalidate_subdata
    GL_ARB_texture_storage_multisample
    GL_ARB_multi_bind
    GL_ARB_direct_state_access
    GL_ARB_get_texture_sub_image
    GL_ARB_texture_filter_anisotropic
    GL_KHR_debug
    GL_KHR_parallel_shader_compile
    GL_NV_depth_buffer_float
Using driver workarounds:
    no-forward-compatible-core-context
    nv-egl-incorrect-gl11-function-pointers
    no-layout-qualifiers-on-old-glsl
    nv-zero-context-profile-mask
    nv-implementation-color-read-format-dsa-broken
    nv-cubemap-inconsistent-compressed-image-size
    nv-cubemap-broken-full-compressed-image-query
    nv-compressed-block-size-in-bits
[17:19:41:546866]:[Warning]:[Scene] SemanticScene.h(331)::checkFileExists : ::loadSemanticSceneDescriptor: File `data/scene_datasets/habitat-test-scenes/skokloster-castle.scn` does not exist.  Aborting load.
[17:19:41:546884]:[Warning]:[Scene] SemanticScene.cpp(123)::loadSemanticSceneDescriptor : SSD File Naming Issue! Neither SemanticAttributes-provided name : `data/scene_datasets/habitat-test-scenes/skokloster-castle.scn` nor constructed filename : `data/scene_datasets/habitat-test-scenes/info_semantic.json` exist on disk.
[17:19:41:546893]:[Error]:[Scene] SemanticScene.cpp(139)::loadSemanticSceneDescriptor : SSD Load Failure! File with SemanticAttributes-provided name `data/scene_datasets/habitat-test-scenes/skokloster-castle.scn` exists but failed to load.
[17:19:42:153089]:[Warning]:[Sim] Simulator.cpp(595)::instanceStageForSceneAttributes : The active scene does not contain semantic annotations : activeSemanticSceneID_ = 0
2026-08-11 17:19:43,991 update: 5060	fps: 496.713	
2026-08-11 17:19:43,991 Num updates: 5060	Num frames 809600
2026-08-11 17:19:43,991 Average window size: 50  distance_to_goal: 0.127  distance_to_goal_reward: 0.001  reward: 4.015  spl: 0.831  success: 0.911
2026-08-11 17:19:43,991 	Perf Stats: trainer.rollout_collect: 0.284 trainer.sample_action: 0.003 trainer.obs_insert: 0.000 trainer.step_env: 0.005 trainer.update_stats: 0.001 trainer.update_agent: 0.035
PluginManager::Manager: duplicate static plugin StbImageImporter, ignoring
PluginManager::Manager: duplicate static plugin GltfImporter, ignoring
PluginManager::Manager: duplicate static plugin BasisImporter, ignoring
PluginManager::Manager: duplicate static plugin AssimpImporter, ignoring
PluginManager::Manager: duplicate static plugin AnySceneImporter, ignoring
PluginManager::Manager: duplicate static plugin AnyImageImporter, ignoring
Renderer: NVIDIA GeForce RTX 4070/PCIe/SSE2 by NVIDIA Corporation
OpenGL version: 4.6.0 NVIDIA 580.173.02
Using optional features:
    GL_ARB_vertex_array_object
    GL_ARB_separate_shader_objects
    GL_ARB_robustness
    GL_ARB_texture_storage
    GL_ARB_texture_view
    GL_ARB_framebuffer_no_attachments
    GL_ARB_invalidate_subdata
    GL_ARB_texture_storage_multisample
    GL_ARB_multi_bind
    GL_ARB_direct_state_access
    GL_ARB_get_texture_sub_image
    GL_ARB_texture_filter_anisotropic
    GL_KHR_debug
    GL_KHR_parallel_shader_compile
    GL_NV_depth_buffer_float
Using driver workarounds:
    no-forward-compatible-core-context
    nv-egl-incorrect-gl11-function-pointers
    no-layout-qualifiers-on-old-glsl
    nv-zero-context-profile-mask
    nv-implementation-color-read-format-dsa-broken
    nv-cubemap-inconsistent-compressed-image-size
    nv-cubemap-broken-full-compressed-image-query
    nv-compressed-block-size-in-bits
[17:19:45:579140]:[Warning]:[Scene] SemanticScene.h(331)::checkFileExists : ::loadSemanticSceneDescriptor: File `data/scene_datasets/habitat-test-scenes/van-gogh-room.scn` does not exist.  Aborting load.
[17:19:45:579158]:[Warning]:[Scene] SemanticScene.cpp(123)::loadSemanticSceneDescriptor : SSD File Naming Issue! Neither SemanticAttributes-provided name : `data/scene_datasets/habitat-test-scenes/van-gogh-room.scn` nor constructed filename : `data/scene_datasets/habitat-test-scenes/info_semantic.json` exist on disk.
[17:19:45:579167]:[Error]:[Scene] SemanticScene.cpp(139)::loadSemanticSceneDescriptor : SSD Load Failure! File with SemanticAttributes-provided name `data/scene_datasets/habitat-test-scenes/van-gogh-room.scn` exists but failed to load.
[17:19:46:009020]:[Warning]:[Sim] Simulator.cpp(595)::instanceStageForSceneAttributes : The active scene does not contain semantic annotations : activeSemanticSceneID_ = 0
2026-08-11 17:19:47,518 update: 5070	fps: 496.619	
2026-08-11 17:19:47,518 Num updates: 5070	Num frames 811200
2026-08-11 17:19:47,518 Average window size: 50  distance_to_goal: 0.165  distance_to_goal_reward: 0.001  reward: 4.042  spl: 0.843  success: 0.928
2026-08-11 17:19:47,518 	Perf Stats: trainer.rollout_collect: 0.284 trainer.sample_action: 0.003 trainer.obs_insert: 0.000 trainer.step_env: 0.005 trainer.update_stats: 0.001 trainer.update_agent: 0.035
2026-08-11 17:19:50,552 update: 5080	fps: 496.676	
2026-08-11 17:19:50,552 Num updates: 5080	Num frames 812800
2026-08-11 17:19:50,552 Average window size: 50  distance_to_goal: 0.162  distance_to_goal_reward: 0.001  reward: 4.062  spl: 0.837  success: 0.926
2026-08-11 17:19:50,552 	Perf Stats: trainer.rollout_collect: 0.284 trainer.sample_action: 0.003 trainer.obs_insert: 0.000 trainer.step_env: 0.005 trainer.update_stats: 0.001 trainer.update_agent: 0.035
PluginManager::Manager: duplicate static plugin StbImageImporter, ignoring
PluginManager::Manager: duplicate static plugin GltfImporter, ignoring
PluginManager::Manager: duplicate static plugin BasisImporter, ignoring
PluginManager::Manager: duplicate static plugin AssimpImporter, ignoring
PluginManager::Manager: duplicate static plugin AnySceneImporter, ignoring
PluginManager::Manager: duplicate static plugin AnyImageImporter, ignoring
Renderer: NVIDIA GeForce RTX 4070/PCIe/SSE2 by NVIDIA Corporation
OpenGL version: 4.6.0 NVIDIA 580.173.02
Using optional features:
    GL_ARB_vertex_array_object
    GL_ARB_separate_shader_objects
    GL_ARB_robustness
    GL_ARB_texture_storage
    GL_ARB_texture_view
    GL_ARB_framebuffer_no_attachments
    GL_ARB_invalidate_subdata
    GL_ARB_texture_storage_multisample
    GL_ARB_multi_bind
    GL_ARB_direct_state_access
    GL_ARB_get_texture_sub_image
    GL_ARB_texture_filter_anisotropic
    GL_KHR_debug
    GL_KHR_parallel_shader_compile
    GL_NV_depth_buffer_float
Using driver workarounds:
    no-forward-compatible-core-context
    nv-egl-incorrect-gl11-function-pointers
    no-layout-qualifiers-on-old-glsl
    nv-zero-context-profile-mask
    nv-implementation-color-read-format-dsa-broken
    nv-cubemap-inconsistent-compressed-image-size
    nv-cubemap-broken-full-compressed-image-query
    nv-compressed-block-size-in-bits
[17:19:52:707189]:[Warning]:[Scene] SemanticScene.h(331)::checkFileExists : ::loadSemanticSceneDescriptor: File `data/scene_datasets/habitat-test-scenes/skokloster-castle.scn` does not exist.  Aborting load.
[17:19:52:707205]:[Warning]:[Scene] SemanticScene.cpp(123)::loadSemanticSceneDescriptor : SSD File Naming Issue! Neither SemanticAttributes-provided name : `data/scene_datasets/habitat-test-scenes/skokloster-castle.scn` nor constructed filename : `data/scene_datasets/habitat-test-scenes/info_semantic.json` exist on disk.
[17:19:52:707210]:[Error]:[Scene] SemanticScene.cpp(139)::loadSemanticSceneDescriptor : SSD Load Failure! File with SemanticAttributes-provided name `data/scene_datasets/habitat-test-scenes/skokloster-castle.scn` exists but failed to load.
[17:19:53:331457]:[Warning]:[Sim] Simulator.cpp(595)::instanceStageForSceneAttributes : The active scene does not contain semantic annotations : activeSemanticSceneID_ = 0
2026-08-11 17:19:54,241 update: 5090	fps: 496.535	
2026-08-11 17:19:54,241 Num updates: 5090	Num frames 814400
2026-08-11 17:19:54,241 Average window size: 50  distance_to_goal: 0.155  distance_to_goal_reward: 0.001  reward: 4.117  spl: 0.840  success: 0.933
2026-08-11 17:19:54,241 	Perf Stats: trainer.rollout_collect: 0.284 trainer.sample_action: 0.003 trainer.obs_insert: 0.000 trainer.step_env: 0.005 trainer.update_stats: 0.001 trainer.update_agent: 0.035
2026-08-11 17:19:57,454 update: 5100	fps: 496.538	
2026-08-11 17:19:57,455 Num updates: 5100	Num frames 816000
2026-08-11 17:19:57,455 Average window size: 50  distance_to_goal: 0.159  distance_to_goal_reward: 0.001  reward: 4.379  spl: 0.829  success: 0.926
2026-08-11 17:19:57,455 	Perf Stats: trainer.rollout_collect: 0.284 trainer.sample_action: 0.003 trainer.obs_insert: 0.000 trainer.step_env: 0.005 trainer.update_stats: 0.001 trainer.update_agent: 0.035
2026-08-11 17:20:00,556 update: 5110	fps: 496.574	
2026-08-11 17:20:00,556 Num updates: 5110	Num frames 817600
2026-08-11 17:20:00,556 Average window size: 50  distance_to_goal: 0.157  distance_to_goal_reward: 0.000  reward: 4.522  spl: 0.840  success: 0.941
2026-08-11 17:20:00,556 	Perf Stats: trainer.rollout_collect: 0.284 trainer.sample_action: 0.003 trainer.obs_insert: 0.000 trainer.step_env: 0.005 trainer.update_stats: 0.001 trainer.update_agent: 0.035
2026-08-11 17:20:03,652 update: 5120	fps: 496.612	
2026-08-11 17:20:03,660 Num updates: 5120	Num frames 819200
2026-08-11 17:20:03,660 Average window size: 50  distance_to_goal: 0.112  distance_to_goal_reward: 0.000  reward: 4.692  spl: 0.833  success: 0.931
2026-08-11 17:20:03,660 	Perf Stats: trainer.rollout_collect: 0.284 trainer.sample_action: 0.003 trainer.obs_insert: 0.000 trainer.step_env: 0.005 trainer.update_stats: 0.001 trainer.update_agent: 0.035
2026-08-11 17:20:06,751 update: 5130	fps: 496.649	
2026-08-11 17:20:06,751 Num updates: 5130	Num frames 820800
2026-08-11 17:20:06,751 Average window size: 50  distance_to_goal: 0.133  distance_to_goal_reward: 0.000  reward: 4.867  spl: 0.847  success: 0.943
2026-08-11 17:20:06,751 	Perf Stats: trainer.rollout_collect: 0.284 trainer.sample_action: 0.003 trainer.obs_insert: 0.000 trainer.step_env: 0.005 trainer.update_stats: 0.001 trainer.update_agent: 0.035
2026-08-11 17:20:09,867 update: 5140	fps: 496.680	
2026-08-11 17:20:09,867 Num updates: 5140	Num frames 822400
2026-08-11 17:20:09,867 Average window size: 50  distance_to_goal: 0.130  distance_to_goal_reward: 0.000  reward: 4.855  spl: 0.846  success: 0.941
2026-08-11 17:20:09,867 	Perf Stats: trainer.rollout_collect: 0.284 trainer.sample_action: 0.003 trainer.obs_insert: 0.000 trainer.step_env: 0.005 trainer.update_stats: 0.001 trainer.update_agent: 0.035
2026-08-11 17:20:12,964 update: 5150	fps: 496.718	
2026-08-11 17:20:12,964 Num updates: 5150	Num frames 824000
2026-08-11 17:20:12,964 Average window size: 50  distance_to_goal: 0.167  distance_to_goal_reward: 0.000  reward: 4.744  spl: 0.848  success: 0.945
2026-08-11 17:20:12,964 	Perf Stats: trainer.rollout_collect: 0.284 trainer.sample_action: 0.003 trainer.obs_insert: 0.000 trainer.step_env: 0.005 trainer.update_stats: 0.001 trainer.update_agent: 0.035
2026-08-11 17:20:16,074 update: 5160	fps: 496.751	
2026-08-11 17:20:16,074 Num updates: 5160	Num frames 825600
2026-08-11 17:20:16,075 Average window size: 50  distance_to_goal: 0.194  distance_to_goal_reward: 0.000  reward: 4.670  spl: 0.833  success: 0.931
2026-08-11 17:20:16,075 	Perf Stats: trainer.rollout_collect: 0.284 trainer.sample_action: 0.003 trainer.obs_insert: 0.000 trainer.step_env: 0.005 trainer.update_stats: 0.001 trainer.update_agent: 0.035
2026-08-11 17:20:19,166 update: 5170	fps: 496.789	
2026-08-11 17:20:19,166 Num updates: 5170	Num frames 827200
2026-08-11 17:20:19,166 Average window size: 50  distance_to_goal: 0.202  distance_to_goal_reward: 0.000  reward: 4.619  spl: 0.826  success: 0.925
2026-08-11 17:20:19,166 	Perf Stats: trainer.rollout_collect: 0.284 trainer.sample_action: 0.003 trainer.obs_insert: 0.000 trainer.step_env: 0.005 trainer.update_stats: 0.001 trainer.update_agent: 0.035
2026-08-11 17:20:22,252 update: 5180	fps: 496.829	
2026-08-11 17:20:22,253 Num updates: 5180	Num frames 828800
2026-08-11 17:20:22,253 Average window size: 50  distance_to_goal: 0.186  distance_to_goal_reward: 0.000  reward: 4.544  spl: 0.812  success: 0.915
2026-08-11 17:20:22,253 	Perf Stats: trainer.rollout_collect: 0.284 trainer.sample_action: 0.003 trainer.obs_insert: 0.000 trainer.step_env: 0.005 trainer.update_stats: 0.001 trainer.update_agent: 0.035
2026-08-11 17:20:25,354 update: 5190	fps: 496.865	
2026-08-11 17:20:25,354 Num updates: 5190	Num frames 830400
2026-08-11 17:20:25,355 Average window size: 50  distance_to_goal: 0.254  distance_to_goal_reward: 0.000  reward: 4.412  spl: 0.807  success: 0.915
2026-08-11 17:20:25,355 	Perf Stats: trainer.rollout_collect: 0.284 trainer.sample_action: 0.003 trainer.obs_insert: 0.000 trainer.step_env: 0.005 trainer.update_stats: 0.001 trainer.update_agent: 0.035
2026-08-11 17:20:28,553 update: 5200	fps: 496.871	
2026-08-11 17:20:28,553 Num updates: 5200	Num frames 832000
2026-08-11 17:20:28,553 Average window size: 50  distance_to_goal: 0.218  distance_to_goal_reward: 0.000  reward: 4.590  spl: 0.810  success: 0.920
2026-08-11 17:20:28,553 	Perf Stats: trainer.rollout_collect: 0.284 trainer.sample_action: 0.003 trainer.obs_insert: 0.000 trainer.step_env: 0.005 trainer.update_stats: 0.001 trainer.update_agent: 0.035
2026-08-11 17:20:31,655 update: 5210	fps: 496.906	
2026-08-11 17:20:31,655 Num updates: 5210	Num frames 833600
2026-08-11 17:20:31,655 Average window size: 50  distance_to_goal: 0.215  distance_to_goal_reward: 0.000  reward: 4.714  spl: 0.804  success: 0.911
2026-08-11 17:20:31,655 	Perf Stats: trainer.rollout_collect: 0.284 trainer.sample_action: 0.003 trainer.obs_insert: 0.000 trainer.step_env: 0.005 trainer.update_stats: 0.001 trainer.update_agent: 0.035
2026-08-11 17:20:34,766 update: 5220	fps: 496.938	
2026-08-11 17:20:34,766 Num updates: 5220	Num frames 835200
2026-08-11 17:20:34,766 Average window size: 50  distance_to_goal: 0.208  distance_to_goal_reward: 0.000  reward: 4.905  spl: 0.824  success: 0.937
2026-08-11 17:20:34,766 	Perf Stats: trainer.rollout_collect: 0.284 trainer.sample_action: 0.003 trainer.obs_insert: 0.000 trainer.step_env: 0.005 trainer.update_stats: 0.001 trainer.update_agent: 0.035
2026-08-11 17:20:37,877 update: 5230	fps: 496.970	
2026-08-11 17:20:37,877 Num updates: 5230	Num frames 836800
2026-08-11 17:20:37,877 Average window size: 50  distance_to_goal: 0.201  distance_to_goal_reward: 0.000  reward: 4.974  spl: 0.839  success: 0.957
2026-08-11 17:20:37,877 	Perf Stats: trainer.rollout_collect: 0.284 trainer.sample_action: 0.003 trainer.obs_insert: 0.000 trainer.step_env: 0.005 trainer.update_stats: 0.001 trainer.update_agent: 0.035
2026-08-11 17:20:40,969 update: 5240	fps: 497.008	
2026-08-11 17:20:40,969 Num updates: 5240	Num frames 838400
2026-08-11 17:20:40,969 Average window size: 50  distance_to_goal: 0.178  distance_to_goal_reward: 0.000  reward: 4.927  spl: 0.833  success: 0.946
2026-08-11 17:20:40,970 	Perf Stats: trainer.rollout_collect: 0.284 trainer.sample_action: 0.003 trainer.obs_insert: 0.000 trainer.step_env: 0.005 trainer.update_stats: 0.001 trainer.update_agent: 0.035
2026-08-11 17:20:44,063 update: 5250	fps: 497.045	
2026-08-11 17:20:44,064 Num updates: 5250	Num frames 840000
2026-08-11 17:20:44,064 Average window size: 50  distance_to_goal: 0.220  distance_to_goal_reward: 0.000  reward: 4.827  spl: 0.831  success: 0.941
2026-08-11 17:20:44,064 	Perf Stats: trainer.rollout_collect: 0.284 trainer.sample_action: 0.003 trainer.obs_insert: 0.000 trainer.step_env: 0.005 trainer.update_stats: 0.001 trainer.update_agent: 0.035
2026-08-11 17:20:47,118 update: 5260	fps: 497.093	
2026-08-11 17:20:47,118 Num updates: 5260	Num frames 841600
2026-08-11 17:20:47,118 Average window size: 50  distance_to_goal: 0.223  distance_to_goal_reward: 0.000  reward: 4.563  spl: 0.843  success: 0.959
2026-08-11 17:20:47,118 	Perf Stats: trainer.rollout_collect: 0.284 trainer.sample_action: 0.003 trainer.obs_insert: 0.000 trainer.step_env: 0.005 trainer.update_stats: 0.001 trainer.update_agent: 0.035
2026-08-11 17:20:50,212 update: 5270	fps: 497.129	
2026-08-11 17:20:50,212 Num updates: 5270	Num frames 843200
2026-08-11 17:20:50,212 Average window size: 50  distance_to_goal: 0.339  distance_to_goal_reward: 0.000  reward: 4.211  spl: 0.828  success: 0.938
2026-08-11 17:20:50,212 	Perf Stats: trainer.rollout_collect: 0.284 trainer.sample_action: 0.003 trainer.obs_insert: 0.000 trainer.step_env: 0.005 trainer.update_stats: 0.001 trainer.update_agent: 0.035
PluginManager::Manager: duplicate static plugin StbImageImporter, ignoring
PluginManager::Manager: duplicate static plugin GltfImporter, ignoring
PluginManager::Manager: duplicate static plugin BasisImporter, ignoring
PluginManager::Manager: duplicate static plugin AssimpImporter, ignoring
PluginManager::Manager: duplicate static plugin AnySceneImporter, ignoring
PluginManager::Manager: duplicate static plugin AnyImageImporter, ignoring
Renderer: NVIDIA GeForce RTX 4070/PCIe/SSE2 by NVIDIA Corporation
OpenGL version: 4.6.0 NVIDIA 580.173.02
Using optional features:
    GL_ARB_vertex_array_object
    GL_ARB_separate_shader_objects
    GL_ARB_robustness
    GL_ARB_texture_storage
    GL_ARB_texture_view
    GL_ARB_framebuffer_no_attachments
    GL_ARB_invalidate_subdata
    GL_ARB_texture_storage_multisample
    GL_ARB_multi_bind
    GL_ARB_direct_state_access
    GL_ARB_get_texture_sub_image
    GL_ARB_texture_filter_anisotropic
    GL_KHR_debug
    GL_KHR_parallel_shader_compile
    GL_NV_depth_buffer_float
Using driver workarounds:
    no-forward-compatible-core-context
    nv-egl-incorrect-gl11-function-pointers
    no-layout-qualifiers-on-old-glsl
    nv-zero-context-profile-mask
    nv-implementation-color-read-format-dsa-broken
    nv-cubemap-inconsistent-compressed-image-size
    nv-cubemap-broken-full-compressed-image-query
    nv-compressed-block-size-in-bits
[17:20:51:265336]:[Warning]:[Scene] SemanticScene.h(331)::checkFileExists : ::loadSemanticSceneDescriptor: File `data/scene_datasets/habitat-test-scenes/skokloster-castle.scn` does not exist.  Aborting load.
[17:20:51:265353]:[Warning]:[Scene] SemanticScene.cpp(123)::loadSemanticSceneDescriptor : SSD File Naming Issue! Neither SemanticAttributes-provided name : `data/scene_datasets/habitat-test-scenes/skokloster-castle.scn` nor constructed filename : `data/scene_datasets/habitat-test-scenes/info_semantic.json` exist on disk.
[17:20:51:265358]:[Error]:[Scene] SemanticScene.cpp(139)::loadSemanticSceneDescriptor : SSD Load Failure! File with SemanticAttributes-provided name `data/scene_datasets/habitat-test-scenes/skokloster-castle.scn` exists but failed to load.
[17:20:51:885779]:[Warning]:[Sim] Simulator.cpp(595)::instanceStageForSceneAttributes : The active scene does not contain semantic annotations : activeSemanticSceneID_ = 0
2026-08-11 17:20:53,984 update: 5280	fps: 496.967	
2026-08-11 17:20:53,985 Num updates: 5280	Num frames 844800
2026-08-11 17:20:53,985 Average window size: 50  distance_to_goal: 0.341  distance_to_goal_reward: 0.000  reward: 4.446  spl: 0.827  success: 0.927
2026-08-11 17:20:53,985 	Perf Stats: trainer.rollout_collect: 0.284 trainer.sample_action: 0.003 trainer.obs_insert: 0.000 trainer.step_env: 0.005 trainer.update_stats: 0.001 trainer.update_agent: 0.035
2026-08-11 17:20:57,155 update: 5290	fps: 496.982	
2026-08-11 17:20:57,156 Num updates: 5290	Num frames 846400
2026-08-11 17:20:57,156 Average window size: 50  distance_to_goal: 0.300  distance_to_goal_reward: 0.000  reward: 4.835  spl: 0.820  success: 0.922
2026-08-11 17:20:57,156 	Perf Stats: trainer.rollout_collect: 0.284 trainer.sample_action: 0.003 trainer.obs_insert: 0.000 trainer.step_env: 0.005 trainer.update_stats: 0.001 trainer.update_agent: 0.035
2026-08-11 17:21:00,415 update: 5300	fps: 496.970	
2026-08-11 17:21:00,415 Num updates: 5300	Num frames 848000
2026-08-11 17:21:00,415 Average window size: 50  distance_to_goal: 0.233  distance_to_goal_reward: 0.000  reward: 5.154  spl: 0.825  success: 0.931
2026-08-11 17:21:00,415 	Perf Stats: trainer.rollout_collect: 0.284 trainer.sample_action: 0.003 trainer.obs_insert: 0.000 trainer.step_env: 0.005 trainer.update_stats: 0.001 trainer.update_agent: 0.035
2026-08-11 17:21:03,566 update: 5310	fps: 496.990	
2026-08-11 17:21:03,566 Num updates: 5310	Num frames 849600
2026-08-11 17:21:03,566 Average window size: 50  distance_to_goal: 0.235  distance_to_goal_reward: 0.000  reward: 5.294  spl: 0.818  success: 0.918
2026-08-11 17:21:03,566 	Perf Stats: trainer.rollout_collect: 0.284 trainer.sample_action: 0.003 trainer.obs_insert: 0.000 trainer.step_env: 0.005 trainer.update_stats: 0.001 trainer.update_agent: 0.035
PluginManager::Manager: duplicate static plugin StbImageImporter, ignoring
PluginManager::Manager: duplicate static plugin GltfImporter, ignoring
PluginManager::Manager: duplicate static plugin BasisImporter, ignoring
PluginManager::Manager: duplicate static plugin AssimpImporter, ignoring
PluginManager::Manager: duplicate static plugin AnySceneImporter, ignoring
PluginManager::Manager: duplicate static plugin AnyImageImporter, ignoring
Renderer: NVIDIA GeForce RTX 4070/PCIe/SSE2 by NVIDIA Corporation
OpenGL version: 4.6.0 NVIDIA 580.173.02
Using optional features:
    GL_ARB_vertex_array_object
    GL_ARB_separate_shader_objects
    GL_ARB_robustness
    GL_ARB_texture_storage
    GL_ARB_texture_view
    GL_ARB_framebuffer_no_attachments
    GL_ARB_invalidate_subdata
    GL_ARB_texture_storage_multisample
    GL_ARB_multi_bind
    GL_ARB_direct_state_access
    GL_ARB_get_texture_sub_image
    GL_ARB_texture_filter_anisotropic
    GL_KHR_debug
    GL_KHR_parallel_shader_compile
    GL_NV_depth_buffer_float
Using driver workarounds:
    no-forward-compatible-core-context
    nv-egl-incorrect-gl11-function-pointers
    no-layout-qualifiers-on-old-glsl
    nv-zero-context-profile-mask
    nv-implementation-color-read-format-dsa-broken
    nv-cubemap-inconsistent-compressed-image-size
    nv-cubemap-broken-full-compressed-image-query
    nv-compressed-block-size-in-bits
[17:21:04:742722]:[Warning]:[Scene] SemanticScene.h(331)::checkFileExists : ::loadSemanticSceneDescriptor: File `data/scene_datasets/habitat-test-scenes/skokloster-castle.scn` does not exist.  Aborting load.
[17:21:04:742740]:[Warning]:[Scene] SemanticScene.cpp(123)::loadSemanticSceneDescriptor : SSD File Naming Issue! Neither SemanticAttributes-provided name : `data/scene_datasets/habitat-test-scenes/skokloster-castle.scn` nor constructed filename : `data/scene_datasets/habitat-test-scenes/info_semantic.json` exist on disk.
[17:21:04:742749]:[Error]:[Scene] SemanticScene.cpp(139)::loadSemanticSceneDescriptor : SSD Load Failure! File with SemanticAttributes-provided name `data/scene_datasets/habitat-test-scenes/skokloster-castle.scn` exists but failed to load.
[17:21:05:350619]:[Warning]:[Sim] Simulator.cpp(595)::instanceStageForSceneAttributes : The active scene does not contain semantic annotations : activeSemanticSceneID_ = 0
2026-08-11 17:21:07,349 update: 5320	fps: 496.826	
2026-08-11 17:21:07,349 Num updates: 5320	Num frames 851200
2026-08-11 17:21:07,350 Average window size: 50  distance_to_goal: 0.168  distance_to_goal_reward: -0.000  reward: 5.675  spl: 0.818  success: 0.916
2026-08-11 17:21:07,350 	Perf Stats: trainer.rollout_collect: 0.284 trainer.sample_action: 0.003 trainer.obs_insert: 0.000 trainer.step_env: 0.005 trainer.update_stats: 0.001 trainer.update_agent: 0.035
2026-08-11 17:21:10,534 update: 5330	fps: 496.836	
2026-08-11 17:21:10,535 Num updates: 5330	Num frames 852800
2026-08-11 17:21:10,535 Average window size: 50  distance_to_goal: 0.174  distance_to_goal_reward: -0.001  reward: 5.676  spl: 0.793  success: 0.895
2026-08-11 17:21:10,535 	Perf Stats: trainer.rollout_collect: 0.284 trainer.sample_action: 0.003 trainer.obs_insert: 0.000 trainer.step_env: 0.005 trainer.update_stats: 0.001 trainer.update_agent: 0.035
PluginManager::Manager: duplicate static plugin StbImageImporter, ignoring
PluginManager::Manager: duplicate static plugin GltfImporter, ignoring
PluginManager::Manager: duplicate static plugin BasisImporter, ignoring
PluginManager::Manager: duplicate static plugin AssimpImporter, ignoring
PluginManager::Manager: duplicate static plugin AnySceneImporter, ignoring
PluginManager::Manager: duplicate static plugin AnyImageImporter, ignoring
Renderer: NVIDIA GeForce RTX 4070/PCIe/SSE2 by NVIDIA Corporation
OpenGL version: 4.6.0 NVIDIA 580.173.02
Using optional features:
    GL_ARB_vertex_array_object
    GL_ARB_separate_shader_objects
    GL_ARB_robustness
    GL_ARB_texture_storage
    GL_ARB_texture_view
    GL_ARB_framebuffer_no_attachments
    GL_ARB_invalidate_subdata
    GL_ARB_texture_storage_multisample
    GL_ARB_multi_bind
    GL_ARB_direct_state_access
    GL_ARB_get_texture_sub_image
    GL_ARB_texture_filter_anisotropic
    GL_KHR_debug
    GL_KHR_parallel_shader_compile
    GL_NV_depth_buffer_float
Using driver workarounds:
    no-forward-compatible-core-context
    nv-egl-incorrect-gl11-function-pointers
    no-layout-qualifiers-on-old-glsl
    nv-zero-context-profile-mask
    nv-implementation-color-read-format-dsa-broken
    nv-cubemap-inconsistent-compressed-image-size
    nv-cubemap-broken-full-compressed-image-query
    nv-compressed-block-size-in-bits
[17:21:11:141833]:[Warning]:[Scene] SemanticScene.h(331)::checkFileExists : ::loadSemanticSceneDescriptor: File `data/scene_datasets/habitat-test-scenes/van-gogh-room.scn` does not exist.  Aborting load.
[17:21:11:141848]:[Warning]:[Scene] SemanticScene.cpp(123)::loadSemanticSceneDescriptor : SSD File Naming Issue! Neither SemanticAttributes-provided name : `data/scene_datasets/habitat-test-scenes/van-gogh-room.scn` nor constructed filename : `data/scene_datasets/habitat-test-scenes/info_semantic.json` exist on disk.
[17:21:11:141853]:[Error]:[Scene] SemanticScene.cpp(139)::loadSemanticSceneDescriptor : SSD Load Failure! File with SemanticAttributes-provided name `data/scene_datasets/habitat-test-scenes/van-gogh-room.scn` exists but failed to load.
[17:21:11:608994]:[Warning]:[Sim] Simulator.cpp(595)::instanceStageForSceneAttributes : The active scene does not contain semantic annotations : activeSemanticSceneID_ = 0
2026-08-11 17:21:14,155 update: 5340	fps: 496.721	
2026-08-11 17:21:14,155 Num updates: 5340	Num frames 854400
2026-08-11 17:21:14,155 Average window size: 50  distance_to_goal: 0.178  distance_to_goal_reward: -0.001  reward: 5.561  spl: 0.808  success: 0.908
2026-08-11 17:21:14,155 	Perf Stats: trainer.rollout_collect: 0.284 trainer.sample_action: 0.003 trainer.obs_insert: 0.000 trainer.step_env: 0.005 trainer.update_stats: 0.001 trainer.update_agent: 0.035
2026-08-11 17:21:17,296 update: 5350	fps: 496.744	
2026-08-11 17:21:17,296 Num updates: 5350	Num frames 856000
2026-08-11 17:21:17,296 Average window size: 50  distance_to_goal: 0.257  distance_to_goal_reward: -0.002  reward: 5.410  spl: 0.790  success: 0.887
2026-08-11 17:21:17,296 	Perf Stats: trainer.rollout_collect: 0.284 trainer.sample_action: 0.003 trainer.obs_insert: 0.000 trainer.step_env: 0.005 trainer.update_stats: 0.001 trainer.update_agent: 0.035
2026-08-11 17:21:20,418 update: 5360	fps: 496.772	
2026-08-11 17:21:20,418 Num updates: 5360	Num frames 857600
2026-08-11 17:21:20,418 Average window size: 50  distance_to_goal: 0.261  distance_to_goal_reward: -0.002  reward: 5.621  spl: 0.798  success: 0.899
2026-08-11 17:21:20,419 	Perf Stats: trainer.rollout_collect: 0.284 trainer.sample_action: 0.003 trainer.obs_insert: 0.000 trainer.step_env: 0.005 trainer.update_stats: 0.001 trainer.update_agent: 0.035
2026-08-11 17:21:23,528 update: 5370	fps: 496.804	
2026-08-11 17:21:23,528 Num updates: 5370	Num frames 859200
2026-08-11 17:21:23,528 Average window size: 50  distance_to_goal: 0.283  distance_to_goal_reward: -0.001  reward: 5.464  spl: 0.788  success: 0.889
2026-08-11 17:21:23,528 	Perf Stats: trainer.rollout_collect: 0.284 trainer.sample_action: 0.003 trainer.obs_insert: 0.000 trainer.step_env: 0.005 trainer.update_stats: 0.001 trainer.update_agent: 0.035
2026-08-11 17:21:26,680 update: 5380	fps: 496.826	
2026-08-11 17:21:26,680 Num updates: 5380	Num frames 860800
2026-08-11 17:21:26,680 Average window size: 50  distance_to_goal: 0.271  distance_to_goal_reward: -0.001  reward: 5.399  spl: 0.815  success: 0.922
2026-08-11 17:21:26,680 	Perf Stats: trainer.rollout_collect: 0.284 trainer.sample_action: 0.003 trainer.obs_insert: 0.000 trainer.step_env: 0.005 trainer.update_stats: 0.001 trainer.update_agent: 0.035
2026-08-11 17:21:29,802 update: 5390	fps: 496.852	
2026-08-11 17:21:29,802 Num updates: 5390	Num frames 862400
2026-08-11 17:21:29,802 Average window size: 50  distance_to_goal: 0.267  distance_to_goal_reward: -0.001  reward: 5.421  spl: 0.820  success: 0.929
2026-08-11 17:21:29,802 	Perf Stats: trainer.rollout_collect: 0.284 trainer.sample_action: 0.003 trainer.obs_insert: 0.000 trainer.step_env: 0.005 trainer.update_stats: 0.001 trainer.update_agent: 0.035
2026-08-11 17:21:33,045 update: 5400	fps: 496.846	
2026-08-11 17:21:33,045 Num updates: 5400	Num frames 864000
2026-08-11 17:21:33,045 Average window size: 50  distance_to_goal: 0.193  distance_to_goal_reward: 0.000  reward: 5.632  spl: 0.822  success: 0.929
2026-08-11 17:21:33,045 	Perf Stats: trainer.rollout_collect: 0.284 trainer.sample_action: 0.003 trainer.obs_insert: 0.000 trainer.step_env: 0.005 trainer.update_stats: 0.001 trainer.update_agent: 0.035
2026-08-11 17:21:36,158 update: 5410	fps: 496.876	
2026-08-11 17:21:36,159 Num updates: 5410	Num frames 865600
2026-08-11 17:21:36,159 Average window size: 50  distance_to_goal: 0.195  distance_to_goal_reward: 0.000  reward: 5.407  spl: 0.810  success: 0.916
2026-08-11 17:21:36,159 	Perf Stats: trainer.rollout_collect: 0.284 trainer.sample_action: 0.003 trainer.obs_insert: 0.000 trainer.step_env: 0.005 trainer.update_stats: 0.001 trainer.update_agent: 0.035
2026-08-11 17:21:39,288 update: 5420	fps: 496.902	
2026-08-11 17:21:39,288 Num updates: 5420	Num frames 867200
2026-08-11 17:21:39,288 Average window size: 50  distance_to_goal: 0.270  distance_to_goal_reward: -0.001  reward: 5.183  spl: 0.807  success: 0.915
2026-08-11 17:21:39,288 	Perf Stats: trainer.rollout_collect: 0.284 trainer.sample_action: 0.003 trainer.obs_insert: 0.000 trainer.step_env: 0.005 trainer.update_stats: 0.001 trainer.update_agent: 0.035
2026-08-11 17:21:42,437 update: 5430	fps: 496.922	
2026-08-11 17:21:42,437 Num updates: 5430	Num frames 868800
2026-08-11 17:21:42,437 Average window size: 50  distance_to_goal: 0.264  distance_to_goal_reward: -0.001  reward: 5.184  spl: 0.798  success: 0.905
2026-08-11 17:21:42,437 	Perf Stats: trainer.rollout_collect: 0.284 trainer.sample_action: 0.003 trainer.obs_insert: 0.000 trainer.step_env: 0.005 trainer.update_stats: 0.001 trainer.update_agent: 0.035
PluginManager::Manager: duplicate static plugin StbImageImporter, ignoring
PluginManager::Manager: duplicate static plugin GltfImporter, ignoring
PluginManager::Manager: duplicate static plugin BasisImporter, ignoring
PluginManager::Manager: duplicate static plugin AssimpImporter, ignoring
PluginManager::Manager: duplicate static plugin AnySceneImporter, ignoring
PluginManager::Manager: duplicate static plugin AnyImageImporter, ignoring
Renderer: NVIDIA GeForce RTX 4070/PCIe/SSE2 by NVIDIA Corporation
OpenGL version: 4.6.0 NVIDIA 580.173.02
Using optional features:
    GL_ARB_vertex_array_object
    GL_ARB_separate_shader_objects
    GL_ARB_robustness
    GL_ARB_texture_storage
    GL_ARB_texture_view
    GL_ARB_framebuffer_no_attachments
    GL_ARB_invalidate_subdata
    GL_ARB_texture_storage_multisample
    GL_ARB_multi_bind
    GL_ARB_direct_state_access
    GL_ARB_get_texture_sub_image
    GL_ARB_texture_filter_anisotropic
    GL_KHR_debug
    GL_KHR_parallel_shader_compile
    GL_NV_depth_buffer_float
Using driver workarounds:
    no-forward-compatible-core-context
    nv-egl-incorrect-gl11-function-pointers
    no-layout-qualifiers-on-old-glsl
    nv-zero-context-profile-mask
    nv-implementation-color-read-format-dsa-broken
    nv-cubemap-inconsistent-compressed-image-size
    nv-cubemap-broken-full-compressed-image-query
    nv-compressed-block-size-in-bits
[17:21:43:172197]:[Warning]:[Scene] SemanticScene.h(331)::checkFileExists : ::loadSemanticSceneDescriptor: File `data/scene_datasets/habitat-test-scenes/skokloster-castle.scn` does not exist.  Aborting load.
[17:21:43:172213]:[Warning]:[Scene] SemanticScene.cpp(123)::loadSemanticSceneDescriptor : SSD File Naming Issue! Neither SemanticAttributes-provided name : `data/scene_datasets/habitat-test-scenes/skokloster-castle.scn` nor constructed filename : `data/scene_datasets/habitat-test-scenes/info_semantic.json` exist on disk.
[17:21:43:172219]:[Error]:[Scene] SemanticScene.cpp(139)::loadSemanticSceneDescriptor : SSD Load Failure! File with SemanticAttributes-provided name `data/scene_datasets/habitat-test-scenes/skokloster-castle.scn` exists but failed to load.
[17:21:43:775221]:[Warning]:[Sim] Simulator.cpp(595)::instanceStageForSceneAttributes : The active scene does not contain semantic annotations : activeSemanticSceneID_ = 0
2026-08-11 17:21:46,193 update: 5440	fps: 496.770	
2026-08-11 17:21:46,194 Num updates: 5440	Num frames 870400
2026-08-11 17:21:46,194 Average window size: 50  distance_to_goal: 0.325  distance_to_goal_reward: -0.000  reward: 5.221  spl: 0.791  success: 0.906
2026-08-11 17:21:46,194 	Perf Stats: trainer.rollout_collect: 0.284 trainer.sample_action: 0.003 trainer.obs_insert: 0.000 trainer.step_env: 0.005 trainer.update_stats: 0.001 trainer.update_agent: 0.035
2026-08-11 17:21:49,341 update: 5450	fps: 496.791	
2026-08-11 17:21:49,341 Num updates: 5450	Num frames 872000
2026-08-11 17:21:49,341 Average window size: 50  distance_to_goal: 0.480  distance_to_goal_reward: -0.000  reward: 4.864  spl: 0.785  success: 0.902
2026-08-11 17:21:49,341 	Perf Stats: trainer.rollout_collect: 0.284 trainer.sample_action: 0.003 trainer.obs_insert: 0.000 trainer.step_env: 0.005 trainer.update_stats: 0.001 trainer.update_agent: 0.035
PluginManager::Manager: duplicate static plugin StbImageImporter, ignoring
PluginManager::Manager: duplicate static plugin GltfImporter, ignoring
PluginManager::Manager: duplicate static plugin BasisImporter, ignoring
PluginManager::Manager: duplicate static plugin AssimpImporter, ignoring
PluginManager::Manager: duplicate static plugin AnySceneImporter, ignoring
PluginManager::Manager: duplicate static plugin AnyImageImporter, ignoring
Renderer: NVIDIA GeForce RTX 4070/PCIe/SSE2 by NVIDIA Corporation
OpenGL version: 4.6.0 NVIDIA 580.173.02
Using optional features:
    GL_ARB_vertex_array_object
    GL_ARB_separate_shader_objects
    GL_ARB_robustness
    GL_ARB_texture_storage
    GL_ARB_texture_view
    GL_ARB_framebuffer_no_attachments
    GL_ARB_invalidate_subdata
    GL_ARB_texture_storage_multisample
    GL_ARB_multi_bind
    GL_ARB_direct_state_access
    GL_ARB_get_texture_sub_image
    GL_ARB_texture_filter_anisotropic
    GL_KHR_debug
    GL_KHR_parallel_shader_compile
    GL_NV_depth_buffer_float
Using driver workarounds:
    no-forward-compatible-core-context
    nv-egl-incorrect-gl11-function-pointers
    no-layout-qualifiers-on-old-glsl
    nv-zero-context-profile-mask
    nv-implementation-color-read-format-dsa-broken
    nv-cubemap-inconsistent-compressed-image-size
    nv-cubemap-broken-full-compressed-image-query
    nv-compressed-block-size-in-bits
[17:21:51:085003]:[Warning]:[Scene] SemanticScene.h(331)::checkFileExists : ::loadSemanticSceneDescriptor: File `data/scene_datasets/habitat-test-scenes/van-gogh-room.scn` does not exist.  Aborting load.
[17:21:51:085019]:[Warning]:[Scene] SemanticScene.cpp(123)::loadSemanticSceneDescriptor : SSD File Naming Issue! Neither SemanticAttributes-provided name : `data/scene_datasets/habitat-test-scenes/van-gogh-room.scn` nor constructed filename : `data/scene_datasets/habitat-test-scenes/info_semantic.json` exist on disk.
[17:21:51:085024]:[Error]:[Scene] SemanticScene.cpp(139)::loadSemanticSceneDescriptor : SSD Load Failure! File with SemanticAttributes-provided name `data/scene_datasets/habitat-test-scenes/van-gogh-room.scn` exists but failed to load.
[17:21:51:539979]:[Warning]:[Sim] Simulator.cpp(595)::instanceStageForSceneAttributes : The active scene does not contain semantic annotations : activeSemanticSceneID_ = 0
2026-08-11 17:21:52,985 update: 5460	fps: 496.671	
2026-08-11 17:21:52,985 Num updates: 5460	Num frames 873600
2026-08-11 17:21:52,985 Average window size: 50  distance_to_goal: 0.558  distance_to_goal_reward: -0.000  reward: 5.413  spl: 0.778  success: 0.891
2026-08-11 17:21:52,985 	Perf Stats: trainer.rollout_collect: 0.284 trainer.sample_action: 0.003 trainer.obs_insert: 0.000 trainer.step_env: 0.005 trainer.update_stats: 0.001 trainer.update_agent: 0.035
2026-08-11 17:21:56,196 update: 5470	fps: 496.674	
2026-08-11 17:21:56,196 Num updates: 5470	Num frames 875200
2026-08-11 17:21:56,197 Average window size: 50  distance_to_goal: 0.374  distance_to_goal_reward: 0.000  reward: 6.000  spl: 0.798  success: 0.909
2026-08-11 17:21:56,197 	Perf Stats: trainer.rollout_collect: 0.284 trainer.sample_action: 0.003 trainer.obs_insert: 0.000 trainer.step_env: 0.005 trainer.update_stats: 0.001 trainer.update_agent: 0.035
2026-08-11 17:21:59,540 update: 5480	fps: 496.639	
2026-08-11 17:21:59,540 Num updates: 5480	Num frames 876800
2026-08-11 17:21:59,540 Average window size: 50  distance_to_goal: 0.391  distance_to_goal_reward: 0.000  reward: 5.927  spl: 0.773  success: 0.876
2026-08-11 17:21:59,540 	Perf Stats: trainer.rollout_collect: 0.284 trainer.sample_action: 0.003 trainer.obs_insert: 0.000 trainer.step_env: 0.005 trainer.update_stats: 0.001 trainer.update_agent: 0.035
2026-08-11 17:22:02,708 update: 5490	fps: 496.655	
2026-08-11 17:22:02,708 Num updates: 5490	Num frames 878400
2026-08-11 17:22:02,708 Average window size: 50  distance_to_goal: 0.392  distance_to_goal_reward: 0.000  reward: 5.586  spl: 0.765  success: 0.864
2026-08-11 17:22:02,708 	Perf Stats: trainer.rollout_collect: 0.284 trainer.sample_action: 0.003 trainer.obs_insert: 0.000 trainer.step_env: 0.005 trainer.update_stats: 0.001 trainer.update_agent: 0.035
2026-08-11 17:22:05,940 update: 5500	fps: 496.651	
2026-08-11 17:22:05,941 Num updates: 5500	Num frames 880000
2026-08-11 17:22:05,941 Average window size: 50  distance_to_goal: 0.332  distance_to_goal_reward: 0.000  reward: 5.422  spl: 0.771  success: 0.871
2026-08-11 17:22:05,941 	Perf Stats: trainer.rollout_collect: 0.284 trainer.sample_action: 0.003 trainer.obs_insert: 0.000 trainer.step_env: 0.005 trainer.update_stats: 0.001 trainer.update_agent: 0.035
2026-08-11 17:22:09,117 update: 5510	fps: 496.664	
2026-08-11 17:22:09,117 Num updates: 5510	Num frames 881600
2026-08-11 17:22:09,117 Average window size: 50  distance_to_goal: 0.350  distance_to_goal_reward: 0.000  reward: 5.034  spl: 0.755  success: 0.859
2026-08-11 17:22:09,117 	Perf Stats: trainer.rollout_collect: 0.284 trainer.sample_action: 0.003 trainer.obs_insert: 0.000 trainer.step_env: 0.005 trainer.update_stats: 0.001 trainer.update_agent: 0.035
2026-08-11 17:22:12,257 update: 5520	fps: 496.687	
2026-08-11 17:22:12,257 Num updates: 5520	Num frames 883200
2026-08-11 17:22:12,257 Average window size: 50  distance_to_goal: 0.358  distance_to_goal_reward: 0.000  reward: 4.697  spl: 0.754  success: 0.854
2026-08-11 17:22:12,257 	Perf Stats: trainer.rollout_collect: 0.284 trainer.sample_action: 0.003 trainer.obs_insert: 0.000 trainer.step_env: 0.005 trainer.update_stats: 0.001 trainer.update_agent: 0.035
2026-08-11 17:22:15,383 update: 5530	fps: 496.713	
2026-08-11 17:22:15,383 Num updates: 5530	Num frames 884800
2026-08-11 17:22:15,383 Average window size: 50  distance_to_goal: 0.427  distance_to_goal_reward: 0.000  reward: 4.597  spl: 0.757  success: 0.859
2026-08-11 17:22:15,383 	Perf Stats: trainer.rollout_collect: 0.284 trainer.sample_action: 0.003 trainer.obs_insert: 0.000 trainer.step_env: 0.005 trainer.update_stats: 0.001 trainer.update_agent: 0.035
2026-08-11 17:22:18,557 update: 5540	fps: 496.727	
2026-08-11 17:22:18,557 Num updates: 5540	Num frames 886400
2026-08-11 17:22:18,557 Average window size: 50  distance_to_goal: 0.376  distance_to_goal_reward: 0.000  reward: 5.072  spl: 0.770  success: 0.876
2026-08-11 17:22:18,557 	Perf Stats: trainer.rollout_collect: 0.284 trainer.sample_action: 0.003 trainer.obs_insert: 0.000 trainer.step_env: 0.005 trainer.update_stats: 0.001 trainer.update_agent: 0.035
2026-08-11 17:22:21,709 update: 5550	fps: 496.746	
2026-08-11 17:22:21,710 Num updates: 5550	Num frames 888000
2026-08-11 17:22:21,710 Average window size: 50  distance_to_goal: 0.203  distance_to_goal_reward: 0.000  reward: 5.371  spl: 0.801  success: 0.918
2026-08-11 17:22:21,710 	Perf Stats: trainer.rollout_collect: 0.284 trainer.sample_action: 0.003 trainer.obs_insert: 0.000 trainer.step_env: 0.005 trainer.update_stats: 0.001 trainer.update_agent: 0.035
2026-08-11 17:22:24,850 update: 5560	fps: 496.768	
2026-08-11 17:22:24,851 Num updates: 5560	Num frames 889600
2026-08-11 17:22:24,851 Average window size: 50  distance_to_goal: 0.270  distance_to_goal_reward: 0.000  reward: 5.298  spl: 0.800  success: 0.910
2026-08-11 17:22:24,851 	Perf Stats: trainer.rollout_collect: 0.284 trainer.sample_action: 0.003 trainer.obs_insert: 0.000 trainer.step_env: 0.005 trainer.update_stats: 0.001 trainer.update_agent: 0.035
2026-08-11 17:22:27,993 update: 5570	fps: 496.789	
2026-08-11 17:22:27,994 Num updates: 5570	Num frames 891200
2026-08-11 17:22:27,994 Average window size: 50  distance_to_goal: 0.271  distance_to_goal_reward: 0.000  reward: 5.293  spl: 0.797  success: 0.911
2026-08-11 17:22:27,994 	Perf Stats: trainer.rollout_collect: 0.284 trainer.sample_action: 0.003 trainer.obs_insert: 0.000 trainer.step_env: 0.005 trainer.update_stats: 0.001 trainer.update_agent: 0.035
PluginManager::Manager: duplicate static plugin StbImageImporter, ignoring
PluginManager::Manager: duplicate static plugin GltfImporter, ignoring
PluginManager::Manager: duplicate static plugin BasisImporter, ignoring
PluginManager::Manager: duplicate static plugin AssimpImporter, ignoring
PluginManager::Manager: duplicate static plugin AnySceneImporter, ignoring
PluginManager::Manager: duplicate static plugin AnyImageImporter, ignoring
Renderer: NVIDIA GeForce RTX 4070/PCIe/SSE2 by NVIDIA Corporation
OpenGL version: 4.6.0 NVIDIA 580.173.02
Using optional features:
    GL_ARB_vertex_array_object
    GL_ARB_separate_shader_objects
    GL_ARB_robustness
    GL_ARB_texture_storage
    GL_ARB_texture_view
    GL_ARB_framebuffer_no_attachments
    GL_ARB_invalidate_subdata
    GL_ARB_texture_storage_multisample
    GL_ARB_multi_bind
    GL_ARB_direct_state_access
    GL_ARB_get_texture_sub_image
    GL_ARB_texture_filter_anisotropic
    GL_KHR_debug
    GL_KHR_parallel_shader_compile
    GL_NV_depth_buffer_float
Using driver workarounds:
    no-forward-compatible-core-context
    nv-egl-incorrect-gl11-function-pointers
    no-layout-qualifiers-on-old-glsl
    nv-zero-context-profile-mask
    nv-implementation-color-read-format-dsa-broken
    nv-cubemap-inconsistent-compressed-image-size
    nv-cubemap-broken-full-compressed-image-query
    nv-compressed-block-size-in-bits
[17:22:28:814157]:[Warning]:[Scene] SemanticScene.h(331)::checkFileExists : ::loadSemanticSceneDescriptor: File `data/scene_datasets/habitat-test-scenes/van-gogh-room.scn` does not exist.  Aborting load.
[17:22:28:814173]:[Warning]:[Scene] SemanticScene.cpp(123)::loadSemanticSceneDescriptor : SSD File Naming Issue! Neither SemanticAttributes-provided name : `data/scene_datasets/habitat-test-scenes/van-gogh-room.scn` nor constructed filename : `data/scene_datasets/habitat-test-scenes/info_semantic.json` exist on disk.
[17:22:28:814178]:[Error]:[Scene] SemanticScene.cpp(139)::loadSemanticSceneDescriptor : SSD Load Failure! File with SemanticAttributes-provided name `data/scene_datasets/habitat-test-scenes/van-gogh-room.scn` exists but failed to load.
[17:22:29:253873]:[Warning]:[Sim] Simulator.cpp(595)::instanceStageForSceneAttributes : The active scene does not contain semantic annotations : activeSemanticSceneID_ = 0
PluginManager::Manager: duplicate static plugin StbImageImporter, ignoring
PluginManager::Manager: duplicate static plugin GltfImporter, ignoring
PluginManager::Manager: duplicate static plugin BasisImporter, ignoring
PluginManager::Manager: duplicate static plugin AssimpImporter, ignoring
PluginManager::Manager: duplicate static plugin AnySceneImporter, ignoring
PluginManager::Manager: duplicate static plugin AnyImageImporter, ignoring
Renderer: NVIDIA GeForce RTX 4070/PCIe/SSE2 by NVIDIA Corporation
OpenGL version: 4.6.0 NVIDIA 580.173.02
Using optional features:
    GL_ARB_vertex_array_object
    GL_ARB_separate_shader_objects
    GL_ARB_robustness
    GL_ARB_texture_storage
    GL_ARB_texture_view
    GL_ARB_framebuffer_no_attachments
    GL_ARB_invalidate_subdata
    GL_ARB_texture_storage_multisample
    GL_ARB_multi_bind
    GL_ARB_direct_state_access
    GL_ARB_get_texture_sub_image
    GL_ARB_texture_filter_anisotropic
    GL_KHR_debug
    GL_KHR_parallel_shader_compile
    GL_NV_depth_buffer_float
Using driver workarounds:
    no-forward-compatible-core-context
    nv-egl-incorrect-gl11-function-pointers
    no-layout-qualifiers-on-old-glsl
    nv-zero-context-profile-mask
    nv-implementation-color-read-format-dsa-broken
    nv-cubemap-inconsistent-compressed-image-size
    nv-cubemap-broken-full-compressed-image-query
    nv-compressed-block-size-in-bits
[17:22:29:420852]:[Warning]:[Scene] SemanticScene.h(331)::checkFileExists : ::loadSemanticSceneDescriptor: File `data/scene_datasets/habitat-test-scenes/van-gogh-room.scn` does not exist.  Aborting load.
[17:22:29:420869]:[Warning]:[Scene] SemanticScene.cpp(123)::loadSemanticSceneDescriptor : SSD File Naming Issue! Neither SemanticAttributes-provided name : `data/scene_datasets/habitat-test-scenes/van-gogh-room.scn` nor constructed filename : `data/scene_datasets/habitat-test-scenes/info_semantic.json` exist on disk.
[17:22:29:420878]:[Error]:[Scene] SemanticScene.cpp(139)::loadSemanticSceneDescriptor : SSD Load Failure! File with SemanticAttributes-provided name `data/scene_datasets/habitat-test-scenes/van-gogh-room.scn` exists but failed to load.
[17:22:29:868108]:[Warning]:[Sim] Simulator.cpp(595)::instanceStageForSceneAttributes : The active scene does not contain semantic annotations : activeSemanticSceneID_ = 0
2026-08-11 17:22:32,017 update: 5580	fps: 496.567	
2026-08-11 17:22:32,017 Num updates: 5580	Num frames 892800
2026-08-11 17:22:32,017 Average window size: 50  distance_to_goal: 0.215  distance_to_goal_reward: 0.000  reward: 5.148  spl: 0.819  success: 0.936
2026-08-11 17:22:32,017 	Perf Stats: trainer.rollout_collect: 0.284 trainer.sample_action: 0.003 trainer.obs_insert: 0.000 trainer.step_env: 0.005 trainer.update_stats: 0.001 trainer.update_agent: 0.035
2026-08-11 17:22:35,091 update: 5590	fps: 496.608	
2026-08-11 17:22:35,091 Num updates: 5590	Num frames 894400
2026-08-11 17:22:35,091 Average window size: 50  distance_to_goal: 0.201  distance_to_goal_reward: 0.000  reward: 4.728  spl: 0.827  success: 0.938
2026-08-11 17:22:35,091 	Perf Stats: trainer.rollout_collect: 0.284 trainer.sample_action: 0.003 trainer.obs_insert: 0.000 trainer.step_env: 0.005 trainer.update_stats: 0.001 trainer.update_agent: 0.035
PluginManager::Manager: duplicate static plugin StbImageImporter, ignoring
PluginManager::Manager: duplicate static plugin GltfImporter, ignoring
PluginManager::Manager: duplicate static plugin BasisImporter, ignoring
PluginManager::Manager: duplicate static plugin AssimpImporter, ignoring
PluginManager::Manager: duplicate static plugin AnySceneImporter, ignoring
PluginManager::Manager: duplicate static plugin AnyImageImporter, ignoring
Renderer: NVIDIA GeForce RTX 4070/PCIe/SSE2 by NVIDIA Corporation
OpenGL version: 4.6.0 NVIDIA 580.173.02
Using optional features:
    GL_ARB_vertex_array_object
    GL_ARB_separate_shader_objects
    GL_ARB_robustness
    GL_ARB_texture_storage
    GL_ARB_texture_view
    GL_ARB_framebuffer_no_attachments
    GL_ARB_invalidate_subdata
    GL_ARB_texture_storage_multisample
    GL_ARB_multi_bind
    GL_ARB_direct_state_access
    GL_ARB_get_texture_sub_image
    GL_ARB_texture_filter_anisotropic
    GL_KHR_debug
    GL_KHR_parallel_shader_compile
    GL_NV_depth_buffer_float
Using driver workarounds:
    no-forward-compatible-core-context
    nv-egl-incorrect-gl11-function-pointers
    no-layout-qualifiers-on-old-glsl
    nv-zero-context-profile-mask
    nv-implementation-color-read-format-dsa-broken
    nv-cubemap-inconsistent-compressed-image-size
    nv-cubemap-broken-full-compressed-image-query
    nv-compressed-block-size-in-bits
[17:22:35:824361]:[Warning]:[Scene] SemanticScene.h(331)::checkFileExists : ::loadSemanticSceneDescriptor: File `data/scene_datasets/habitat-test-scenes/skokloster-castle.scn` does not exist.  Aborting load.
[17:22:35:824377]:[Warning]:[Scene] SemanticScene.cpp(123)::loadSemanticSceneDescriptor : SSD File Naming Issue! Neither SemanticAttributes-provided name : `data/scene_datasets/habitat-test-scenes/skokloster-castle.scn` nor constructed filename : `data/scene_datasets/habitat-test-scenes/info_semantic.json` exist on disk.
[17:22:35:824382]:[Error]:[Scene] SemanticScene.cpp(139)::loadSemanticSceneDescriptor : SSD Load Failure! File with SemanticAttributes-provided name `data/scene_datasets/habitat-test-scenes/skokloster-castle.scn` exists but failed to load.
[17:22:36:427191]:[Warning]:[Sim] Simulator.cpp(595)::instanceStageForSceneAttributes : The active scene does not contain semantic annotations : activeSemanticSceneID_ = 0
2026-08-11 17:22:38,920 update: 5600	fps: 496.441	
2026-08-11 17:22:38,920 Num updates: 5600	Num frames 896000
2026-08-11 17:22:38,920 Average window size: 50  distance_to_goal: 0.201  distance_to_goal_reward: 0.000  reward: 4.563  spl: 0.811  success: 0.918
2026-08-11 17:22:38,920 	Perf Stats: trainer.rollout_collect: 0.284 trainer.sample_action: 0.003 trainer.obs_insert: 0.000 trainer.step_env: 0.005 trainer.update_stats: 0.001 trainer.update_agent: 0.035
2026-08-11 17:22:42,017 update: 5610	fps: 496.476	
2026-08-11 17:22:42,018 Num updates: 5610	Num frames 897600
2026-08-11 17:22:42,018 Average window size: 50  distance_to_goal: 0.152  distance_to_goal_reward: 0.000  reward: 4.535  spl: 0.821  success: 0.931
2026-08-11 17:22:42,018 	Perf Stats: trainer.rollout_collect: 0.284 trainer.sample_action: 0.003 trainer.obs_insert: 0.000 trainer.step_env: 0.005 trainer.update_stats: 0.001 trainer.update_agent: 0.035
2026-08-11 17:22:45,143 update: 5620	fps: 496.503	
2026-08-11 17:22:45,143 Num updates: 5620	Num frames 899200
2026-08-11 17:22:45,143 Average window size: 50  distance_to_goal: 0.146  distance_to_goal_reward: 0.000  reward: 4.545  spl: 0.834  success: 0.944
2026-08-11 17:22:45,143 	Perf Stats: trainer.rollout_collect: 0.284 trainer.sample_action: 0.003 trainer.obs_insert: 0.000 trainer.step_env: 0.005 trainer.update_stats: 0.001 trainer.update_agent: 0.035
2026-08-11 17:22:48,284 update: 5630	fps: 496.525	
2026-08-11 17:22:48,284 Num updates: 5630	Num frames 900800
2026-08-11 17:22:48,284 Average window size: 50  distance_to_goal: 0.115  distance_to_goal_reward: 0.000  reward: 4.703  spl: 0.842  success: 0.954
2026-08-11 17:22:48,284 	Perf Stats: trainer.rollout_collect: 0.284 trainer.sample_action: 0.003 trainer.obs_insert: 0.000 trainer.step_env: 0.005 trainer.update_stats: 0.001 trainer.update_agent: 0.035
2026-08-11 17:22:51,397 update: 5640	fps: 496.555	
2026-08-11 17:22:51,397 Num updates: 5640	Num frames 902400
2026-08-11 17:22:51,397 Average window size: 50  distance_to_goal: 0.117  distance_to_goal_reward: 0.000  reward: 5.023  spl: 0.856  success: 0.967
2026-08-11 17:22:51,397 	Perf Stats: trainer.rollout_collect: 0.284 trainer.sample_action: 0.003 trainer.obs_insert: 0.000 trainer.step_env: 0.005 trainer.update_stats: 0.001 trainer.update_agent: 0.035
2026-08-11 17:22:54,476 update: 5650	fps: 496.594	
2026-08-11 17:22:54,476 Num updates: 5650	Num frames 904000
2026-08-11 17:22:54,476 Average window size: 50  distance_to_goal: 0.223  distance_to_goal_reward: 0.000  reward: 4.993  spl: 0.850  success: 0.965
2026-08-11 17:22:54,476 	Perf Stats: trainer.rollout_collect: 0.284 trainer.sample_action: 0.003 trainer.obs_insert: 0.000 trainer.step_env: 0.005 trainer.update_stats: 0.001 trainer.update_agent: 0.035
2026-08-11 17:22:57,575 update: 5660	fps: 496.627	
2026-08-11 17:22:57,575 Num updates: 5660	Num frames 905600
2026-08-11 17:22:57,575 Average window size: 50  distance_to_goal: 0.223  distance_to_goal_reward: 0.000  reward: 4.897  spl: 0.852  success: 0.964
2026-08-11 17:22:57,575 	Perf Stats: trainer.rollout_collect: 0.284 trainer.sample_action: 0.003 trainer.obs_insert: 0.000 trainer.step_env: 0.005 trainer.update_stats: 0.001 trainer.update_agent: 0.035
2026-08-11 17:23:00,692 update: 5670	fps: 496.655	
2026-08-11 17:23:00,693 Num updates: 5670	Num frames 907200
2026-08-11 17:23:00,693 Average window size: 50  distance_to_goal: 0.255  distance_to_goal_reward: 0.000  reward: 4.832  spl: 0.833  success: 0.948
2026-08-11 17:23:00,693 	Perf Stats: trainer.rollout_collect: 0.284 trainer.sample_action: 0.003 trainer.obs_insert: 0.000 trainer.step_env: 0.005 trainer.update_stats: 0.001 trainer.update_agent: 0.035
2026-08-11 17:23:03,800 update: 5680	fps: 496.686	
2026-08-11 17:23:03,800 Num updates: 5680	Num frames 908800
2026-08-11 17:23:03,800 Average window size: 50  distance_to_goal: 0.254  distance_to_goal_reward: 0.000  reward: 4.727  spl: 0.831  success: 0.944
2026-08-11 17:23:03,800 	Perf Stats: trainer.rollout_collect: 0.284 trainer.sample_action: 0.003 trainer.obs_insert: 0.000 trainer.step_env: 0.005 trainer.update_stats: 0.001 trainer.update_agent: 0.035
2026-08-11 17:23:06,915 update: 5690	fps: 496.715	
2026-08-11 17:23:06,915 Num updates: 5690	Num frames 910400
2026-08-11 17:23:06,915 Average window size: 50  distance_to_goal: 0.255  distance_to_goal_reward: 0.000  reward: 4.732  spl: 0.813  success: 0.929
2026-08-11 17:23:06,915 	Perf Stats: trainer.rollout_collect: 0.284 trainer.sample_action: 0.003 trainer.obs_insert: 0.000 trainer.step_env: 0.005 trainer.update_stats: 0.001 trainer.update_agent: 0.035
2026-08-11 17:23:10,125 update: 5700	fps: 496.718	
2026-08-11 17:23:10,125 Num updates: 5700	Num frames 912000
2026-08-11 17:23:10,125 Average window size: 50  distance_to_goal: 0.144  distance_to_goal_reward: 0.000  reward: 4.857  spl: 0.814  success: 0.932
2026-08-11 17:23:10,125 	Perf Stats: trainer.rollout_collect: 0.284 trainer.sample_action: 0.003 trainer.obs_insert: 0.000 trainer.step_env: 0.005 trainer.update_stats: 0.001 trainer.update_agent: 0.035
2026-08-11 17:23:13,224 update: 5710	fps: 496.751	
2026-08-11 17:23:13,224 Num updates: 5710	Num frames 913600
2026-08-11 17:23:13,224 Average window size: 50  distance_to_goal: 0.120  distance_to_goal_reward: 0.000  reward: 4.907  spl: 0.817  success: 0.937
2026-08-11 17:23:13,224 	Perf Stats: trainer.rollout_collect: 0.284 trainer.sample_action: 0.003 trainer.obs_insert: 0.000 trainer.step_env: 0.005 trainer.update_stats: 0.001 trainer.update_agent: 0.035
PluginManager::Manager: duplicate static plugin StbImageImporter, ignoring
PluginManager::Manager: duplicate static plugin GltfImporter, ignoring
PluginManager::Manager: duplicate static plugin BasisImporter, ignoring
PluginManager::Manager: duplicate static plugin AssimpImporter, ignoring
PluginManager::Manager: duplicate static plugin AnySceneImporter, ignoring
PluginManager::Manager: duplicate static plugin AnyImageImporter, ignoring
Renderer: NVIDIA GeForce RTX 4070/PCIe/SSE2 by NVIDIA Corporation
OpenGL version: 4.6.0 NVIDIA 580.173.02
Using optional features:
    GL_ARB_vertex_array_object
    GL_ARB_separate_shader_objects
    GL_ARB_robustness
    GL_ARB_texture_storage
    GL_ARB_texture_view
    GL_ARB_framebuffer_no_attachments
    GL_ARB_invalidate_subdata
    GL_ARB_texture_storage_multisample
    GL_ARB_multi_bind
    GL_ARB_direct_state_access
    GL_ARB_get_texture_sub_image
    GL_ARB_texture_filter_anisotropic
    GL_KHR_debug
    GL_KHR_parallel_shader_compile
    GL_NV_depth_buffer_float
Using driver workarounds:
    no-forward-compatible-core-context
    nv-egl-incorrect-gl11-function-pointers
    no-layout-qualifiers-on-old-glsl
    nv-zero-context-profile-mask
    nv-implementation-color-read-format-dsa-broken
    nv-cubemap-inconsistent-compressed-image-size
    nv-cubemap-broken-full-compressed-image-query
    nv-compressed-block-size-in-bits
[17:23:15:866861]:[Warning]:[Scene] SemanticScene.h(331)::checkFileExists : ::loadSemanticSceneDescriptor: File `data/scene_datasets/habitat-test-scenes/van-gogh-room.scn` does not exist.  Aborting load.
[17:23:15:866876]:[Warning]:[Scene] SemanticScene.cpp(123)::loadSemanticSceneDescriptor : SSD File Naming Issue! Neither SemanticAttributes-provided name : `data/scene_datasets/habitat-test-scenes/van-gogh-room.scn` nor constructed filename : `data/scene_datasets/habitat-test-scenes/info_semantic.json` exist on disk.
[17:23:15:866882]:[Error]:[Scene] SemanticScene.cpp(139)::loadSemanticSceneDescriptor : SSD Load Failure! File with SemanticAttributes-provided name `data/scene_datasets/habitat-test-scenes/van-gogh-room.scn` exists but failed to load.
[17:23:16:298744]:[Warning]:[Sim] Simulator.cpp(595)::instanceStageForSceneAttributes : The active scene does not contain semantic annotations : activeSemanticSceneID_ = 0
2026-08-11 17:23:16,767 update: 5720	fps: 496.664	
2026-08-11 17:23:16,768 Num updates: 5720	Num frames 915200
2026-08-11 17:23:16,768 Average window size: 50  distance_to_goal: 0.131  distance_to_goal_reward: 0.000  reward: 4.714  spl: 0.828  success: 0.948
2026-08-11 17:23:16,768 	Perf Stats: trainer.rollout_collect: 0.284 trainer.sample_action: 0.003 trainer.obs_insert: 0.000 trainer.step_env: 0.005 trainer.update_stats: 0.001 trainer.update_agent: 0.035
2026-08-11 17:23:19,809 update: 5730	fps: 496.713	
2026-08-11 17:23:19,818 Num updates: 5730	Num frames 916800
2026-08-11 17:23:19,818 Average window size: 50  distance_to_goal: 0.134  distance_to_goal_reward: 0.000  reward: 4.529  spl: 0.828  success: 0.944
2026-08-11 17:23:19,818 	Perf Stats: trainer.rollout_collect: 0.284 trainer.sample_action: 0.003 trainer.obs_insert: 0.000 trainer.step_env: 0.005 trainer.update_stats: 0.001 trainer.update_agent: 0.035
2026-08-11 17:23:22,882 update: 5740	fps: 496.752	
2026-08-11 17:23:22,882 Num updates: 5740	Num frames 918400
2026-08-11 17:23:22,882 Average window size: 50  distance_to_goal: 0.147  distance_to_goal_reward: 0.001  reward: 4.250  spl: 0.827  success: 0.942
2026-08-11 17:23:22,882 	Perf Stats: trainer.rollout_collect: 0.284 trainer.sample_action: 0.003 trainer.obs_insert: 0.000 trainer.step_env: 0.005 trainer.update_stats: 0.001 trainer.update_agent: 0.035
PluginManager::Manager: duplicate static plugin StbImageImporter, ignoring
PluginManager::Manager: duplicate static plugin GltfImporter, ignoring
PluginManager::Manager: duplicate static plugin BasisImporter, ignoring
PluginManager::Manager: duplicate static plugin AssimpImporter, ignoring
PluginManager::Manager: duplicate static plugin AnySceneImporter, ignoring
PluginManager::Manager: duplicate static plugin AnyImageImporter, ignoring
Renderer: NVIDIA GeForce RTX 4070/PCIe/SSE2 by NVIDIA Corporation
OpenGL version: 4.6.0 NVIDIA 580.173.02
Using optional features:
    GL_ARB_vertex_array_object
    GL_ARB_separate_shader_objects
    GL_ARB_robustness
    GL_ARB_texture_storage
    GL_ARB_texture_view
    GL_ARB_framebuffer_no_attachments
    GL_ARB_invalidate_subdata
    GL_ARB_texture_storage_multisample
    GL_ARB_multi_bind
    GL_ARB_direct_state_access
    GL_ARB_get_texture_sub_image
    GL_ARB_texture_filter_anisotropic
    GL_KHR_debug
    GL_KHR_parallel_shader_compile
    GL_NV_depth_buffer_float
Using driver workarounds:
    no-forward-compatible-core-context
    nv-egl-incorrect-gl11-function-pointers
    no-layout-qualifiers-on-old-glsl
    nv-zero-context-profile-mask
    nv-implementation-color-read-format-dsa-broken
    nv-cubemap-inconsistent-compressed-image-size
    nv-cubemap-broken-full-compressed-image-query
    nv-compressed-block-size-in-bits
[17:23:23:648343]:[Warning]:[Scene] SemanticScene.h(331)::checkFileExists : ::loadSemanticSceneDescriptor: File `data/scene_datasets/habitat-test-scenes/skokloster-castle.scn` does not exist.  Aborting load.
[17:23:23:648362]:[Warning]:[Scene] SemanticScene.cpp(123)::loadSemanticSceneDescriptor : SSD File Naming Issue! Neither SemanticAttributes-provided name : `data/scene_datasets/habitat-test-scenes/skokloster-castle.scn` nor constructed filename : `data/scene_datasets/habitat-test-scenes/info_semantic.json` exist on disk.
[17:23:23:648372]:[Error]:[Scene] SemanticScene.cpp(139)::loadSemanticSceneDescriptor : SSD Load Failure! File with SemanticAttributes-provided name `data/scene_datasets/habitat-test-scenes/skokloster-castle.scn` exists but failed to load.
[17:23:24:272225]:[Warning]:[Sim] Simulator.cpp(595)::instanceStageForSceneAttributes : The active scene does not contain semantic annotations : activeSemanticSceneID_ = 0
2026-08-11 17:23:26,647 update: 5750	fps: 496.607	
2026-08-11 17:23:26,647 Num updates: 5750	Num frames 920000
2026-08-11 17:23:26,647 Average window size: 50  distance_to_goal: 0.152  distance_to_goal_reward: 0.001  reward: 4.205  spl: 0.827  success: 0.940
2026-08-11 17:23:26,647 	Perf Stats: trainer.rollout_collect: 0.284 trainer.sample_action: 0.003 trainer.obs_insert: 0.000 trainer.step_env: 0.005 trainer.update_stats: 0.001 trainer.update_agent: 0.035
2026-08-11 17:23:29,764 update: 5760	fps: 496.635	
2026-08-11 17:23:29,764 Num updates: 5760	Num frames 921600
2026-08-11 17:23:29,764 Average window size: 50  distance_to_goal: 0.153  distance_to_goal_reward: 0.001  reward: 4.303  spl: 0.821  success: 0.935
2026-08-11 17:23:29,765 	Perf Stats: trainer.rollout_collect: 0.284 trainer.sample_action: 0.003 trainer.obs_insert: 0.000 trainer.step_env: 0.005 trainer.update_stats: 0.001 trainer.update_agent: 0.035
2026-08-11 17:23:32,875 update: 5770	fps: 496.664	
2026-08-11 17:23:32,875 Num updates: 5770	Num frames 923200
2026-08-11 17:23:32,876 Average window size: 50  distance_to_goal: 0.142  distance_to_goal_reward: 0.001  reward: 4.487  spl: 0.818  success: 0.932
2026-08-11 17:23:32,876 	Perf Stats: trainer.rollout_collect: 0.284 trainer.sample_action: 0.003 trainer.obs_insert: 0.000 trainer.step_env: 0.005 trainer.update_stats: 0.001 trainer.update_agent: 0.035
2026-08-11 17:23:35,988 update: 5780	fps: 496.693	
2026-08-11 17:23:35,988 Num updates: 5780	Num frames 924800
2026-08-11 17:23:35,988 Average window size: 50  distance_to_goal: 0.134  distance_to_goal_reward: 0.001  reward: 4.678  spl: 0.819  success: 0.934
2026-08-11 17:23:35,988 	Perf Stats: trainer.rollout_collect: 0.284 trainer.sample_action: 0.003 trainer.obs_insert: 0.000 trainer.step_env: 0.005 trainer.update_stats: 0.001 trainer.update_agent: 0.035
2026-08-11 17:23:39,087 update: 5790	fps: 496.726	
2026-08-11 17:23:39,088 Num updates: 5790	Num frames 926400
2026-08-11 17:23:39,088 Average window size: 50  distance_to_goal: 0.122  distance_to_goal_reward: 0.000  reward: 4.915  spl: 0.826  success: 0.935
2026-08-11 17:23:39,088 	Perf Stats: trainer.rollout_collect: 0.284 trainer.sample_action: 0.003 trainer.obs_insert: 0.000 trainer.step_env: 0.005 trainer.update_stats: 0.001 trainer.update_agent: 0.035
2026-08-11 17:23:42,291 update: 5800	fps: 496.730	
2026-08-11 17:23:42,291 Num updates: 5800	Num frames 928000
2026-08-11 17:23:42,291 Average window size: 50  distance_to_goal: 0.138  distance_to_goal_reward: 0.000  reward: 4.900  spl: 0.825  success: 0.931
2026-08-11 17:23:42,291 	Perf Stats: trainer.rollout_collect: 0.284 trainer.sample_action: 0.003 trainer.obs_insert: 0.000 trainer.step_env: 0.005 trainer.update_stats: 0.001 trainer.update_agent: 0.035
2026-08-11 17:23:45,395 update: 5810	fps: 496.761	
2026-08-11 17:23:45,395 Num updates: 5810	Num frames 929600
2026-08-11 17:23:45,395 Average window size: 50  distance_to_goal: 0.138  distance_to_goal_reward: 0.000  reward: 4.793  spl: 0.823  success: 0.926
2026-08-11 17:23:45,395 	Perf Stats: trainer.rollout_collect: 0.284 trainer.sample_action: 0.003 trainer.obs_insert: 0.000 trainer.step_env: 0.005 trainer.update_stats: 0.001 trainer.update_agent: 0.035
2026-08-11 17:23:48,509 update: 5820	fps: 496.790	
2026-08-11 17:23:48,510 Num updates: 5820	Num frames 931200
2026-08-11 17:23:48,510 Average window size: 50  distance_to_goal: 0.177  distance_to_goal_reward: 0.001  reward: 4.646  spl: 0.812  success: 0.914
2026-08-11 17:23:48,510 	Perf Stats: trainer.rollout_collect: 0.284 trainer.sample_action: 0.003 trainer.obs_insert: 0.000 trainer.step_env: 0.005 trainer.update_stats: 0.001 trainer.update_agent: 0.035
2026-08-11 17:23:51,600 update: 5830	fps: 496.824	
2026-08-11 17:23:51,600 Num updates: 5830	Num frames 932800
2026-08-11 17:23:51,601 Average window size: 50  distance_to_goal: 0.240  distance_to_goal_reward: 0.001  reward: 4.508  spl: 0.817  success: 0.921
2026-08-11 17:23:51,601 	Perf Stats: trainer.rollout_collect: 0.284 trainer.sample_action: 0.003 trainer.obs_insert: 0.000 trainer.step_env: 0.005 trainer.update_stats: 0.001 trainer.update_agent: 0.035
2026-08-11 17:23:54,711 update: 5840	fps: 496.853	
2026-08-11 17:23:54,712 Num updates: 5840	Num frames 934400
2026-08-11 17:23:54,712 Average window size: 50  distance_to_goal: 0.239  distance_to_goal_reward: 0.001  reward: 4.618  spl: 0.813  success: 0.922
2026-08-11 17:23:54,712 	Perf Stats: trainer.rollout_collect: 0.284 trainer.sample_action: 0.003 trainer.obs_insert: 0.000 trainer.step_env: 0.005 trainer.update_stats: 0.001 trainer.update_agent: 0.035
2026-08-11 17:23:57,813 update: 5850	fps: 496.884	
2026-08-11 17:23:57,813 Num updates: 5850	Num frames 936000
2026-08-11 17:23:57,813 Average window size: 50  distance_to_goal: 0.218  distance_to_goal_reward: 0.001  reward: 4.621  spl: 0.822  success: 0.934
2026-08-11 17:23:57,813 	Perf Stats: trainer.rollout_collect: 0.284 trainer.sample_action: 0.003 trainer.obs_insert: 0.000 trainer.step_env: 0.005 trainer.update_stats: 0.001 trainer.update_agent: 0.035
2026-08-11 17:24:00,905 update: 5860	fps: 496.918	
2026-08-11 17:24:00,905 Num updates: 5860	Num frames 937600
2026-08-11 17:24:00,905 Average window size: 50  distance_to_goal: 0.295  distance_to_goal_reward: 0.001  reward: 4.490  spl: 0.809  success: 0.918
2026-08-11 17:24:00,905 	Perf Stats: trainer.rollout_collect: 0.284 trainer.sample_action: 0.003 trainer.obs_insert: 0.000 trainer.step_env: 0.005 trainer.update_stats: 0.001 trainer.update_agent: 0.035
2026-08-11 17:24:04,017 update: 5870	fps: 496.946	
2026-08-11 17:24:04,017 Num updates: 5870	Num frames 939200
2026-08-11 17:24:04,017 Average window size: 50  distance_to_goal: 0.355  distance_to_goal_reward: 0.000  reward: 4.484  spl: 0.813  success: 0.923
2026-08-11 17:24:04,017 	Perf Stats: trainer.rollout_collect: 0.284 trainer.sample_action: 0.003 trainer.obs_insert: 0.000 trainer.step_env: 0.005 trainer.update_stats: 0.001 trainer.update_agent: 0.035
2026-08-11 17:24:07,140 update: 5880	fps: 496.972	
2026-08-11 17:24:07,141 Num updates: 5880	Num frames 940800
2026-08-11 17:24:07,141 Average window size: 50  distance_to_goal: 0.336  distance_to_goal_reward: 0.000  reward: 4.603  spl: 0.822  success: 0.930
2026-08-11 17:24:07,141 	Perf Stats: trainer.rollout_collect: 0.284 trainer.sample_action: 0.003 trainer.obs_insert: 0.000 trainer.step_env: 0.005 trainer.update_stats: 0.001 trainer.update_agent: 0.035
PluginManager::Manager: duplicate static plugin StbImageImporter, ignoring
PluginManager::Manager: duplicate static plugin GltfImporter, ignoring
PluginManager::Manager: duplicate static plugin BasisImporter, ignoring
PluginManager::Manager: duplicate static plugin AssimpImporter, ignoring
PluginManager::Manager: duplicate static plugin AnySceneImporter, ignoring
PluginManager::Manager: duplicate static plugin AnyImageImporter, ignoring
Renderer: NVIDIA GeForce RTX 4070/PCIe/SSE2 by NVIDIA Corporation
OpenGL version: 4.6.0 NVIDIA 580.173.02
Using optional features:
    GL_ARB_vertex_array_object
    GL_ARB_separate_shader_objects
    GL_ARB_robustness
    GL_ARB_texture_storage
    GL_ARB_texture_view
    GL_ARB_framebuffer_no_attachments
    GL_ARB_invalidate_subdata
    GL_ARB_texture_storage_multisample
    GL_ARB_multi_bind
    GL_ARB_direct_state_access
    GL_ARB_get_texture_sub_image
    GL_ARB_texture_filter_anisotropic
    GL_KHR_debug
    GL_KHR_parallel_shader_compile
    GL_NV_depth_buffer_float
Using driver workarounds:
    no-forward-compatible-core-context
    nv-egl-incorrect-gl11-function-pointers
    no-layout-qualifiers-on-old-glsl
    nv-zero-context-profile-mask
    nv-implementation-color-read-format-dsa-broken
    nv-cubemap-inconsistent-compressed-image-size
    nv-cubemap-broken-full-compressed-image-query
    nv-compressed-block-size-in-bits
[17:24:07:977594]:[Warning]:[Scene] SemanticScene.h(331)::checkFileExists : ::loadSemanticSceneDescriptor: File `data/scene_datasets/habitat-test-scenes/skokloster-castle.scn` does not exist.  Aborting load.
[17:24:07:977611]:[Warning]:[Scene] SemanticScene.cpp(123)::loadSemanticSceneDescriptor : SSD File Naming Issue! Neither SemanticAttributes-provided name : `data/scene_datasets/habitat-test-scenes/skokloster-castle.scn` nor constructed filename : `data/scene_datasets/habitat-test-scenes/info_semantic.json` exist on disk.
[17:24:07:977616]:[Error]:[Scene] SemanticScene.cpp(139)::loadSemanticSceneDescriptor : SSD Load Failure! File with SemanticAttributes-provided name `data/scene_datasets/habitat-test-scenes/skokloster-castle.scn` exists but failed to load.
[17:24:08:594729]:[Warning]:[Sim] Simulator.cpp(595)::instanceStageForSceneAttributes : The active scene does not contain semantic annotations : activeSemanticSceneID_ = 0
2026-08-11 17:24:10,920 update: 5890	fps: 496.825	
2026-08-11 17:24:10,920 Num updates: 5890	Num frames 942400
2026-08-11 17:24:10,920 Average window size: 50  distance_to_goal: 0.342  distance_to_goal_reward: 0.000  reward: 4.639  spl: 0.820  success: 0.929
2026-08-11 17:24:10,920 	Perf Stats: trainer.rollout_collect: 0.284 trainer.sample_action: 0.003 trainer.obs_insert: 0.000 trainer.step_env: 0.005 trainer.update_stats: 0.001 trainer.update_agent: 0.035
2026-08-11 17:24:14,183 update: 5900	fps: 496.814	
2026-08-11 17:24:14,183 Num updates: 5900	Num frames 944000
2026-08-11 17:24:14,183 Average window size: 50  distance_to_goal: 0.356  distance_to_goal_reward: 0.000  reward: 4.878  spl: 0.819  success: 0.927
2026-08-11 17:24:14,183 	Perf Stats: trainer.rollout_collect: 0.284 trainer.sample_action: 0.003 trainer.obs_insert: 0.000 trainer.step_env: 0.005 trainer.update_stats: 0.001 trainer.update_agent: 0.035
2026-08-11 17:24:17,329 update: 5910	fps: 496.833	
2026-08-11 17:24:17,329 Num updates: 5910	Num frames 945600
2026-08-11 17:24:17,329 Average window size: 50  distance_to_goal: 0.289  distance_to_goal_reward: 0.000  reward: 5.011  spl: 0.828  success: 0.944
2026-08-11 17:24:17,329 	Perf Stats: trainer.rollout_collect: 0.284 trainer.sample_action: 0.003 trainer.obs_insert: 0.000 trainer.step_env: 0.005 trainer.update_stats: 0.001 trainer.update_agent: 0.035
PluginManager::Manager: duplicate static plugin StbImageImporter, ignoring
PluginManager::Manager: duplicate static plugin GltfImporter, ignoring
PluginManager::Manager: duplicate static plugin BasisImporter, ignoring
PluginManager::Manager: duplicate static plugin AssimpImporter, ignoring
PluginManager::Manager: duplicate static plugin AnySceneImporter, ignoring
PluginManager::Manager: duplicate static plugin AnyImageImporter, ignoring
Renderer: NVIDIA GeForce RTX 4070/PCIe/SSE2 by NVIDIA Corporation
OpenGL version: 4.6.0 NVIDIA 580.173.02
Using optional features:
    GL_ARB_vertex_array_object
    GL_ARB_separate_shader_objects
    GL_ARB_robustness
    GL_ARB_texture_storage
    GL_ARB_texture_view
    GL_ARB_framebuffer_no_attachments
    GL_ARB_invalidate_subdata
    GL_ARB_texture_storage_multisample
    GL_ARB_multi_bind
    GL_ARB_direct_state_access
    GL_ARB_get_texture_sub_image
    GL_ARB_texture_filter_anisotropic
    GL_KHR_debug
    GL_KHR_parallel_shader_compile
    GL_NV_depth_buffer_float
Using driver workarounds:
    no-forward-compatible-core-context
    nv-egl-incorrect-gl11-function-pointers
    no-layout-qualifiers-on-old-glsl
    nv-zero-context-profile-mask
    nv-implementation-color-read-format-dsa-broken
    nv-cubemap-inconsistent-compressed-image-size
    nv-cubemap-broken-full-compressed-image-query
    nv-compressed-block-size-in-bits
[17:24:19:027658]:[Warning]:[Scene] SemanticScene.h(331)::checkFileExists : ::loadSemanticSceneDescriptor: File `data/scene_datasets/habitat-test-scenes/skokloster-castle.scn` does not exist.  Aborting load.
[17:24:19:027674]:[Warning]:[Scene] SemanticScene.cpp(123)::loadSemanticSceneDescriptor : SSD File Naming Issue! Neither SemanticAttributes-provided name : `data/scene_datasets/habitat-test-scenes/skokloster-castle.scn` nor constructed filename : `data/scene_datasets/habitat-test-scenes/info_semantic.json` exist on disk.
[17:24:19:027679]:[Error]:[Scene] SemanticScene.cpp(139)::loadSemanticSceneDescriptor : SSD Load Failure! File with SemanticAttributes-provided name `data/scene_datasets/habitat-test-scenes/skokloster-castle.scn` exists but failed to load.
[17:24:19:635290]:[Warning]:[Sim] Simulator.cpp(595)::instanceStageForSceneAttributes : The active scene does not contain semantic annotations : activeSemanticSceneID_ = 0
2026-08-11 17:24:21,112 update: 5920	fps: 496.686	
2026-08-11 17:24:21,113 Num updates: 5920	Num frames 947200
2026-08-11 17:24:21,113 Average window size: 50  distance_to_goal: 0.234  distance_to_goal_reward: -0.001  reward: 5.205  spl: 0.810  success: 0.926
2026-08-11 17:24:21,113 	Perf Stats: trainer.rollout_collect: 0.284 trainer.sample_action: 0.003 trainer.obs_insert: 0.000 trainer.step_env: 0.005 trainer.update_stats: 0.001 trainer.update_agent: 0.035
2026-08-11 17:24:24,298 update: 5930	fps: 496.696	
2026-08-11 17:24:24,298 Num updates: 5930	Num frames 948800
2026-08-11 17:24:24,298 Average window size: 50  distance_to_goal: 0.250  distance_to_goal_reward: -0.001  reward: 5.291  spl: 0.787  success: 0.904
2026-08-11 17:24:24,298 	Perf Stats: trainer.rollout_collect: 0.284 trainer.sample_action: 0.003 trainer.obs_insert: 0.000 trainer.step_env: 0.005 trainer.update_stats: 0.001 trainer.update_agent: 0.035
PluginManager::Manager: duplicate static plugin StbImageImporter, ignoring
PluginManager::Manager: duplicate static plugin GltfImporter, ignoring
PluginManager::Manager: duplicate static plugin BasisImporter, ignoring
PluginManager::Manager: duplicate static plugin AssimpImporter, ignoring
PluginManager::Manager: duplicate static plugin AnySceneImporter, ignoring
PluginManager::Manager: duplicate static plugin AnyImageImporter, ignoring
Renderer: NVIDIA GeForce RTX 4070/PCIe/SSE2 by NVIDIA Corporation
OpenGL version: 4.6.0 NVIDIA 580.173.02
Using optional features:
    GL_ARB_vertex_array_object
    GL_ARB_separate_shader_objects
    GL_ARB_robustness
    GL_ARB_texture_storage
    GL_ARB_texture_view
    GL_ARB_framebuffer_no_attachments
    GL_ARB_invalidate_subdata
    GL_ARB_texture_storage_multisample
    GL_ARB_multi_bind
    GL_ARB_direct_state_access
    GL_ARB_get_texture_sub_image
    GL_ARB_texture_filter_anisotropic
    GL_KHR_debug
    GL_KHR_parallel_shader_compile
    GL_NV_depth_buffer_float
Using driver workarounds:
    no-forward-compatible-core-context
    nv-egl-incorrect-gl11-function-pointers
    no-layout-qualifiers-on-old-glsl
    nv-zero-context-profile-mask
    nv-implementation-color-read-format-dsa-broken
    nv-cubemap-inconsistent-compressed-image-size
    nv-cubemap-broken-full-compressed-image-query
    nv-compressed-block-size-in-bits
[17:24:26:889329]:[Warning]:[Scene] SemanticScene.h(331)::checkFileExists : ::loadSemanticSceneDescriptor: File `data/scene_datasets/habitat-test-scenes/van-gogh-room.scn` does not exist.  Aborting load.
[17:24:26:889343]:[Warning]:[Scene] SemanticScene.cpp(123)::loadSemanticSceneDescriptor : SSD File Naming Issue! Neither SemanticAttributes-provided name : `data/scene_datasets/habitat-test-scenes/van-gogh-room.scn` nor constructed filename : `data/scene_datasets/habitat-test-scenes/info_semantic.json` exist on disk.
[17:24:26:889348]:[Error]:[Scene] SemanticScene.cpp(139)::loadSemanticSceneDescriptor : SSD Load Failure! File with SemanticAttributes-provided name `data/scene_datasets/habitat-test-scenes/van-gogh-room.scn` exists but failed to load.
[17:24:27:323396]:[Warning]:[Sim] Simulator.cpp(595)::instanceStageForSceneAttributes : The active scene does not contain semantic annotations : activeSemanticSceneID_ = 0
2026-08-11 17:24:27,939 update: 5940	fps: 496.587	
2026-08-11 17:24:27,939 Num updates: 5940	Num frames 950400
2026-08-11 17:24:27,939 Average window size: 50  distance_to_goal: 0.471  distance_to_goal_reward: -0.001  reward: 4.917  spl: 0.742  success: 0.850
2026-08-11 17:24:27,939 	Perf Stats: trainer.rollout_collect: 0.284 trainer.sample_action: 0.003 trainer.obs_insert: 0.000 trainer.step_env: 0.005 trainer.update_stats: 0.001 trainer.update_agent: 0.035
2026-08-11 17:24:31,065 update: 5950	fps: 496.612	
2026-08-11 17:24:31,065 Num updates: 5950	Num frames 952000
2026-08-11 17:24:31,065 Average window size: 50  distance_to_goal: 0.501  distance_to_goal_reward: -0.002  reward: 4.658  spl: 0.730  success: 0.835
2026-08-11 17:24:31,065 	Perf Stats: trainer.rollout_collect: 0.284 trainer.sample_action: 0.003 trainer.obs_insert: 0.000 trainer.step_env: 0.005 trainer.update_stats: 0.001 trainer.update_agent: 0.035
2026-08-11 17:24:34,207 update: 5960	fps: 496.632	
2026-08-11 17:24:34,208 Num updates: 5960	Num frames 953600
2026-08-11 17:24:34,208 Average window size: 50  distance_to_goal: 0.523  distance_to_goal_reward: -0.002  reward: 4.764  spl: 0.723  success: 0.820
2026-08-11 17:24:34,208 	Perf Stats: trainer.rollout_collect: 0.284 trainer.sample_action: 0.003 trainer.obs_insert: 0.000 trainer.step_env: 0.005 trainer.update_stats: 0.001 trainer.update_agent: 0.035
2026-08-11 17:24:37,350 update: 5970	fps: 496.653	
2026-08-11 17:24:37,350 Num updates: 5970	Num frames 955200
2026-08-11 17:24:37,350 Average window size: 50  distance_to_goal: 0.464  distance_to_goal_reward: 0.001  reward: 4.805  spl: 0.747  success: 0.847
2026-08-11 17:24:37,350 	Perf Stats: trainer.rollout_collect: 0.284 trainer.sample_action: 0.003 trainer.obs_insert: 0.000 trainer.step_env: 0.005 trainer.update_stats: 0.001 trainer.update_agent: 0.035
2026-08-11 17:24:40,497 update: 5980	fps: 496.672	
2026-08-11 17:24:40,498 Num updates: 5980	Num frames 956800
2026-08-11 17:24:40,498 Average window size: 50  distance_to_goal: 0.499  distance_to_goal_reward: 0.003  reward: 4.845  spl: 0.762  success: 0.861
2026-08-11 17:24:40,498 	Perf Stats: trainer.rollout_collect: 0.284 trainer.sample_action: 0.003 trainer.obs_insert: 0.000 trainer.step_env: 0.005 trainer.update_stats: 0.001 trainer.update_agent: 0.035
PluginManager::Manager: duplicate static plugin StbImageImporter, ignoring
PluginManager::Manager: duplicate static plugin GltfImporter, ignoring
PluginManager::Manager: duplicate static plugin BasisImporter, ignoring
PluginManager::Manager: duplicate static plugin AssimpImporter, ignoring
PluginManager::Manager: duplicate static plugin AnySceneImporter, ignoring
PluginManager::Manager: duplicate static plugin AnyImageImporter, ignoring
Renderer: NVIDIA GeForce RTX 4070/PCIe/SSE2 by NVIDIA Corporation
OpenGL version: 4.6.0 NVIDIA 580.173.02
Using optional features:
    GL_ARB_vertex_array_object
    GL_ARB_separate_shader_objects
    GL_ARB_robustness
    GL_ARB_texture_storage
    GL_ARB_texture_view
    GL_ARB_framebuffer_no_attachments
    GL_ARB_invalidate_subdata
    GL_ARB_texture_storage_multisample
    GL_ARB_multi_bind
    GL_ARB_direct_state_access
    GL_ARB_get_texture_sub_image
    GL_ARB_texture_filter_anisotropic
    GL_KHR_debug
    GL_KHR_parallel_shader_compile
    GL_NV_depth_buffer_float
Using driver workarounds:
    no-forward-compatible-core-context
    nv-egl-incorrect-gl11-function-pointers
    no-layout-qualifiers-on-old-glsl
    nv-zero-context-profile-mask
    nv-implementation-color-read-format-dsa-broken
    nv-cubemap-inconsistent-compressed-image-size
    nv-cubemap-broken-full-compressed-image-query
    nv-compressed-block-size-in-bits
[17:24:41:297889]:[Warning]:[Scene] SemanticScene.h(331)::checkFileExists : ::loadSemanticSceneDescriptor: File `data/scene_datasets/habitat-test-scenes/skokloster-castle.scn` does not exist.  Aborting load.
[17:24:41:297906]:[Warning]:[Scene] SemanticScene.cpp(123)::loadSemanticSceneDescriptor : SSD File Naming Issue! Neither SemanticAttributes-provided name : `data/scene_datasets/habitat-test-scenes/skokloster-castle.scn` nor constructed filename : `data/scene_datasets/habitat-test-scenes/info_semantic.json` exist on disk.
[17:24:41:297911]:[Error]:[Scene] SemanticScene.cpp(139)::loadSemanticSceneDescriptor : SSD Load Failure! File with SemanticAttributes-provided name `data/scene_datasets/habitat-test-scenes/skokloster-castle.scn` exists but failed to load.
[17:24:41:903262]:[Warning]:[Sim] Simulator.cpp(595)::instanceStageForSceneAttributes : The active scene does not contain semantic annotations : activeSemanticSceneID_ = 0
2026-08-11 17:24:44,298 update: 5990	fps: 496.523	
2026-08-11 17:24:44,298 Num updates: 5990	Num frames 958400
2026-08-11 17:24:44,299 Average window size: 50  distance_to_goal: 0.458  distance_to_goal_reward: 0.003  reward: 5.066  spl: 0.774  success: 0.879
2026-08-11 17:24:44,299 	Perf Stats: trainer.rollout_collect: 0.284 trainer.sample_action: 0.003 trainer.obs_insert: 0.000 trainer.step_env: 0.005 trainer.update_stats: 0.001 trainer.update_agent: 0.035
2026-08-11 17:24:47,594 update: 6000	fps: 496.504	
2026-08-11 17:24:47,595 Num updates: 6000	Num frames 960000
2026-08-11 17:24:47,595 Average window size: 50  distance_to_goal: 0.488  distance_to_goal_reward: 0.002  reward: 5.188  spl: 0.763  success: 0.865
2026-08-11 17:24:47,595 	Perf Stats: trainer.rollout_collect: 0.284 trainer.sample_action: 0.003 trainer.obs_insert: 0.000 trainer.step_env: 0.005 trainer.update_stats: 0.001 trainer.update_agent: 0.035
2026-08-11 17:24:50,787 update: 6010	fps: 496.511	
2026-08-11 17:24:50,787 Num updates: 6010	Num frames 961600
2026-08-11 17:24:50,787 Average window size: 50  distance_to_goal: 0.551  distance_to_goal_reward: 0.002  reward: 5.482  spl: 0.781  success: 0.884
2026-08-11 17:24:50,787 	Perf Stats: trainer.rollout_collect: 0.284 trainer.sample_action: 0.003 trainer.obs_insert: 0.000 trainer.step_env: 0.005 trainer.update_stats: 0.001 trainer.update_agent: 0.035
2026-08-11 17:24:54,065 update: 6020	fps: 496.497	
2026-08-11 17:24:54,065 Num updates: 6020	Num frames 963200
2026-08-11 17:24:54,065 Average window size: 50  distance_to_goal: 0.564  distance_to_goal_reward: 0.001  reward: 5.841  spl: 0.770  success: 0.879
2026-08-11 17:24:54,065 	Perf Stats: trainer.rollout_collect: 0.284 trainer.sample_action: 0.003 trainer.obs_insert: 0.000 trainer.step_env: 0.005 trainer.update_stats: 0.001 trainer.update_agent: 0.035
2026-08-11 17:24:57,310 update: 6030	fps: 496.491	
2026-08-11 17:24:57,310 Num updates: 6030	Num frames 964800
2026-08-11 17:24:57,310 Average window size: 50  distance_to_goal: 0.636  distance_to_goal_reward: -0.002  reward: 5.941  spl: 0.760  success: 0.872
2026-08-11 17:24:57,310 	Perf Stats: trainer.rollout_collect: 0.284 trainer.sample_action: 0.003 trainer.obs_insert: 0.000 trainer.step_env: 0.005 trainer.update_stats: 0.001 trainer.update_agent: 0.035
2026-08-11 17:25:00,508 update: 6040	fps: 496.500	
2026-08-11 17:25:00,508 Num updates: 6040	Num frames 966400
2026-08-11 17:25:00,508 Average window size: 50  distance_to_goal: 0.471  distance_to_goal_reward: -0.002  reward: 6.088  spl: 0.759  success: 0.869
2026-08-11 17:25:00,508 	Perf Stats: trainer.rollout_collect: 0.284 trainer.sample_action: 0.003 trainer.obs_insert: 0.000 trainer.step_env: 0.005 trainer.update_stats: 0.001 trainer.update_agent: 0.035
2026-08-11 17:25:03,689 update: 6050	fps: 496.508	
2026-08-11 17:25:03,690 Num updates: 6050	Num frames 968000
2026-08-11 17:25:03,690 Average window size: 50  distance_to_goal: 0.432  distance_to_goal_reward: -0.000  reward: 6.333  spl: 0.768  success: 0.877
2026-08-11 17:25:03,690 	Perf Stats: trainer.rollout_collect: 0.284 trainer.sample_action: 0.003 trainer.obs_insert: 0.000 trainer.step_env: 0.005 trainer.update_stats: 0.001 trainer.update_agent: 0.035
2026-08-11 17:25:06,872 update: 6060	fps: 496.518	
2026-08-11 17:25:06,872 Num updates: 6060	Num frames 969600
2026-08-11 17:25:06,872 Average window size: 50  distance_to_goal: 0.539  distance_to_goal_reward: 0.000  reward: 6.015  spl: 0.768  success: 0.874
2026-08-11 17:25:06,872 	Perf Stats: trainer.rollout_collect: 0.284 trainer.sample_action: 0.003 trainer.obs_insert: 0.000 trainer.step_env: 0.005 trainer.update_stats: 0.001 trainer.update_agent: 0.035
PluginManager::Manager: duplicate static plugin StbImageImporter, ignoring
PluginManager::Manager: duplicate static plugin GltfImporter, ignoring
PluginManager::Manager: duplicate static plugin BasisImporter, ignoring
PluginManager::Manager: duplicate static plugin AssimpImporter, ignoring
PluginManager::Manager: duplicate static plugin AnySceneImporter, ignoring
PluginManager::Manager: duplicate static plugin AnyImageImporter, ignoring
Renderer: NVIDIA GeForce RTX 4070/PCIe/SSE2 by NVIDIA Corporation
OpenGL version: 4.6.0 NVIDIA 580.173.02
Using optional features:
    GL_ARB_vertex_array_object
    GL_ARB_separate_shader_objects
    GL_ARB_robustness
    GL_ARB_texture_storage
    GL_ARB_texture_view
    GL_ARB_framebuffer_no_attachments
    GL_ARB_invalidate_subdata
    GL_ARB_texture_storage_multisample
    GL_ARB_multi_bind
    GL_ARB_direct_state_access
    GL_ARB_get_texture_sub_image
    GL_ARB_texture_filter_anisotropic
    GL_KHR_debug
    GL_KHR_parallel_shader_compile
    GL_NV_depth_buffer_float
Using driver workarounds:
    no-forward-compatible-core-context
    nv-egl-incorrect-gl11-function-pointers
    no-layout-qualifiers-on-old-glsl
    nv-zero-context-profile-mask
    nv-implementation-color-read-format-dsa-broken
    nv-cubemap-inconsistent-compressed-image-size
    nv-cubemap-broken-full-compressed-image-query
    nv-compressed-block-size-in-bits
[17:25:08:743315]:[Warning]:[Scene] SemanticScene.h(331)::checkFileExists : ::loadSemanticSceneDescriptor: File `data/scene_datasets/habitat-test-scenes/van-gogh-room.scn` does not exist.  Aborting load.
[17:25:08:743333]:[Warning]:[Scene] SemanticScene.cpp(123)::loadSemanticSceneDescriptor : SSD File Naming Issue! Neither SemanticAttributes-provided name : `data/scene_datasets/habitat-test-scenes/van-gogh-room.scn` nor constructed filename : `data/scene_datasets/habitat-test-scenes/info_semantic.json` exist on disk.
[17:25:08:743342]:[Error]:[Scene] SemanticScene.cpp(139)::loadSemanticSceneDescriptor : SSD Load Failure! File with SemanticAttributes-provided name `data/scene_datasets/habitat-test-scenes/van-gogh-room.scn` exists but failed to load.
[17:25:09:198267]:[Warning]:[Sim] Simulator.cpp(595)::instanceStageForSceneAttributes : The active scene does not contain semantic annotations : activeSemanticSceneID_ = 0
2026-08-11 17:25:10,495 update: 6070	fps: 496.417	
2026-08-11 17:25:10,495 Num updates: 6070	Num frames 971200
2026-08-11 17:25:10,495 Average window size: 50  distance_to_goal: 0.605  distance_to_goal_reward: 0.000  reward: 5.932  spl: 0.742  success: 0.841
2026-08-11 17:25:10,495 	Perf Stats: trainer.rollout_collect: 0.284 trainer.sample_action: 0.003 trainer.obs_insert: 0.000 trainer.step_env: 0.005 trainer.update_stats: 0.001 trainer.update_agent: 0.035
2026-08-11 17:25:13,662 update: 6080	fps: 496.431	
2026-08-11 17:25:13,662 Num updates: 6080	Num frames 972800
2026-08-11 17:25:13,662 Average window size: 50  distance_to_goal: 0.457  distance_to_goal_reward: 0.000  reward: 5.703  spl: 0.766  success: 0.864
2026-08-11 17:25:13,662 	Perf Stats: trainer.rollout_collect: 0.284 trainer.sample_action: 0.003 trainer.obs_insert: 0.000 trainer.step_env: 0.005 trainer.update_stats: 0.001 trainer.update_agent: 0.035
2026-08-11 17:25:16,829 update: 6090	fps: 496.445	
2026-08-11 17:25:16,829 Num updates: 6090	Num frames 974400
2026-08-11 17:25:16,829 Average window size: 50  distance_to_goal: 0.530  distance_to_goal_reward: 0.000  reward: 5.371  spl: 0.785  success: 0.885
2026-08-11 17:25:16,829 	Perf Stats: trainer.rollout_collect: 0.284 trainer.sample_action: 0.003 trainer.obs_insert: 0.000 trainer.step_env: 0.005 trainer.update_stats: 0.001 trainer.update_agent: 0.035
2026-08-11 17:25:20,081 update: 6100	fps: 496.438	
2026-08-11 17:25:20,081 Num updates: 6100	Num frames 976000
2026-08-11 17:25:20,081 Average window size: 50  distance_to_goal: 0.465  distance_to_goal_reward: 0.000  reward: 4.988  spl: 0.789  success: 0.887
2026-08-11 17:25:20,081 	Perf Stats: trainer.rollout_collect: 0.284 trainer.sample_action: 0.003 trainer.obs_insert: 0.000 trainer.step_env: 0.005 trainer.update_stats: 0.001 trainer.update_agent: 0.035
2026-08-11 17:25:23,240 update: 6110	fps: 496.454	
2026-08-11 17:25:23,240 Num updates: 6110	Num frames 977600
2026-08-11 17:25:23,240 Average window size: 50  distance_to_goal: 0.491  distance_to_goal_reward: -0.002  reward: 4.689  spl: 0.778  success: 0.882
2026-08-11 17:25:23,240 	Perf Stats: trainer.rollout_collect: 0.284 trainer.sample_action: 0.003 trainer.obs_insert: 0.000 trainer.step_env: 0.005 trainer.update_stats: 0.001 trainer.update_agent: 0.035
2026-08-11 17:25:26,400 update: 6120	fps: 496.470	
2026-08-11 17:25:26,400 Num updates: 6120	Num frames 979200
2026-08-11 17:25:26,400 Average window size: 50  distance_to_goal: 0.425  distance_to_goal_reward: -0.002  reward: 4.564  spl: 0.789  success: 0.897
2026-08-11 17:25:26,400 	Perf Stats: trainer.rollout_collect: 0.284 trainer.sample_action: 0.003 trainer.obs_insert: 0.000 trainer.step_env: 0.005 trainer.update_stats: 0.001 trainer.update_agent: 0.035
2026-08-11 17:25:29,582 update: 6130	fps: 496.480	
2026-08-11 17:25:29,582 Num updates: 6130	Num frames 980800
2026-08-11 17:25:29,582 Average window size: 50  distance_to_goal: 0.430  distance_to_goal_reward: -0.002  reward: 4.665  spl: 0.803  success: 0.913
2026-08-11 17:25:29,582 	Perf Stats: trainer.rollout_collect: 0.284 trainer.sample_action: 0.003 trainer.obs_insert: 0.000 trainer.step_env: 0.005 trainer.update_stats: 0.001 trainer.update_agent: 0.035
2026-08-11 17:25:32,756 update: 6140	fps: 496.492	
2026-08-11 17:25:32,756 Num updates: 6140	Num frames 982400
2026-08-11 17:25:32,756 Average window size: 50  distance_to_goal: 0.328  distance_to_goal_reward: -0.002  reward: 4.772  spl: 0.778  success: 0.885
2026-08-11 17:25:32,756 	Perf Stats: trainer.rollout_collect: 0.284 trainer.sample_action: 0.003 trainer.obs_insert: 0.000 trainer.step_env: 0.005 trainer.update_stats: 0.001 trainer.update_agent: 0.035
2026-08-11 17:25:35,921 update: 6150	fps: 496.507	
2026-08-11 17:25:35,921 Num updates: 6150	Num frames 984000
2026-08-11 17:25:35,921 Average window size: 50  distance_to_goal: 0.235  distance_to_goal_reward: -0.000  reward: 5.116  spl: 0.776  success: 0.877
2026-08-11 17:25:35,921 	Perf Stats: trainer.rollout_collect: 0.284 trainer.sample_action: 0.003 trainer.obs_insert: 0.000 trainer.step_env: 0.005 trainer.update_stats: 0.001 trainer.update_agent: 0.035
2026-08-11 17:25:39,083 update: 6160	fps: 496.522	
2026-08-11 17:25:39,083 Num updates: 6160	Num frames 985600
2026-08-11 17:25:39,083 Average window size: 50  distance_to_goal: 0.306  distance_to_goal_reward: 0.001  reward: 5.245  spl: 0.773  success: 0.864
2026-08-11 17:25:39,083 	Perf Stats: trainer.rollout_collect: 0.284 trainer.sample_action: 0.003 trainer.obs_insert: 0.000 trainer.step_env: 0.005 trainer.update_stats: 0.001 trainer.update_agent: 0.035
2026-08-11 17:25:42,240 update: 6170	fps: 496.538	
2026-08-11 17:25:42,240 Num updates: 6170	Num frames 987200
2026-08-11 17:25:42,240 Average window size: 50  distance_to_goal: 0.332  distance_to_goal_reward: 0.001  reward: 5.306  spl: 0.781  success: 0.873
2026-08-11 17:25:42,240 	Perf Stats: trainer.rollout_collect: 0.284 trainer.sample_action: 0.003 trainer.obs_insert: 0.000 trainer.step_env: 0.005 trainer.update_stats: 0.001 trainer.update_agent: 0.035
2026-08-11 17:25:45,483 update: 6180	fps: 496.533	
2026-08-11 17:25:45,483 Num updates: 6180	Num frames 988800
2026-08-11 17:25:45,483 Average window size: 50  distance_to_goal: 0.313  distance_to_goal_reward: 0.001  reward: 5.050  spl: 0.776  success: 0.871
2026-08-11 17:25:45,483 	Perf Stats: trainer.rollout_collect: 0.284 trainer.sample_action: 0.003 trainer.obs_insert: 0.000 trainer.step_env: 0.005 trainer.update_stats: 0.001 trainer.update_agent: 0.035
2026-08-11 17:25:48,835 update: 6190	fps: 496.501	
2026-08-11 17:25:48,836 Num updates: 6190	Num frames 990400
2026-08-11 17:25:48,836 Average window size: 50  distance_to_goal: 0.491  distance_to_goal_reward: 0.001  reward: 4.806  spl: 0.791  success: 0.893
2026-08-11 17:25:48,836 	Perf Stats: trainer.rollout_collect: 0.284 trainer.sample_action: 0.003 trainer.obs_insert: 0.000 trainer.step_env: 0.005 trainer.update_stats: 0.001 trainer.update_agent: 0.035
2026-08-11 17:25:52,378 update: 6200	fps: 496.421	
2026-08-11 17:25:52,378 Num updates: 6200	Num frames 992000
2026-08-11 17:25:52,378 Average window size: 50  distance_to_goal: 0.580  distance_to_goal_reward: 0.001  reward: 4.695  spl: 0.792  success: 0.897
2026-08-11 17:25:52,378 	Perf Stats: trainer.rollout_collect: 0.284 trainer.sample_action: 0.003 trainer.obs_insert: 0.000 trainer.step_env: 0.005 trainer.update_stats: 0.001 trainer.update_agent: 0.035
2026-08-11 17:25:55,741 update: 6210	fps: 496.386	
2026-08-11 17:25:55,741 Num updates: 6210	Num frames 993600
2026-08-11 17:25:55,741 Average window size: 50  distance_to_goal: 0.498  distance_to_goal_reward: 0.000  reward: 4.825  spl: 0.813  success: 0.917
2026-08-11 17:25:55,741 	Perf Stats: trainer.rollout_collect: 0.284 trainer.sample_action: 0.003 trainer.obs_insert: 0.000 trainer.step_env: 0.005 trainer.update_stats: 0.001 trainer.update_agent: 0.035
2026-08-11 17:25:59,176 update: 6220	fps: 496.334	
2026-08-11 17:25:59,176 Num updates: 6220	Num frames 995200
2026-08-11 17:25:59,176 Average window size: 50  distance_to_goal: 0.512  distance_to_goal_reward: -0.001  reward: 5.004  spl: 0.821  success: 0.922
2026-08-11 17:25:59,176 	Perf Stats: trainer.rollout_collect: 0.285 trainer.sample_action: 0.003 trainer.obs_insert: 0.000 trainer.step_env: 0.005 trainer.update_stats: 0.001 trainer.update_agent: 0.035
2026-08-11 17:26:02,470 update: 6230	fps: 496.317	
2026-08-11 17:26:02,470 Num updates: 6230	Num frames 996800
2026-08-11 17:26:02,470 Average window size: 50  distance_to_goal: 0.498  distance_to_goal_reward: -0.001  reward: 5.039  spl: 0.821  success: 0.925
2026-08-11 17:26:02,470 	Perf Stats: trainer.rollout_collect: 0.285 trainer.sample_action: 0.003 trainer.obs_insert: 0.000 trainer.step_env: 0.005 trainer.update_stats: 0.001 trainer.update_agent: 0.035
PluginManager::Manager: duplicate static plugin StbImageImporter, ignoring
PluginManager::Manager: duplicate static plugin GltfImporter, ignoring
PluginManager::Manager: duplicate static plugin BasisImporter, ignoring
PluginManager::Manager: duplicate static plugin AssimpImporter, ignoring
PluginManager::Manager: duplicate static plugin AnySceneImporter, ignoring
PluginManager::Manager: duplicate static plugin AnyImageImporter, ignoring
Renderer: NVIDIA GeForce RTX 4070/PCIe/SSE2 by NVIDIA Corporation
OpenGL version: 4.6.0 NVIDIA 580.173.02
Using optional features:
    GL_ARB_vertex_array_object
    GL_ARB_separate_shader_objects
    GL_ARB_robustness
    GL_ARB_texture_storage
    GL_ARB_texture_view
    GL_ARB_framebuffer_no_attachments
    GL_ARB_invalidate_subdata
    GL_ARB_texture_storage_multisample
    GL_ARB_multi_bind
    GL_ARB_direct_state_access
    GL_ARB_get_texture_sub_image
    GL_ARB_texture_filter_anisotropic
    GL_KHR_debug
    GL_KHR_parallel_shader_compile
    GL_NV_depth_buffer_float
Using driver workarounds:
    no-forward-compatible-core-context
    nv-egl-incorrect-gl11-function-pointers
    no-layout-qualifiers-on-old-glsl
    nv-zero-context-profile-mask
    nv-implementation-color-read-format-dsa-broken
    nv-cubemap-inconsistent-compressed-image-size
    nv-cubemap-broken-full-compressed-image-query
    nv-compressed-block-size-in-bits
[17:26:05:158183]:[Warning]:[Scene] SemanticScene.h(331)::checkFileExists : ::loadSemanticSceneDescriptor: File `data/scene_datasets/habitat-test-scenes/van-gogh-room.scn` does not exist.  Aborting load.
[17:26:05:158206]:[Warning]:[Scene] SemanticScene.cpp(123)::loadSemanticSceneDescriptor : SSD File Naming Issue! Neither SemanticAttributes-provided name : `data/scene_datasets/habitat-test-scenes/van-gogh-room.scn` nor constructed filename : `data/scene_datasets/habitat-test-scenes/info_semantic.json` exist on disk.
[17:26:05:158214]:[Error]:[Scene] SemanticScene.cpp(139)::loadSemanticSceneDescriptor : SSD Load Failure! File with SemanticAttributes-provided name `data/scene_datasets/habitat-test-scenes/van-gogh-room.scn` exists but failed to load.
[17:26:05:643623]:[Warning]:[Sim] Simulator.cpp(595)::instanceStageForSceneAttributes : The active scene does not contain semantic annotations : activeSemanticSceneID_ = 0
2026-08-11 17:26:06,369 update: 6240	fps: 496.150	
2026-08-11 17:26:06,369 Num updates: 6240	Num frames 998400
2026-08-11 17:26:06,369 Average window size: 50  distance_to_goal: 0.447  distance_to_goal_reward: -0.001  reward: 5.053  spl: 0.826  success: 0.930
2026-08-11 17:26:06,369 	Perf Stats: trainer.rollout_collect: 0.285 trainer.sample_action: 0.003 trainer.obs_insert: 0.000 trainer.step_env: 0.005 trainer.update_stats: 0.001 trainer.update_agent: 0.035
PluginManager::Manager: duplicate static plugin StbImageImporter, ignoring
PluginManager::Manager: duplicate static plugin GltfImporter, ignoring
PluginManager::Manager: duplicate static plugin BasisImporter, ignoring
PluginManager::Manager: duplicate static plugin AssimpImporter, ignoring
PluginManager::Manager: duplicate static plugin AnySceneImporter, ignoring
PluginManager::Manager: duplicate static plugin AnyImageImporter, ignoring
Renderer: NVIDIA GeForce RTX 4070/PCIe/SSE2 by NVIDIA Corporation
OpenGL version: 4.6.0 NVIDIA 580.173.02
Using optional features:
    GL_ARB_vertex_array_object
    GL_ARB_separate_shader_objects
    GL_ARB_robustness
    GL_ARB_texture_storage
    GL_ARB_texture_view
    GL_ARB_framebuffer_no_attachments
    GL_ARB_invalidate_subdata
    GL_ARB_texture_storage_multisample
    GL_ARB_multi_bind
    GL_ARB_direct_state_access
    GL_ARB_get_texture_sub_image
    GL_ARB_texture_filter_anisotropic
    GL_KHR_debug
    GL_KHR_parallel_shader_compile
    GL_NV_depth_buffer_float
Using driver workarounds:
    no-forward-compatible-core-context
    nv-egl-incorrect-gl11-function-pointers
    no-layout-qualifiers-on-old-glsl
    nv-zero-context-profile-mask
    nv-implementation-color-read-format-dsa-broken
    nv-cubemap-inconsistent-compressed-image-size
    nv-cubemap-broken-full-compressed-image-query
    nv-compressed-block-size-in-bits
[17:26:08:661200]:[Warning]:[Scene] SemanticScene.h(331)::checkFileExists : ::loadSemanticSceneDescriptor: File `data/scene_datasets/habitat-test-scenes/van-gogh-room.scn` does not exist.  Aborting load.
[17:26:08:661218]:[Warning]:[Scene] SemanticScene.cpp(123)::loadSemanticSceneDescriptor : SSD File Naming Issue! Neither SemanticAttributes-provided name : `data/scene_datasets/habitat-test-scenes/van-gogh-room.scn` nor constructed filename : `data/scene_datasets/habitat-test-scenes/info_semantic.json` exist on disk.
[17:26:08:661224]:[Error]:[Scene] SemanticScene.cpp(139)::loadSemanticSceneDescriptor : SSD Load Failure! File with SemanticAttributes-provided name `data/scene_datasets/habitat-test-scenes/van-gogh-room.scn` exists but failed to load.
[17:26:09:181870]:[Warning]:[Sim] Simulator.cpp(595)::instanceStageForSceneAttributes : The active scene does not contain semantic annotations : activeSemanticSceneID_ = 0
PluginManager::Manager: duplicate static plugin StbImageImporter, ignoring
PluginManager::Manager: duplicate static plugin GltfImporter, ignoring
PluginManager::Manager: duplicate static plugin BasisImporter, ignoring
PluginManager::Manager: duplicate static plugin AssimpImporter, ignoring
PluginManager::Manager: duplicate static plugin AnySceneImporter, ignoring
PluginManager::Manager: duplicate static plugin AnyImageImporter, ignoring
Renderer: NVIDIA GeForce RTX 4070/PCIe/SSE2 by NVIDIA Corporation
OpenGL version: 4.6.0 NVIDIA 580.173.02
Using optional features:
    GL_ARB_vertex_array_object
    GL_ARB_separate_shader_objects
    GL_ARB_robustness
    GL_ARB_texture_storage
    GL_ARB_texture_view
    GL_ARB_framebuffer_no_attachments
    GL_ARB_invalidate_subdata
    GL_ARB_texture_storage_multisample
    GL_ARB_multi_bind
    GL_ARB_direct_state_access
    GL_ARB_get_texture_sub_image
    GL_ARB_texture_filter_anisotropic
    GL_KHR_debug
    GL_KHR_parallel_shader_compile
    GL_NV_depth_buffer_float
Using driver workarounds:
    no-forward-compatible-core-context
    nv-egl-incorrect-gl11-function-pointers
    no-layout-qualifiers-on-old-glsl
    nv-zero-context-profile-mask
    nv-implementation-color-read-format-dsa-broken
    nv-cubemap-inconsistent-compressed-image-size
    nv-cubemap-broken-full-compressed-image-query
    nv-compressed-block-size-in-bits
[17:26:09:410745]:[Warning]:[Scene] SemanticScene.h(331)::checkFileExists : ::loadSemanticSceneDescriptor: File `data/scene_datasets/habitat-test-scenes/skokloster-castle.scn` does not exist.  Aborting load.
[17:26:09:410763]:[Warning]:[Scene] SemanticScene.cpp(123)::loadSemanticSceneDescriptor : SSD File Naming Issue! Neither SemanticAttributes-provided name : `data/scene_datasets/habitat-test-scenes/skokloster-castle.scn` nor constructed filename : `data/scene_datasets/habitat-test-scenes/info_semantic.json` exist on disk.
[17:26:09:410770]:[Error]:[Scene] SemanticScene.cpp(139)::loadSemanticSceneDescriptor : SSD Load Failure! File with SemanticAttributes-provided name `data/scene_datasets/habitat-test-scenes/skokloster-castle.scn` exists but failed to load.
[17:26:10:062830]:[Warning]:[Sim] Simulator.cpp(595)::instanceStageForSceneAttributes : The active scene does not contain semantic annotations : activeSemanticSceneID_ = 0
2026-08-11 17:26:10,968 update: 6250	fps: 495.812	
2026-08-11 17:26:10,968 Num updates: 6250	Num frames 1000000
2026-08-11 17:26:10,968 Average window size: 50  distance_to_goal: 0.320  distance_to_goal_reward: -0.001  reward: 4.876  spl: 0.829  success: 0.942
2026-08-11 17:26:10,968 	Perf Stats: trainer.rollout_collect: 0.285 trainer.sample_action: 0.003 trainer.obs_insert: 0.000 trainer.step_env: 0.005 trainer.update_stats: 0.001 trainer.update_agent: 0.035
