Gym has been unmaintained since 2022 and does not support NumPy 2.0 amongst other critical functionality.
Please upgrade to Gymnasium, the maintained drop-in replacement of Gym, or contact the authors of your software and request that they upgrade.
See the migration guide at https://gymnasium.farama.org/introduction/migration_guide/ for additional information.
PluginManager::Manager: duplicate static plugin StbImageImporter, ignoring
PluginManager::Manager: duplicate static plugin GltfImporter, ignoring
PluginManager::Manager: duplicate static plugin BasisImporter, ignoring
PluginManager::Manager: duplicate static plugin AssimpImporter, ignoring
PluginManager::Manager: duplicate static plugin AnySceneImporter, ignoring
PluginManager::Manager: duplicate static plugin AnyImageImporter, ignoring
2026-08-11 19:46:05,739 config: habitat:
  seed: 300
  env_task: DynamicSuccessRewardGymHabitatEnv
  env_task_gym_dependencies: []
  env_task_gym_id: ''
  environment:
    max_episode_steps: 500
    max_episode_seconds: 10000000
    iterator_options:
      cycle: true
      shuffle: true
      group_by_scene: true
      num_episode_sample: -1
      max_scene_repeat_episodes: -1
      max_scene_repeat_steps: 10000
      step_repetition_range: 0.2
  simulator:
    type: Sim-v0
    forward_step_size: 0.25
    turn_angle: 10
    create_renderer: false
    requires_textures: true
    auto_sleep: false
    step_physics: true
    concur_render: false
    needs_markers: true
    update_articulated_agent: true
    scene: data/scene_datasets/habitat-test-scenes/van-gogh-room.glb
    scene_dataset: default
    additional_object_paths: []
    seed: ${habitat.seed}
    default_agent_id: 0
    debug_render: false
    debug_render_articulated_agent: false
    kinematic_mode: false
    should_setup_semantic_ids: true
    debug_render_goal: true
    robot_joint_start_noise: 0.0
    ctrl_freq: 120.0
    ac_freq_ratio: 4
    load_objs: true
    hold_thresh: 0.15
    grasp_impulse: 10000.0
    agents:
      main_agent:
        height: 1.5
        radius: 0.1
        max_climb: 0.2
        max_slope: 45.0
        grasp_managers: 1
        sim_sensors:
          rgb_sensor:
            type: HabitatSimRGBSensor
            height: 256
            width: 256
            position:
            - 0.0
            - 1.25
            - 0.0
            orientation:
            - 0.0
            - 0.0
            - 0.0
            hfov: 90
            sensor_subtype: PINHOLE
            noise_model: None
            noise_model_kwargs: {}
          depth_sensor:
            type: HabitatSimDepthSensor
            height: 256
            width: 256
            position:
            - 0.0
            - 1.25
            - 0.0
            orientation:
            - 0.0
            - 0.0
            - 0.0
            hfov: 90
            sensor_subtype: PINHOLE
            noise_model: None
            noise_model_kwargs: {}
            min_depth: 0.0
            max_depth: 10.0
            normalize_depth: true
        is_set_start_state: false
        start_position:
        - 0.0
        - 0.0
        - 0.0
        start_rotation:
        - 0.0
        - 0.0
        - 0.0
        - 1.0
        joint_start_noise: 0.1
        joint_that_can_control: null
        joint_start_override: null
        articulated_agent_urdf: null
        articulated_agent_type: null
        ik_arm_urdf: null
        motion_data_path: ''
        auto_update_sensor_transform: true
    agents_order:
    - main_agent
    default_agent_navmesh: true
    navmesh_include_static_objects: false
    habitat_sim_v0:
      gpu_device_id: 0
      gpu_gpu: false
      allow_sliding: true
      frustum_culling: true
      enable_physics: false
      enable_hbao: false
      physics_config_file: ./data/default.physics_config.json
      leave_context_with_background_renderer: false
      enable_gfx_replay_save: false
    ep_info: null
    object_ids_start: 100
    renderer:
      enable_batch_renderer: false
      composite_files: null
      classic_replay_renderer: false
  task:
    physics_target_sps: 60.0
    reward_measure: distance_to_goal_reward
    success_measure: spl
    success_reward: 2.5
    slack_reward: -0.01
    end_on_success: true
    type: Nav-v0
    lab_sensors:
      pointgoal_with_gps_compass_sensor:
        type: PointGoalWithGPSCompassSensor
        goal_format: POLAR
        dimensionality: 2
    measurements:
      distance_to_goal:
        type: DistanceToGoal
        distance_to: POINT
      success:
        type: Success
        success_distance: 0.2
      spl:
        type: SPL
      distance_to_goal_reward:
        type: DistanceToGoalReward
    rank0_env0_measure_names:
    - habitat_perf
    rank0_measure_names: []
    goal_sensor_uuid: pointgoal_with_gps_compass
    count_obj_collisions: true
    settle_steps: 5
    constraint_violation_ends_episode: true
    constraint_violation_drops_object: false
    force_regenerate: false
    should_save_to_cache: false
    object_in_hand_sample_prob: 0.167
    min_start_distance: 3.0
    render_target: true
    filter_colliding_states: true
    num_spawn_attempts: 200
    spawn_max_dist_to_obj: 2.0
    base_angle_noise: 0.523599
    spawn_max_dist_to_obj_delta: 0.02
    recep_place_shrink_factor: 0.8
    ee_sample_factor: 0.2
    ee_exclude_region: 0.0
    base_noise: 0.05
    spawn_region_scale: 0.2
    joint_max_impulse: -1.0
    desired_resting_position:
    - 0.5
    - 0.0
    - 1.0
    use_marker_t: true
    cache_robot_init: false
    success_state: 0.0
    should_enforce_target_within_reach: false
    task_spec_base_path: habitat/task/rearrange/pddl/
    task_spec: ''
    pddl_domain_def: replica_cad
    obj_succ_thresh: 0.3
    enable_safe_drop: false
    art_succ_thresh: 0.15
    robot_at_thresh: 2.0
    min_distance_start_agents: -1.0
    actions:
      stop:
        type: StopAction
      move_forward:
        type: MoveForwardAction
        tilt_angle: 15
      turn_left:
        type: TurnLeftAction
        tilt_angle: 15
      turn_right:
        type: TurnRightAction
        tilt_angle: 15
  dataset:
    type: PointNav-v1
    split: train
    scenes_dir: data/scene_datasets
    content_scenes:
    - '*'
    data_path: data/datasets/pointnav/habitat-test-scenes/v1/{split}/{split}.json.gz
    metadata: null
  gym:
    obs_keys: null
    action_keys: null
    achieved_goal_keys: []
    desired_goal_keys: []
habitat_baselines:
  evaluate: false
  trainer_name: ppo
  updater_name: PPO
  distrib_updater_name: DDPPO
  torch_gpu_id: 0
  tensorboard_dir: /home/furp/FURP-2026-AoyeZHANG-RL-Navigation-for-AMR/src/results/closeout_dsr/closeout_dsr_trainseed300_1m_env5/tb
  writer_type: tb
  video_dir: /home/furp/FURP-2026-AoyeZHANG-RL-Navigation-for-AMR/src/results/closeout_dsr/closeout_dsr_trainseed300_1m_env5/video
  video_fps: 10
  test_episode_count: 2
  eval_ckpt_path_dir: data/new_checkpoints
  num_environments: 5
  num_processes: -1
  rollout_storage_name: RolloutStorage
  checkpoint_folder: /home/furp/FURP-2026-AoyeZHANG-RL-Navigation-for-AMR/src/results/closeout_dsr/closeout_dsr_trainseed300_1m_env5/checkpoints
  num_updates: -1
  num_checkpoints: -1
  checkpoint_interval: 625
  total_num_steps: 1000000.0
  log_interval: 10
  log_file: train.log
  force_blind_policy: false
  verbose: true
  vector_env_factory:
    _target_: habitat_baselines.common.HabitatVectorEnvFactory
  evaluator:
    _target_: habitat_baselines.rl.ppo.habitat_evaluator.HabitatEvaluator
  eval_keys_to_include_in_name: []
  force_torch_single_threaded: true
  wb:
    project_name: ''
    entity: ''
    group: ''
    run_name: ''
  load_resume_state_config: true
  eval:
    split: val
    use_ckpt_config: true
    should_load_ckpt: true
    evals_per_ep: 1
    video_option:
    - disk
    - tensorboard
    extra_sim_sensors: {}
  profiling:
    capture_start_step: -1
    num_steps_to_capture: -1
  should_log_single_proc_infos: false
  on_save_ckpt_callback: null
  rl:
    agent:
      type: SingleAgentAccessMgr
      num_agent_types: 1
      num_active_agents_per_type:
      - 1
      num_pool_agents_per_type:
      - 1
      agent_sample_interval: 20
      force_partner_sample_idx: -1
      behavior_latent_dim: -1
      force_all_agents: false
      discrim_reward_weight: 1.0
      allow_self_play: false
      self_play_batched: false
      load_type1_pop_ckpts: null
    preemption:
      append_slurm_job_id: false
      save_resume_state_interval: 100
      save_state_batch_only: false
    policy:
      main_agent:
        name: PointNavResNetPolicy
        action_distribution_type: categorical
        action_dist:
          use_log_std: true
          use_softplus: false
          std_init: ???
          log_std_init: 0.0
          use_std_param: false
          clamp_std: true
          min_std: 1.0e-06
          max_std: 1
          min_log_std: -5
          max_log_std: 2
          action_activation: tanh
          scheduled_std: false
        obs_transforms: {}
        hierarchical_policy: ???
    ppo:
      clip_param: 0.1
      ppo_epoch: 1
      num_mini_batch: 1
      value_loss_coef: 0.5
      entropy_coef: 0.01
      lr: 0.00025
      eps: 1.0e-05
      max_grad_norm: 0.5
      num_steps: 32
      use_gae: true
      use_linear_lr_decay: true
      use_linear_clip_decay: true
      gamma: 0.99
      tau: 0.95
      reward_window_size: 50
      use_normalized_advantage: false
      hidden_size: 512
      entropy_target_factor: 0.0
      use_adaptive_entropy_pen: false
      use_clipped_value_loss: true
      use_double_buffered_sampler: false
    ddppo:
      sync_frac: 0.6
      distrib_backend: GLOO
      rnn_type: GRU
      num_recurrent_layers: 1
      backbone: resnet18
      pretrained_weights: data/ddppo-models/gibson-2plus-resnet50.pth
      pretrained: false
      pretrained_encoder: false
      train_encoder: true
      reset_critic: true
      force_distributed: false
    ver:
      variable_experience: true
      num_inference_workers: 2
      overlap_rollouts_and_learn: false
    auxiliary_losses: {}

2026-08-11 19:46:05,740 Initializing dataset PointNav-v1
2026-08-11 19:46:06,126 There are less scenes (2) than environments (5). Each environment will use all the scenes instead of using a subset.
Gym has been unmaintained since 2022 and does not support NumPy 2.0 amongst other critical functionality.
Please upgrade to Gymnasium, the maintained drop-in replacement of Gym, or contact the authors of your software and request that they upgrade.
See the migration guide at https://gymnasium.farama.org/introduction/migration_guide/ for additional information.
PluginManager::Manager: duplicate static plugin StbImageImporter, ignoring
PluginManager::Manager: duplicate static plugin GltfImporter, ignoring
PluginManager::Manager: duplicate static plugin BasisImporter, ignoring
PluginManager::Manager: duplicate static plugin AssimpImporter, ignoring
PluginManager::Manager: duplicate static plugin AnySceneImporter, ignoring
PluginManager::Manager: duplicate static plugin AnyImageImporter, ignoring
2026-08-11 19:46:08,351 Initializing dataset PointNav-v1
2026-08-11 19:46:08,356 Initializing dataset PointNav-v1
2026-08-11 19:46:08,366 Initializing dataset PointNav-v1
2026-08-11 19:46:08,366 Initializing dataset PointNav-v1
2026-08-11 19:46:08,366 Initializing dataset PointNav-v1
2026-08-11 19:46:08,594 initializing sim Sim-v0
PluginManager::Manager: duplicate static plugin StbImageImporter, ignoring
PluginManager::Manager: duplicate static plugin GltfImporter, ignoring
PluginManager::Manager: duplicate static plugin BasisImporter, ignoring
PluginManager::Manager: duplicate static plugin AssimpImporter, ignoring
PluginManager::Manager: duplicate static plugin AnySceneImporter, ignoring
PluginManager::Manager: duplicate static plugin AnyImageImporter, ignoring
2026-08-11 19:46:08,602 initializing sim Sim-v0
PluginManager::Manager: duplicate static plugin StbImageImporter, ignoring
PluginManager::Manager: duplicate static plugin GltfImporter, ignoring
PluginManager::Manager: duplicate static plugin BasisImporter, ignoring
PluginManager::Manager: duplicate static plugin AssimpImporter, ignoring
PluginManager::Manager: duplicate static plugin AnySceneImporter, ignoring
PluginManager::Manager: duplicate static plugin AnyImageImporter, ignoring
2026-08-11 19:46:08,611 initializing sim Sim-v0
2026-08-11 19:46:08,612 initializing sim Sim-v0
2026-08-11 19:46:08,613 initializing sim Sim-v0
PluginManager::Manager: duplicate static plugin StbImageImporter, ignoring
PluginManager::Manager: duplicate static plugin GltfImporter, ignoring
PluginManager::Manager: duplicate static plugin BasisImporter, ignoring
PluginManager::Manager: duplicate static plugin AssimpImporter, ignoring
PluginManager::Manager: duplicate static plugin AnySceneImporter, ignoring
PluginManager::Manager: duplicate static plugin AnyImageImporter, ignoring
PluginManager::Manager: duplicate static plugin StbImageImporter, ignoring
PluginManager::Manager: duplicate static plugin GltfImporter, ignoring
PluginManager::Manager: duplicate static plugin BasisImporter, ignoring
PluginManager::Manager: duplicate static plugin AssimpImporter, ignoring
PluginManager::Manager: duplicate static plugin AnySceneImporter, ignoring
PluginManager::Manager: duplicate static plugin AnyImageImporter, ignoring
PluginManager::Manager: duplicate static plugin StbImageImporter, ignoring
PluginManager::Manager: duplicate static plugin GltfImporter, ignoring
PluginManager::Manager: duplicate static plugin BasisImporter, ignoring
PluginManager::Manager: duplicate static plugin AssimpImporter, ignoring
PluginManager::Manager: duplicate static plugin AnySceneImporter, ignoring
PluginManager::Manager: duplicate static plugin AnyImageImporter, ignoring
Renderer: NVIDIA GeForce RTX 4070/PCIe/SSE2 by NVIDIA Corporation
OpenGL version: 4.6.0 NVIDIA 580.173.02
Using optional features:
    GL_ARB_vertex_array_object
    GL_ARB_separate_shader_objects
    GL_ARB_robustness
    GL_ARB_texture_storage
    GL_ARB_texture_view
    GL_ARB_framebuffer_no_attachments
    GL_ARB_invalidate_subdata
    GL_ARB_texture_storage_multisample
    GL_ARB_multi_bind
    GL_ARB_direct_state_access
    GL_ARB_get_texture_sub_image
    GL_ARB_texture_filter_anisotropic
    GL_KHR_debug
    GL_KHR_parallel_shader_compile
    GL_NV_depth_buffer_float
Using driver workarounds:
    no-forward-compatible-core-context
    nv-egl-incorrect-gl11-function-pointers
    no-layout-qualifiers-on-old-glsl
    nv-zero-context-profile-mask
    nv-implementation-color-read-format-dsa-broken
    nv-cubemap-inconsistent-compressed-image-size
    nv-cubemap-broken-full-compressed-image-query
    nv-compressed-block-size-in-bits
[19:46:08:827267]:[Warning]:[Metadata] SceneDatasetAttributes.cpp(107)::addNewSceneInstanceToDataset : Dataset : 'default' : Lighting Layout Attributes 'no_lights' specified in Scene Attributes but does not exist in dataset, so creating default.
[19:46:08:827380]:[Warning]:[Scene] SemanticScene.h(331)::checkFileExists : ::loadSemanticSceneDescriptor: File `data/scene_datasets/habitat-test-scenes/skokloster-castle.scn` does not exist.  Aborting load.
[19:46:08:827390]:[Warning]:[Scene] SemanticScene.cpp(123)::loadSemanticSceneDescriptor : SSD File Naming Issue! Neither SemanticAttributes-provided name : `data/scene_datasets/habitat-test-scenes/skokloster-castle.scn` nor constructed filename : `data/scene_datasets/habitat-test-scenes/info_semantic.json` exist on disk.
[19:46:08:827395]:[Error]:[Scene] SemanticScene.cpp(139)::loadSemanticSceneDescriptor : SSD Load Failure! File with SemanticAttributes-provided name `data/scene_datasets/habitat-test-scenes/skokloster-castle.scn` exists but failed to load.
Renderer: NVIDIA GeForce RTX 4070/PCIe/SSE2 by NVIDIA Corporation
OpenGL version: 4.6.0 NVIDIA 580.173.02
Using optional features:
    GL_ARB_vertex_array_object
    GL_ARB_separate_shader_objects
    GL_ARB_robustness
    GL_ARB_texture_storage
    GL_ARB_texture_view
    GL_ARB_framebuffer_no_attachments
    GL_ARB_invalidate_subdata
    GL_ARB_texture_storage_multisample
    GL_ARB_multi_bind
    GL_ARB_direct_state_access
    GL_ARB_get_texture_sub_image
    GL_ARB_texture_filter_anisotropic
    GL_KHR_debug
    GL_KHR_parallel_shader_compile
    GL_NV_depth_buffer_float
Using driver workarounds:
    no-forward-compatible-core-context
    nv-egl-incorrect-gl11-function-pointers
    no-layout-qualifiers-on-old-glsl
    nv-zero-context-profile-mask
    nv-implementation-color-read-format-dsa-broken
    nv-cubemap-inconsistent-compressed-image-size
    nv-cubemap-broken-full-compressed-image-query
    nv-compressed-block-size-in-bits
[19:46:08:832721]:[Warning]:[Metadata] SceneDatasetAttributes.cpp(107)::addNewSceneInstanceToDataset : Dataset : 'default' : Lighting Layout Attributes 'no_lights' specified in Scene Attributes but does not exist in dataset, so creating default.
[19:46:08:832823]:[Warning]:[Scene] SemanticScene.h(331)::checkFileExists : ::loadSemanticSceneDescriptor: File `data/scene_datasets/habitat-test-scenes/skokloster-castle.scn` does not exist.  Aborting load.
[19:46:08:832834]:[Warning]:[Scene] SemanticScene.cpp(123)::loadSemanticSceneDescriptor : SSD File Naming Issue! Neither SemanticAttributes-provided name : `data/scene_datasets/habitat-test-scenes/skokloster-castle.scn` nor constructed filename : `data/scene_datasets/habitat-test-scenes/info_semantic.json` exist on disk.
[19:46:08:832839]:[Error]:[Scene] SemanticScene.cpp(139)::loadSemanticSceneDescriptor : SSD Load Failure! File with SemanticAttributes-provided name `data/scene_datasets/habitat-test-scenes/skokloster-castle.scn` exists but failed to load.
Renderer: NVIDIA GeForce RTX 4070/PCIe/SSE2 by NVIDIA Corporation
OpenGL version: 4.6.0 NVIDIA 580.173.02
Using optional features:
    GL_ARB_vertex_array_object
    GL_ARB_separate_shader_objects
    GL_ARB_robustness
    GL_ARB_texture_storage
    GL_ARB_texture_view
    GL_ARB_framebuffer_no_attachments
    GL_ARB_invalidate_subdata
    GL_ARB_texture_storage_multisample
    GL_ARB_multi_bind
    GL_ARB_direct_state_access
    GL_ARB_get_texture_sub_image
    GL_ARB_texture_filter_anisotropic
    GL_KHR_debug
    GL_KHR_parallel_shader_compile
    GL_NV_depth_buffer_float
Using driver workarounds:
    no-forward-compatible-core-context
    nv-egl-incorrect-gl11-function-pointers
    no-layout-qualifiers-on-old-glsl
    nv-zero-context-profile-mask
    nv-implementation-color-read-format-dsa-broken
    nv-cubemap-inconsistent-compressed-image-size
    nv-cubemap-broken-full-compressed-image-query
    nv-compressed-block-size-in-bits
[19:46:08:837656]:[Warning]:[Metadata] SceneDatasetAttributes.cpp(107)::addNewSceneInstanceToDataset : Dataset : 'default' : Lighting Layout Attributes 'no_lights' specified in Scene Attributes but does not exist in dataset, so creating default.
[19:46:08:837723]:[Warning]:[Scene] SemanticScene.h(331)::checkFileExists : ::loadSemanticSceneDescriptor: File `data/scene_datasets/habitat-test-scenes/van-gogh-room.scn` does not exist.  Aborting load.
[19:46:08:837733]:[Warning]:[Scene] SemanticScene.cpp(123)::loadSemanticSceneDescriptor : SSD File Naming Issue! Neither SemanticAttributes-provided name : `data/scene_datasets/habitat-test-scenes/van-gogh-room.scn` nor constructed filename : `data/scene_datasets/habitat-test-scenes/info_semantic.json` exist on disk.
[19:46:08:837739]:[Error]:[Scene] SemanticScene.cpp(139)::loadSemanticSceneDescriptor : SSD Load Failure! File with SemanticAttributes-provided name `data/scene_datasets/habitat-test-scenes/van-gogh-room.scn` exists but failed to load.
Renderer: NVIDIA GeForce RTX 4070/PCIe/SSE2 by NVIDIA Corporation
OpenGL version: 4.6.0 NVIDIA 580.173.02
Using optional features:
    GL_ARB_vertex_array_object
    GL_ARB_separate_shader_objects
    GL_ARB_robustness
    GL_ARB_texture_storage
    GL_ARB_texture_view
    GL_ARB_framebuffer_no_attachments
    GL_ARB_invalidate_subdata
    GL_ARB_texture_storage_multisample
    GL_ARB_multi_bind
    GL_ARB_direct_state_access
    GL_ARB_get_texture_sub_image
    GL_ARB_texture_filter_anisotropic
    GL_KHR_debug
    GL_KHR_parallel_shader_compile
    GL_NV_depth_buffer_float
Using driver workarounds:
    no-forward-compatible-core-context
    nv-egl-incorrect-gl11-function-pointers
    no-layout-qualifiers-on-old-glsl
    nv-zero-context-profile-mask
    nv-implementation-color-read-format-dsa-broken
    nv-cubemap-inconsistent-compressed-image-size
    nv-cubemap-broken-full-compressed-image-query
    nv-compressed-block-size-in-bits
Renderer: NVIDIA GeForce RTX 4070/PCIe/SSE2 by NVIDIA Corporation
OpenGL version: 4.6.0 NVIDIA 580.173.02
Using optional features:
    GL_ARB_vertex_array_object
    GL_ARB_separate_shader_objects
    GL_ARB_robustness
    GL_ARB_texture_storage
    GL_ARB_texture_view
    GL_ARB_framebuffer_no_attachments
    GL_ARB_invalidate_subdata
    GL_ARB_texture_storage_multisample
    GL_ARB_multi_bind
    GL_ARB_direct_state_access
    GL_ARB_get_texture_sub_image
    GL_ARB_texture_filter_anisotropic
    GL_KHR_debug
    GL_KHR_parallel_shader_compile
    GL_NV_depth_buffer_float
Using driver workarounds:
    no-forward-compatible-core-context
    nv-egl-incorrect-gl11-function-pointers
    no-layout-qualifiers-on-old-glsl
    nv-zero-context-profile-mask
    nv-implementation-color-read-format-dsa-broken
    nv-cubemap-inconsistent-compressed-image-size
    nv-cubemap-broken-full-compressed-image-query
    nv-compressed-block-size-in-bits
[19:46:08:840392]:[Warning]:[Metadata] SceneDatasetAttributes.cpp(107)::addNewSceneInstanceToDataset : Dataset : 'default' : Lighting Layout Attributes 'no_lights' specified in Scene Attributes but does not exist in dataset, so creating default.
[19:46:08:840453]:[Warning]:[Scene] SemanticScene.h(331)::checkFileExists : ::loadSemanticSceneDescriptor: File `data/scene_datasets/habitat-test-scenes/van-gogh-room.scn` does not exist.  Aborting load.
[19:46:08:840462]:[Warning]:[Scene] SemanticScene.cpp(123)::loadSemanticSceneDescriptor : SSD File Naming Issue! Neither SemanticAttributes-provided name : `data/scene_datasets/habitat-test-scenes/van-gogh-room.scn` nor constructed filename : `data/scene_datasets/habitat-test-scenes/info_semantic.json` exist on disk.
[19:46:08:840467]:[Error]:[Scene] SemanticScene.cpp(139)::loadSemanticSceneDescriptor : SSD Load Failure! File with SemanticAttributes-provided name `data/scene_datasets/habitat-test-scenes/van-gogh-room.scn` exists but failed to load.
[19:46:08:840574]:[Warning]:[Metadata] SceneDatasetAttributes.cpp(107)::addNewSceneInstanceToDataset : Dataset : 'default' : Lighting Layout Attributes 'no_lights' specified in Scene Attributes but does not exist in dataset, so creating default.
[19:46:08:840678]:[Warning]:[Scene] SemanticScene.h(331)::checkFileExists : ::loadSemanticSceneDescriptor: File `data/scene_datasets/habitat-test-scenes/skokloster-castle.scn` does not exist.  Aborting load.
[19:46:08:840687]:[Warning]:[Scene] SemanticScene.cpp(123)::loadSemanticSceneDescriptor : SSD File Naming Issue! Neither SemanticAttributes-provided name : `data/scene_datasets/habitat-test-scenes/skokloster-castle.scn` nor constructed filename : `data/scene_datasets/habitat-test-scenes/info_semantic.json` exist on disk.
[19:46:08:840693]:[Error]:[Scene] SemanticScene.cpp(139)::loadSemanticSceneDescriptor : SSD Load Failure! File with SemanticAttributes-provided name `data/scene_datasets/habitat-test-scenes/skokloster-castle.scn` exists but failed to load.
[19:46:09:434741]:[Warning]:[Sim] Simulator.cpp(595)::instanceStageForSceneAttributes : The active scene does not contain semantic annotations : activeSemanticSceneID_ = 0
[19:46:09:435895]:[Warning]:[Sim] Simulator.cpp(595)::instanceStageForSceneAttributes : The active scene does not contain semantic annotations : activeSemanticSceneID_ = 0
2026-08-11 19:46:09,437 Initializing task Nav-v0
2026-08-11 19:46:09,437 Initializing task Nav-v0
[19:46:09:701093]:[Warning]:[Sim] Simulator.cpp(595)::instanceStageForSceneAttributes : The active scene does not contain semantic annotations : activeSemanticSceneID_ = 0
2026-08-11 19:46:09,703 Initializing task Nav-v0
[19:46:09:707930]:[Warning]:[Sim] Simulator.cpp(595)::instanceStageForSceneAttributes : The active scene does not contain semantic annotations : activeSemanticSceneID_ = 0
2026-08-11 19:46:09,709 Initializing task Nav-v0
[19:46:09:712958]:[Warning]:[Sim] Simulator.cpp(595)::instanceStageForSceneAttributes : The active scene does not contain semantic annotations : activeSemanticSceneID_ = 0
2026-08-11 19:46:09,714 Initializing task Nav-v0
2026-08-11 19:46:10,170 Number of params to train: 5821797
2026-08-11 19:46:10,171 Agent number of parameters: 5821797
2026-08-11 19:46:14,534 update: 10	fps: 368.836	
2026-08-11 19:46:14,534 Num updates: 10	Num frames 1600
2026-08-11 19:46:14,534 Average window size: 10  distance_to_goal: 6.426  distance_to_goal_reward: 0.000  reward: -0.023  spl: 0.000  success: 0.000
2026-08-11 19:46:14,534 	Perf Stats: trainer.rollout_collect: 0.384 trainer.sample_action: 0.004 trainer.obs_insert: 0.000 trainer.step_env: 0.007 trainer.update_stats: 0.001 trainer.update_agent: 0.048
2026-08-11 19:46:18,462 update: 20	fps: 387.138	
2026-08-11 19:46:18,462 Num updates: 20	Num frames 3200
2026-08-11 19:46:18,462 Average window size: 20  distance_to_goal: 6.289  distance_to_goal_reward: 0.000  reward: -0.024  spl: 0.000  success: 0.000
2026-08-11 19:46:18,462 	Perf Stats: trainer.rollout_collect: 0.370 trainer.sample_action: 0.003 trainer.obs_insert: 0.000 trainer.step_env: 0.007 trainer.update_stats: 0.001 trainer.update_agent: 0.041
2026-08-11 19:46:22,398 update: 30	fps: 393.373	
2026-08-11 19:46:22,398 Num updates: 30	Num frames 4800
2026-08-11 19:46:22,398 Average window size: 30  distance_to_goal: 6.268  distance_to_goal_reward: 0.000  reward: -0.031  spl: 0.000  success: 0.000
2026-08-11 19:46:22,398 	Perf Stats: trainer.rollout_collect: 0.366 trainer.sample_action: 0.003 trainer.obs_insert: 0.000 trainer.step_env: 0.007 trainer.update_stats: 0.001 trainer.update_agent: 0.039
2026-08-11 19:46:26,365 update: 40	fps: 395.807	
2026-08-11 19:46:26,365 Num updates: 40	Num frames 6400
2026-08-11 19:46:26,365 Average window size: 40  distance_to_goal: 6.283  distance_to_goal_reward: 0.000  reward: -0.032  spl: 0.000  success: 0.000
2026-08-11 19:46:26,365 	Perf Stats: trainer.rollout_collect: 0.364 trainer.sample_action: 0.003 trainer.obs_insert: 0.000 trainer.step_env: 0.007 trainer.update_stats: 0.001 trainer.update_agent: 0.038
2026-08-11 19:46:30,420 update: 50	fps: 395.560	
2026-08-11 19:46:30,420 Num updates: 50	Num frames 8000
2026-08-11 19:46:30,420 Average window size: 50  distance_to_goal: 6.330  distance_to_goal_reward: 0.000  reward: -0.031  spl: 0.000  success: 0.000
2026-08-11 19:46:30,420 	Perf Stats: trainer.rollout_collect: 0.365 trainer.sample_action: 0.003 trainer.obs_insert: 0.000 trainer.step_env: 0.007 trainer.update_stats: 0.001 trainer.update_agent: 0.037
2026-08-11 19:46:34,468 update: 60	fps: 395.515	
2026-08-11 19:46:34,468 Num updates: 60	Num frames 9600
2026-08-11 19:46:34,468 Average window size: 50  distance_to_goal: 6.274  distance_to_goal_reward: 0.000  reward: -0.025  spl: 0.000  success: 0.000
2026-08-11 19:46:34,468 	Perf Stats: trainer.rollout_collect: 0.366 trainer.sample_action: 0.003 trainer.obs_insert: 0.000 trainer.step_env: 0.007 trainer.update_stats: 0.001 trainer.update_agent: 0.037
2026-08-11 19:46:38,488 update: 70	fps: 395.864	
2026-08-11 19:46:38,488 Num updates: 70	Num frames 11200
2026-08-11 19:46:38,488 Average window size: 50  distance_to_goal: 6.303  distance_to_goal_reward: 0.000  reward: -0.027  spl: 0.000  success: 0.000
2026-08-11 19:46:38,488 	Perf Stats: trainer.rollout_collect: 0.366 trainer.sample_action: 0.003 trainer.obs_insert: 0.000 trainer.step_env: 0.007 trainer.update_stats: 0.001 trainer.update_agent: 0.037
2026-08-11 19:46:42,486 update: 80	fps: 396.397	
2026-08-11 19:46:42,487 Num updates: 80	Num frames 12800
2026-08-11 19:46:42,487 Average window size: 50  distance_to_goal: 6.287  distance_to_goal_reward: 0.000  reward: -0.021  spl: 0.000  success: 0.000
2026-08-11 19:46:42,487 	Perf Stats: trainer.rollout_collect: 0.366 trainer.sample_action: 0.003 trainer.obs_insert: 0.000 trainer.step_env: 0.007 trainer.update_stats: 0.001 trainer.update_agent: 0.036
2026-08-11 19:46:46,381 update: 90	fps: 397.953	
2026-08-11 19:46:46,381 Num updates: 90	Num frames 14400
2026-08-11 19:46:46,381 Average window size: 50  distance_to_goal: 6.208  distance_to_goal_reward: 0.000  reward: -0.010  spl: 0.001  success: 0.001
2026-08-11 19:46:46,381 	Perf Stats: trainer.rollout_collect: 0.364 trainer.sample_action: 0.003 trainer.obs_insert: 0.000 trainer.step_env: 0.007 trainer.update_stats: 0.001 trainer.update_agent: 0.036
2026-08-11 19:46:50,162 update: 100	fps: 400.336	
2026-08-11 19:46:50,162 Num updates: 100	Num frames 16000
2026-08-11 19:46:50,162 Average window size: 50  distance_to_goal: 5.974  distance_to_goal_reward: 0.000  reward: -0.004  spl: 0.001  success: 0.001
2026-08-11 19:46:50,162 	Perf Stats: trainer.rollout_collect: 0.361 trainer.sample_action: 0.003 trainer.obs_insert: 0.000 trainer.step_env: 0.007 trainer.update_stats: 0.001 trainer.update_agent: 0.036
2026-08-11 19:46:53,731 update: 110	fps: 404.266	
2026-08-11 19:46:53,731 Num updates: 110	Num frames 17600
2026-08-11 19:46:53,731 Average window size: 50  distance_to_goal: 5.635  distance_to_goal_reward: 0.000  reward: -0.003  spl: 0.001  success: 0.001
2026-08-11 19:46:53,732 	Perf Stats: trainer.rollout_collect: 0.357 trainer.sample_action: 0.003 trainer.obs_insert: 0.000 trainer.step_env: 0.007 trainer.update_stats: 0.001 trainer.update_agent: 0.036
2026-08-11 19:46:57,438 update: 120	fps: 406.417	
2026-08-11 19:46:57,438 Num updates: 120	Num frames 19200
2026-08-11 19:46:57,438 Average window size: 50  distance_to_goal: 5.251  distance_to_goal_reward: 0.000  reward: 0.016  spl: 0.001  success: 0.001
2026-08-11 19:46:57,438 	Perf Stats: trainer.rollout_collect: 0.355 trainer.sample_action: 0.003 trainer.obs_insert: 0.000 trainer.step_env: 0.007 trainer.update_stats: 0.001 trainer.update_agent: 0.036
2026-08-11 19:47:01,106 update: 130	fps: 408.561	
2026-08-11 19:47:01,106 Num updates: 130	Num frames 20800
2026-08-11 19:47:01,106 Average window size: 50  distance_to_goal: 4.903  distance_to_goal_reward: 0.000  reward: 0.048  spl: 0.001  success: 0.001
2026-08-11 19:47:01,106 	Perf Stats: trainer.rollout_collect: 0.354 trainer.sample_action: 0.003 trainer.obs_insert: 0.000 trainer.step_env: 0.007 trainer.update_stats: 0.001 trainer.update_agent: 0.036
2026-08-11 19:47:04,624 update: 140	fps: 411.549	
2026-08-11 19:47:04,624 Num updates: 140	Num frames 22400
2026-08-11 19:47:04,624 Average window size: 50  distance_to_goal: 4.505  distance_to_goal_reward: 0.000  reward: 0.072  spl: 0.000  success: 0.000
2026-08-11 19:47:04,624 	Perf Stats: trainer.rollout_collect: 0.351 trainer.sample_action: 0.003 trainer.obs_insert: 0.000 trainer.step_env: 0.007 trainer.update_stats: 0.001 trainer.update_agent: 0.036
2026-08-11 19:47:08,073 update: 150	fps: 414.673	
2026-08-11 19:47:08,073 Num updates: 150	Num frames 24000
2026-08-11 19:47:08,073 Average window size: 50  distance_to_goal: 4.165  distance_to_goal_reward: 0.000  reward: 0.097  spl: 0.000  success: 0.000
2026-08-11 19:47:08,073 	Perf Stats: trainer.rollout_collect: 0.348 trainer.sample_action: 0.003 trainer.obs_insert: 0.000 trainer.step_env: 0.007 trainer.update_stats: 0.001 trainer.update_agent: 0.036
2026-08-11 19:47:11,468 update: 160	fps: 417.806	
2026-08-11 19:47:11,468 Num updates: 160	Num frames 25600
2026-08-11 19:47:11,468 Average window size: 50  distance_to_goal: 4.214  distance_to_goal_reward: 0.000  reward: 0.150  spl: 0.002  success: 0.002
2026-08-11 19:47:11,468 	Perf Stats: trainer.rollout_collect: 0.345 trainer.sample_action: 0.003 trainer.obs_insert: 0.000 trainer.step_env: 0.007 trainer.update_stats: 0.001 trainer.update_agent: 0.036
2026-08-11 19:47:14,755 update: 170	fps: 421.320	
2026-08-11 19:47:14,755 Num updates: 170	Num frames 27200
2026-08-11 19:47:14,755 Average window size: 50  distance_to_goal: 3.821  distance_to_goal_reward: 0.000  reward: 0.197  spl: 0.002  success: 0.002
2026-08-11 19:47:14,755 	Perf Stats: trainer.rollout_collect: 0.342 trainer.sample_action: 0.003 trainer.obs_insert: 0.000 trainer.step_env: 0.007 trainer.update_stats: 0.001 trainer.update_agent: 0.036
2026-08-11 19:47:18,085 update: 180	fps: 424.217	
2026-08-11 19:47:18,086 Num updates: 180	Num frames 28800
2026-08-11 19:47:18,086 Average window size: 50  distance_to_goal: 3.103  distance_to_goal_reward: 0.000  reward: 0.230  spl: 0.003  success: 0.003
2026-08-11 19:47:18,086 	Perf Stats: trainer.rollout_collect: 0.340 trainer.sample_action: 0.003 trainer.obs_insert: 0.000 trainer.step_env: 0.006 trainer.update_stats: 0.001 trainer.update_agent: 0.036
2026-08-11 19:47:21,504 update: 190	fps: 426.319	
2026-08-11 19:47:21,504 Num updates: 190	Num frames 30400
2026-08-11 19:47:21,504 Average window size: 50  distance_to_goal: 2.851  distance_to_goal_reward: 0.000  reward: 0.292  spl: 0.003  success: 0.003
2026-08-11 19:47:21,504 	Perf Stats: trainer.rollout_collect: 0.338 trainer.sample_action: 0.003 trainer.obs_insert: 0.000 trainer.step_env: 0.006 trainer.update_stats: 0.001 trainer.update_agent: 0.036
2026-08-11 19:47:25,204 update: 200	fps: 426.618	
2026-08-11 19:47:25,204 Num updates: 200	Num frames 32000
2026-08-11 19:47:25,204 Average window size: 50  distance_to_goal: 3.009  distance_to_goal_reward: 0.000  reward: 0.324  spl: 0.004  success: 0.004
2026-08-11 19:47:25,204 	Perf Stats: trainer.rollout_collect: 0.337 trainer.sample_action: 0.003 trainer.obs_insert: 0.000 trainer.step_env: 0.006 trainer.update_stats: 0.001 trainer.update_agent: 0.036
2026-08-11 19:47:28,794 update: 210	fps: 427.489	
2026-08-11 19:47:28,803 Num updates: 210	Num frames 33600
2026-08-11 19:47:28,803 Average window size: 50  distance_to_goal: 3.430  distance_to_goal_reward: 0.000  reward: 0.261  spl: 0.001  success: 0.001
2026-08-11 19:47:28,803 	Perf Stats: trainer.rollout_collect: 0.336 trainer.sample_action: 0.003 trainer.obs_insert: 0.000 trainer.step_env: 0.006 trainer.update_stats: 0.001 trainer.update_agent: 0.036
2026-08-11 19:47:32,003 update: 220	fps: 430.277	
2026-08-11 19:47:32,004 Num updates: 220	Num frames 35200
2026-08-11 19:47:32,004 Average window size: 50  distance_to_goal: 3.480  distance_to_goal_reward: 0.000  reward: 0.311  spl: 0.005  success: 0.005
2026-08-11 19:47:32,004 	Perf Stats: trainer.rollout_collect: 0.334 trainer.sample_action: 0.003 trainer.obs_insert: 0.000 trainer.step_env: 0.006 trainer.update_stats: 0.001 trainer.update_agent: 0.036
2026-08-11 19:47:35,314 update: 230	fps: 432.341	
2026-08-11 19:47:35,314 Num updates: 230	Num frames 36800
2026-08-11 19:47:35,314 Average window size: 50  distance_to_goal: 3.495  distance_to_goal_reward: 0.000  reward: 0.307  spl: 0.006  success: 0.006
2026-08-11 19:47:35,314 	Perf Stats: trainer.rollout_collect: 0.332 trainer.sample_action: 0.003 trainer.obs_insert: 0.000 trainer.step_env: 0.006 trainer.update_stats: 0.001 trainer.update_agent: 0.036
2026-08-11 19:47:38,543 update: 240	fps: 434.649	
2026-08-11 19:47:38,543 Num updates: 240	Num frames 38400
2026-08-11 19:47:38,543 Average window size: 50  distance_to_goal: 3.453  distance_to_goal_reward: 0.000  reward: 0.381  spl: 0.007  success: 0.007
2026-08-11 19:47:38,543 	Perf Stats: trainer.rollout_collect: 0.330 trainer.sample_action: 0.003 trainer.obs_insert: 0.000 trainer.step_env: 0.006 trainer.update_stats: 0.001 trainer.update_agent: 0.036
2026-08-11 19:47:41,800 update: 250	fps: 436.661	
2026-08-11 19:47:41,800 Num updates: 250	Num frames 40000
2026-08-11 19:47:41,800 Average window size: 50  distance_to_goal: 3.104  distance_to_goal_reward: 0.000  reward: 0.454  spl: 0.009  success: 0.011
2026-08-11 19:47:41,800 	Perf Stats: trainer.rollout_collect: 0.329 trainer.sample_action: 0.003 trainer.obs_insert: 0.000 trainer.step_env: 0.006 trainer.update_stats: 0.001 trainer.update_agent: 0.036
2026-08-11 19:47:45,037 update: 260	fps: 438.626	
2026-08-11 19:47:45,037 Num updates: 260	Num frames 41600
2026-08-11 19:47:45,037 Average window size: 50  distance_to_goal: 2.131  distance_to_goal_reward: 0.000  reward: 0.672  spl: 0.012  success: 0.014
2026-08-11 19:47:45,038 	Perf Stats: trainer.rollout_collect: 0.327 trainer.sample_action: 0.003 trainer.obs_insert: 0.000 trainer.step_env: 0.006 trainer.update_stats: 0.001 trainer.update_agent: 0.036
2026-08-11 19:47:48,326 update: 270	fps: 440.230	
2026-08-11 19:47:48,326 Num updates: 270	Num frames 43200
2026-08-11 19:47:48,326 Average window size: 50  distance_to_goal: 2.289  distance_to_goal_reward: 0.000  reward: 0.582  spl: 0.007  success: 0.009
2026-08-11 19:47:48,326 	Perf Stats: trainer.rollout_collect: 0.326 trainer.sample_action: 0.003 trainer.obs_insert: 0.000 trainer.step_env: 0.006 trainer.update_stats: 0.001 trainer.update_agent: 0.035
PluginManager::Manager: duplicate static plugin StbImageImporter, ignoring
PluginManager::Manager: duplicate static plugin GltfImporter, ignoring
PluginManager::Manager: duplicate static plugin BasisImporter, ignoring
PluginManager::Manager: duplicate static plugin AssimpImporter, ignoring
PluginManager::Manager: duplicate static plugin AnySceneImporter, ignoring
PluginManager::Manager: duplicate static plugin AnyImageImporter, ignoring
Renderer: NVIDIA GeForce RTX 4070/PCIe/SSE2 by NVIDIA Corporation
OpenGL version: 4.6.0 NVIDIA 580.173.02
Using optional features:
    GL_ARB_vertex_array_object
    GL_ARB_separate_shader_objects
    GL_ARB_robustness
    GL_ARB_texture_storage
    GL_ARB_texture_view
    GL_ARB_framebuffer_no_attachments
    GL_ARB_invalidate_subdata
    GL_ARB_texture_storage_multisample
    GL_ARB_multi_bind
    GL_ARB_direct_state_access
    GL_ARB_get_texture_sub_image
    GL_ARB_texture_filter_anisotropic
    GL_KHR_debug
    GL_KHR_parallel_shader_compile
    GL_NV_depth_buffer_float
Using driver workarounds:
    no-forward-compatible-core-context
    nv-egl-incorrect-gl11-function-pointers
    no-layout-qualifiers-on-old-glsl
    nv-zero-context-profile-mask
    nv-implementation-color-read-format-dsa-broken
    nv-cubemap-inconsistent-compressed-image-size
    nv-cubemap-broken-full-compressed-image-query
    nv-compressed-block-size-in-bits
[19:47:49:472615]:[Warning]:[Scene] SemanticScene.h(331)::checkFileExists : ::loadSemanticSceneDescriptor: File `data/scene_datasets/habitat-test-scenes/van-gogh-room.scn` does not exist.  Aborting load.
[19:47:49:472631]:[Warning]:[Scene] SemanticScene.cpp(123)::loadSemanticSceneDescriptor : SSD File Naming Issue! Neither SemanticAttributes-provided name : `data/scene_datasets/habitat-test-scenes/van-gogh-room.scn` nor constructed filename : `data/scene_datasets/habitat-test-scenes/info_semantic.json` exist on disk.
[19:47:49:472636]:[Error]:[Scene] SemanticScene.cpp(139)::loadSemanticSceneDescriptor : SSD Load Failure! File with SemanticAttributes-provided name `data/scene_datasets/habitat-test-scenes/van-gogh-room.scn` exists but failed to load.
[19:47:49:949725]:[Warning]:[Sim] Simulator.cpp(595)::instanceStageForSceneAttributes : The active scene does not contain semantic annotations : activeSemanticSceneID_ = 0
2026-08-11 19:47:52,138 update: 280	fps: 439.462	
2026-08-11 19:47:52,139 Num updates: 280	Num frames 44800
2026-08-11 19:47:52,139 Average window size: 50  distance_to_goal: 2.299  distance_to_goal_reward: 0.000  reward: 0.624  spl: 0.009  success: 0.011
2026-08-11 19:47:52,139 	Perf Stats: trainer.rollout_collect: 0.326 trainer.sample_action: 0.003 trainer.obs_insert: 0.000 trainer.step_env: 0.006 trainer.update_stats: 0.001 trainer.update_agent: 0.035
PluginManager::Manager: duplicate static plugin StbImageImporter, ignoring
PluginManager::Manager: duplicate static plugin GltfImporter, ignoring
PluginManager::Manager: duplicate static plugin BasisImporter, ignoring
PluginManager::Manager: duplicate static plugin AssimpImporter, ignoring
PluginManager::Manager: duplicate static plugin AnySceneImporter, ignoring
PluginManager::Manager: duplicate static plugin AnyImageImporter, ignoring
Renderer: NVIDIA GeForce RTX 4070/PCIe/SSE2 by NVIDIA Corporation
OpenGL version: 4.6.0 NVIDIA 580.173.02
Using optional features:
    GL_ARB_vertex_array_object
    GL_ARB_separate_shader_objects
    GL_ARB_robustness
    GL_ARB_texture_storage
    GL_ARB_texture_view
    GL_ARB_framebuffer_no_attachments
    GL_ARB_invalidate_subdata
    GL_ARB_texture_storage_multisample
    GL_ARB_multi_bind
    GL_ARB_direct_state_access
    GL_ARB_get_texture_sub_image
    GL_ARB_texture_filter_anisotropic
    GL_KHR_debug
    GL_KHR_parallel_shader_compile
    GL_NV_depth_buffer_float
Using driver workarounds:
    no-forward-compatible-core-context
    nv-egl-incorrect-gl11-function-pointers
    no-layout-qualifiers-on-old-glsl
    nv-zero-context-profile-mask
    nv-implementation-color-read-format-dsa-broken
    nv-cubemap-inconsistent-compressed-image-size
    nv-cubemap-broken-full-compressed-image-query
    nv-compressed-block-size-in-bits
[19:47:53:743300]:[Warning]:[Scene] SemanticScene.h(331)::checkFileExists : ::loadSemanticSceneDescriptor: File `data/scene_datasets/habitat-test-scenes/skokloster-castle.scn` does not exist.  Aborting load.
[19:47:53:743318]:[Warning]:[Scene] SemanticScene.cpp(123)::loadSemanticSceneDescriptor : SSD File Naming Issue! Neither SemanticAttributes-provided name : `data/scene_datasets/habitat-test-scenes/skokloster-castle.scn` nor constructed filename : `data/scene_datasets/habitat-test-scenes/info_semantic.json` exist on disk.
[19:47:53:743327]:[Error]:[Scene] SemanticScene.cpp(139)::loadSemanticSceneDescriptor : SSD Load Failure! File with SemanticAttributes-provided name `data/scene_datasets/habitat-test-scenes/skokloster-castle.scn` exists but failed to load.
[19:47:54:362767]:[Warning]:[Sim] Simulator.cpp(595)::instanceStageForSceneAttributes : The active scene does not contain semantic annotations : activeSemanticSceneID_ = 0
2026-08-11 19:47:56,008 update: 290	fps: 438.511	
2026-08-11 19:47:56,008 Num updates: 290	Num frames 46400
2026-08-11 19:47:56,008 Average window size: 50  distance_to_goal: 2.321  distance_to_goal_reward: 0.000  reward: 0.602  spl: 0.014  success: 0.017
2026-08-11 19:47:56,008 	Perf Stats: trainer.rollout_collect: 0.327 trainer.sample_action: 0.003 trainer.obs_insert: 0.000 trainer.step_env: 0.006 trainer.update_stats: 0.001 trainer.update_agent: 0.035
2026-08-11 19:47:59,418 update: 300	fps: 439.471	
2026-08-11 19:47:59,418 Num updates: 300	Num frames 48000
2026-08-11 19:47:59,418 Average window size: 50  distance_to_goal: 2.436  distance_to_goal_reward: 0.000  reward: 0.624  spl: 0.015  success: 0.016
2026-08-11 19:47:59,418 	Perf Stats: trainer.rollout_collect: 0.326 trainer.sample_action: 0.003 trainer.obs_insert: 0.000 trainer.step_env: 0.006 trainer.update_stats: 0.001 trainer.update_agent: 0.035
2026-08-11 19:48:02,721 update: 310	fps: 440.788	
2026-08-11 19:48:02,721 Num updates: 310	Num frames 49600
2026-08-11 19:48:02,721 Average window size: 50  distance_to_goal: 2.444  distance_to_goal_reward: 0.000  reward: 0.658  spl: 0.015  success: 0.016
2026-08-11 19:48:02,721 	Perf Stats: trainer.rollout_collect: 0.325 trainer.sample_action: 0.003 trainer.obs_insert: 0.000 trainer.step_env: 0.006 trainer.update_stats: 0.001 trainer.update_agent: 0.035
2026-08-11 19:48:06,121 update: 320	fps: 441.665	
2026-08-11 19:48:06,121 Num updates: 320	Num frames 51200
2026-08-11 19:48:06,121 Average window size: 50  distance_to_goal: 2.357  distance_to_goal_reward: 0.000  reward: 0.724  spl: 0.016  success: 0.017
2026-08-11 19:48:06,121 	Perf Stats: trainer.rollout_collect: 0.324 trainer.sample_action: 0.003 trainer.obs_insert: 0.000 trainer.step_env: 0.006 trainer.update_stats: 0.001 trainer.update_agent: 0.035
PluginManager::Manager: duplicate static plugin StbImageImporter, ignoring
PluginManager::Manager: duplicate static plugin GltfImporter, ignoring
PluginManager::Manager: duplicate static plugin BasisImporter, ignoring
PluginManager::Manager: duplicate static plugin AssimpImporter, ignoring
PluginManager::Manager: duplicate static plugin AnySceneImporter, ignoring
PluginManager::Manager: duplicate static plugin AnyImageImporter, ignoring
Renderer: NVIDIA GeForce RTX 4070/PCIe/SSE2 by NVIDIA Corporation
OpenGL version: 4.6.0 NVIDIA 580.173.02
Using optional features:
    GL_ARB_vertex_array_object
    GL_ARB_separate_shader_objects
    GL_ARB_robustness
    GL_ARB_texture_storage
    GL_ARB_texture_view
    GL_ARB_framebuffer_no_attachments
    GL_ARB_invalidate_subdata
    GL_ARB_texture_storage_multisample
    GL_ARB_multi_bind
    GL_ARB_direct_state_access
    GL_ARB_get_texture_sub_image
    GL_ARB_texture_filter_anisotropic
    GL_KHR_debug
    GL_KHR_parallel_shader_compile
    GL_NV_depth_buffer_float
Using driver workarounds:
    no-forward-compatible-core-context
    nv-egl-incorrect-gl11-function-pointers
    no-layout-qualifiers-on-old-glsl
    nv-zero-context-profile-mask
    nv-implementation-color-read-format-dsa-broken
    nv-cubemap-inconsistent-compressed-image-size
    nv-cubemap-broken-full-compressed-image-query
    nv-compressed-block-size-in-bits
[19:48:07:357066]:[Warning]:[Scene] SemanticScene.h(331)::checkFileExists : ::loadSemanticSceneDescriptor: File `data/scene_datasets/habitat-test-scenes/van-gogh-room.scn` does not exist.  Aborting load.
[19:48:07:357084]:[Warning]:[Scene] SemanticScene.cpp(123)::loadSemanticSceneDescriptor : SSD File Naming Issue! Neither SemanticAttributes-provided name : `data/scene_datasets/habitat-test-scenes/van-gogh-room.scn` nor constructed filename : `data/scene_datasets/habitat-test-scenes/info_semantic.json` exist on disk.
[19:48:07:357098]:[Error]:[Scene] SemanticScene.cpp(139)::loadSemanticSceneDescriptor : SSD Load Failure! File with SemanticAttributes-provided name `data/scene_datasets/habitat-test-scenes/van-gogh-room.scn` exists but failed to load.
[19:48:07:830120]:[Warning]:[Sim] Simulator.cpp(595)::instanceStageForSceneAttributes : The active scene does not contain semantic annotations : activeSemanticSceneID_ = 0
2026-08-11 19:48:09,864 update: 330	fps: 441.220	
2026-08-11 19:48:09,864 Num updates: 330	Num frames 52800
2026-08-11 19:48:09,864 Average window size: 50  distance_to_goal: 2.348  distance_to_goal_reward: 0.000  reward: 0.769  spl: 0.019  success: 0.020
2026-08-11 19:48:09,864 	Perf Stats: trainer.rollout_collect: 0.325 trainer.sample_action: 0.003 trainer.obs_insert: 0.000 trainer.step_env: 0.006 trainer.update_stats: 0.001 trainer.update_agent: 0.035
2026-08-11 19:48:13,127 update: 340	fps: 442.523	
2026-08-11 19:48:13,127 Num updates: 340	Num frames 54400
2026-08-11 19:48:13,127 Average window size: 50  distance_to_goal: 2.265  distance_to_goal_reward: 0.000  reward: 0.767  spl: 0.020  success: 0.022
2026-08-11 19:48:13,127 	Perf Stats: trainer.rollout_collect: 0.324 trainer.sample_action: 0.003 trainer.obs_insert: 0.000 trainer.step_env: 0.006 trainer.update_stats: 0.001 trainer.update_agent: 0.035
2026-08-11 19:48:16,387 update: 350	fps: 443.770	
2026-08-11 19:48:16,387 Num updates: 350	Num frames 56000
2026-08-11 19:48:16,387 Average window size: 50  distance_to_goal: 2.112  distance_to_goal_reward: 0.000  reward: 0.693  spl: 0.018  success: 0.019
2026-08-11 19:48:16,387 	Perf Stats: trainer.rollout_collect: 0.323 trainer.sample_action: 0.003 trainer.obs_insert: 0.000 trainer.step_env: 0.006 trainer.update_stats: 0.001 trainer.update_agent: 0.035
PluginManager::Manager: duplicate static plugin StbImageImporter, ignoring
PluginManager::Manager: duplicate static plugin GltfImporter, ignoring
PluginManager::Manager: duplicate static plugin BasisImporter, ignoring
PluginManager::Manager: duplicate static plugin AssimpImporter, ignoring
PluginManager::Manager: duplicate static plugin AnySceneImporter, ignoring
PluginManager::Manager: duplicate static plugin AnyImageImporter, ignoring
Renderer: NVIDIA GeForce RTX 4070/PCIe/SSE2 by NVIDIA Corporation
OpenGL version: 4.6.0 NVIDIA 580.173.02
Using optional features:
    GL_ARB_vertex_array_object
    GL_ARB_separate_shader_objects
    GL_ARB_robustness
    GL_ARB_texture_storage
    GL_ARB_texture_view
    GL_ARB_framebuffer_no_attachments
    GL_ARB_invalidate_subdata
    GL_ARB_texture_storage_multisample
    GL_ARB_multi_bind
    GL_ARB_direct_state_access
    GL_ARB_get_texture_sub_image
    GL_ARB_texture_filter_anisotropic
    GL_KHR_debug
    GL_KHR_parallel_shader_compile
    GL_NV_depth_buffer_float
Using driver workarounds:
    no-forward-compatible-core-context
    nv-egl-incorrect-gl11-function-pointers
    no-layout-qualifiers-on-old-glsl
    nv-zero-context-profile-mask
    nv-implementation-color-read-format-dsa-broken
    nv-cubemap-inconsistent-compressed-image-size
    nv-cubemap-broken-full-compressed-image-query
    nv-compressed-block-size-in-bits
[19:48:17:763652]:[Warning]:[Scene] SemanticScene.h(331)::checkFileExists : ::loadSemanticSceneDescriptor: File `data/scene_datasets/habitat-test-scenes/skokloster-castle.scn` does not exist.  Aborting load.
[19:48:17:763671]:[Warning]:[Scene] SemanticScene.cpp(123)::loadSemanticSceneDescriptor : SSD File Naming Issue! Neither SemanticAttributes-provided name : `data/scene_datasets/habitat-test-scenes/skokloster-castle.scn` nor constructed filename : `data/scene_datasets/habitat-test-scenes/info_semantic.json` exist on disk.
[19:48:17:763680]:[Error]:[Scene] SemanticScene.cpp(139)::loadSemanticSceneDescriptor : SSD Load Failure! File with SemanticAttributes-provided name `data/scene_datasets/habitat-test-scenes/skokloster-castle.scn` exists but failed to load.
[19:48:18:383191]:[Warning]:[Sim] Simulator.cpp(595)::instanceStageForSceneAttributes : The active scene does not contain semantic annotations : activeSemanticSceneID_ = 0
2026-08-11 19:48:20,263 update: 360	fps: 442.847	
2026-08-11 19:48:20,263 Num updates: 360	Num frames 57600
2026-08-11 19:48:20,263 Average window size: 50  distance_to_goal: 2.061  distance_to_goal_reward: 0.000  reward: 0.702  spl: 0.024  success: 0.026
2026-08-11 19:48:20,263 	Perf Stats: trainer.rollout_collect: 0.324 trainer.sample_action: 0.003 trainer.obs_insert: 0.000 trainer.step_env: 0.006 trainer.update_stats: 0.001 trainer.update_agent: 0.035
2026-08-11 19:48:23,468 update: 370	fps: 444.204	
2026-08-11 19:48:23,468 Num updates: 370	Num frames 59200
2026-08-11 19:48:23,468 Average window size: 50  distance_to_goal: 1.931  distance_to_goal_reward: 0.000  reward: 0.725  spl: 0.031  success: 0.034
2026-08-11 19:48:23,468 	Perf Stats: trainer.rollout_collect: 0.323 trainer.sample_action: 0.003 trainer.obs_insert: 0.000 trainer.step_env: 0.006 trainer.update_stats: 0.001 trainer.update_agent: 0.035
PluginManager::Manager: duplicate static plugin StbImageImporter, ignoring
PluginManager::Manager: duplicate static plugin GltfImporter, ignoring
PluginManager::Manager: duplicate static plugin BasisImporter, ignoring
PluginManager::Manager: duplicate static plugin AssimpImporter, ignoring
PluginManager::Manager: duplicate static plugin AnySceneImporter, ignoring
PluginManager::Manager: duplicate static plugin AnyImageImporter, ignoring
Renderer: NVIDIA GeForce RTX 4070/PCIe/SSE2 by NVIDIA Corporation
OpenGL version: 4.6.0 NVIDIA 580.173.02
Using optional features:
    GL_ARB_vertex_array_object
    GL_ARB_separate_shader_objects
    GL_ARB_robustness
    GL_ARB_texture_storage
    GL_ARB_texture_view
    GL_ARB_framebuffer_no_attachments
    GL_ARB_invalidate_subdata
    GL_ARB_texture_storage_multisample
    GL_ARB_multi_bind
    GL_ARB_direct_state_access
    GL_ARB_get_texture_sub_image
    GL_ARB_texture_filter_anisotropic
    GL_KHR_debug
    GL_KHR_parallel_shader_compile
    GL_NV_depth_buffer_float
Using driver workarounds:
    no-forward-compatible-core-context
    nv-egl-incorrect-gl11-function-pointers
    no-layout-qualifiers-on-old-glsl
    nv-zero-context-profile-mask
    nv-implementation-color-read-format-dsa-broken
    nv-cubemap-inconsistent-compressed-image-size
    nv-cubemap-broken-full-compressed-image-query
    nv-compressed-block-size-in-bits
[19:48:24:379482]:[Warning]:[Scene] SemanticScene.h(331)::checkFileExists : ::loadSemanticSceneDescriptor: File `data/scene_datasets/habitat-test-scenes/van-gogh-room.scn` does not exist.  Aborting load.
[19:48:24:379497]:[Warning]:[Scene] SemanticScene.cpp(123)::loadSemanticSceneDescriptor : SSD File Naming Issue! Neither SemanticAttributes-provided name : `data/scene_datasets/habitat-test-scenes/van-gogh-room.scn` nor constructed filename : `data/scene_datasets/habitat-test-scenes/info_semantic.json` exist on disk.
[19:48:24:379502]:[Error]:[Scene] SemanticScene.cpp(139)::loadSemanticSceneDescriptor : SSD Load Failure! File with SemanticAttributes-provided name `data/scene_datasets/habitat-test-scenes/van-gogh-room.scn` exists but failed to load.
[19:48:24:858782]:[Warning]:[Sim] Simulator.cpp(595)::instanceStageForSceneAttributes : The active scene does not contain semantic annotations : activeSemanticSceneID_ = 0
2026-08-11 19:48:27,257 update: 380	fps: 443.597	
2026-08-11 19:48:27,257 Num updates: 380	Num frames 60800
2026-08-11 19:48:27,257 Average window size: 50  distance_to_goal: 1.938  distance_to_goal_reward: 0.000  reward: 0.672  spl: 0.030  success: 0.033
2026-08-11 19:48:27,257 	Perf Stats: trainer.rollout_collect: 0.323 trainer.sample_action: 0.003 trainer.obs_insert: 0.000 trainer.step_env: 0.006 trainer.update_stats: 0.001 trainer.update_agent: 0.035
2026-08-11 19:48:30,466 update: 390	fps: 444.856	
2026-08-11 19:48:30,466 Num updates: 390	Num frames 62400
2026-08-11 19:48:30,466 Average window size: 50  distance_to_goal: 1.851  distance_to_goal_reward: 0.000  reward: 0.739  spl: 0.028  success: 0.033
2026-08-11 19:48:30,466 	Perf Stats: trainer.rollout_collect: 0.322 trainer.sample_action: 0.003 trainer.obs_insert: 0.000 trainer.step_env: 0.006 trainer.update_stats: 0.001 trainer.update_agent: 0.035
2026-08-11 19:48:33,805 update: 400	fps: 445.654	
2026-08-11 19:48:33,805 Num updates: 400	Num frames 64000
2026-08-11 19:48:33,805 Average window size: 50  distance_to_goal: 1.790  distance_to_goal_reward: 0.000  reward: 0.856  spl: 0.042  success: 0.051
2026-08-11 19:48:33,805 	Perf Stats: trainer.rollout_collect: 0.321 trainer.sample_action: 0.003 trainer.obs_insert: 0.000 trainer.step_env: 0.006 trainer.update_stats: 0.001 trainer.update_agent: 0.035
2026-08-11 19:48:36,963 update: 410	fps: 446.964	
2026-08-11 19:48:36,964 Num updates: 410	Num frames 65600
2026-08-11 19:48:36,964 Average window size: 50  distance_to_goal: 1.668  distance_to_goal_reward: 0.000  reward: 0.873  spl: 0.044  success: 0.054
2026-08-11 19:48:36,964 	Perf Stats: trainer.rollout_collect: 0.320 trainer.sample_action: 0.003 trainer.obs_insert: 0.000 trainer.step_env: 0.006 trainer.update_stats: 0.001 trainer.update_agent: 0.035
2026-08-11 19:48:40,135 update: 420	fps: 448.182	
2026-08-11 19:48:40,135 Num updates: 420	Num frames 67200
2026-08-11 19:48:40,135 Average window size: 50  distance_to_goal: 1.553  distance_to_goal_reward: 0.000  reward: 0.896  spl: 0.046  success: 0.058
2026-08-11 19:48:40,135 	Perf Stats: trainer.rollout_collect: 0.319 trainer.sample_action: 0.003 trainer.obs_insert: 0.000 trainer.step_env: 0.006 trainer.update_stats: 0.001 trainer.update_agent: 0.035
2026-08-11 19:48:43,267 update: 430	fps: 449.465	
2026-08-11 19:48:43,267 Num updates: 430	Num frames 68800
2026-08-11 19:48:43,267 Average window size: 50  distance_to_goal: 1.445  distance_to_goal_reward: 0.000  reward: 0.944  spl: 0.052  success: 0.067
2026-08-11 19:48:43,267 	Perf Stats: trainer.rollout_collect: 0.318 trainer.sample_action: 0.003 trainer.obs_insert: 0.000 trainer.step_env: 0.006 trainer.update_stats: 0.001 trainer.update_agent: 0.035
2026-08-11 19:48:46,341 update: 440	fps: 450.862	
2026-08-11 19:48:46,341 Num updates: 440	Num frames 70400
2026-08-11 19:48:46,341 Average window size: 50  distance_to_goal: 1.412  distance_to_goal_reward: 0.000  reward: 0.962  spl: 0.062  success: 0.079
2026-08-11 19:48:46,341 	Perf Stats: trainer.rollout_collect: 0.317 trainer.sample_action: 0.003 trainer.obs_insert: 0.000 trainer.step_env: 0.006 trainer.update_stats: 0.001 trainer.update_agent: 0.035
2026-08-11 19:48:49,469 update: 450	fps: 452.054	
2026-08-11 19:48:49,477 Num updates: 450	Num frames 72000
2026-08-11 19:48:49,477 Average window size: 50  distance_to_goal: 1.382  distance_to_goal_reward: 0.000  reward: 0.924  spl: 0.052  success: 0.068
2026-08-11 19:48:49,477 	Perf Stats: trainer.rollout_collect: 0.316 trainer.sample_action: 0.003 trainer.obs_insert: 0.000 trainer.step_env: 0.006 trainer.update_stats: 0.001 trainer.update_agent: 0.035
2026-08-11 19:48:52,606 update: 460	fps: 453.172	
2026-08-11 19:48:52,607 Num updates: 460	Num frames 73600
2026-08-11 19:48:52,607 Average window size: 50  distance_to_goal: 1.503  distance_to_goal_reward: 0.000  reward: 0.810  spl: 0.045  success: 0.060
2026-08-11 19:48:52,607 	Perf Stats: trainer.rollout_collect: 0.315 trainer.sample_action: 0.003 trainer.obs_insert: 0.000 trainer.step_env: 0.006 trainer.update_stats: 0.001 trainer.update_agent: 0.035
2026-08-11 19:48:55,819 update: 470	fps: 454.043	
2026-08-11 19:48:55,819 Num updates: 470	Num frames 75200
2026-08-11 19:48:55,819 Average window size: 50  distance_to_goal: 1.644  distance_to_goal_reward: 0.000  reward: 0.778  spl: 0.055  success: 0.070
2026-08-11 19:48:55,819 	Perf Stats: trainer.rollout_collect: 0.315 trainer.sample_action: 0.003 trainer.obs_insert: 0.000 trainer.step_env: 0.006 trainer.update_stats: 0.001 trainer.update_agent: 0.035
2026-08-11 19:48:58,899 update: 480	fps: 455.238	
2026-08-11 19:48:58,899 Num updates: 480	Num frames 76800
2026-08-11 19:48:58,899 Average window size: 50  distance_to_goal: 1.661  distance_to_goal_reward: 0.000  reward: 0.815  spl: 0.055  success: 0.070
2026-08-11 19:48:58,899 	Perf Stats: trainer.rollout_collect: 0.314 trainer.sample_action: 0.003 trainer.obs_insert: 0.000 trainer.step_env: 0.006 trainer.update_stats: 0.001 trainer.update_agent: 0.035
2026-08-11 19:49:02,046 update: 490	fps: 456.210	
2026-08-11 19:49:02,046 Num updates: 490	Num frames 78400
2026-08-11 19:49:02,046 Average window size: 50  distance_to_goal: 1.690  distance_to_goal_reward: 0.000  reward: 0.733  spl: 0.054  success: 0.070
2026-08-11 19:49:02,046 	Perf Stats: trainer.rollout_collect: 0.313 trainer.sample_action: 0.003 trainer.obs_insert: 0.000 trainer.step_env: 0.006 trainer.update_stats: 0.001 trainer.update_agent: 0.035
2026-08-11 19:49:05,387 update: 500	fps: 456.645	
2026-08-11 19:49:05,387 Num updates: 500	Num frames 80000
2026-08-11 19:49:05,387 Average window size: 50  distance_to_goal: 1.617  distance_to_goal_reward: 0.000  reward: 0.810  spl: 0.070  success: 0.085
2026-08-11 19:49:05,387 	Perf Stats: trainer.rollout_collect: 0.312 trainer.sample_action: 0.003 trainer.obs_insert: 0.000 trainer.step_env: 0.006 trainer.update_stats: 0.001 trainer.update_agent: 0.035
2026-08-11 19:49:08,480 update: 510	fps: 457.694	
2026-08-11 19:49:08,481 Num updates: 510	Num frames 81600
2026-08-11 19:49:08,481 Average window size: 50  distance_to_goal: 1.471  distance_to_goal_reward: 0.000  reward: 1.142  spl: 0.109  success: 0.133
2026-08-11 19:49:08,481 	Perf Stats: trainer.rollout_collect: 0.312 trainer.sample_action: 0.003 trainer.obs_insert: 0.000 trainer.step_env: 0.006 trainer.update_stats: 0.001 trainer.update_agent: 0.035
2026-08-11 19:49:11,608 update: 520	fps: 458.624	
2026-08-11 19:49:11,608 Num updates: 520	Num frames 83200
2026-08-11 19:49:11,608 Average window size: 50  distance_to_goal: 1.338  distance_to_goal_reward: 0.000  reward: 1.376  spl: 0.134  success: 0.164
2026-08-11 19:49:11,608 	Perf Stats: trainer.rollout_collect: 0.311 trainer.sample_action: 0.003 trainer.obs_insert: 0.000 trainer.step_env: 0.006 trainer.update_stats: 0.001 trainer.update_agent: 0.035
2026-08-11 19:49:14,655 update: 530	fps: 459.721	
2026-08-11 19:49:14,655 Num updates: 530	Num frames 84800
2026-08-11 19:49:14,655 Average window size: 50  distance_to_goal: 1.210  distance_to_goal_reward: 0.000  reward: 1.512  spl: 0.152  success: 0.193
2026-08-11 19:49:14,655 	Perf Stats: trainer.rollout_collect: 0.310 trainer.sample_action: 0.003 trainer.obs_insert: 0.000 trainer.step_env: 0.006 trainer.update_stats: 0.001 trainer.update_agent: 0.035
2026-08-11 19:49:17,784 update: 540	fps: 460.584	
2026-08-11 19:49:17,784 Num updates: 540	Num frames 86400
2026-08-11 19:49:17,784 Average window size: 50  distance_to_goal: 1.123  distance_to_goal_reward: 0.000  reward: 1.739  spl: 0.191  success: 0.239
2026-08-11 19:49:17,784 	Perf Stats: trainer.rollout_collect: 0.309 trainer.sample_action: 0.003 trainer.obs_insert: 0.000 trainer.step_env: 0.006 trainer.update_stats: 0.001 trainer.update_agent: 0.035
2026-08-11 19:49:20,915 update: 550	fps: 461.412	
2026-08-11 19:49:20,915 Num updates: 550	Num frames 88000
2026-08-11 19:49:20,915 Average window size: 50  distance_to_goal: 1.117  distance_to_goal_reward: 0.000  reward: 1.848  spl: 0.206  success: 0.256
2026-08-11 19:49:20,915 	Perf Stats: trainer.rollout_collect: 0.309 trainer.sample_action: 0.003 trainer.obs_insert: 0.000 trainer.step_env: 0.006 trainer.update_stats: 0.001 trainer.update_agent: 0.035
2026-08-11 19:49:24,002 update: 560	fps: 462.318	
2026-08-11 19:49:24,002 Num updates: 560	Num frames 89600
2026-08-11 19:49:24,002 Average window size: 50  distance_to_goal: 0.963  distance_to_goal_reward: 0.000  reward: 2.243  spl: 0.231  success: 0.286
2026-08-11 19:49:24,002 	Perf Stats: trainer.rollout_collect: 0.308 trainer.sample_action: 0.003 trainer.obs_insert: 0.000 trainer.step_env: 0.006 trainer.update_stats: 0.001 trainer.update_agent: 0.035
2026-08-11 19:49:27,073 update: 570	fps: 463.232	
2026-08-11 19:49:27,074 Num updates: 570	Num frames 91200
2026-08-11 19:49:27,074 Average window size: 50  distance_to_goal: 0.908  distance_to_goal_reward: 0.000  reward: 2.300  spl: 0.226  success: 0.282
2026-08-11 19:49:27,074 	Perf Stats: trainer.rollout_collect: 0.308 trainer.sample_action: 0.003 trainer.obs_insert: 0.000 trainer.step_env: 0.006 trainer.update_stats: 0.001 trainer.update_agent: 0.035
2026-08-11 19:49:30,135 update: 580	fps: 464.142	
2026-08-11 19:49:30,135 Num updates: 580	Num frames 92800
2026-08-11 19:49:30,135 Average window size: 50  distance_to_goal: 0.940  distance_to_goal_reward: 0.000  reward: 2.286  spl: 0.234  success: 0.286
2026-08-11 19:49:30,135 	Perf Stats: trainer.rollout_collect: 0.307 trainer.sample_action: 0.003 trainer.obs_insert: 0.000 trainer.step_env: 0.006 trainer.update_stats: 0.001 trainer.update_agent: 0.035
PluginManager::Manager: duplicate static plugin StbImageImporter, ignoring
PluginManager::Manager: duplicate static plugin GltfImporter, ignoring
PluginManager::Manager: duplicate static plugin BasisImporter, ignoring
PluginManager::Manager: duplicate static plugin AssimpImporter, ignoring
PluginManager::Manager: duplicate static plugin AnySceneImporter, ignoring
PluginManager::Manager: duplicate static plugin AnyImageImporter, ignoring
Renderer: NVIDIA GeForce RTX 4070/PCIe/SSE2 by NVIDIA Corporation
OpenGL version: 4.6.0 NVIDIA 580.173.02
Using optional features:
    GL_ARB_vertex_array_object
    GL_ARB_separate_shader_objects
    GL_ARB_robustness
    GL_ARB_texture_storage
    GL_ARB_texture_view
    GL_ARB_framebuffer_no_attachments
    GL_ARB_invalidate_subdata
    GL_ARB_texture_storage_multisample
    GL_ARB_multi_bind
    GL_ARB_direct_state_access
    GL_ARB_get_texture_sub_image
    GL_ARB_texture_filter_anisotropic
    GL_KHR_debug
    GL_KHR_parallel_shader_compile
    GL_NV_depth_buffer_float
Using driver workarounds:
    no-forward-compatible-core-context
    nv-egl-incorrect-gl11-function-pointers
    no-layout-qualifiers-on-old-glsl
    nv-zero-context-profile-mask
    nv-implementation-color-read-format-dsa-broken
    nv-cubemap-inconsistent-compressed-image-size
    nv-cubemap-broken-full-compressed-image-query
    nv-compressed-block-size-in-bits
[19:49:32:215214]:[Warning]:[Scene] SemanticScene.h(331)::checkFileExists : ::loadSemanticSceneDescriptor: File `data/scene_datasets/habitat-test-scenes/van-gogh-room.scn` does not exist.  Aborting load.
[19:49:32:215230]:[Warning]:[Scene] SemanticScene.cpp(123)::loadSemanticSceneDescriptor : SSD File Naming Issue! Neither SemanticAttributes-provided name : `data/scene_datasets/habitat-test-scenes/van-gogh-room.scn` nor constructed filename : `data/scene_datasets/habitat-test-scenes/info_semantic.json` exist on disk.
[19:49:32:215235]:[Error]:[Scene] SemanticScene.cpp(139)::loadSemanticSceneDescriptor : SSD Load Failure! File with SemanticAttributes-provided name `data/scene_datasets/habitat-test-scenes/van-gogh-room.scn` exists but failed to load.
[19:49:32:653244]:[Warning]:[Sim] Simulator.cpp(595)::instanceStageForSceneAttributes : The active scene does not contain semantic annotations : activeSemanticSceneID_ = 0
2026-08-11 19:49:33,724 update: 590	fps: 463.817	
2026-08-11 19:49:33,724 Num updates: 590	Num frames 94400
2026-08-11 19:49:33,724 Average window size: 50  distance_to_goal: 0.930  distance_to_goal_reward: 0.000  reward: 2.487  spl: 0.259  success: 0.313
2026-08-11 19:49:33,724 	Perf Stats: trainer.rollout_collect: 0.307 trainer.sample_action: 0.003 trainer.obs_insert: 0.000 trainer.step_env: 0.006 trainer.update_stats: 0.001 trainer.update_agent: 0.035
PluginManager::Manager: duplicate static plugin StbImageImporter, ignoring
PluginManager::Manager: duplicate static plugin GltfImporter, ignoring
PluginManager::Manager: duplicate static plugin BasisImporter, ignoring
PluginManager::Manager: duplicate static plugin AssimpImporter, ignoring
PluginManager::Manager: duplicate static plugin AnySceneImporter, ignoring
PluginManager::Manager: duplicate static plugin AnyImageImporter, ignoring
Renderer: NVIDIA GeForce RTX 4070/PCIe/SSE2 by NVIDIA Corporation
OpenGL version: 4.6.0 NVIDIA 580.173.02
Using optional features:
    GL_ARB_vertex_array_object
    GL_ARB_separate_shader_objects
    GL_ARB_robustness
    GL_ARB_texture_storage
    GL_ARB_texture_view
    GL_ARB_framebuffer_no_attachments
    GL_ARB_invalidate_subdata
    GL_ARB_texture_storage_multisample
    GL_ARB_multi_bind
    GL_ARB_direct_state_access
    GL_ARB_get_texture_sub_image
    GL_ARB_texture_filter_anisotropic
    GL_KHR_debug
    GL_KHR_parallel_shader_compile
    GL_NV_depth_buffer_float
Using driver workarounds:
    no-forward-compatible-core-context
    nv-egl-incorrect-gl11-function-pointers
    no-layout-qualifiers-on-old-glsl
    nv-zero-context-profile-mask
    nv-implementation-color-read-format-dsa-broken
    nv-cubemap-inconsistent-compressed-image-size
    nv-cubemap-broken-full-compressed-image-query
    nv-compressed-block-size-in-bits
[19:49:34:054179]:[Warning]:[Scene] SemanticScene.h(331)::checkFileExists : ::loadSemanticSceneDescriptor: File `data/scene_datasets/habitat-test-scenes/skokloster-castle.scn` does not exist.  Aborting load.
[19:49:34:054197]:[Warning]:[Scene] SemanticScene.cpp(123)::loadSemanticSceneDescriptor : SSD File Naming Issue! Neither SemanticAttributes-provided name : `data/scene_datasets/habitat-test-scenes/skokloster-castle.scn` nor constructed filename : `data/scene_datasets/habitat-test-scenes/info_semantic.json` exist on disk.
[19:49:34:054206]:[Error]:[Scene] SemanticScene.cpp(139)::loadSemanticSceneDescriptor : SSD Load Failure! File with SemanticAttributes-provided name `data/scene_datasets/habitat-test-scenes/skokloster-castle.scn` exists but failed to load.
[19:49:34:659830]:[Warning]:[Sim] Simulator.cpp(595)::instanceStageForSceneAttributes : The active scene does not contain semantic annotations : activeSemanticSceneID_ = 0
2026-08-11 19:49:37,511 update: 600	fps: 463.062	
2026-08-11 19:49:37,511 Num updates: 600	Num frames 96000
2026-08-11 19:49:37,512 Average window size: 50  distance_to_goal: 0.844  distance_to_goal_reward: 0.000  reward: 2.712  spl: 0.287  success: 0.355
2026-08-11 19:49:37,512 	Perf Stats: trainer.rollout_collect: 0.308 trainer.sample_action: 0.003 trainer.obs_insert: 0.000 trainer.step_env: 0.006 trainer.update_stats: 0.001 trainer.update_agent: 0.035
2026-08-11 19:49:40,578 update: 610	fps: 463.918	
2026-08-11 19:49:40,578 Num updates: 610	Num frames 97600
2026-08-11 19:49:40,578 Average window size: 50  distance_to_goal: 0.879  distance_to_goal_reward: 0.000  reward: 2.692  spl: 0.296  success: 0.378
2026-08-11 19:49:40,578 	Perf Stats: trainer.rollout_collect: 0.307 trainer.sample_action: 0.003 trainer.obs_insert: 0.000 trainer.step_env: 0.006 trainer.update_stats: 0.001 trainer.update_agent: 0.035
2026-08-11 19:49:43,632 update: 620	fps: 464.775	
2026-08-11 19:49:43,632 Num updates: 620	Num frames 99200
2026-08-11 19:49:43,632 Average window size: 50  distance_to_goal: 0.781  distance_to_goal_reward: 0.000  reward: 2.927  spl: 0.335  success: 0.428
2026-08-11 19:49:43,632 	Perf Stats: trainer.rollout_collect: 0.306 trainer.sample_action: 0.003 trainer.obs_insert: 0.000 trainer.step_env: 0.006 trainer.update_stats: 0.001 trainer.update_agent: 0.035
PluginManager::Manager: duplicate static plugin StbImageImporter, ignoring
PluginManager::Manager: duplicate static plugin GltfImporter, ignoring
PluginManager::Manager: duplicate static plugin BasisImporter, ignoring
PluginManager::Manager: duplicate static plugin AssimpImporter, ignoring
PluginManager::Manager: duplicate static plugin AnySceneImporter, ignoring
PluginManager::Manager: duplicate static plugin AnyImageImporter, ignoring
Renderer: NVIDIA GeForce RTX 4070/PCIe/SSE2 by NVIDIA Corporation
OpenGL version: 4.6.0 NVIDIA 580.173.02
Using optional features:
    GL_ARB_vertex_array_object
    GL_ARB_separate_shader_objects
    GL_ARB_robustness
    GL_ARB_texture_storage
    GL_ARB_texture_view
    GL_ARB_framebuffer_no_attachments
    GL_ARB_invalidate_subdata
    GL_ARB_texture_storage_multisample
    GL_ARB_multi_bind
    GL_ARB_direct_state_access
    GL_ARB_get_texture_sub_image
    GL_ARB_texture_filter_anisotropic
    GL_KHR_debug
    GL_KHR_parallel_shader_compile
    GL_NV_depth_buffer_float
Using driver workarounds:
    no-forward-compatible-core-context
    nv-egl-incorrect-gl11-function-pointers
    no-layout-qualifiers-on-old-glsl
    nv-zero-context-profile-mask
    nv-implementation-color-read-format-dsa-broken
    nv-cubemap-inconsistent-compressed-image-size
    nv-cubemap-broken-full-compressed-image-query
    nv-compressed-block-size-in-bits
[19:49:44:517872]:[Warning]:[Scene] SemanticScene.h(331)::checkFileExists : ::loadSemanticSceneDescriptor: File `data/scene_datasets/habitat-test-scenes/van-gogh-room.scn` does not exist.  Aborting load.
[19:49:44:517888]:[Warning]:[Scene] SemanticScene.cpp(123)::loadSemanticSceneDescriptor : SSD File Naming Issue! Neither SemanticAttributes-provided name : `data/scene_datasets/habitat-test-scenes/van-gogh-room.scn` nor constructed filename : `data/scene_datasets/habitat-test-scenes/info_semantic.json` exist on disk.
[19:49:44:517893]:[Error]:[Scene] SemanticScene.cpp(139)::loadSemanticSceneDescriptor : SSD Load Failure! File with SemanticAttributes-provided name `data/scene_datasets/habitat-test-scenes/van-gogh-room.scn` exists but failed to load.
[19:49:44:959463]:[Warning]:[Sim] Simulator.cpp(595)::instanceStageForSceneAttributes : The active scene does not contain semantic annotations : activeSemanticSceneID_ = 0
2026-08-11 19:49:47,169 update: 630	fps: 464.573	
2026-08-11 19:49:47,169 Num updates: 630	Num frames 100800
2026-08-11 19:49:47,169 Average window size: 50  distance_to_goal: 0.789  distance_to_goal_reward: 0.000  reward: 3.087  spl: 0.374  success: 0.479
2026-08-11 19:49:47,169 	Perf Stats: trainer.rollout_collect: 0.306 trainer.sample_action: 0.003 trainer.obs_insert: 0.000 trainer.step_env: 0.006 trainer.update_stats: 0.001 trainer.update_agent: 0.035
2026-08-11 19:49:50,161 update: 640	fps: 465.528	
2026-08-11 19:49:50,161 Num updates: 640	Num frames 102400
2026-08-11 19:49:50,161 Average window size: 50  distance_to_goal: 0.690  distance_to_goal_reward: 0.000  reward: 3.292  spl: 0.401  success: 0.532
2026-08-11 19:49:50,161 	Perf Stats: trainer.rollout_collect: 0.306 trainer.sample_action: 0.003 trainer.obs_insert: 0.000 trainer.step_env: 0.005 trainer.update_stats: 0.001 trainer.update_agent: 0.035
PluginManager::Manager: duplicate static plugin StbImageImporter, ignoring
PluginManager::Manager: duplicate static plugin GltfImporter, ignoring
PluginManager::Manager: duplicate static plugin BasisImporter, ignoring
PluginManager::Manager: duplicate static plugin AssimpImporter, ignoring
PluginManager::Manager: duplicate static plugin AnySceneImporter, ignoring
PluginManager::Manager: duplicate static plugin AnyImageImporter, ignoring
Renderer: NVIDIA GeForce RTX 4070/PCIe/SSE2 by NVIDIA Corporation
OpenGL version: 4.6.0 NVIDIA 580.173.02
Using optional features:
    GL_ARB_vertex_array_object
    GL_ARB_separate_shader_objects
    GL_ARB_robustness
    GL_ARB_texture_storage
    GL_ARB_texture_view
    GL_ARB_framebuffer_no_attachments
    GL_ARB_invalidate_subdata
    GL_ARB_texture_storage_multisample
    GL_ARB_multi_bind
    GL_ARB_direct_state_access
    GL_ARB_get_texture_sub_image
    GL_ARB_texture_filter_anisotropic
    GL_KHR_debug
    GL_KHR_parallel_shader_compile
    GL_NV_depth_buffer_float
Using driver workarounds:
    no-forward-compatible-core-context
    nv-egl-incorrect-gl11-function-pointers
    no-layout-qualifiers-on-old-glsl
    nv-zero-context-profile-mask
    nv-implementation-color-read-format-dsa-broken
    nv-cubemap-inconsistent-compressed-image-size
    nv-cubemap-broken-full-compressed-image-query
    nv-compressed-block-size-in-bits
[19:49:52:610240]:[Warning]:[Scene] SemanticScene.h(331)::checkFileExists : ::loadSemanticSceneDescriptor: File `data/scene_datasets/habitat-test-scenes/skokloster-castle.scn` does not exist.  Aborting load.
[19:49:52:610258]:[Warning]:[Scene] SemanticScene.cpp(123)::loadSemanticSceneDescriptor : SSD File Naming Issue! Neither SemanticAttributes-provided name : `data/scene_datasets/habitat-test-scenes/skokloster-castle.scn` nor constructed filename : `data/scene_datasets/habitat-test-scenes/info_semantic.json` exist on disk.
[19:49:52:610268]:[Error]:[Scene] SemanticScene.cpp(139)::loadSemanticSceneDescriptor : SSD Load Failure! File with SemanticAttributes-provided name `data/scene_datasets/habitat-test-scenes/skokloster-castle.scn` exists but failed to load.
[19:49:53:215485]:[Warning]:[Sim] Simulator.cpp(595)::instanceStageForSceneAttributes : The active scene does not contain semantic annotations : activeSemanticSceneID_ = 0
2026-08-11 19:49:53,743 update: 650	fps: 465.225	
2026-08-11 19:49:53,744 Num updates: 650	Num frames 104000
2026-08-11 19:49:53,744 Average window size: 50  distance_to_goal: 0.671  distance_to_goal_reward: 0.000  reward: 3.196  spl: 0.408  success: 0.550
2026-08-11 19:49:53,744 	Perf Stats: trainer.rollout_collect: 0.306 trainer.sample_action: 0.003 trainer.obs_insert: 0.000 trainer.step_env: 0.006 trainer.update_stats: 0.001 trainer.update_agent: 0.035
2026-08-11 19:49:56,756 update: 660	fps: 466.101	
2026-08-11 19:49:56,756 Num updates: 660	Num frames 105600
2026-08-11 19:49:56,756 Average window size: 50  distance_to_goal: 0.636  distance_to_goal_reward: 0.000  reward: 2.833  spl: 0.378  success: 0.514
2026-08-11 19:49:56,756 	Perf Stats: trainer.rollout_collect: 0.305 trainer.sample_action: 0.003 trainer.obs_insert: 0.000 trainer.step_env: 0.005 trainer.update_stats: 0.001 trainer.update_agent: 0.035
2026-08-11 19:49:59,792 update: 670	fps: 466.907	
2026-08-11 19:49:59,792 Num updates: 670	Num frames 107200
2026-08-11 19:49:59,792 Average window size: 50  distance_to_goal: 0.744  distance_to_goal_reward: 0.000  reward: 2.463  spl: 0.311  success: 0.455
2026-08-11 19:49:59,792 	Perf Stats: trainer.rollout_collect: 0.305 trainer.sample_action: 0.003 trainer.obs_insert: 0.000 trainer.step_env: 0.005 trainer.update_stats: 0.001 trainer.update_agent: 0.035
2026-08-11 19:50:02,880 update: 680	fps: 467.586	
2026-08-11 19:50:02,880 Num updates: 680	Num frames 108800
2026-08-11 19:50:02,880 Average window size: 50  distance_to_goal: 0.956  distance_to_goal_reward: -0.000  reward: 1.999  spl: 0.192  success: 0.299
2026-08-11 19:50:02,880 	Perf Stats: trainer.rollout_collect: 0.304 trainer.sample_action: 0.003 trainer.obs_insert: 0.000 trainer.step_env: 0.005 trainer.update_stats: 0.001 trainer.update_agent: 0.035
2026-08-11 19:50:05,962 update: 690	fps: 468.261	
2026-08-11 19:50:05,962 Num updates: 690	Num frames 110400
2026-08-11 19:50:05,962 Average window size: 50  distance_to_goal: 0.936  distance_to_goal_reward: -0.000  reward: 1.850  spl: 0.168  success: 0.259
2026-08-11 19:50:05,962 	Perf Stats: trainer.rollout_collect: 0.304 trainer.sample_action: 0.003 trainer.obs_insert: 0.000 trainer.step_env: 0.005 trainer.update_stats: 0.001 trainer.update_agent: 0.035
PluginManager::Manager: duplicate static plugin StbImageImporter, ignoring
PluginManager::Manager: duplicate static plugin GltfImporter, ignoring
PluginManager::Manager: duplicate static plugin BasisImporter, ignoring
PluginManager::Manager: duplicate static plugin AssimpImporter, ignoring
PluginManager::Manager: duplicate static plugin AnySceneImporter, ignoring
PluginManager::Manager: duplicate static plugin AnyImageImporter, ignoring
Renderer: NVIDIA GeForce RTX 4070/PCIe/SSE2 by NVIDIA Corporation
OpenGL version: 4.6.0 NVIDIA 580.173.02
Using optional features:
    GL_ARB_vertex_array_object
    GL_ARB_separate_shader_objects
    GL_ARB_robustness
    GL_ARB_texture_storage
    GL_ARB_texture_view
    GL_ARB_framebuffer_no_attachments
    GL_ARB_invalidate_subdata
    GL_ARB_texture_storage_multisample
    GL_ARB_multi_bind
    GL_ARB_direct_state_access
    GL_ARB_get_texture_sub_image
    GL_ARB_texture_filter_anisotropic
    GL_KHR_debug
    GL_KHR_parallel_shader_compile
    GL_NV_depth_buffer_float
Using driver workarounds:
    no-forward-compatible-core-context
    nv-egl-incorrect-gl11-function-pointers
    no-layout-qualifiers-on-old-glsl
    nv-zero-context-profile-mask
    nv-implementation-color-read-format-dsa-broken
    nv-cubemap-inconsistent-compressed-image-size
    nv-cubemap-broken-full-compressed-image-query
    nv-compressed-block-size-in-bits
[19:50:08:973135]:[Warning]:[Scene] SemanticScene.h(331)::checkFileExists : ::loadSemanticSceneDescriptor: File `data/scene_datasets/habitat-test-scenes/skokloster-castle.scn` does not exist.  Aborting load.
[19:50:08:973170]:[Warning]:[Scene] SemanticScene.cpp(123)::loadSemanticSceneDescriptor : SSD File Naming Issue! Neither SemanticAttributes-provided name : `data/scene_datasets/habitat-test-scenes/skokloster-castle.scn` nor constructed filename : `data/scene_datasets/habitat-test-scenes/info_semantic.json` exist on disk.
[19:50:08:973175]:[Error]:[Scene] SemanticScene.cpp(139)::loadSemanticSceneDescriptor : SSD Load Failure! File with SemanticAttributes-provided name `data/scene_datasets/habitat-test-scenes/skokloster-castle.scn` exists but failed to load.
[19:50:09:586960]:[Warning]:[Sim] Simulator.cpp(595)::instanceStageForSceneAttributes : The active scene does not contain semantic annotations : activeSemanticSceneID_ = 0
2026-08-11 19:50:09,725 update: 700	fps: 467.584	
2026-08-11 19:50:09,725 Num updates: 700	Num frames 112000
2026-08-11 19:50:09,725 Average window size: 50  distance_to_goal: 1.013  distance_to_goal_reward: -0.000  reward: 1.711  spl: 0.166  success: 0.258
2026-08-11 19:50:09,725 	Perf Stats: trainer.rollout_collect: 0.304 trainer.sample_action: 0.003 trainer.obs_insert: 0.000 trainer.step_env: 0.005 trainer.update_stats: 0.001 trainer.update_agent: 0.035
2026-08-11 19:50:12,773 update: 710	fps: 468.304	
2026-08-11 19:50:12,773 Num updates: 710	Num frames 113600
2026-08-11 19:50:12,774 Average window size: 50  distance_to_goal: 1.048  distance_to_goal_reward: -0.000  reward: 1.929  spl: 0.175  success: 0.287
2026-08-11 19:50:12,774 	Perf Stats: trainer.rollout_collect: 0.304 trainer.sample_action: 0.003 trainer.obs_insert: 0.000 trainer.step_env: 0.005 trainer.update_stats: 0.001 trainer.update_agent: 0.035
2026-08-11 19:50:15,857 update: 720	fps: 468.939	
2026-08-11 19:50:15,857 Num updates: 720	Num frames 115200
2026-08-11 19:50:15,857 Average window size: 50  distance_to_goal: 1.012  distance_to_goal_reward: -0.000  reward: 2.078  spl: 0.194  success: 0.305
2026-08-11 19:50:15,857 	Perf Stats: trainer.rollout_collect: 0.303 trainer.sample_action: 0.003 trainer.obs_insert: 0.000 trainer.step_env: 0.005 trainer.update_stats: 0.001 trainer.update_agent: 0.035
2026-08-11 19:50:18,940 update: 730	fps: 469.559	
2026-08-11 19:50:18,940 Num updates: 730	Num frames 116800
2026-08-11 19:50:18,940 Average window size: 50  distance_to_goal: 0.914  distance_to_goal_reward: 0.000  reward: 2.251  spl: 0.233  success: 0.374
2026-08-11 19:50:18,940 	Perf Stats: trainer.rollout_collect: 0.303 trainer.sample_action: 0.003 trainer.obs_insert: 0.000 trainer.step_env: 0.005 trainer.update_stats: 0.001 trainer.update_agent: 0.035
2026-08-11 19:50:22,007 update: 740	fps: 470.193	
2026-08-11 19:50:22,007 Num updates: 740	Num frames 118400
2026-08-11 19:50:22,007 Average window size: 50  distance_to_goal: 1.079  distance_to_goal_reward: 0.000  reward: 2.494  spl: 0.241  success: 0.418
2026-08-11 19:50:22,007 	Perf Stats: trainer.rollout_collect: 0.302 trainer.sample_action: 0.003 trainer.obs_insert: 0.000 trainer.step_env: 0.005 trainer.update_stats: 0.001 trainer.update_agent: 0.035
2026-08-11 19:50:25,104 update: 750	fps: 470.757	
2026-08-11 19:50:25,104 Num updates: 750	Num frames 120000
2026-08-11 19:50:25,104 Average window size: 50  distance_to_goal: 0.906  distance_to_goal_reward: 0.000  reward: 3.200  spl: 0.279  success: 0.475
2026-08-11 19:50:25,104 	Perf Stats: trainer.rollout_collect: 0.302 trainer.sample_action: 0.003 trainer.obs_insert: 0.000 trainer.step_env: 0.005 trainer.update_stats: 0.001 trainer.update_agent: 0.035
2026-08-11 19:50:28,198 update: 760	fps: 471.313	
2026-08-11 19:50:28,198 Num updates: 760	Num frames 121600
2026-08-11 19:50:28,198 Average window size: 50  distance_to_goal: 0.962  distance_to_goal_reward: 0.000  reward: 2.875  spl: 0.307  success: 0.484
2026-08-11 19:50:28,198 	Perf Stats: trainer.rollout_collect: 0.302 trainer.sample_action: 0.003 trainer.obs_insert: 0.000 trainer.step_env: 0.005 trainer.update_stats: 0.001 trainer.update_agent: 0.035
2026-08-11 19:50:31,302 update: 770	fps: 471.838	
2026-08-11 19:50:31,302 Num updates: 770	Num frames 123200
2026-08-11 19:50:31,302 Average window size: 50  distance_to_goal: 0.998  distance_to_goal_reward: 0.000  reward: 3.130  spl: 0.340  success: 0.522
2026-08-11 19:50:31,302 	Perf Stats: trainer.rollout_collect: 0.301 trainer.sample_action: 0.003 trainer.obs_insert: 0.000 trainer.step_env: 0.005 trainer.update_stats: 0.001 trainer.update_agent: 0.035
2026-08-11 19:50:34,428 update: 780	fps: 472.311	
2026-08-11 19:50:34,428 Num updates: 780	Num frames 124800
2026-08-11 19:50:34,428 Average window size: 50  distance_to_goal: 0.762  distance_to_goal_reward: 0.000  reward: 4.055  spl: 0.405  success: 0.612
2026-08-11 19:50:34,428 	Perf Stats: trainer.rollout_collect: 0.301 trainer.sample_action: 0.003 trainer.obs_insert: 0.000 trainer.step_env: 0.005 trainer.update_stats: 0.001 trainer.update_agent: 0.035
2026-08-11 19:50:37,537 update: 790	fps: 472.804	
2026-08-11 19:50:37,537 Num updates: 790	Num frames 126400
2026-08-11 19:50:37,537 Average window size: 50  distance_to_goal: 0.625  distance_to_goal_reward: 0.000  reward: 3.998  spl: 0.394  success: 0.576
2026-08-11 19:50:37,537 	Perf Stats: trainer.rollout_collect: 0.301 trainer.sample_action: 0.003 trainer.obs_insert: 0.000 trainer.step_env: 0.005 trainer.update_stats: 0.001 trainer.update_agent: 0.035
2026-08-11 19:50:40,727 update: 800	fps: 473.144	
2026-08-11 19:50:40,727 Num updates: 800	Num frames 128000
2026-08-11 19:50:40,727 Average window size: 50  distance_to_goal: 0.688  distance_to_goal_reward: 0.000  reward: 3.832  spl: 0.378  success: 0.545
2026-08-11 19:50:40,727 	Perf Stats: trainer.rollout_collect: 0.300 trainer.sample_action: 0.003 trainer.obs_insert: 0.000 trainer.step_env: 0.005 trainer.update_stats: 0.001 trainer.update_agent: 0.035
2026-08-11 19:50:43,829 update: 810	fps: 473.627	
2026-08-11 19:50:43,829 Num updates: 810	Num frames 129600
2026-08-11 19:50:43,829 Average window size: 50  distance_to_goal: 0.600  distance_to_goal_reward: 0.000  reward: 4.043  spl: 0.357  success: 0.513
2026-08-11 19:50:43,829 	Perf Stats: trainer.rollout_collect: 0.300 trainer.sample_action: 0.003 trainer.obs_insert: 0.000 trainer.step_env: 0.005 trainer.update_stats: 0.001 trainer.update_agent: 0.035
2026-08-11 19:50:46,935 update: 820	fps: 474.092	
2026-08-11 19:50:46,935 Num updates: 820	Num frames 131200
2026-08-11 19:50:46,935 Average window size: 50  distance_to_goal: 0.507  distance_to_goal_reward: 0.000  reward: 4.299  spl: 0.360  success: 0.509
2026-08-11 19:50:46,935 	Perf Stats: trainer.rollout_collect: 0.300 trainer.sample_action: 0.003 trainer.obs_insert: 0.000 trainer.step_env: 0.005 trainer.update_stats: 0.001 trainer.update_agent: 0.035
2026-08-11 19:50:50,028 update: 830	fps: 474.569	
2026-08-11 19:50:50,028 Num updates: 830	Num frames 132800
2026-08-11 19:50:50,028 Average window size: 50  distance_to_goal: 0.473  distance_to_goal_reward: 0.000  reward: 4.265  spl: 0.330  success: 0.463
2026-08-11 19:50:50,029 	Perf Stats: trainer.rollout_collect: 0.299 trainer.sample_action: 0.003 trainer.obs_insert: 0.000 trainer.step_env: 0.005 trainer.update_stats: 0.001 trainer.update_agent: 0.035
2026-08-11 19:50:53,137 update: 840	fps: 475.010	
2026-08-11 19:50:53,137 Num updates: 840	Num frames 134400
2026-08-11 19:50:53,137 Average window size: 50  distance_to_goal: 0.519  distance_to_goal_reward: 0.000  reward: 4.365  spl: 0.350  success: 0.495
2026-08-11 19:50:53,137 	Perf Stats: trainer.rollout_collect: 0.299 trainer.sample_action: 0.003 trainer.obs_insert: 0.000 trainer.step_env: 0.005 trainer.update_stats: 0.001 trainer.update_agent: 0.035
2026-08-11 19:50:56,250 update: 850	fps: 475.435	
2026-08-11 19:50:56,250 Num updates: 850	Num frames 136000
2026-08-11 19:50:56,250 Average window size: 50  distance_to_goal: 0.525  distance_to_goal_reward: 0.000  reward: 4.357  spl: 0.377  success: 0.534
2026-08-11 19:50:56,250 	Perf Stats: trainer.rollout_collect: 0.299 trainer.sample_action: 0.003 trainer.obs_insert: 0.000 trainer.step_env: 0.005 trainer.update_stats: 0.001 trainer.update_agent: 0.035
2026-08-11 19:50:59,341 update: 860	fps: 475.886	
2026-08-11 19:50:59,341 Num updates: 860	Num frames 137600
2026-08-11 19:50:59,341 Average window size: 50  distance_to_goal: 0.684  distance_to_goal_reward: -0.000  reward: 4.360  spl: 0.390  success: 0.552
2026-08-11 19:50:59,341 	Perf Stats: trainer.rollout_collect: 0.298 trainer.sample_action: 0.003 trainer.obs_insert: 0.000 trainer.step_env: 0.005 trainer.update_stats: 0.001 trainer.update_agent: 0.035
2026-08-11 19:51:02,420 update: 870	fps: 476.347	
2026-08-11 19:51:02,420 Num updates: 870	Num frames 139200
2026-08-11 19:51:02,420 Average window size: 50  distance_to_goal: 0.684  distance_to_goal_reward: -0.000  reward: 4.272  spl: 0.376  success: 0.558
2026-08-11 19:51:02,420 	Perf Stats: trainer.rollout_collect: 0.298 trainer.sample_action: 0.003 trainer.obs_insert: 0.000 trainer.step_env: 0.005 trainer.update_stats: 0.001 trainer.update_agent: 0.035
PluginManager::Manager: duplicate static plugin StbImageImporter, ignoring
PluginManager::Manager: duplicate static plugin GltfImporter, ignoring
PluginManager::Manager: duplicate static plugin BasisImporter, ignoring
PluginManager::Manager: duplicate static plugin AssimpImporter, ignoring
PluginManager::Manager: duplicate static plugin AnySceneImporter, ignoring
PluginManager::Manager: duplicate static plugin AnyImageImporter, ignoring
Renderer: NVIDIA GeForce RTX 4070/PCIe/SSE2 by NVIDIA Corporation
OpenGL version: 4.6.0 NVIDIA 580.173.02
Using optional features:
    GL_ARB_vertex_array_object
    GL_ARB_separate_shader_objects
    GL_ARB_robustness
    GL_ARB_texture_storage
    GL_ARB_texture_view
    GL_ARB_framebuffer_no_attachments
    GL_ARB_invalidate_subdata
    GL_ARB_texture_storage_multisample
    GL_ARB_multi_bind
    GL_ARB_direct_state_access
    GL_ARB_get_texture_sub_image
    GL_ARB_texture_filter_anisotropic
    GL_KHR_debug
    GL_KHR_parallel_shader_compile
    GL_NV_depth_buffer_float
Using driver workarounds:
    no-forward-compatible-core-context
    nv-egl-incorrect-gl11-function-pointers
    no-layout-qualifiers-on-old-glsl
    nv-zero-context-profile-mask
    nv-implementation-color-read-format-dsa-broken
    nv-cubemap-inconsistent-compressed-image-size
    nv-cubemap-broken-full-compressed-image-query
    nv-compressed-block-size-in-bits
[19:51:03:098721]:[Warning]:[Scene] SemanticScene.h(331)::checkFileExists : ::loadSemanticSceneDescriptor: File `data/scene_datasets/habitat-test-scenes/van-gogh-room.scn` does not exist.  Aborting load.
[19:51:03:098738]:[Warning]:[Scene] SemanticScene.cpp(123)::loadSemanticSceneDescriptor : SSD File Naming Issue! Neither SemanticAttributes-provided name : `data/scene_datasets/habitat-test-scenes/van-gogh-room.scn` nor constructed filename : `data/scene_datasets/habitat-test-scenes/info_semantic.json` exist on disk.
[19:51:03:098743]:[Error]:[Scene] SemanticScene.cpp(139)::loadSemanticSceneDescriptor : SSD Load Failure! File with SemanticAttributes-provided name `data/scene_datasets/habitat-test-scenes/van-gogh-room.scn` exists but failed to load.
[19:51:03:531791]:[Warning]:[Sim] Simulator.cpp(595)::instanceStageForSceneAttributes : The active scene does not contain semantic annotations : activeSemanticSceneID_ = 0
2026-08-11 19:51:05,898 update: 880	fps: 476.155	
2026-08-11 19:51:05,898 Num updates: 880	Num frames 140800
2026-08-11 19:51:05,898 Average window size: 50  distance_to_goal: 0.697  distance_to_goal_reward: -0.000  reward: 4.325  spl: 0.434  success: 0.640
2026-08-11 19:51:05,898 	Perf Stats: trainer.rollout_collect: 0.298 trainer.sample_action: 0.003 trainer.obs_insert: 0.000 trainer.step_env: 0.005 trainer.update_stats: 0.001 trainer.update_agent: 0.035
2026-08-11 19:51:08,957 update: 890	fps: 476.634	
2026-08-11 19:51:08,957 Num updates: 890	Num frames 142400
2026-08-11 19:51:08,957 Average window size: 50  distance_to_goal: 0.618  distance_to_goal_reward: -0.000  reward: 4.425  spl: 0.470  success: 0.691
2026-08-11 19:51:08,957 	Perf Stats: trainer.rollout_collect: 0.298 trainer.sample_action: 0.003 trainer.obs_insert: 0.000 trainer.step_env: 0.005 trainer.update_stats: 0.001 trainer.update_agent: 0.035
2026-08-11 19:51:12,096 update: 900	fps: 476.979	
2026-08-11 19:51:12,096 Num updates: 900	Num frames 144000
2026-08-11 19:51:12,096 Average window size: 50  distance_to_goal: 0.458  distance_to_goal_reward: -0.000  reward: 5.072  spl: 0.523  success: 0.755
2026-08-11 19:51:12,096 	Perf Stats: trainer.rollout_collect: 0.298 trainer.sample_action: 0.003 trainer.obs_insert: 0.000 trainer.step_env: 0.005 trainer.update_stats: 0.001 trainer.update_agent: 0.035
PluginManager::Manager: duplicate static plugin StbImageImporter, ignoring
PluginManager::Manager: duplicate static plugin GltfImporter, ignoring
PluginManager::Manager: duplicate static plugin BasisImporter, ignoring
PluginManager::Manager: duplicate static plugin AssimpImporter, ignoring
PluginManager::Manager: duplicate static plugin AnySceneImporter, ignoring
PluginManager::Manager: duplicate static plugin AnyImageImporter, ignoring
Renderer: NVIDIA GeForce RTX 4070/PCIe/SSE2 by NVIDIA Corporation
OpenGL version: 4.6.0 NVIDIA 580.173.02
Using optional features:
    GL_ARB_vertex_array_object
    GL_ARB_separate_shader_objects
    GL_ARB_robustness
    GL_ARB_texture_storage
    GL_ARB_texture_view
    GL_ARB_framebuffer_no_attachments
    GL_ARB_invalidate_subdata
    GL_ARB_texture_storage_multisample
    GL_ARB_multi_bind
    GL_ARB_direct_state_access
    GL_ARB_get_texture_sub_image
    GL_ARB_texture_filter_anisotropic
    GL_KHR_debug
    GL_KHR_parallel_shader_compile
    GL_NV_depth_buffer_float
Using driver workarounds:
    no-forward-compatible-core-context
    nv-egl-incorrect-gl11-function-pointers
    no-layout-qualifiers-on-old-glsl
    nv-zero-context-profile-mask
    nv-implementation-color-read-format-dsa-broken
    nv-cubemap-inconsistent-compressed-image-size
    nv-cubemap-broken-full-compressed-image-query
    nv-compressed-block-size-in-bits
[19:51:13:861447]:[Warning]:[Scene] SemanticScene.h(331)::checkFileExists : ::loadSemanticSceneDescriptor: File `data/scene_datasets/habitat-test-scenes/skokloster-castle.scn` does not exist.  Aborting load.
[19:51:13:861465]:[Warning]:[Scene] SemanticScene.cpp(123)::loadSemanticSceneDescriptor : SSD File Naming Issue! Neither SemanticAttributes-provided name : `data/scene_datasets/habitat-test-scenes/skokloster-castle.scn` nor constructed filename : `data/scene_datasets/habitat-test-scenes/info_semantic.json` exist on disk.
[19:51:13:861475]:[Error]:[Scene] SemanticScene.cpp(139)::loadSemanticSceneDescriptor : SSD Load Failure! File with SemanticAttributes-provided name `data/scene_datasets/habitat-test-scenes/skokloster-castle.scn` exists but failed to load.
[19:51:14:474578]:[Warning]:[Sim] Simulator.cpp(595)::instanceStageForSceneAttributes : The active scene does not contain semantic annotations : activeSemanticSceneID_ = 0
2026-08-11 19:51:15,750 update: 910	fps: 476.511	
2026-08-11 19:51:15,750 Num updates: 910	Num frames 145600
2026-08-11 19:51:15,750 Average window size: 50  distance_to_goal: 0.274  distance_to_goal_reward: 0.000  reward: 4.990  spl: 0.560  success: 0.798
2026-08-11 19:51:15,750 	Perf Stats: trainer.rollout_collect: 0.298 trainer.sample_action: 0.003 trainer.obs_insert: 0.000 trainer.step_env: 0.005 trainer.update_stats: 0.001 trainer.update_agent: 0.035
2026-08-11 19:51:18,810 update: 920	fps: 476.970	
2026-08-11 19:51:18,810 Num updates: 920	Num frames 147200
2026-08-11 19:51:18,810 Average window size: 50  distance_to_goal: 0.384  distance_to_goal_reward: 0.000  reward: 4.806  spl: 0.576  success: 0.786
2026-08-11 19:51:18,810 	Perf Stats: trainer.rollout_collect: 0.298 trainer.sample_action: 0.003 trainer.obs_insert: 0.000 trainer.step_env: 0.005 trainer.update_stats: 0.001 trainer.update_agent: 0.035
PluginManager::Manager: duplicate static plugin StbImageImporter, ignoring
PluginManager::Manager: duplicate static plugin GltfImporter, ignoring
PluginManager::Manager: duplicate static plugin BasisImporter, ignoring
PluginManager::Manager: duplicate static plugin AssimpImporter, ignoring
PluginManager::Manager: duplicate static plugin AnySceneImporter, ignoring
PluginManager::Manager: duplicate static plugin AnyImageImporter, ignoring
Renderer: NVIDIA GeForce RTX 4070/PCIe/SSE2 by NVIDIA Corporation
OpenGL version: 4.6.0 NVIDIA 580.173.02
Using optional features:
    GL_ARB_vertex_array_object
    GL_ARB_separate_shader_objects
    GL_ARB_robustness
    GL_ARB_texture_storage
    GL_ARB_texture_view
    GL_ARB_framebuffer_no_attachments
    GL_ARB_invalidate_subdata
    GL_ARB_texture_storage_multisample
    GL_ARB_multi_bind
    GL_ARB_direct_state_access
    GL_ARB_get_texture_sub_image
    GL_ARB_texture_filter_anisotropic
    GL_KHR_debug
    GL_KHR_parallel_shader_compile
    GL_NV_depth_buffer_float
Using driver workarounds:
    no-forward-compatible-core-context
    nv-egl-incorrect-gl11-function-pointers
    no-layout-qualifiers-on-old-glsl
    nv-zero-context-profile-mask
    nv-implementation-color-read-format-dsa-broken
    nv-cubemap-inconsistent-compressed-image-size
    nv-cubemap-broken-full-compressed-image-query
    nv-compressed-block-size-in-bits
[19:51:20:500790]:[Warning]:[Scene] SemanticScene.h(331)::checkFileExists : ::loadSemanticSceneDescriptor: File `data/scene_datasets/habitat-test-scenes/skokloster-castle.scn` does not exist.  Aborting load.
[19:51:20:500807]:[Warning]:[Scene] SemanticScene.cpp(123)::loadSemanticSceneDescriptor : SSD File Naming Issue! Neither SemanticAttributes-provided name : `data/scene_datasets/habitat-test-scenes/skokloster-castle.scn` nor constructed filename : `data/scene_datasets/habitat-test-scenes/info_semantic.json` exist on disk.
[19:51:20:500816]:[Error]:[Scene] SemanticScene.cpp(139)::loadSemanticSceneDescriptor : SSD Load Failure! File with SemanticAttributes-provided name `data/scene_datasets/habitat-test-scenes/skokloster-castle.scn` exists but failed to load.
[19:51:21:109477]:[Warning]:[Sim] Simulator.cpp(595)::instanceStageForSceneAttributes : The active scene does not contain semantic annotations : activeSemanticSceneID_ = 0
2026-08-11 19:51:22,539 update: 930	fps: 476.399	
2026-08-11 19:51:22,539 Num updates: 930	Num frames 148800
2026-08-11 19:51:22,539 Average window size: 50  distance_to_goal: 0.412  distance_to_goal_reward: 0.000  reward: 5.117  spl: 0.574  success: 0.766
2026-08-11 19:51:22,539 	Perf Stats: trainer.rollout_collect: 0.298 trainer.sample_action: 0.003 trainer.obs_insert: 0.000 trainer.step_env: 0.005 trainer.update_stats: 0.001 trainer.update_agent: 0.035
2026-08-11 19:51:25,697 update: 940	fps: 476.701	
2026-08-11 19:51:25,697 Num updates: 940	Num frames 150400
2026-08-11 19:51:25,697 Average window size: 50  distance_to_goal: 0.361  distance_to_goal_reward: 0.000  reward: 5.974  spl: 0.601  success: 0.784
2026-08-11 19:51:25,697 	Perf Stats: trainer.rollout_collect: 0.298 trainer.sample_action: 0.003 trainer.obs_insert: 0.000 trainer.step_env: 0.005 trainer.update_stats: 0.001 trainer.update_agent: 0.035
2026-08-11 19:51:28,843 update: 950	fps: 477.016	
2026-08-11 19:51:28,844 Num updates: 950	Num frames 152000
2026-08-11 19:51:28,844 Average window size: 50  distance_to_goal: 0.547  distance_to_goal_reward: 0.000  reward: 5.837  spl: 0.578  success: 0.744
2026-08-11 19:51:28,844 	Perf Stats: trainer.rollout_collect: 0.298 trainer.sample_action: 0.003 trainer.obs_insert: 0.000 trainer.step_env: 0.005 trainer.update_stats: 0.001 trainer.update_agent: 0.035
2026-08-11 19:51:32,001 update: 960	fps: 477.307	
2026-08-11 19:51:32,001 Num updates: 960	Num frames 153600
2026-08-11 19:51:32,001 Average window size: 50  distance_to_goal: 0.697  distance_to_goal_reward: 0.000  reward: 5.884  spl: 0.534  success: 0.679
2026-08-11 19:51:32,001 	Perf Stats: trainer.rollout_collect: 0.297 trainer.sample_action: 0.003 trainer.obs_insert: 0.000 trainer.step_env: 0.005 trainer.update_stats: 0.001 trainer.update_agent: 0.035
2026-08-11 19:51:35,161 update: 970	fps: 477.590	
2026-08-11 19:51:35,161 Num updates: 970	Num frames 155200
2026-08-11 19:51:35,161 Average window size: 50  distance_to_goal: 0.541  distance_to_goal_reward: 0.000  reward: 6.187  spl: 0.554  success: 0.714
2026-08-11 19:51:35,161 	Perf Stats: trainer.rollout_collect: 0.297 trainer.sample_action: 0.003 trainer.obs_insert: 0.000 trainer.step_env: 0.005 trainer.update_stats: 0.001 trainer.update_agent: 0.035
2026-08-11 19:51:38,312 update: 980	fps: 477.879	
2026-08-11 19:51:38,312 Num updates: 980	Num frames 156800
2026-08-11 19:51:38,312 Average window size: 50  distance_to_goal: 0.641  distance_to_goal_reward: 0.000  reward: 6.122  spl: 0.558  success: 0.725
2026-08-11 19:51:38,312 	Perf Stats: trainer.rollout_collect: 0.297 trainer.sample_action: 0.003 trainer.obs_insert: 0.000 trainer.step_env: 0.005 trainer.update_stats: 0.001 trainer.update_agent: 0.035
PluginManager::Manager: duplicate static plugin StbImageImporter, ignoring
PluginManager::Manager: duplicate static plugin GltfImporter, ignoring
PluginManager::Manager: duplicate static plugin BasisImporter, ignoring
PluginManager::Manager: duplicate static plugin AssimpImporter, ignoring
PluginManager::Manager: duplicate static plugin AnySceneImporter, ignoring
PluginManager::Manager: duplicate static plugin AnyImageImporter, ignoring
Renderer: NVIDIA GeForce RTX 4070/PCIe/SSE2 by NVIDIA Corporation
OpenGL version: 4.6.0 NVIDIA 580.173.02
Using optional features:
    GL_ARB_vertex_array_object
    GL_ARB_separate_shader_objects
    GL_ARB_robustness
    GL_ARB_texture_storage
    GL_ARB_texture_view
    GL_ARB_framebuffer_no_attachments
    GL_ARB_invalidate_subdata
    GL_ARB_texture_storage_multisample
    GL_ARB_multi_bind
    GL_ARB_direct_state_access
    GL_ARB_get_texture_sub_image
    GL_ARB_texture_filter_anisotropic
    GL_KHR_debug
    GL_KHR_parallel_shader_compile
    GL_NV_depth_buffer_float
Using driver workarounds:
    no-forward-compatible-core-context
    nv-egl-incorrect-gl11-function-pointers
    no-layout-qualifiers-on-old-glsl
    nv-zero-context-profile-mask
    nv-implementation-color-read-format-dsa-broken
    nv-cubemap-inconsistent-compressed-image-size
    nv-cubemap-broken-full-compressed-image-query
    nv-compressed-block-size-in-bits
[19:51:38:397478]:[Warning]:[Scene] SemanticScene.h(331)::checkFileExists : ::loadSemanticSceneDescriptor: File `data/scene_datasets/habitat-test-scenes/van-gogh-room.scn` does not exist.  Aborting load.
[19:51:38:397494]:[Warning]:[Scene] SemanticScene.cpp(123)::loadSemanticSceneDescriptor : SSD File Naming Issue! Neither SemanticAttributes-provided name : `data/scene_datasets/habitat-test-scenes/van-gogh-room.scn` nor constructed filename : `data/scene_datasets/habitat-test-scenes/info_semantic.json` exist on disk.
[19:51:38:397499]:[Error]:[Scene] SemanticScene.cpp(139)::loadSemanticSceneDescriptor : SSD Load Failure! File with SemanticAttributes-provided name `data/scene_datasets/habitat-test-scenes/van-gogh-room.scn` exists but failed to load.
[19:51:38:831572]:[Warning]:[Sim] Simulator.cpp(595)::instanceStageForSceneAttributes : The active scene does not contain semantic annotations : activeSemanticSceneID_ = 0
2026-08-11 19:51:41,834 update: 990	fps: 477.628	
2026-08-11 19:51:41,834 Num updates: 990	Num frames 158400
2026-08-11 19:51:41,834 Average window size: 50  distance_to_goal: 1.174  distance_to_goal_reward: 0.000  reward: 4.653  spl: 0.475  success: 0.641
2026-08-11 19:51:41,835 	Perf Stats: trainer.rollout_collect: 0.297 trainer.sample_action: 0.003 trainer.obs_insert: 0.000 trainer.step_env: 0.005 trainer.update_stats: 0.001 trainer.update_agent: 0.035
PluginManager::Manager: duplicate static plugin StbImageImporter, ignoring
PluginManager::Manager: duplicate static plugin GltfImporter, ignoring
PluginManager::Manager: duplicate static plugin BasisImporter, ignoring
PluginManager::Manager: duplicate static plugin AssimpImporter, ignoring
PluginManager::Manager: duplicate static plugin AnySceneImporter, ignoring
PluginManager::Manager: duplicate static plugin AnyImageImporter, ignoring
Renderer: NVIDIA GeForce RTX 4070/PCIe/SSE2 by NVIDIA Corporation
OpenGL version: 4.6.0 NVIDIA 580.173.02
Using optional features:
    GL_ARB_vertex_array_object
    GL_ARB_separate_shader_objects
    GL_ARB_robustness
    GL_ARB_texture_storage
    GL_ARB_texture_view
    GL_ARB_framebuffer_no_attachments
    GL_ARB_invalidate_subdata
    GL_ARB_texture_storage_multisample
    GL_ARB_multi_bind
    GL_ARB_direct_state_access
    GL_ARB_get_texture_sub_image
    GL_ARB_texture_filter_anisotropic
    GL_KHR_debug
    GL_KHR_parallel_shader_compile
    GL_NV_depth_buffer_float
Using driver workarounds:
    no-forward-compatible-core-context
    nv-egl-incorrect-gl11-function-pointers
    no-layout-qualifiers-on-old-glsl
    nv-zero-context-profile-mask
    nv-implementation-color-read-format-dsa-broken
    nv-cubemap-inconsistent-compressed-image-size
    nv-cubemap-broken-full-compressed-image-query
    nv-compressed-block-size-in-bits
[19:51:44:979268]:[Warning]:[Scene] SemanticScene.h(331)::checkFileExists : ::loadSemanticSceneDescriptor: File `data/scene_datasets/habitat-test-scenes/van-gogh-room.scn` does not exist.  Aborting load.
[19:51:44:979286]:[Warning]:[Scene] SemanticScene.cpp(123)::loadSemanticSceneDescriptor : SSD File Naming Issue! Neither SemanticAttributes-provided name : `data/scene_datasets/habitat-test-scenes/van-gogh-room.scn` nor constructed filename : `data/scene_datasets/habitat-test-scenes/info_semantic.json` exist on disk.
[19:51:44:979295]:[Error]:[Scene] SemanticScene.cpp(139)::loadSemanticSceneDescriptor : SSD Load Failure! File with SemanticAttributes-provided name `data/scene_datasets/habitat-test-scenes/van-gogh-room.scn` exists but failed to load.
[19:51:45:429766]:[Warning]:[Sim] Simulator.cpp(595)::instanceStageForSceneAttributes : The active scene does not contain semantic annotations : activeSemanticSceneID_ = 0
2026-08-11 19:51:45,488 update: 1000	fps: 477.195	
2026-08-11 19:51:45,488 Num updates: 1000	Num frames 160000
2026-08-11 19:51:45,488 Average window size: 50  distance_to_goal: 0.997  distance_to_goal_reward: 0.000  reward: 4.380  spl: 0.485  success: 0.646
2026-08-11 19:51:45,489 	Perf Stats: trainer.rollout_collect: 0.297 trainer.sample_action: 0.003 trainer.obs_insert: 0.000 trainer.step_env: 0.005 trainer.update_stats: 0.001 trainer.update_agent: 0.035
2026-08-11 19:51:48,565 update: 1010	fps: 477.585	
2026-08-11 19:51:48,565 Num updates: 1010	Num frames 161600
2026-08-11 19:51:48,565 Average window size: 50  distance_to_goal: 0.836  distance_to_goal_reward: 0.000  reward: 4.134  spl: 0.445  success: 0.597
2026-08-11 19:51:48,565 	Perf Stats: trainer.rollout_collect: 0.297 trainer.sample_action: 0.003 trainer.obs_insert: 0.000 trainer.step_env: 0.005 trainer.update_stats: 0.001 trainer.update_agent: 0.035
2026-08-11 19:51:51,643 update: 1020	fps: 477.965	
2026-08-11 19:51:51,643 Num updates: 1020	Num frames 163200
2026-08-11 19:51:51,643 Average window size: 50  distance_to_goal: 0.663  distance_to_goal_reward: 0.000  reward: 4.217  spl: 0.470  success: 0.644
2026-08-11 19:51:51,643 	Perf Stats: trainer.rollout_collect: 0.297 trainer.sample_action: 0.003 trainer.obs_insert: 0.000 trainer.step_env: 0.005 trainer.update_stats: 0.001 trainer.update_agent: 0.035
2026-08-11 19:51:54,667 update: 1030	fps: 478.415	
2026-08-11 19:51:54,667 Num updates: 1030	Num frames 164800
2026-08-11 19:51:54,667 Average window size: 50  distance_to_goal: 0.356  distance_to_goal_reward: 0.000  reward: 4.365  spl: 0.482  success: 0.656
2026-08-11 19:51:54,667 	Perf Stats: trainer.rollout_collect: 0.297 trainer.sample_action: 0.003 trainer.obs_insert: 0.000 trainer.step_env: 0.005 trainer.update_stats: 0.001 trainer.update_agent: 0.035
2026-08-11 19:51:57,706 update: 1040	fps: 478.835	
2026-08-11 19:51:57,706 Num updates: 1040	Num frames 166400
2026-08-11 19:51:57,706 Average window size: 50  distance_to_goal: 0.448  distance_to_goal_reward: 0.000  reward: 4.483  spl: 0.506  success: 0.681
2026-08-11 19:51:57,706 	Perf Stats: trainer.rollout_collect: 0.296 trainer.sample_action: 0.003 trainer.obs_insert: 0.000 trainer.step_env: 0.005 trainer.update_stats: 0.001 trainer.update_agent: 0.035
2026-08-11 19:52:00,774 update: 1050	fps: 479.208	
2026-08-11 19:52:00,774 Num updates: 1050	Num frames 168000
2026-08-11 19:52:00,774 Average window size: 50  distance_to_goal: 0.446  distance_to_goal_reward: 0.000  reward: 4.627  spl: 0.519  success: 0.696
2026-08-11 19:52:00,774 	Perf Stats: trainer.rollout_collect: 0.296 trainer.sample_action: 0.003 trainer.obs_insert: 0.000 trainer.step_env: 0.005 trainer.update_stats: 0.001 trainer.update_agent: 0.035
2026-08-11 19:52:03,853 update: 1060	fps: 479.561	
2026-08-11 19:52:03,853 Num updates: 1060	Num frames 169600
2026-08-11 19:52:03,853 Average window size: 50  distance_to_goal: 0.420  distance_to_goal_reward: 0.000  reward: 4.960  spl: 0.572  success: 0.770
2026-08-11 19:52:03,853 	Perf Stats: trainer.rollout_collect: 0.296 trainer.sample_action: 0.003 trainer.obs_insert: 0.000 trainer.step_env: 0.005 trainer.update_stats: 0.001 trainer.update_agent: 0.035
2026-08-11 19:52:06,932 update: 1070	fps: 479.906	
2026-08-11 19:52:06,933 Num updates: 1070	Num frames 171200
2026-08-11 19:52:06,933 Average window size: 50  distance_to_goal: 0.464  distance_to_goal_reward: 0.000  reward: 4.776  spl: 0.572  success: 0.771
2026-08-11 19:52:06,933 	Perf Stats: trainer.rollout_collect: 0.296 trainer.sample_action: 0.003 trainer.obs_insert: 0.000 trainer.step_env: 0.005 trainer.update_stats: 0.001 trainer.update_agent: 0.035
2026-08-11 19:52:09,970 update: 1080	fps: 480.300	
2026-08-11 19:52:09,971 Num updates: 1080	Num frames 172800
2026-08-11 19:52:09,971 Average window size: 50  distance_to_goal: 0.448  distance_to_goal_reward: 0.000  reward: 4.717  spl: 0.586  success: 0.788
2026-08-11 19:52:09,971 	Perf Stats: trainer.rollout_collect: 0.295 trainer.sample_action: 0.003 trainer.obs_insert: 0.000 trainer.step_env: 0.005 trainer.update_stats: 0.001 trainer.update_agent: 0.035
2026-08-11 19:52:13,025 update: 1090	fps: 480.667	
2026-08-11 19:52:13,025 Num updates: 1090	Num frames 174400
2026-08-11 19:52:13,025 Average window size: 50  distance_to_goal: 0.438  distance_to_goal_reward: 0.000  reward: 4.592  spl: 0.564  success: 0.767
2026-08-11 19:52:13,025 	Perf Stats: trainer.rollout_collect: 0.295 trainer.sample_action: 0.003 trainer.obs_insert: 0.000 trainer.step_env: 0.005 trainer.update_stats: 0.001 trainer.update_agent: 0.035
2026-08-11 19:52:16,156 update: 1100	fps: 480.926	
2026-08-11 19:52:16,157 Num updates: 1100	Num frames 176000
2026-08-11 19:52:16,157 Average window size: 50  distance_to_goal: 0.380  distance_to_goal_reward: 0.000  reward: 4.381  spl: 0.558  success: 0.763
2026-08-11 19:52:16,157 	Perf Stats: trainer.rollout_collect: 0.295 trainer.sample_action: 0.003 trainer.obs_insert: 0.000 trainer.step_env: 0.005 trainer.update_stats: 0.001 trainer.update_agent: 0.035
2026-08-11 19:52:19,225 update: 1110	fps: 481.263	
2026-08-11 19:52:19,225 Num updates: 1110	Num frames 177600
2026-08-11 19:52:19,225 Average window size: 50  distance_to_goal: 0.621  distance_to_goal_reward: 0.000  reward: 4.204  spl: 0.547  success: 0.730
2026-08-11 19:52:19,225 	Perf Stats: trainer.rollout_collect: 0.295 trainer.sample_action: 0.003 trainer.obs_insert: 0.000 trainer.step_env: 0.005 trainer.update_stats: 0.001 trainer.update_agent: 0.035
2026-08-11 19:52:22,289 update: 1120	fps: 481.599	
2026-08-11 19:52:22,289 Num updates: 1120	Num frames 179200
2026-08-11 19:52:22,289 Average window size: 50  distance_to_goal: 0.766  distance_to_goal_reward: 0.000  reward: 4.394  spl: 0.556  success: 0.730
2026-08-11 19:52:22,289 	Perf Stats: trainer.rollout_collect: 0.294 trainer.sample_action: 0.003 trainer.obs_insert: 0.000 trainer.step_env: 0.005 trainer.update_stats: 0.001 trainer.update_agent: 0.035
2026-08-11 19:52:25,344 update: 1130	fps: 481.942	
2026-08-11 19:52:25,345 Num updates: 1130	Num frames 180800
2026-08-11 19:52:25,345 Average window size: 50  distance_to_goal: 0.796  distance_to_goal_reward: 0.000  reward: 4.455  spl: 0.564  success: 0.724
2026-08-11 19:52:25,345 	Perf Stats: trainer.rollout_collect: 0.294 trainer.sample_action: 0.003 trainer.obs_insert: 0.000 trainer.step_env: 0.005 trainer.update_stats: 0.001 trainer.update_agent: 0.035
2026-08-11 19:52:28,442 update: 1140	fps: 482.225	
2026-08-11 19:52:28,443 Num updates: 1140	Num frames 182400
2026-08-11 19:52:28,443 Average window size: 50  distance_to_goal: 0.652  distance_to_goal_reward: 0.000  reward: 4.900  spl: 0.634  success: 0.783
2026-08-11 19:52:28,443 	Perf Stats: trainer.rollout_collect: 0.294 trainer.sample_action: 0.003 trainer.obs_insert: 0.000 trainer.step_env: 0.005 trainer.update_stats: 0.001 trainer.update_agent: 0.035
2026-08-11 19:52:31,496 update: 1150	fps: 482.560	
2026-08-11 19:52:31,496 Num updates: 1150	Num frames 184000
2026-08-11 19:52:31,496 Average window size: 50  distance_to_goal: 0.542  distance_to_goal_reward: 0.000  reward: 5.083  spl: 0.644  success: 0.796
2026-08-11 19:52:31,496 	Perf Stats: trainer.rollout_collect: 0.294 trainer.sample_action: 0.003 trainer.obs_insert: 0.000 trainer.step_env: 0.005 trainer.update_stats: 0.001 trainer.update_agent: 0.035
2026-08-11 19:52:34,555 update: 1160	fps: 482.882	
2026-08-11 19:52:34,555 Num updates: 1160	Num frames 185600
2026-08-11 19:52:34,555 Average window size: 50  distance_to_goal: 0.594  distance_to_goal_reward: 0.000  reward: 4.591  spl: 0.598  success: 0.748
2026-08-11 19:52:34,555 	Perf Stats: trainer.rollout_collect: 0.294 trainer.sample_action: 0.003 trainer.obs_insert: 0.000 trainer.step_env: 0.005 trainer.update_stats: 0.001 trainer.update_agent: 0.035
2026-08-11 19:52:37,646 update: 1170	fps: 483.159	
2026-08-11 19:52:37,646 Num updates: 1170	Num frames 187200
2026-08-11 19:52:37,646 Average window size: 50  distance_to_goal: 0.462  distance_to_goal_reward: 0.000  reward: 4.715  spl: 0.624  success: 0.789
2026-08-11 19:52:37,646 	Perf Stats: trainer.rollout_collect: 0.293 trainer.sample_action: 0.003 trainer.obs_insert: 0.000 trainer.step_env: 0.005 trainer.update_stats: 0.001 trainer.update_agent: 0.035
PluginManager::Manager: duplicate static plugin StbImageImporter, ignoring
PluginManager::Manager: duplicate static plugin GltfImporter, ignoring
PluginManager::Manager: duplicate static plugin BasisImporter, ignoring
PluginManager::Manager: duplicate static plugin AssimpImporter, ignoring
PluginManager::Manager: duplicate static plugin AnySceneImporter, ignoring
PluginManager::Manager: duplicate static plugin AnyImageImporter, ignoring
Renderer: NVIDIA GeForce RTX 4070/PCIe/SSE2 by NVIDIA Corporation
OpenGL version: 4.6.0 NVIDIA 580.173.02
Using optional features:
    GL_ARB_vertex_array_object
    GL_ARB_separate_shader_objects
    GL_ARB_robustness
    GL_ARB_texture_storage
    GL_ARB_texture_view
    GL_ARB_framebuffer_no_attachments
    GL_ARB_invalidate_subdata
    GL_ARB_texture_storage_multisample
    GL_ARB_multi_bind
    GL_ARB_direct_state_access
    GL_ARB_get_texture_sub_image
    GL_ARB_texture_filter_anisotropic
    GL_KHR_debug
    GL_KHR_parallel_shader_compile
    GL_NV_depth_buffer_float
Using driver workarounds:
    no-forward-compatible-core-context
    nv-egl-incorrect-gl11-function-pointers
    no-layout-qualifiers-on-old-glsl
    nv-zero-context-profile-mask
    nv-implementation-color-read-format-dsa-broken
    nv-cubemap-inconsistent-compressed-image-size
    nv-cubemap-broken-full-compressed-image-query
    nv-compressed-block-size-in-bits
[19:52:40:259413]:[Warning]:[Scene] SemanticScene.h(331)::checkFileExists : ::loadSemanticSceneDescriptor: File `data/scene_datasets/habitat-test-scenes/skokloster-castle.scn` does not exist.  Aborting load.
[19:52:40:259431]:[Warning]:[Scene] SemanticScene.cpp(123)::loadSemanticSceneDescriptor : SSD File Naming Issue! Neither SemanticAttributes-provided name : `data/scene_datasets/habitat-test-scenes/skokloster-castle.scn` nor constructed filename : `data/scene_datasets/habitat-test-scenes/info_semantic.json` exist on disk.
[19:52:40:259440]:[Error]:[Scene] SemanticScene.cpp(139)::loadSemanticSceneDescriptor : SSD Load Failure! File with SemanticAttributes-provided name `data/scene_datasets/habitat-test-scenes/skokloster-castle.scn` exists but failed to load.
[19:52:40:863335]:[Warning]:[Sim] Simulator.cpp(595)::instanceStageForSceneAttributes : The active scene does not contain semantic annotations : activeSemanticSceneID_ = 0
2026-08-11 19:52:41,339 update: 1180	fps: 482.699	
2026-08-11 19:52:41,339 Num updates: 1180	Num frames 188800
2026-08-11 19:52:41,339 Average window size: 50  distance_to_goal: 0.644  distance_to_goal_reward: 0.000  reward: 4.549  spl: 0.608  success: 0.773
2026-08-11 19:52:41,339 	Perf Stats: trainer.rollout_collect: 0.294 trainer.sample_action: 0.003 trainer.obs_insert: 0.000 trainer.step_env: 0.005 trainer.update_stats: 0.001 trainer.update_agent: 0.035
2026-08-11 19:52:44,453 update: 1190	fps: 482.933	
2026-08-11 19:52:44,454 Num updates: 1190	Num frames 190400
2026-08-11 19:52:44,454 Average window size: 50  distance_to_goal: 0.634  distance_to_goal_reward: 0.000  reward: 4.492  spl: 0.595  success: 0.771
2026-08-11 19:52:44,454 	Perf Stats: trainer.rollout_collect: 0.294 trainer.sample_action: 0.003 trainer.obs_insert: 0.000 trainer.step_env: 0.005 trainer.update_stats: 0.001 trainer.update_agent: 0.035
2026-08-11 19:52:47,728 update: 1200	fps: 482.980	
2026-08-11 19:52:47,728 Num updates: 1200	Num frames 192000
2026-08-11 19:52:47,728 Average window size: 50  distance_to_goal: 0.653  distance_to_goal_reward: 0.000  reward: 4.427  spl: 0.603  success: 0.775
2026-08-11 19:52:47,728 	Perf Stats: trainer.rollout_collect: 0.293 trainer.sample_action: 0.003 trainer.obs_insert: 0.000 trainer.step_env: 0.005 trainer.update_stats: 0.001 trainer.update_agent: 0.035
2026-08-11 19:52:50,846 update: 1210	fps: 483.215	
2026-08-11 19:52:50,846 Num updates: 1210	Num frames 193600
2026-08-11 19:52:50,846 Average window size: 50  distance_to_goal: 0.635  distance_to_goal_reward: 0.000  reward: 4.670  spl: 0.626  success: 0.798
2026-08-11 19:52:50,846 	Perf Stats: trainer.rollout_collect: 0.293 trainer.sample_action: 0.003 trainer.obs_insert: 0.000 trainer.step_env: 0.005 trainer.update_stats: 0.001 trainer.update_agent: 0.035
2026-08-11 19:52:53,945 update: 1220	fps: 483.468	
2026-08-11 19:52:53,945 Num updates: 1220	Num frames 195200
2026-08-11 19:52:53,946 Average window size: 50  distance_to_goal: 0.935  distance_to_goal_reward: 0.000  reward: 4.268  spl: 0.613  success: 0.765
2026-08-11 19:52:53,946 	Perf Stats: trainer.rollout_collect: 0.293 trainer.sample_action: 0.003 trainer.obs_insert: 0.000 trainer.step_env: 0.005 trainer.update_stats: 0.001 trainer.update_agent: 0.035
2026-08-11 19:52:57,070 update: 1230	fps: 483.687	
2026-08-11 19:52:57,070 Num updates: 1230	Num frames 196800
2026-08-11 19:52:57,070 Average window size: 50  distance_to_goal: 0.869  distance_to_goal_reward: 0.000  reward: 4.193  spl: 0.591  success: 0.747
2026-08-11 19:52:57,070 	Perf Stats: trainer.rollout_collect: 0.293 trainer.sample_action: 0.003 trainer.obs_insert: 0.000 trainer.step_env: 0.005 trainer.update_stats: 0.001 trainer.update_agent: 0.035
2026-08-11 19:53:00,176 update: 1240	fps: 483.926	
2026-08-11 19:53:00,176 Num updates: 1240	Num frames 198400
2026-08-11 19:53:00,176 Average window size: 50  distance_to_goal: 0.924  distance_to_goal_reward: 0.000  reward: 4.034  spl: 0.567  success: 0.724
2026-08-11 19:53:00,176 	Perf Stats: trainer.rollout_collect: 0.293 trainer.sample_action: 0.003 trainer.obs_insert: 0.000 trainer.step_env: 0.005 trainer.update_stats: 0.001 trainer.update_agent: 0.035
2026-08-11 19:53:03,282 update: 1250	fps: 484.160	
2026-08-11 19:53:03,282 Num updates: 1250	Num frames 200000
2026-08-11 19:53:03,283 Average window size: 50  distance_to_goal: 0.880  distance_to_goal_reward: 0.000  reward: 3.932  spl: 0.507  success: 0.662
2026-08-11 19:53:03,283 	Perf Stats: trainer.rollout_collect: 0.293 trainer.sample_action: 0.003 trainer.obs_insert: 0.000 trainer.step_env: 0.005 trainer.update_stats: 0.001 trainer.update_agent: 0.035
2026-08-11 19:53:06,458 update: 1260	fps: 484.309	
2026-08-11 19:53:06,459 Num updates: 1260	Num frames 201600
2026-08-11 19:53:06,459 Average window size: 50  distance_to_goal: 0.958  distance_to_goal_reward: 0.000  reward: 3.855  spl: 0.492  success: 0.657
2026-08-11 19:53:06,459 	Perf Stats: trainer.rollout_collect: 0.293 trainer.sample_action: 0.003 trainer.obs_insert: 0.000 trainer.step_env: 0.005 trainer.update_stats: 0.001 trainer.update_agent: 0.035
2026-08-11 19:53:09,580 update: 1270	fps: 484.520	
2026-08-11 19:53:09,580 Num updates: 1270	Num frames 203200
2026-08-11 19:53:09,580 Average window size: 50  distance_to_goal: 0.743  distance_to_goal_reward: 0.000  reward: 4.466  spl: 0.514  success: 0.679
2026-08-11 19:53:09,580 	Perf Stats: trainer.rollout_collect: 0.292 trainer.sample_action: 0.003 trainer.obs_insert: 0.000 trainer.step_env: 0.005 trainer.update_stats: 0.001 trainer.update_agent: 0.035
PluginManager::Manager: duplicate static plugin StbImageImporter, ignoring
PluginManager::Manager: duplicate static plugin GltfImporter, ignoring
PluginManager::Manager: duplicate static plugin BasisImporter, ignoring
PluginManager::Manager: duplicate static plugin AssimpImporter, ignoring
PluginManager::Manager: duplicate static plugin AnySceneImporter, ignoring
PluginManager::Manager: duplicate static plugin AnyImageImporter, ignoring
Renderer: NVIDIA GeForce RTX 4070/PCIe/SSE2 by NVIDIA Corporation
OpenGL version: 4.6.0 NVIDIA 580.173.02
Using optional features:
    GL_ARB_vertex_array_object
    GL_ARB_separate_shader_objects
    GL_ARB_robustness
    GL_ARB_texture_storage
    GL_ARB_texture_view
    GL_ARB_framebuffer_no_attachments
    GL_ARB_invalidate_subdata
    GL_ARB_texture_storage_multisample
    GL_ARB_multi_bind
    GL_ARB_direct_state_access
    GL_ARB_get_texture_sub_image
    GL_ARB_texture_filter_anisotropic
    GL_KHR_debug
    GL_KHR_parallel_shader_compile
    GL_NV_depth_buffer_float
Using driver workarounds:
    no-forward-compatible-core-context
    nv-egl-incorrect-gl11-function-pointers
    no-layout-qualifiers-on-old-glsl
    nv-zero-context-profile-mask
    nv-implementation-color-read-format-dsa-broken
    nv-cubemap-inconsistent-compressed-image-size
    nv-cubemap-broken-full-compressed-image-query
    nv-compressed-block-size-in-bits
[19:53:12:426780]:[Warning]:[Scene] SemanticScene.h(331)::checkFileExists : ::loadSemanticSceneDescriptor: File `data/scene_datasets/habitat-test-scenes/van-gogh-room.scn` does not exist.  Aborting load.
[19:53:12:426796]:[Warning]:[Scene] SemanticScene.cpp(123)::loadSemanticSceneDescriptor : SSD File Naming Issue! Neither SemanticAttributes-provided name : `data/scene_datasets/habitat-test-scenes/van-gogh-room.scn` nor constructed filename : `data/scene_datasets/habitat-test-scenes/info_semantic.json` exist on disk.
[19:53:12:426801]:[Error]:[Scene] SemanticScene.cpp(139)::loadSemanticSceneDescriptor : SSD Load Failure! File with SemanticAttributes-provided name `data/scene_datasets/habitat-test-scenes/van-gogh-room.scn` exists but failed to load.
[19:53:12:856810]:[Warning]:[Sim] Simulator.cpp(595)::instanceStageForSceneAttributes : The active scene does not contain semantic annotations : activeSemanticSceneID_ = 0
2026-08-11 19:53:13,140 update: 1280	fps: 484.225	
2026-08-11 19:53:13,140 Num updates: 1280	Num frames 204800
2026-08-11 19:53:13,140 Average window size: 50  distance_to_goal: 0.819  distance_to_goal_reward: 0.000  reward: 4.734  spl: 0.573  success: 0.741
2026-08-11 19:53:13,140 	Perf Stats: trainer.rollout_collect: 0.293 trainer.sample_action: 0.003 trainer.obs_insert: 0.000 trainer.step_env: 0.005 trainer.update_stats: 0.001 trainer.update_agent: 0.035
PluginManager::Manager: duplicate static plugin StbImageImporter, ignoring
PluginManager::Manager: duplicate static plugin GltfImporter, ignoring
PluginManager::Manager: duplicate static plugin BasisImporter, ignoring
PluginManager::Manager: duplicate static plugin AssimpImporter, ignoring
PluginManager::Manager: duplicate static plugin AnySceneImporter, ignoring
PluginManager::Manager: duplicate static plugin AnyImageImporter, ignoring
Renderer: NVIDIA GeForce RTX 4070/PCIe/SSE2 by NVIDIA Corporation
OpenGL version: 4.6.0 NVIDIA 580.173.02
Using optional features:
    GL_ARB_vertex_array_object
    GL_ARB_separate_shader_objects
    GL_ARB_robustness
    GL_ARB_texture_storage
    GL_ARB_texture_view
    GL_ARB_framebuffer_no_attachments
    GL_ARB_invalidate_subdata
    GL_ARB_texture_storage_multisample
    GL_ARB_multi_bind
    GL_ARB_direct_state_access
    GL_ARB_get_texture_sub_image
    GL_ARB_texture_filter_anisotropic
    GL_KHR_debug
    GL_KHR_parallel_shader_compile
    GL_NV_depth_buffer_float
Using driver workarounds:
    no-forward-compatible-core-context
    nv-egl-incorrect-gl11-function-pointers
    no-layout-qualifiers-on-old-glsl
    nv-zero-context-profile-mask
    nv-implementation-color-read-format-dsa-broken
    nv-cubemap-inconsistent-compressed-image-size
    nv-cubemap-broken-full-compressed-image-query
    nv-compressed-block-size-in-bits
[19:53:14:288080]:[Warning]:[Scene] SemanticScene.h(331)::checkFileExists : ::loadSemanticSceneDescriptor: File `data/scene_datasets/habitat-test-scenes/van-gogh-room.scn` does not exist.  Aborting load.
[19:53:14:288102]:[Warning]:[Scene] SemanticScene.cpp(123)::loadSemanticSceneDescriptor : SSD File Naming Issue! Neither SemanticAttributes-provided name : `data/scene_datasets/habitat-test-scenes/van-gogh-room.scn` nor constructed filename : `data/scene_datasets/habitat-test-scenes/info_semantic.json` exist on disk.
[19:53:14:288112]:[Error]:[Scene] SemanticScene.cpp(139)::loadSemanticSceneDescriptor : SSD Load Failure! File with SemanticAttributes-provided name `data/scene_datasets/habitat-test-scenes/van-gogh-room.scn` exists but failed to load.
[19:53:14:726504]:[Warning]:[Sim] Simulator.cpp(595)::instanceStageForSceneAttributes : The active scene does not contain semantic annotations : activeSemanticSceneID_ = 0
2026-08-11 19:53:16,620 update: 1290	fps: 484.024	
2026-08-11 19:53:16,620 Num updates: 1290	Num frames 206400
2026-08-11 19:53:16,621 Average window size: 50  distance_to_goal: 0.731  distance_to_goal_reward: 0.000  reward: 4.673  spl: 0.609  success: 0.757
2026-08-11 19:53:16,621 	Perf Stats: trainer.rollout_collect: 0.293 trainer.sample_action: 0.003 trainer.obs_insert: 0.000 trainer.step_env: 0.005 trainer.update_stats: 0.001 trainer.update_agent: 0.035
PluginManager::Manager: duplicate static plugin StbImageImporter, ignoring
PluginManager::Manager: duplicate static plugin GltfImporter, ignoring
PluginManager::Manager: duplicate static plugin BasisImporter, ignoring
PluginManager::Manager: duplicate static plugin AssimpImporter, ignoring
PluginManager::Manager: duplicate static plugin AnySceneImporter, ignoring
PluginManager::Manager: duplicate static plugin AnyImageImporter, ignoring
Renderer: NVIDIA GeForce RTX 4070/PCIe/SSE2 by NVIDIA Corporation
OpenGL version: 4.6.0 NVIDIA 580.173.02
Using optional features:
    GL_ARB_vertex_array_object
    GL_ARB_separate_shader_objects
    GL_ARB_robustness
    GL_ARB_texture_storage
    GL_ARB_texture_view
    GL_ARB_framebuffer_no_attachments
    GL_ARB_invalidate_subdata
    GL_ARB_texture_storage_multisample
    GL_ARB_multi_bind
    GL_ARB_direct_state_access
    GL_ARB_get_texture_sub_image
    GL_ARB_texture_filter_anisotropic
    GL_KHR_debug
    GL_KHR_parallel_shader_compile
    GL_NV_depth_buffer_float
Using driver workarounds:
    no-forward-compatible-core-context
    nv-egl-incorrect-gl11-function-pointers
    no-layout-qualifiers-on-old-glsl
    nv-zero-context-profile-mask
    nv-implementation-color-read-format-dsa-broken
    nv-cubemap-inconsistent-compressed-image-size
    nv-cubemap-broken-full-compressed-image-query
    nv-compressed-block-size-in-bits
[19:53:17:880248]:[Warning]:[Scene] SemanticScene.h(331)::checkFileExists : ::loadSemanticSceneDescriptor: File `data/scene_datasets/habitat-test-scenes/skokloster-castle.scn` does not exist.  Aborting load.
[19:53:17:880264]:[Warning]:[Scene] SemanticScene.cpp(123)::loadSemanticSceneDescriptor : SSD File Naming Issue! Neither SemanticAttributes-provided name : `data/scene_datasets/habitat-test-scenes/skokloster-castle.scn` nor constructed filename : `data/scene_datasets/habitat-test-scenes/info_semantic.json` exist on disk.
[19:53:17:880269]:[Error]:[Scene] SemanticScene.cpp(139)::loadSemanticSceneDescriptor : SSD Load Failure! File with SemanticAttributes-provided name `data/scene_datasets/habitat-test-scenes/skokloster-castle.scn` exists but failed to load.
[19:53:18:499273]:[Warning]:[Sim] Simulator.cpp(595)::instanceStageForSceneAttributes : The active scene does not contain semantic annotations : activeSemanticSceneID_ = 0
PluginManager::Manager: duplicate static plugin StbImageImporter, ignoring
PluginManager::Manager: duplicate static plugin GltfImporter, ignoring
PluginManager::Manager: duplicate static plugin BasisImporter, ignoring
PluginManager::Manager: duplicate static plugin AssimpImporter, ignoring
PluginManager::Manager: duplicate static plugin AnySceneImporter, ignoring
PluginManager::Manager: duplicate static plugin AnyImageImporter, ignoring
Renderer: NVIDIA GeForce RTX 4070/PCIe/SSE2 by NVIDIA Corporation
OpenGL version: 4.6.0 NVIDIA 580.173.02
Using optional features:
    GL_ARB_vertex_array_object
    GL_ARB_separate_shader_objects
    GL_ARB_robustness
    GL_ARB_texture_storage
    GL_ARB_texture_view
    GL_ARB_framebuffer_no_attachments
    GL_ARB_invalidate_subdata
    GL_ARB_texture_storage_multisample
    GL_ARB_multi_bind
    GL_ARB_direct_state_access
    GL_ARB_get_texture_sub_image
    GL_ARB_texture_filter_anisotropic
    GL_KHR_debug
    GL_KHR_parallel_shader_compile
    GL_NV_depth_buffer_float
Using driver workarounds:
    no-forward-compatible-core-context
    nv-egl-incorrect-gl11-function-pointers
    no-layout-qualifiers-on-old-glsl
    nv-zero-context-profile-mask
    nv-implementation-color-read-format-dsa-broken
    nv-cubemap-inconsistent-compressed-image-size
    nv-cubemap-broken-full-compressed-image-query
    nv-compressed-block-size-in-bits
[19:53:20:332951]:[Warning]:[Scene] SemanticScene.h(331)::checkFileExists : ::loadSemanticSceneDescriptor: File `data/scene_datasets/habitat-test-scenes/skokloster-castle.scn` does not exist.  Aborting load.
[19:53:20:332968]:[Warning]:[Scene] SemanticScene.cpp(123)::loadSemanticSceneDescriptor : SSD File Naming Issue! Neither SemanticAttributes-provided name : `data/scene_datasets/habitat-test-scenes/skokloster-castle.scn` nor constructed filename : `data/scene_datasets/habitat-test-scenes/info_semantic.json` exist on disk.
[19:53:20:332978]:[Error]:[Scene] SemanticScene.cpp(139)::loadSemanticSceneDescriptor : SSD Load Failure! File with SemanticAttributes-provided name `data/scene_datasets/habitat-test-scenes/skokloster-castle.scn` exists but failed to load.
[19:53:20:936584]:[Warning]:[Sim] Simulator.cpp(595)::instanceStageForSceneAttributes : The active scene does not contain semantic annotations : activeSemanticSceneID_ = 0
2026-08-11 19:53:21,022 update: 1300	fps: 482.793	
2026-08-11 19:53:21,022 Num updates: 1300	Num frames 208000
2026-08-11 19:53:21,022 Average window size: 50  distance_to_goal: 0.593  distance_to_goal_reward: 0.000  reward: 4.813  spl: 0.647  success: 0.795
2026-08-11 19:53:21,022 	Perf Stats: trainer.rollout_collect: 0.294 trainer.sample_action: 0.003 trainer.obs_insert: 0.000 trainer.step_env: 0.005 trainer.update_stats: 0.001 trainer.update_agent: 0.035
2026-08-11 19:53:24,132 update: 1310	fps: 483.020	
2026-08-11 19:53:24,132 Num updates: 1310	Num frames 209600
2026-08-11 19:53:24,132 Average window size: 50  distance_to_goal: 0.553  distance_to_goal_reward: 0.000  reward: 4.980  spl: 0.662  success: 0.803
2026-08-11 19:53:24,132 	Perf Stats: trainer.rollout_collect: 0.293 trainer.sample_action: 0.003 trainer.obs_insert: 0.000 trainer.step_env: 0.005 trainer.update_stats: 0.001 trainer.update_agent: 0.035
2026-08-11 19:53:27,251 update: 1320	fps: 483.234	
2026-08-11 19:53:27,251 Num updates: 1320	Num frames 211200
2026-08-11 19:53:27,251 Average window size: 50  distance_to_goal: 0.388  distance_to_goal_reward: 0.000  reward: 5.027  spl: 0.677  success: 0.821
2026-08-11 19:53:27,251 	Perf Stats: trainer.rollout_collect: 0.293 trainer.sample_action: 0.003 trainer.obs_insert: 0.000 trainer.step_env: 0.005 trainer.update_stats: 0.001 trainer.update_agent: 0.035
2026-08-11 19:53:30,338 update: 1330	fps: 483.480	
2026-08-11 19:53:30,338 Num updates: 1330	Num frames 212800
2026-08-11 19:53:30,338 Average window size: 50  distance_to_goal: 0.487  distance_to_goal_reward: 0.000  reward: 4.836  spl: 0.660  success: 0.810
2026-08-11 19:53:30,338 	Perf Stats: trainer.rollout_collect: 0.293 trainer.sample_action: 0.003 trainer.obs_insert: 0.000 trainer.step_env: 0.005 trainer.update_stats: 0.001 trainer.update_agent: 0.035
2026-08-11 19:53:33,392 update: 1340	fps: 483.758	
2026-08-11 19:53:33,392 Num updates: 1340	Num frames 214400
2026-08-11 19:53:33,393 Average window size: 50  distance_to_goal: 0.534  distance_to_goal_reward: 0.000  reward: 4.779  spl: 0.617  success: 0.774
2026-08-11 19:53:33,393 	Perf Stats: trainer.rollout_collect: 0.293 trainer.sample_action: 0.003 trainer.obs_insert: 0.000 trainer.step_env: 0.005 trainer.update_stats: 0.001 trainer.update_agent: 0.035
2026-08-11 19:53:36,472 update: 1350	fps: 484.005	
2026-08-11 19:53:36,472 Num updates: 1350	Num frames 216000
2026-08-11 19:53:36,472 Average window size: 50  distance_to_goal: 0.675  distance_to_goal_reward: -0.000  reward: 5.056  spl: 0.589  success: 0.744
2026-08-11 19:53:36,472 	Perf Stats: trainer.rollout_collect: 0.293 trainer.sample_action: 0.003 trainer.obs_insert: 0.000 trainer.step_env: 0.005 trainer.update_stats: 0.001 trainer.update_agent: 0.035
2026-08-11 19:53:39,565 update: 1360	fps: 484.234	
2026-08-11 19:53:39,566 Num updates: 1360	Num frames 217600
2026-08-11 19:53:39,566 Average window size: 50  distance_to_goal: 0.937  distance_to_goal_reward: -0.000  reward: 4.765  spl: 0.581  success: 0.718
2026-08-11 19:53:39,566 	Perf Stats: trainer.rollout_collect: 0.293 trainer.sample_action: 0.003 trainer.obs_insert: 0.000 trainer.step_env: 0.005 trainer.update_stats: 0.001 trainer.update_agent: 0.035
2026-08-11 19:53:42,674 update: 1370	fps: 484.443	
2026-08-11 19:53:42,675 Num updates: 1370	Num frames 219200
2026-08-11 19:53:42,675 Average window size: 50  distance_to_goal: 1.033  distance_to_goal_reward: -0.000  reward: 4.604  spl: 0.555  success: 0.676
2026-08-11 19:53:42,675 	Perf Stats: trainer.rollout_collect: 0.292 trainer.sample_action: 0.003 trainer.obs_insert: 0.000 trainer.step_env: 0.005 trainer.update_stats: 0.001 trainer.update_agent: 0.035
2026-08-11 19:53:45,795 update: 1380	fps: 484.636	
2026-08-11 19:53:45,795 Num updates: 1380	Num frames 220800
2026-08-11 19:53:45,795 Average window size: 50  distance_to_goal: 0.761  distance_to_goal_reward: 0.000  reward: 5.167  spl: 0.588  success: 0.699
2026-08-11 19:53:45,795 	Perf Stats: trainer.rollout_collect: 0.292 trainer.sample_action: 0.003 trainer.obs_insert: 0.000 trainer.step_env: 0.005 trainer.update_stats: 0.001 trainer.update_agent: 0.035
2026-08-11 19:53:48,892 update: 1390	fps: 484.852	
2026-08-11 19:53:48,892 Num updates: 1390	Num frames 222400
2026-08-11 19:53:48,892 Average window size: 50  distance_to_goal: 0.945  distance_to_goal_reward: 0.002  reward: 4.866  spl: 0.583  success: 0.692
2026-08-11 19:53:48,893 	Perf Stats: trainer.rollout_collect: 0.292 trainer.sample_action: 0.003 trainer.obs_insert: 0.000 trainer.step_env: 0.005 trainer.update_stats: 0.001 trainer.update_agent: 0.035
2026-08-11 19:53:52,083 update: 1400	fps: 484.967	
2026-08-11 19:53:52,083 Num updates: 1400	Num frames 224000
2026-08-11 19:53:52,083 Average window size: 50  distance_to_goal: 0.969  distance_to_goal_reward: 0.002  reward: 4.703  spl: 0.599  success: 0.699
2026-08-11 19:53:52,083 	Perf Stats: trainer.rollout_collect: 0.292 trainer.sample_action: 0.003 trainer.obs_insert: 0.000 trainer.step_env: 0.005 trainer.update_stats: 0.001 trainer.update_agent: 0.035
2026-08-11 19:53:55,174 update: 1410	fps: 485.184	
2026-08-11 19:53:55,174 Num updates: 1410	Num frames 225600
2026-08-11 19:53:55,174 Average window size: 50  distance_to_goal: 0.787  distance_to_goal_reward: 0.002  reward: 5.061  spl: 0.606  success: 0.750
2026-08-11 19:53:55,174 	Perf Stats: trainer.rollout_collect: 0.292 trainer.sample_action: 0.003 trainer.obs_insert: 0.000 trainer.step_env: 0.005 trainer.update_stats: 0.001 trainer.update_agent: 0.035
2026-08-11 19:53:58,275 update: 1420	fps: 485.387	
2026-08-11 19:53:58,276 Num updates: 1420	Num frames 227200
2026-08-11 19:53:58,276 Average window size: 50  distance_to_goal: 0.716  distance_to_goal_reward: 0.002  reward: 5.271  spl: 0.572  success: 0.747
2026-08-11 19:53:58,276 	Perf Stats: trainer.rollout_collect: 0.292 trainer.sample_action: 0.003 trainer.obs_insert: 0.000 trainer.step_env: 0.005 trainer.update_stats: 0.001 trainer.update_agent: 0.035
2026-08-11 19:54:01,376 update: 1430	fps: 485.589	
2026-08-11 19:54:01,376 Num updates: 1430	Num frames 228800
2026-08-11 19:54:01,376 Average window size: 50  distance_to_goal: 0.658  distance_to_goal_reward: 0.002  reward: 5.036  spl: 0.548  success: 0.747
2026-08-11 19:54:01,376 	Perf Stats: trainer.rollout_collect: 0.292 trainer.sample_action: 0.003 trainer.obs_insert: 0.000 trainer.step_env: 0.005 trainer.update_stats: 0.001 trainer.update_agent: 0.035
2026-08-11 19:54:04,480 update: 1440	fps: 485.784	
2026-08-11 19:54:04,480 Num updates: 1440	Num frames 230400
2026-08-11 19:54:04,480 Average window size: 50  distance_to_goal: 0.409  distance_to_goal_reward: 0.000  reward: 5.791  spl: 0.586  success: 0.807
2026-08-11 19:54:04,480 	Perf Stats: trainer.rollout_collect: 0.292 trainer.sample_action: 0.003 trainer.obs_insert: 0.000 trainer.step_env: 0.005 trainer.update_stats: 0.001 trainer.update_agent: 0.035
2026-08-11 19:54:07,596 update: 1450	fps: 485.966	
2026-08-11 19:54:07,596 Num updates: 1450	Num frames 232000
2026-08-11 19:54:07,596 Average window size: 50  distance_to_goal: 0.309  distance_to_goal_reward: 0.000  reward: 5.603  spl: 0.588  success: 0.820
2026-08-11 19:54:07,596 	Perf Stats: trainer.rollout_collect: 0.291 trainer.sample_action: 0.003 trainer.obs_insert: 0.000 trainer.step_env: 0.005 trainer.update_stats: 0.001 trainer.update_agent: 0.035
2026-08-11 19:54:10,696 update: 1460	fps: 486.159	
2026-08-11 19:54:10,705 Num updates: 1460	Num frames 233600
2026-08-11 19:54:10,705 Average window size: 50  distance_to_goal: 0.381  distance_to_goal_reward: 0.000  reward: 5.692  spl: 0.580  success: 0.794
2026-08-11 19:54:10,705 	Perf Stats: trainer.rollout_collect: 0.291 trainer.sample_action: 0.003 trainer.obs_insert: 0.000 trainer.step_env: 0.005 trainer.update_stats: 0.001 trainer.update_agent: 0.035
2026-08-11 19:54:13,817 update: 1470	fps: 486.331	
2026-08-11 19:54:13,817 Num updates: 1470	Num frames 235200
2026-08-11 19:54:13,817 Average window size: 50  distance_to_goal: 0.268  distance_to_goal_reward: 0.000  reward: 5.886  spl: 0.648  success: 0.844
2026-08-11 19:54:13,817 	Perf Stats: trainer.rollout_collect: 0.291 trainer.sample_action: 0.003 trainer.obs_insert: 0.000 trainer.step_env: 0.005 trainer.update_stats: 0.001 trainer.update_agent: 0.035
2026-08-11 19:54:16,903 update: 1480	fps: 486.535	
2026-08-11 19:54:16,903 Num updates: 1480	Num frames 236800
2026-08-11 19:54:16,903 Average window size: 50  distance_to_goal: 0.396  distance_to_goal_reward: 0.000  reward: 5.496  spl: 0.629  success: 0.816
2026-08-11 19:54:16,903 	Perf Stats: trainer.rollout_collect: 0.291 trainer.sample_action: 0.003 trainer.obs_insert: 0.000 trainer.step_env: 0.005 trainer.update_stats: 0.001 trainer.update_agent: 0.035
2026-08-11 19:54:19,995 update: 1490	fps: 486.730	
2026-08-11 19:54:19,995 Num updates: 1490	Num frames 238400
2026-08-11 19:54:19,995 Average window size: 50  distance_to_goal: 0.585  distance_to_goal_reward: 0.000  reward: 5.156  spl: 0.608  success: 0.780
2026-08-11 19:54:19,995 	Perf Stats: trainer.rollout_collect: 0.291 trainer.sample_action: 0.003 trainer.obs_insert: 0.000 trainer.step_env: 0.005 trainer.update_stats: 0.001 trainer.update_agent: 0.035
PluginManager::Manager: duplicate static plugin StbImageImporter, ignoring
PluginManager::Manager: duplicate static plugin GltfImporter, ignoring
PluginManager::Manager: duplicate static plugin BasisImporter, ignoring
PluginManager::Manager: duplicate static plugin AssimpImporter, ignoring
PluginManager::Manager: duplicate static plugin AnySceneImporter, ignoring
PluginManager::Manager: duplicate static plugin AnyImageImporter, ignoring
Renderer: NVIDIA GeForce RTX 4070/PCIe/SSE2 by NVIDIA Corporation
OpenGL version: 4.6.0 NVIDIA 580.173.02
Using optional features:
    GL_ARB_vertex_array_object
    GL_ARB_separate_shader_objects
    GL_ARB_robustness
    GL_ARB_texture_storage
    GL_ARB_texture_view
    GL_ARB_framebuffer_no_attachments
    GL_ARB_invalidate_subdata
    GL_ARB_texture_storage_multisample
    GL_ARB_multi_bind
    GL_ARB_direct_state_access
    GL_ARB_get_texture_sub_image
    GL_ARB_texture_filter_anisotropic
    GL_KHR_debug
    GL_KHR_parallel_shader_compile
    GL_NV_depth_buffer_float
Using driver workarounds:
    no-forward-compatible-core-context
    nv-egl-incorrect-gl11-function-pointers
    no-layout-qualifiers-on-old-glsl
    nv-zero-context-profile-mask
    nv-implementation-color-read-format-dsa-broken
    nv-cubemap-inconsistent-compressed-image-size
    nv-cubemap-broken-full-compressed-image-query
    nv-compressed-block-size-in-bits
[19:54:20:972430]:[Warning]:[Scene] SemanticScene.h(331)::checkFileExists : ::loadSemanticSceneDescriptor: File `data/scene_datasets/habitat-test-scenes/van-gogh-room.scn` does not exist.  Aborting load.
[19:54:20:972447]:[Warning]:[Scene] SemanticScene.cpp(123)::loadSemanticSceneDescriptor : SSD File Naming Issue! Neither SemanticAttributes-provided name : `data/scene_datasets/habitat-test-scenes/van-gogh-room.scn` nor constructed filename : `data/scene_datasets/habitat-test-scenes/info_semantic.json` exist on disk.
[19:54:20:972457]:[Error]:[Scene] SemanticScene.cpp(139)::loadSemanticSceneDescriptor : SSD Load Failure! File with SemanticAttributes-provided name `data/scene_datasets/habitat-test-scenes/van-gogh-room.scn` exists but failed to load.
[19:54:21:401938]:[Warning]:[Sim] Simulator.cpp(595)::instanceStageForSceneAttributes : The active scene does not contain semantic annotations : activeSemanticSceneID_ = 0
2026-08-11 19:54:23,596 update: 1500	fps: 486.421	
2026-08-11 19:54:23,596 Num updates: 1500	Num frames 240000
2026-08-11 19:54:23,596 Average window size: 50  distance_to_goal: 0.636  distance_to_goal_reward: 0.000  reward: 5.269  spl: 0.627  success: 0.784
2026-08-11 19:54:23,596 	Perf Stats: trainer.rollout_collect: 0.291 trainer.sample_action: 0.003 trainer.obs_insert: 0.000 trainer.step_env: 0.005 trainer.update_stats: 0.001 trainer.update_agent: 0.035
2026-08-11 19:54:26,672 update: 1510	fps: 486.638	
2026-08-11 19:54:26,672 Num updates: 1510	Num frames 241600
2026-08-11 19:54:26,672 Average window size: 50  distance_to_goal: 0.577  distance_to_goal_reward: 0.000  reward: 5.262  spl: 0.657  success: 0.805
2026-08-11 19:54:26,672 	Perf Stats: trainer.rollout_collect: 0.291 trainer.sample_action: 0.003 trainer.obs_insert: 0.000 trainer.step_env: 0.005 trainer.update_stats: 0.001 trainer.update_agent: 0.035
2026-08-11 19:54:29,705 update: 1520	fps: 486.878	
2026-08-11 19:54:29,705 Num updates: 1520	Num frames 243200
2026-08-11 19:54:29,705 Average window size: 50  distance_to_goal: 0.562  distance_to_goal_reward: 0.000  reward: 5.182  spl: 0.655  success: 0.803
2026-08-11 19:54:29,705 	Perf Stats: trainer.rollout_collect: 0.291 trainer.sample_action: 0.003 trainer.obs_insert: 0.000 trainer.step_env: 0.005 trainer.update_stats: 0.001 trainer.update_agent: 0.035
2026-08-11 19:54:32,777 update: 1530	fps: 487.085	
2026-08-11 19:54:32,778 Num updates: 1530	Num frames 244800
2026-08-11 19:54:32,778 Average window size: 50  distance_to_goal: 0.527  distance_to_goal_reward: 0.000  reward: 5.236  spl: 0.677  success: 0.824
2026-08-11 19:54:32,778 	Perf Stats: trainer.rollout_collect: 0.291 trainer.sample_action: 0.003 trainer.obs_insert: 0.000 trainer.step_env: 0.005 trainer.update_stats: 0.001 trainer.update_agent: 0.035
2026-08-11 19:54:35,813 update: 1540	fps: 487.325	
2026-08-11 19:54:35,813 Num updates: 1540	Num frames 246400
2026-08-11 19:54:35,813 Average window size: 50  distance_to_goal: 0.392  distance_to_goal_reward: 0.000  reward: 5.192  spl: 0.687  success: 0.832
2026-08-11 19:54:35,813 	Perf Stats: trainer.rollout_collect: 0.291 trainer.sample_action: 0.003 trainer.obs_insert: 0.000 trainer.step_env: 0.005 trainer.update_stats: 0.001 trainer.update_agent: 0.035
2026-08-11 19:54:38,846 update: 1550	fps: 487.564	
2026-08-11 19:54:38,847 Num updates: 1550	Num frames 248000
2026-08-11 19:54:38,847 Average window size: 50  distance_to_goal: 0.495  distance_to_goal_reward: 0.000  reward: 4.890  spl: 0.686  success: 0.831
2026-08-11 19:54:38,847 	Perf Stats: trainer.rollout_collect: 0.290 trainer.sample_action: 0.003 trainer.obs_insert: 0.000 trainer.step_env: 0.005 trainer.update_stats: 0.001 trainer.update_agent: 0.035
2026-08-11 19:54:41,871 update: 1560	fps: 487.809	
2026-08-11 19:54:41,871 Num updates: 1560	Num frames 249600
2026-08-11 19:54:41,871 Average window size: 50  distance_to_goal: 0.438  distance_to_goal_reward: 0.000  reward: 4.642  spl: 0.699  success: 0.853
2026-08-11 19:54:41,871 	Perf Stats: trainer.rollout_collect: 0.290 trainer.sample_action: 0.003 trainer.obs_insert: 0.000 trainer.step_env: 0.005 trainer.update_stats: 0.001 trainer.update_agent: 0.035
2026-08-11 19:54:44,895 update: 1570	fps: 488.052	
2026-08-11 19:54:44,895 Num updates: 1570	Num frames 251200
2026-08-11 19:54:44,895 Average window size: 50  distance_to_goal: 0.558  distance_to_goal_reward: 0.000  reward: 4.485  spl: 0.690  success: 0.841
2026-08-11 19:54:44,895 	Perf Stats: trainer.rollout_collect: 0.290 trainer.sample_action: 0.003 trainer.obs_insert: 0.000 trainer.step_env: 0.005 trainer.update_stats: 0.001 trainer.update_agent: 0.035
2026-08-11 19:54:47,955 update: 1580	fps: 488.257	
2026-08-11 19:54:47,956 Num updates: 1580	Num frames 252800
2026-08-11 19:54:47,956 Average window size: 50  distance_to_goal: 0.408  distance_to_goal_reward: 0.000  reward: 4.783  spl: 0.718  success: 0.860
2026-08-11 19:54:47,956 	Perf Stats: trainer.rollout_collect: 0.290 trainer.sample_action: 0.003 trainer.obs_insert: 0.000 trainer.step_env: 0.005 trainer.update_stats: 0.001 trainer.update_agent: 0.035
2026-08-11 19:54:50,987 update: 1590	fps: 488.488	
2026-08-11 19:54:50,987 Num updates: 1590	Num frames 254400
2026-08-11 19:54:50,987 Average window size: 50  distance_to_goal: 0.433  distance_to_goal_reward: 0.000  reward: 4.800  spl: 0.707  success: 0.858
2026-08-11 19:54:50,987 	Perf Stats: trainer.rollout_collect: 0.290 trainer.sample_action: 0.003 trainer.obs_insert: 0.000 trainer.step_env: 0.005 trainer.update_stats: 0.001 trainer.update_agent: 0.035
2026-08-11 19:54:54,125 update: 1600	fps: 488.616	
2026-08-11 19:54:54,125 Num updates: 1600	Num frames 256000
2026-08-11 19:54:54,125 Average window size: 50  distance_to_goal: 0.343  distance_to_goal_reward: 0.000  reward: 4.697  spl: 0.667  success: 0.815
2026-08-11 19:54:54,125 	Perf Stats: trainer.rollout_collect: 0.290 trainer.sample_action: 0.003 trainer.obs_insert: 0.000 trainer.step_env: 0.005 trainer.update_stats: 0.001 trainer.update_agent: 0.035
2026-08-11 19:54:57,171 update: 1610	fps: 488.827	
2026-08-11 19:54:57,171 Num updates: 1610	Num frames 257600
2026-08-11 19:54:57,172 Average window size: 50  distance_to_goal: 0.379  distance_to_goal_reward: 0.000  reward: 4.771  spl: 0.633  success: 0.779
2026-08-11 19:54:57,172 	Perf Stats: trainer.rollout_collect: 0.289 trainer.sample_action: 0.003 trainer.obs_insert: 0.000 trainer.step_env: 0.005 trainer.update_stats: 0.001 trainer.update_agent: 0.035
2026-08-11 19:55:00,195 update: 1620	fps: 489.057	
2026-08-11 19:55:00,195 Num updates: 1620	Num frames 259200
2026-08-11 19:55:00,195 Average window size: 50  distance_to_goal: 0.272  distance_to_goal_reward: 0.000  reward: 5.066  spl: 0.649  success: 0.809
2026-08-11 19:55:00,195 	Perf Stats: trainer.rollout_collect: 0.289 trainer.sample_action: 0.003 trainer.obs_insert: 0.000 trainer.step_env: 0.005 trainer.update_stats: 0.001 trainer.update_agent: 0.035
PluginManager::Manager: duplicate static plugin StbImageImporter, ignoring
PluginManager::Manager: duplicate static plugin GltfImporter, ignoring
PluginManager::Manager: duplicate static plugin BasisImporter, ignoring
PluginManager::Manager: duplicate static plugin AssimpImporter, ignoring
PluginManager::Manager: duplicate static plugin AnySceneImporter, ignoring
PluginManager::Manager: duplicate static plugin AnyImageImporter, ignoring
Renderer: NVIDIA GeForce RTX 4070/PCIe/SSE2 by NVIDIA Corporation
OpenGL version: 4.6.0 NVIDIA 580.173.02
Using optional features:
    GL_ARB_vertex_array_object
    GL_ARB_separate_shader_objects
    GL_ARB_robustness
    GL_ARB_texture_storage
    GL_ARB_texture_view
    GL_ARB_framebuffer_no_attachments
    GL_ARB_invalidate_subdata
    GL_ARB_texture_storage_multisample
    GL_ARB_multi_bind
    GL_ARB_direct_state_access
    GL_ARB_get_texture_sub_image
    GL_ARB_texture_filter_anisotropic
    GL_KHR_debug
    GL_KHR_parallel_shader_compile
    GL_NV_depth_buffer_float
Using driver workarounds:
    no-forward-compatible-core-context
    nv-egl-incorrect-gl11-function-pointers
    no-layout-qualifiers-on-old-glsl
    nv-zero-context-profile-mask
    nv-implementation-color-read-format-dsa-broken
    nv-cubemap-inconsistent-compressed-image-size
    nv-cubemap-broken-full-compressed-image-query
    nv-compressed-block-size-in-bits
[19:55:02:867839]:[Warning]:[Scene] SemanticScene.h(331)::checkFileExists : ::loadSemanticSceneDescriptor: File `data/scene_datasets/habitat-test-scenes/skokloster-castle.scn` does not exist.  Aborting load.
[19:55:02:867855]:[Warning]:[Scene] SemanticScene.cpp(123)::loadSemanticSceneDescriptor : SSD File Naming Issue! Neither SemanticAttributes-provided name : `data/scene_datasets/habitat-test-scenes/skokloster-castle.scn` nor constructed filename : `data/scene_datasets/habitat-test-scenes/info_semantic.json` exist on disk.
[19:55:02:867860]:[Error]:[Scene] SemanticScene.cpp(139)::loadSemanticSceneDescriptor : SSD Load Failure! File with SemanticAttributes-provided name `data/scene_datasets/habitat-test-scenes/skokloster-castle.scn` exists but failed to load.
[19:55:03:473983]:[Warning]:[Sim] Simulator.cpp(595)::instanceStageForSceneAttributes : The active scene does not contain semantic annotations : activeSemanticSceneID_ = 0
2026-08-11 19:55:03,838 update: 1630	fps: 488.717	
2026-08-11 19:55:03,838 Num updates: 1630	Num frames 260800
2026-08-11 19:55:03,838 Average window size: 50  distance_to_goal: 0.482  distance_to_goal_reward: 0.000  reward: 4.639  spl: 0.611  success: 0.764
2026-08-11 19:55:03,838 	Perf Stats: trainer.rollout_collect: 0.290 trainer.sample_action: 0.003 trainer.obs_insert: 0.000 trainer.step_env: 0.005 trainer.update_stats: 0.001 trainer.update_agent: 0.035
2026-08-11 19:55:06,911 update: 1640	fps: 488.900	
2026-08-11 19:55:06,911 Num updates: 1640	Num frames 262400
2026-08-11 19:55:06,911 Average window size: 50  distance_to_goal: 0.482  distance_to_goal_reward: 0.000  reward: 4.928  spl: 0.643  success: 0.796
2026-08-11 19:55:06,911 	Perf Stats: trainer.rollout_collect: 0.289 trainer.sample_action: 0.003 trainer.obs_insert: 0.000 trainer.step_env: 0.005 trainer.update_stats: 0.001 trainer.update_agent: 0.035
PluginManager::Manager: duplicate static plugin StbImageImporter, ignoring
PluginManager::Manager: duplicate static plugin GltfImporter, ignoring
PluginManager::Manager: duplicate static plugin BasisImporter, ignoring
PluginManager::Manager: duplicate static plugin AssimpImporter, ignoring
PluginManager::Manager: duplicate static plugin AnySceneImporter, ignoring
PluginManager::Manager: duplicate static plugin AnyImageImporter, ignoring
Renderer: NVIDIA GeForce RTX 4070/PCIe/SSE2 by NVIDIA Corporation
OpenGL version: 4.6.0 NVIDIA 580.173.02
Using optional features:
    GL_ARB_vertex_array_object
    GL_ARB_separate_shader_objects
    GL_ARB_robustness
    GL_ARB_texture_storage
    GL_ARB_texture_view
    GL_ARB_framebuffer_no_attachments
    GL_ARB_invalidate_subdata
    GL_ARB_texture_storage_multisample
    GL_ARB_multi_bind
    GL_ARB_direct_state_access
    GL_ARB_get_texture_sub_image
    GL_ARB_texture_filter_anisotropic
    GL_KHR_debug
    GL_KHR_parallel_shader_compile
    GL_NV_depth_buffer_float
Using driver workarounds:
    no-forward-compatible-core-context
    nv-egl-incorrect-gl11-function-pointers
    no-layout-qualifiers-on-old-glsl
    nv-zero-context-profile-mask
    nv-implementation-color-read-format-dsa-broken
    nv-cubemap-inconsistent-compressed-image-size
    nv-cubemap-broken-full-compressed-image-query
    nv-compressed-block-size-in-bits
[19:55:09:137657]:[Warning]:[Scene] SemanticScene.h(331)::checkFileExists : ::loadSemanticSceneDescriptor: File `data/scene_datasets/habitat-test-scenes/skokloster-castle.scn` does not exist.  Aborting load.
[19:55:09:137673]:[Warning]:[Scene] SemanticScene.cpp(123)::loadSemanticSceneDescriptor : SSD File Naming Issue! Neither SemanticAttributes-provided name : `data/scene_datasets/habitat-test-scenes/skokloster-castle.scn` nor constructed filename : `data/scene_datasets/habitat-test-scenes/info_semantic.json` exist on disk.
[19:55:09:137679]:[Error]:[Scene] SemanticScene.cpp(139)::loadSemanticSceneDescriptor : SSD Load Failure! File with SemanticAttributes-provided name `data/scene_datasets/habitat-test-scenes/skokloster-castle.scn` exists but failed to load.
[19:55:09:744508]:[Warning]:[Sim] Simulator.cpp(595)::instanceStageForSceneAttributes : The active scene does not contain semantic annotations : activeSemanticSceneID_ = 0
2026-08-11 19:55:10,630 update: 1650	fps: 488.496	
2026-08-11 19:55:10,630 Num updates: 1650	Num frames 264000
2026-08-11 19:55:10,630 Average window size: 50  distance_to_goal: 0.481  distance_to_goal_reward: 0.000  reward: 5.305  spl: 0.653  success: 0.827
2026-08-11 19:55:10,630 	Perf Stats: trainer.rollout_collect: 0.290 trainer.sample_action: 0.003 trainer.obs_insert: 0.000 trainer.step_env: 0.005 trainer.update_stats: 0.001 trainer.update_agent: 0.035
2026-08-11 19:55:13,773 update: 1660	fps: 488.615	
2026-08-11 19:55:13,774 Num updates: 1660	Num frames 265600
2026-08-11 19:55:13,774 Average window size: 50  distance_to_goal: 0.472  distance_to_goal_reward: 0.000  reward: 5.673  spl: 0.653  success: 0.839
2026-08-11 19:55:13,774 	Perf Stats: trainer.rollout_collect: 0.290 trainer.sample_action: 0.003 trainer.obs_insert: 0.000 trainer.step_env: 0.005 trainer.update_stats: 0.001 trainer.update_agent: 0.035
2026-08-11 19:55:16,882 update: 1670	fps: 488.763	
2026-08-11 19:55:16,882 Num updates: 1670	Num frames 267200
2026-08-11 19:55:16,883 Average window size: 50  distance_to_goal: 0.604  distance_to_goal_reward: 0.000  reward: 5.736  spl: 0.617  success: 0.806
2026-08-11 19:55:16,883 	Perf Stats: trainer.rollout_collect: 0.290 trainer.sample_action: 0.003 trainer.obs_insert: 0.000 trainer.step_env: 0.005 trainer.update_stats: 0.001 trainer.update_agent: 0.035
PluginManager::Manager: duplicate static plugin StbImageImporter, ignoring
PluginManager::Manager: duplicate static plugin GltfImporter, ignoring
PluginManager::Manager: duplicate static plugin BasisImporter, ignoring
PluginManager::Manager: duplicate static plugin AssimpImporter, ignoring
PluginManager::Manager: duplicate static plugin AnySceneImporter, ignoring
PluginManager::Manager: duplicate static plugin AnyImageImporter, ignoring
Renderer: NVIDIA GeForce RTX 4070/PCIe/SSE2 by NVIDIA Corporation
OpenGL version: 4.6.0 NVIDIA 580.173.02
Using optional features:
    GL_ARB_vertex_array_object
    GL_ARB_separate_shader_objects
    GL_ARB_robustness
    GL_ARB_texture_storage
    GL_ARB_texture_view
    GL_ARB_framebuffer_no_attachments
    GL_ARB_invalidate_subdata
    GL_ARB_texture_storage_multisample
    GL_ARB_multi_bind
    GL_ARB_direct_state_access
    GL_ARB_get_texture_sub_image
    GL_ARB_texture_filter_anisotropic
    GL_KHR_debug
    GL_KHR_parallel_shader_compile
    GL_NV_depth_buffer_float
Using driver workarounds:
    no-forward-compatible-core-context
    nv-egl-incorrect-gl11-function-pointers
    no-layout-qualifiers-on-old-glsl
    nv-zero-context-profile-mask
    nv-implementation-color-read-format-dsa-broken
    nv-cubemap-inconsistent-compressed-image-size
    nv-cubemap-broken-full-compressed-image-query
    nv-compressed-block-size-in-bits
[19:55:17:629672]:[Warning]:[Scene] SemanticScene.h(331)::checkFileExists : ::loadSemanticSceneDescriptor: File `data/scene_datasets/habitat-test-scenes/van-gogh-room.scn` does not exist.  Aborting load.
[19:55:17:629689]:[Warning]:[Scene] SemanticScene.cpp(123)::loadSemanticSceneDescriptor : SSD File Naming Issue! Neither SemanticAttributes-provided name : `data/scene_datasets/habitat-test-scenes/van-gogh-room.scn` nor constructed filename : `data/scene_datasets/habitat-test-scenes/info_semantic.json` exist on disk.
[19:55:17:629698]:[Error]:[Scene] SemanticScene.cpp(139)::loadSemanticSceneDescriptor : SSD Load Failure! File with SemanticAttributes-provided name `data/scene_datasets/habitat-test-scenes/van-gogh-room.scn` exists but failed to load.
[19:55:18:063520]:[Warning]:[Sim] Simulator.cpp(595)::instanceStageForSceneAttributes : The active scene does not contain semantic annotations : activeSemanticSceneID_ = 0
PluginManager::Manager: duplicate static plugin StbImageImporter, ignoring
PluginManager::Manager: duplicate static plugin GltfImporter, ignoring
PluginManager::Manager: duplicate static plugin BasisImporter, ignoring
PluginManager::Manager: duplicate static plugin AssimpImporter, ignoring
PluginManager::Manager: duplicate static plugin AnySceneImporter, ignoring
PluginManager::Manager: duplicate static plugin AnyImageImporter, ignoring
Renderer: NVIDIA GeForce RTX 4070/PCIe/SSE2 by NVIDIA Corporation
OpenGL version: 4.6.0 NVIDIA 580.173.02
Using optional features:
    GL_ARB_vertex_array_object
    GL_ARB_separate_shader_objects
    GL_ARB_robustness
    GL_ARB_texture_storage
    GL_ARB_texture_view
    GL_ARB_framebuffer_no_attachments
    GL_ARB_invalidate_subdata
    GL_ARB_texture_storage_multisample
    GL_ARB_multi_bind
    GL_ARB_direct_state_access
    GL_ARB_get_texture_sub_image
    GL_ARB_texture_filter_anisotropic
    GL_KHR_debug
    GL_KHR_parallel_shader_compile
    GL_NV_depth_buffer_float
Using driver workarounds:
    no-forward-compatible-core-context
    nv-egl-incorrect-gl11-function-pointers
    no-layout-qualifiers-on-old-glsl
    nv-zero-context-profile-mask
    nv-implementation-color-read-format-dsa-broken
    nv-cubemap-inconsistent-compressed-image-size
    nv-cubemap-broken-full-compressed-image-query
    nv-compressed-block-size-in-bits
[19:55:18:360276]:[Warning]:[Scene] SemanticScene.h(331)::checkFileExists : ::loadSemanticSceneDescriptor: File `data/scene_datasets/habitat-test-scenes/van-gogh-room.scn` does not exist.  Aborting load.
[19:55:18:360291]:[Warning]:[Scene] SemanticScene.cpp(123)::loadSemanticSceneDescriptor : SSD File Naming Issue! Neither SemanticAttributes-provided name : `data/scene_datasets/habitat-test-scenes/van-gogh-room.scn` nor constructed filename : `data/scene_datasets/habitat-test-scenes/info_semantic.json` exist on disk.
[19:55:18:360296]:[Error]:[Scene] SemanticScene.cpp(139)::loadSemanticSceneDescriptor : SSD Load Failure! File with SemanticAttributes-provided name `data/scene_datasets/habitat-test-scenes/van-gogh-room.scn` exists but failed to load.
[19:55:18:811993]:[Warning]:[Sim] Simulator.cpp(595)::instanceStageForSceneAttributes : The active scene does not contain semantic annotations : activeSemanticSceneID_ = 0
2026-08-11 19:55:20,824 update: 1680	fps: 488.170	
2026-08-11 19:55:20,824 Num updates: 1680	Num frames 268800
2026-08-11 19:55:20,824 Average window size: 50  distance_to_goal: 0.491  distance_to_goal_reward: 0.000  reward: 5.929  spl: 0.619  success: 0.833
2026-08-11 19:55:20,824 	Perf Stats: trainer.rollout_collect: 0.290 trainer.sample_action: 0.003 trainer.obs_insert: 0.000 trainer.step_env: 0.005 trainer.update_stats: 0.001 trainer.update_agent: 0.035
2026-08-11 19:55:23,825 update: 1690	fps: 488.414	
2026-08-11 19:55:23,825 Num updates: 1690	Num frames 270400
2026-08-11 19:55:23,825 Average window size: 50  distance_to_goal: 0.644  distance_to_goal_reward: 0.000  reward: 5.365  spl: 0.587  success: 0.792
2026-08-11 19:55:23,825 	Perf Stats: trainer.rollout_collect: 0.290 trainer.sample_action: 0.003 trainer.obs_insert: 0.000 trainer.step_env: 0.005 trainer.update_stats: 0.001 trainer.update_agent: 0.035
2026-08-11 19:55:26,984 update: 1700	fps: 488.516	
2026-08-11 19:55:26,984 Num updates: 1700	Num frames 272000
2026-08-11 19:55:26,984 Average window size: 50  distance_to_goal: 0.423  distance_to_goal_reward: 0.000  reward: 5.067  spl: 0.567  success: 0.772
2026-08-11 19:55:26,984 	Perf Stats: trainer.rollout_collect: 0.290 trainer.sample_action: 0.003 trainer.obs_insert: 0.000 trainer.step_env: 0.005 trainer.update_stats: 0.001 trainer.update_agent: 0.035
2026-08-11 19:55:30,024 update: 1710	fps: 488.722	
2026-08-11 19:55:30,024 Num updates: 1710	Num frames 273600
2026-08-11 19:55:30,024 Average window size: 50  distance_to_goal: 0.368  distance_to_goal_reward: 0.000  reward: 4.830  spl: 0.586  success: 0.815
2026-08-11 19:55:30,024 	Perf Stats: trainer.rollout_collect: 0.290 trainer.sample_action: 0.003 trainer.obs_insert: 0.000 trainer.step_env: 0.005 trainer.update_stats: 0.001 trainer.update_agent: 0.035
2026-08-11 19:55:33,074 update: 1720	fps: 488.916	
2026-08-11 19:55:33,074 Num updates: 1720	Num frames 275200
2026-08-11 19:55:33,074 Average window size: 50  distance_to_goal: 0.559  distance_to_goal_reward: 0.000  reward: 4.508  spl: 0.614  success: 0.835
2026-08-11 19:55:33,074 	Perf Stats: trainer.rollout_collect: 0.289 trainer.sample_action: 0.003 trainer.obs_insert: 0.000 trainer.step_env: 0.005 trainer.update_stats: 0.001 trainer.update_agent: 0.035
2026-08-11 19:55:36,103 update: 1730	fps: 489.126	
2026-08-11 19:55:36,103 Num updates: 1730	Num frames 276800
2026-08-11 19:55:36,103 Average window size: 50  distance_to_goal: 0.378  distance_to_goal_reward: 0.000  reward: 5.100  spl: 0.675  success: 0.892
2026-08-11 19:55:36,103 	Perf Stats: trainer.rollout_collect: 0.289 trainer.sample_action: 0.003 trainer.obs_insert: 0.000 trainer.step_env: 0.005 trainer.update_stats: 0.001 trainer.update_agent: 0.035
2026-08-11 19:55:39,137 update: 1740	fps: 489.330	
2026-08-11 19:55:39,137 Num updates: 1740	Num frames 278400
2026-08-11 19:55:39,137 Average window size: 50  distance_to_goal: 0.356  distance_to_goal_reward: 0.000  reward: 5.117  spl: 0.689  success: 0.887
2026-08-11 19:55:39,137 	Perf Stats: trainer.rollout_collect: 0.289 trainer.sample_action: 0.003 trainer.obs_insert: 0.000 trainer.step_env: 0.005 trainer.update_stats: 0.001 trainer.update_agent: 0.035
2026-08-11 19:55:42,190 update: 1750	fps: 489.516	
2026-08-11 19:55:42,190 Num updates: 1750	Num frames 280000
2026-08-11 19:55:42,190 Average window size: 50  distance_to_goal: 0.482  distance_to_goal_reward: 0.000  reward: 4.936  spl: 0.698  success: 0.881
2026-08-11 19:55:42,190 	Perf Stats: trainer.rollout_collect: 0.289 trainer.sample_action: 0.003 trainer.obs_insert: 0.000 trainer.step_env: 0.005 trainer.update_stats: 0.001 trainer.update_agent: 0.035
2026-08-11 19:55:45,282 update: 1760	fps: 489.665	
2026-08-11 19:55:45,283 Num updates: 1760	Num frames 281600
2026-08-11 19:55:45,283 Average window size: 50  distance_to_goal: 0.449  distance_to_goal_reward: 0.000  reward: 5.235  spl: 0.733  success: 0.897
2026-08-11 19:55:45,283 	Perf Stats: trainer.rollout_collect: 0.289 trainer.sample_action: 0.003 trainer.obs_insert: 0.000 trainer.step_env: 0.005 trainer.update_stats: 0.001 trainer.update_agent: 0.035
2026-08-11 19:55:48,369 update: 1770	fps: 489.818	
2026-08-11 19:55:48,370 Num updates: 1770	Num frames 283200
2026-08-11 19:55:48,370 Average window size: 50  distance_to_goal: 0.247  distance_to_goal_reward: 0.000  reward: 5.406  spl: 0.694  success: 0.855
2026-08-11 19:55:48,370 	Perf Stats: trainer.rollout_collect: 0.289 trainer.sample_action: 0.003 trainer.obs_insert: 0.000 trainer.step_env: 0.005 trainer.update_stats: 0.001 trainer.update_agent: 0.035
2026-08-11 19:55:51,410 update: 1780	fps: 490.008	
2026-08-11 19:55:51,410 Num updates: 1780	Num frames 284800
2026-08-11 19:55:51,411 Average window size: 50  distance_to_goal: 0.246  distance_to_goal_reward: 0.000  reward: 5.444  spl: 0.698  success: 0.852
2026-08-11 19:55:51,411 	Perf Stats: trainer.rollout_collect: 0.289 trainer.sample_action: 0.003 trainer.obs_insert: 0.000 trainer.step_env: 0.005 trainer.update_stats: 0.001 trainer.update_agent: 0.035
2026-08-11 19:55:54,485 update: 1790	fps: 490.168	
2026-08-11 19:55:54,485 Num updates: 1790	Num frames 286400
2026-08-11 19:55:54,485 Average window size: 50  distance_to_goal: 0.334  distance_to_goal_reward: 0.000  reward: 5.665  spl: 0.709  success: 0.861
2026-08-11 19:55:54,485 	Perf Stats: trainer.rollout_collect: 0.289 trainer.sample_action: 0.003 trainer.obs_insert: 0.000 trainer.step_env: 0.005 trainer.update_stats: 0.001 trainer.update_agent: 0.035
2026-08-11 19:55:57,647 update: 1800	fps: 490.253	
2026-08-11 19:55:57,647 Num updates: 1800	Num frames 288000
2026-08-11 19:55:57,647 Average window size: 50  distance_to_goal: 0.277  distance_to_goal_reward: 0.000  reward: 5.647  spl: 0.708  success: 0.857
2026-08-11 19:55:57,647 	Perf Stats: trainer.rollout_collect: 0.289 trainer.sample_action: 0.003 trainer.obs_insert: 0.000 trainer.step_env: 0.005 trainer.update_stats: 0.001 trainer.update_agent: 0.035
2026-08-11 19:56:00,706 update: 1810	fps: 490.423	
2026-08-11 19:56:00,715 Num updates: 1810	Num frames 289600
2026-08-11 19:56:00,715 Average window size: 50  distance_to_goal: 0.286  distance_to_goal_reward: 0.000  reward: 5.653  spl: 0.695  success: 0.836
2026-08-11 19:56:00,715 	Perf Stats: trainer.rollout_collect: 0.288 trainer.sample_action: 0.003 trainer.obs_insert: 0.000 trainer.step_env: 0.005 trainer.update_stats: 0.001 trainer.update_agent: 0.035
2026-08-11 19:56:03,763 update: 1820	fps: 490.593	
2026-08-11 19:56:03,763 Num updates: 1820	Num frames 291200
2026-08-11 19:56:03,763 Average window size: 50  distance_to_goal: 0.294  distance_to_goal_reward: 0.000  reward: 5.718  spl: 0.736  success: 0.875
2026-08-11 19:56:03,763 	Perf Stats: trainer.rollout_collect: 0.288 trainer.sample_action: 0.003 trainer.obs_insert: 0.000 trainer.step_env: 0.005 trainer.update_stats: 0.001 trainer.update_agent: 0.035
2026-08-11 19:56:06,828 update: 1830	fps: 490.754	
2026-08-11 19:56:06,828 Num updates: 1830	Num frames 292800
2026-08-11 19:56:06,828 Average window size: 50  distance_to_goal: 0.422  distance_to_goal_reward: 0.000  reward: 5.352  spl: 0.716  success: 0.860
2026-08-11 19:56:06,828 	Perf Stats: trainer.rollout_collect: 0.288 trainer.sample_action: 0.003 trainer.obs_insert: 0.000 trainer.step_env: 0.005 trainer.update_stats: 0.001 trainer.update_agent: 0.035
2026-08-11 19:56:09,917 update: 1840	fps: 490.894	
2026-08-11 19:56:09,917 Num updates: 1840	Num frames 294400
2026-08-11 19:56:09,917 Average window size: 50  distance_to_goal: 0.272  distance_to_goal_reward: 0.000  reward: 5.301  spl: 0.729  success: 0.873
2026-08-11 19:56:09,917 	Perf Stats: trainer.rollout_collect: 0.288 trainer.sample_action: 0.003 trainer.obs_insert: 0.000 trainer.step_env: 0.005 trainer.update_stats: 0.001 trainer.update_agent: 0.035
2026-08-11 19:56:12,979 update: 1850	fps: 491.055	
2026-08-11 19:56:12,979 Num updates: 1850	Num frames 296000
2026-08-11 19:56:12,980 Average window size: 50  distance_to_goal: 0.421  distance_to_goal_reward: 0.000  reward: 5.288  spl: 0.733  success: 0.878
2026-08-11 19:56:12,980 	Perf Stats: trainer.rollout_collect: 0.288 trainer.sample_action: 0.003 trainer.obs_insert: 0.000 trainer.step_env: 0.005 trainer.update_stats: 0.001 trainer.update_agent: 0.035
PluginManager::Manager: duplicate static plugin StbImageImporter, ignoring
PluginManager::Manager: duplicate static plugin GltfImporter, ignoring
PluginManager::Manager: duplicate static plugin BasisImporter, ignoring
PluginManager::Manager: duplicate static plugin AssimpImporter, ignoring
PluginManager::Manager: duplicate static plugin AnySceneImporter, ignoring
PluginManager::Manager: duplicate static plugin AnyImageImporter, ignoring
Renderer: NVIDIA GeForce RTX 4070/PCIe/SSE2 by NVIDIA Corporation
OpenGL version: 4.6.0 NVIDIA 580.173.02
Using optional features:
    GL_ARB_vertex_array_object
    GL_ARB_separate_shader_objects
    GL_ARB_robustness
    GL_ARB_texture_storage
    GL_ARB_texture_view
    GL_ARB_framebuffer_no_attachments
    GL_ARB_invalidate_subdata
    GL_ARB_texture_storage_multisample
    GL_ARB_multi_bind
    GL_ARB_direct_state_access
    GL_ARB_get_texture_sub_image
    GL_ARB_texture_filter_anisotropic
    GL_KHR_debug
    GL_KHR_parallel_shader_compile
    GL_NV_depth_buffer_float
Using driver workarounds:
    no-forward-compatible-core-context
    nv-egl-incorrect-gl11-function-pointers
    no-layout-qualifiers-on-old-glsl
    nv-zero-context-profile-mask
    nv-implementation-color-read-format-dsa-broken
    nv-cubemap-inconsistent-compressed-image-size
    nv-cubemap-broken-full-compressed-image-query
    nv-compressed-block-size-in-bits
[19:56:14:113850]:[Warning]:[Scene] SemanticScene.h(331)::checkFileExists : ::loadSemanticSceneDescriptor: File `data/scene_datasets/habitat-test-scenes/skokloster-castle.scn` does not exist.  Aborting load.
[19:56:14:113867]:[Warning]:[Scene] SemanticScene.cpp(123)::loadSemanticSceneDescriptor : SSD File Naming Issue! Neither SemanticAttributes-provided name : `data/scene_datasets/habitat-test-scenes/skokloster-castle.scn` nor constructed filename : `data/scene_datasets/habitat-test-scenes/info_semantic.json` exist on disk.
[19:56:14:113873]:[Error]:[Scene] SemanticScene.cpp(139)::loadSemanticSceneDescriptor : SSD Load Failure! File with SemanticAttributes-provided name `data/scene_datasets/habitat-test-scenes/skokloster-castle.scn` exists but failed to load.
[19:56:14:718311]:[Warning]:[Sim] Simulator.cpp(595)::instanceStageForSceneAttributes : The active scene does not contain semantic annotations : activeSemanticSceneID_ = 0
2026-08-11 19:56:16,695 update: 1860	fps: 490.684	
2026-08-11 19:56:16,695 Num updates: 1860	Num frames 297600
2026-08-11 19:56:16,695 Average window size: 50  distance_to_goal: 0.555  distance_to_goal_reward: 0.000  reward: 4.973  spl: 0.730  success: 0.876
2026-08-11 19:56:16,696 	Perf Stats: trainer.rollout_collect: 0.288 trainer.sample_action: 0.003 trainer.obs_insert: 0.000 trainer.step_env: 0.005 trainer.update_stats: 0.001 trainer.update_agent: 0.035
2026-08-11 19:56:19,834 update: 1870	fps: 490.783	
2026-08-11 19:56:19,834 Num updates: 1870	Num frames 299200
2026-08-11 19:56:19,834 Average window size: 50  distance_to_goal: 0.542  distance_to_goal_reward: 0.000  reward: 5.132  spl: 0.725  success: 0.870
2026-08-11 19:56:19,834 	Perf Stats: trainer.rollout_collect: 0.288 trainer.sample_action: 0.003 trainer.obs_insert: 0.000 trainer.step_env: 0.005 trainer.update_stats: 0.001 trainer.update_agent: 0.035
2026-08-11 19:56:23,009 update: 1880	fps: 490.851	
2026-08-11 19:56:23,009 Num updates: 1880	Num frames 300800
2026-08-11 19:56:23,009 Average window size: 50  distance_to_goal: 0.640  distance_to_goal_reward: 0.000  reward: 5.406  spl: 0.730  success: 0.871
2026-08-11 19:56:23,010 	Perf Stats: trainer.rollout_collect: 0.288 trainer.sample_action: 0.003 trainer.obs_insert: 0.000 trainer.step_env: 0.005 trainer.update_stats: 0.001 trainer.update_agent: 0.035
2026-08-11 19:56:26,130 update: 1890	fps: 490.962	
2026-08-11 19:56:26,130 Num updates: 1890	Num frames 302400
2026-08-11 19:56:26,130 Average window size: 50  distance_to_goal: 0.731  distance_to_goal_reward: 0.000  reward: 5.496  spl: 0.715  success: 0.850
2026-08-11 19:56:26,130 	Perf Stats: trainer.rollout_collect: 0.288 trainer.sample_action: 0.003 trainer.obs_insert: 0.000 trainer.step_env: 0.005 trainer.update_stats: 0.001 trainer.update_agent: 0.035
2026-08-11 19:56:29,339 update: 1900	fps: 491.001	
2026-08-11 19:56:29,339 Num updates: 1900	Num frames 304000
2026-08-11 19:56:29,339 Average window size: 50  distance_to_goal: 0.673  distance_to_goal_reward: 0.000  reward: 5.544  spl: 0.721  success: 0.845
2026-08-11 19:56:29,339 	Perf Stats: trainer.rollout_collect: 0.288 trainer.sample_action: 0.003 trainer.obs_insert: 0.000 trainer.step_env: 0.005 trainer.update_stats: 0.001 trainer.update_agent: 0.035
2026-08-11 19:56:32,460 update: 1910	fps: 491.109	
2026-08-11 19:56:32,460 Num updates: 1910	Num frames 305600
2026-08-11 19:56:32,460 Average window size: 50  distance_to_goal: 0.511  distance_to_goal_reward: 0.000  reward: 5.786  spl: 0.719  success: 0.835
2026-08-11 19:56:32,460 	Perf Stats: trainer.rollout_collect: 0.288 trainer.sample_action: 0.003 trainer.obs_insert: 0.000 trainer.step_env: 0.005 trainer.update_stats: 0.001 trainer.update_agent: 0.035
PluginManager::Manager: duplicate static plugin StbImageImporter, ignoring
PluginManager::Manager: duplicate static plugin GltfImporter, ignoring
PluginManager::Manager: duplicate static plugin BasisImporter, ignoring
PluginManager::Manager: duplicate static plugin AssimpImporter, ignoring
PluginManager::Manager: duplicate static plugin AnySceneImporter, ignoring
PluginManager::Manager: duplicate static plugin AnyImageImporter, ignoring
Renderer: NVIDIA GeForce RTX 4070/PCIe/SSE2 by NVIDIA Corporation
OpenGL version: 4.6.0 NVIDIA 580.173.02
Using optional features:
    GL_ARB_vertex_array_object
    GL_ARB_separate_shader_objects
    GL_ARB_robustness
    GL_ARB_texture_storage
    GL_ARB_texture_view
    GL_ARB_framebuffer_no_attachments
    GL_ARB_invalidate_subdata
    GL_ARB_texture_storage_multisample
    GL_ARB_multi_bind
    GL_ARB_direct_state_access
    GL_ARB_get_texture_sub_image
    GL_ARB_texture_filter_anisotropic
    GL_KHR_debug
    GL_KHR_parallel_shader_compile
    GL_NV_depth_buffer_float
Using driver workarounds:
    no-forward-compatible-core-context
    nv-egl-incorrect-gl11-function-pointers
    no-layout-qualifiers-on-old-glsl
    nv-zero-context-profile-mask
    nv-implementation-color-read-format-dsa-broken
    nv-cubemap-inconsistent-compressed-image-size
    nv-cubemap-broken-full-compressed-image-query
    nv-compressed-block-size-in-bits
[19:56:34:379461]:[Warning]:[Scene] SemanticScene.h(331)::checkFileExists : ::loadSemanticSceneDescriptor: File `data/scene_datasets/habitat-test-scenes/van-gogh-room.scn` does not exist.  Aborting load.
[19:56:34:379477]:[Warning]:[Scene] SemanticScene.cpp(123)::loadSemanticSceneDescriptor : SSD File Naming Issue! Neither SemanticAttributes-provided name : `data/scene_datasets/habitat-test-scenes/van-gogh-room.scn` nor constructed filename : `data/scene_datasets/habitat-test-scenes/info_semantic.json` exist on disk.
[19:56:34:379482]:[Error]:[Scene] SemanticScene.cpp(139)::loadSemanticSceneDescriptor : SSD Load Failure! File with SemanticAttributes-provided name `data/scene_datasets/habitat-test-scenes/van-gogh-room.scn` exists but failed to load.
[19:56:34:820978]:[Warning]:[Sim] Simulator.cpp(595)::instanceStageForSceneAttributes : The active scene does not contain semantic annotations : activeSemanticSceneID_ = 0
2026-08-11 19:56:36,027 update: 1920	fps: 490.867	
2026-08-11 19:56:36,028 Num updates: 1920	Num frames 307200
2026-08-11 19:56:36,028 Average window size: 50  distance_to_goal: 0.756  distance_to_goal_reward: 0.000  reward: 5.390  spl: 0.698  success: 0.806
2026-08-11 19:56:36,028 	Perf Stats: trainer.rollout_collect: 0.288 trainer.sample_action: 0.003 trainer.obs_insert: 0.000 trainer.step_env: 0.005 trainer.update_stats: 0.001 trainer.update_agent: 0.035
PluginManager::Manager: duplicate static plugin StbImageImporter, ignoring
PluginManager::Manager: duplicate static plugin GltfImporter, ignoring
PluginManager::Manager: duplicate static plugin BasisImporter, ignoring
PluginManager::Manager: duplicate static plugin AssimpImporter, ignoring
PluginManager::Manager: duplicate static plugin AnySceneImporter, ignoring
PluginManager::Manager: duplicate static plugin AnyImageImporter, ignoring
Renderer: NVIDIA GeForce RTX 4070/PCIe/SSE2 by NVIDIA Corporation
OpenGL version: 4.6.0 NVIDIA 580.173.02
Using optional features:
    GL_ARB_vertex_array_object
    GL_ARB_separate_shader_objects
    GL_ARB_robustness
    GL_ARB_texture_storage
    GL_ARB_texture_view
    GL_ARB_framebuffer_no_attachments
    GL_ARB_invalidate_subdata
    GL_ARB_texture_storage_multisample
    GL_ARB_multi_bind
    GL_ARB_direct_state_access
    GL_ARB_get_texture_sub_image
    GL_ARB_texture_filter_anisotropic
    GL_KHR_debug
    GL_KHR_parallel_shader_compile
    GL_NV_depth_buffer_float
Using driver workarounds:
    no-forward-compatible-core-context
    nv-egl-incorrect-gl11-function-pointers
    no-layout-qualifiers-on-old-glsl
    nv-zero-context-profile-mask
    nv-implementation-color-read-format-dsa-broken
    nv-cubemap-inconsistent-compressed-image-size
    nv-cubemap-broken-full-compressed-image-query
    nv-compressed-block-size-in-bits
[19:56:38:580270]:[Warning]:[Scene] SemanticScene.h(331)::checkFileExists : ::loadSemanticSceneDescriptor: File `data/scene_datasets/habitat-test-scenes/skokloster-castle.scn` does not exist.  Aborting load.
[19:56:38:580286]:[Warning]:[Scene] SemanticScene.cpp(123)::loadSemanticSceneDescriptor : SSD File Naming Issue! Neither SemanticAttributes-provided name : `data/scene_datasets/habitat-test-scenes/skokloster-castle.scn` nor constructed filename : `data/scene_datasets/habitat-test-scenes/info_semantic.json` exist on disk.
[19:56:38:580291]:[Error]:[Scene] SemanticScene.cpp(139)::loadSemanticSceneDescriptor : SSD Load Failure! File with SemanticAttributes-provided name `data/scene_datasets/habitat-test-scenes/skokloster-castle.scn` exists but failed to load.
[19:56:39:186393]:[Warning]:[Sim] Simulator.cpp(595)::instanceStageForSceneAttributes : The active scene does not contain semantic annotations : activeSemanticSceneID_ = 0
2026-08-11 19:56:39,725 update: 1930	fps: 490.525	
2026-08-11 19:56:39,725 Num updates: 1930	Num frames 308800
2026-08-11 19:56:39,725 Average window size: 50  distance_to_goal: 0.638  distance_to_goal_reward: 0.000  reward: 5.125  spl: 0.705  success: 0.809
2026-08-11 19:56:39,725 	Perf Stats: trainer.rollout_collect: 0.288 trainer.sample_action: 0.003 trainer.obs_insert: 0.000 trainer.step_env: 0.005 trainer.update_stats: 0.001 trainer.update_agent: 0.035
2026-08-11 19:56:42,845 update: 1940	fps: 490.635	
2026-08-11 19:56:42,846 Num updates: 1940	Num frames 310400
2026-08-11 19:56:42,846 Average window size: 50  distance_to_goal: 0.661  distance_to_goal_reward: 0.000  reward: 4.787  spl: 0.685  success: 0.800
2026-08-11 19:56:42,846 	Perf Stats: trainer.rollout_collect: 0.288 trainer.sample_action: 0.003 trainer.obs_insert: 0.000 trainer.step_env: 0.005 trainer.update_stats: 0.001 trainer.update_agent: 0.035
2026-08-11 19:56:45,955 update: 1950	fps: 490.752	
2026-08-11 19:56:45,955 Num updates: 1950	Num frames 312000
2026-08-11 19:56:45,955 Average window size: 50  distance_to_goal: 0.559  distance_to_goal_reward: 0.000  reward: 5.059  spl: 0.712  success: 0.842
2026-08-11 19:56:45,955 	Perf Stats: trainer.rollout_collect: 0.288 trainer.sample_action: 0.003 trainer.obs_insert: 0.000 trainer.step_env: 0.005 trainer.update_stats: 0.001 trainer.update_agent: 0.035
2026-08-11 19:56:49,116 update: 1960	fps: 490.828	
2026-08-11 19:56:49,117 Num updates: 1960	Num frames 313600
2026-08-11 19:56:49,117 Average window size: 50  distance_to_goal: 0.728  distance_to_goal_reward: 0.000  reward: 4.724  spl: 0.666  success: 0.802
2026-08-11 19:56:49,117 	Perf Stats: trainer.rollout_collect: 0.288 trainer.sample_action: 0.003 trainer.obs_insert: 0.000 trainer.step_env: 0.005 trainer.update_stats: 0.001 trainer.update_agent: 0.035
2026-08-11 19:56:52,236 update: 1970	fps: 490.935	
2026-08-11 19:56:52,236 Num updates: 1970	Num frames 315200
2026-08-11 19:56:52,236 Average window size: 50  distance_to_goal: 0.543  distance_to_goal_reward: 0.000  reward: 4.840  spl: 0.671  success: 0.823
2026-08-11 19:56:52,236 	Perf Stats: trainer.rollout_collect: 0.288 trainer.sample_action: 0.003 trainer.obs_insert: 0.000 trainer.step_env: 0.005 trainer.update_stats: 0.001 trainer.update_agent: 0.035
PluginManager::Manager: duplicate static plugin StbImageImporter, ignoring
PluginManager::Manager: duplicate static plugin GltfImporter, ignoring
PluginManager::Manager: duplicate static plugin BasisImporter, ignoring
PluginManager::Manager: duplicate static plugin AssimpImporter, ignoring
PluginManager::Manager: duplicate static plugin AnySceneImporter, ignoring
PluginManager::Manager: duplicate static plugin AnyImageImporter, ignoring
Renderer: NVIDIA GeForce RTX 4070/PCIe/SSE2 by NVIDIA Corporation
OpenGL version: 4.6.0 NVIDIA 580.173.02
Using optional features:
    GL_ARB_vertex_array_object
    GL_ARB_separate_shader_objects
    GL_ARB_robustness
    GL_ARB_texture_storage
    GL_ARB_texture_view
    GL_ARB_framebuffer_no_attachments
    GL_ARB_invalidate_subdata
    GL_ARB_texture_storage_multisample
    GL_ARB_multi_bind
    GL_ARB_direct_state_access
    GL_ARB_get_texture_sub_image
    GL_ARB_texture_filter_anisotropic
    GL_KHR_debug
    GL_KHR_parallel_shader_compile
    GL_NV_depth_buffer_float
Using driver workarounds:
    no-forward-compatible-core-context
    nv-egl-incorrect-gl11-function-pointers
    no-layout-qualifiers-on-old-glsl
    nv-zero-context-profile-mask
    nv-implementation-color-read-format-dsa-broken
    nv-cubemap-inconsistent-compressed-image-size
    nv-cubemap-broken-full-compressed-image-query
    nv-compressed-block-size-in-bits
[19:56:53:302398]:[Warning]:[Scene] SemanticScene.h(331)::checkFileExists : ::loadSemanticSceneDescriptor: File `data/scene_datasets/habitat-test-scenes/van-gogh-room.scn` does not exist.  Aborting load.
[19:56:53:302413]:[Warning]:[Scene] SemanticScene.cpp(123)::loadSemanticSceneDescriptor : SSD File Naming Issue! Neither SemanticAttributes-provided name : `data/scene_datasets/habitat-test-scenes/van-gogh-room.scn` nor constructed filename : `data/scene_datasets/habitat-test-scenes/info_semantic.json` exist on disk.
[19:56:53:302418]:[Error]:[Scene] SemanticScene.cpp(139)::loadSemanticSceneDescriptor : SSD Load Failure! File with SemanticAttributes-provided name `data/scene_datasets/habitat-test-scenes/van-gogh-room.scn` exists but failed to load.
[19:56:53:734460]:[Warning]:[Sim] Simulator.cpp(595)::instanceStageForSceneAttributes : The active scene does not contain semantic annotations : activeSemanticSceneID_ = 0
2026-08-11 19:56:55,776 update: 1980	fps: 490.722	
2026-08-11 19:56:55,776 Num updates: 1980	Num frames 316800
2026-08-11 19:56:55,776 Average window size: 50  distance_to_goal: 0.592  distance_to_goal_reward: 0.000  reward: 5.069  spl: 0.674  success: 0.835
2026-08-11 19:56:55,776 	Perf Stats: trainer.rollout_collect: 0.288 trainer.sample_action: 0.003 trainer.obs_insert: 0.000 trainer.step_env: 0.005 trainer.update_stats: 0.001 trainer.update_agent: 0.035
2026-08-11 19:56:58,820 update: 1990	fps: 490.885	
2026-08-11 19:56:58,820 Num updates: 1990	Num frames 318400
2026-08-11 19:56:58,820 Average window size: 50  distance_to_goal: 0.583  distance_to_goal_reward: 0.000  reward: 4.945  spl: 0.681  success: 0.833
2026-08-11 19:56:58,820 	Perf Stats: trainer.rollout_collect: 0.288 trainer.sample_action: 0.003 trainer.obs_insert: 0.000 trainer.step_env: 0.005 trainer.update_stats: 0.001 trainer.update_agent: 0.035
PluginManager::Manager: duplicate static plugin StbImageImporter, ignoring
PluginManager::Manager: duplicate static plugin GltfImporter, ignoring
PluginManager::Manager: duplicate static plugin BasisImporter, ignoring
PluginManager::Manager: duplicate static plugin AssimpImporter, ignoring
PluginManager::Manager: duplicate static plugin AnySceneImporter, ignoring
PluginManager::Manager: duplicate static plugin AnyImageImporter, ignoring
Renderer: NVIDIA GeForce RTX 4070/PCIe/SSE2 by NVIDIA Corporation
OpenGL version: 4.6.0 NVIDIA 580.173.02
Using optional features:
    GL_ARB_vertex_array_object
    GL_ARB_separate_shader_objects
    GL_ARB_robustness
    GL_ARB_texture_storage
    GL_ARB_texture_view
    GL_ARB_framebuffer_no_attachments
    GL_ARB_invalidate_subdata
    GL_ARB_texture_storage_multisample
    GL_ARB_multi_bind
    GL_ARB_direct_state_access
    GL_ARB_get_texture_sub_image
    GL_ARB_texture_filter_anisotropic
    GL_KHR_debug
    GL_KHR_parallel_shader_compile
    GL_NV_depth_buffer_float
Using driver workarounds:
    no-forward-compatible-core-context
    nv-egl-incorrect-gl11-function-pointers
    no-layout-qualifiers-on-old-glsl
    nv-zero-context-profile-mask
    nv-implementation-color-read-format-dsa-broken
    nv-cubemap-inconsistent-compressed-image-size
    nv-cubemap-broken-full-compressed-image-query
    nv-compressed-block-size-in-bits
[19:57:00:151674]:[Warning]:[Scene] SemanticScene.h(331)::checkFileExists : ::loadSemanticSceneDescriptor: File `data/scene_datasets/habitat-test-scenes/skokloster-castle.scn` does not exist.  Aborting load.
[19:57:00:151690]:[Warning]:[Scene] SemanticScene.cpp(123)::loadSemanticSceneDescriptor : SSD File Naming Issue! Neither SemanticAttributes-provided name : `data/scene_datasets/habitat-test-scenes/skokloster-castle.scn` nor constructed filename : `data/scene_datasets/habitat-test-scenes/info_semantic.json` exist on disk.
[19:57:00:151695]:[Error]:[Scene] SemanticScene.cpp(139)::loadSemanticSceneDescriptor : SSD Load Failure! File with SemanticAttributes-provided name `data/scene_datasets/habitat-test-scenes/skokloster-castle.scn` exists but failed to load.
[19:57:00:756670]:[Warning]:[Sim] Simulator.cpp(595)::instanceStageForSceneAttributes : The active scene does not contain semantic annotations : activeSemanticSceneID_ = 0
2026-08-11 19:57:02,639 update: 2000	fps: 490.464	
2026-08-11 19:57:02,639 Num updates: 2000	Num frames 320000
2026-08-11 19:57:02,639 Average window size: 50  distance_to_goal: 0.421  distance_to_goal_reward: 0.000  reward: 5.322  spl: 0.686  success: 0.833
2026-08-11 19:57:02,639 	Perf Stats: trainer.rollout_collect: 0.288 trainer.sample_action: 0.003 trainer.obs_insert: 0.000 trainer.step_env: 0.005 trainer.update_stats: 0.001 trainer.update_agent: 0.035
2026-08-11 19:57:05,767 update: 2010	fps: 490.564	
2026-08-11 19:57:05,767 Num updates: 2010	Num frames 321600
2026-08-11 19:57:05,767 Average window size: 50  distance_to_goal: 0.389  distance_to_goal_reward: 0.000  reward: 5.777  spl: 0.724  success: 0.880
2026-08-11 19:57:05,767 	Perf Stats: trainer.rollout_collect: 0.288 trainer.sample_action: 0.003 trainer.obs_insert: 0.000 trainer.step_env: 0.005 trainer.update_stats: 0.001 trainer.update_agent: 0.035
2026-08-11 19:57:08,868 update: 2020	fps: 490.684	
2026-08-11 19:57:08,868 Num updates: 2020	Num frames 323200
2026-08-11 19:57:08,868 Average window size: 50  distance_to_goal: 0.346  distance_to_goal_reward: 0.000  reward: 5.761  spl: 0.712  success: 0.865
2026-08-11 19:57:08,868 	Perf Stats: trainer.rollout_collect: 0.288 trainer.sample_action: 0.003 trainer.obs_insert: 0.000 trainer.step_env: 0.005 trainer.update_stats: 0.001 trainer.update_agent: 0.035
2026-08-11 19:57:11,945 update: 2030	fps: 490.821	
2026-08-11 19:57:11,945 Num updates: 2030	Num frames 324800
2026-08-11 19:57:11,945 Average window size: 50  distance_to_goal: 0.356  distance_to_goal_reward: 0.000  reward: 5.533  spl: 0.706  success: 0.857
2026-08-11 19:57:11,945 	Perf Stats: trainer.rollout_collect: 0.288 trainer.sample_action: 0.003 trainer.obs_insert: 0.000 trainer.step_env: 0.005 trainer.update_stats: 0.001 trainer.update_agent: 0.035
2026-08-11 19:57:15,039 update: 2040	fps: 490.943	
2026-08-11 19:57:15,039 Num updates: 2040	Num frames 326400
2026-08-11 19:57:15,039 Average window size: 50  distance_to_goal: 0.502  distance_to_goal_reward: 0.000  reward: 5.629  spl: 0.698  success: 0.852
2026-08-11 19:57:15,039 	Perf Stats: trainer.rollout_collect: 0.288 trainer.sample_action: 0.003 trainer.obs_insert: 0.000 trainer.step_env: 0.005 trainer.update_stats: 0.001 trainer.update_agent: 0.035
2026-08-11 19:57:18,119 update: 2050	fps: 491.075	
2026-08-11 19:57:18,119 Num updates: 2050	Num frames 328000
2026-08-11 19:57:18,119 Average window size: 50  distance_to_goal: 0.860  distance_to_goal_reward: 0.000  reward: 5.110  spl: 0.691  success: 0.838
2026-08-11 19:57:18,119 	Perf Stats: trainer.rollout_collect: 0.288 trainer.sample_action: 0.003 trainer.obs_insert: 0.000 trainer.step_env: 0.005 trainer.update_stats: 0.001 trainer.update_agent: 0.035
2026-08-11 19:57:21,221 update: 2060	fps: 491.189	
2026-08-11 19:57:21,221 Num updates: 2060	Num frames 329600
2026-08-11 19:57:21,221 Average window size: 50  distance_to_goal: 1.110  distance_to_goal_reward: 0.000  reward: 4.168  spl: 0.636  success: 0.761
2026-08-11 19:57:21,221 	Perf Stats: trainer.rollout_collect: 0.288 trainer.sample_action: 0.003 trainer.obs_insert: 0.000 trainer.step_env: 0.005 trainer.update_stats: 0.001 trainer.update_agent: 0.035
2026-08-11 19:57:24,320 update: 2070	fps: 491.304	
2026-08-11 19:57:24,320 Num updates: 2070	Num frames 331200
2026-08-11 19:57:24,320 Average window size: 50  distance_to_goal: 1.129  distance_to_goal_reward: -0.001  reward: 4.694  spl: 0.620  success: 0.731
2026-08-11 19:57:24,320 	Perf Stats: trainer.rollout_collect: 0.288 trainer.sample_action: 0.003 trainer.obs_insert: 0.000 trainer.step_env: 0.005 trainer.update_stats: 0.001 trainer.update_agent: 0.035
2026-08-11 19:57:27,427 update: 2080	fps: 491.413	
2026-08-11 19:57:27,427 Num updates: 2080	Num frames 332800
2026-08-11 19:57:27,427 Average window size: 50  distance_to_goal: 1.121  distance_to_goal_reward: -0.000  reward: 5.036  spl: 0.601  success: 0.712
2026-08-11 19:57:27,427 	Perf Stats: trainer.rollout_collect: 0.288 trainer.sample_action: 0.003 trainer.obs_insert: 0.000 trainer.step_env: 0.005 trainer.update_stats: 0.001 trainer.update_agent: 0.035
2026-08-11 19:57:30,541 update: 2090	fps: 491.515	
2026-08-11 19:57:30,541 Num updates: 2090	Num frames 334400
2026-08-11 19:57:30,541 Average window size: 50  distance_to_goal: 0.643  distance_to_goal_reward: -0.000  reward: 5.425  spl: 0.624  success: 0.733
2026-08-11 19:57:30,541 	Perf Stats: trainer.rollout_collect: 0.288 trainer.sample_action: 0.003 trainer.obs_insert: 0.000 trainer.step_env: 0.005 trainer.update_stats: 0.001 trainer.update_agent: 0.035
2026-08-11 19:57:33,708 update: 2100	fps: 491.578	
2026-08-11 19:57:33,708 Num updates: 2100	Num frames 336000
2026-08-11 19:57:33,709 Average window size: 50  distance_to_goal: 0.613  distance_to_goal_reward: -0.001  reward: 5.566  spl: 0.616  success: 0.727
2026-08-11 19:57:33,709 	Perf Stats: trainer.rollout_collect: 0.288 trainer.sample_action: 0.003 trainer.obs_insert: 0.000 trainer.step_env: 0.005 trainer.update_stats: 0.001 trainer.update_agent: 0.035
2026-08-11 19:57:36,798 update: 2110	fps: 491.697	
2026-08-11 19:57:36,798 Num updates: 2110	Num frames 337600
2026-08-11 19:57:36,798 Average window size: 50  distance_to_goal: 0.975  distance_to_goal_reward: -0.001  reward: 5.251  spl: 0.611  success: 0.727
2026-08-11 19:57:36,798 	Perf Stats: trainer.rollout_collect: 0.288 trainer.sample_action: 0.003 trainer.obs_insert: 0.000 trainer.step_env: 0.005 trainer.update_stats: 0.001 trainer.update_agent: 0.035
2026-08-11 19:57:39,883 update: 2120	fps: 491.817	
2026-08-11 19:57:39,883 Num updates: 2120	Num frames 339200
2026-08-11 19:57:39,883 Average window size: 50  distance_to_goal: 1.210  distance_to_goal_reward: -0.001  reward: 4.266  spl: 0.641  success: 0.774
2026-08-11 19:57:39,883 	Perf Stats: trainer.rollout_collect: 0.288 trainer.sample_action: 0.003 trainer.obs_insert: 0.000 trainer.step_env: 0.005 trainer.update_stats: 0.001 trainer.update_agent: 0.035
2026-08-11 19:57:42,994 update: 2130	fps: 491.918	
2026-08-11 19:57:42,994 Num updates: 2130	Num frames 340800
2026-08-11 19:57:42,994 Average window size: 50  distance_to_goal: 0.904  distance_to_goal_reward: -0.001  reward: 4.348  spl: 0.653  success: 0.800
2026-08-11 19:57:42,994 	Perf Stats: trainer.rollout_collect: 0.287 trainer.sample_action: 0.003 trainer.obs_insert: 0.000 trainer.step_env: 0.005 trainer.update_stats: 0.001 trainer.update_agent: 0.035
2026-08-11 19:57:46,129 update: 2140	fps: 492.001	
2026-08-11 19:57:46,129 Num updates: 2140	Num frames 342400
2026-08-11 19:57:46,129 Average window size: 50  distance_to_goal: 1.018  distance_to_goal_reward: -0.001  reward: 5.110  spl: 0.674  success: 0.821
2026-08-11 19:57:46,129 	Perf Stats: trainer.rollout_collect: 0.287 trainer.sample_action: 0.003 trainer.obs_insert: 0.000 trainer.step_env: 0.005 trainer.update_stats: 0.001 trainer.update_agent: 0.035
2026-08-11 19:57:49,248 update: 2150	fps: 492.095	
2026-08-11 19:57:49,248 Num updates: 2150	Num frames 344000
2026-08-11 19:57:49,248 Average window size: 50  distance_to_goal: 0.754  distance_to_goal_reward: 0.000  reward: 5.321  spl: 0.707  success: 0.845
2026-08-11 19:57:49,248 	Perf Stats: trainer.rollout_collect: 0.287 trainer.sample_action: 0.003 trainer.obs_insert: 0.000 trainer.step_env: 0.005 trainer.update_stats: 0.001 trainer.update_agent: 0.035
2026-08-11 19:57:52,323 update: 2160	fps: 492.219	
2026-08-11 19:57:52,323 Num updates: 2160	Num frames 345600
2026-08-11 19:57:52,323 Average window size: 50  distance_to_goal: 0.705  distance_to_goal_reward: 0.002  reward: 5.572  spl: 0.735  success: 0.874
2026-08-11 19:57:52,323 	Perf Stats: trainer.rollout_collect: 0.287 trainer.sample_action: 0.003 trainer.obs_insert: 0.000 trainer.step_env: 0.005 trainer.update_stats: 0.001 trainer.update_agent: 0.035
2026-08-11 19:57:55,422 update: 2170	fps: 492.324	
2026-08-11 19:57:55,422 Num updates: 2170	Num frames 347200
2026-08-11 19:57:55,423 Average window size: 50  distance_to_goal: 0.768  distance_to_goal_reward: 0.002  reward: 5.732  spl: 0.717  success: 0.840
2026-08-11 19:57:55,423 	Perf Stats: trainer.rollout_collect: 0.287 trainer.sample_action: 0.003 trainer.obs_insert: 0.000 trainer.step_env: 0.005 trainer.update_stats: 0.001 trainer.update_agent: 0.035
PluginManager::Manager: duplicate static plugin StbImageImporter, ignoring
PluginManager::Manager: duplicate static plugin GltfImporter, ignoring
PluginManager::Manager: duplicate static plugin BasisImporter, ignoring
PluginManager::Manager: duplicate static plugin AssimpImporter, ignoring
PluginManager::Manager: duplicate static plugin AnySceneImporter, ignoring
PluginManager::Manager: duplicate static plugin AnyImageImporter, ignoring
Renderer: NVIDIA GeForce RTX 4070/PCIe/SSE2 by NVIDIA Corporation
OpenGL version: 4.6.0 NVIDIA 580.173.02
Using optional features:
    GL_ARB_vertex_array_object
    GL_ARB_separate_shader_objects
    GL_ARB_robustness
    GL_ARB_texture_storage
    GL_ARB_texture_view
    GL_ARB_framebuffer_no_attachments
    GL_ARB_invalidate_subdata
    GL_ARB_texture_storage_multisample
    GL_ARB_multi_bind
    GL_ARB_direct_state_access
    GL_ARB_get_texture_sub_image
    GL_ARB_texture_filter_anisotropic
    GL_KHR_debug
    GL_KHR_parallel_shader_compile
    GL_NV_depth_buffer_float
Using driver workarounds:
    no-forward-compatible-core-context
    nv-egl-incorrect-gl11-function-pointers
    no-layout-qualifiers-on-old-glsl
    nv-zero-context-profile-mask
    nv-implementation-color-read-format-dsa-broken
    nv-cubemap-inconsistent-compressed-image-size
    nv-cubemap-broken-full-compressed-image-query
    nv-compressed-block-size-in-bits
[19:57:58:029309]:[Warning]:[Scene] SemanticScene.h(331)::checkFileExists : ::loadSemanticSceneDescriptor: File `data/scene_datasets/habitat-test-scenes/skokloster-castle.scn` does not exist.  Aborting load.
[19:57:58:029325]:[Warning]:[Scene] SemanticScene.cpp(123)::loadSemanticSceneDescriptor : SSD File Naming Issue! Neither SemanticAttributes-provided name : `data/scene_datasets/habitat-test-scenes/skokloster-castle.scn` nor constructed filename : `data/scene_datasets/habitat-test-scenes/info_semantic.json` exist on disk.
[19:57:58:029330]:[Error]:[Scene] SemanticScene.cpp(139)::loadSemanticSceneDescriptor : SSD Load Failure! File with SemanticAttributes-provided name `data/scene_datasets/habitat-test-scenes/skokloster-castle.scn` exists but failed to load.
[19:57:58:638337]:[Warning]:[Sim] Simulator.cpp(595)::instanceStageForSceneAttributes : The active scene does not contain semantic annotations : activeSemanticSceneID_ = 0
2026-08-11 19:57:59,186 update: 2180	fps: 491.967	
2026-08-11 19:57:59,186 Num updates: 2180	Num frames 348800
2026-08-11 19:57:59,186 Average window size: 50  distance_to_goal: 0.725  distance_to_goal_reward: 0.002  reward: 5.939  spl: 0.733  success: 0.850
2026-08-11 19:57:59,187 	Perf Stats: trainer.rollout_collect: 0.287 trainer.sample_action: 0.003 trainer.obs_insert: 0.000 trainer.step_env: 0.005 trainer.update_stats: 0.001 trainer.update_agent: 0.035
2026-08-11 19:58:02,351 update: 2190	fps: 492.027	
2026-08-11 19:58:02,351 Num updates: 2190	Num frames 350400
2026-08-11 19:58:02,351 Average window size: 50  distance_to_goal: 0.545  distance_to_goal_reward: 0.002  reward: 5.968  spl: 0.746  success: 0.863
2026-08-11 19:58:02,351 	Perf Stats: trainer.rollout_collect: 0.287 trainer.sample_action: 0.003 trainer.obs_insert: 0.000 trainer.step_env: 0.005 trainer.update_stats: 0.001 trainer.update_agent: 0.035
2026-08-11 19:58:05,606 update: 2200	fps: 492.025	
2026-08-11 19:58:05,606 Num updates: 2200	Num frames 352000
2026-08-11 19:58:05,606 Average window size: 50  distance_to_goal: 0.700  distance_to_goal_reward: 0.002  reward: 5.806  spl: 0.714  success: 0.835
2026-08-11 19:58:05,607 	Perf Stats: trainer.rollout_collect: 0.287 trainer.sample_action: 0.003 trainer.obs_insert: 0.000 trainer.step_env: 0.005 trainer.update_stats: 0.001 trainer.update_agent: 0.035
2026-08-11 19:58:08,759 update: 2210	fps: 492.093	
2026-08-11 19:58:08,759 Num updates: 2210	Num frames 353600
2026-08-11 19:58:08,759 Average window size: 50  distance_to_goal: 0.732  distance_to_goal_reward: 0.000  reward: 5.784  spl: 0.687  success: 0.806
2026-08-11 19:58:08,759 	Perf Stats: trainer.rollout_collect: 0.287 trainer.sample_action: 0.003 trainer.obs_insert: 0.000 trainer.step_env: 0.005 trainer.update_stats: 0.001 trainer.update_agent: 0.035
2026-08-11 19:58:11,926 update: 2220	fps: 492.150	
2026-08-11 19:58:11,926 Num updates: 2220	Num frames 355200
2026-08-11 19:58:11,926 Average window size: 50  distance_to_goal: 0.605  distance_to_goal_reward: 0.000  reward: 6.233  spl: 0.694  success: 0.826
2026-08-11 19:58:11,926 	Perf Stats: trainer.rollout_collect: 0.287 trainer.sample_action: 0.003 trainer.obs_insert: 0.000 trainer.step_env: 0.005 trainer.update_stats: 0.001 trainer.update_agent: 0.035
2026-08-11 19:58:15,080 update: 2230	fps: 492.217	
2026-08-11 19:58:15,080 Num updates: 2230	Num frames 356800
2026-08-11 19:58:15,080 Average window size: 50  distance_to_goal: 0.797  distance_to_goal_reward: 0.000  reward: 5.798  spl: 0.666  success: 0.797
2026-08-11 19:58:15,080 	Perf Stats: trainer.rollout_collect: 0.287 trainer.sample_action: 0.003 trainer.obs_insert: 0.000 trainer.step_env: 0.005 trainer.update_stats: 0.001 trainer.update_agent: 0.035
PluginManager::Manager: duplicate static plugin StbImageImporter, ignoring
PluginManager::Manager: duplicate static plugin GltfImporter, ignoring
PluginManager::Manager: duplicate static plugin BasisImporter, ignoring
PluginManager::Manager: duplicate static plugin AssimpImporter, ignoring
PluginManager::Manager: duplicate static plugin AnySceneImporter, ignoring
PluginManager::Manager: duplicate static plugin AnyImageImporter, ignoring
Renderer: NVIDIA GeForce RTX 4070/PCIe/SSE2 by NVIDIA Corporation
OpenGL version: 4.6.0 NVIDIA 580.173.02
Using optional features:
    GL_ARB_vertex_array_object
    GL_ARB_separate_shader_objects
    GL_ARB_robustness
    GL_ARB_texture_storage
    GL_ARB_texture_view
    GL_ARB_framebuffer_no_attachments
    GL_ARB_invalidate_subdata
    GL_ARB_texture_storage_multisample
    GL_ARB_multi_bind
    GL_ARB_direct_state_access
    GL_ARB_get_texture_sub_image
    GL_ARB_texture_filter_anisotropic
    GL_KHR_debug
    GL_KHR_parallel_shader_compile
    GL_NV_depth_buffer_float
Using driver workarounds:
    no-forward-compatible-core-context
    nv-egl-incorrect-gl11-function-pointers
    no-layout-qualifiers-on-old-glsl
    nv-zero-context-profile-mask
    nv-implementation-color-read-format-dsa-broken
    nv-cubemap-inconsistent-compressed-image-size
    nv-cubemap-broken-full-compressed-image-query
    nv-compressed-block-size-in-bits
[19:58:15:739388]:[Warning]:[Scene] SemanticScene.h(331)::checkFileExists : ::loadSemanticSceneDescriptor: File `data/scene_datasets/habitat-test-scenes/van-gogh-room.scn` does not exist.  Aborting load.
[19:58:15:739404]:[Warning]:[Scene] SemanticScene.cpp(123)::loadSemanticSceneDescriptor : SSD File Naming Issue! Neither SemanticAttributes-provided name : `data/scene_datasets/habitat-test-scenes/van-gogh-room.scn` nor constructed filename : `data/scene_datasets/habitat-test-scenes/info_semantic.json` exist on disk.
[19:58:15:739410]:[Error]:[Scene] SemanticScene.cpp(139)::loadSemanticSceneDescriptor : SSD Load Failure! File with SemanticAttributes-provided name `data/scene_datasets/habitat-test-scenes/van-gogh-room.scn` exists but failed to load.
[19:58:16:169680]:[Warning]:[Sim] Simulator.cpp(595)::instanceStageForSceneAttributes : The active scene does not contain semantic annotations : activeSemanticSceneID_ = 0
2026-08-11 19:58:18,618 update: 2240	fps: 492.022	
2026-08-11 19:58:18,618 Num updates: 2240	Num frames 358400
2026-08-11 19:58:18,618 Average window size: 50  distance_to_goal: 1.221  distance_to_goal_reward: -0.001  reward: 5.100  spl: 0.613  success: 0.750
2026-08-11 19:58:18,618 	Perf Stats: trainer.rollout_collect: 0.287 trainer.sample_action: 0.003 trainer.obs_insert: 0.000 trainer.step_env: 0.005 trainer.update_stats: 0.001 trainer.update_agent: 0.035
PluginManager::Manager: duplicate static plugin StbImageImporter, ignoring
PluginManager::Manager: duplicate static plugin GltfImporter, ignoring
PluginManager::Manager: duplicate static plugin BasisImporter, ignoring
PluginManager::Manager: duplicate static plugin AssimpImporter, ignoring
PluginManager::Manager: duplicate static plugin AnySceneImporter, ignoring
PluginManager::Manager: duplicate static plugin AnyImageImporter, ignoring
Renderer: NVIDIA GeForce RTX 4070/PCIe/SSE2 by NVIDIA Corporation
OpenGL version: 4.6.0 NVIDIA 580.173.02
Using optional features:
    GL_ARB_vertex_array_object
    GL_ARB_separate_shader_objects
    GL_ARB_robustness
    GL_ARB_texture_storage
    GL_ARB_texture_view
    GL_ARB_framebuffer_no_attachments
    GL_ARB_invalidate_subdata
    GL_ARB_texture_storage_multisample
    GL_ARB_multi_bind
    GL_ARB_direct_state_access
    GL_ARB_get_texture_sub_image
    GL_ARB_texture_filter_anisotropic
    GL_KHR_debug
    GL_KHR_parallel_shader_compile
    GL_NV_depth_buffer_float
Using driver workarounds:
    no-forward-compatible-core-context
    nv-egl-incorrect-gl11-function-pointers
    no-layout-qualifiers-on-old-glsl
    nv-zero-context-profile-mask
    nv-implementation-color-read-format-dsa-broken
    nv-cubemap-inconsistent-compressed-image-size
    nv-cubemap-broken-full-compressed-image-query
    nv-compressed-block-size-in-bits
[19:58:19:948881]:[Warning]:[Scene] SemanticScene.h(331)::checkFileExists : ::loadSemanticSceneDescriptor: File `data/scene_datasets/habitat-test-scenes/van-gogh-room.scn` does not exist.  Aborting load.
[19:58:19:948899]:[Warning]:[Scene] SemanticScene.cpp(123)::loadSemanticSceneDescriptor : SSD File Naming Issue! Neither SemanticAttributes-provided name : `data/scene_datasets/habitat-test-scenes/van-gogh-room.scn` nor constructed filename : `data/scene_datasets/habitat-test-scenes/info_semantic.json` exist on disk.
[19:58:19:948908]:[Error]:[Scene] SemanticScene.cpp(139)::loadSemanticSceneDescriptor : SSD Load Failure! File with SemanticAttributes-provided name `data/scene_datasets/habitat-test-scenes/van-gogh-room.scn` exists but failed to load.
[19:58:20:394232]:[Warning]:[Sim] Simulator.cpp(595)::instanceStageForSceneAttributes : The active scene does not contain semantic annotations : activeSemanticSceneID_ = 0
2026-08-11 19:58:22,173 update: 2250	fps: 491.819	
2026-08-11 19:58:22,173 Num updates: 2250	Num frames 360000
2026-08-11 19:58:22,173 Average window size: 50  distance_to_goal: 0.861  distance_to_goal_reward: -0.001  reward: 5.211  spl: 0.650  success: 0.796
2026-08-11 19:58:22,173 	Perf Stats: trainer.rollout_collect: 0.288 trainer.sample_action: 0.003 trainer.obs_insert: 0.000 trainer.step_env: 0.005 trainer.update_stats: 0.001 trainer.update_agent: 0.035
2026-08-11 19:58:25,241 update: 2260	fps: 491.942	
2026-08-11 19:58:25,242 Num updates: 2260	Num frames 361600
2026-08-11 19:58:25,242 Average window size: 50  distance_to_goal: 0.616  distance_to_goal_reward: -0.001  reward: 5.393  spl: 0.661  success: 0.809
2026-08-11 19:58:25,242 	Perf Stats: trainer.rollout_collect: 0.287 trainer.sample_action: 0.003 trainer.obs_insert: 0.000 trainer.step_env: 0.005 trainer.update_stats: 0.001 trainer.update_agent: 0.035
2026-08-11 19:58:28,321 update: 2270	fps: 492.057	
2026-08-11 19:58:28,321 Num updates: 2270	Num frames 363200
2026-08-11 19:58:28,322 Average window size: 50  distance_to_goal: 0.546  distance_to_goal_reward: -0.001  reward: 5.056  spl: 0.663  success: 0.817
2026-08-11 19:58:28,322 	Perf Stats: trainer.rollout_collect: 0.287 trainer.sample_action: 0.003 trainer.obs_insert: 0.000 trainer.step_env: 0.005 trainer.update_stats: 0.001 trainer.update_agent: 0.035
2026-08-11 19:58:31,372 update: 2280	fps: 492.191	
2026-08-11 19:58:31,372 Num updates: 2280	Num frames 364800
2026-08-11 19:58:31,372 Average window size: 50  distance_to_goal: 0.435  distance_to_goal_reward: -0.001  reward: 5.155  spl: 0.672  success: 0.828
2026-08-11 19:58:31,372 	Perf Stats: trainer.rollout_collect: 0.287 trainer.sample_action: 0.003 trainer.obs_insert: 0.000 trainer.step_env: 0.005 trainer.update_stats: 0.001 trainer.update_agent: 0.035
2026-08-11 19:58:34,416 update: 2290	fps: 492.327	
2026-08-11 19:58:34,416 Num updates: 2290	Num frames 366400
2026-08-11 19:58:34,416 Average window size: 50  distance_to_goal: 0.256  distance_to_goal_reward: -0.000  reward: 5.509  spl: 0.717  success: 0.873
2026-08-11 19:58:34,416 	Perf Stats: trainer.rollout_collect: 0.287 trainer.sample_action: 0.003 trainer.obs_insert: 0.000 trainer.step_env: 0.005 trainer.update_stats: 0.001 trainer.update_agent: 0.035
PluginManager::Manager: duplicate static plugin StbImageImporter, ignoring
PluginManager::Manager: duplicate static plugin GltfImporter, ignoring
PluginManager::Manager: duplicate static plugin BasisImporter, ignoring
PluginManager::Manager: duplicate static plugin AssimpImporter, ignoring
PluginManager::Manager: duplicate static plugin AnySceneImporter, ignoring
PluginManager::Manager: duplicate static plugin AnyImageImporter, ignoring
Renderer: NVIDIA GeForce RTX 4070/PCIe/SSE2 by NVIDIA Corporation
OpenGL version: 4.6.0 NVIDIA 580.173.02
Using optional features:
    GL_ARB_vertex_array_object
    GL_ARB_separate_shader_objects
    GL_ARB_robustness
    GL_ARB_texture_storage
    GL_ARB_texture_view
    GL_ARB_framebuffer_no_attachments
    GL_ARB_invalidate_subdata
    GL_ARB_texture_storage_multisample
    GL_ARB_multi_bind
    GL_ARB_direct_state_access
    GL_ARB_get_texture_sub_image
    GL_ARB_texture_filter_anisotropic
    GL_KHR_debug
    GL_KHR_parallel_shader_compile
    GL_NV_depth_buffer_float
Using driver workarounds:
    no-forward-compatible-core-context
    nv-egl-incorrect-gl11-function-pointers
    no-layout-qualifiers-on-old-glsl
    nv-zero-context-profile-mask
    nv-implementation-color-read-format-dsa-broken
    nv-cubemap-inconsistent-compressed-image-size
    nv-cubemap-broken-full-compressed-image-query
    nv-compressed-block-size-in-bits
[19:58:35:378697]:[Warning]:[Scene] SemanticScene.h(331)::checkFileExists : ::loadSemanticSceneDescriptor: File `data/scene_datasets/habitat-test-scenes/skokloster-castle.scn` does not exist.  Aborting load.
[19:58:35:378714]:[Warning]:[Scene] SemanticScene.cpp(123)::loadSemanticSceneDescriptor : SSD File Naming Issue! Neither SemanticAttributes-provided name : `data/scene_datasets/habitat-test-scenes/skokloster-castle.scn` nor constructed filename : `data/scene_datasets/habitat-test-scenes/info_semantic.json` exist on disk.
[19:58:35:378718]:[Error]:[Scene] SemanticScene.cpp(139)::loadSemanticSceneDescriptor : SSD Load Failure! File with SemanticAttributes-provided name `data/scene_datasets/habitat-test-scenes/skokloster-castle.scn` exists but failed to load.
[19:58:35:985475]:[Warning]:[Sim] Simulator.cpp(595)::instanceStageForSceneAttributes : The active scene does not contain semantic annotations : activeSemanticSceneID_ = 0
2026-08-11 19:58:38,224 update: 2300	fps: 491.960	
2026-08-11 19:58:38,224 Num updates: 2300	Num frames 368000
2026-08-11 19:58:38,224 Average window size: 50  distance_to_goal: 0.221  distance_to_goal_reward: -0.000  reward: 5.608  spl: 0.736  success: 0.891
2026-08-11 19:58:38,224 	Perf Stats: trainer.rollout_collect: 0.287 trainer.sample_action: 0.003 trainer.obs_insert: 0.000 trainer.step_env: 0.005 trainer.update_stats: 0.001 trainer.update_agent: 0.035
PluginManager::Manager: duplicate static plugin StbImageImporter, ignoring
PluginManager::Manager: duplicate static plugin GltfImporter, ignoring
PluginManager::Manager: duplicate static plugin BasisImporter, ignoring
PluginManager::Manager: duplicate static plugin AssimpImporter, ignoring
PluginManager::Manager: duplicate static plugin AnySceneImporter, ignoring
PluginManager::Manager: duplicate static plugin AnyImageImporter, ignoring
Renderer: NVIDIA GeForce RTX 4070/PCIe/SSE2 by NVIDIA Corporation
OpenGL version: 4.6.0 NVIDIA 580.173.02
Using optional features:
    GL_ARB_vertex_array_object
    GL_ARB_separate_shader_objects
    GL_ARB_robustness
    GL_ARB_texture_storage
    GL_ARB_texture_view
    GL_ARB_framebuffer_no_attachments
    GL_ARB_invalidate_subdata
    GL_ARB_texture_storage_multisample
    GL_ARB_multi_bind
    GL_ARB_direct_state_access
    GL_ARB_get_texture_sub_image
    GL_ARB_texture_filter_anisotropic
    GL_KHR_debug
    GL_KHR_parallel_shader_compile
    GL_NV_depth_buffer_float
Using driver workarounds:
    no-forward-compatible-core-context
    nv-egl-incorrect-gl11-function-pointers
    no-layout-qualifiers-on-old-glsl
    nv-zero-context-profile-mask
    nv-implementation-color-read-format-dsa-broken
    nv-cubemap-inconsistent-compressed-image-size
    nv-cubemap-broken-full-compressed-image-query
    nv-compressed-block-size-in-bits
[19:58:39:327340]:[Warning]:[Scene] SemanticScene.h(331)::checkFileExists : ::loadSemanticSceneDescriptor: File `data/scene_datasets/habitat-test-scenes/van-gogh-room.scn` does not exist.  Aborting load.
[19:58:39:327357]:[Warning]:[Scene] SemanticScene.cpp(123)::loadSemanticSceneDescriptor : SSD File Naming Issue! Neither SemanticAttributes-provided name : `data/scene_datasets/habitat-test-scenes/van-gogh-room.scn` nor constructed filename : `data/scene_datasets/habitat-test-scenes/info_semantic.json` exist on disk.
[19:58:39:327367]:[Error]:[Scene] SemanticScene.cpp(139)::loadSemanticSceneDescriptor : SSD Load Failure! File with SemanticAttributes-provided name `data/scene_datasets/habitat-test-scenes/van-gogh-room.scn` exists but failed to load.
[19:58:39:759909]:[Warning]:[Sim] Simulator.cpp(595)::instanceStageForSceneAttributes : The active scene does not contain semantic annotations : activeSemanticSceneID_ = 0
2026-08-11 19:58:41,727 update: 2310	fps: 491.796	
2026-08-11 19:58:41,727 Num updates: 2310	Num frames 369600
2026-08-11 19:58:41,727 Average window size: 50  distance_to_goal: 0.262  distance_to_goal_reward: -0.000  reward: 5.847  spl: 0.737  success: 0.883
2026-08-11 19:58:41,728 	Perf Stats: trainer.rollout_collect: 0.288 trainer.sample_action: 0.003 trainer.obs_insert: 0.000 trainer.step_env: 0.005 trainer.update_stats: 0.001 trainer.update_agent: 0.035
2026-08-11 19:58:44,804 update: 2320	fps: 491.911	
2026-08-11 19:58:44,804 Num updates: 2320	Num frames 371200
2026-08-11 19:58:44,804 Average window size: 50  distance_to_goal: 0.241  distance_to_goal_reward: 0.001  reward: 6.088  spl: 0.769  success: 0.900
2026-08-11 19:58:44,804 	Perf Stats: trainer.rollout_collect: 0.287 trainer.sample_action: 0.003 trainer.obs_insert: 0.000 trainer.step_env: 0.005 trainer.update_stats: 0.001 trainer.update_agent: 0.035
2026-08-11 19:58:47,890 update: 2330	fps: 492.019	
2026-08-11 19:58:47,891 Num updates: 2330	Num frames 372800
2026-08-11 19:58:47,891 Average window size: 50  distance_to_goal: 0.285  distance_to_goal_reward: 0.001  reward: 5.949  spl: 0.764  success: 0.895
2026-08-11 19:58:47,891 	Perf Stats: trainer.rollout_collect: 0.287 trainer.sample_action: 0.003 trainer.obs_insert: 0.000 trainer.step_env: 0.005 trainer.update_stats: 0.001 trainer.update_agent: 0.035
2026-08-11 19:58:50,960 update: 2340	fps: 492.137	
2026-08-11 19:58:50,960 Num updates: 2340	Num frames 374400
2026-08-11 19:58:50,960 Average window size: 50  distance_to_goal: 0.304  distance_to_goal_reward: 0.002  reward: 5.897  spl: 0.746  success: 0.877
2026-08-11 19:58:50,960 	Perf Stats: trainer.rollout_collect: 0.287 trainer.sample_action: 0.003 trainer.obs_insert: 0.000 trainer.step_env: 0.005 trainer.update_stats: 0.001 trainer.update_agent: 0.035
2026-08-11 19:58:54,068 update: 2350	fps: 492.229	
2026-08-11 19:58:54,068 Num updates: 2350	Num frames 376000
2026-08-11 19:58:54,068 Average window size: 50  distance_to_goal: 0.360  distance_to_goal_reward: 0.002  reward: 5.699  spl: 0.731  success: 0.860
2026-08-11 19:58:54,068 	Perf Stats: trainer.rollout_collect: 0.287 trainer.sample_action: 0.003 trainer.obs_insert: 0.000 trainer.step_env: 0.005 trainer.update_stats: 0.001 trainer.update_agent: 0.035
2026-08-11 19:58:57,132 update: 2360	fps: 492.349	
2026-08-11 19:58:57,140 Num updates: 2360	Num frames 377600
2026-08-11 19:58:57,140 Average window size: 50  distance_to_goal: 0.308  distance_to_goal_reward: 0.002  reward: 5.591  spl: 0.755  success: 0.891
2026-08-11 19:58:57,141 	Perf Stats: trainer.rollout_collect: 0.287 trainer.sample_action: 0.003 trainer.obs_insert: 0.000 trainer.step_env: 0.005 trainer.update_stats: 0.001 trainer.update_agent: 0.035
2026-08-11 19:59:00,240 update: 2370	fps: 492.439	
2026-08-11 19:59:00,240 Num updates: 2370	Num frames 379200
2026-08-11 19:59:00,240 Average window size: 50  distance_to_goal: 0.372  distance_to_goal_reward: 0.000  reward: 5.699  spl: 0.751  success: 0.887
2026-08-11 19:59:00,240 	Perf Stats: trainer.rollout_collect: 0.287 trainer.sample_action: 0.003 trainer.obs_insert: 0.000 trainer.step_env: 0.005 trainer.update_stats: 0.001 trainer.update_agent: 0.035
2026-08-11 19:59:03,347 update: 2380	fps: 492.530	
2026-08-11 19:59:03,347 Num updates: 2380	Num frames 380800
2026-08-11 19:59:03,347 Average window size: 50  distance_to_goal: 0.324  distance_to_goal_reward: 0.000  reward: 6.035  spl: 0.766  success: 0.893
2026-08-11 19:59:03,347 	Perf Stats: trainer.rollout_collect: 0.287 trainer.sample_action: 0.003 trainer.obs_insert: 0.000 trainer.step_env: 0.005 trainer.update_stats: 0.001 trainer.update_agent: 0.035
2026-08-11 19:59:06,413 update: 2390	fps: 492.645	
2026-08-11 19:59:06,414 Num updates: 2390	Num frames 382400
2026-08-11 19:59:06,414 Average window size: 50  distance_to_goal: 0.259  distance_to_goal_reward: 0.000  reward: 6.017  spl: 0.766  success: 0.882
2026-08-11 19:59:06,414 	Perf Stats: trainer.rollout_collect: 0.287 trainer.sample_action: 0.003 trainer.obs_insert: 0.000 trainer.step_env: 0.005 trainer.update_stats: 0.001 trainer.update_agent: 0.035
2026-08-11 19:59:09,560 update: 2400	fps: 492.710	
2026-08-11 19:59:09,560 Num updates: 2400	Num frames 384000
2026-08-11 19:59:09,560 Average window size: 50  distance_to_goal: 0.337  distance_to_goal_reward: 0.000  reward: 6.079  spl: 0.754  success: 0.878
2026-08-11 19:59:09,560 	Perf Stats: trainer.rollout_collect: 0.287 trainer.sample_action: 0.003 trainer.obs_insert: 0.000 trainer.step_env: 0.005 trainer.update_stats: 0.001 trainer.update_agent: 0.035
2026-08-11 19:59:12,633 update: 2410	fps: 492.819	
2026-08-11 19:59:12,633 Num updates: 2410	Num frames 385600
2026-08-11 19:59:12,633 Average window size: 50  distance_to_goal: 0.332  distance_to_goal_reward: 0.000  reward: 6.047  spl: 0.745  success: 0.867
2026-08-11 19:59:12,633 	Perf Stats: trainer.rollout_collect: 0.287 trainer.sample_action: 0.003 trainer.obs_insert: 0.000 trainer.step_env: 0.005 trainer.update_stats: 0.001 trainer.update_agent: 0.035
2026-08-11 19:59:15,708 update: 2420	fps: 492.927	
2026-08-11 19:59:15,708 Num updates: 2420	Num frames 387200
2026-08-11 19:59:15,708 Average window size: 50  distance_to_goal: 0.285  distance_to_goal_reward: 0.000  reward: 5.918  spl: 0.733  success: 0.865
2026-08-11 19:59:15,708 	Perf Stats: trainer.rollout_collect: 0.287 trainer.sample_action: 0.003 trainer.obs_insert: 0.000 trainer.step_env: 0.005 trainer.update_stats: 0.001 trainer.update_agent: 0.035
2026-08-11 19:59:18,784 update: 2430	fps: 493.033	
2026-08-11 19:59:18,784 Num updates: 2430	Num frames 388800
2026-08-11 19:59:18,784 Average window size: 50  distance_to_goal: 0.300  distance_to_goal_reward: 0.000  reward: 5.424  spl: 0.727  success: 0.871
2026-08-11 19:59:18,784 	Perf Stats: trainer.rollout_collect: 0.287 trainer.sample_action: 0.003 trainer.obs_insert: 0.000 trainer.step_env: 0.005 trainer.update_stats: 0.001 trainer.update_agent: 0.035
2026-08-11 19:59:21,863 update: 2440	fps: 493.136	
2026-08-11 19:59:21,863 Num updates: 2440	Num frames 390400
2026-08-11 19:59:21,863 Average window size: 50  distance_to_goal: 0.381  distance_to_goal_reward: 0.000  reward: 5.412  spl: 0.721  success: 0.863
2026-08-11 19:59:21,863 	Perf Stats: trainer.rollout_collect: 0.287 trainer.sample_action: 0.003 trainer.obs_insert: 0.000 trainer.step_env: 0.005 trainer.update_stats: 0.001 trainer.update_agent: 0.035
2026-08-11 19:59:24,957 update: 2450	fps: 493.230	
2026-08-11 19:59:24,957 Num updates: 2450	Num frames 392000
2026-08-11 19:59:24,957 Average window size: 50  distance_to_goal: 0.245  distance_to_goal_reward: 0.000  reward: 5.432  spl: 0.730  success: 0.864
2026-08-11 19:59:24,957 	Perf Stats: trainer.rollout_collect: 0.287 trainer.sample_action: 0.003 trainer.obs_insert: 0.000 trainer.step_env: 0.005 trainer.update_stats: 0.001 trainer.update_agent: 0.035
2026-08-11 19:59:28,016 update: 2460	fps: 493.344	
2026-08-11 19:59:28,017 Num updates: 2460	Num frames 393600
2026-08-11 19:59:28,017 Average window size: 50  distance_to_goal: 0.274  distance_to_goal_reward: 0.000  reward: 5.307  spl: 0.723  success: 0.844
2026-08-11 19:59:28,017 	Perf Stats: trainer.rollout_collect: 0.287 trainer.sample_action: 0.003 trainer.obs_insert: 0.000 trainer.step_env: 0.005 trainer.update_stats: 0.001 trainer.update_agent: 0.035
2026-08-11 19:59:31,116 update: 2470	fps: 493.432	
2026-08-11 19:59:31,116 Num updates: 2470	Num frames 395200
2026-08-11 19:59:31,116 Average window size: 50  distance_to_goal: 0.298  distance_to_goal_reward: 0.000  reward: 5.038  spl: 0.706  success: 0.816
2026-08-11 19:59:31,117 	Perf Stats: trainer.rollout_collect: 0.287 trainer.sample_action: 0.003 trainer.obs_insert: 0.000 trainer.step_env: 0.005 trainer.update_stats: 0.001 trainer.update_agent: 0.035
2026-08-11 19:59:34,191 update: 2480	fps: 493.535	
2026-08-11 19:59:34,191 Num updates: 2480	Num frames 396800
2026-08-11 19:59:34,191 Average window size: 50  distance_to_goal: 0.311  distance_to_goal_reward: 0.000  reward: 5.285  spl: 0.717  success: 0.821
2026-08-11 19:59:34,191 	Perf Stats: trainer.rollout_collect: 0.286 trainer.sample_action: 0.003 trainer.obs_insert: 0.000 trainer.step_env: 0.005 trainer.update_stats: 0.001 trainer.update_agent: 0.035
2026-08-11 19:59:37,274 update: 2490	fps: 493.633	
2026-08-11 19:59:37,274 Num updates: 2490	Num frames 398400
2026-08-11 19:59:37,274 Average window size: 50  distance_to_goal: 0.294  distance_to_goal_reward: 0.000  reward: 5.383  spl: 0.716  success: 0.826
2026-08-11 19:59:37,274 	Perf Stats: trainer.rollout_collect: 0.286 trainer.sample_action: 0.003 trainer.obs_insert: 0.000 trainer.step_env: 0.005 trainer.update_stats: 0.001 trainer.update_agent: 0.035
2026-08-11 19:59:40,461 update: 2500	fps: 493.666	
2026-08-11 19:59:40,461 Num updates: 2500	Num frames 400000
2026-08-11 19:59:40,461 Average window size: 50  distance_to_goal: 0.300  distance_to_goal_reward: 0.000  reward: 5.473  spl: 0.728  success: 0.839
2026-08-11 19:59:40,461 	Perf Stats: trainer.rollout_collect: 0.286 trainer.sample_action: 0.003 trainer.obs_insert: 0.000 trainer.step_env: 0.005 trainer.update_stats: 0.001 trainer.update_agent: 0.035
PluginManager::Manager: duplicate static plugin StbImageImporter, ignoring
PluginManager::Manager: duplicate static plugin GltfImporter, ignoring
PluginManager::Manager: duplicate static plugin BasisImporter, ignoring
PluginManager::Manager: duplicate static plugin AssimpImporter, ignoring
PluginManager::Manager: duplicate static plugin AnySceneImporter, ignoring
PluginManager::Manager: duplicate static plugin AnyImageImporter, ignoring
Renderer: NVIDIA GeForce RTX 4070/PCIe/SSE2 by NVIDIA Corporation
OpenGL version: 4.6.0 NVIDIA 580.173.02
Using optional features:
    GL_ARB_vertex_array_object
    GL_ARB_separate_shader_objects
    GL_ARB_robustness
    GL_ARB_texture_storage
    GL_ARB_texture_view
    GL_ARB_framebuffer_no_attachments
    GL_ARB_invalidate_subdata
    GL_ARB_texture_storage_multisample
    GL_ARB_multi_bind
    GL_ARB_direct_state_access
    GL_ARB_get_texture_sub_image
    GL_ARB_texture_filter_anisotropic
    GL_KHR_debug
    GL_KHR_parallel_shader_compile
    GL_NV_depth_buffer_float
Using driver workarounds:
    no-forward-compatible-core-context
    nv-egl-incorrect-gl11-function-pointers
    no-layout-qualifiers-on-old-glsl
    nv-zero-context-profile-mask
    nv-implementation-color-read-format-dsa-broken
    nv-cubemap-inconsistent-compressed-image-size
    nv-cubemap-broken-full-compressed-image-query
    nv-compressed-block-size-in-bits
[19:59:42:769015]:[Warning]:[Scene] SemanticScene.h(331)::checkFileExists : ::loadSemanticSceneDescriptor: File `data/scene_datasets/habitat-test-scenes/van-gogh-room.scn` does not exist.  Aborting load.
[19:59:42:769030]:[Warning]:[Scene] SemanticScene.cpp(123)::loadSemanticSceneDescriptor : SSD File Naming Issue! Neither SemanticAttributes-provided name : `data/scene_datasets/habitat-test-scenes/van-gogh-room.scn` nor constructed filename : `data/scene_datasets/habitat-test-scenes/info_semantic.json` exist on disk.
[19:59:42:769035]:[Error]:[Scene] SemanticScene.cpp(139)::loadSemanticSceneDescriptor : SSD Load Failure! File with SemanticAttributes-provided name `data/scene_datasets/habitat-test-scenes/van-gogh-room.scn` exists but failed to load.
[19:59:43:206817]:[Warning]:[Sim] Simulator.cpp(595)::instanceStageForSceneAttributes : The active scene does not contain semantic annotations : activeSemanticSceneID_ = 0
2026-08-11 19:59:44,044 update: 2510	fps: 493.458	
2026-08-11 19:59:44,044 Num updates: 2510	Num frames 401600
2026-08-11 19:59:44,044 Average window size: 50  distance_to_goal: 0.334  distance_to_goal_reward: 0.000  reward: 5.357  spl: 0.735  success: 0.844
2026-08-11 19:59:44,044 	Perf Stats: trainer.rollout_collect: 0.286 trainer.sample_action: 0.003 trainer.obs_insert: 0.000 trainer.step_env: 0.005 trainer.update_stats: 0.001 trainer.update_agent: 0.035
2026-08-11 19:59:47,096 update: 2520	fps: 493.573	
2026-08-11 19:59:47,096 Num updates: 2520	Num frames 403200
2026-08-11 19:59:47,096 Average window size: 50  distance_to_goal: 0.319  distance_to_goal_reward: 0.000  reward: 5.544  spl: 0.754  success: 0.869
2026-08-11 19:59:47,096 	Perf Stats: trainer.rollout_collect: 0.286 trainer.sample_action: 0.003 trainer.obs_insert: 0.000 trainer.step_env: 0.005 trainer.update_stats: 0.001 trainer.update_agent: 0.035
2026-08-11 19:59:50,131 update: 2530	fps: 493.698	
2026-08-11 19:59:50,131 Num updates: 2530	Num frames 404800
2026-08-11 19:59:50,131 Average window size: 50  distance_to_goal: 0.293  distance_to_goal_reward: 0.000  reward: 5.283  spl: 0.740  success: 0.858
2026-08-11 19:59:50,131 	Perf Stats: trainer.rollout_collect: 0.286 trainer.sample_action: 0.003 trainer.obs_insert: 0.000 trainer.step_env: 0.005 trainer.update_stats: 0.001 trainer.update_agent: 0.035
PluginManager::Manager: duplicate static plugin StbImageImporter, ignoring
PluginManager::Manager: duplicate static plugin GltfImporter, ignoring
PluginManager::Manager: duplicate static plugin BasisImporter, ignoring
PluginManager::Manager: duplicate static plugin AssimpImporter, ignoring
PluginManager::Manager: duplicate static plugin AnySceneImporter, ignoring
PluginManager::Manager: duplicate static plugin AnyImageImporter, ignoring
Renderer: NVIDIA GeForce RTX 4070/PCIe/SSE2 by NVIDIA Corporation
OpenGL version: 4.6.0 NVIDIA 580.173.02
Using optional features:
    GL_ARB_vertex_array_object
    GL_ARB_separate_shader_objects
    GL_ARB_robustness
    GL_ARB_texture_storage
    GL_ARB_texture_view
    GL_ARB_framebuffer_no_attachments
    GL_ARB_invalidate_subdata
    GL_ARB_texture_storage_multisample
    GL_ARB_multi_bind
    GL_ARB_direct_state_access
    GL_ARB_get_texture_sub_image
    GL_ARB_texture_filter_anisotropic
    GL_KHR_debug
    GL_KHR_parallel_shader_compile
    GL_NV_depth_buffer_float
Using driver workarounds:
    no-forward-compatible-core-context
    nv-egl-incorrect-gl11-function-pointers
    no-layout-qualifiers-on-old-glsl
    nv-zero-context-profile-mask
    nv-implementation-color-read-format-dsa-broken
    nv-cubemap-inconsistent-compressed-image-size
    nv-cubemap-broken-full-compressed-image-query
    nv-compressed-block-size-in-bits
[19:59:53:040801]:[Warning]:[Scene] SemanticScene.h(331)::checkFileExists : ::loadSemanticSceneDescriptor: File `data/scene_datasets/habitat-test-scenes/skokloster-castle.scn` does not exist.  Aborting load.
[19:59:53:040816]:[Warning]:[Scene] SemanticScene.cpp(123)::loadSemanticSceneDescriptor : SSD File Naming Issue! Neither SemanticAttributes-provided name : `data/scene_datasets/habitat-test-scenes/skokloster-castle.scn` nor constructed filename : `data/scene_datasets/habitat-test-scenes/info_semantic.json` exist on disk.
[19:59:53:040822]:[Error]:[Scene] SemanticScene.cpp(139)::loadSemanticSceneDescriptor : SSD Load Failure! File with SemanticAttributes-provided name `data/scene_datasets/habitat-test-scenes/skokloster-castle.scn` exists but failed to load.
[19:59:53:659614]:[Warning]:[Sim] Simulator.cpp(595)::instanceStageForSceneAttributes : The active scene does not contain semantic annotations : activeSemanticSceneID_ = 0
2026-08-11 19:59:53,822 update: 2540	fps: 493.428	
2026-08-11 19:59:53,822 Num updates: 2540	Num frames 406400
2026-08-11 19:59:53,822 Average window size: 50  distance_to_goal: 0.255  distance_to_goal_reward: 0.000  reward: 5.072  spl: 0.754  success: 0.882
2026-08-11 19:59:53,822 	Perf Stats: trainer.rollout_collect: 0.286 trainer.sample_action: 0.003 trainer.obs_insert: 0.000 trainer.step_env: 0.005 trainer.update_stats: 0.001 trainer.update_agent: 0.035
PluginManager::Manager: duplicate static plugin StbImageImporter, ignoring
PluginManager::Manager: duplicate static plugin GltfImporter, ignoring
PluginManager::Manager: duplicate static plugin BasisImporter, ignoring
PluginManager::Manager: duplicate static plugin AssimpImporter, ignoring
PluginManager::Manager: duplicate static plugin AnySceneImporter, ignoring
PluginManager::Manager: duplicate static plugin AnyImageImporter, ignoring
Renderer: NVIDIA GeForce RTX 4070/PCIe/SSE2 by NVIDIA Corporation
OpenGL version: 4.6.0 NVIDIA 580.173.02
Using optional features:
    GL_ARB_vertex_array_object
    GL_ARB_separate_shader_objects
    GL_ARB_robustness
    GL_ARB_texture_storage
    GL_ARB_texture_view
    GL_ARB_framebuffer_no_attachments
    GL_ARB_invalidate_subdata
    GL_ARB_texture_storage_multisample
    GL_ARB_multi_bind
    GL_ARB_direct_state_access
    GL_ARB_get_texture_sub_image
    GL_ARB_texture_filter_anisotropic
    GL_KHR_debug
    GL_KHR_parallel_shader_compile
    GL_NV_depth_buffer_float
Using driver workarounds:
    no-forward-compatible-core-context
    nv-egl-incorrect-gl11-function-pointers
    no-layout-qualifiers-on-old-glsl
    nv-zero-context-profile-mask
    nv-implementation-color-read-format-dsa-broken
    nv-cubemap-inconsistent-compressed-image-size
    nv-cubemap-broken-full-compressed-image-query
    nv-compressed-block-size-in-bits
[19:59:53:879472]:[Warning]:[Scene] SemanticScene.h(331)::checkFileExists : ::loadSemanticSceneDescriptor: File `data/scene_datasets/habitat-test-scenes/skokloster-castle.scn` does not exist.  Aborting load.
[19:59:53:879488]:[Warning]:[Scene] SemanticScene.cpp(123)::loadSemanticSceneDescriptor : SSD File Naming Issue! Neither SemanticAttributes-provided name : `data/scene_datasets/habitat-test-scenes/skokloster-castle.scn` nor constructed filename : `data/scene_datasets/habitat-test-scenes/info_semantic.json` exist on disk.
[19:59:53:879493]:[Error]:[Scene] SemanticScene.cpp(139)::loadSemanticSceneDescriptor : SSD Load Failure! File with SemanticAttributes-provided name `data/scene_datasets/habitat-test-scenes/skokloster-castle.scn` exists but failed to load.
[19:59:54:483783]:[Warning]:[Sim] Simulator.cpp(595)::instanceStageForSceneAttributes : The active scene does not contain semantic annotations : activeSemanticSceneID_ = 0
2026-08-11 19:59:57,567 update: 2550	fps: 493.128	
2026-08-11 19:59:57,567 Num updates: 2550	Num frames 408000
2026-08-11 19:59:57,567 Average window size: 50  distance_to_goal: 0.302  distance_to_goal_reward: 0.000  reward: 5.085  spl: 0.742  success: 0.877
2026-08-11 19:59:57,567 	Perf Stats: trainer.rollout_collect: 0.287 trainer.sample_action: 0.003 trainer.obs_insert: 0.000 trainer.step_env: 0.005 trainer.update_stats: 0.001 trainer.update_agent: 0.035
2026-08-11 20:00:00,714 update: 2560	fps: 493.186	
2026-08-11 20:00:00,715 Num updates: 2560	Num frames 409600
2026-08-11 20:00:00,715 Average window size: 50  distance_to_goal: 0.338  distance_to_goal_reward: 0.000  reward: 5.348  spl: 0.736  success: 0.889
2026-08-11 20:00:00,715 	Perf Stats: trainer.rollout_collect: 0.287 trainer.sample_action: 0.003 trainer.obs_insert: 0.000 trainer.step_env: 0.005 trainer.update_stats: 0.001 trainer.update_agent: 0.035
2026-08-11 20:00:03,821 update: 2570	fps: 493.267	
2026-08-11 20:00:03,821 Num updates: 2570	Num frames 411200
2026-08-11 20:00:03,821 Average window size: 50  distance_to_goal: 0.386  distance_to_goal_reward: 0.000  reward: 5.451  spl: 0.718  success: 0.882
2026-08-11 20:00:03,821 	Perf Stats: trainer.rollout_collect: 0.287 trainer.sample_action: 0.003 trainer.obs_insert: 0.000 trainer.step_env: 0.005 trainer.update_stats: 0.001 trainer.update_agent: 0.035
2026-08-11 20:00:06,935 update: 2580	fps: 493.343	
2026-08-11 20:00:06,935 Num updates: 2580	Num frames 412800
2026-08-11 20:00:06,935 Average window size: 50  distance_to_goal: 0.528  distance_to_goal_reward: 0.000  reward: 5.521  spl: 0.718  success: 0.883
2026-08-11 20:00:06,935 	Perf Stats: trainer.rollout_collect: 0.287 trainer.sample_action: 0.003 trainer.obs_insert: 0.000 trainer.step_env: 0.005 trainer.update_stats: 0.001 trainer.update_agent: 0.035
2026-08-11 20:00:10,083 update: 2590	fps: 493.405	
2026-08-11 20:00:10,083 Num updates: 2590	Num frames 414400
2026-08-11 20:00:10,083 Average window size: 50  distance_to_goal: 0.631  distance_to_goal_reward: 0.000  reward: 5.716  spl: 0.689  success: 0.854
2026-08-11 20:00:10,083 	Perf Stats: trainer.rollout_collect: 0.287 trainer.sample_action: 0.003 trainer.obs_insert: 0.000 trainer.step_env: 0.005 trainer.update_stats: 0.001 trainer.update_agent: 0.035
2026-08-11 20:00:13,314 update: 2600	fps: 493.407	
2026-08-11 20:00:13,314 Num updates: 2600	Num frames 416000
2026-08-11 20:00:13,314 Average window size: 50  distance_to_goal: 0.801  distance_to_goal_reward: 0.001  reward: 5.469  spl: 0.676  success: 0.840
2026-08-11 20:00:13,314 	Perf Stats: trainer.rollout_collect: 0.286 trainer.sample_action: 0.003 trainer.obs_insert: 0.000 trainer.step_env: 0.005 trainer.update_stats: 0.001 trainer.update_agent: 0.035
PluginManager::Manager: duplicate static plugin StbImageImporter, ignoring
PluginManager::Manager: duplicate static plugin GltfImporter, ignoring
PluginManager::Manager: duplicate static plugin BasisImporter, ignoring
PluginManager::Manager: duplicate static plugin AssimpImporter, ignoring
PluginManager::Manager: duplicate static plugin AnySceneImporter, ignoring
PluginManager::Manager: duplicate static plugin AnyImageImporter, ignoring
Renderer: NVIDIA GeForce RTX 4070/PCIe/SSE2 by NVIDIA Corporation
OpenGL version: 4.6.0 NVIDIA 580.173.02
Using optional features:
    GL_ARB_vertex_array_object
    GL_ARB_separate_shader_objects
    GL_ARB_robustness
    GL_ARB_texture_storage
    GL_ARB_texture_view
    GL_ARB_framebuffer_no_attachments
    GL_ARB_invalidate_subdata
    GL_ARB_texture_storage_multisample
    GL_ARB_multi_bind
    GL_ARB_direct_state_access
    GL_ARB_get_texture_sub_image
    GL_ARB_texture_filter_anisotropic
    GL_KHR_debug
    GL_KHR_parallel_shader_compile
    GL_NV_depth_buffer_float
Using driver workarounds:
    no-forward-compatible-core-context
    nv-egl-incorrect-gl11-function-pointers
    no-layout-qualifiers-on-old-glsl
    nv-zero-context-profile-mask
    nv-implementation-color-read-format-dsa-broken
    nv-cubemap-inconsistent-compressed-image-size
    nv-cubemap-broken-full-compressed-image-query
    nv-compressed-block-size-in-bits
[20:00:16:204462]:[Warning]:[Scene] SemanticScene.h(331)::checkFileExists : ::loadSemanticSceneDescriptor: File `data/scene_datasets/habitat-test-scenes/van-gogh-room.scn` does not exist.  Aborting load.
[20:00:16:204479]:[Warning]:[Scene] SemanticScene.cpp(123)::loadSemanticSceneDescriptor : SSD File Naming Issue! Neither SemanticAttributes-provided name : `data/scene_datasets/habitat-test-scenes/van-gogh-room.scn` nor constructed filename : `data/scene_datasets/habitat-test-scenes/info_semantic.json` exist on disk.
[20:00:16:204485]:[Error]:[Scene] SemanticScene.cpp(139)::loadSemanticSceneDescriptor : SSD Load Failure! File with SemanticAttributes-provided name `data/scene_datasets/habitat-test-scenes/van-gogh-room.scn` exists but failed to load.
[20:00:16:636776]:[Warning]:[Sim] Simulator.cpp(595)::instanceStageForSceneAttributes : The active scene does not contain semantic annotations : activeSemanticSceneID_ = 0
2026-08-11 20:00:16,893 update: 2610	fps: 493.210	
2026-08-11 20:00:16,893 Num updates: 2610	Num frames 417600
2026-08-11 20:00:16,893 Average window size: 50  distance_to_goal: 0.649  distance_to_goal_reward: 0.001  reward: 5.174  spl: 0.685  success: 0.833
2026-08-11 20:00:16,893 	Perf Stats: trainer.rollout_collect: 0.287 trainer.sample_action: 0.003 trainer.obs_insert: 0.000 trainer.step_env: 0.005 trainer.update_stats: 0.001 trainer.update_agent: 0.035
PluginManager::Manager: duplicate static plugin StbImageImporter, ignoring
PluginManager::Manager: duplicate static plugin GltfImporter, ignoring
PluginManager::Manager: duplicate static plugin BasisImporter, ignoring
PluginManager::Manager: duplicate static plugin AssimpImporter, ignoring
PluginManager::Manager: duplicate static plugin AnySceneImporter, ignoring
PluginManager::Manager: duplicate static plugin AnyImageImporter, ignoring
Renderer: NVIDIA GeForce RTX 4070/PCIe/SSE2 by NVIDIA Corporation
OpenGL version: 4.6.0 NVIDIA 580.173.02
Using optional features:
    GL_ARB_vertex_array_object
    GL_ARB_separate_shader_objects
    GL_ARB_robustness
    GL_ARB_texture_storage
    GL_ARB_texture_view
    GL_ARB_framebuffer_no_attachments
    GL_ARB_invalidate_subdata
    GL_ARB_texture_storage_multisample
    GL_ARB_multi_bind
    GL_ARB_direct_state_access
    GL_ARB_get_texture_sub_image
    GL_ARB_texture_filter_anisotropic
    GL_KHR_debug
    GL_KHR_parallel_shader_compile
    GL_NV_depth_buffer_float
Using driver workarounds:
    no-forward-compatible-core-context
    nv-egl-incorrect-gl11-function-pointers
    no-layout-qualifiers-on-old-glsl
    nv-zero-context-profile-mask
    nv-implementation-color-read-format-dsa-broken
    nv-cubemap-inconsistent-compressed-image-size
    nv-cubemap-broken-full-compressed-image-query
    nv-compressed-block-size-in-bits
[20:00:18:543482]:[Warning]:[Scene] SemanticScene.h(331)::checkFileExists : ::loadSemanticSceneDescriptor: File `data/scene_datasets/habitat-test-scenes/skokloster-castle.scn` does not exist.  Aborting load.
[20:00:18:543499]:[Warning]:[Scene] SemanticScene.cpp(123)::loadSemanticSceneDescriptor : SSD File Naming Issue! Neither SemanticAttributes-provided name : `data/scene_datasets/habitat-test-scenes/skokloster-castle.scn` nor constructed filename : `data/scene_datasets/habitat-test-scenes/info_semantic.json` exist on disk.
[20:00:18:543504]:[Error]:[Scene] SemanticScene.cpp(139)::loadSemanticSceneDescriptor : SSD Load Failure! File with SemanticAttributes-provided name `data/scene_datasets/habitat-test-scenes/skokloster-castle.scn` exists but failed to load.
[20:00:19:150964]:[Warning]:[Sim] Simulator.cpp(595)::instanceStageForSceneAttributes : The active scene does not contain semantic annotations : activeSemanticSceneID_ = 0
2026-08-11 20:00:20,559 update: 2620	fps: 492.966	
2026-08-11 20:00:20,559 Num updates: 2620	Num frames 419200
2026-08-11 20:00:20,559 Average window size: 50  distance_to_goal: 0.721  distance_to_goal_reward: 0.000  reward: 5.015  spl: 0.686  success: 0.820
2026-08-11 20:00:20,559 	Perf Stats: trainer.rollout_collect: 0.287 trainer.sample_action: 0.003 trainer.obs_insert: 0.000 trainer.step_env: 0.005 trainer.update_stats: 0.001 trainer.update_agent: 0.035
2026-08-11 20:00:23,634 update: 2630	fps: 493.064	
2026-08-11 20:00:23,634 Num updates: 2630	Num frames 420800
2026-08-11 20:00:23,635 Average window size: 50  distance_to_goal: 0.565  distance_to_goal_reward: 0.001  reward: 5.141  spl: 0.681  success: 0.807
2026-08-11 20:00:23,635 	Perf Stats: trainer.rollout_collect: 0.287 trainer.sample_action: 0.003 trainer.obs_insert: 0.000 trainer.step_env: 0.005 trainer.update_stats: 0.001 trainer.update_agent: 0.035
2026-08-11 20:00:26,766 update: 2640	fps: 493.129	
2026-08-11 20:00:26,766 Num updates: 2640	Num frames 422400
2026-08-11 20:00:26,766 Average window size: 50  distance_to_goal: 0.738  distance_to_goal_reward: 0.000  reward: 4.807  spl: 0.669  success: 0.788
2026-08-11 20:00:26,766 	Perf Stats: trainer.rollout_collect: 0.287 trainer.sample_action: 0.003 trainer.obs_insert: 0.000 trainer.step_env: 0.005 trainer.update_stats: 0.001 trainer.update_agent: 0.035
2026-08-11 20:00:29,888 update: 2650	fps: 493.200	
2026-08-11 20:00:29,888 Num updates: 2650	Num frames 424000
2026-08-11 20:00:29,888 Average window size: 50  distance_to_goal: 0.522  distance_to_goal_reward: 0.000  reward: 5.153  spl: 0.709  success: 0.819
2026-08-11 20:00:29,888 	Perf Stats: trainer.rollout_collect: 0.287 trainer.sample_action: 0.003 trainer.obs_insert: 0.000 trainer.step_env: 0.005 trainer.update_stats: 0.001 trainer.update_agent: 0.035
2026-08-11 20:00:32,982 update: 2660	fps: 493.286	
2026-08-11 20:00:32,982 Num updates: 2660	Num frames 425600
2026-08-11 20:00:32,982 Average window size: 50  distance_to_goal: 0.547  distance_to_goal_reward: 0.000  reward: 5.346  spl: 0.711  success: 0.830
2026-08-11 20:00:32,982 	Perf Stats: trainer.rollout_collect: 0.287 trainer.sample_action: 0.003 trainer.obs_insert: 0.000 trainer.step_env: 0.005 trainer.update_stats: 0.001 trainer.update_agent: 0.035
2026-08-11 20:00:36,088 update: 2670	fps: 493.364	
2026-08-11 20:00:36,096 Num updates: 2670	Num frames 427200
2026-08-11 20:00:36,096 Average window size: 50  distance_to_goal: 0.567  distance_to_goal_reward: 0.000  reward: 5.552  spl: 0.718  success: 0.832
2026-08-11 20:00:36,096 	Perf Stats: trainer.rollout_collect: 0.287 trainer.sample_action: 0.003 trainer.obs_insert: 0.000 trainer.step_env: 0.005 trainer.update_stats: 0.001 trainer.update_agent: 0.035
2026-08-11 20:00:39,197 update: 2680	fps: 493.440	
2026-08-11 20:00:39,198 Num updates: 2680	Num frames 428800
2026-08-11 20:00:39,198 Average window size: 50  distance_to_goal: 0.679  distance_to_goal_reward: 0.000  reward: 5.603  spl: 0.723  success: 0.832
2026-08-11 20:00:39,198 	Perf Stats: trainer.rollout_collect: 0.287 trainer.sample_action: 0.003 trainer.obs_insert: 0.000 trainer.step_env: 0.005 trainer.update_stats: 0.001 trainer.update_agent: 0.035
2026-08-11 20:00:42,310 update: 2690	fps: 493.514	
2026-08-11 20:00:42,310 Num updates: 2690	Num frames 430400
2026-08-11 20:00:42,310 Average window size: 50  distance_to_goal: 0.570  distance_to_goal_reward: 0.000  reward: 5.639  spl: 0.719  success: 0.822
2026-08-11 20:00:42,310 	Perf Stats: trainer.rollout_collect: 0.286 trainer.sample_action: 0.003 trainer.obs_insert: 0.000 trainer.step_env: 0.005 trainer.update_stats: 0.001 trainer.update_agent: 0.035
2026-08-11 20:00:45,506 update: 2700	fps: 493.539	
2026-08-11 20:00:45,506 Num updates: 2700	Num frames 432000
2026-08-11 20:00:45,506 Average window size: 50  distance_to_goal: 0.669  distance_to_goal_reward: 0.002  reward: 5.392  spl: 0.715  success: 0.817
2026-08-11 20:00:45,506 	Perf Stats: trainer.rollout_collect: 0.286 trainer.sample_action: 0.003 trainer.obs_insert: 0.000 trainer.step_env: 0.005 trainer.update_stats: 0.001 trainer.update_agent: 0.035
2026-08-11 20:00:48,624 update: 2710	fps: 493.609	
2026-08-11 20:00:48,625 Num updates: 2710	Num frames 433600
2026-08-11 20:00:48,625 Average window size: 50  distance_to_goal: 0.668  distance_to_goal_reward: 0.002  reward: 5.312  spl: 0.705  success: 0.813
2026-08-11 20:00:48,625 	Perf Stats: trainer.rollout_collect: 0.286 trainer.sample_action: 0.003 trainer.obs_insert: 0.000 trainer.step_env: 0.005 trainer.update_stats: 0.001 trainer.update_agent: 0.035
2026-08-11 20:00:51,764 update: 2720	fps: 493.665	
2026-08-11 20:00:51,764 Num updates: 2720	Num frames 435200
2026-08-11 20:00:51,764 Average window size: 50  distance_to_goal: 0.731  distance_to_goal_reward: 0.002  reward: 5.135  spl: 0.680  success: 0.791
2026-08-11 20:00:51,765 	Perf Stats: trainer.rollout_collect: 0.286 trainer.sample_action: 0.003 trainer.obs_insert: 0.000 trainer.step_env: 0.005 trainer.update_stats: 0.001 trainer.update_agent: 0.035
2026-08-11 20:00:54,868 update: 2730	fps: 493.742	
2026-08-11 20:00:54,868 Num updates: 2730	Num frames 436800
2026-08-11 20:00:54,869 Average window size: 50  distance_to_goal: 0.619  distance_to_goal_reward: 0.002  reward: 5.423  spl: 0.714  success: 0.843
2026-08-11 20:00:54,869 	Perf Stats: trainer.rollout_collect: 0.286 trainer.sample_action: 0.003 trainer.obs_insert: 0.000 trainer.step_env: 0.005 trainer.update_stats: 0.001 trainer.update_agent: 0.035
2026-08-11 20:00:58,008 update: 2740	fps: 493.798	
2026-08-11 20:00:58,008 Num updates: 2740	Num frames 438400
2026-08-11 20:00:58,008 Average window size: 50  distance_to_goal: 0.612  distance_to_goal_reward: 0.002  reward: 5.674  spl: 0.703  success: 0.837
2026-08-11 20:00:58,008 	Perf Stats: trainer.rollout_collect: 0.286 trainer.sample_action: 0.003 trainer.obs_insert: 0.000 trainer.step_env: 0.005 trainer.update_stats: 0.001 trainer.update_agent: 0.035
2026-08-11 20:01:01,148 update: 2750	fps: 493.854	
2026-08-11 20:01:01,148 Num updates: 2750	Num frames 440000
2026-08-11 20:01:01,148 Average window size: 50  distance_to_goal: 0.456  distance_to_goal_reward: -0.000  reward: 6.186  spl: 0.726  success: 0.854
2026-08-11 20:01:01,148 	Perf Stats: trainer.rollout_collect: 0.286 trainer.sample_action: 0.003 trainer.obs_insert: 0.000 trainer.step_env: 0.005 trainer.update_stats: 0.001 trainer.update_agent: 0.035
2026-08-11 20:01:04,288 update: 2760	fps: 493.909	
2026-08-11 20:01:04,288 Num updates: 2760	Num frames 441600
2026-08-11 20:01:04,288 Average window size: 50  distance_to_goal: 0.319  distance_to_goal_reward: 0.000  reward: 6.647  spl: 0.753  success: 0.874
2026-08-11 20:01:04,289 	Perf Stats: trainer.rollout_collect: 0.286 trainer.sample_action: 0.003 trainer.obs_insert: 0.000 trainer.step_env: 0.005 trainer.update_stats: 0.001 trainer.update_agent: 0.035
2026-08-11 20:01:07,397 update: 2770	fps: 493.981	
2026-08-11 20:01:07,397 Num updates: 2770	Num frames 443200
2026-08-11 20:01:07,397 Average window size: 50  distance_to_goal: 0.280  distance_to_goal_reward: 0.000  reward: 6.582  spl: 0.769  success: 0.884
2026-08-11 20:01:07,397 	Perf Stats: trainer.rollout_collect: 0.286 trainer.sample_action: 0.003 trainer.obs_insert: 0.000 trainer.step_env: 0.005 trainer.update_stats: 0.001 trainer.update_agent: 0.035
2026-08-11 20:01:10,527 update: 2780	fps: 494.040	
2026-08-11 20:01:10,527 Num updates: 2780	Num frames 444800
2026-08-11 20:01:10,527 Average window size: 50  distance_to_goal: 0.342  distance_to_goal_reward: 0.000  reward: 6.402  spl: 0.762  success: 0.861
2026-08-11 20:01:10,527 	Perf Stats: trainer.rollout_collect: 0.286 trainer.sample_action: 0.003 trainer.obs_insert: 0.000 trainer.step_env: 0.005 trainer.update_stats: 0.001 trainer.update_agent: 0.035
2026-08-11 20:01:13,668 update: 2790	fps: 494.094	
2026-08-11 20:01:13,668 Num updates: 2790	Num frames 446400
2026-08-11 20:01:13,668 Average window size: 50  distance_to_goal: 0.227  distance_to_goal_reward: 0.000  reward: 6.722  spl: 0.797  success: 0.891
2026-08-11 20:01:13,668 	Perf Stats: trainer.rollout_collect: 0.286 trainer.sample_action: 0.003 trainer.obs_insert: 0.000 trainer.step_env: 0.005 trainer.update_stats: 0.001 trainer.update_agent: 0.035
PluginManager::Manager: duplicate static plugin StbImageImporter, ignoring
PluginManager::Manager: duplicate static plugin GltfImporter, ignoring
PluginManager::Manager: duplicate static plugin BasisImporter, ignoring
PluginManager::Manager: duplicate static plugin AssimpImporter, ignoring
PluginManager::Manager: duplicate static plugin AnySceneImporter, ignoring
PluginManager::Manager: duplicate static plugin AnyImageImporter, ignoring
Renderer: NVIDIA GeForce RTX 4070/PCIe/SSE2 by NVIDIA Corporation
OpenGL version: 4.6.0 NVIDIA 580.173.02
Using optional features:
    GL_ARB_vertex_array_object
    GL_ARB_separate_shader_objects
    GL_ARB_robustness
    GL_ARB_texture_storage
    GL_ARB_texture_view
    GL_ARB_framebuffer_no_attachments
    GL_ARB_invalidate_subdata
    GL_ARB_texture_storage_multisample
    GL_ARB_multi_bind
    GL_ARB_direct_state_access
    GL_ARB_get_texture_sub_image
    GL_ARB_texture_filter_anisotropic
    GL_KHR_debug
    GL_KHR_parallel_shader_compile
    GL_NV_depth_buffer_float
Using driver workarounds:
    no-forward-compatible-core-context
    nv-egl-incorrect-gl11-function-pointers
    no-layout-qualifiers-on-old-glsl
    nv-zero-context-profile-mask
    nv-implementation-color-read-format-dsa-broken
    nv-cubemap-inconsistent-compressed-image-size
    nv-cubemap-broken-full-compressed-image-query
    nv-compressed-block-size-in-bits
[20:01:16:053067]:[Warning]:[Scene] SemanticScene.h(331)::checkFileExists : ::loadSemanticSceneDescriptor: File `data/scene_datasets/habitat-test-scenes/van-gogh-room.scn` does not exist.  Aborting load.
[20:01:16:053083]:[Warning]:[Scene] SemanticScene.cpp(123)::loadSemanticSceneDescriptor : SSD File Naming Issue! Neither SemanticAttributes-provided name : `data/scene_datasets/habitat-test-scenes/van-gogh-room.scn` nor constructed filename : `data/scene_datasets/habitat-test-scenes/info_semantic.json` exist on disk.
[20:01:16:053088]:[Error]:[Scene] SemanticScene.cpp(139)::loadSemanticSceneDescriptor : SSD Load Failure! File with SemanticAttributes-provided name `data/scene_datasets/habitat-test-scenes/van-gogh-room.scn` exists but failed to load.
[20:01:16:485103]:[Warning]:[Sim] Simulator.cpp(595)::instanceStageForSceneAttributes : The active scene does not contain semantic annotations : activeSemanticSceneID_ = 0
2026-08-11 20:01:17,334 update: 2800	fps: 493.866	
2026-08-11 20:01:17,334 Num updates: 2800	Num frames 448000
2026-08-11 20:01:17,334 Average window size: 50  distance_to_goal: 0.226  distance_to_goal_reward: 0.000  reward: 6.420  spl: 0.798  success: 0.896
2026-08-11 20:01:17,334 	Perf Stats: trainer.rollout_collect: 0.286 trainer.sample_action: 0.003 trainer.obs_insert: 0.000 trainer.step_env: 0.005 trainer.update_stats: 0.001 trainer.update_agent: 0.035
2026-08-11 20:01:20,429 update: 2810	fps: 493.939	
2026-08-11 20:01:20,429 Num updates: 2810	Num frames 449600
2026-08-11 20:01:20,429 Average window size: 50  distance_to_goal: 0.277  distance_to_goal_reward: 0.000  reward: 6.192  spl: 0.786  success: 0.886
2026-08-11 20:01:20,430 	Perf Stats: trainer.rollout_collect: 0.286 trainer.sample_action: 0.003 trainer.obs_insert: 0.000 trainer.step_env: 0.005 trainer.update_stats: 0.001 trainer.update_agent: 0.035
2026-08-11 20:01:23,521 update: 2820	fps: 494.019	
2026-08-11 20:01:23,521 Num updates: 2820	Num frames 451200
2026-08-11 20:01:23,521 Average window size: 50  distance_to_goal: 0.223  distance_to_goal_reward: 0.000  reward: 6.068  spl: 0.800  success: 0.907
2026-08-11 20:01:23,521 	Perf Stats: trainer.rollout_collect: 0.286 trainer.sample_action: 0.003 trainer.obs_insert: 0.000 trainer.step_env: 0.005 trainer.update_stats: 0.001 trainer.update_agent: 0.035
2026-08-11 20:01:26,616 update: 2830	fps: 494.096	
2026-08-11 20:01:26,616 Num updates: 2830	Num frames 452800
2026-08-11 20:01:26,616 Average window size: 50  distance_to_goal: 0.229  distance_to_goal_reward: 0.000  reward: 6.022  spl: 0.786  success: 0.899
2026-08-11 20:01:26,616 	Perf Stats: trainer.rollout_collect: 0.286 trainer.sample_action: 0.003 trainer.obs_insert: 0.000 trainer.step_env: 0.005 trainer.update_stats: 0.001 trainer.update_agent: 0.035
2026-08-11 20:01:29,714 update: 2840	fps: 494.172	
2026-08-11 20:01:29,714 Num updates: 2840	Num frames 454400
2026-08-11 20:01:29,714 Average window size: 50  distance_to_goal: 0.232  distance_to_goal_reward: 0.000  reward: 5.752  spl: 0.762  success: 0.875
2026-08-11 20:01:29,714 	Perf Stats: trainer.rollout_collect: 0.286 trainer.sample_action: 0.003 trainer.obs_insert: 0.000 trainer.step_env: 0.005 trainer.update_stats: 0.001 trainer.update_agent: 0.035
2026-08-11 20:01:32,770 update: 2850	fps: 494.269	
2026-08-11 20:01:32,770 Num updates: 2850	Num frames 456000
2026-08-11 20:01:32,770 Average window size: 50  distance_to_goal: 0.241  distance_to_goal_reward: 0.000  reward: 5.561  spl: 0.753  success: 0.867
2026-08-11 20:01:32,770 	Perf Stats: trainer.rollout_collect: 0.286 trainer.sample_action: 0.003 trainer.obs_insert: 0.000 trainer.step_env: 0.005 trainer.update_stats: 0.001 trainer.update_agent: 0.035
PluginManager::Manager: duplicate static plugin StbImageImporter, ignoring
PluginManager::Manager: duplicate static plugin GltfImporter, ignoring
PluginManager::Manager: duplicate static plugin BasisImporter, ignoring
PluginManager::Manager: duplicate static plugin AssimpImporter, ignoring
PluginManager::Manager: duplicate static plugin AnySceneImporter, ignoring
PluginManager::Manager: duplicate static plugin AnyImageImporter, ignoring
Renderer: NVIDIA GeForce RTX 4070/PCIe/SSE2 by NVIDIA Corporation
OpenGL version: 4.6.0 NVIDIA 580.173.02
Using optional features:
    GL_ARB_vertex_array_object
    GL_ARB_separate_shader_objects
    GL_ARB_robustness
    GL_ARB_texture_storage
    GL_ARB_texture_view
    GL_ARB_framebuffer_no_attachments
    GL_ARB_invalidate_subdata
    GL_ARB_texture_storage_multisample
    GL_ARB_multi_bind
    GL_ARB_direct_state_access
    GL_ARB_get_texture_sub_image
    GL_ARB_texture_filter_anisotropic
    GL_KHR_debug
    GL_KHR_parallel_shader_compile
    GL_NV_depth_buffer_float
Using driver workarounds:
    no-forward-compatible-core-context
    nv-egl-incorrect-gl11-function-pointers
    no-layout-qualifiers-on-old-glsl
    nv-zero-context-profile-mask
    nv-implementation-color-read-format-dsa-broken
    nv-cubemap-inconsistent-compressed-image-size
    nv-cubemap-broken-full-compressed-image-query
    nv-compressed-block-size-in-bits
[20:01:35:043287]:[Warning]:[Scene] SemanticScene.h(331)::checkFileExists : ::loadSemanticSceneDescriptor: File `data/scene_datasets/habitat-test-scenes/van-gogh-room.scn` does not exist.  Aborting load.
[20:01:35:043304]:[Warning]:[Scene] SemanticScene.cpp(123)::loadSemanticSceneDescriptor : SSD File Naming Issue! Neither SemanticAttributes-provided name : `data/scene_datasets/habitat-test-scenes/van-gogh-room.scn` nor constructed filename : `data/scene_datasets/habitat-test-scenes/info_semantic.json` exist on disk.
[20:01:35:043309]:[Error]:[Scene] SemanticScene.cpp(139)::loadSemanticSceneDescriptor : SSD Load Failure! File with SemanticAttributes-provided name `data/scene_datasets/habitat-test-scenes/van-gogh-room.scn` exists but failed to load.
[20:01:35:490812]:[Warning]:[Sim] Simulator.cpp(595)::instanceStageForSceneAttributes : The active scene does not contain semantic annotations : activeSemanticSceneID_ = 0
2026-08-11 20:01:36,302 update: 2860	fps: 494.112	
2026-08-11 20:01:36,302 Num updates: 2860	Num frames 457600
2026-08-11 20:01:36,302 Average window size: 50  distance_to_goal: 0.222  distance_to_goal_reward: 0.000  reward: 5.586  spl: 0.773  success: 0.881
2026-08-11 20:01:36,302 	Perf Stats: trainer.rollout_collect: 0.286 trainer.sample_action: 0.003 trainer.obs_insert: 0.000 trainer.step_env: 0.005 trainer.update_stats: 0.001 trainer.update_agent: 0.035
2026-08-11 20:01:39,400 update: 2870	fps: 494.186	
2026-08-11 20:01:39,400 Num updates: 2870	Num frames 459200
2026-08-11 20:01:39,400 Average window size: 50  distance_to_goal: 0.247  distance_to_goal_reward: 0.000  reward: 5.509  spl: 0.762  success: 0.858
2026-08-11 20:01:39,400 	Perf Stats: trainer.rollout_collect: 0.286 trainer.sample_action: 0.003 trainer.obs_insert: 0.000 trainer.step_env: 0.005 trainer.update_stats: 0.001 trainer.update_agent: 0.035
PluginManager::Manager: duplicate static plugin StbImageImporter, ignoring
PluginManager::Manager: duplicate static plugin GltfImporter, ignoring
PluginManager::Manager: duplicate static plugin BasisImporter, ignoring
PluginManager::Manager: duplicate static plugin AssimpImporter, ignoring
PluginManager::Manager: duplicate static plugin AnySceneImporter, ignoring
PluginManager::Manager: duplicate static plugin AnyImageImporter, ignoring
Renderer: NVIDIA GeForce RTX 4070/PCIe/SSE2 by NVIDIA Corporation
OpenGL version: 4.6.0 NVIDIA 580.173.02
Using optional features:
    GL_ARB_vertex_array_object
    GL_ARB_separate_shader_objects
    GL_ARB_robustness
    GL_ARB_texture_storage
    GL_ARB_texture_view
    GL_ARB_framebuffer_no_attachments
    GL_ARB_invalidate_subdata
    GL_ARB_texture_storage_multisample
    GL_ARB_multi_bind
    GL_ARB_direct_state_access
    GL_ARB_get_texture_sub_image
    GL_ARB_texture_filter_anisotropic
    GL_KHR_debug
    GL_KHR_parallel_shader_compile
    GL_NV_depth_buffer_float
Using driver workarounds:
    no-forward-compatible-core-context
    nv-egl-incorrect-gl11-function-pointers
    no-layout-qualifiers-on-old-glsl
    nv-zero-context-profile-mask
    nv-implementation-color-read-format-dsa-broken
    nv-cubemap-inconsistent-compressed-image-size
    nv-cubemap-broken-full-compressed-image-query
    nv-compressed-block-size-in-bits
[20:01:41:966370]:[Warning]:[Scene] SemanticScene.h(331)::checkFileExists : ::loadSemanticSceneDescriptor: File `data/scene_datasets/habitat-test-scenes/skokloster-castle.scn` does not exist.  Aborting load.
[20:01:41:966388]:[Warning]:[Scene] SemanticScene.cpp(123)::loadSemanticSceneDescriptor : SSD File Naming Issue! Neither SemanticAttributes-provided name : `data/scene_datasets/habitat-test-scenes/skokloster-castle.scn` nor constructed filename : `data/scene_datasets/habitat-test-scenes/info_semantic.json` exist on disk.
[20:01:41:966397]:[Error]:[Scene] SemanticScene.cpp(139)::loadSemanticSceneDescriptor : SSD Load Failure! File with SemanticAttributes-provided name `data/scene_datasets/habitat-test-scenes/skokloster-castle.scn` exists but failed to load.
[20:01:42:571389]:[Warning]:[Sim] Simulator.cpp(595)::instanceStageForSceneAttributes : The active scene does not contain semantic annotations : activeSemanticSceneID_ = 0
2026-08-11 20:01:43,034 update: 2880	fps: 493.976	
2026-08-11 20:01:43,034 Num updates: 2880	Num frames 460800
2026-08-11 20:01:43,034 Average window size: 50  distance_to_goal: 0.184  distance_to_goal_reward: 0.000  reward: 5.591  spl: 0.784  success: 0.880
2026-08-11 20:01:43,035 	Perf Stats: trainer.rollout_collect: 0.286 trainer.sample_action: 0.003 trainer.obs_insert: 0.000 trainer.step_env: 0.005 trainer.update_stats: 0.001 trainer.update_agent: 0.035
2026-08-11 20:01:46,104 update: 2890	fps: 494.065	
2026-08-11 20:01:46,104 Num updates: 2890	Num frames 462400
2026-08-11 20:01:46,104 Average window size: 50  distance_to_goal: 0.181  distance_to_goal_reward: 0.000  reward: 5.530  spl: 0.788  success: 0.890
2026-08-11 20:01:46,105 	Perf Stats: trainer.rollout_collect: 0.286 trainer.sample_action: 0.003 trainer.obs_insert: 0.000 trainer.step_env: 0.005 trainer.update_stats: 0.001 trainer.update_agent: 0.035
2026-08-11 20:01:49,278 update: 2900	fps: 494.099	
2026-08-11 20:01:49,278 Num updates: 2900	Num frames 464000
2026-08-11 20:01:49,278 Average window size: 50  distance_to_goal: 0.151  distance_to_goal_reward: 0.000  reward: 5.718  spl: 0.805  success: 0.898
2026-08-11 20:01:49,278 	Perf Stats: trainer.rollout_collect: 0.286 trainer.sample_action: 0.003 trainer.obs_insert: 0.000 trainer.step_env: 0.005 trainer.update_stats: 0.001 trainer.update_agent: 0.035
2026-08-11 20:01:52,357 update: 2910	fps: 494.183	
2026-08-11 20:01:52,357 Num updates: 2910	Num frames 465600
2026-08-11 20:01:52,357 Average window size: 50  distance_to_goal: 0.162  distance_to_goal_reward: 0.000  reward: 5.718  spl: 0.813  success: 0.906
2026-08-11 20:01:52,357 	Perf Stats: trainer.rollout_collect: 0.286 trainer.sample_action: 0.003 trainer.obs_insert: 0.000 trainer.step_env: 0.005 trainer.update_stats: 0.001 trainer.update_agent: 0.035
2026-08-11 20:01:55,450 update: 2920	fps: 494.258	
2026-08-11 20:01:55,450 Num updates: 2920	Num frames 467200
2026-08-11 20:01:55,451 Average window size: 50  distance_to_goal: 0.135  distance_to_goal_reward: 0.000  reward: 5.819  spl: 0.829  success: 0.927
2026-08-11 20:01:55,451 	Perf Stats: trainer.rollout_collect: 0.286 trainer.sample_action: 0.003 trainer.obs_insert: 0.000 trainer.step_env: 0.005 trainer.update_stats: 0.001 trainer.update_agent: 0.035
2026-08-11 20:01:58,519 update: 2930	fps: 494.346	
2026-08-11 20:01:58,520 Num updates: 2930	Num frames 468800
2026-08-11 20:01:58,520 Average window size: 50  distance_to_goal: 0.165  distance_to_goal_reward: 0.000  reward: 5.899  spl: 0.826  success: 0.925
2026-08-11 20:01:58,520 	Perf Stats: trainer.rollout_collect: 0.286 trainer.sample_action: 0.003 trainer.obs_insert: 0.000 trainer.step_env: 0.005 trainer.update_stats: 0.001 trainer.update_agent: 0.035
2026-08-11 20:02:01,622 update: 2940	fps: 494.416	
2026-08-11 20:02:01,622 Num updates: 2940	Num frames 470400
2026-08-11 20:02:01,622 Average window size: 50  distance_to_goal: 0.186  distance_to_goal_reward: 0.000  reward: 5.891  spl: 0.821  success: 0.921
2026-08-11 20:02:01,622 	Perf Stats: trainer.rollout_collect: 0.286 trainer.sample_action: 0.003 trainer.obs_insert: 0.000 trainer.step_env: 0.005 trainer.update_stats: 0.001 trainer.update_agent: 0.035
PluginManager::Manager: duplicate static plugin StbImageImporter, ignoring
PluginManager::Manager: duplicate static plugin GltfImporter, ignoring
PluginManager::Manager: duplicate static plugin BasisImporter, ignoring
PluginManager::Manager: duplicate static plugin AssimpImporter, ignoring
PluginManager::Manager: duplicate static plugin AnySceneImporter, ignoring
PluginManager::Manager: duplicate static plugin AnyImageImporter, ignoring
Renderer: NVIDIA GeForce RTX 4070/PCIe/SSE2 by NVIDIA Corporation
OpenGL version: 4.6.0 NVIDIA 580.173.02
Using optional features:
    GL_ARB_vertex_array_object
    GL_ARB_separate_shader_objects
    GL_ARB_robustness
    GL_ARB_texture_storage
    GL_ARB_texture_view
    GL_ARB_framebuffer_no_attachments
    GL_ARB_invalidate_subdata
    GL_ARB_texture_storage_multisample
    GL_ARB_multi_bind
    GL_ARB_direct_state_access
    GL_ARB_get_texture_sub_image
    GL_ARB_texture_filter_anisotropic
    GL_KHR_debug
    GL_KHR_parallel_shader_compile
    GL_NV_depth_buffer_float
Using driver workarounds:
    no-forward-compatible-core-context
    nv-egl-incorrect-gl11-function-pointers
    no-layout-qualifiers-on-old-glsl
    nv-zero-context-profile-mask
    nv-implementation-color-read-format-dsa-broken
    nv-cubemap-inconsistent-compressed-image-size
    nv-cubemap-broken-full-compressed-image-query
    nv-compressed-block-size-in-bits
[20:02:02:447209]:[Warning]:[Scene] SemanticScene.h(331)::checkFileExists : ::loadSemanticSceneDescriptor: File `data/scene_datasets/habitat-test-scenes/skokloster-castle.scn` does not exist.  Aborting load.
[20:02:02:447227]:[Warning]:[Scene] SemanticScene.cpp(123)::loadSemanticSceneDescriptor : SSD File Naming Issue! Neither SemanticAttributes-provided name : `data/scene_datasets/habitat-test-scenes/skokloster-castle.scn` nor constructed filename : `data/scene_datasets/habitat-test-scenes/info_semantic.json` exist on disk.
[20:02:02:447232]:[Error]:[Scene] SemanticScene.cpp(139)::loadSemanticSceneDescriptor : SSD Load Failure! File with SemanticAttributes-provided name `data/scene_datasets/habitat-test-scenes/skokloster-castle.scn` exists but failed to load.
[20:02:03:053022]:[Warning]:[Sim] Simulator.cpp(595)::instanceStageForSceneAttributes : The active scene does not contain semantic annotations : activeSemanticSceneID_ = 0
2026-08-11 20:02:05,345 update: 2950	fps: 494.164	
2026-08-11 20:02:05,345 Num updates: 2950	Num frames 472000
2026-08-11 20:02:05,345 Average window size: 50  distance_to_goal: 0.191  distance_to_goal_reward: 0.000  reward: 5.835  spl: 0.809  success: 0.910
2026-08-11 20:02:05,345 	Perf Stats: trainer.rollout_collect: 0.286 trainer.sample_action: 0.003 trainer.obs_insert: 0.000 trainer.step_env: 0.005 trainer.update_stats: 0.001 trainer.update_agent: 0.035
2026-08-11 20:02:08,492 update: 2960	fps: 494.210	
2026-08-11 20:02:08,492 Num updates: 2960	Num frames 473600
2026-08-11 20:02:08,492 Average window size: 50  distance_to_goal: 0.288  distance_to_goal_reward: -0.000  reward: 5.754  spl: 0.781  success: 0.890
2026-08-11 20:02:08,492 	Perf Stats: trainer.rollout_collect: 0.286 trainer.sample_action: 0.003 trainer.obs_insert: 0.000 trainer.step_env: 0.005 trainer.update_stats: 0.001 trainer.update_agent: 0.035
2026-08-11 20:02:11,593 update: 2970	fps: 494.280	
2026-08-11 20:02:11,593 Num updates: 2970	Num frames 475200
2026-08-11 20:02:11,593 Average window size: 50  distance_to_goal: 0.313  distance_to_goal_reward: -0.000  reward: 5.876  spl: 0.769  success: 0.879
2026-08-11 20:02:11,593 	Perf Stats: trainer.rollout_collect: 0.286 trainer.sample_action: 0.003 trainer.obs_insert: 0.000 trainer.step_env: 0.005 trainer.update_stats: 0.001 trainer.update_agent: 0.035
2026-08-11 20:02:14,703 update: 2980	fps: 494.345	
2026-08-11 20:02:14,703 Num updates: 2980	Num frames 476800
2026-08-11 20:02:14,703 Average window size: 50  distance_to_goal: 0.357  distance_to_goal_reward: -0.000  reward: 5.780  spl: 0.758  success: 0.866
2026-08-11 20:02:14,703 	Perf Stats: trainer.rollout_collect: 0.286 trainer.sample_action: 0.003 trainer.obs_insert: 0.000 trainer.step_env: 0.005 trainer.update_stats: 0.001 trainer.update_agent: 0.035
PluginManager::Manager: duplicate static plugin StbImageImporter, ignoring
PluginManager::Manager: duplicate static plugin GltfImporter, ignoring
PluginManager::Manager: duplicate static plugin BasisImporter, ignoring
PluginManager::Manager: duplicate static plugin AssimpImporter, ignoring
PluginManager::Manager: duplicate static plugin AnySceneImporter, ignoring
PluginManager::Manager: duplicate static plugin AnyImageImporter, ignoring
Renderer: NVIDIA GeForce RTX 4070/PCIe/SSE2 by NVIDIA Corporation
OpenGL version: 4.6.0 NVIDIA 580.173.02
Using optional features:
    GL_ARB_vertex_array_object
    GL_ARB_separate_shader_objects
    GL_ARB_robustness
    GL_ARB_texture_storage
    GL_ARB_texture_view
    GL_ARB_framebuffer_no_attachments
    GL_ARB_invalidate_subdata
    GL_ARB_texture_storage_multisample
    GL_ARB_multi_bind
    GL_ARB_direct_state_access
    GL_ARB_get_texture_sub_image
    GL_ARB_texture_filter_anisotropic
    GL_KHR_debug
    GL_KHR_parallel_shader_compile
    GL_NV_depth_buffer_float
Using driver workarounds:
    no-forward-compatible-core-context
    nv-egl-incorrect-gl11-function-pointers
    no-layout-qualifiers-on-old-glsl
    nv-zero-context-profile-mask
    nv-implementation-color-read-format-dsa-broken
    nv-cubemap-inconsistent-compressed-image-size
    nv-cubemap-broken-full-compressed-image-query
    nv-compressed-block-size-in-bits
[20:02:16:851252]:[Warning]:[Scene] SemanticScene.h(331)::checkFileExists : ::loadSemanticSceneDescriptor: File `data/scene_datasets/habitat-test-scenes/van-gogh-room.scn` does not exist.  Aborting load.
[20:02:16:851269]:[Warning]:[Scene] SemanticScene.cpp(123)::loadSemanticSceneDescriptor : SSD File Naming Issue! Neither SemanticAttributes-provided name : `data/scene_datasets/habitat-test-scenes/van-gogh-room.scn` nor constructed filename : `data/scene_datasets/habitat-test-scenes/info_semantic.json` exist on disk.
[20:02:16:851274]:[Error]:[Scene] SemanticScene.cpp(139)::loadSemanticSceneDescriptor : SSD Load Failure! File with SemanticAttributes-provided name `data/scene_datasets/habitat-test-scenes/van-gogh-room.scn` exists but failed to load.
[20:02:17:282351]:[Warning]:[Sim] Simulator.cpp(595)::instanceStageForSceneAttributes : The active scene does not contain semantic annotations : activeSemanticSceneID_ = 0
2026-08-11 20:02:18,249 update: 2990	fps: 494.187	
2026-08-11 20:02:18,250 Num updates: 2990	Num frames 478400
2026-08-11 20:02:18,250 Average window size: 50  distance_to_goal: 0.380  distance_to_goal_reward: -0.001  reward: 5.890  spl: 0.767  success: 0.876
2026-08-11 20:02:18,250 	Perf Stats: trainer.rollout_collect: 0.286 trainer.sample_action: 0.003 trainer.obs_insert: 0.000 trainer.step_env: 0.005 trainer.update_stats: 0.001 trainer.update_agent: 0.035
2026-08-11 20:02:21,448 update: 3000	fps: 494.207	
2026-08-11 20:02:21,449 Num updates: 3000	Num frames 480000
2026-08-11 20:02:21,449 Average window size: 50  distance_to_goal: 0.383  distance_to_goal_reward: -0.001  reward: 5.824  spl: 0.774  success: 0.884
2026-08-11 20:02:21,449 	Perf Stats: trainer.rollout_collect: 0.286 trainer.sample_action: 0.003 trainer.obs_insert: 0.000 trainer.step_env: 0.005 trainer.update_stats: 0.001 trainer.update_agent: 0.035
2026-08-11 20:02:24,580 update: 3010	fps: 494.261	
2026-08-11 20:02:24,580 Num updates: 3010	Num frames 481600
2026-08-11 20:02:24,580 Average window size: 50  distance_to_goal: 0.309  distance_to_goal_reward: -0.000  reward: 5.901  spl: 0.776  success: 0.884
2026-08-11 20:02:24,580 	Perf Stats: trainer.rollout_collect: 0.286 trainer.sample_action: 0.003 trainer.obs_insert: 0.000 trainer.step_env: 0.005 trainer.update_stats: 0.001 trainer.update_agent: 0.035
2026-08-11 20:02:27,659 update: 3020	fps: 494.341	
2026-08-11 20:02:27,659 Num updates: 3020	Num frames 483200
2026-08-11 20:02:27,659 Average window size: 50  distance_to_goal: 0.275  distance_to_goal_reward: -0.000  reward: 6.042  spl: 0.798  success: 0.901
2026-08-11 20:02:27,659 	Perf Stats: trainer.rollout_collect: 0.286 trainer.sample_action: 0.003 trainer.obs_insert: 0.000 trainer.step_env: 0.005 trainer.update_stats: 0.001 trainer.update_agent: 0.035
2026-08-11 20:02:30,752 update: 3030	fps: 494.413	
2026-08-11 20:02:30,752 Num updates: 3030	Num frames 484800
2026-08-11 20:02:30,752 Average window size: 50  distance_to_goal: 0.201  distance_to_goal_reward: -0.000  reward: 5.937  spl: 0.791  success: 0.887
2026-08-11 20:02:30,752 	Perf Stats: trainer.rollout_collect: 0.286 trainer.sample_action: 0.003 trainer.obs_insert: 0.000 trainer.step_env: 0.005 trainer.update_stats: 0.001 trainer.update_agent: 0.035
2026-08-11 20:02:33,860 update: 3040	fps: 494.477	
2026-08-11 20:02:33,869 Num updates: 3040	Num frames 486400
2026-08-11 20:02:33,869 Average window size: 50  distance_to_goal: 0.198  distance_to_goal_reward: -0.000  reward: 6.052  spl: 0.795  success: 0.891
2026-08-11 20:02:33,869 	Perf Stats: trainer.rollout_collect: 0.286 trainer.sample_action: 0.003 trainer.obs_insert: 0.000 trainer.step_env: 0.005 trainer.update_stats: 0.001 trainer.update_agent: 0.035
2026-08-11 20:02:36,947 update: 3050	fps: 494.552	
2026-08-11 20:02:36,947 Num updates: 3050	Num frames 488000
2026-08-11 20:02:36,947 Average window size: 50  distance_to_goal: 0.143  distance_to_goal_reward: 0.000  reward: 6.355  spl: 0.811  success: 0.904
2026-08-11 20:02:36,947 	Perf Stats: trainer.rollout_collect: 0.286 trainer.sample_action: 0.003 trainer.obs_insert: 0.000 trainer.step_env: 0.005 trainer.update_stats: 0.001 trainer.update_agent: 0.035
2026-08-11 20:02:40,023 update: 3060	fps: 494.632	
2026-08-11 20:02:40,024 Num updates: 3060	Num frames 489600
2026-08-11 20:02:40,024 Average window size: 50  distance_to_goal: 0.219  distance_to_goal_reward: 0.000  reward: 6.054  spl: 0.797  success: 0.890
2026-08-11 20:02:40,024 	Perf Stats: trainer.rollout_collect: 0.286 trainer.sample_action: 0.003 trainer.obs_insert: 0.000 trainer.step_env: 0.005 trainer.update_stats: 0.001 trainer.update_agent: 0.035
2026-08-11 20:02:43,090 update: 3070	fps: 494.715	
2026-08-11 20:02:43,090 Num updates: 3070	Num frames 491200
2026-08-11 20:02:43,090 Average window size: 50  distance_to_goal: 0.288  distance_to_goal_reward: 0.000  reward: 5.845  spl: 0.780  success: 0.877
2026-08-11 20:02:43,090 	Perf Stats: trainer.rollout_collect: 0.286 trainer.sample_action: 0.003 trainer.obs_insert: 0.000 trainer.step_env: 0.005 trainer.update_stats: 0.001 trainer.update_agent: 0.035
PluginManager::Manager: duplicate static plugin StbImageImporter, ignoring
PluginManager::Manager: duplicate static plugin GltfImporter, ignoring
PluginManager::Manager: duplicate static plugin BasisImporter, ignoring
PluginManager::Manager: duplicate static plugin AssimpImporter, ignoring
PluginManager::Manager: duplicate static plugin AnySceneImporter, ignoring
PluginManager::Manager: duplicate static plugin AnyImageImporter, ignoring
Renderer: NVIDIA GeForce RTX 4070/PCIe/SSE2 by NVIDIA Corporation
OpenGL version: 4.6.0 NVIDIA 580.173.02
Using optional features:
    GL_ARB_vertex_array_object
    GL_ARB_separate_shader_objects
    GL_ARB_robustness
    GL_ARB_texture_storage
    GL_ARB_texture_view
    GL_ARB_framebuffer_no_attachments
    GL_ARB_invalidate_subdata
    GL_ARB_texture_storage_multisample
    GL_ARB_multi_bind
    GL_ARB_direct_state_access
    GL_ARB_get_texture_sub_image
    GL_ARB_texture_filter_anisotropic
    GL_KHR_debug
    GL_KHR_parallel_shader_compile
    GL_NV_depth_buffer_float
Using driver workarounds:
    no-forward-compatible-core-context
    nv-egl-incorrect-gl11-function-pointers
    no-layout-qualifiers-on-old-glsl
    nv-zero-context-profile-mask
    nv-implementation-color-read-format-dsa-broken
    nv-cubemap-inconsistent-compressed-image-size
    nv-cubemap-broken-full-compressed-image-query
    nv-compressed-block-size-in-bits
[20:02:45:445753]:[Warning]:[Scene] SemanticScene.h(331)::checkFileExists : ::loadSemanticSceneDescriptor: File `data/scene_datasets/habitat-test-scenes/skokloster-castle.scn` does not exist.  Aborting load.
[20:02:45:445769]:[Warning]:[Scene] SemanticScene.cpp(123)::loadSemanticSceneDescriptor : SSD File Naming Issue! Neither SemanticAttributes-provided name : `data/scene_datasets/habitat-test-scenes/skokloster-castle.scn` nor constructed filename : `data/scene_datasets/habitat-test-scenes/info_semantic.json` exist on disk.
[20:02:45:445774]:[Error]:[Scene] SemanticScene.cpp(139)::loadSemanticSceneDescriptor : SSD Load Failure! File with SemanticAttributes-provided name `data/scene_datasets/habitat-test-scenes/skokloster-castle.scn` exists but failed to load.
[20:02:46:049708]:[Warning]:[Sim] Simulator.cpp(595)::instanceStageForSceneAttributes : The active scene does not contain semantic annotations : activeSemanticSceneID_ = 0
2026-08-11 20:02:46,818 update: 3080	fps: 494.470	
2026-08-11 20:02:46,818 Num updates: 3080	Num frames 492800
2026-08-11 20:02:46,818 Average window size: 50  distance_to_goal: 0.273  distance_to_goal_reward: 0.000  reward: 6.004  spl: 0.797  success: 0.900
2026-08-11 20:02:46,818 	Perf Stats: trainer.rollout_collect: 0.286 trainer.sample_action: 0.003 trainer.obs_insert: 0.000 trainer.step_env: 0.005 trainer.update_stats: 0.001 trainer.update_agent: 0.035
2026-08-11 20:02:49,965 update: 3090	fps: 494.514	
2026-08-11 20:02:49,966 Num updates: 3090	Num frames 494400
2026-08-11 20:02:49,966 Average window size: 50  distance_to_goal: 0.279  distance_to_goal_reward: 0.000  reward: 5.974  spl: 0.782  success: 0.880
2026-08-11 20:02:49,966 	Perf Stats: trainer.rollout_collect: 0.286 trainer.sample_action: 0.003 trainer.obs_insert: 0.000 trainer.step_env: 0.005 trainer.update_stats: 0.001 trainer.update_agent: 0.035
2026-08-11 20:02:53,175 update: 3100	fps: 494.527	
2026-08-11 20:02:53,175 Num updates: 3100	Num frames 496000
2026-08-11 20:02:53,175 Average window size: 50  distance_to_goal: 0.305  distance_to_goal_reward: 0.000  reward: 5.953  spl: 0.786  success: 0.883
2026-08-11 20:02:53,175 	Perf Stats: trainer.rollout_collect: 0.286 trainer.sample_action: 0.003 trainer.obs_insert: 0.000 trainer.step_env: 0.005 trainer.update_stats: 0.001 trainer.update_agent: 0.035
2026-08-11 20:02:56,297 update: 3110	fps: 494.583	
2026-08-11 20:02:56,297 Num updates: 3110	Num frames 497600
2026-08-11 20:02:56,297 Average window size: 50  distance_to_goal: 0.283  distance_to_goal_reward: 0.000  reward: 6.084  spl: 0.788  success: 0.883
2026-08-11 20:02:56,297 	Perf Stats: trainer.rollout_collect: 0.286 trainer.sample_action: 0.003 trainer.obs_insert: 0.000 trainer.step_env: 0.005 trainer.update_stats: 0.001 trainer.update_agent: 0.035
2026-08-11 20:02:59,435 update: 3120	fps: 494.630	
2026-08-11 20:02:59,444 Num updates: 3120	Num frames 499200
2026-08-11 20:02:59,444 Average window size: 50  distance_to_goal: 0.332  distance_to_goal_reward: 0.000  reward: 6.216  spl: 0.789  success: 0.886
2026-08-11 20:02:59,444 	Perf Stats: trainer.rollout_collect: 0.286 trainer.sample_action: 0.003 trainer.obs_insert: 0.000 trainer.step_env: 0.005 trainer.update_stats: 0.001 trainer.update_agent: 0.035
2026-08-11 20:03:02,662 update: 3130	fps: 494.634	
2026-08-11 20:03:02,662 Num updates: 3130	Num frames 500800
2026-08-11 20:03:02,662 Average window size: 50  distance_to_goal: 0.337  distance_to_goal_reward: 0.000  reward: 6.209  spl: 0.789  success: 0.885
2026-08-11 20:03:02,662 	Perf Stats: trainer.rollout_collect: 0.286 trainer.sample_action: 0.003 trainer.obs_insert: 0.000 trainer.step_env: 0.005 trainer.update_stats: 0.001 trainer.update_agent: 0.035
2026-08-11 20:03:05,785 update: 3140	fps: 494.688	
2026-08-11 20:03:05,786 Num updates: 3140	Num frames 502400
2026-08-11 20:03:05,786 Average window size: 50  distance_to_goal: 0.497  distance_to_goal_reward: 0.000  reward: 5.843  spl: 0.763  success: 0.858
2026-08-11 20:03:05,786 	Perf Stats: trainer.rollout_collect: 0.286 trainer.sample_action: 0.003 trainer.obs_insert: 0.000 trainer.step_env: 0.005 trainer.update_stats: 0.001 trainer.update_agent: 0.035
2026-08-11 20:03:08,928 update: 3150	fps: 494.733	
2026-08-11 20:03:08,928 Num updates: 3150	Num frames 504000
2026-08-11 20:03:08,928 Average window size: 50  distance_to_goal: 0.502  distance_to_goal_reward: 0.000  reward: 5.537  spl: 0.748  success: 0.847
2026-08-11 20:03:08,928 	Perf Stats: trainer.rollout_collect: 0.286 trainer.sample_action: 0.003 trainer.obs_insert: 0.000 trainer.step_env: 0.005 trainer.update_stats: 0.001 trainer.update_agent: 0.035
2026-08-11 20:03:12,050 update: 3160	fps: 494.787	
2026-08-11 20:03:12,050 Num updates: 3160	Num frames 505600
2026-08-11 20:03:12,050 Average window size: 50  distance_to_goal: 0.513  distance_to_goal_reward: 0.000  reward: 5.636  spl: 0.750  success: 0.860
2026-08-11 20:03:12,050 	Perf Stats: trainer.rollout_collect: 0.286 trainer.sample_action: 0.003 trainer.obs_insert: 0.000 trainer.step_env: 0.005 trainer.update_stats: 0.001 trainer.update_agent: 0.035
2026-08-11 20:03:15,199 update: 3170	fps: 494.828	
2026-08-11 20:03:15,199 Num updates: 3170	Num frames 507200
2026-08-11 20:03:15,199 Average window size: 50  distance_to_goal: 0.390  distance_to_goal_reward: 0.000  reward: 5.570  spl: 0.741  success: 0.860
2026-08-11 20:03:15,200 	Perf Stats: trainer.rollout_collect: 0.286 trainer.sample_action: 0.003 trainer.obs_insert: 0.000 trainer.step_env: 0.005 trainer.update_stats: 0.001 trainer.update_agent: 0.035
2026-08-11 20:03:18,372 update: 3180	fps: 494.857	
2026-08-11 20:03:18,372 Num updates: 3180	Num frames 508800
2026-08-11 20:03:18,372 Average window size: 50  distance_to_goal: 0.371  distance_to_goal_reward: 0.000  reward: 6.221  spl: 0.771  success: 0.892
2026-08-11 20:03:18,373 	Perf Stats: trainer.rollout_collect: 0.286 trainer.sample_action: 0.003 trainer.obs_insert: 0.000 trainer.step_env: 0.005 trainer.update_stats: 0.001 trainer.update_agent: 0.035
2026-08-11 20:03:21,542 update: 3190	fps: 494.887	
2026-08-11 20:03:21,542 Num updates: 3190	Num frames 510400
2026-08-11 20:03:21,542 Average window size: 50  distance_to_goal: 0.215  distance_to_goal_reward: 0.000  reward: 6.784  spl: 0.793  success: 0.927
2026-08-11 20:03:21,542 	Perf Stats: trainer.rollout_collect: 0.286 trainer.sample_action: 0.003 trainer.obs_insert: 0.000 trainer.step_env: 0.005 trainer.update_stats: 0.001 trainer.update_agent: 0.035
2026-08-11 20:03:24,769 update: 3200	fps: 494.890	
2026-08-11 20:03:24,778 Num updates: 3200	Num frames 512000
2026-08-11 20:03:24,778 Average window size: 50  distance_to_goal: 0.271  distance_to_goal_reward: 0.000  reward: 6.997  spl: 0.800  success: 0.937
2026-08-11 20:03:24,778 	Perf Stats: trainer.rollout_collect: 0.286 trainer.sample_action: 0.003 trainer.obs_insert: 0.000 trainer.step_env: 0.005 trainer.update_stats: 0.001 trainer.update_agent: 0.035
PluginManager::Manager: duplicate static plugin StbImageImporter, ignoring
PluginManager::Manager: duplicate static plugin GltfImporter, ignoring
PluginManager::Manager: duplicate static plugin BasisImporter, ignoring
PluginManager::Manager: duplicate static plugin AssimpImporter, ignoring
PluginManager::Manager: duplicate static plugin AnySceneImporter, ignoring
PluginManager::Manager: duplicate static plugin AnyImageImporter, ignoring
Renderer: NVIDIA GeForce RTX 4070/PCIe/SSE2 by NVIDIA Corporation
OpenGL version: 4.6.0 NVIDIA 580.173.02
Using optional features:
    GL_ARB_vertex_array_object
    GL_ARB_separate_shader_objects
    GL_ARB_robustness
    GL_ARB_texture_storage
    GL_ARB_texture_view
    GL_ARB_framebuffer_no_attachments
    GL_ARB_invalidate_subdata
    GL_ARB_texture_storage_multisample
    GL_ARB_multi_bind
    GL_ARB_direct_state_access
    GL_ARB_get_texture_sub_image
    GL_ARB_texture_filter_anisotropic
    GL_KHR_debug
    GL_KHR_parallel_shader_compile
    GL_NV_depth_buffer_float
Using driver workarounds:
    no-forward-compatible-core-context
    nv-egl-incorrect-gl11-function-pointers
    no-layout-qualifiers-on-old-glsl
    nv-zero-context-profile-mask
    nv-implementation-color-read-format-dsa-broken
    nv-cubemap-inconsistent-compressed-image-size
    nv-cubemap-broken-full-compressed-image-query
    nv-compressed-block-size-in-bits
[20:03:27:558628]:[Warning]:[Scene] SemanticScene.h(331)::checkFileExists : ::loadSemanticSceneDescriptor: File `data/scene_datasets/habitat-test-scenes/van-gogh-room.scn` does not exist.  Aborting load.
[20:03:27:558644]:[Warning]:[Scene] SemanticScene.cpp(123)::loadSemanticSceneDescriptor : SSD File Naming Issue! Neither SemanticAttributes-provided name : `data/scene_datasets/habitat-test-scenes/van-gogh-room.scn` nor constructed filename : `data/scene_datasets/habitat-test-scenes/info_semantic.json` exist on disk.
[20:03:27:558649]:[Error]:[Scene] SemanticScene.cpp(139)::loadSemanticSceneDescriptor : SSD Load Failure! File with SemanticAttributes-provided name `data/scene_datasets/habitat-test-scenes/van-gogh-room.scn` exists but failed to load.
[20:03:27:990386]:[Warning]:[Sim] Simulator.cpp(595)::instanceStageForSceneAttributes : The active scene does not contain semantic annotations : activeSemanticSceneID_ = 0
2026-08-11 20:03:28,388 update: 3210	fps: 494.706	
2026-08-11 20:03:28,389 Num updates: 3210	Num frames 513600
2026-08-11 20:03:28,389 Average window size: 50  distance_to_goal: 0.284  distance_to_goal_reward: 0.000  reward: 6.869  spl: 0.807  success: 0.941
2026-08-11 20:03:28,389 	Perf Stats: trainer.rollout_collect: 0.286 trainer.sample_action: 0.003 trainer.obs_insert: 0.000 trainer.step_env: 0.005 trainer.update_stats: 0.001 trainer.update_agent: 0.035
PluginManager::Manager: duplicate static plugin StbImageImporter, ignoring
PluginManager::Manager: duplicate static plugin GltfImporter, ignoring
PluginManager::Manager: duplicate static plugin BasisImporter, ignoring
PluginManager::Manager: duplicate static plugin AssimpImporter, ignoring
PluginManager::Manager: duplicate static plugin AnySceneImporter, ignoring
PluginManager::Manager: duplicate static plugin AnyImageImporter, ignoring
Renderer: NVIDIA GeForce RTX 4070/PCIe/SSE2 by NVIDIA Corporation
OpenGL version: 4.6.0 NVIDIA 580.173.02
Using optional features:
    GL_ARB_vertex_array_object
    GL_ARB_separate_shader_objects
    GL_ARB_robustness
    GL_ARB_texture_storage
    GL_ARB_texture_view
    GL_ARB_framebuffer_no_attachments
    GL_ARB_invalidate_subdata
    GL_ARB_texture_storage_multisample
    GL_ARB_multi_bind
    GL_ARB_direct_state_access
    GL_ARB_get_texture_sub_image
    GL_ARB_texture_filter_anisotropic
    GL_KHR_debug
    GL_KHR_parallel_shader_compile
    GL_NV_depth_buffer_float
Using driver workarounds:
    no-forward-compatible-core-context
    nv-egl-incorrect-gl11-function-pointers
    no-layout-qualifiers-on-old-glsl
    nv-zero-context-profile-mask
    nv-implementation-color-read-format-dsa-broken
    nv-cubemap-inconsistent-compressed-image-size
    nv-cubemap-broken-full-compressed-image-query
    nv-compressed-block-size-in-bits
[20:03:29:487580]:[Warning]:[Scene] SemanticScene.h(331)::checkFileExists : ::loadSemanticSceneDescriptor: File `data/scene_datasets/habitat-test-scenes/skokloster-castle.scn` does not exist.  Aborting load.
[20:03:29:487596]:[Warning]:[Scene] SemanticScene.cpp(123)::loadSemanticSceneDescriptor : SSD File Naming Issue! Neither SemanticAttributes-provided name : `data/scene_datasets/habitat-test-scenes/skokloster-castle.scn` nor constructed filename : `data/scene_datasets/habitat-test-scenes/info_semantic.json` exist on disk.
[20:03:29:487601]:[Error]:[Scene] SemanticScene.cpp(139)::loadSemanticSceneDescriptor : SSD Load Failure! File with SemanticAttributes-provided name `data/scene_datasets/habitat-test-scenes/skokloster-castle.scn` exists but failed to load.
[20:03:30:105488]:[Warning]:[Sim] Simulator.cpp(595)::instanceStageForSceneAttributes : The active scene does not contain semantic annotations : activeSemanticSceneID_ = 0
2026-08-11 20:03:32,164 update: 3220	fps: 494.449	
2026-08-11 20:03:32,172 Num updates: 3220	Num frames 515200
2026-08-11 20:03:32,172 Average window size: 50  distance_to_goal: 0.321  distance_to_goal_reward: 0.000  reward: 6.895  spl: 0.815  success: 0.941
2026-08-11 20:03:32,172 	Perf Stats: trainer.rollout_collect: 0.286 trainer.sample_action: 0.003 trainer.obs_insert: 0.000 trainer.step_env: 0.005 trainer.update_stats: 0.001 trainer.update_agent: 0.035
PluginManager::Manager: duplicate static plugin StbImageImporter, ignoring
PluginManager::Manager: duplicate static plugin GltfImporter, ignoring
PluginManager::Manager: duplicate static plugin BasisImporter, ignoring
PluginManager::Manager: duplicate static plugin AssimpImporter, ignoring
PluginManager::Manager: duplicate static plugin AnySceneImporter, ignoring
PluginManager::Manager: duplicate static plugin AnyImageImporter, ignoring
Renderer: NVIDIA GeForce RTX 4070/PCIe/SSE2 by NVIDIA Corporation
OpenGL version: 4.6.0 NVIDIA 580.173.02
Using optional features:
    GL_ARB_vertex_array_object
    GL_ARB_separate_shader_objects
    GL_ARB_robustness
    GL_ARB_texture_storage
    GL_ARB_texture_view
    GL_ARB_framebuffer_no_attachments
    GL_ARB_invalidate_subdata
    GL_ARB_texture_storage_multisample
    GL_ARB_multi_bind
    GL_ARB_direct_state_access
    GL_ARB_get_texture_sub_image
    GL_ARB_texture_filter_anisotropic
    GL_KHR_debug
    GL_KHR_parallel_shader_compile
    GL_NV_depth_buffer_float
Using driver workarounds:
    no-forward-compatible-core-context
    nv-egl-incorrect-gl11-function-pointers
    no-layout-qualifiers-on-old-glsl
    nv-zero-context-profile-mask
    nv-implementation-color-read-format-dsa-broken
    nv-cubemap-inconsistent-compressed-image-size
    nv-cubemap-broken-full-compressed-image-query
    nv-compressed-block-size-in-bits
[20:03:33:153774]:[Warning]:[Scene] SemanticScene.h(331)::checkFileExists : ::loadSemanticSceneDescriptor: File `data/scene_datasets/habitat-test-scenes/van-gogh-room.scn` does not exist.  Aborting load.
[20:03:33:153791]:[Warning]:[Scene] SemanticScene.cpp(123)::loadSemanticSceneDescriptor : SSD File Naming Issue! Neither SemanticAttributes-provided name : `data/scene_datasets/habitat-test-scenes/van-gogh-room.scn` nor constructed filename : `data/scene_datasets/habitat-test-scenes/info_semantic.json` exist on disk.
[20:03:33:153796]:[Error]:[Scene] SemanticScene.cpp(139)::loadSemanticSceneDescriptor : SSD Load Failure! File with SemanticAttributes-provided name `data/scene_datasets/habitat-test-scenes/van-gogh-room.scn` exists but failed to load.
[20:03:33:585321]:[Warning]:[Sim] Simulator.cpp(595)::instanceStageForSceneAttributes : The active scene does not contain semantic annotations : activeSemanticSceneID_ = 0
2026-08-11 20:03:35,717 update: 3230	fps: 494.299	
2026-08-11 20:03:35,717 Num updates: 3230	Num frames 516800
2026-08-11 20:03:35,717 Average window size: 50  distance_to_goal: 0.324  distance_to_goal_reward: 0.000  reward: 6.651  spl: 0.818  success: 0.947
2026-08-11 20:03:35,718 	Perf Stats: trainer.rollout_collect: 0.286 trainer.sample_action: 0.003 trainer.obs_insert: 0.000 trainer.step_env: 0.005 trainer.update_stats: 0.001 trainer.update_agent: 0.035
2026-08-11 20:03:38,824 update: 3240	fps: 494.360	
2026-08-11 20:03:38,824 Num updates: 3240	Num frames 518400
2026-08-11 20:03:38,824 Average window size: 50  distance_to_goal: 0.438  distance_to_goal_reward: 0.000  reward: 6.295  spl: 0.797  success: 0.925
2026-08-11 20:03:38,824 	Perf Stats: trainer.rollout_collect: 0.286 trainer.sample_action: 0.003 trainer.obs_insert: 0.000 trainer.step_env: 0.005 trainer.update_stats: 0.001 trainer.update_agent: 0.035
2026-08-11 20:03:41,909 update: 3250	fps: 494.431	
2026-08-11 20:03:41,909 Num updates: 3250	Num frames 520000
2026-08-11 20:03:41,909 Average window size: 50  distance_to_goal: 0.322  distance_to_goal_reward: 0.000  reward: 6.140  spl: 0.810  success: 0.925
2026-08-11 20:03:41,909 	Perf Stats: trainer.rollout_collect: 0.286 trainer.sample_action: 0.003 trainer.obs_insert: 0.000 trainer.step_env: 0.005 trainer.update_stats: 0.001 trainer.update_agent: 0.035
2026-08-11 20:03:45,031 update: 3260	fps: 494.485	
2026-08-11 20:03:45,031 Num updates: 3260	Num frames 521600
2026-08-11 20:03:45,031 Average window size: 50  distance_to_goal: 0.397  distance_to_goal_reward: 0.000  reward: 5.984  spl: 0.805  success: 0.906
2026-08-11 20:03:45,032 	Perf Stats: trainer.rollout_collect: 0.286 trainer.sample_action: 0.003 trainer.obs_insert: 0.000 trainer.step_env: 0.005 trainer.update_stats: 0.001 trainer.update_agent: 0.035
PluginManager::Manager: duplicate static plugin StbImageImporter, ignoring
PluginManager::Manager: duplicate static plugin GltfImporter, ignoring
PluginManager::Manager: duplicate static plugin BasisImporter, ignoring
PluginManager::Manager: duplicate static plugin AssimpImporter, ignoring
PluginManager::Manager: duplicate static plugin AnySceneImporter, ignoring
PluginManager::Manager: duplicate static plugin AnyImageImporter, ignoring
Renderer: NVIDIA GeForce RTX 4070/PCIe/SSE2 by NVIDIA Corporation
OpenGL version: 4.6.0 NVIDIA 580.173.02
Using optional features:
    GL_ARB_vertex_array_object
    GL_ARB_separate_shader_objects
    GL_ARB_robustness
    GL_ARB_texture_storage
    GL_ARB_texture_view
    GL_ARB_framebuffer_no_attachments
    GL_ARB_invalidate_subdata
    GL_ARB_texture_storage_multisample
    GL_ARB_multi_bind
    GL_ARB_direct_state_access
    GL_ARB_get_texture_sub_image
    GL_ARB_texture_filter_anisotropic
    GL_KHR_debug
    GL_KHR_parallel_shader_compile
    GL_NV_depth_buffer_float
Using driver workarounds:
    no-forward-compatible-core-context
    nv-egl-incorrect-gl11-function-pointers
    no-layout-qualifiers-on-old-glsl
    nv-zero-context-profile-mask
    nv-implementation-color-read-format-dsa-broken
    nv-cubemap-inconsistent-compressed-image-size
    nv-cubemap-broken-full-compressed-image-query
    nv-compressed-block-size-in-bits
[20:03:45:406303]:[Warning]:[Scene] SemanticScene.h(331)::checkFileExists : ::loadSemanticSceneDescriptor: File `data/scene_datasets/habitat-test-scenes/skokloster-castle.scn` does not exist.  Aborting load.
[20:03:45:406320]:[Warning]:[Scene] SemanticScene.cpp(123)::loadSemanticSceneDescriptor : SSD File Naming Issue! Neither SemanticAttributes-provided name : `data/scene_datasets/habitat-test-scenes/skokloster-castle.scn` nor constructed filename : `data/scene_datasets/habitat-test-scenes/info_semantic.json` exist on disk.
[20:03:45:406325]:[Error]:[Scene] SemanticScene.cpp(139)::loadSemanticSceneDescriptor : SSD Load Failure! File with SemanticAttributes-provided name `data/scene_datasets/habitat-test-scenes/skokloster-castle.scn` exists but failed to load.
[20:03:46:011048]:[Warning]:[Sim] Simulator.cpp(595)::instanceStageForSceneAttributes : The active scene does not contain semantic annotations : activeSemanticSceneID_ = 0
2026-08-11 20:03:48,793 update: 3270	fps: 494.239	
2026-08-11 20:03:48,793 Num updates: 3270	Num frames 523200
2026-08-11 20:03:48,793 Average window size: 50  distance_to_goal: 0.365  distance_to_goal_reward: 0.000  reward: 6.075  spl: 0.811  success: 0.910
2026-08-11 20:03:48,793 	Perf Stats: trainer.rollout_collect: 0.286 trainer.sample_action: 0.003 trainer.obs_insert: 0.000 trainer.step_env: 0.005 trainer.update_stats: 0.001 trainer.update_agent: 0.035
2026-08-11 20:03:51,904 update: 3280	fps: 494.298	
2026-08-11 20:03:51,904 Num updates: 3280	Num frames 524800
2026-08-11 20:03:51,904 Average window size: 50  distance_to_goal: 0.370  distance_to_goal_reward: 0.000  reward: 6.153  spl: 0.784  success: 0.887
2026-08-11 20:03:51,904 	Perf Stats: trainer.rollout_collect: 0.286 trainer.sample_action: 0.003 trainer.obs_insert: 0.000 trainer.step_env: 0.005 trainer.update_stats: 0.001 trainer.update_agent: 0.035
2026-08-11 20:03:55,067 update: 3290	fps: 494.332	
2026-08-11 20:03:55,067 Num updates: 3290	Num frames 526400
2026-08-11 20:03:55,068 Average window size: 50  distance_to_goal: 0.265  distance_to_goal_reward: 0.000  reward: 6.498  spl: 0.815  success: 0.913
2026-08-11 20:03:55,068 	Perf Stats: trainer.rollout_collect: 0.286 trainer.sample_action: 0.003 trainer.obs_insert: 0.000 trainer.step_env: 0.005 trainer.update_stats: 0.001 trainer.update_agent: 0.035
2026-08-11 20:03:58,295 update: 3300	fps: 494.336	
2026-08-11 20:03:58,296 Num updates: 3300	Num frames 528000
2026-08-11 20:03:58,296 Average window size: 50  distance_to_goal: 0.413  distance_to_goal_reward: 0.000  reward: 6.655  spl: 0.788  success: 0.905
2026-08-11 20:03:58,296 	Perf Stats: trainer.rollout_collect: 0.286 trainer.sample_action: 0.003 trainer.obs_insert: 0.000 trainer.step_env: 0.005 trainer.update_stats: 0.001 trainer.update_agent: 0.035
2026-08-11 20:04:01,440 update: 3310	fps: 494.378	
2026-08-11 20:04:01,441 Num updates: 3310	Num frames 529600
2026-08-11 20:04:01,441 Average window size: 50  distance_to_goal: 0.274  distance_to_goal_reward: 0.000  reward: 7.035  spl: 0.791  success: 0.930
2026-08-11 20:04:01,441 	Perf Stats: trainer.rollout_collect: 0.286 trainer.sample_action: 0.003 trainer.obs_insert: 0.000 trainer.step_env: 0.005 trainer.update_stats: 0.001 trainer.update_agent: 0.035
2026-08-11 20:04:04,575 update: 3320	fps: 494.425	
2026-08-11 20:04:04,575 Num updates: 3320	Num frames 531200
2026-08-11 20:04:04,575 Average window size: 50  distance_to_goal: 0.283  distance_to_goal_reward: 0.000  reward: 6.664  spl: 0.773  success: 0.903
2026-08-11 20:04:04,575 	Perf Stats: trainer.rollout_collect: 0.286 trainer.sample_action: 0.003 trainer.obs_insert: 0.000 trainer.step_env: 0.005 trainer.update_stats: 0.001 trainer.update_agent: 0.035
2026-08-11 20:04:07,704 update: 3330	fps: 494.474	
2026-08-11 20:04:07,704 Num updates: 3330	Num frames 532800
2026-08-11 20:04:07,704 Average window size: 50  distance_to_goal: 0.396  distance_to_goal_reward: 0.000  reward: 6.472  spl: 0.773  success: 0.906
2026-08-11 20:04:07,704 	Perf Stats: trainer.rollout_collect: 0.286 trainer.sample_action: 0.003 trainer.obs_insert: 0.000 trainer.step_env: 0.005 trainer.update_stats: 0.001 trainer.update_agent: 0.035
2026-08-11 20:04:10,821 update: 3340	fps: 494.529	
2026-08-11 20:04:10,821 Num updates: 3340	Num frames 534400
2026-08-11 20:04:10,821 Average window size: 50  distance_to_goal: 0.572  distance_to_goal_reward: 0.000  reward: 6.299  spl: 0.745  success: 0.883
2026-08-11 20:04:10,821 	Perf Stats: trainer.rollout_collect: 0.286 trainer.sample_action: 0.003 trainer.obs_insert: 0.000 trainer.step_env: 0.005 trainer.update_stats: 0.001 trainer.update_agent: 0.035
2026-08-11 20:04:13,946 update: 3350	fps: 494.579	
2026-08-11 20:04:13,946 Num updates: 3350	Num frames 536000
2026-08-11 20:04:13,946 Average window size: 50  distance_to_goal: 0.411  distance_to_goal_reward: 0.000  reward: 6.496  spl: 0.787  success: 0.908
2026-08-11 20:04:13,946 	Perf Stats: trainer.rollout_collect: 0.286 trainer.sample_action: 0.003 trainer.obs_insert: 0.000 trainer.step_env: 0.005 trainer.update_stats: 0.001 trainer.update_agent: 0.035
2026-08-11 20:04:17,077 update: 3360	fps: 494.626	
2026-08-11 20:04:17,077 Num updates: 3360	Num frames 537600
2026-08-11 20:04:17,077 Average window size: 50  distance_to_goal: 0.463  distance_to_goal_reward: 0.000  reward: 6.429  spl: 0.775  success: 0.888
2026-08-11 20:04:17,077 	Perf Stats: trainer.rollout_collect: 0.286 trainer.sample_action: 0.003 trainer.obs_insert: 0.000 trainer.step_env: 0.005 trainer.update_stats: 0.001 trainer.update_agent: 0.035
2026-08-11 20:04:20,182 update: 3370	fps: 494.685	
2026-08-11 20:04:20,182 Num updates: 3370	Num frames 539200
2026-08-11 20:04:20,182 Average window size: 50  distance_to_goal: 0.587  distance_to_goal_reward: 0.000  reward: 6.460  spl: 0.790  success: 0.906
2026-08-11 20:04:20,182 	Perf Stats: trainer.rollout_collect: 0.286 trainer.sample_action: 0.003 trainer.obs_insert: 0.000 trainer.step_env: 0.005 trainer.update_stats: 0.001 trainer.update_agent: 0.035
2026-08-11 20:04:23,285 update: 3380	fps: 494.745	
2026-08-11 20:04:23,285 Num updates: 3380	Num frames 540800
2026-08-11 20:04:23,285 Average window size: 50  distance_to_goal: 0.575  distance_to_goal_reward: 0.000  reward: 6.243  spl: 0.776  success: 0.889
2026-08-11 20:04:23,285 	Perf Stats: trainer.rollout_collect: 0.286 trainer.sample_action: 0.003 trainer.obs_insert: 0.000 trainer.step_env: 0.005 trainer.update_stats: 0.001 trainer.update_agent: 0.035
2026-08-11 20:04:26,414 update: 3390	fps: 494.792	
2026-08-11 20:04:26,414 Num updates: 3390	Num frames 542400
2026-08-11 20:04:26,414 Average window size: 50  distance_to_goal: 0.448  distance_to_goal_reward: 0.000  reward: 6.199  spl: 0.787  success: 0.887
2026-08-11 20:04:26,414 	Perf Stats: trainer.rollout_collect: 0.286 trainer.sample_action: 0.003 trainer.obs_insert: 0.000 trainer.step_env: 0.005 trainer.update_stats: 0.001 trainer.update_agent: 0.035
2026-08-11 20:04:29,634 update: 3400	fps: 494.798	
2026-08-11 20:04:29,634 Num updates: 3400	Num frames 544000
2026-08-11 20:04:29,634 Average window size: 50  distance_to_goal: 0.500  distance_to_goal_reward: 0.000  reward: 5.846  spl: 0.775  success: 0.874
2026-08-11 20:04:29,634 	Perf Stats: trainer.rollout_collect: 0.286 trainer.sample_action: 0.003 trainer.obs_insert: 0.000 trainer.step_env: 0.005 trainer.update_stats: 0.001 trainer.update_agent: 0.035
2026-08-11 20:04:32,764 update: 3410	fps: 494.844	
2026-08-11 20:04:32,764 Num updates: 3410	Num frames 545600
2026-08-11 20:04:32,764 Average window size: 50  distance_to_goal: 0.671  distance_to_goal_reward: 0.000  reward: 5.597  spl: 0.761  success: 0.856
2026-08-11 20:04:32,764 	Perf Stats: trainer.rollout_collect: 0.286 trainer.sample_action: 0.003 trainer.obs_insert: 0.000 trainer.step_env: 0.005 trainer.update_stats: 0.001 trainer.update_agent: 0.035
2026-08-11 20:04:35,891 update: 3420	fps: 494.892	
2026-08-11 20:04:35,891 Num updates: 3420	Num frames 547200
2026-08-11 20:04:35,891 Average window size: 50  distance_to_goal: 0.591  distance_to_goal_reward: 0.001  reward: 5.712  spl: 0.772  success: 0.860
2026-08-11 20:04:35,891 	Perf Stats: trainer.rollout_collect: 0.286 trainer.sample_action: 0.003 trainer.obs_insert: 0.000 trainer.step_env: 0.005 trainer.update_stats: 0.001 trainer.update_agent: 0.035
2026-08-11 20:04:39,041 update: 3430	fps: 494.929	
2026-08-11 20:04:39,041 Num updates: 3430	Num frames 548800
2026-08-11 20:04:39,041 Average window size: 50  distance_to_goal: 0.458  distance_to_goal_reward: 0.001  reward: 5.857  spl: 0.800  success: 0.882
2026-08-11 20:04:39,042 	Perf Stats: trainer.rollout_collect: 0.286 trainer.sample_action: 0.003 trainer.obs_insert: 0.000 trainer.step_env: 0.005 trainer.update_stats: 0.001 trainer.update_agent: 0.035
PluginManager::Manager: duplicate static plugin StbImageImporter, ignoring
PluginManager::Manager: duplicate static plugin GltfImporter, ignoring
PluginManager::Manager: duplicate static plugin BasisImporter, ignoring
PluginManager::Manager: duplicate static plugin AssimpImporter, ignoring
PluginManager::Manager: duplicate static plugin AnySceneImporter, ignoring
PluginManager::Manager: duplicate static plugin AnyImageImporter, ignoring
Renderer: NVIDIA GeForce RTX 4070/PCIe/SSE2 by NVIDIA Corporation
OpenGL version: 4.6.0 NVIDIA 580.173.02
Using optional features:
    GL_ARB_vertex_array_object
    GL_ARB_separate_shader_objects
    GL_ARB_robustness
    GL_ARB_texture_storage
    GL_ARB_texture_view
    GL_ARB_framebuffer_no_attachments
    GL_ARB_invalidate_subdata
    GL_ARB_texture_storage_multisample
    GL_ARB_multi_bind
    GL_ARB_direct_state_access
    GL_ARB_get_texture_sub_image
    GL_ARB_texture_filter_anisotropic
    GL_KHR_debug
    GL_KHR_parallel_shader_compile
    GL_NV_depth_buffer_float
Using driver workarounds:
    no-forward-compatible-core-context
    nv-egl-incorrect-gl11-function-pointers
    no-layout-qualifiers-on-old-glsl
    nv-zero-context-profile-mask
    nv-implementation-color-read-format-dsa-broken
    nv-cubemap-inconsistent-compressed-image-size
    nv-cubemap-broken-full-compressed-image-query
    nv-compressed-block-size-in-bits
[20:04:40:404907]:[Warning]:[Scene] SemanticScene.h(331)::checkFileExists : ::loadSemanticSceneDescriptor: File `data/scene_datasets/habitat-test-scenes/van-gogh-room.scn` does not exist.  Aborting load.
[20:04:40:404924]:[Warning]:[Scene] SemanticScene.cpp(123)::loadSemanticSceneDescriptor : SSD File Naming Issue! Neither SemanticAttributes-provided name : `data/scene_datasets/habitat-test-scenes/van-gogh-room.scn` nor constructed filename : `data/scene_datasets/habitat-test-scenes/info_semantic.json` exist on disk.
[20:04:40:404929]:[Error]:[Scene] SemanticScene.cpp(139)::loadSemanticSceneDescriptor : SSD Load Failure! File with SemanticAttributes-provided name `data/scene_datasets/habitat-test-scenes/van-gogh-room.scn` exists but failed to load.
[20:04:40:837830]:[Warning]:[Sim] Simulator.cpp(595)::instanceStageForSceneAttributes : The active scene does not contain semantic annotations : activeSemanticSceneID_ = 0
2026-08-11 20:04:42,602 update: 3440	fps: 494.783	
2026-08-11 20:04:42,602 Num updates: 3440	Num frames 550400
2026-08-11 20:04:42,602 Average window size: 50  distance_to_goal: 0.628  distance_to_goal_reward: 0.001  reward: 5.684  spl: 0.800  success: 0.880
2026-08-11 20:04:42,603 	Perf Stats: trainer.rollout_collect: 0.286 trainer.sample_action: 0.003 trainer.obs_insert: 0.000 trainer.step_env: 0.005 trainer.update_stats: 0.001 trainer.update_agent: 0.035
2026-08-11 20:04:45,680 update: 3450	fps: 494.852	
2026-08-11 20:04:45,680 Num updates: 3450	Num frames 552000
2026-08-11 20:04:45,680 Average window size: 50  distance_to_goal: 0.562  distance_to_goal_reward: 0.001  reward: 5.787  spl: 0.811  success: 0.887
2026-08-11 20:04:45,680 	Perf Stats: trainer.rollout_collect: 0.286 trainer.sample_action: 0.003 trainer.obs_insert: 0.000 trainer.step_env: 0.005 trainer.update_stats: 0.001 trainer.update_agent: 0.035
2026-08-11 20:04:48,745 update: 3460	fps: 494.927	
2026-08-11 20:04:48,745 Num updates: 3460	Num frames 553600
2026-08-11 20:04:48,745 Average window size: 50  distance_to_goal: 0.426  distance_to_goal_reward: 0.001  reward: 5.629  spl: 0.827  success: 0.895
2026-08-11 20:04:48,745 	Perf Stats: trainer.rollout_collect: 0.286 trainer.sample_action: 0.003 trainer.obs_insert: 0.000 trainer.step_env: 0.005 trainer.update_stats: 0.001 trainer.update_agent: 0.035
2026-08-11 20:04:51,831 update: 3470	fps: 494.992	
2026-08-11 20:04:51,831 Num updates: 3470	Num frames 555200
2026-08-11 20:04:51,831 Average window size: 50  distance_to_goal: 0.391  distance_to_goal_reward: 0.000  reward: 5.496  spl: 0.822  success: 0.896
2026-08-11 20:04:51,831 	Perf Stats: trainer.rollout_collect: 0.285 trainer.sample_action: 0.003 trainer.obs_insert: 0.000 trainer.step_env: 0.005 trainer.update_stats: 0.001 trainer.update_agent: 0.035
2026-08-11 20:04:54,926 update: 3480	fps: 495.052	
2026-08-11 20:04:54,935 Num updates: 3480	Num frames 556800
2026-08-11 20:04:54,935 Average window size: 50  distance_to_goal: 0.293  distance_to_goal_reward: 0.000  reward: 5.685  spl: 0.810  success: 0.902
2026-08-11 20:04:54,935 	Perf Stats: trainer.rollout_collect: 0.285 trainer.sample_action: 0.003 trainer.obs_insert: 0.000 trainer.step_env: 0.005 trainer.update_stats: 0.001 trainer.update_agent: 0.035
2026-08-11 20:04:58,009 update: 3490	fps: 495.117	
2026-08-11 20:04:58,009 Num updates: 3490	Num frames 558400
2026-08-11 20:04:58,009 Average window size: 50  distance_to_goal: 0.230  distance_to_goal_reward: 0.000  reward: 5.645  spl: 0.802  success: 0.903
2026-08-11 20:04:58,010 	Perf Stats: trainer.rollout_collect: 0.285 trainer.sample_action: 0.003 trainer.obs_insert: 0.000 trainer.step_env: 0.005 trainer.update_stats: 0.001 trainer.update_agent: 0.035
PluginManager::Manager: duplicate static plugin StbImageImporter, ignoring
PluginManager::Manager: duplicate static plugin GltfImporter, ignoring
PluginManager::Manager: duplicate static plugin BasisImporter, ignoring
PluginManager::Manager: duplicate static plugin AssimpImporter, ignoring
PluginManager::Manager: duplicate static plugin AnySceneImporter, ignoring
PluginManager::Manager: duplicate static plugin AnyImageImporter, ignoring
Renderer: NVIDIA GeForce RTX 4070/PCIe/SSE2 by NVIDIA Corporation
OpenGL version: 4.6.0 NVIDIA 580.173.02
Using optional features:
    GL_ARB_vertex_array_object
    GL_ARB_separate_shader_objects
    GL_ARB_robustness
    GL_ARB_texture_storage
    GL_ARB_texture_view
    GL_ARB_framebuffer_no_attachments
    GL_ARB_invalidate_subdata
    GL_ARB_texture_storage_multisample
    GL_ARB_multi_bind
    GL_ARB_direct_state_access
    GL_ARB_get_texture_sub_image
    GL_ARB_texture_filter_anisotropic
    GL_KHR_debug
    GL_KHR_parallel_shader_compile
    GL_NV_depth_buffer_float
Using driver workarounds:
    no-forward-compatible-core-context
    nv-egl-incorrect-gl11-function-pointers
    no-layout-qualifiers-on-old-glsl
    nv-zero-context-profile-mask
    nv-implementation-color-read-format-dsa-broken
    nv-cubemap-inconsistent-compressed-image-size
    nv-cubemap-broken-full-compressed-image-query
    nv-compressed-block-size-in-bits
[20:04:58:673753]:[Warning]:[Scene] SemanticScene.h(331)::checkFileExists : ::loadSemanticSceneDescriptor: File `data/scene_datasets/habitat-test-scenes/skokloster-castle.scn` does not exist.  Aborting load.
[20:04:58:673769]:[Warning]:[Scene] SemanticScene.cpp(123)::loadSemanticSceneDescriptor : SSD File Naming Issue! Neither SemanticAttributes-provided name : `data/scene_datasets/habitat-test-scenes/skokloster-castle.scn` nor constructed filename : `data/scene_datasets/habitat-test-scenes/info_semantic.json` exist on disk.
[20:04:58:673774]:[Error]:[Scene] SemanticScene.cpp(139)::loadSemanticSceneDescriptor : SSD Load Failure! File with SemanticAttributes-provided name `data/scene_datasets/habitat-test-scenes/skokloster-castle.scn` exists but failed to load.
[20:04:59:289417]:[Warning]:[Sim] Simulator.cpp(595)::instanceStageForSceneAttributes : The active scene does not contain semantic annotations : activeSemanticSceneID_ = 0
2026-08-11 20:05:01,849 update: 3500	fps: 494.851	
2026-08-11 20:05:01,850 Num updates: 3500	Num frames 560000
2026-08-11 20:05:01,850 Average window size: 50  distance_to_goal: 0.223  distance_to_goal_reward: 0.000  reward: 5.648  spl: 0.783  success: 0.888
2026-08-11 20:05:01,850 	Perf Stats: trainer.rollout_collect: 0.286 trainer.sample_action: 0.003 trainer.obs_insert: 0.000 trainer.step_env: 0.005 trainer.update_stats: 0.001 trainer.update_agent: 0.035
2026-08-11 20:05:04,985 update: 3510	fps: 494.894	
2026-08-11 20:05:04,985 Num updates: 3510	Num frames 561600
2026-08-11 20:05:04,985 Average window size: 50  distance_to_goal: 0.274  distance_to_goal_reward: 0.000  reward: 5.821  spl: 0.776  success: 0.894
2026-08-11 20:05:04,985 	Perf Stats: trainer.rollout_collect: 0.286 trainer.sample_action: 0.003 trainer.obs_insert: 0.000 trainer.step_env: 0.005 trainer.update_stats: 0.001 trainer.update_agent: 0.035
2026-08-11 20:05:08,109 update: 3520	fps: 494.941	
2026-08-11 20:05:08,109 Num updates: 3520	Num frames 563200
2026-08-11 20:05:08,109 Average window size: 50  distance_to_goal: 0.238  distance_to_goal_reward: 0.000  reward: 6.176  spl: 0.798  success: 0.917
2026-08-11 20:05:08,109 	Perf Stats: trainer.rollout_collect: 0.286 trainer.sample_action: 0.003 trainer.obs_insert: 0.000 trainer.step_env: 0.005 trainer.update_stats: 0.001 trainer.update_agent: 0.035
2026-08-11 20:05:11,236 update: 3530	fps: 494.987	
2026-08-11 20:05:11,236 Num updates: 3530	Num frames 564800
2026-08-11 20:05:11,236 Average window size: 50  distance_to_goal: 0.288  distance_to_goal_reward: -0.000  reward: 6.267  spl: 0.800  success: 0.927
2026-08-11 20:05:11,236 	Perf Stats: trainer.rollout_collect: 0.285 trainer.sample_action: 0.003 trainer.obs_insert: 0.000 trainer.step_env: 0.005 trainer.update_stats: 0.001 trainer.update_agent: 0.035
2026-08-11 20:05:14,344 update: 3540	fps: 495.041	
2026-08-11 20:05:14,344 Num updates: 3540	Num frames 566400
2026-08-11 20:05:14,344 Average window size: 50  distance_to_goal: 0.300  distance_to_goal_reward: -0.000  reward: 6.302  spl: 0.800  success: 0.921
2026-08-11 20:05:14,344 	Perf Stats: trainer.rollout_collect: 0.285 trainer.sample_action: 0.003 trainer.obs_insert: 0.000 trainer.step_env: 0.005 trainer.update_stats: 0.001 trainer.update_agent: 0.035
2026-08-11 20:05:17,483 update: 3550	fps: 495.081	
2026-08-11 20:05:17,483 Num updates: 3550	Num frames 568000
2026-08-11 20:05:17,483 Average window size: 50  distance_to_goal: 0.414  distance_to_goal_reward: -0.000  reward: 6.456  spl: 0.800  success: 0.920
2026-08-11 20:05:17,484 	Perf Stats: trainer.rollout_collect: 0.285 trainer.sample_action: 0.003 trainer.obs_insert: 0.000 trainer.step_env: 0.005 trainer.update_stats: 0.001 trainer.update_agent: 0.035
2026-08-11 20:05:20,603 update: 3560	fps: 495.129	
2026-08-11 20:05:20,611 Num updates: 3560	Num frames 569600
2026-08-11 20:05:20,611 Average window size: 50  distance_to_goal: 0.487  distance_to_goal_reward: -0.000  reward: 6.164  spl: 0.789  success: 0.904
2026-08-11 20:05:20,611 	Perf Stats: trainer.rollout_collect: 0.285 trainer.sample_action: 0.003 trainer.obs_insert: 0.000 trainer.step_env: 0.005 trainer.update_stats: 0.001 trainer.update_agent: 0.035
2026-08-11 20:05:23,755 update: 3570	fps: 495.163	
2026-08-11 20:05:23,756 Num updates: 3570	Num frames 571200
2026-08-11 20:05:23,756 Average window size: 50  distance_to_goal: 0.543  distance_to_goal_reward: -0.000  reward: 5.812  spl: 0.781  success: 0.893
2026-08-11 20:05:23,756 	Perf Stats: trainer.rollout_collect: 0.285 trainer.sample_action: 0.003 trainer.obs_insert: 0.000 trainer.step_env: 0.005 trainer.update_stats: 0.001 trainer.update_agent: 0.035
2026-08-11 20:05:26,876 update: 3580	fps: 495.210	
2026-08-11 20:05:26,876 Num updates: 3580	Num frames 572800
2026-08-11 20:05:26,876 Average window size: 50  distance_to_goal: 0.522  distance_to_goal_reward: 0.000  reward: 5.771  spl: 0.772  success: 0.880
2026-08-11 20:05:26,876 	Perf Stats: trainer.rollout_collect: 0.285 trainer.sample_action: 0.003 trainer.obs_insert: 0.000 trainer.step_env: 0.005 trainer.update_stats: 0.001 trainer.update_agent: 0.035
PluginManager::Manager: duplicate static plugin StbImageImporter, ignoring
PluginManager::Manager: duplicate static plugin GltfImporter, ignoring
PluginManager::Manager: duplicate static plugin BasisImporter, ignoring
PluginManager::Manager: duplicate static plugin AssimpImporter, ignoring
PluginManager::Manager: duplicate static plugin AnySceneImporter, ignoring
PluginManager::Manager: duplicate static plugin AnyImageImporter, ignoring
Renderer: NVIDIA GeForce RTX 4070/PCIe/SSE2 by NVIDIA Corporation
OpenGL version: 4.6.0 NVIDIA 580.173.02
Using optional features:
    GL_ARB_vertex_array_object
    GL_ARB_separate_shader_objects
    GL_ARB_robustness
    GL_ARB_texture_storage
    GL_ARB_texture_view
    GL_ARB_framebuffer_no_attachments
    GL_ARB_invalidate_subdata
    GL_ARB_texture_storage_multisample
    GL_ARB_multi_bind
    GL_ARB_direct_state_access
    GL_ARB_get_texture_sub_image
    GL_ARB_texture_filter_anisotropic
    GL_KHR_debug
    GL_KHR_parallel_shader_compile
    GL_NV_depth_buffer_float
Using driver workarounds:
    no-forward-compatible-core-context
    nv-egl-incorrect-gl11-function-pointers
    no-layout-qualifiers-on-old-glsl
    nv-zero-context-profile-mask
    nv-implementation-color-read-format-dsa-broken
    nv-cubemap-inconsistent-compressed-image-size
    nv-cubemap-broken-full-compressed-image-query
    nv-compressed-block-size-in-bits
[20:05:26:931807]:[Warning]:[Scene] SemanticScene.h(331)::checkFileExists : ::loadSemanticSceneDescriptor: File `data/scene_datasets/habitat-test-scenes/van-gogh-room.scn` does not exist.  Aborting load.
[20:05:26:931823]:[Warning]:[Scene] SemanticScene.cpp(123)::loadSemanticSceneDescriptor : SSD File Naming Issue! Neither SemanticAttributes-provided name : `data/scene_datasets/habitat-test-scenes/van-gogh-room.scn` nor constructed filename : `data/scene_datasets/habitat-test-scenes/info_semantic.json` exist on disk.
[20:05:26:931829]:[Error]:[Scene] SemanticScene.cpp(139)::loadSemanticSceneDescriptor : SSD Load Failure! File with SemanticAttributes-provided name `data/scene_datasets/habitat-test-scenes/van-gogh-room.scn` exists but failed to load.
[20:05:27:374969]:[Warning]:[Sim] Simulator.cpp(595)::instanceStageForSceneAttributes : The active scene does not contain semantic annotations : activeSemanticSceneID_ = 0
2026-08-11 20:05:30,436 update: 3590	fps: 495.070	
2026-08-11 20:05:30,436 Num updates: 3590	Num frames 574400
2026-08-11 20:05:30,436 Average window size: 50  distance_to_goal: 0.587  distance_to_goal_reward: 0.000  reward: 5.742  spl: 0.767  success: 0.879
2026-08-11 20:05:30,436 	Perf Stats: trainer.rollout_collect: 0.285 trainer.sample_action: 0.003 trainer.obs_insert: 0.000 trainer.step_env: 0.005 trainer.update_stats: 0.001 trainer.update_agent: 0.035
PluginManager::Manager: duplicate static plugin StbImageImporter, ignoring
PluginManager::Manager: duplicate static plugin GltfImporter, ignoring
PluginManager::Manager: duplicate static plugin BasisImporter, ignoring
PluginManager::Manager: duplicate static plugin AssimpImporter, ignoring
PluginManager::Manager: duplicate static plugin AnySceneImporter, ignoring
PluginManager::Manager: duplicate static plugin AnyImageImporter, ignoring
Renderer: NVIDIA GeForce RTX 4070/PCIe/SSE2 by NVIDIA Corporation
OpenGL version: 4.6.0 NVIDIA 580.173.02
Using optional features:
    GL_ARB_vertex_array_object
    GL_ARB_separate_shader_objects
    GL_ARB_robustness
    GL_ARB_texture_storage
    GL_ARB_texture_view
    GL_ARB_framebuffer_no_attachments
    GL_ARB_invalidate_subdata
    GL_ARB_texture_storage_multisample
    GL_ARB_multi_bind
    GL_ARB_direct_state_access
    GL_ARB_get_texture_sub_image
    GL_ARB_texture_filter_anisotropic
    GL_KHR_debug
    GL_KHR_parallel_shader_compile
    GL_NV_depth_buffer_float
Using driver workarounds:
    no-forward-compatible-core-context
    nv-egl-incorrect-gl11-function-pointers
    no-layout-qualifiers-on-old-glsl
    nv-zero-context-profile-mask
    nv-implementation-color-read-format-dsa-broken
    nv-cubemap-inconsistent-compressed-image-size
    nv-cubemap-broken-full-compressed-image-query
    nv-compressed-block-size-in-bits
[20:05:32:011915]:[Warning]:[Scene] SemanticScene.h(331)::checkFileExists : ::loadSemanticSceneDescriptor: File `data/scene_datasets/habitat-test-scenes/skokloster-castle.scn` does not exist.  Aborting load.
[20:05:32:011931]:[Warning]:[Scene] SemanticScene.cpp(123)::loadSemanticSceneDescriptor : SSD File Naming Issue! Neither SemanticAttributes-provided name : `data/scene_datasets/habitat-test-scenes/skokloster-castle.scn` nor constructed filename : `data/scene_datasets/habitat-test-scenes/info_semantic.json` exist on disk.
[20:05:32:011936]:[Error]:[Scene] SemanticScene.cpp(139)::loadSemanticSceneDescriptor : SSD Load Failure! File with SemanticAttributes-provided name `data/scene_datasets/habitat-test-scenes/skokloster-castle.scn` exists but failed to load.
[20:05:32:615625]:[Warning]:[Sim] Simulator.cpp(595)::instanceStageForSceneAttributes : The active scene does not contain semantic annotations : activeSemanticSceneID_ = 0
2026-08-11 20:05:34,271 update: 3600	fps: 494.814	
2026-08-11 20:05:34,271 Num updates: 3600	Num frames 576000
2026-08-11 20:05:34,271 Average window size: 50  distance_to_goal: 0.418  distance_to_goal_reward: 0.000  reward: 5.906  spl: 0.788  success: 0.901
2026-08-11 20:05:34,271 	Perf Stats: trainer.rollout_collect: 0.286 trainer.sample_action: 0.003 trainer.obs_insert: 0.000 trainer.step_env: 0.005 trainer.update_stats: 0.001 trainer.update_agent: 0.035
2026-08-11 20:05:37,413 update: 3610	fps: 494.852	
2026-08-11 20:05:37,413 Num updates: 3610	Num frames 577600
2026-08-11 20:05:37,413 Average window size: 50  distance_to_goal: 0.469  distance_to_goal_reward: 0.000  reward: 5.944  spl: 0.792  success: 0.896
2026-08-11 20:05:37,413 	Perf Stats: trainer.rollout_collect: 0.286 trainer.sample_action: 0.003 trainer.obs_insert: 0.000 trainer.step_env: 0.005 trainer.update_stats: 0.001 trainer.update_agent: 0.035
2026-08-11 20:05:40,550 update: 3620	fps: 494.893	
2026-08-11 20:05:40,550 Num updates: 3620	Num frames 579200
2026-08-11 20:05:40,550 Average window size: 50  distance_to_goal: 0.463  distance_to_goal_reward: 0.000  reward: 5.875  spl: 0.788  success: 0.891
2026-08-11 20:05:40,550 	Perf Stats: trainer.rollout_collect: 0.286 trainer.sample_action: 0.003 trainer.obs_insert: 0.000 trainer.step_env: 0.005 trainer.update_stats: 0.001 trainer.update_agent: 0.035
PluginManager::Manager: duplicate static plugin StbImageImporter, ignoring
PluginManager::Manager: duplicate static plugin GltfImporter, ignoring
PluginManager::Manager: duplicate static plugin BasisImporter, ignoring
PluginManager::Manager: duplicate static plugin AssimpImporter, ignoring
PluginManager::Manager: duplicate static plugin AnySceneImporter, ignoring
PluginManager::Manager: duplicate static plugin AnyImageImporter, ignoring
Renderer: NVIDIA GeForce RTX 4070/PCIe/SSE2 by NVIDIA Corporation
OpenGL version: 4.6.0 NVIDIA 580.173.02
Using optional features:
    GL_ARB_vertex_array_object
    GL_ARB_separate_shader_objects
    GL_ARB_robustness
    GL_ARB_texture_storage
    GL_ARB_texture_view
    GL_ARB_framebuffer_no_attachments
    GL_ARB_invalidate_subdata
    GL_ARB_texture_storage_multisample
    GL_ARB_multi_bind
    GL_ARB_direct_state_access
    GL_ARB_get_texture_sub_image
    GL_ARB_texture_filter_anisotropic
    GL_KHR_debug
    GL_KHR_parallel_shader_compile
    GL_NV_depth_buffer_float
Using driver workarounds:
    no-forward-compatible-core-context
    nv-egl-incorrect-gl11-function-pointers
    no-layout-qualifiers-on-old-glsl
    nv-zero-context-profile-mask
    nv-implementation-color-read-format-dsa-broken
    nv-cubemap-inconsistent-compressed-image-size
    nv-cubemap-broken-full-compressed-image-query
    nv-compressed-block-size-in-bits
[20:05:40:666450]:[Warning]:[Scene] SemanticScene.h(331)::checkFileExists : ::loadSemanticSceneDescriptor: File `data/scene_datasets/habitat-test-scenes/van-gogh-room.scn` does not exist.  Aborting load.
[20:05:40:666466]:[Warning]:[Scene] SemanticScene.cpp(123)::loadSemanticSceneDescriptor : SSD File Naming Issue! Neither SemanticAttributes-provided name : `data/scene_datasets/habitat-test-scenes/van-gogh-room.scn` nor constructed filename : `data/scene_datasets/habitat-test-scenes/info_semantic.json` exist on disk.
[20:05:40:666471]:[Error]:[Scene] SemanticScene.cpp(139)::loadSemanticSceneDescriptor : SSD Load Failure! File with SemanticAttributes-provided name `data/scene_datasets/habitat-test-scenes/van-gogh-room.scn` exists but failed to load.
[20:05:41:098413]:[Warning]:[Sim] Simulator.cpp(595)::instanceStageForSceneAttributes : The active scene does not contain semantic annotations : activeSemanticSceneID_ = 0
2026-08-11 20:05:44,129 update: 3630	fps: 494.747	
2026-08-11 20:05:44,129 Num updates: 3630	Num frames 580800
2026-08-11 20:05:44,129 Average window size: 50  distance_to_goal: 0.432  distance_to_goal_reward: 0.000  reward: 5.814  spl: 0.796  success: 0.894
2026-08-11 20:05:44,129 	Perf Stats: trainer.rollout_collect: 0.286 trainer.sample_action: 0.003 trainer.obs_insert: 0.000 trainer.step_env: 0.005 trainer.update_stats: 0.001 trainer.update_agent: 0.035
2026-08-11 20:05:47,253 update: 3640	fps: 494.793	
2026-08-11 20:05:47,253 Num updates: 3640	Num frames 582400
2026-08-11 20:05:47,253 Average window size: 50  distance_to_goal: 0.355  distance_to_goal_reward: 0.000  reward: 5.978  spl: 0.816  success: 0.916
2026-08-11 20:05:47,253 	Perf Stats: trainer.rollout_collect: 0.286 trainer.sample_action: 0.003 trainer.obs_insert: 0.000 trainer.step_env: 0.005 trainer.update_stats: 0.001 trainer.update_agent: 0.035
2026-08-11 20:05:50,367 update: 3650	fps: 494.843	
2026-08-11 20:05:50,367 Num updates: 3650	Num frames 584000
2026-08-11 20:05:50,367 Average window size: 50  distance_to_goal: 0.380  distance_to_goal_reward: 0.000  reward: 5.863  spl: 0.805  success: 0.907
2026-08-11 20:05:50,367 	Perf Stats: trainer.rollout_collect: 0.286 trainer.sample_action: 0.003 trainer.obs_insert: 0.000 trainer.step_env: 0.005 trainer.update_stats: 0.001 trainer.update_agent: 0.035
2026-08-11 20:05:53,504 update: 3660	fps: 494.884	
2026-08-11 20:05:53,504 Num updates: 3660	Num frames 585600
2026-08-11 20:05:53,504 Average window size: 50  distance_to_goal: 0.260  distance_to_goal_reward: 0.000  reward: 6.096  spl: 0.801  success: 0.904
2026-08-11 20:05:53,504 	Perf Stats: trainer.rollout_collect: 0.286 trainer.sample_action: 0.003 trainer.obs_insert: 0.000 trainer.step_env: 0.005 trainer.update_stats: 0.001 trainer.update_agent: 0.035
2026-08-11 20:05:56,622 update: 3670	fps: 494.932	
2026-08-11 20:05:56,622 Num updates: 3670	Num frames 587200
2026-08-11 20:05:56,622 Average window size: 50  distance_to_goal: 0.181  distance_to_goal_reward: 0.000  reward: 6.456  spl: 0.823  success: 0.927
2026-08-11 20:05:56,622 	Perf Stats: trainer.rollout_collect: 0.286 trainer.sample_action: 0.003 trainer.obs_insert: 0.000 trainer.step_env: 0.005 trainer.update_stats: 0.001 trainer.update_agent: 0.035
2026-08-11 20:05:59,747 update: 3680	fps: 494.977	
2026-08-11 20:05:59,747 Num updates: 3680	Num frames 588800
2026-08-11 20:05:59,747 Average window size: 50  distance_to_goal: 0.170  distance_to_goal_reward: -0.001  reward: 6.437  spl: 0.811  success: 0.919
2026-08-11 20:05:59,747 	Perf Stats: trainer.rollout_collect: 0.286 trainer.sample_action: 0.003 trainer.obs_insert: 0.000 trainer.step_env: 0.005 trainer.update_stats: 0.001 trainer.update_agent: 0.035
2026-08-11 20:06:02,886 update: 3690	fps: 495.015	
2026-08-11 20:06:02,887 Num updates: 3690	Num frames 590400
2026-08-11 20:06:02,887 Average window size: 50  distance_to_goal: 0.166  distance_to_goal_reward: -0.001  reward: 6.515  spl: 0.817  success: 0.927
2026-08-11 20:06:02,887 	Perf Stats: trainer.rollout_collect: 0.285 trainer.sample_action: 0.003 trainer.obs_insert: 0.000 trainer.step_env: 0.005 trainer.update_stats: 0.001 trainer.update_agent: 0.035
2026-08-11 20:06:06,080 update: 3700	fps: 495.031	
2026-08-11 20:06:06,080 Num updates: 3700	Num frames 592000
2026-08-11 20:06:06,081 Average window size: 50  distance_to_goal: 0.123  distance_to_goal_reward: -0.001  reward: 6.467  spl: 0.830  success: 0.941
2026-08-11 20:06:06,081 	Perf Stats: trainer.rollout_collect: 0.285 trainer.sample_action: 0.003 trainer.obs_insert: 0.000 trainer.step_env: 0.005 trainer.update_stats: 0.001 trainer.update_agent: 0.035
2026-08-11 20:06:09,197 update: 3710	fps: 495.079	
2026-08-11 20:06:09,197 Num updates: 3710	Num frames 593600
2026-08-11 20:06:09,197 Average window size: 50  distance_to_goal: 0.154  distance_to_goal_reward: -0.001  reward: 6.354  spl: 0.846  success: 0.961
2026-08-11 20:06:09,197 	Perf Stats: trainer.rollout_collect: 0.285 trainer.sample_action: 0.003 trainer.obs_insert: 0.000 trainer.step_env: 0.005 trainer.update_stats: 0.001 trainer.update_agent: 0.035
2026-08-11 20:06:12,304 update: 3720	fps: 495.130	
2026-08-11 20:06:12,313 Num updates: 3720	Num frames 595200
2026-08-11 20:06:12,313 Average window size: 50  distance_to_goal: 0.224  distance_to_goal_reward: -0.001  reward: 5.947  spl: 0.833  success: 0.950
2026-08-11 20:06:12,313 	Perf Stats: trainer.rollout_collect: 0.285 trainer.sample_action: 0.003 trainer.obs_insert: 0.000 trainer.step_env: 0.005 trainer.update_stats: 0.001 trainer.update_agent: 0.035
2026-08-11 20:06:15,424 update: 3730	fps: 495.176	
2026-08-11 20:06:15,424 Num updates: 3730	Num frames 596800
2026-08-11 20:06:15,424 Average window size: 50  distance_to_goal: 0.246  distance_to_goal_reward: 0.000  reward: 5.826  spl: 0.840  success: 0.960
2026-08-11 20:06:15,424 	Perf Stats: trainer.rollout_collect: 0.285 trainer.sample_action: 0.003 trainer.obs_insert: 0.000 trainer.step_env: 0.005 trainer.update_stats: 0.001 trainer.update_agent: 0.035
2026-08-11 20:06:18,542 update: 3740	fps: 495.222	
2026-08-11 20:06:18,542 Num updates: 3740	Num frames 598400
2026-08-11 20:06:18,542 Average window size: 50  distance_to_goal: 0.247  distance_to_goal_reward: 0.000  reward: 5.715  spl: 0.838  success: 0.955
2026-08-11 20:06:18,542 	Perf Stats: trainer.rollout_collect: 0.285 trainer.sample_action: 0.003 trainer.obs_insert: 0.000 trainer.step_env: 0.005 trainer.update_stats: 0.001 trainer.update_agent: 0.035
2026-08-11 20:06:21,649 update: 3750	fps: 495.273	
2026-08-11 20:06:21,650 Num updates: 3750	Num frames 600000
2026-08-11 20:06:21,650 Average window size: 50  distance_to_goal: 0.281  distance_to_goal_reward: -0.000  reward: 5.782  spl: 0.843  success: 0.955
2026-08-11 20:06:21,650 	Perf Stats: trainer.rollout_collect: 0.285 trainer.sample_action: 0.003 trainer.obs_insert: 0.000 trainer.step_env: 0.005 trainer.update_stats: 0.001 trainer.update_agent: 0.035
2026-08-11 20:06:24,824 update: 3760	fps: 495.296	
2026-08-11 20:06:24,824 Num updates: 3760	Num frames 601600
2026-08-11 20:06:24,824 Average window size: 50  distance_to_goal: 0.198  distance_to_goal_reward: -0.000  reward: 6.141  spl: 0.855  success: 0.972
2026-08-11 20:06:24,824 	Perf Stats: trainer.rollout_collect: 0.285 trainer.sample_action: 0.003 trainer.obs_insert: 0.000 trainer.step_env: 0.005 trainer.update_stats: 0.001 trainer.update_agent: 0.035
2026-08-11 20:06:27,928 update: 3770	fps: 495.347	
2026-08-11 20:06:27,936 Num updates: 3770	Num frames 603200
2026-08-11 20:06:27,936 Average window size: 50  distance_to_goal: 0.233  distance_to_goal_reward: -0.000  reward: 6.216  spl: 0.855  success: 0.972
2026-08-11 20:06:27,936 	Perf Stats: trainer.rollout_collect: 0.285 trainer.sample_action: 0.003 trainer.obs_insert: 0.000 trainer.step_env: 0.005 trainer.update_stats: 0.001 trainer.update_agent: 0.035
PluginManager::Manager: duplicate static plugin StbImageImporter, ignoring
PluginManager::Manager: duplicate static plugin GltfImporter, ignoring
PluginManager::Manager: duplicate static plugin BasisImporter, ignoring
PluginManager::Manager: duplicate static plugin AssimpImporter, ignoring
PluginManager::Manager: duplicate static plugin AnySceneImporter, ignoring
PluginManager::Manager: duplicate static plugin AnyImageImporter, ignoring
Renderer: NVIDIA GeForce RTX 4070/PCIe/SSE2 by NVIDIA Corporation
OpenGL version: 4.6.0 NVIDIA 580.173.02
Using optional features:
    GL_ARB_vertex_array_object
    GL_ARB_separate_shader_objects
    GL_ARB_robustness
    GL_ARB_texture_storage
    GL_ARB_texture_view
    GL_ARB_framebuffer_no_attachments
    GL_ARB_invalidate_subdata
    GL_ARB_texture_storage_multisample
    GL_ARB_multi_bind
    GL_ARB_direct_state_access
    GL_ARB_get_texture_sub_image
    GL_ARB_texture_filter_anisotropic
    GL_KHR_debug
    GL_KHR_parallel_shader_compile
    GL_NV_depth_buffer_float
Using driver workarounds:
    no-forward-compatible-core-context
    nv-egl-incorrect-gl11-function-pointers
    no-layout-qualifiers-on-old-glsl
    nv-zero-context-profile-mask
    nv-implementation-color-read-format-dsa-broken
    nv-cubemap-inconsistent-compressed-image-size
    nv-cubemap-broken-full-compressed-image-query
    nv-compressed-block-size-in-bits
[20:06:28:389803]:[Warning]:[Scene] SemanticScene.h(331)::checkFileExists : ::loadSemanticSceneDescriptor: File `data/scene_datasets/habitat-test-scenes/skokloster-castle.scn` does not exist.  Aborting load.
[20:06:28:389821]:[Warning]:[Scene] SemanticScene.cpp(123)::loadSemanticSceneDescriptor : SSD File Naming Issue! Neither SemanticAttributes-provided name : `data/scene_datasets/habitat-test-scenes/skokloster-castle.scn` nor constructed filename : `data/scene_datasets/habitat-test-scenes/info_semantic.json` exist on disk.
[20:06:28:389831]:[Error]:[Scene] SemanticScene.cpp(139)::loadSemanticSceneDescriptor : SSD Load Failure! File with SemanticAttributes-provided name `data/scene_datasets/habitat-test-scenes/skokloster-castle.scn` exists but failed to load.
[20:06:28:992983]:[Warning]:[Sim] Simulator.cpp(595)::instanceStageForSceneAttributes : The active scene does not contain semantic annotations : activeSemanticSceneID_ = 0
2026-08-11 20:06:31,684 update: 3780	fps: 495.133	
2026-08-11 20:06:31,685 Num updates: 3780	Num frames 604800
2026-08-11 20:06:31,685 Average window size: 50  distance_to_goal: 0.280  distance_to_goal_reward: -0.000  reward: 6.193  spl: 0.850  success: 0.960
2026-08-11 20:06:31,685 	Perf Stats: trainer.rollout_collect: 0.285 trainer.sample_action: 0.003 trainer.obs_insert: 0.000 trainer.step_env: 0.005 trainer.update_stats: 0.001 trainer.update_agent: 0.035
2026-08-11 20:06:34,849 update: 3790	fps: 495.161	
2026-08-11 20:06:34,849 Num updates: 3790	Num frames 606400
2026-08-11 20:06:34,849 Average window size: 50  distance_to_goal: 0.325  distance_to_goal_reward: -0.000  reward: 6.143  spl: 0.829  success: 0.943
2026-08-11 20:06:34,849 	Perf Stats: trainer.rollout_collect: 0.285 trainer.sample_action: 0.003 trainer.obs_insert: 0.000 trainer.step_env: 0.005 trainer.update_stats: 0.001 trainer.update_agent: 0.035
2026-08-11 20:06:38,104 update: 3800	fps: 495.151	
2026-08-11 20:06:38,113 Num updates: 3800	Num frames 608000
2026-08-11 20:06:38,113 Average window size: 50  distance_to_goal: 0.367  distance_to_goal_reward: 0.000  reward: 6.170  spl: 0.810  success: 0.928
2026-08-11 20:06:38,113 	Perf Stats: trainer.rollout_collect: 0.285 trainer.sample_action: 0.003 trainer.obs_insert: 0.000 trainer.step_env: 0.005 trainer.update_stats: 0.001 trainer.update_agent: 0.035
2026-08-11 20:06:41,261 update: 3810	fps: 495.181	
2026-08-11 20:06:41,261 Num updates: 3810	Num frames 609600
2026-08-11 20:06:41,262 Average window size: 50  distance_to_goal: 0.414  distance_to_goal_reward: 0.000  reward: 6.072  spl: 0.803  success: 0.922
2026-08-11 20:06:41,262 	Perf Stats: trainer.rollout_collect: 0.285 trainer.sample_action: 0.003 trainer.obs_insert: 0.000 trainer.step_env: 0.005 trainer.update_stats: 0.001 trainer.update_agent: 0.035
2026-08-11 20:06:44,427 update: 3820	fps: 495.207	
2026-08-11 20:06:44,427 Num updates: 3820	Num frames 611200
2026-08-11 20:06:44,427 Average window size: 50  distance_to_goal: 0.565  distance_to_goal_reward: 0.000  reward: 6.235  spl: 0.781  success: 0.899
2026-08-11 20:06:44,427 	Perf Stats: trainer.rollout_collect: 0.285 trainer.sample_action: 0.003 trainer.obs_insert: 0.000 trainer.step_env: 0.005 trainer.update_stats: 0.001 trainer.update_agent: 0.035
PluginManager::Manager: duplicate static plugin StbImageImporter, ignoring
PluginManager::Manager: duplicate static plugin GltfImporter, ignoring
PluginManager::Manager: duplicate static plugin BasisImporter, ignoring
PluginManager::Manager: duplicate static plugin AssimpImporter, ignoring
PluginManager::Manager: duplicate static plugin AnySceneImporter, ignoring
PluginManager::Manager: duplicate static plugin AnyImageImporter, ignoring
Renderer: NVIDIA GeForce RTX 4070/PCIe/SSE2 by NVIDIA Corporation
OpenGL version: 4.6.0 NVIDIA 580.173.02
Using optional features:
    GL_ARB_vertex_array_object
    GL_ARB_separate_shader_objects
    GL_ARB_robustness
    GL_ARB_texture_storage
    GL_ARB_texture_view
    GL_ARB_framebuffer_no_attachments
    GL_ARB_invalidate_subdata
    GL_ARB_texture_storage_multisample
    GL_ARB_multi_bind
    GL_ARB_direct_state_access
    GL_ARB_get_texture_sub_image
    GL_ARB_texture_filter_anisotropic
    GL_KHR_debug
    GL_KHR_parallel_shader_compile
    GL_NV_depth_buffer_float
Using driver workarounds:
    no-forward-compatible-core-context
    nv-egl-incorrect-gl11-function-pointers
    no-layout-qualifiers-on-old-glsl
    nv-zero-context-profile-mask
    nv-implementation-color-read-format-dsa-broken
    nv-cubemap-inconsistent-compressed-image-size
    nv-cubemap-broken-full-compressed-image-query
    nv-compressed-block-size-in-bits
[20:06:46:703602]:[Warning]:[Scene] SemanticScene.h(331)::checkFileExists : ::loadSemanticSceneDescriptor: File `data/scene_datasets/habitat-test-scenes/van-gogh-room.scn` does not exist.  Aborting load.
[20:06:46:703621]:[Warning]:[Scene] SemanticScene.cpp(123)::loadSemanticSceneDescriptor : SSD File Naming Issue! Neither SemanticAttributes-provided name : `data/scene_datasets/habitat-test-scenes/van-gogh-room.scn` nor constructed filename : `data/scene_datasets/habitat-test-scenes/info_semantic.json` exist on disk.
[20:06:46:703630]:[Error]:[Scene] SemanticScene.cpp(139)::loadSemanticSceneDescriptor : SSD Load Failure! File with SemanticAttributes-provided name `data/scene_datasets/habitat-test-scenes/van-gogh-room.scn` exists but failed to load.
[20:06:47:147352]:[Warning]:[Sim] Simulator.cpp(595)::instanceStageForSceneAttributes : The active scene does not contain semantic annotations : activeSemanticSceneID_ = 0
2026-08-11 20:06:48,015 update: 3830	fps: 495.064	
2026-08-11 20:06:48,015 Num updates: 3830	Num frames 612800
2026-08-11 20:06:48,015 Average window size: 50  distance_to_goal: 0.603  distance_to_goal_reward: 0.000  reward: 6.192  spl: 0.778  success: 0.898
2026-08-11 20:06:48,015 	Perf Stats: trainer.rollout_collect: 0.285 trainer.sample_action: 0.003 trainer.obs_insert: 0.000 trainer.step_env: 0.005 trainer.update_stats: 0.001 trainer.update_agent: 0.035
2026-08-11 20:06:51,118 update: 3840	fps: 495.116	
2026-08-11 20:06:51,118 Num updates: 3840	Num frames 614400
2026-08-11 20:06:51,118 Average window size: 50  distance_to_goal: 0.730  distance_to_goal_reward: 0.000  reward: 6.014  spl: 0.768  success: 0.886
2026-08-11 20:06:51,118 	Perf Stats: trainer.rollout_collect: 0.285 trainer.sample_action: 0.003 trainer.obs_insert: 0.000 trainer.step_env: 0.005 trainer.update_stats: 0.001 trainer.update_agent: 0.035
2026-08-11 20:06:54,242 update: 3850	fps: 495.159	
2026-08-11 20:06:54,242 Num updates: 3850	Num frames 616000
2026-08-11 20:06:54,242 Average window size: 50  distance_to_goal: 0.601  distance_to_goal_reward: 0.000  reward: 5.852  spl: 0.785  success: 0.895
2026-08-11 20:06:54,242 	Perf Stats: trainer.rollout_collect: 0.285 trainer.sample_action: 0.003 trainer.obs_insert: 0.000 trainer.step_env: 0.005 trainer.update_stats: 0.001 trainer.update_agent: 0.035
2026-08-11 20:06:57,369 update: 3860	fps: 495.200	
2026-08-11 20:06:57,369 Num updates: 3860	Num frames 617600
2026-08-11 20:06:57,369 Average window size: 50  distance_to_goal: 0.486  distance_to_goal_reward: 0.000  reward: 6.001  spl: 0.782  success: 0.885
2026-08-11 20:06:57,369 	Perf Stats: trainer.rollout_collect: 0.285 trainer.sample_action: 0.003 trainer.obs_insert: 0.000 trainer.step_env: 0.005 trainer.update_stats: 0.001 trainer.update_agent: 0.035
2026-08-11 20:07:00,484 update: 3870	fps: 495.246	
2026-08-11 20:07:00,485 Num updates: 3870	Num frames 619200
2026-08-11 20:07:00,485 Average window size: 50  distance_to_goal: 0.410  distance_to_goal_reward: 0.000  reward: 5.806  spl: 0.800  success: 0.896
2026-08-11 20:07:00,485 	Perf Stats: trainer.rollout_collect: 0.285 trainer.sample_action: 0.003 trainer.obs_insert: 0.000 trainer.step_env: 0.005 trainer.update_stats: 0.001 trainer.update_agent: 0.035
PluginManager::Manager: duplicate static plugin StbImageImporter, ignoring
PluginManager::Manager: duplicate static plugin GltfImporter, ignoring
PluginManager::Manager: duplicate static plugin BasisImporter, ignoring
PluginManager::Manager: duplicate static plugin AssimpImporter, ignoring
PluginManager::Manager: duplicate static plugin AnySceneImporter, ignoring
PluginManager::Manager: duplicate static plugin AnyImageImporter, ignoring
Renderer: NVIDIA GeForce RTX 4070/PCIe/SSE2 by NVIDIA Corporation
OpenGL version: 4.6.0 NVIDIA 580.173.02
Using optional features:
    GL_ARB_vertex_array_object
    GL_ARB_separate_shader_objects
    GL_ARB_robustness
    GL_ARB_texture_storage
    GL_ARB_texture_view
    GL_ARB_framebuffer_no_attachments
    GL_ARB_invalidate_subdata
    GL_ARB_texture_storage_multisample
    GL_ARB_multi_bind
    GL_ARB_direct_state_access
    GL_ARB_get_texture_sub_image
    GL_ARB_texture_filter_anisotropic
    GL_KHR_debug
    GL_KHR_parallel_shader_compile
    GL_NV_depth_buffer_float
Using driver workarounds:
    no-forward-compatible-core-context
    nv-egl-incorrect-gl11-function-pointers
    no-layout-qualifiers-on-old-glsl
    nv-zero-context-profile-mask
    nv-implementation-color-read-format-dsa-broken
    nv-cubemap-inconsistent-compressed-image-size
    nv-cubemap-broken-full-compressed-image-query
    nv-compressed-block-size-in-bits
[20:07:02:160654]:[Warning]:[Scene] SemanticScene.h(331)::checkFileExists : ::loadSemanticSceneDescriptor: File `data/scene_datasets/habitat-test-scenes/skokloster-castle.scn` does not exist.  Aborting load.
[20:07:02:160670]:[Warning]:[Scene] SemanticScene.cpp(123)::loadSemanticSceneDescriptor : SSD File Naming Issue! Neither SemanticAttributes-provided name : `data/scene_datasets/habitat-test-scenes/skokloster-castle.scn` nor constructed filename : `data/scene_datasets/habitat-test-scenes/info_semantic.json` exist on disk.
[20:07:02:160675]:[Error]:[Scene] SemanticScene.cpp(139)::loadSemanticSceneDescriptor : SSD Load Failure! File with SemanticAttributes-provided name `data/scene_datasets/habitat-test-scenes/skokloster-castle.scn` exists but failed to load.
[20:07:02:764258]:[Warning]:[Sim] Simulator.cpp(595)::instanceStageForSceneAttributes : The active scene does not contain semantic annotations : activeSemanticSceneID_ = 0
2026-08-11 20:07:04,240 update: 3880	fps: 495.038	
2026-08-11 20:07:04,240 Num updates: 3880	Num frames 620800
2026-08-11 20:07:04,241 Average window size: 50  distance_to_goal: 0.383  distance_to_goal_reward: 0.000  reward: 5.777  spl: 0.796  success: 0.893
2026-08-11 20:07:04,241 	Perf Stats: trainer.rollout_collect: 0.285 trainer.sample_action: 0.003 trainer.obs_insert: 0.000 trainer.step_env: 0.005 trainer.update_stats: 0.001 trainer.update_agent: 0.035
PluginManager::Manager: duplicate static plugin StbImageImporter, ignoring
PluginManager::Manager: duplicate static plugin GltfImporter, ignoring
PluginManager::Manager: duplicate static plugin BasisImporter, ignoring
PluginManager::Manager: duplicate static plugin AssimpImporter, ignoring
PluginManager::Manager: duplicate static plugin AnySceneImporter, ignoring
PluginManager::Manager: duplicate static plugin AnyImageImporter, ignoring
Renderer: NVIDIA GeForce RTX 4070/PCIe/SSE2 by NVIDIA Corporation
OpenGL version: 4.6.0 NVIDIA 580.173.02
Using optional features:
    GL_ARB_vertex_array_object
    GL_ARB_separate_shader_objects
    GL_ARB_robustness
    GL_ARB_texture_storage
    GL_ARB_texture_view
    GL_ARB_framebuffer_no_attachments
    GL_ARB_invalidate_subdata
    GL_ARB_texture_storage_multisample
    GL_ARB_multi_bind
    GL_ARB_direct_state_access
    GL_ARB_get_texture_sub_image
    GL_ARB_texture_filter_anisotropic
    GL_KHR_debug
    GL_KHR_parallel_shader_compile
    GL_NV_depth_buffer_float
Using driver workarounds:
    no-forward-compatible-core-context
    nv-egl-incorrect-gl11-function-pointers
    no-layout-qualifiers-on-old-glsl
    nv-zero-context-profile-mask
    nv-implementation-color-read-format-dsa-broken
    nv-cubemap-inconsistent-compressed-image-size
    nv-cubemap-broken-full-compressed-image-query
    nv-compressed-block-size-in-bits
[20:07:05:718301]:[Warning]:[Scene] SemanticScene.h(331)::checkFileExists : ::loadSemanticSceneDescriptor: File `data/scene_datasets/habitat-test-scenes/skokloster-castle.scn` does not exist.  Aborting load.
[20:07:05:718320]:[Warning]:[Scene] SemanticScene.cpp(123)::loadSemanticSceneDescriptor : SSD File Naming Issue! Neither SemanticAttributes-provided name : `data/scene_datasets/habitat-test-scenes/skokloster-castle.scn` nor constructed filename : `data/scene_datasets/habitat-test-scenes/info_semantic.json` exist on disk.
[20:07:05:718329]:[Error]:[Scene] SemanticScene.cpp(139)::loadSemanticSceneDescriptor : SSD Load Failure! File with SemanticAttributes-provided name `data/scene_datasets/habitat-test-scenes/skokloster-castle.scn` exists but failed to load.
[20:07:06:336763]:[Warning]:[Sim] Simulator.cpp(595)::instanceStageForSceneAttributes : The active scene does not contain semantic annotations : activeSemanticSceneID_ = 0
2026-08-11 20:07:08,029 update: 3890	fps: 494.819	
2026-08-11 20:07:08,029 Num updates: 3890	Num frames 622400
2026-08-11 20:07:08,029 Average window size: 50  distance_to_goal: 0.281  distance_to_goal_reward: 0.000  reward: 5.922  spl: 0.816  success: 0.911
2026-08-11 20:07:08,029 	Perf Stats: trainer.rollout_collect: 0.286 trainer.sample_action: 0.003 trainer.obs_insert: 0.000 trainer.step_env: 0.005 trainer.update_stats: 0.001 trainer.update_agent: 0.035
2026-08-11 20:07:11,281 update: 3900	fps: 494.812	
2026-08-11 20:07:11,281 Num updates: 3900	Num frames 624000
2026-08-11 20:07:11,282 Average window size: 50  distance_to_goal: 0.434  distance_to_goal_reward: 0.000  reward: 5.880  spl: 0.807  success: 0.905
2026-08-11 20:07:11,282 	Perf Stats: trainer.rollout_collect: 0.286 trainer.sample_action: 0.003 trainer.obs_insert: 0.000 trainer.step_env: 0.005 trainer.update_stats: 0.001 trainer.update_agent: 0.035
2026-08-11 20:07:14,467 update: 3910	fps: 494.834	
2026-08-11 20:07:14,467 Num updates: 3910	Num frames 625600
2026-08-11 20:07:14,467 Average window size: 50  distance_to_goal: 0.755  distance_to_goal_reward: 0.000  reward: 5.638  spl: 0.791  success: 0.899
2026-08-11 20:07:14,467 	Perf Stats: trainer.rollout_collect: 0.286 trainer.sample_action: 0.003 trainer.obs_insert: 0.000 trainer.step_env: 0.005 trainer.update_stats: 0.001 trainer.update_agent: 0.035
2026-08-11 20:07:17,640 update: 3920	fps: 494.854	
2026-08-11 20:07:17,640 Num updates: 3920	Num frames 627200
2026-08-11 20:07:17,640 Average window size: 50  distance_to_goal: 0.783  distance_to_goal_reward: 0.001  reward: 6.009  spl: 0.770  success: 0.890
2026-08-11 20:07:17,640 	Perf Stats: trainer.rollout_collect: 0.286 trainer.sample_action: 0.003 trainer.obs_insert: 0.000 trainer.step_env: 0.005 trainer.update_stats: 0.001 trainer.update_agent: 0.035
2026-08-11 20:07:20,815 update: 3930	fps: 494.877	
2026-08-11 20:07:20,815 Num updates: 3930	Num frames 628800
2026-08-11 20:07:20,815 Average window size: 50  distance_to_goal: 1.006  distance_to_goal_reward: 0.001  reward: 6.324  spl: 0.761  success: 0.881
2026-08-11 20:07:20,815 	Perf Stats: trainer.rollout_collect: 0.286 trainer.sample_action: 0.003 trainer.obs_insert: 0.000 trainer.step_env: 0.005 trainer.update_stats: 0.001 trainer.update_agent: 0.035
PluginManager::Manager: duplicate static plugin StbImageImporter, ignoring
PluginManager::Manager: duplicate static plugin GltfImporter, ignoring
PluginManager::Manager: duplicate static plugin BasisImporter, ignoring
PluginManager::Manager: duplicate static plugin AssimpImporter, ignoring
PluginManager::Manager: duplicate static plugin AnySceneImporter, ignoring
PluginManager::Manager: duplicate static plugin AnyImageImporter, ignoring
Renderer: NVIDIA GeForce RTX 4070/PCIe/SSE2 by NVIDIA Corporation
OpenGL version: 4.6.0 NVIDIA 580.173.02
Using optional features:
    GL_ARB_vertex_array_object
    GL_ARB_separate_shader_objects
    GL_ARB_robustness
    GL_ARB_texture_storage
    GL_ARB_texture_view
    GL_ARB_framebuffer_no_attachments
    GL_ARB_invalidate_subdata
    GL_ARB_texture_storage_multisample
    GL_ARB_multi_bind
    GL_ARB_direct_state_access
    GL_ARB_get_texture_sub_image
    GL_ARB_texture_filter_anisotropic
    GL_KHR_debug
    GL_KHR_parallel_shader_compile
    GL_NV_depth_buffer_float
Using driver workarounds:
    no-forward-compatible-core-context
    nv-egl-incorrect-gl11-function-pointers
    no-layout-qualifiers-on-old-glsl
    nv-zero-context-profile-mask
    nv-implementation-color-read-format-dsa-broken
    nv-cubemap-inconsistent-compressed-image-size
    nv-cubemap-broken-full-compressed-image-query
    nv-compressed-block-size-in-bits
[20:07:21:478717]:[Warning]:[Scene] SemanticScene.h(331)::checkFileExists : ::loadSemanticSceneDescriptor: File `data/scene_datasets/habitat-test-scenes/van-gogh-room.scn` does not exist.  Aborting load.
[20:07:21:478732]:[Warning]:[Scene] SemanticScene.cpp(123)::loadSemanticSceneDescriptor : SSD File Naming Issue! Neither SemanticAttributes-provided name : `data/scene_datasets/habitat-test-scenes/van-gogh-room.scn` nor constructed filename : `data/scene_datasets/habitat-test-scenes/info_semantic.json` exist on disk.
[20:07:21:478737]:[Error]:[Scene] SemanticScene.cpp(139)::loadSemanticSceneDescriptor : SSD Load Failure! File with SemanticAttributes-provided name `data/scene_datasets/habitat-test-scenes/van-gogh-room.scn` exists but failed to load.
[20:07:21:909279]:[Warning]:[Sim] Simulator.cpp(595)::instanceStageForSceneAttributes : The active scene does not contain semantic annotations : activeSemanticSceneID_ = 0
2026-08-11 20:07:24,414 update: 3940	fps: 494.735	
2026-08-11 20:07:24,414 Num updates: 3940	Num frames 630400
2026-08-11 20:07:24,414 Average window size: 50  distance_to_goal: 1.019  distance_to_goal_reward: 0.001  reward: 6.203  spl: 0.777  success: 0.889
2026-08-11 20:07:24,414 	Perf Stats: trainer.rollout_collect: 0.286 trainer.sample_action: 0.003 trainer.obs_insert: 0.000 trainer.step_env: 0.005 trainer.update_stats: 0.001 trainer.update_agent: 0.035
2026-08-11 20:07:27,547 update: 3950	fps: 494.774	
2026-08-11 20:07:27,547 Num updates: 3950	Num frames 632000
2026-08-11 20:07:27,547 Average window size: 50  distance_to_goal: 0.885  distance_to_goal_reward: 0.001  reward: 6.630  spl: 0.784  success: 0.897
2026-08-11 20:07:27,547 	Perf Stats: trainer.rollout_collect: 0.286 trainer.sample_action: 0.003 trainer.obs_insert: 0.000 trainer.step_env: 0.005 trainer.update_stats: 0.001 trainer.update_agent: 0.035
2026-08-11 20:07:30,696 update: 3960	fps: 494.807	
2026-08-11 20:07:30,696 Num updates: 3960	Num frames 633600
2026-08-11 20:07:30,696 Average window size: 50  distance_to_goal: 0.644  distance_to_goal_reward: 0.000  reward: 6.861  spl: 0.809  success: 0.922
2026-08-11 20:07:30,696 	Perf Stats: trainer.rollout_collect: 0.286 trainer.sample_action: 0.003 trainer.obs_insert: 0.000 trainer.step_env: 0.005 trainer.update_stats: 0.001 trainer.update_agent: 0.035
2026-08-11 20:07:33,822 update: 3970	fps: 494.848	
2026-08-11 20:07:33,822 Num updates: 3970	Num frames 635200
2026-08-11 20:07:33,822 Average window size: 50  distance_to_goal: 0.632  distance_to_goal_reward: 0.000  reward: 6.882  spl: 0.819  success: 0.932
2026-08-11 20:07:33,822 	Perf Stats: trainer.rollout_collect: 0.286 trainer.sample_action: 0.003 trainer.obs_insert: 0.000 trainer.step_env: 0.005 trainer.update_stats: 0.001 trainer.update_agent: 0.035
2026-08-11 20:07:36,959 update: 3980	fps: 494.885	
2026-08-11 20:07:36,959 Num updates: 3980	Num frames 636800
2026-08-11 20:07:36,959 Average window size: 50  distance_to_goal: 0.564  distance_to_goal_reward: 0.000  reward: 6.875  spl: 0.817  success: 0.935
2026-08-11 20:07:36,959 	Perf Stats: trainer.rollout_collect: 0.286 trainer.sample_action: 0.003 trainer.obs_insert: 0.000 trainer.step_env: 0.005 trainer.update_stats: 0.001 trainer.update_agent: 0.035
2026-08-11 20:07:40,098 update: 3990	fps: 494.921	
2026-08-11 20:07:40,098 Num updates: 3990	Num frames 638400
2026-08-11 20:07:40,098 Average window size: 50  distance_to_goal: 0.478  distance_to_goal_reward: 0.000  reward: 7.124  spl: 0.832  success: 0.952
2026-08-11 20:07:40,098 	Perf Stats: trainer.rollout_collect: 0.286 trainer.sample_action: 0.003 trainer.obs_insert: 0.000 trainer.step_env: 0.005 trainer.update_stats: 0.001 trainer.update_agent: 0.035
2026-08-11 20:07:43,322 update: 4000	fps: 494.925	
2026-08-11 20:07:43,322 Num updates: 4000	Num frames 640000
2026-08-11 20:07:43,322 Average window size: 50  distance_to_goal: 0.481  distance_to_goal_reward: 0.000  reward: 6.604  spl: 0.817  success: 0.934
2026-08-11 20:07:43,322 	Perf Stats: trainer.rollout_collect: 0.286 trainer.sample_action: 0.003 trainer.obs_insert: 0.000 trainer.step_env: 0.005 trainer.update_stats: 0.001 trainer.update_agent: 0.035
2026-08-11 20:07:46,462 update: 4010	fps: 494.960	
2026-08-11 20:07:46,462 Num updates: 4010	Num frames 641600
2026-08-11 20:07:46,462 Average window size: 50  distance_to_goal: 0.396  distance_to_goal_reward: 0.000  reward: 6.635  spl: 0.821  success: 0.933
2026-08-11 20:07:46,462 	Perf Stats: trainer.rollout_collect: 0.285 trainer.sample_action: 0.003 trainer.obs_insert: 0.000 trainer.step_env: 0.005 trainer.update_stats: 0.001 trainer.update_agent: 0.035
2026-08-11 20:07:49,629 update: 4020	fps: 494.985	
2026-08-11 20:07:49,629 Num updates: 4020	Num frames 643200
2026-08-11 20:07:49,629 Average window size: 50  distance_to_goal: 0.423  distance_to_goal_reward: 0.000  reward: 6.594  spl: 0.801  success: 0.911
2026-08-11 20:07:49,629 	Perf Stats: trainer.rollout_collect: 0.285 trainer.sample_action: 0.003 trainer.obs_insert: 0.000 trainer.step_env: 0.005 trainer.update_stats: 0.001 trainer.update_agent: 0.035
2026-08-11 20:07:52,782 update: 4030	fps: 495.015	
2026-08-11 20:07:52,782 Num updates: 4030	Num frames 644800
2026-08-11 20:07:52,782 Average window size: 50  distance_to_goal: 0.298  distance_to_goal_reward: 0.000  reward: 6.591  spl: 0.810  success: 0.912
2026-08-11 20:07:52,782 	Perf Stats: trainer.rollout_collect: 0.285 trainer.sample_action: 0.003 trainer.obs_insert: 0.000 trainer.step_env: 0.005 trainer.update_stats: 0.001 trainer.update_agent: 0.035
2026-08-11 20:07:55,914 update: 4040	fps: 495.053	
2026-08-11 20:07:55,914 Num updates: 4040	Num frames 646400
2026-08-11 20:07:55,915 Average window size: 50  distance_to_goal: 0.482  distance_to_goal_reward: 0.000  reward: 6.444  spl: 0.790  success: 0.896
2026-08-11 20:07:55,915 	Perf Stats: trainer.rollout_collect: 0.285 trainer.sample_action: 0.003 trainer.obs_insert: 0.000 trainer.step_env: 0.005 trainer.update_stats: 0.001 trainer.update_agent: 0.035
2026-08-11 20:07:59,082 update: 4050	fps: 495.077	
2026-08-11 20:07:59,082 Num updates: 4050	Num frames 648000
2026-08-11 20:07:59,082 Average window size: 50  distance_to_goal: 0.446  distance_to_goal_reward: 0.000  reward: 6.633  spl: 0.801  success: 0.898
2026-08-11 20:07:59,082 	Perf Stats: trainer.rollout_collect: 0.285 trainer.sample_action: 0.003 trainer.obs_insert: 0.000 trainer.step_env: 0.005 trainer.update_stats: 0.001 trainer.update_agent: 0.035
2026-08-11 20:08:02,231 update: 4060	fps: 495.109	
2026-08-11 20:08:02,231 Num updates: 4060	Num frames 649600
2026-08-11 20:08:02,231 Average window size: 50  distance_to_goal: 0.470  distance_to_goal_reward: 0.000  reward: 6.362  spl: 0.804  success: 0.904
2026-08-11 20:08:02,231 	Perf Stats: trainer.rollout_collect: 0.285 trainer.sample_action: 0.003 trainer.obs_insert: 0.000 trainer.step_env: 0.005 trainer.update_stats: 0.001 trainer.update_agent: 0.035
2026-08-11 20:08:05,384 update: 4070	fps: 495.138	
2026-08-11 20:08:05,385 Num updates: 4070	Num frames 651200
2026-08-11 20:08:05,385 Average window size: 50  distance_to_goal: 0.487  distance_to_goal_reward: 0.000  reward: 6.246  spl: 0.785  success: 0.878
2026-08-11 20:08:05,385 	Perf Stats: trainer.rollout_collect: 0.285 trainer.sample_action: 0.003 trainer.obs_insert: 0.000 trainer.step_env: 0.005 trainer.update_stats: 0.001 trainer.update_agent: 0.035
2026-08-11 20:08:08,551 update: 4080	fps: 495.163	
2026-08-11 20:08:08,551 Num updates: 4080	Num frames 652800
2026-08-11 20:08:08,551 Average window size: 50  distance_to_goal: 0.476  distance_to_goal_reward: -0.000  reward: 6.120  spl: 0.773  success: 0.867
2026-08-11 20:08:08,551 	Perf Stats: trainer.rollout_collect: 0.285 trainer.sample_action: 0.003 trainer.obs_insert: 0.000 trainer.step_env: 0.005 trainer.update_stats: 0.001 trainer.update_agent: 0.035
2026-08-11 20:08:11,713 update: 4090	fps: 495.188	
2026-08-11 20:08:11,713 Num updates: 4090	Num frames 654400
2026-08-11 20:08:11,713 Average window size: 50  distance_to_goal: 0.332  distance_to_goal_reward: -0.000  reward: 6.044  spl: 0.721  success: 0.807
2026-08-11 20:08:11,713 	Perf Stats: trainer.rollout_collect: 0.285 trainer.sample_action: 0.003 trainer.obs_insert: 0.000 trainer.step_env: 0.005 trainer.update_stats: 0.001 trainer.update_agent: 0.035
2026-08-11 20:08:14,972 update: 4100	fps: 495.178	
2026-08-11 20:08:14,972 Num updates: 4100	Num frames 656000
2026-08-11 20:08:14,972 Average window size: 50  distance_to_goal: 0.372  distance_to_goal_reward: -0.000  reward: 5.777  spl: 0.661  success: 0.755
2026-08-11 20:08:14,972 	Perf Stats: trainer.rollout_collect: 0.285 trainer.sample_action: 0.003 trainer.obs_insert: 0.000 trainer.step_env: 0.005 trainer.update_stats: 0.001 trainer.update_agent: 0.035
2026-08-11 20:08:18,088 update: 4110	fps: 495.221	
2026-08-11 20:08:18,088 Num updates: 4110	Num frames 657600
2026-08-11 20:08:18,088 Average window size: 50  distance_to_goal: 0.370  distance_to_goal_reward: -0.000  reward: 5.650  spl: 0.630  success: 0.727
2026-08-11 20:08:18,088 	Perf Stats: trainer.rollout_collect: 0.285 trainer.sample_action: 0.003 trainer.obs_insert: 0.000 trainer.step_env: 0.005 trainer.update_stats: 0.001 trainer.update_agent: 0.035
PluginManager::Manager: duplicate static plugin StbImageImporter, ignoring
PluginManager::Manager: duplicate static plugin GltfImporter, ignoring
PluginManager::Manager: duplicate static plugin BasisImporter, ignoring
PluginManager::Manager: duplicate static plugin AssimpImporter, ignoring
PluginManager::Manager: duplicate static plugin AnySceneImporter, ignoring
PluginManager::Manager: duplicate static plugin AnyImageImporter, ignoring
Renderer: NVIDIA GeForce RTX 4070/PCIe/SSE2 by NVIDIA Corporation
OpenGL version: 4.6.0 NVIDIA 580.173.02
Using optional features:
    GL_ARB_vertex_array_object
    GL_ARB_separate_shader_objects
    GL_ARB_robustness
    GL_ARB_texture_storage
    GL_ARB_texture_view
    GL_ARB_framebuffer_no_attachments
    GL_ARB_invalidate_subdata
    GL_ARB_texture_storage_multisample
    GL_ARB_multi_bind
    GL_ARB_direct_state_access
    GL_ARB_get_texture_sub_image
    GL_ARB_texture_filter_anisotropic
    GL_KHR_debug
    GL_KHR_parallel_shader_compile
    GL_NV_depth_buffer_float
Using driver workarounds:
    no-forward-compatible-core-context
    nv-egl-incorrect-gl11-function-pointers
    no-layout-qualifiers-on-old-glsl
    nv-zero-context-profile-mask
    nv-implementation-color-read-format-dsa-broken
    nv-cubemap-inconsistent-compressed-image-size
    nv-cubemap-broken-full-compressed-image-query
    nv-compressed-block-size-in-bits
[20:08:19:623911]:[Warning]:[Scene] SemanticScene.h(331)::checkFileExists : ::loadSemanticSceneDescriptor: File `data/scene_datasets/habitat-test-scenes/van-gogh-room.scn` does not exist.  Aborting load.
[20:08:19:623929]:[Warning]:[Scene] SemanticScene.cpp(123)::loadSemanticSceneDescriptor : SSD File Naming Issue! Neither SemanticAttributes-provided name : `data/scene_datasets/habitat-test-scenes/van-gogh-room.scn` nor constructed filename : `data/scene_datasets/habitat-test-scenes/info_semantic.json` exist on disk.
[20:08:19:623939]:[Error]:[Scene] SemanticScene.cpp(139)::loadSemanticSceneDescriptor : SSD Load Failure! File with SemanticAttributes-provided name `data/scene_datasets/habitat-test-scenes/van-gogh-room.scn` exists but failed to load.
[20:08:20:053453]:[Warning]:[Sim] Simulator.cpp(595)::instanceStageForSceneAttributes : The active scene does not contain semantic annotations : activeSemanticSceneID_ = 0
2026-08-11 20:08:21,665 update: 4120	fps: 495.092	
2026-08-11 20:08:21,665 Num updates: 4120	Num frames 659200
2026-08-11 20:08:21,665 Average window size: 50  distance_to_goal: 0.390  distance_to_goal_reward: -0.000  reward: 5.532  spl: 0.648  success: 0.752
2026-08-11 20:08:21,665 	Perf Stats: trainer.rollout_collect: 0.285 trainer.sample_action: 0.003 trainer.obs_insert: 0.000 trainer.step_env: 0.005 trainer.update_stats: 0.001 trainer.update_agent: 0.035
2026-08-11 20:08:24,741 update: 4130	fps: 495.150	
2026-08-11 20:08:24,741 Num updates: 4130	Num frames 660800
2026-08-11 20:08:24,741 Average window size: 50  distance_to_goal: 0.463  distance_to_goal_reward: 0.000  reward: 5.601  spl: 0.639  success: 0.754
2026-08-11 20:08:24,742 	Perf Stats: trainer.rollout_collect: 0.285 trainer.sample_action: 0.003 trainer.obs_insert: 0.000 trainer.step_env: 0.005 trainer.update_stats: 0.001 trainer.update_agent: 0.035
2026-08-11 20:08:27,833 update: 4140	fps: 495.201	
2026-08-11 20:08:27,833 Num updates: 4140	Num frames 662400
2026-08-11 20:08:27,833 Average window size: 50  distance_to_goal: 0.439  distance_to_goal_reward: 0.000  reward: 5.637  spl: 0.698  success: 0.826
2026-08-11 20:08:27,833 	Perf Stats: trainer.rollout_collect: 0.285 trainer.sample_action: 0.003 trainer.obs_insert: 0.000 trainer.step_env: 0.005 trainer.update_stats: 0.001 trainer.update_agent: 0.035
PluginManager::Manager: duplicate static plugin StbImageImporter, ignoring
PluginManager::Manager: duplicate static plugin GltfImporter, ignoring
PluginManager::Manager: duplicate static plugin BasisImporter, ignoring
PluginManager::Manager: duplicate static plugin AssimpImporter, ignoring
PluginManager::Manager: duplicate static plugin AnySceneImporter, ignoring
PluginManager::Manager: duplicate static plugin AnyImageImporter, ignoring
Renderer: NVIDIA GeForce RTX 4070/PCIe/SSE2 by NVIDIA Corporation
OpenGL version: 4.6.0 NVIDIA 580.173.02
Using optional features:
    GL_ARB_vertex_array_object
    GL_ARB_separate_shader_objects
    GL_ARB_robustness
    GL_ARB_texture_storage
    GL_ARB_texture_view
    GL_ARB_framebuffer_no_attachments
    GL_ARB_invalidate_subdata
    GL_ARB_texture_storage_multisample
    GL_ARB_multi_bind
    GL_ARB_direct_state_access
    GL_ARB_get_texture_sub_image
    GL_ARB_texture_filter_anisotropic
    GL_KHR_debug
    GL_KHR_parallel_shader_compile
    GL_NV_depth_buffer_float
Using driver workarounds:
    no-forward-compatible-core-context
    nv-egl-incorrect-gl11-function-pointers
    no-layout-qualifiers-on-old-glsl
    nv-zero-context-profile-mask
    nv-implementation-color-read-format-dsa-broken
    nv-cubemap-inconsistent-compressed-image-size
    nv-cubemap-broken-full-compressed-image-query
    nv-compressed-block-size-in-bits
[20:08:28:974551]:[Warning]:[Scene] SemanticScene.h(331)::checkFileExists : ::loadSemanticSceneDescriptor: File `data/scene_datasets/habitat-test-scenes/skokloster-castle.scn` does not exist.  Aborting load.
[20:08:28:974567]:[Warning]:[Scene] SemanticScene.cpp(123)::loadSemanticSceneDescriptor : SSD File Naming Issue! Neither SemanticAttributes-provided name : `data/scene_datasets/habitat-test-scenes/skokloster-castle.scn` nor constructed filename : `data/scene_datasets/habitat-test-scenes/info_semantic.json` exist on disk.
[20:08:28:974572]:[Error]:[Scene] SemanticScene.cpp(139)::loadSemanticSceneDescriptor : SSD Load Failure! File with SemanticAttributes-provided name `data/scene_datasets/habitat-test-scenes/skokloster-castle.scn` exists but failed to load.
[20:08:29:583206]:[Warning]:[Sim] Simulator.cpp(595)::instanceStageForSceneAttributes : The active scene does not contain semantic annotations : activeSemanticSceneID_ = 0
2026-08-11 20:08:31,567 update: 4150	fps: 495.016	
2026-08-11 20:08:31,568 Num updates: 4150	Num frames 664000
2026-08-11 20:08:31,568 Average window size: 50  distance_to_goal: 0.353  distance_to_goal_reward: 0.001  reward: 6.045  spl: 0.748  success: 0.879
2026-08-11 20:08:31,568 	Perf Stats: trainer.rollout_collect: 0.285 trainer.sample_action: 0.003 trainer.obs_insert: 0.000 trainer.step_env: 0.005 trainer.update_stats: 0.001 trainer.update_agent: 0.035
2026-08-11 20:08:34,693 update: 4160	fps: 495.055	
2026-08-11 20:08:34,693 Num updates: 4160	Num frames 665600
2026-08-11 20:08:34,693 Average window size: 50  distance_to_goal: 0.339  distance_to_goal_reward: 0.001  reward: 6.146  spl: 0.782  success: 0.909
2026-08-11 20:08:34,693 	Perf Stats: trainer.rollout_collect: 0.285 trainer.sample_action: 0.003 trainer.obs_insert: 0.000 trainer.step_env: 0.005 trainer.update_stats: 0.001 trainer.update_agent: 0.035
2026-08-11 20:08:37,847 update: 4170	fps: 495.084	
2026-08-11 20:08:37,847 Num updates: 4170	Num frames 667200
2026-08-11 20:08:37,847 Average window size: 50  distance_to_goal: 0.447  distance_to_goal_reward: 0.001  reward: 6.345  spl: 0.797  success: 0.923
2026-08-11 20:08:37,847 	Perf Stats: trainer.rollout_collect: 0.285 trainer.sample_action: 0.003 trainer.obs_insert: 0.000 trainer.step_env: 0.005 trainer.update_stats: 0.001 trainer.update_agent: 0.035
2026-08-11 20:08:40,998 update: 4180	fps: 495.113	
2026-08-11 20:08:40,998 Num updates: 4180	Num frames 668800
2026-08-11 20:08:40,998 Average window size: 50  distance_to_goal: 0.345  distance_to_goal_reward: 0.001  reward: 6.485  spl: 0.815  success: 0.938
2026-08-11 20:08:40,998 	Perf Stats: trainer.rollout_collect: 0.285 trainer.sample_action: 0.003 trainer.obs_insert: 0.000 trainer.step_env: 0.005 trainer.update_stats: 0.001 trainer.update_agent: 0.035
PluginManager::Manager: duplicate static plugin StbImageImporter, ignoring
PluginManager::Manager: duplicate static plugin GltfImporter, ignoring
PluginManager::Manager: duplicate static plugin BasisImporter, ignoring
PluginManager::Manager: duplicate static plugin AssimpImporter, ignoring
PluginManager::Manager: duplicate static plugin AnySceneImporter, ignoring
PluginManager::Manager: duplicate static plugin AnyImageImporter, ignoring
Renderer: NVIDIA GeForce RTX 4070/PCIe/SSE2 by NVIDIA Corporation
OpenGL version: 4.6.0 NVIDIA 580.173.02
Using optional features:
    GL_ARB_vertex_array_object
    GL_ARB_separate_shader_objects
    GL_ARB_robustness
    GL_ARB_texture_storage
    GL_ARB_texture_view
    GL_ARB_framebuffer_no_attachments
    GL_ARB_invalidate_subdata
    GL_ARB_texture_storage_multisample
    GL_ARB_multi_bind
    GL_ARB_direct_state_access
    GL_ARB_get_texture_sub_image
    GL_ARB_texture_filter_anisotropic
    GL_KHR_debug
    GL_KHR_parallel_shader_compile
    GL_NV_depth_buffer_float
Using driver workarounds:
    no-forward-compatible-core-context
    nv-egl-incorrect-gl11-function-pointers
    no-layout-qualifiers-on-old-glsl
    nv-zero-context-profile-mask
    nv-implementation-color-read-format-dsa-broken
    nv-cubemap-inconsistent-compressed-image-size
    nv-cubemap-broken-full-compressed-image-query
    nv-compressed-block-size-in-bits
[20:08:42:726341]:[Warning]:[Scene] SemanticScene.h(331)::checkFileExists : ::loadSemanticSceneDescriptor: File `data/scene_datasets/habitat-test-scenes/van-gogh-room.scn` does not exist.  Aborting load.
[20:08:42:726357]:[Warning]:[Scene] SemanticScene.cpp(123)::loadSemanticSceneDescriptor : SSD File Naming Issue! Neither SemanticAttributes-provided name : `data/scene_datasets/habitat-test-scenes/van-gogh-room.scn` nor constructed filename : `data/scene_datasets/habitat-test-scenes/info_semantic.json` exist on disk.
[20:08:42:726362]:[Error]:[Scene] SemanticScene.cpp(139)::loadSemanticSceneDescriptor : SSD Load Failure! File with SemanticAttributes-provided name `data/scene_datasets/habitat-test-scenes/van-gogh-room.scn` exists but failed to load.
[20:08:43:159388]:[Warning]:[Sim] Simulator.cpp(595)::instanceStageForSceneAttributes : The active scene does not contain semantic annotations : activeSemanticSceneID_ = 0
2026-08-11 20:08:44,549 update: 4190	fps: 494.996	
2026-08-11 20:08:44,549 Num updates: 4190	Num frames 670400
2026-08-11 20:08:44,550 Average window size: 50  distance_to_goal: 0.422  distance_to_goal_reward: 0.001  reward: 6.329  spl: 0.810  success: 0.929
2026-08-11 20:08:44,550 	Perf Stats: trainer.rollout_collect: 0.285 trainer.sample_action: 0.003 trainer.obs_insert: 0.000 trainer.step_env: 0.005 trainer.update_stats: 0.001 trainer.update_agent: 0.035
2026-08-11 20:08:47,734 update: 4200	fps: 495.014	
2026-08-11 20:08:47,742 Num updates: 4200	Num frames 672000
2026-08-11 20:08:47,742 Average window size: 50  distance_to_goal: 0.358  distance_to_goal_reward: -0.000  reward: 6.057  spl: 0.829  success: 0.940
2026-08-11 20:08:47,742 	Perf Stats: trainer.rollout_collect: 0.285 trainer.sample_action: 0.003 trainer.obs_insert: 0.000 trainer.step_env: 0.005 trainer.update_stats: 0.001 trainer.update_agent: 0.035
2026-08-11 20:08:50,802 update: 4210	fps: 495.073	
2026-08-11 20:08:50,802 Num updates: 4210	Num frames 673600
2026-08-11 20:08:50,802 Average window size: 50  distance_to_goal: 0.414  distance_to_goal_reward: -0.000  reward: 5.946  spl: 0.821  success: 0.928
2026-08-11 20:08:50,802 	Perf Stats: trainer.rollout_collect: 0.285 trainer.sample_action: 0.003 trainer.obs_insert: 0.000 trainer.step_env: 0.005 trainer.update_stats: 0.001 trainer.update_agent: 0.035
PluginManager::Manager: duplicate static plugin StbImageImporter, ignoring
PluginManager::Manager: duplicate static plugin GltfImporter, ignoring
PluginManager::Manager: duplicate static plugin BasisImporter, ignoring
PluginManager::Manager: duplicate static plugin AssimpImporter, ignoring
PluginManager::Manager: duplicate static plugin AnySceneImporter, ignoring
PluginManager::Manager: duplicate static plugin AnyImageImporter, ignoring
Renderer: NVIDIA GeForce RTX 4070/PCIe/SSE2 by NVIDIA Corporation
OpenGL version: 4.6.0 NVIDIA 580.173.02
Using optional features:
    GL_ARB_vertex_array_object
    GL_ARB_separate_shader_objects
    GL_ARB_robustness
    GL_ARB_texture_storage
    GL_ARB_texture_view
    GL_ARB_framebuffer_no_attachments
    GL_ARB_invalidate_subdata
    GL_ARB_texture_storage_multisample
    GL_ARB_multi_bind
    GL_ARB_direct_state_access
    GL_ARB_get_texture_sub_image
    GL_ARB_texture_filter_anisotropic
    GL_KHR_debug
    GL_KHR_parallel_shader_compile
    GL_NV_depth_buffer_float
Using driver workarounds:
    no-forward-compatible-core-context
    nv-egl-incorrect-gl11-function-pointers
    no-layout-qualifiers-on-old-glsl
    nv-zero-context-profile-mask
    nv-implementation-color-read-format-dsa-broken
    nv-cubemap-inconsistent-compressed-image-size
    nv-cubemap-broken-full-compressed-image-query
    nv-compressed-block-size-in-bits
[20:08:53:029011]:[Warning]:[Scene] SemanticScene.h(331)::checkFileExists : ::loadSemanticSceneDescriptor: File `data/scene_datasets/habitat-test-scenes/van-gogh-room.scn` does not exist.  Aborting load.
[20:08:53:029027]:[Warning]:[Scene] SemanticScene.cpp(123)::loadSemanticSceneDescriptor : SSD File Naming Issue! Neither SemanticAttributes-provided name : `data/scene_datasets/habitat-test-scenes/van-gogh-room.scn` nor constructed filename : `data/scene_datasets/habitat-test-scenes/info_semantic.json` exist on disk.
[20:08:53:029032]:[Error]:[Scene] SemanticScene.cpp(139)::loadSemanticSceneDescriptor : SSD Load Failure! File with SemanticAttributes-provided name `data/scene_datasets/habitat-test-scenes/van-gogh-room.scn` exists but failed to load.
[20:08:53:469277]:[Warning]:[Sim] Simulator.cpp(595)::instanceStageForSceneAttributes : The active scene does not contain semantic annotations : activeSemanticSceneID_ = 0
2026-08-11 20:08:54,330 update: 4220	fps: 494.966	
2026-08-11 20:08:54,330 Num updates: 4220	Num frames 675200
2026-08-11 20:08:54,330 Average window size: 50  distance_to_goal: 0.307  distance_to_goal_reward: 0.000  reward: 5.714  spl: 0.821  success: 0.925
2026-08-11 20:08:54,330 	Perf Stats: trainer.rollout_collect: 0.285 trainer.sample_action: 0.003 trainer.obs_insert: 0.000 trainer.step_env: 0.005 trainer.update_stats: 0.001 trainer.update_agent: 0.035
2026-08-11 20:08:57,377 update: 4230	fps: 495.033	
2026-08-11 20:08:57,377 Num updates: 4230	Num frames 676800
2026-08-11 20:08:57,377 Average window size: 50  distance_to_goal: 0.292  distance_to_goal_reward: 0.000  reward: 5.347  spl: 0.816  success: 0.913
2026-08-11 20:08:57,377 	Perf Stats: trainer.rollout_collect: 0.285 trainer.sample_action: 0.003 trainer.obs_insert: 0.000 trainer.step_env: 0.005 trainer.update_stats: 0.001 trainer.update_agent: 0.035
2026-08-11 20:09:00,431 update: 4240	fps: 495.097	
2026-08-11 20:09:00,431 Num updates: 4240	Num frames 678400
2026-08-11 20:09:00,431 Average window size: 50  distance_to_goal: 0.243  distance_to_goal_reward: 0.000  reward: 5.496  spl: 0.828  success: 0.921
2026-08-11 20:09:00,432 	Perf Stats: trainer.rollout_collect: 0.285 trainer.sample_action: 0.003 trainer.obs_insert: 0.000 trainer.step_env: 0.005 trainer.update_stats: 0.001 trainer.update_agent: 0.035
2026-08-11 20:09:03,491 update: 4250	fps: 495.159	
2026-08-11 20:09:03,492 Num updates: 4250	Num frames 680000
2026-08-11 20:09:03,492 Average window size: 50  distance_to_goal: 0.229  distance_to_goal_reward: 0.000  reward: 5.707  spl: 0.828  success: 0.921
2026-08-11 20:09:03,492 	Perf Stats: trainer.rollout_collect: 0.285 trainer.sample_action: 0.003 trainer.obs_insert: 0.000 trainer.step_env: 0.005 trainer.update_stats: 0.001 trainer.update_agent: 0.035
2026-08-11 20:09:06,550 update: 4260	fps: 495.221	
2026-08-11 20:09:06,551 Num updates: 4260	Num frames 681600
2026-08-11 20:09:06,551 Average window size: 50  distance_to_goal: 0.162  distance_to_goal_reward: 0.000  reward: 5.722  spl: 0.836  success: 0.923
2026-08-11 20:09:06,551 	Perf Stats: trainer.rollout_collect: 0.285 trainer.sample_action: 0.003 trainer.obs_insert: 0.000 trainer.step_env: 0.005 trainer.update_stats: 0.001 trainer.update_agent: 0.035
PluginManager::Manager: duplicate static plugin StbImageImporter, ignoring
PluginManager::Manager: duplicate static plugin GltfImporter, ignoring
PluginManager::Manager: duplicate static plugin BasisImporter, ignoring
PluginManager::Manager: duplicate static plugin AssimpImporter, ignoring
PluginManager::Manager: duplicate static plugin AnySceneImporter, ignoring
PluginManager::Manager: duplicate static plugin AnyImageImporter, ignoring
Renderer: NVIDIA GeForce RTX 4070/PCIe/SSE2 by NVIDIA Corporation
OpenGL version: 4.6.0 NVIDIA 580.173.02
Using optional features:
    GL_ARB_vertex_array_object
    GL_ARB_separate_shader_objects
    GL_ARB_robustness
    GL_ARB_texture_storage
    GL_ARB_texture_view
    GL_ARB_framebuffer_no_attachments
    GL_ARB_invalidate_subdata
    GL_ARB_texture_storage_multisample
    GL_ARB_multi_bind
    GL_ARB_direct_state_access
    GL_ARB_get_texture_sub_image
    GL_ARB_texture_filter_anisotropic
    GL_KHR_debug
    GL_KHR_parallel_shader_compile
    GL_NV_depth_buffer_float
Using driver workarounds:
    no-forward-compatible-core-context
    nv-egl-incorrect-gl11-function-pointers
    no-layout-qualifiers-on-old-glsl
    nv-zero-context-profile-mask
    nv-implementation-color-read-format-dsa-broken
    nv-cubemap-inconsistent-compressed-image-size
    nv-cubemap-broken-full-compressed-image-query
    nv-compressed-block-size-in-bits
[20:09:07:057753]:[Warning]:[Scene] SemanticScene.h(331)::checkFileExists : ::loadSemanticSceneDescriptor: File `data/scene_datasets/habitat-test-scenes/skokloster-castle.scn` does not exist.  Aborting load.
[20:09:07:057769]:[Warning]:[Scene] SemanticScene.cpp(123)::loadSemanticSceneDescriptor : SSD File Naming Issue! Neither SemanticAttributes-provided name : `data/scene_datasets/habitat-test-scenes/skokloster-castle.scn` nor constructed filename : `data/scene_datasets/habitat-test-scenes/info_semantic.json` exist on disk.
[20:09:07:057775]:[Error]:[Scene] SemanticScene.cpp(139)::loadSemanticSceneDescriptor : SSD Load Failure! File with SemanticAttributes-provided name `data/scene_datasets/habitat-test-scenes/skokloster-castle.scn` exists but failed to load.
[20:09:07:661607]:[Warning]:[Sim] Simulator.cpp(595)::instanceStageForSceneAttributes : The active scene does not contain semantic annotations : activeSemanticSceneID_ = 0
2026-08-11 20:09:10,277 update: 4270	fps: 495.043	
2026-08-11 20:09:10,278 Num updates: 4270	Num frames 683200
2026-08-11 20:09:10,278 Average window size: 50  distance_to_goal: 0.189  distance_to_goal_reward: 0.000  reward: 5.778  spl: 0.830  success: 0.921
2026-08-11 20:09:10,278 	Perf Stats: trainer.rollout_collect: 0.285 trainer.sample_action: 0.003 trainer.obs_insert: 0.000 trainer.step_env: 0.005 trainer.update_stats: 0.001 trainer.update_agent: 0.035
2026-08-11 20:09:13,391 update: 4280	fps: 495.086	
2026-08-11 20:09:13,391 Num updates: 4280	Num frames 684800
2026-08-11 20:09:13,391 Average window size: 50  distance_to_goal: 0.172  distance_to_goal_reward: 0.000  reward: 5.964  spl: 0.834  success: 0.923
2026-08-11 20:09:13,391 	Perf Stats: trainer.rollout_collect: 0.285 trainer.sample_action: 0.003 trainer.obs_insert: 0.000 trainer.step_env: 0.005 trainer.update_stats: 0.001 trainer.update_agent: 0.035
2026-08-11 20:09:16,518 update: 4290	fps: 495.123	
2026-08-11 20:09:16,518 Num updates: 4290	Num frames 686400
2026-08-11 20:09:16,518 Average window size: 50  distance_to_goal: 0.230  distance_to_goal_reward: -0.000  reward: 5.966  spl: 0.834  success: 0.926
2026-08-11 20:09:16,518 	Perf Stats: trainer.rollout_collect: 0.285 trainer.sample_action: 0.003 trainer.obs_insert: 0.000 trainer.step_env: 0.005 trainer.update_stats: 0.001 trainer.update_agent: 0.035
2026-08-11 20:09:19,697 update: 4300	fps: 495.142	
2026-08-11 20:09:19,697 Num updates: 4300	Num frames 688000
2026-08-11 20:09:19,698 Average window size: 50  distance_to_goal: 0.264  distance_to_goal_reward: -0.000  reward: 5.856  spl: 0.837  success: 0.929
2026-08-11 20:09:19,698 	Perf Stats: trainer.rollout_collect: 0.285 trainer.sample_action: 0.003 trainer.obs_insert: 0.000 trainer.step_env: 0.005 trainer.update_stats: 0.001 trainer.update_agent: 0.035
2026-08-11 20:09:22,810 update: 4310	fps: 495.184	
2026-08-11 20:09:22,810 Num updates: 4310	Num frames 689600
2026-08-11 20:09:22,810 Average window size: 50  distance_to_goal: 0.290  distance_to_goal_reward: -0.000  reward: 6.154  spl: 0.837  success: 0.938
2026-08-11 20:09:22,810 	Perf Stats: trainer.rollout_collect: 0.285 trainer.sample_action: 0.003 trainer.obs_insert: 0.000 trainer.step_env: 0.005 trainer.update_stats: 0.001 trainer.update_agent: 0.035
2026-08-11 20:09:25,913 update: 4320	fps: 495.229	
2026-08-11 20:09:25,914 Num updates: 4320	Num frames 691200
2026-08-11 20:09:25,914 Average window size: 50  distance_to_goal: 0.217  distance_to_goal_reward: -0.000  reward: 6.218  spl: 0.844  success: 0.951
2026-08-11 20:09:25,914 	Perf Stats: trainer.rollout_collect: 0.285 trainer.sample_action: 0.003 trainer.obs_insert: 0.000 trainer.step_env: 0.005 trainer.update_stats: 0.001 trainer.update_agent: 0.035
2026-08-11 20:09:29,033 update: 4330	fps: 495.268	
2026-08-11 20:09:29,034 Num updates: 4330	Num frames 692800
2026-08-11 20:09:29,034 Average window size: 50  distance_to_goal: 0.258  distance_to_goal_reward: -0.000  reward: 6.166  spl: 0.852  success: 0.956
2026-08-11 20:09:29,034 	Perf Stats: trainer.rollout_collect: 0.285 trainer.sample_action: 0.003 trainer.obs_insert: 0.000 trainer.step_env: 0.005 trainer.update_stats: 0.001 trainer.update_agent: 0.035
2026-08-11 20:09:32,141 update: 4340	fps: 495.312	
2026-08-11 20:09:32,141 Num updates: 4340	Num frames 694400
2026-08-11 20:09:32,141 Average window size: 50  distance_to_goal: 0.192  distance_to_goal_reward: 0.000  reward: 6.261  spl: 0.856  success: 0.957
2026-08-11 20:09:32,141 	Perf Stats: trainer.rollout_collect: 0.285 trainer.sample_action: 0.003 trainer.obs_insert: 0.000 trainer.step_env: 0.005 trainer.update_stats: 0.001 trainer.update_agent: 0.035
2026-08-11 20:09:35,246 update: 4350	fps: 495.356	
2026-08-11 20:09:35,246 Num updates: 4350	Num frames 696000
2026-08-11 20:09:35,246 Average window size: 50  distance_to_goal: 0.168  distance_to_goal_reward: 0.000  reward: 6.373  spl: 0.861  success: 0.962
2026-08-11 20:09:35,246 	Perf Stats: trainer.rollout_collect: 0.285 trainer.sample_action: 0.003 trainer.obs_insert: 0.000 trainer.step_env: 0.005 trainer.update_stats: 0.001 trainer.update_agent: 0.035
2026-08-11 20:09:38,336 update: 4360	fps: 495.405	
2026-08-11 20:09:38,336 Num updates: 4360	Num frames 697600
2026-08-11 20:09:38,336 Average window size: 50  distance_to_goal: 0.155  distance_to_goal_reward: 0.000  reward: 6.319  spl: 0.872  success: 0.966
2026-08-11 20:09:38,336 	Perf Stats: trainer.rollout_collect: 0.285 trainer.sample_action: 0.003 trainer.obs_insert: 0.000 trainer.step_env: 0.005 trainer.update_stats: 0.001 trainer.update_agent: 0.035
2026-08-11 20:09:41,449 update: 4370	fps: 495.446	
2026-08-11 20:09:41,449 Num updates: 4370	Num frames 699200
2026-08-11 20:09:41,449 Average window size: 50  distance_to_goal: 0.209  distance_to_goal_reward: 0.000  reward: 6.190  spl: 0.859  success: 0.945
2026-08-11 20:09:41,449 	Perf Stats: trainer.rollout_collect: 0.285 trainer.sample_action: 0.003 trainer.obs_insert: 0.000 trainer.step_env: 0.005 trainer.update_stats: 0.001 trainer.update_agent: 0.035
2026-08-11 20:09:44,624 update: 4380	fps: 495.465	
2026-08-11 20:09:44,624 Num updates: 4380	Num frames 700800
2026-08-11 20:09:44,624 Average window size: 50  distance_to_goal: 0.197  distance_to_goal_reward: 0.000  reward: 6.287  spl: 0.853  success: 0.933
2026-08-11 20:09:44,624 	Perf Stats: trainer.rollout_collect: 0.285 trainer.sample_action: 0.003 trainer.obs_insert: 0.000 trainer.step_env: 0.005 trainer.update_stats: 0.001 trainer.update_agent: 0.035
2026-08-11 20:09:47,748 update: 4390	fps: 495.502	
2026-08-11 20:09:47,748 Num updates: 4390	Num frames 702400
2026-08-11 20:09:47,748 Average window size: 50  distance_to_goal: 0.198  distance_to_goal_reward: 0.000  reward: 6.333  spl: 0.834  success: 0.915
2026-08-11 20:09:47,748 	Perf Stats: trainer.rollout_collect: 0.285 trainer.sample_action: 0.003 trainer.obs_insert: 0.000 trainer.step_env: 0.005 trainer.update_stats: 0.001 trainer.update_agent: 0.035
2026-08-11 20:09:50,963 update: 4400	fps: 495.507	
2026-08-11 20:09:50,964 Num updates: 4400	Num frames 704000
2026-08-11 20:09:50,964 Average window size: 50  distance_to_goal: 0.253  distance_to_goal_reward: 0.000  reward: 6.216  spl: 0.830  success: 0.910
2026-08-11 20:09:50,964 	Perf Stats: trainer.rollout_collect: 0.285 trainer.sample_action: 0.003 trainer.obs_insert: 0.000 trainer.step_env: 0.005 trainer.update_stats: 0.001 trainer.update_agent: 0.035
PluginManager::Manager: duplicate static plugin StbImageImporter, ignoring
PluginManager::Manager: duplicate static plugin GltfImporter, ignoring
PluginManager::Manager: duplicate static plugin BasisImporter, ignoring
PluginManager::Manager: duplicate static plugin AssimpImporter, ignoring
PluginManager::Manager: duplicate static plugin AnySceneImporter, ignoring
PluginManager::Manager: duplicate static plugin AnyImageImporter, ignoring
Renderer: NVIDIA GeForce RTX 4070/PCIe/SSE2 by NVIDIA Corporation
OpenGL version: 4.6.0 NVIDIA 580.173.02
Using optional features:
    GL_ARB_vertex_array_object
    GL_ARB_separate_shader_objects
    GL_ARB_robustness
    GL_ARB_texture_storage
    GL_ARB_texture_view
    GL_ARB_framebuffer_no_attachments
    GL_ARB_invalidate_subdata
    GL_ARB_texture_storage_multisample
    GL_ARB_multi_bind
    GL_ARB_direct_state_access
    GL_ARB_get_texture_sub_image
    GL_ARB_texture_filter_anisotropic
    GL_KHR_debug
    GL_KHR_parallel_shader_compile
    GL_NV_depth_buffer_float
Using driver workarounds:
    no-forward-compatible-core-context
    nv-egl-incorrect-gl11-function-pointers
    no-layout-qualifiers-on-old-glsl
    nv-zero-context-profile-mask
    nv-implementation-color-read-format-dsa-broken
    nv-cubemap-inconsistent-compressed-image-size
    nv-cubemap-broken-full-compressed-image-query
    nv-compressed-block-size-in-bits
[20:09:52:417770]:[Warning]:[Scene] SemanticScene.h(331)::checkFileExists : ::loadSemanticSceneDescriptor: File `data/scene_datasets/habitat-test-scenes/skokloster-castle.scn` does not exist.  Aborting load.
[20:09:52:417788]:[Warning]:[Scene] SemanticScene.cpp(123)::loadSemanticSceneDescriptor : SSD File Naming Issue! Neither SemanticAttributes-provided name : `data/scene_datasets/habitat-test-scenes/skokloster-castle.scn` nor constructed filename : `data/scene_datasets/habitat-test-scenes/info_semantic.json` exist on disk.
[20:09:52:417797]:[Error]:[Scene] SemanticScene.cpp(139)::loadSemanticSceneDescriptor : SSD Load Failure! File with SemanticAttributes-provided name `data/scene_datasets/habitat-test-scenes/skokloster-castle.scn` exists but failed to load.
[20:09:53:021125]:[Warning]:[Sim] Simulator.cpp(595)::instanceStageForSceneAttributes : The active scene does not contain semantic annotations : activeSemanticSceneID_ = 0
2026-08-11 20:09:54,728 update: 4410	fps: 495.320	
2026-08-11 20:09:54,729 Num updates: 4410	Num frames 705600
2026-08-11 20:09:54,729 Average window size: 50  distance_to_goal: 0.254  distance_to_goal_reward: 0.000  reward: 6.369  spl: 0.833  success: 0.909
2026-08-11 20:09:54,729 	Perf Stats: trainer.rollout_collect: 0.285 trainer.sample_action: 0.003 trainer.obs_insert: 0.000 trainer.step_env: 0.005 trainer.update_stats: 0.001 trainer.update_agent: 0.035
2026-08-11 20:09:57,860 update: 4420	fps: 495.354	
2026-08-11 20:09:57,860 Num updates: 4420	Num frames 707200
2026-08-11 20:09:57,860 Average window size: 50  distance_to_goal: 0.211  distance_to_goal_reward: 0.000  reward: 6.495  spl: 0.832  success: 0.908
2026-08-11 20:09:57,860 	Perf Stats: trainer.rollout_collect: 0.285 trainer.sample_action: 0.003 trainer.obs_insert: 0.000 trainer.step_env: 0.005 trainer.update_stats: 0.001 trainer.update_agent: 0.035
2026-08-11 20:10:01,019 update: 4430	fps: 495.379	
2026-08-11 20:10:01,019 Num updates: 4430	Num frames 708800
2026-08-11 20:10:01,019 Average window size: 50  distance_to_goal: 0.234  distance_to_goal_reward: 0.000  reward: 6.660  spl: 0.836  success: 0.926
2026-08-11 20:10:01,019 	Perf Stats: trainer.rollout_collect: 0.285 trainer.sample_action: 0.003 trainer.obs_insert: 0.000 trainer.step_env: 0.005 trainer.update_stats: 0.001 trainer.update_agent: 0.035
2026-08-11 20:10:04,173 update: 4440	fps: 495.405	
2026-08-11 20:10:04,173 Num updates: 4440	Num frames 710400
2026-08-11 20:10:04,173 Average window size: 50  distance_to_goal: 0.310  distance_to_goal_reward: 0.000  reward: 6.641  spl: 0.843  success: 0.929
2026-08-11 20:10:04,173 	Perf Stats: trainer.rollout_collect: 0.285 trainer.sample_action: 0.003 trainer.obs_insert: 0.000 trainer.step_env: 0.005 trainer.update_stats: 0.001 trainer.update_agent: 0.035
2026-08-11 20:10:07,342 update: 4450	fps: 495.426	
2026-08-11 20:10:07,342 Num updates: 4450	Num frames 712000
2026-08-11 20:10:07,342 Average window size: 50  distance_to_goal: 0.258  distance_to_goal_reward: 0.000  reward: 6.654  spl: 0.820  success: 0.905
2026-08-11 20:10:07,342 	Perf Stats: trainer.rollout_collect: 0.285 trainer.sample_action: 0.003 trainer.obs_insert: 0.000 trainer.step_env: 0.005 trainer.update_stats: 0.001 trainer.update_agent: 0.035
PluginManager::Manager: duplicate static plugin StbImageImporter, ignoring
PluginManager::Manager: duplicate static plugin GltfImporter, ignoring
PluginManager::Manager: duplicate static plugin BasisImporter, ignoring
PluginManager::Manager: duplicate static plugin AssimpImporter, ignoring
PluginManager::Manager: duplicate static plugin AnySceneImporter, ignoring
PluginManager::Manager: duplicate static plugin AnyImageImporter, ignoring
Renderer: NVIDIA GeForce RTX 4070/PCIe/SSE2 by NVIDIA Corporation
OpenGL version: 4.6.0 NVIDIA 580.173.02
Using optional features:
    GL_ARB_vertex_array_object
    GL_ARB_separate_shader_objects
    GL_ARB_robustness
    GL_ARB_texture_storage
    GL_ARB_texture_view
    GL_ARB_framebuffer_no_attachments
    GL_ARB_invalidate_subdata
    GL_ARB_texture_storage_multisample
    GL_ARB_multi_bind
    GL_ARB_direct_state_access
    GL_ARB_get_texture_sub_image
    GL_ARB_texture_filter_anisotropic
    GL_KHR_debug
    GL_KHR_parallel_shader_compile
    GL_NV_depth_buffer_float
Using driver workarounds:
    no-forward-compatible-core-context
    nv-egl-incorrect-gl11-function-pointers
    no-layout-qualifiers-on-old-glsl
    nv-zero-context-profile-mask
    nv-implementation-color-read-format-dsa-broken
    nv-cubemap-inconsistent-compressed-image-size
    nv-cubemap-broken-full-compressed-image-query
    nv-compressed-block-size-in-bits
[20:10:09:056148]:[Warning]:[Scene] SemanticScene.h(331)::checkFileExists : ::loadSemanticSceneDescriptor: File `data/scene_datasets/habitat-test-scenes/van-gogh-room.scn` does not exist.  Aborting load.
[20:10:09:056164]:[Warning]:[Scene] SemanticScene.cpp(123)::loadSemanticSceneDescriptor : SSD File Naming Issue! Neither SemanticAttributes-provided name : `data/scene_datasets/habitat-test-scenes/van-gogh-room.scn` nor constructed filename : `data/scene_datasets/habitat-test-scenes/info_semantic.json` exist on disk.
[20:10:09:056169]:[Error]:[Scene] SemanticScene.cpp(139)::loadSemanticSceneDescriptor : SSD Load Failure! File with SemanticAttributes-provided name `data/scene_datasets/habitat-test-scenes/van-gogh-room.scn` exists but failed to load.
[20:10:09:492567]:[Warning]:[Sim] Simulator.cpp(595)::instanceStageForSceneAttributes : The active scene does not contain semantic annotations : activeSemanticSceneID_ = 0
2026-08-11 20:10:10,939 update: 4460	fps: 495.300	
2026-08-11 20:10:10,939 Num updates: 4460	Num frames 713600
2026-08-11 20:10:10,940 Average window size: 50  distance_to_goal: 0.295  distance_to_goal_reward: 0.000  reward: 6.664  spl: 0.825  success: 0.910
2026-08-11 20:10:10,940 	Perf Stats: trainer.rollout_collect: 0.285 trainer.sample_action: 0.003 trainer.obs_insert: 0.000 trainer.step_env: 0.005 trainer.update_stats: 0.001 trainer.update_agent: 0.035
2026-08-11 20:10:14,067 update: 4470	fps: 495.335	
2026-08-11 20:10:14,067 Num updates: 4470	Num frames 715200
2026-08-11 20:10:14,067 Average window size: 50  distance_to_goal: 0.257  distance_to_goal_reward: 0.000  reward: 6.571  spl: 0.825  success: 0.914
2026-08-11 20:10:14,067 	Perf Stats: trainer.rollout_collect: 0.285 trainer.sample_action: 0.003 trainer.obs_insert: 0.000 trainer.step_env: 0.005 trainer.update_stats: 0.001 trainer.update_agent: 0.035
2026-08-11 20:10:17,183 update: 4480	fps: 495.374	
2026-08-11 20:10:17,183 Num updates: 4480	Num frames 716800
2026-08-11 20:10:17,183 Average window size: 50  distance_to_goal: 0.244  distance_to_goal_reward: 0.000  reward: 6.452  spl: 0.827  success: 0.914
2026-08-11 20:10:17,183 	Perf Stats: trainer.rollout_collect: 0.285 trainer.sample_action: 0.003 trainer.obs_insert: 0.000 trainer.step_env: 0.005 trainer.update_stats: 0.001 trainer.update_agent: 0.035
PluginManager::Manager: duplicate static plugin StbImageImporter, ignoring
PluginManager::Manager: duplicate static plugin GltfImporter, ignoring
PluginManager::Manager: duplicate static plugin BasisImporter, ignoring
PluginManager::Manager: duplicate static plugin AssimpImporter, ignoring
PluginManager::Manager: duplicate static plugin AnySceneImporter, ignoring
PluginManager::Manager: duplicate static plugin AnyImageImporter, ignoring
Renderer: NVIDIA GeForce RTX 4070/PCIe/SSE2 by NVIDIA Corporation
OpenGL version: 4.6.0 NVIDIA 580.173.02
Using optional features:
    GL_ARB_vertex_array_object
    GL_ARB_separate_shader_objects
    GL_ARB_robustness
    GL_ARB_texture_storage
    GL_ARB_texture_view
    GL_ARB_framebuffer_no_attachments
    GL_ARB_invalidate_subdata
    GL_ARB_texture_storage_multisample
    GL_ARB_multi_bind
    GL_ARB_direct_state_access
    GL_ARB_get_texture_sub_image
    GL_ARB_texture_filter_anisotropic
    GL_KHR_debug
    GL_KHR_parallel_shader_compile
    GL_NV_depth_buffer_float
Using driver workarounds:
    no-forward-compatible-core-context
    nv-egl-incorrect-gl11-function-pointers
    no-layout-qualifiers-on-old-glsl
    nv-zero-context-profile-mask
    nv-implementation-color-read-format-dsa-broken
    nv-cubemap-inconsistent-compressed-image-size
    nv-cubemap-broken-full-compressed-image-query
    nv-compressed-block-size-in-bits
[20:10:19:187872]:[Warning]:[Scene] SemanticScene.h(331)::checkFileExists : ::loadSemanticSceneDescriptor: File `data/scene_datasets/habitat-test-scenes/skokloster-castle.scn` does not exist.  Aborting load.
[20:10:19:187888]:[Warning]:[Scene] SemanticScene.cpp(123)::loadSemanticSceneDescriptor : SSD File Naming Issue! Neither SemanticAttributes-provided name : `data/scene_datasets/habitat-test-scenes/skokloster-castle.scn` nor constructed filename : `data/scene_datasets/habitat-test-scenes/info_semantic.json` exist on disk.
[20:10:19:187893]:[Error]:[Scene] SemanticScene.cpp(139)::loadSemanticSceneDescriptor : SSD Load Failure! File with SemanticAttributes-provided name `data/scene_datasets/habitat-test-scenes/skokloster-castle.scn` exists but failed to load.
[20:10:19:791574]:[Warning]:[Sim] Simulator.cpp(595)::instanceStageForSceneAttributes : The active scene does not contain semantic annotations : activeSemanticSceneID_ = 0
2026-08-11 20:10:20,920 update: 4490	fps: 495.201	
2026-08-11 20:10:20,921 Num updates: 4490	Num frames 718400
2026-08-11 20:10:20,921 Average window size: 50  distance_to_goal: 0.200  distance_to_goal_reward: 0.000  reward: 6.412  spl: 0.822  success: 0.917
2026-08-11 20:10:20,921 	Perf Stats: trainer.rollout_collect: 0.285 trainer.sample_action: 0.003 trainer.obs_insert: 0.000 trainer.step_env: 0.005 trainer.update_stats: 0.001 trainer.update_agent: 0.035
2026-08-11 20:10:24,182 update: 4500	fps: 495.190	
2026-08-11 20:10:24,182 Num updates: 4500	Num frames 720000
2026-08-11 20:10:24,182 Average window size: 50  distance_to_goal: 0.196  distance_to_goal_reward: 0.000  reward: 6.585  spl: 0.822  success: 0.923
2026-08-11 20:10:24,182 	Perf Stats: trainer.rollout_collect: 0.285 trainer.sample_action: 0.003 trainer.obs_insert: 0.000 trainer.step_env: 0.005 trainer.update_stats: 0.001 trainer.update_agent: 0.035
2026-08-11 20:10:27,329 update: 4510	fps: 495.219	
2026-08-11 20:10:27,329 Num updates: 4510	Num frames 721600
2026-08-11 20:10:27,329 Average window size: 50  distance_to_goal: 0.149  distance_to_goal_reward: 0.000  reward: 6.728  spl: 0.806  success: 0.915
2026-08-11 20:10:27,329 	Perf Stats: trainer.rollout_collect: 0.285 trainer.sample_action: 0.003 trainer.obs_insert: 0.000 trainer.step_env: 0.005 trainer.update_stats: 0.001 trainer.update_agent: 0.035
2026-08-11 20:10:30,485 update: 4520	fps: 495.244	
2026-08-11 20:10:30,485 Num updates: 4520	Num frames 723200
2026-08-11 20:10:30,485 Average window size: 50  distance_to_goal: 0.172  distance_to_goal_reward: 0.000  reward: 6.968  spl: 0.806  success: 0.925
2026-08-11 20:10:30,485 	Perf Stats: trainer.rollout_collect: 0.285 trainer.sample_action: 0.003 trainer.obs_insert: 0.000 trainer.step_env: 0.005 trainer.update_stats: 0.001 trainer.update_agent: 0.035
2026-08-11 20:10:33,610 update: 4530	fps: 495.280	
2026-08-11 20:10:33,610 Num updates: 4530	Num frames 724800
2026-08-11 20:10:33,610 Average window size: 50  distance_to_goal: 0.181  distance_to_goal_reward: 0.000  reward: 7.072  spl: 0.805  success: 0.922
2026-08-11 20:10:33,610 	Perf Stats: trainer.rollout_collect: 0.285 trainer.sample_action: 0.003 trainer.obs_insert: 0.000 trainer.step_env: 0.005 trainer.update_stats: 0.001 trainer.update_agent: 0.035
2026-08-11 20:10:36,778 update: 4540	fps: 495.301	
2026-08-11 20:10:36,778 Num updates: 4540	Num frames 726400
2026-08-11 20:10:36,778 Average window size: 50  distance_to_goal: 0.281  distance_to_goal_reward: 0.000  reward: 6.940  spl: 0.801  success: 0.912
2026-08-11 20:10:36,778 	Perf Stats: trainer.rollout_collect: 0.285 trainer.sample_action: 0.003 trainer.obs_insert: 0.000 trainer.step_env: 0.005 trainer.update_stats: 0.001 trainer.update_agent: 0.035
PluginManager::Manager: duplicate static plugin StbImageImporter, ignoring
PluginManager::Manager: duplicate static plugin GltfImporter, ignoring
PluginManager::Manager: duplicate static plugin BasisImporter, ignoring
PluginManager::Manager: duplicate static plugin AssimpImporter, ignoring
PluginManager::Manager: duplicate static plugin AnySceneImporter, ignoring
PluginManager::Manager: duplicate static plugin AnyImageImporter, ignoring
Renderer: NVIDIA GeForce RTX 4070/PCIe/SSE2 by NVIDIA Corporation
OpenGL version: 4.6.0 NVIDIA 580.173.02
Using optional features:
    GL_ARB_vertex_array_object
    GL_ARB_separate_shader_objects
    GL_ARB_robustness
    GL_ARB_texture_storage
    GL_ARB_texture_view
    GL_ARB_framebuffer_no_attachments
    GL_ARB_invalidate_subdata
    GL_ARB_texture_storage_multisample
    GL_ARB_multi_bind
    GL_ARB_direct_state_access
    GL_ARB_get_texture_sub_image
    GL_ARB_texture_filter_anisotropic
    GL_KHR_debug
    GL_KHR_parallel_shader_compile
    GL_NV_depth_buffer_float
Using driver workarounds:
    no-forward-compatible-core-context
    nv-egl-incorrect-gl11-function-pointers
    no-layout-qualifiers-on-old-glsl
    nv-zero-context-profile-mask
    nv-implementation-color-read-format-dsa-broken
    nv-cubemap-inconsistent-compressed-image-size
    nv-cubemap-broken-full-compressed-image-query
    nv-compressed-block-size-in-bits
[20:10:37:375940]:[Warning]:[Scene] SemanticScene.h(331)::checkFileExists : ::loadSemanticSceneDescriptor: File `data/scene_datasets/habitat-test-scenes/skokloster-castle.scn` does not exist.  Aborting load.
[20:10:37:375956]:[Warning]:[Scene] SemanticScene.cpp(123)::loadSemanticSceneDescriptor : SSD File Naming Issue! Neither SemanticAttributes-provided name : `data/scene_datasets/habitat-test-scenes/skokloster-castle.scn` nor constructed filename : `data/scene_datasets/habitat-test-scenes/info_semantic.json` exist on disk.
[20:10:37:375961]:[Error]:[Scene] SemanticScene.cpp(139)::loadSemanticSceneDescriptor : SSD Load Failure! File with SemanticAttributes-provided name `data/scene_datasets/habitat-test-scenes/skokloster-castle.scn` exists but failed to load.
[20:10:37:995365]:[Warning]:[Sim] Simulator.cpp(595)::instanceStageForSceneAttributes : The active scene does not contain semantic annotations : activeSemanticSceneID_ = 0
PluginManager::Manager: duplicate static plugin StbImageImporter, ignoring
PluginManager::Manager: duplicate static plugin GltfImporter, ignoring
PluginManager::Manager: duplicate static plugin BasisImporter, ignoring
PluginManager::Manager: duplicate static plugin AssimpImporter, ignoring
PluginManager::Manager: duplicate static plugin AnySceneImporter, ignoring
PluginManager::Manager: duplicate static plugin AnyImageImporter, ignoring
Renderer: NVIDIA GeForce RTX 4070/PCIe/SSE2 by NVIDIA Corporation
OpenGL version: 4.6.0 NVIDIA 580.173.02
Using optional features:
    GL_ARB_vertex_array_object
    GL_ARB_separate_shader_objects
    GL_ARB_robustness
    GL_ARB_texture_storage
    GL_ARB_texture_view
    GL_ARB_framebuffer_no_attachments
    GL_ARB_invalidate_subdata
    GL_ARB_texture_storage_multisample
    GL_ARB_multi_bind
    GL_ARB_direct_state_access
    GL_ARB_get_texture_sub_image
    GL_ARB_texture_filter_anisotropic
    GL_KHR_debug
    GL_KHR_parallel_shader_compile
    GL_NV_depth_buffer_float
Using driver workarounds:
    no-forward-compatible-core-context
    nv-egl-incorrect-gl11-function-pointers
    no-layout-qualifiers-on-old-glsl
    nv-zero-context-profile-mask
    nv-implementation-color-read-format-dsa-broken
    nv-cubemap-inconsistent-compressed-image-size
    nv-cubemap-broken-full-compressed-image-query
    nv-compressed-block-size-in-bits
[20:10:40:565340]:[Warning]:[Scene] SemanticScene.h(331)::checkFileExists : ::loadSemanticSceneDescriptor: File `data/scene_datasets/habitat-test-scenes/van-gogh-room.scn` does not exist.  Aborting load.
[20:10:40:565356]:[Warning]:[Scene] SemanticScene.cpp(123)::loadSemanticSceneDescriptor : SSD File Naming Issue! Neither SemanticAttributes-provided name : `data/scene_datasets/habitat-test-scenes/van-gogh-room.scn` nor constructed filename : `data/scene_datasets/habitat-test-scenes/info_semantic.json` exist on disk.
[20:10:40:565361]:[Error]:[Scene] SemanticScene.cpp(139)::loadSemanticSceneDescriptor : SSD Load Failure! File with SemanticAttributes-provided name `data/scene_datasets/habitat-test-scenes/van-gogh-room.scn` exists but failed to load.
[20:10:40:996969]:[Warning]:[Sim] Simulator.cpp(595)::instanceStageForSceneAttributes : The active scene does not contain semantic annotations : activeSemanticSceneID_ = 0
2026-08-11 20:10:41,046 update: 4550	fps: 494.952	
2026-08-11 20:10:41,047 Num updates: 4550	Num frames 728000
2026-08-11 20:10:41,047 Average window size: 50  distance_to_goal: 0.349  distance_to_goal_reward: -0.001  reward: 6.975  spl: 0.817  success: 0.933
2026-08-11 20:10:41,047 	Perf Stats: trainer.rollout_collect: 0.286 trainer.sample_action: 0.003 trainer.obs_insert: 0.000 trainer.step_env: 0.005 trainer.update_stats: 0.001 trainer.update_agent: 0.035
2026-08-11 20:10:44,172 update: 4560	fps: 494.988	
2026-08-11 20:10:44,172 Num updates: 4560	Num frames 729600
2026-08-11 20:10:44,172 Average window size: 50  distance_to_goal: 0.468  distance_to_goal_reward: -0.000  reward: 6.699  spl: 0.815  success: 0.924
2026-08-11 20:10:44,172 	Perf Stats: trainer.rollout_collect: 0.285 trainer.sample_action: 0.003 trainer.obs_insert: 0.000 trainer.step_env: 0.005 trainer.update_stats: 0.001 trainer.update_agent: 0.035
2026-08-11 20:10:47,308 update: 4570	fps: 495.020	
2026-08-11 20:10:47,308 Num updates: 4570	Num frames 731200
2026-08-11 20:10:47,308 Average window size: 50  distance_to_goal: 0.628  distance_to_goal_reward: -0.000  reward: 6.123  spl: 0.799  success: 0.904
2026-08-11 20:10:47,308 	Perf Stats: trainer.rollout_collect: 0.285 trainer.sample_action: 0.003 trainer.obs_insert: 0.000 trainer.step_env: 0.005 trainer.update_stats: 0.001 trainer.update_agent: 0.035
2026-08-11 20:10:50,455 update: 4580	fps: 495.049	
2026-08-11 20:10:50,455 Num updates: 4580	Num frames 732800
2026-08-11 20:10:50,455 Average window size: 50  distance_to_goal: 0.630  distance_to_goal_reward: -0.000  reward: 6.077  spl: 0.772  success: 0.889
2026-08-11 20:10:50,455 	Perf Stats: trainer.rollout_collect: 0.285 trainer.sample_action: 0.003 trainer.obs_insert: 0.000 trainer.step_env: 0.005 trainer.update_stats: 0.001 trainer.update_agent: 0.035
2026-08-11 20:10:53,596 update: 4590	fps: 495.079	
2026-08-11 20:10:53,596 Num updates: 4590	Num frames 734400
2026-08-11 20:10:53,596 Average window size: 50  distance_to_goal: 0.558  distance_to_goal_reward: -0.001  reward: 6.346  spl: 0.770  success: 0.896
2026-08-11 20:10:53,596 	Perf Stats: trainer.rollout_collect: 0.285 trainer.sample_action: 0.003 trainer.obs_insert: 0.000 trainer.step_env: 0.005 trainer.update_stats: 0.001 trainer.update_agent: 0.035
2026-08-11 20:10:56,821 update: 4600	fps: 495.081	
2026-08-11 20:10:56,821 Num updates: 4600	Num frames 736000
2026-08-11 20:10:56,821 Average window size: 50  distance_to_goal: 0.591  distance_to_goal_reward: 0.000  reward: 6.005  spl: 0.755  success: 0.879
2026-08-11 20:10:56,821 	Perf Stats: trainer.rollout_collect: 0.285 trainer.sample_action: 0.003 trainer.obs_insert: 0.000 trainer.step_env: 0.005 trainer.update_stats: 0.001 trainer.update_agent: 0.035
2026-08-11 20:10:59,974 update: 4610	fps: 495.107	
2026-08-11 20:10:59,974 Num updates: 4610	Num frames 737600
2026-08-11 20:10:59,974 Average window size: 50  distance_to_goal: 0.623  distance_to_goal_reward: 0.000  reward: 6.397  spl: 0.768  success: 0.891
2026-08-11 20:10:59,974 	Perf Stats: trainer.rollout_collect: 0.285 trainer.sample_action: 0.003 trainer.obs_insert: 0.000 trainer.step_env: 0.005 trainer.update_stats: 0.001 trainer.update_agent: 0.035
2026-08-11 20:11:03,139 update: 4620	fps: 495.129	
2026-08-11 20:11:03,139 Num updates: 4620	Num frames 739200
2026-08-11 20:11:03,139 Average window size: 50  distance_to_goal: 0.397  distance_to_goal_reward: 0.000  reward: 7.015  spl: 0.783  success: 0.906
2026-08-11 20:11:03,139 	Perf Stats: trainer.rollout_collect: 0.285 trainer.sample_action: 0.003 trainer.obs_insert: 0.000 trainer.step_env: 0.005 trainer.update_stats: 0.001 trainer.update_agent: 0.035
2026-08-11 20:11:06,294 update: 4630	fps: 495.154	
2026-08-11 20:11:06,295 Num updates: 4630	Num frames 740800
2026-08-11 20:11:06,295 Average window size: 50  distance_to_goal: 0.376  distance_to_goal_reward: 0.000  reward: 7.143  spl: 0.795  success: 0.911
2026-08-11 20:11:06,295 	Perf Stats: trainer.rollout_collect: 0.285 trainer.sample_action: 0.003 trainer.obs_insert: 0.000 trainer.step_env: 0.005 trainer.update_stats: 0.001 trainer.update_agent: 0.035
2026-08-11 20:11:09,444 update: 4640	fps: 495.181	
2026-08-11 20:11:09,445 Num updates: 4640	Num frames 742400
2026-08-11 20:11:09,445 Average window size: 50  distance_to_goal: 0.318  distance_to_goal_reward: 0.000  reward: 7.252  spl: 0.824  success: 0.931
2026-08-11 20:11:09,445 	Perf Stats: trainer.rollout_collect: 0.285 trainer.sample_action: 0.003 trainer.obs_insert: 0.000 trainer.step_env: 0.005 trainer.update_stats: 0.001 trainer.update_agent: 0.035
2026-08-11 20:11:12,598 update: 4650	fps: 495.207	
2026-08-11 20:11:12,598 Num updates: 4650	Num frames 744000
2026-08-11 20:11:12,598 Average window size: 50  distance_to_goal: 0.292  distance_to_goal_reward: -0.000  reward: 7.460  spl: 0.831  success: 0.935
2026-08-11 20:11:12,598 	Perf Stats: trainer.rollout_collect: 0.285 trainer.sample_action: 0.003 trainer.obs_insert: 0.000 trainer.step_env: 0.005 trainer.update_stats: 0.001 trainer.update_agent: 0.035
2026-08-11 20:11:15,736 update: 4660	fps: 495.237	
2026-08-11 20:11:15,737 Num updates: 4660	Num frames 745600
2026-08-11 20:11:15,737 Average window size: 50  distance_to_goal: 0.192  distance_to_goal_reward: 0.000  reward: 7.287  spl: 0.832  success: 0.934
2026-08-11 20:11:15,737 	Perf Stats: trainer.rollout_collect: 0.285 trainer.sample_action: 0.003 trainer.obs_insert: 0.000 trainer.step_env: 0.005 trainer.update_stats: 0.001 trainer.update_agent: 0.035
2026-08-11 20:11:18,855 update: 4670	fps: 495.274	
2026-08-11 20:11:18,855 Num updates: 4670	Num frames 747200
2026-08-11 20:11:18,855 Average window size: 50  distance_to_goal: 0.299  distance_to_goal_reward: 0.000  reward: 7.081  spl: 0.830  success: 0.924
2026-08-11 20:11:18,855 	Perf Stats: trainer.rollout_collect: 0.285 trainer.sample_action: 0.003 trainer.obs_insert: 0.000 trainer.step_env: 0.005 trainer.update_stats: 0.001 trainer.update_agent: 0.035
2026-08-11 20:11:21,996 update: 4680	fps: 495.304	
2026-08-11 20:11:21,996 Num updates: 4680	Num frames 748800
2026-08-11 20:11:21,996 Average window size: 50  distance_to_goal: 0.314  distance_to_goal_reward: 0.000  reward: 6.982  spl: 0.828  success: 0.925
2026-08-11 20:11:21,996 	Perf Stats: trainer.rollout_collect: 0.285 trainer.sample_action: 0.003 trainer.obs_insert: 0.000 trainer.step_env: 0.005 trainer.update_stats: 0.001 trainer.update_agent: 0.035
PluginManager::Manager: duplicate static plugin StbImageImporter, ignoring
PluginManager::Manager: duplicate static plugin GltfImporter, ignoring
PluginManager::Manager: duplicate static plugin BasisImporter, ignoring
PluginManager::Manager: duplicate static plugin AssimpImporter, ignoring
PluginManager::Manager: duplicate static plugin AnySceneImporter, ignoring
PluginManager::Manager: duplicate static plugin AnyImageImporter, ignoring
Renderer: NVIDIA GeForce RTX 4070/PCIe/SSE2 by NVIDIA Corporation
OpenGL version: 4.6.0 NVIDIA 580.173.02
Using optional features:
    GL_ARB_vertex_array_object
    GL_ARB_separate_shader_objects
    GL_ARB_robustness
    GL_ARB_texture_storage
    GL_ARB_texture_view
    GL_ARB_framebuffer_no_attachments
    GL_ARB_invalidate_subdata
    GL_ARB_texture_storage_multisample
    GL_ARB_multi_bind
    GL_ARB_direct_state_access
    GL_ARB_get_texture_sub_image
    GL_ARB_texture_filter_anisotropic
    GL_KHR_debug
    GL_KHR_parallel_shader_compile
    GL_NV_depth_buffer_float
Using driver workarounds:
    no-forward-compatible-core-context
    nv-egl-incorrect-gl11-function-pointers
    no-layout-qualifiers-on-old-glsl
    nv-zero-context-profile-mask
    nv-implementation-color-read-format-dsa-broken
    nv-cubemap-inconsistent-compressed-image-size
    nv-cubemap-broken-full-compressed-image-query
    nv-compressed-block-size-in-bits
[20:11:24:533100]:[Warning]:[Scene] SemanticScene.h(331)::checkFileExists : ::loadSemanticSceneDescriptor: File `data/scene_datasets/habitat-test-scenes/van-gogh-room.scn` does not exist.  Aborting load.
[20:11:24:533119]:[Warning]:[Scene] SemanticScene.cpp(123)::loadSemanticSceneDescriptor : SSD File Naming Issue! Neither SemanticAttributes-provided name : `data/scene_datasets/habitat-test-scenes/van-gogh-room.scn` nor constructed filename : `data/scene_datasets/habitat-test-scenes/info_semantic.json` exist on disk.
[20:11:24:533128]:[Error]:[Scene] SemanticScene.cpp(139)::loadSemanticSceneDescriptor : SSD Load Failure! File with SemanticAttributes-provided name `data/scene_datasets/habitat-test-scenes/van-gogh-room.scn` exists but failed to load.
[20:11:24:968136]:[Warning]:[Sim] Simulator.cpp(595)::instanceStageForSceneAttributes : The active scene does not contain semantic annotations : activeSemanticSceneID_ = 0
2026-08-11 20:11:25,584 update: 4690	fps: 495.186	
2026-08-11 20:11:25,585 Num updates: 4690	Num frames 750400
2026-08-11 20:11:25,585 Average window size: 50  distance_to_goal: 0.337  distance_to_goal_reward: 0.000  reward: 6.855  spl: 0.810  success: 0.910
2026-08-11 20:11:25,585 	Perf Stats: trainer.rollout_collect: 0.285 trainer.sample_action: 0.003 trainer.obs_insert: 0.000 trainer.step_env: 0.005 trainer.update_stats: 0.001 trainer.update_agent: 0.035
2026-08-11 20:11:28,758 update: 4700	fps: 495.205	
2026-08-11 20:11:28,758 Num updates: 4700	Num frames 752000
2026-08-11 20:11:28,758 Average window size: 50  distance_to_goal: 0.243  distance_to_goal_reward: 0.000  reward: 6.823  spl: 0.815  success: 0.904
2026-08-11 20:11:28,758 	Perf Stats: trainer.rollout_collect: 0.285 trainer.sample_action: 0.003 trainer.obs_insert: 0.000 trainer.step_env: 0.005 trainer.update_stats: 0.001 trainer.update_agent: 0.035
2026-08-11 20:11:31,840 update: 4710	fps: 495.254	
2026-08-11 20:11:31,840 Num updates: 4710	Num frames 753600
2026-08-11 20:11:31,840 Average window size: 50  distance_to_goal: 0.233  distance_to_goal_reward: 0.000  reward: 6.797  spl: 0.836  success: 0.916
2026-08-11 20:11:31,840 	Perf Stats: trainer.rollout_collect: 0.285 trainer.sample_action: 0.003 trainer.obs_insert: 0.000 trainer.step_env: 0.005 trainer.update_stats: 0.001 trainer.update_agent: 0.035
2026-08-11 20:11:34,892 update: 4720	fps: 495.312	
2026-08-11 20:11:34,893 Num updates: 4720	Num frames 755200
2026-08-11 20:11:34,893 Average window size: 50  distance_to_goal: 0.185  distance_to_goal_reward: 0.000  reward: 6.671  spl: 0.829  success: 0.913
2026-08-11 20:11:34,893 	Perf Stats: trainer.rollout_collect: 0.285 trainer.sample_action: 0.003 trainer.obs_insert: 0.000 trainer.step_env: 0.005 trainer.update_stats: 0.001 trainer.update_agent: 0.035
PluginManager::Manager: duplicate static plugin StbImageImporter, ignoring
PluginManager::Manager: duplicate static plugin GltfImporter, ignoring
PluginManager::Manager: duplicate static plugin BasisImporter, ignoring
PluginManager::Manager: duplicate static plugin AssimpImporter, ignoring
PluginManager::Manager: duplicate static plugin AnySceneImporter, ignoring
PluginManager::Manager: duplicate static plugin AnyImageImporter, ignoring
Renderer: NVIDIA GeForce RTX 4070/PCIe/SSE2 by NVIDIA Corporation
OpenGL version: 4.6.0 NVIDIA 580.173.02
Using optional features:
    GL_ARB_vertex_array_object
    GL_ARB_separate_shader_objects
    GL_ARB_robustness
    GL_ARB_texture_storage
    GL_ARB_texture_view
    GL_ARB_framebuffer_no_attachments
    GL_ARB_invalidate_subdata
    GL_ARB_texture_storage_multisample
    GL_ARB_multi_bind
    GL_ARB_direct_state_access
    GL_ARB_get_texture_sub_image
    GL_ARB_texture_filter_anisotropic
    GL_KHR_debug
    GL_KHR_parallel_shader_compile
    GL_NV_depth_buffer_float
Using driver workarounds:
    no-forward-compatible-core-context
    nv-egl-incorrect-gl11-function-pointers
    no-layout-qualifiers-on-old-glsl
    nv-zero-context-profile-mask
    nv-implementation-color-read-format-dsa-broken
    nv-cubemap-inconsistent-compressed-image-size
    nv-cubemap-broken-full-compressed-image-query
    nv-compressed-block-size-in-bits
[20:11:36:668453]:[Warning]:[Scene] SemanticScene.h(331)::checkFileExists : ::loadSemanticSceneDescriptor: File `data/scene_datasets/habitat-test-scenes/skokloster-castle.scn` does not exist.  Aborting load.
[20:11:36:668471]:[Warning]:[Scene] SemanticScene.cpp(123)::loadSemanticSceneDescriptor : SSD File Naming Issue! Neither SemanticAttributes-provided name : `data/scene_datasets/habitat-test-scenes/skokloster-castle.scn` nor constructed filename : `data/scene_datasets/habitat-test-scenes/info_semantic.json` exist on disk.
[20:11:36:668481]:[Error]:[Scene] SemanticScene.cpp(139)::loadSemanticSceneDescriptor : SSD Load Failure! File with SemanticAttributes-provided name `data/scene_datasets/habitat-test-scenes/skokloster-castle.scn` exists but failed to load.
[20:11:37:275618]:[Warning]:[Sim] Simulator.cpp(595)::instanceStageForSceneAttributes : The active scene does not contain semantic annotations : activeSemanticSceneID_ = 0
2026-08-11 20:11:38,603 update: 4730	fps: 495.156	
2026-08-11 20:11:38,603 Num updates: 4730	Num frames 756800
2026-08-11 20:11:38,603 Average window size: 50  distance_to_goal: 0.260  distance_to_goal_reward: 0.000  reward: 6.502  spl: 0.836  success: 0.918
2026-08-11 20:11:38,603 	Perf Stats: trainer.rollout_collect: 0.285 trainer.sample_action: 0.003 trainer.obs_insert: 0.000 trainer.step_env: 0.005 trainer.update_stats: 0.001 trainer.update_agent: 0.035
2026-08-11 20:11:41,714 update: 4740	fps: 495.195	
2026-08-11 20:11:41,714 Num updates: 4740	Num frames 758400
2026-08-11 20:11:41,714 Average window size: 50  distance_to_goal: 0.249  distance_to_goal_reward: 0.000  reward: 6.561  spl: 0.834  success: 0.917
2026-08-11 20:11:41,714 	Perf Stats: trainer.rollout_collect: 0.285 trainer.sample_action: 0.003 trainer.obs_insert: 0.000 trainer.step_env: 0.005 trainer.update_stats: 0.001 trainer.update_agent: 0.035
2026-08-11 20:11:44,826 update: 4750	fps: 495.233	
2026-08-11 20:11:44,826 Num updates: 4750	Num frames 760000
2026-08-11 20:11:44,826 Average window size: 50  distance_to_goal: 0.326  distance_to_goal_reward: 0.000  reward: 6.560  spl: 0.841  success: 0.935
2026-08-11 20:11:44,826 	Perf Stats: trainer.rollout_collect: 0.285 trainer.sample_action: 0.003 trainer.obs_insert: 0.000 trainer.step_env: 0.005 trainer.update_stats: 0.001 trainer.update_agent: 0.035
2026-08-11 20:11:47,969 update: 4760	fps: 495.262	
2026-08-11 20:11:47,969 Num updates: 4760	Num frames 761600
2026-08-11 20:11:47,969 Average window size: 50  distance_to_goal: 0.332  distance_to_goal_reward: 0.000  reward: 6.791  spl: 0.830  success: 0.933
2026-08-11 20:11:47,969 	Perf Stats: trainer.rollout_collect: 0.285 trainer.sample_action: 0.003 trainer.obs_insert: 0.000 trainer.step_env: 0.005 trainer.update_stats: 0.001 trainer.update_agent: 0.035
PluginManager::Manager: duplicate static plugin StbImageImporter, ignoring
PluginManager::Manager: duplicate static plugin GltfImporter, ignoring
PluginManager::Manager: duplicate static plugin BasisImporter, ignoring
PluginManager::Manager: duplicate static plugin AssimpImporter, ignoring
PluginManager::Manager: duplicate static plugin AnySceneImporter, ignoring
PluginManager::Manager: duplicate static plugin AnyImageImporter, ignoring
Renderer: NVIDIA GeForce RTX 4070/PCIe/SSE2 by NVIDIA Corporation
OpenGL version: 4.6.0 NVIDIA 580.173.02
Using optional features:
    GL_ARB_vertex_array_object
    GL_ARB_separate_shader_objects
    GL_ARB_robustness
    GL_ARB_texture_storage
    GL_ARB_texture_view
    GL_ARB_framebuffer_no_attachments
    GL_ARB_invalidate_subdata
    GL_ARB_texture_storage_multisample
    GL_ARB_multi_bind
    GL_ARB_direct_state_access
    GL_ARB_get_texture_sub_image
    GL_ARB_texture_filter_anisotropic
    GL_KHR_debug
    GL_KHR_parallel_shader_compile
    GL_NV_depth_buffer_float
Using driver workarounds:
    no-forward-compatible-core-context
    nv-egl-incorrect-gl11-function-pointers
    no-layout-qualifiers-on-old-glsl
    nv-zero-context-profile-mask
    nv-implementation-color-read-format-dsa-broken
    nv-cubemap-inconsistent-compressed-image-size
    nv-cubemap-broken-full-compressed-image-query
    nv-compressed-block-size-in-bits
[20:11:48:836068]:[Warning]:[Scene] SemanticScene.h(331)::checkFileExists : ::loadSemanticSceneDescriptor: File `data/scene_datasets/habitat-test-scenes/van-gogh-room.scn` does not exist.  Aborting load.
[20:11:48:836083]:[Warning]:[Scene] SemanticScene.cpp(123)::loadSemanticSceneDescriptor : SSD File Naming Issue! Neither SemanticAttributes-provided name : `data/scene_datasets/habitat-test-scenes/van-gogh-room.scn` nor constructed filename : `data/scene_datasets/habitat-test-scenes/info_semantic.json` exist on disk.
[20:11:48:836088]:[Error]:[Scene] SemanticScene.cpp(139)::loadSemanticSceneDescriptor : SSD Load Failure! File with SemanticAttributes-provided name `data/scene_datasets/habitat-test-scenes/van-gogh-room.scn` exists but failed to load.
[20:11:49:269156]:[Warning]:[Sim] Simulator.cpp(595)::instanceStageForSceneAttributes : The active scene does not contain semantic annotations : activeSemanticSceneID_ = 0
2026-08-11 20:11:51,526 update: 4770	fps: 495.157	
2026-08-11 20:11:51,526 Num updates: 4770	Num frames 763200
2026-08-11 20:11:51,526 Average window size: 50  distance_to_goal: 0.278  distance_to_goal_reward: 0.000  reward: 7.090  spl: 0.838  success: 0.940
2026-08-11 20:11:51,526 	Perf Stats: trainer.rollout_collect: 0.285 trainer.sample_action: 0.003 trainer.obs_insert: 0.000 trainer.step_env: 0.005 trainer.update_stats: 0.001 trainer.update_agent: 0.035
2026-08-11 20:11:54,635 update: 4780	fps: 495.196	
2026-08-11 20:11:54,635 Num updates: 4780	Num frames 764800
2026-08-11 20:11:54,635 Average window size: 50  distance_to_goal: 0.236  distance_to_goal_reward: 0.000  reward: 7.003  spl: 0.839  success: 0.948
2026-08-11 20:11:54,635 	Perf Stats: trainer.rollout_collect: 0.285 trainer.sample_action: 0.003 trainer.obs_insert: 0.000 trainer.step_env: 0.005 trainer.update_stats: 0.001 trainer.update_agent: 0.035
2026-08-11 20:11:57,735 update: 4790	fps: 495.238	
2026-08-11 20:11:57,743 Num updates: 4790	Num frames 766400
2026-08-11 20:11:57,743 Average window size: 50  distance_to_goal: 0.225  distance_to_goal_reward: 0.000  reward: 6.869  spl: 0.852  success: 0.952
2026-08-11 20:11:57,743 	Perf Stats: trainer.rollout_collect: 0.285 trainer.sample_action: 0.003 trainer.obs_insert: 0.000 trainer.step_env: 0.005 trainer.update_stats: 0.001 trainer.update_agent: 0.035
2026-08-11 20:12:00,913 update: 4800	fps: 495.255	
2026-08-11 20:12:00,913 Num updates: 4800	Num frames 768000
2026-08-11 20:12:00,913 Average window size: 50  distance_to_goal: 0.244  distance_to_goal_reward: 0.000  reward: 6.821  spl: 0.853  success: 0.959
2026-08-11 20:12:00,913 	Perf Stats: trainer.rollout_collect: 0.285 trainer.sample_action: 0.003 trainer.obs_insert: 0.000 trainer.step_env: 0.005 trainer.update_stats: 0.001 trainer.update_agent: 0.035
2026-08-11 20:12:03,998 update: 4810	fps: 495.301	
2026-08-11 20:12:03,998 Num updates: 4810	Num frames 769600
2026-08-11 20:12:03,998 Average window size: 50  distance_to_goal: 0.240  distance_to_goal_reward: 0.000  reward: 6.649  spl: 0.853  success: 0.961
2026-08-11 20:12:03,998 	Perf Stats: trainer.rollout_collect: 0.285 trainer.sample_action: 0.003 trainer.obs_insert: 0.000 trainer.step_env: 0.005 trainer.update_stats: 0.001 trainer.update_agent: 0.035
PluginManager::Manager: duplicate static plugin StbImageImporter, ignoring
PluginManager::Manager: duplicate static plugin GltfImporter, ignoring
PluginManager::Manager: duplicate static plugin BasisImporter, ignoring
PluginManager::Manager: duplicate static plugin AssimpImporter, ignoring
PluginManager::Manager: duplicate static plugin AnySceneImporter, ignoring
PluginManager::Manager: duplicate static plugin AnyImageImporter, ignoring
Renderer: NVIDIA GeForce RTX 4070/PCIe/SSE2 by NVIDIA Corporation
OpenGL version: 4.6.0 NVIDIA 580.173.02
Using optional features:
    GL_ARB_vertex_array_object
    GL_ARB_separate_shader_objects
    GL_ARB_robustness
    GL_ARB_texture_storage
    GL_ARB_texture_view
    GL_ARB_framebuffer_no_attachments
    GL_ARB_invalidate_subdata
    GL_ARB_texture_storage_multisample
    GL_ARB_multi_bind
    GL_ARB_direct_state_access
    GL_ARB_get_texture_sub_image
    GL_ARB_texture_filter_anisotropic
    GL_KHR_debug
    GL_KHR_parallel_shader_compile
    GL_NV_depth_buffer_float
Using driver workarounds:
    no-forward-compatible-core-context
    nv-egl-incorrect-gl11-function-pointers
    no-layout-qualifiers-on-old-glsl
    nv-zero-context-profile-mask
    nv-implementation-color-read-format-dsa-broken
    nv-cubemap-inconsistent-compressed-image-size
    nv-cubemap-broken-full-compressed-image-query
    nv-compressed-block-size-in-bits
[20:12:05:411190]:[Warning]:[Scene] SemanticScene.h(331)::checkFileExists : ::loadSemanticSceneDescriptor: File `data/scene_datasets/habitat-test-scenes/van-gogh-room.scn` does not exist.  Aborting load.
[20:12:05:411206]:[Warning]:[Scene] SemanticScene.cpp(123)::loadSemanticSceneDescriptor : SSD File Naming Issue! Neither SemanticAttributes-provided name : `data/scene_datasets/habitat-test-scenes/van-gogh-room.scn` nor constructed filename : `data/scene_datasets/habitat-test-scenes/info_semantic.json` exist on disk.
[20:12:05:411211]:[Error]:[Scene] SemanticScene.cpp(139)::loadSemanticSceneDescriptor : SSD Load Failure! File with SemanticAttributes-provided name `data/scene_datasets/habitat-test-scenes/van-gogh-room.scn` exists but failed to load.
[20:12:05:855402]:[Warning]:[Sim] Simulator.cpp(595)::instanceStageForSceneAttributes : The active scene does not contain semantic annotations : activeSemanticSceneID_ = 0
PluginManager::Manager: duplicate static plugin StbImageImporter, ignoring
PluginManager::Manager: duplicate static plugin GltfImporter, ignoring
PluginManager::Manager: duplicate static plugin BasisImporter, ignoring
PluginManager::Manager: duplicate static plugin AssimpImporter, ignoring
PluginManager::Manager: duplicate static plugin AnySceneImporter, ignoring
PluginManager::Manager: duplicate static plugin AnyImageImporter, ignoring
Renderer: NVIDIA GeForce RTX 4070/PCIe/SSE2 by NVIDIA Corporation
OpenGL version: 4.6.0 NVIDIA 580.173.02
Using optional features:
    GL_ARB_vertex_array_object
    GL_ARB_separate_shader_objects
    GL_ARB_robustness
    GL_ARB_texture_storage
    GL_ARB_texture_view
    GL_ARB_framebuffer_no_attachments
    GL_ARB_invalidate_subdata
    GL_ARB_texture_storage_multisample
    GL_ARB_multi_bind
    GL_ARB_direct_state_access
    GL_ARB_get_texture_sub_image
    GL_ARB_texture_filter_anisotropic
    GL_KHR_debug
    GL_KHR_parallel_shader_compile
    GL_NV_depth_buffer_float
Using driver workarounds:
    no-forward-compatible-core-context
    nv-egl-incorrect-gl11-function-pointers
    no-layout-qualifiers-on-old-glsl
    nv-zero-context-profile-mask
    nv-implementation-color-read-format-dsa-broken
    nv-cubemap-inconsistent-compressed-image-size
    nv-cubemap-broken-full-compressed-image-query
    nv-compressed-block-size-in-bits
[20:12:06:137772]:[Warning]:[Scene] SemanticScene.h(331)::checkFileExists : ::loadSemanticSceneDescriptor: File `data/scene_datasets/habitat-test-scenes/skokloster-castle.scn` does not exist.  Aborting load.
[20:12:06:137788]:[Warning]:[Scene] SemanticScene.cpp(123)::loadSemanticSceneDescriptor : SSD File Naming Issue! Neither SemanticAttributes-provided name : `data/scene_datasets/habitat-test-scenes/skokloster-castle.scn` nor constructed filename : `data/scene_datasets/habitat-test-scenes/info_semantic.json` exist on disk.
[20:12:06:137793]:[Error]:[Scene] SemanticScene.cpp(139)::loadSemanticSceneDescriptor : SSD Load Failure! File with SemanticAttributes-provided name `data/scene_datasets/habitat-test-scenes/skokloster-castle.scn` exists but failed to load.
[20:12:06:741125]:[Warning]:[Sim] Simulator.cpp(595)::instanceStageForSceneAttributes : The active scene does not contain semantic annotations : activeSemanticSceneID_ = 0
2026-08-11 20:12:08,170 update: 4820	fps: 495.002	
2026-08-11 20:12:08,170 Num updates: 4820	Num frames 771200
2026-08-11 20:12:08,170 Average window size: 50  distance_to_goal: 0.252  distance_to_goal_reward: 0.000  reward: 6.411  spl: 0.850  success: 0.953
2026-08-11 20:12:08,170 	Perf Stats: trainer.rollout_collect: 0.285 trainer.sample_action: 0.003 trainer.obs_insert: 0.000 trainer.step_env: 0.005 trainer.update_stats: 0.001 trainer.update_agent: 0.035
2026-08-11 20:12:11,253 update: 4830	fps: 495.049	
2026-08-11 20:12:11,253 Num updates: 4830	Num frames 772800
2026-08-11 20:12:11,253 Average window size: 50  distance_to_goal: 0.253  distance_to_goal_reward: 0.000  reward: 6.249  spl: 0.846  success: 0.945
2026-08-11 20:12:11,253 	Perf Stats: trainer.rollout_collect: 0.285 trainer.sample_action: 0.003 trainer.obs_insert: 0.000 trainer.step_env: 0.005 trainer.update_stats: 0.001 trainer.update_agent: 0.035
2026-08-11 20:12:14,343 update: 4840	fps: 495.094	
2026-08-11 20:12:14,343 Num updates: 4840	Num frames 774400
2026-08-11 20:12:14,343 Average window size: 50  distance_to_goal: 0.251  distance_to_goal_reward: 0.000  reward: 6.479  spl: 0.847  success: 0.950
2026-08-11 20:12:14,343 	Perf Stats: trainer.rollout_collect: 0.285 trainer.sample_action: 0.003 trainer.obs_insert: 0.000 trainer.step_env: 0.005 trainer.update_stats: 0.001 trainer.update_agent: 0.035
2026-08-11 20:12:17,455 update: 4850	fps: 495.132	
2026-08-11 20:12:17,455 Num updates: 4850	Num frames 776000
2026-08-11 20:12:17,455 Average window size: 50  distance_to_goal: 0.209  distance_to_goal_reward: 0.000  reward: 6.545  spl: 0.856  success: 0.951
2026-08-11 20:12:17,456 	Perf Stats: trainer.rollout_collect: 0.285 trainer.sample_action: 0.003 trainer.obs_insert: 0.000 trainer.step_env: 0.005 trainer.update_stats: 0.001 trainer.update_agent: 0.035
2026-08-11 20:12:20,531 update: 4860	fps: 495.181	
2026-08-11 20:12:20,531 Num updates: 4860	Num frames 777600
2026-08-11 20:12:20,531 Average window size: 50  distance_to_goal: 0.214  distance_to_goal_reward: 0.000  reward: 6.364  spl: 0.855  success: 0.949
2026-08-11 20:12:20,532 	Perf Stats: trainer.rollout_collect: 0.285 trainer.sample_action: 0.003 trainer.obs_insert: 0.000 trainer.step_env: 0.005 trainer.update_stats: 0.001 trainer.update_agent: 0.035
2026-08-11 20:12:23,626 update: 4870	fps: 495.224	
2026-08-11 20:12:23,635 Num updates: 4870	Num frames 779200
2026-08-11 20:12:23,635 Average window size: 50  distance_to_goal: 0.316  distance_to_goal_reward: 0.000  reward: 6.401  spl: 0.856  success: 0.948
2026-08-11 20:12:23,635 	Perf Stats: trainer.rollout_collect: 0.285 trainer.sample_action: 0.003 trainer.obs_insert: 0.000 trainer.step_env: 0.005 trainer.update_stats: 0.001 trainer.update_agent: 0.035
2026-08-11 20:12:26,722 update: 4880	fps: 495.266	
2026-08-11 20:12:26,722 Num updates: 4880	Num frames 780800
2026-08-11 20:12:26,722 Average window size: 50  distance_to_goal: 0.271  distance_to_goal_reward: 0.000  reward: 6.634  spl: 0.858  success: 0.954
2026-08-11 20:12:26,722 	Perf Stats: trainer.rollout_collect: 0.285 trainer.sample_action: 0.003 trainer.obs_insert: 0.000 trainer.step_env: 0.005 trainer.update_stats: 0.001 trainer.update_agent: 0.035
2026-08-11 20:12:29,818 update: 4890	fps: 495.308	
2026-08-11 20:12:29,819 Num updates: 4890	Num frames 782400
2026-08-11 20:12:29,819 Average window size: 50  distance_to_goal: 0.272  distance_to_goal_reward: 0.000  reward: 6.439  spl: 0.842  success: 0.944
2026-08-11 20:12:29,819 	Perf Stats: trainer.rollout_collect: 0.285 trainer.sample_action: 0.003 trainer.obs_insert: 0.000 trainer.step_env: 0.005 trainer.update_stats: 0.001 trainer.update_agent: 0.035
2026-08-11 20:12:33,014 update: 4900	fps: 495.319	
2026-08-11 20:12:33,014 Num updates: 4900	Num frames 784000
2026-08-11 20:12:33,014 Average window size: 50  distance_to_goal: 0.227  distance_to_goal_reward: 0.000  reward: 6.391  spl: 0.829  success: 0.938
2026-08-11 20:12:33,014 	Perf Stats: trainer.rollout_collect: 0.285 trainer.sample_action: 0.003 trainer.obs_insert: 0.000 trainer.step_env: 0.005 trainer.update_stats: 0.001 trainer.update_agent: 0.035
2026-08-11 20:12:36,120 update: 4910	fps: 495.358	
2026-08-11 20:12:36,121 Num updates: 4910	Num frames 785600
2026-08-11 20:12:36,121 Average window size: 50  distance_to_goal: 0.221  distance_to_goal_reward: 0.000  reward: 6.606  spl: 0.831  success: 0.940
2026-08-11 20:12:36,121 	Perf Stats: trainer.rollout_collect: 0.285 trainer.sample_action: 0.003 trainer.obs_insert: 0.000 trainer.step_env: 0.005 trainer.update_stats: 0.001 trainer.update_agent: 0.035
2026-08-11 20:12:39,217 update: 4920	fps: 495.399	
2026-08-11 20:12:39,226 Num updates: 4920	Num frames 787200
2026-08-11 20:12:39,226 Average window size: 50  distance_to_goal: 0.154  distance_to_goal_reward: 0.000  reward: 6.413  spl: 0.821  success: 0.929
2026-08-11 20:12:39,226 	Perf Stats: trainer.rollout_collect: 0.285 trainer.sample_action: 0.003 trainer.obs_insert: 0.000 trainer.step_env: 0.005 trainer.update_stats: 0.001 trainer.update_agent: 0.035
2026-08-11 20:12:42,317 update: 4930	fps: 495.439	
2026-08-11 20:12:42,318 Num updates: 4930	Num frames 788800
2026-08-11 20:12:42,318 Average window size: 50  distance_to_goal: 0.196  distance_to_goal_reward: 0.000  reward: 6.176  spl: 0.829  success: 0.930
2026-08-11 20:12:42,318 	Perf Stats: trainer.rollout_collect: 0.285 trainer.sample_action: 0.003 trainer.obs_insert: 0.000 trainer.step_env: 0.005 trainer.update_stats: 0.001 trainer.update_agent: 0.035
2026-08-11 20:12:45,429 update: 4940	fps: 495.476	
2026-08-11 20:12:45,429 Num updates: 4940	Num frames 790400
2026-08-11 20:12:45,429 Average window size: 50  distance_to_goal: 0.192  distance_to_goal_reward: 0.000  reward: 6.331  spl: 0.830  success: 0.931
2026-08-11 20:12:45,429 	Perf Stats: trainer.rollout_collect: 0.285 trainer.sample_action: 0.003 trainer.obs_insert: 0.000 trainer.step_env: 0.005 trainer.update_stats: 0.001 trainer.update_agent: 0.035
2026-08-11 20:12:48,527 update: 4950	fps: 495.517	
2026-08-11 20:12:48,527 Num updates: 4950	Num frames 792000
2026-08-11 20:12:48,527 Average window size: 50  distance_to_goal: 0.213  distance_to_goal_reward: 0.000  reward: 6.290  spl: 0.840  success: 0.942
2026-08-11 20:12:48,527 	Perf Stats: trainer.rollout_collect: 0.285 trainer.sample_action: 0.003 trainer.obs_insert: 0.000 trainer.step_env: 0.005 trainer.update_stats: 0.001 trainer.update_agent: 0.035
2026-08-11 20:12:51,640 update: 4960	fps: 495.553	
2026-08-11 20:12:51,641 Num updates: 4960	Num frames 793600
2026-08-11 20:12:51,641 Average window size: 50  distance_to_goal: 0.212  distance_to_goal_reward: 0.000  reward: 6.242  spl: 0.834  success: 0.943
2026-08-11 20:12:51,641 	Perf Stats: trainer.rollout_collect: 0.285 trainer.sample_action: 0.003 trainer.obs_insert: 0.000 trainer.step_env: 0.005 trainer.update_stats: 0.001 trainer.update_agent: 0.035
2026-08-11 20:12:54,750 update: 4970	fps: 495.589	
2026-08-11 20:12:54,750 Num updates: 4970	Num frames 795200
2026-08-11 20:12:54,750 Average window size: 50  distance_to_goal: 0.254  distance_to_goal_reward: 0.000  reward: 6.472  spl: 0.848  success: 0.964
2026-08-11 20:12:54,750 	Perf Stats: trainer.rollout_collect: 0.285 trainer.sample_action: 0.003 trainer.obs_insert: 0.000 trainer.step_env: 0.005 trainer.update_stats: 0.001 trainer.update_agent: 0.035
2026-08-11 20:12:57,849 update: 4980	fps: 495.629	
2026-08-11 20:12:57,849 Num updates: 4980	Num frames 796800
2026-08-11 20:12:57,849 Average window size: 50  distance_to_goal: 0.236  distance_to_goal_reward: 0.000  reward: 6.473  spl: 0.846  success: 0.963
2026-08-11 20:12:57,849 	Perf Stats: trainer.rollout_collect: 0.285 trainer.sample_action: 0.003 trainer.obs_insert: 0.000 trainer.step_env: 0.005 trainer.update_stats: 0.001 trainer.update_agent: 0.035
2026-08-11 20:13:00,937 update: 4990	fps: 495.672	
2026-08-11 20:13:00,937 Num updates: 4990	Num frames 798400
2026-08-11 20:13:00,937 Average window size: 50  distance_to_goal: 0.242  distance_to_goal_reward: 0.000  reward: 6.311  spl: 0.850  success: 0.968
2026-08-11 20:13:00,937 	Perf Stats: trainer.rollout_collect: 0.285 trainer.sample_action: 0.003 trainer.obs_insert: 0.000 trainer.step_env: 0.005 trainer.update_stats: 0.001 trainer.update_agent: 0.035
2026-08-11 20:13:04,127 update: 5000	fps: 495.684	
2026-08-11 20:13:04,127 Num updates: 5000	Num frames 800000
2026-08-11 20:13:04,127 Average window size: 50  distance_to_goal: 0.361  distance_to_goal_reward: 0.000  reward: 6.200  spl: 0.827  success: 0.944
2026-08-11 20:13:04,127 	Perf Stats: trainer.rollout_collect: 0.285 trainer.sample_action: 0.003 trainer.obs_insert: 0.000 trainer.step_env: 0.005 trainer.update_stats: 0.001 trainer.update_agent: 0.035
2026-08-11 20:13:07,290 update: 5010	fps: 495.704	
2026-08-11 20:13:07,290 Num updates: 5010	Num frames 801600
2026-08-11 20:13:07,290 Average window size: 50  distance_to_goal: 0.269  distance_to_goal_reward: 0.000  reward: 6.272  spl: 0.832  success: 0.943
2026-08-11 20:13:07,290 	Perf Stats: trainer.rollout_collect: 0.285 trainer.sample_action: 0.003 trainer.obs_insert: 0.000 trainer.step_env: 0.005 trainer.update_stats: 0.001 trainer.update_agent: 0.035
PluginManager::Manager: duplicate static plugin StbImageImporter, ignoring
PluginManager::Manager: duplicate static plugin GltfImporter, ignoring
PluginManager::Manager: duplicate static plugin BasisImporter, ignoring
PluginManager::Manager: duplicate static plugin AssimpImporter, ignoring
PluginManager::Manager: duplicate static plugin AnySceneImporter, ignoring
PluginManager::Manager: duplicate static plugin AnyImageImporter, ignoring
Renderer: NVIDIA GeForce RTX 4070/PCIe/SSE2 by NVIDIA Corporation
OpenGL version: 4.6.0 NVIDIA 580.173.02
Using optional features:
    GL_ARB_vertex_array_object
    GL_ARB_separate_shader_objects
    GL_ARB_robustness
    GL_ARB_texture_storage
    GL_ARB_texture_view
    GL_ARB_framebuffer_no_attachments
    GL_ARB_invalidate_subdata
    GL_ARB_texture_storage_multisample
    GL_ARB_multi_bind
    GL_ARB_direct_state_access
    GL_ARB_get_texture_sub_image
    GL_ARB_texture_filter_anisotropic
    GL_KHR_debug
    GL_KHR_parallel_shader_compile
    GL_NV_depth_buffer_float
Using driver workarounds:
    no-forward-compatible-core-context
    nv-egl-incorrect-gl11-function-pointers
    no-layout-qualifiers-on-old-glsl
    nv-zero-context-profile-mask
    nv-implementation-color-read-format-dsa-broken
    nv-cubemap-inconsistent-compressed-image-size
    nv-cubemap-broken-full-compressed-image-query
    nv-compressed-block-size-in-bits
[20:13:08:347102]:[Warning]:[Scene] SemanticScene.h(331)::checkFileExists : ::loadSemanticSceneDescriptor: File `data/scene_datasets/habitat-test-scenes/skokloster-castle.scn` does not exist.  Aborting load.
[20:13:08:347119]:[Warning]:[Scene] SemanticScene.cpp(123)::loadSemanticSceneDescriptor : SSD File Naming Issue! Neither SemanticAttributes-provided name : `data/scene_datasets/habitat-test-scenes/skokloster-castle.scn` nor constructed filename : `data/scene_datasets/habitat-test-scenes/info_semantic.json` exist on disk.
[20:13:08:347124]:[Error]:[Scene] SemanticScene.cpp(139)::loadSemanticSceneDescriptor : SSD Load Failure! File with SemanticAttributes-provided name `data/scene_datasets/habitat-test-scenes/skokloster-castle.scn` exists but failed to load.
[20:13:08:952897]:[Warning]:[Sim] Simulator.cpp(595)::instanceStageForSceneAttributes : The active scene does not contain semantic annotations : activeSemanticSceneID_ = 0
2026-08-11 20:13:11,045 update: 5020	fps: 495.543	
2026-08-11 20:13:11,045 Num updates: 5020	Num frames 803200
2026-08-11 20:13:11,045 Average window size: 50  distance_to_goal: 0.319  distance_to_goal_reward: 0.000  reward: 6.118  spl: 0.816  success: 0.926
2026-08-11 20:13:11,045 	Perf Stats: trainer.rollout_collect: 0.285 trainer.sample_action: 0.003 trainer.obs_insert: 0.000 trainer.step_env: 0.005 trainer.update_stats: 0.001 trainer.update_agent: 0.035
2026-08-11 20:13:14,205 update: 5030	fps: 495.564	
2026-08-11 20:13:14,205 Num updates: 5030	Num frames 804800
2026-08-11 20:13:14,205 Average window size: 50  distance_to_goal: 0.400  distance_to_goal_reward: 0.000  reward: 6.231  spl: 0.821  success: 0.922
2026-08-11 20:13:14,206 	Perf Stats: trainer.rollout_collect: 0.285 trainer.sample_action: 0.003 trainer.obs_insert: 0.000 trainer.step_env: 0.005 trainer.update_stats: 0.001 trainer.update_agent: 0.035
PluginManager::Manager: duplicate static plugin StbImageImporter, ignoring
PluginManager::Manager: duplicate static plugin GltfImporter, ignoring
PluginManager::Manager: duplicate static plugin BasisImporter, ignoring
PluginManager::Manager: duplicate static plugin AssimpImporter, ignoring
PluginManager::Manager: duplicate static plugin AnySceneImporter, ignoring
PluginManager::Manager: duplicate static plugin AnyImageImporter, ignoring
Renderer: NVIDIA GeForce RTX 4070/PCIe/SSE2 by NVIDIA Corporation
OpenGL version: 4.6.0 NVIDIA 580.173.02
Using optional features:
    GL_ARB_vertex_array_object
    GL_ARB_separate_shader_objects
    GL_ARB_robustness
    GL_ARB_texture_storage
    GL_ARB_texture_view
    GL_ARB_framebuffer_no_attachments
    GL_ARB_invalidate_subdata
    GL_ARB_texture_storage_multisample
    GL_ARB_multi_bind
    GL_ARB_direct_state_access
    GL_ARB_get_texture_sub_image
    GL_ARB_texture_filter_anisotropic
    GL_KHR_debug
    GL_KHR_parallel_shader_compile
    GL_NV_depth_buffer_float
Using driver workarounds:
    no-forward-compatible-core-context
    nv-egl-incorrect-gl11-function-pointers
    no-layout-qualifiers-on-old-glsl
    nv-zero-context-profile-mask
    nv-implementation-color-read-format-dsa-broken
    nv-cubemap-inconsistent-compressed-image-size
    nv-cubemap-broken-full-compressed-image-query
    nv-compressed-block-size-in-bits
[20:13:14:749548]:[Warning]:[Scene] SemanticScene.h(331)::checkFileExists : ::loadSemanticSceneDescriptor: File `data/scene_datasets/habitat-test-scenes/van-gogh-room.scn` does not exist.  Aborting load.
[20:13:14:749566]:[Warning]:[Scene] SemanticScene.cpp(123)::loadSemanticSceneDescriptor : SSD File Naming Issue! Neither SemanticAttributes-provided name : `data/scene_datasets/habitat-test-scenes/van-gogh-room.scn` nor constructed filename : `data/scene_datasets/habitat-test-scenes/info_semantic.json` exist on disk.
[20:13:14:749575]:[Error]:[Scene] SemanticScene.cpp(139)::loadSemanticSceneDescriptor : SSD Load Failure! File with SemanticAttributes-provided name `data/scene_datasets/habitat-test-scenes/van-gogh-room.scn` exists but failed to load.
[20:13:15:189395]:[Warning]:[Sim] Simulator.cpp(595)::instanceStageForSceneAttributes : The active scene does not contain semantic annotations : activeSemanticSceneID_ = 0
2026-08-11 20:13:17,784 update: 5040	fps: 495.457	
2026-08-11 20:13:17,784 Num updates: 5040	Num frames 806400
2026-08-11 20:13:17,785 Average window size: 50  distance_to_goal: 0.429  distance_to_goal_reward: 0.000  reward: 6.359  spl: 0.832  success: 0.929
2026-08-11 20:13:17,785 	Perf Stats: trainer.rollout_collect: 0.285 trainer.sample_action: 0.003 trainer.obs_insert: 0.000 trainer.step_env: 0.005 trainer.update_stats: 0.001 trainer.update_agent: 0.035
2026-08-11 20:13:20,899 update: 5050	fps: 495.492	
2026-08-11 20:13:20,899 Num updates: 5050	Num frames 808000
2026-08-11 20:13:20,899 Average window size: 50  distance_to_goal: 0.366  distance_to_goal_reward: 0.000  reward: 6.219  spl: 0.851  success: 0.931
2026-08-11 20:13:20,899 	Perf Stats: trainer.rollout_collect: 0.285 trainer.sample_action: 0.003 trainer.obs_insert: 0.000 trainer.step_env: 0.005 trainer.update_stats: 0.001 trainer.update_agent: 0.035
2026-08-11 20:13:24,024 update: 5060	fps: 495.523	
2026-08-11 20:13:24,024 Num updates: 5060	Num frames 809600
2026-08-11 20:13:24,024 Average window size: 50  distance_to_goal: 0.406  distance_to_goal_reward: 0.000  reward: 6.112  spl: 0.852  success: 0.935
2026-08-11 20:13:24,024 	Perf Stats: trainer.rollout_collect: 0.285 trainer.sample_action: 0.003 trainer.obs_insert: 0.000 trainer.step_env: 0.005 trainer.update_stats: 0.001 trainer.update_agent: 0.035
2026-08-11 20:13:27,150 update: 5070	fps: 495.555	
2026-08-11 20:13:27,150 Num updates: 5070	Num frames 811200
2026-08-11 20:13:27,150 Average window size: 50  distance_to_goal: 0.378  distance_to_goal_reward: 0.000  reward: 6.208  spl: 0.846  success: 0.930
2026-08-11 20:13:27,150 	Perf Stats: trainer.rollout_collect: 0.285 trainer.sample_action: 0.003 trainer.obs_insert: 0.000 trainer.step_env: 0.005 trainer.update_stats: 0.001 trainer.update_agent: 0.035
PluginManager::Manager: duplicate static plugin StbImageImporter, ignoring
PluginManager::Manager: duplicate static plugin GltfImporter, ignoring
PluginManager::Manager: duplicate static plugin BasisImporter, ignoring
PluginManager::Manager: duplicate static plugin AssimpImporter, ignoring
PluginManager::Manager: duplicate static plugin AnySceneImporter, ignoring
PluginManager::Manager: duplicate static plugin AnyImageImporter, ignoring
Renderer: NVIDIA GeForce RTX 4070/PCIe/SSE2 by NVIDIA Corporation
OpenGL version: 4.6.0 NVIDIA 580.173.02
Using optional features:
    GL_ARB_vertex_array_object
    GL_ARB_separate_shader_objects
    GL_ARB_robustness
    GL_ARB_texture_storage
    GL_ARB_texture_view
    GL_ARB_framebuffer_no_attachments
    GL_ARB_invalidate_subdata
    GL_ARB_texture_storage_multisample
    GL_ARB_multi_bind
    GL_ARB_direct_state_access
    GL_ARB_get_texture_sub_image
    GL_ARB_texture_filter_anisotropic
    GL_KHR_debug
    GL_KHR_parallel_shader_compile
    GL_NV_depth_buffer_float
Using driver workarounds:
    no-forward-compatible-core-context
    nv-egl-incorrect-gl11-function-pointers
    no-layout-qualifiers-on-old-glsl
    nv-zero-context-profile-mask
    nv-implementation-color-read-format-dsa-broken
    nv-cubemap-inconsistent-compressed-image-size
    nv-cubemap-broken-full-compressed-image-query
    nv-compressed-block-size-in-bits
[20:13:29:493213]:[Warning]:[Scene] SemanticScene.h(331)::checkFileExists : ::loadSemanticSceneDescriptor: File `data/scene_datasets/habitat-test-scenes/skokloster-castle.scn` does not exist.  Aborting load.
[20:13:29:493228]:[Warning]:[Scene] SemanticScene.cpp(123)::loadSemanticSceneDescriptor : SSD File Naming Issue! Neither SemanticAttributes-provided name : `data/scene_datasets/habitat-test-scenes/skokloster-castle.scn` nor constructed filename : `data/scene_datasets/habitat-test-scenes/info_semantic.json` exist on disk.
[20:13:29:493233]:[Error]:[Scene] SemanticScene.cpp(139)::loadSemanticSceneDescriptor : SSD Load Failure! File with SemanticAttributes-provided name `data/scene_datasets/habitat-test-scenes/skokloster-castle.scn` exists but failed to load.
[20:13:30:098248]:[Warning]:[Sim] Simulator.cpp(595)::instanceStageForSceneAttributes : The active scene does not contain semantic annotations : activeSemanticSceneID_ = 0
2026-08-11 20:13:30,906 update: 5080	fps: 495.395	
2026-08-11 20:13:30,906 Num updates: 5080	Num frames 812800
2026-08-11 20:13:30,906 Average window size: 50  distance_to_goal: 0.288  distance_to_goal_reward: 0.000  reward: 6.308  spl: 0.843  success: 0.930
2026-08-11 20:13:30,906 	Perf Stats: trainer.rollout_collect: 0.285 trainer.sample_action: 0.003 trainer.obs_insert: 0.000 trainer.step_env: 0.005 trainer.update_stats: 0.001 trainer.update_agent: 0.035
PluginManager::Manager: duplicate static plugin StbImageImporter, ignoring
PluginManager::Manager: duplicate static plugin GltfImporter, ignoring
PluginManager::Manager: duplicate static plugin BasisImporter, ignoring
PluginManager::Manager: duplicate static plugin AssimpImporter, ignoring
PluginManager::Manager: duplicate static plugin AnySceneImporter, ignoring
PluginManager::Manager: duplicate static plugin AnyImageImporter, ignoring
Renderer: NVIDIA GeForce RTX 4070/PCIe/SSE2 by NVIDIA Corporation
OpenGL version: 4.6.0 NVIDIA 580.173.02
Using optional features:
    GL_ARB_vertex_array_object
    GL_ARB_separate_shader_objects
    GL_ARB_robustness
    GL_ARB_texture_storage
    GL_ARB_texture_view
    GL_ARB_framebuffer_no_attachments
    GL_ARB_invalidate_subdata
    GL_ARB_texture_storage_multisample
    GL_ARB_multi_bind
    GL_ARB_direct_state_access
    GL_ARB_get_texture_sub_image
    GL_ARB_texture_filter_anisotropic
    GL_KHR_debug
    GL_KHR_parallel_shader_compile
    GL_NV_depth_buffer_float
Using driver workarounds:
    no-forward-compatible-core-context
    nv-egl-incorrect-gl11-function-pointers
    no-layout-qualifiers-on-old-glsl
    nv-zero-context-profile-mask
    nv-implementation-color-read-format-dsa-broken
    nv-cubemap-inconsistent-compressed-image-size
    nv-cubemap-broken-full-compressed-image-query
    nv-compressed-block-size-in-bits
[20:13:32:579182]:[Warning]:[Scene] SemanticScene.h(331)::checkFileExists : ::loadSemanticSceneDescriptor: File `data/scene_datasets/habitat-test-scenes/skokloster-castle.scn` does not exist.  Aborting load.
[20:13:32:579201]:[Warning]:[Scene] SemanticScene.cpp(123)::loadSemanticSceneDescriptor : SSD File Naming Issue! Neither SemanticAttributes-provided name : `data/scene_datasets/habitat-test-scenes/skokloster-castle.scn` nor constructed filename : `data/scene_datasets/habitat-test-scenes/info_semantic.json` exist on disk.
[20:13:32:579210]:[Error]:[Scene] SemanticScene.cpp(139)::loadSemanticSceneDescriptor : SSD Load Failure! File with SemanticAttributes-provided name `data/scene_datasets/habitat-test-scenes/skokloster-castle.scn` exists but failed to load.
[20:13:33:196802]:[Warning]:[Sim] Simulator.cpp(595)::instanceStageForSceneAttributes : The active scene does not contain semantic annotations : activeSemanticSceneID_ = 0
2026-08-11 20:13:34,707 update: 5090	fps: 495.223	
2026-08-11 20:13:34,707 Num updates: 5090	Num frames 814400
2026-08-11 20:13:34,707 Average window size: 50  distance_to_goal: 0.233  distance_to_goal_reward: 0.000  reward: 6.455  spl: 0.825  success: 0.912
2026-08-11 20:13:34,707 	Perf Stats: trainer.rollout_collect: 0.285 trainer.sample_action: 0.003 trainer.obs_insert: 0.000 trainer.step_env: 0.005 trainer.update_stats: 0.001 trainer.update_agent: 0.035
2026-08-11 20:13:37,992 update: 5100	fps: 495.207	
2026-08-11 20:13:37,992 Num updates: 5100	Num frames 816000
2026-08-11 20:13:37,992 Average window size: 50  distance_to_goal: 0.200  distance_to_goal_reward: 0.000  reward: 6.763  spl: 0.823  success: 0.919
2026-08-11 20:13:37,992 	Perf Stats: trainer.rollout_collect: 0.285 trainer.sample_action: 0.003 trainer.obs_insert: 0.000 trainer.step_env: 0.005 trainer.update_stats: 0.001 trainer.update_agent: 0.035
2026-08-11 20:13:41,195 update: 5110	fps: 495.215	
2026-08-11 20:13:41,195 Num updates: 5110	Num frames 817600
2026-08-11 20:13:41,195 Average window size: 50  distance_to_goal: 0.256  distance_to_goal_reward: 0.000  reward: 6.903  spl: 0.802  success: 0.900
2026-08-11 20:13:41,195 	Perf Stats: trainer.rollout_collect: 0.285 trainer.sample_action: 0.003 trainer.obs_insert: 0.000 trainer.step_env: 0.005 trainer.update_stats: 0.001 trainer.update_agent: 0.035
2026-08-11 20:13:44,363 update: 5120	fps: 495.234	
2026-08-11 20:13:44,363 Num updates: 5120	Num frames 819200
2026-08-11 20:13:44,363 Average window size: 50  distance_to_goal: 0.487  distance_to_goal_reward: 0.000  reward: 7.007  spl: 0.799  success: 0.894
2026-08-11 20:13:44,363 	Perf Stats: trainer.rollout_collect: 0.285 trainer.sample_action: 0.003 trainer.obs_insert: 0.000 trainer.step_env: 0.005 trainer.update_stats: 0.001 trainer.update_agent: 0.035
2026-08-11 20:13:47,528 update: 5130	fps: 495.254	
2026-08-11 20:13:47,528 Num updates: 5130	Num frames 820800
2026-08-11 20:13:47,528 Average window size: 50  distance_to_goal: 0.556  distance_to_goal_reward: 0.000  reward: 7.390  spl: 0.801  success: 0.895
2026-08-11 20:13:47,528 	Perf Stats: trainer.rollout_collect: 0.285 trainer.sample_action: 0.003 trainer.obs_insert: 0.000 trainer.step_env: 0.005 trainer.update_stats: 0.001 trainer.update_agent: 0.035
2026-08-11 20:13:50,722 update: 5140	fps: 495.265	
2026-08-11 20:13:50,722 Num updates: 5140	Num frames 822400
2026-08-11 20:13:50,722 Average window size: 50  distance_to_goal: 0.728  distance_to_goal_reward: 0.000  reward: 7.661  spl: 0.801  success: 0.895
2026-08-11 20:13:50,722 	Perf Stats: trainer.rollout_collect: 0.285 trainer.sample_action: 0.003 trainer.obs_insert: 0.000 trainer.step_env: 0.005 trainer.update_stats: 0.001 trainer.update_agent: 0.035
2026-08-11 20:13:53,940 update: 5150	fps: 495.268	
2026-08-11 20:13:53,940 Num updates: 5150	Num frames 824000
2026-08-11 20:13:53,940 Average window size: 50  distance_to_goal: 0.616  distance_to_goal_reward: 0.000  reward: 8.127  spl: 0.825  success: 0.919
2026-08-11 20:13:53,940 	Perf Stats: trainer.rollout_collect: 0.285 trainer.sample_action: 0.003 trainer.obs_insert: 0.000 trainer.step_env: 0.005 trainer.update_stats: 0.001 trainer.update_agent: 0.035
2026-08-11 20:13:57,137 update: 5160	fps: 495.278	
2026-08-11 20:13:57,137 Num updates: 5160	Num frames 825600
2026-08-11 20:13:57,137 Average window size: 50  distance_to_goal: 0.551  distance_to_goal_reward: 0.000  reward: 8.436  spl: 0.831  success: 0.929
2026-08-11 20:13:57,138 	Perf Stats: trainer.rollout_collect: 0.285 trainer.sample_action: 0.003 trainer.obs_insert: 0.000 trainer.step_env: 0.005 trainer.update_stats: 0.001 trainer.update_agent: 0.035
2026-08-11 20:14:00,328 update: 5170	fps: 495.290	
2026-08-11 20:14:00,328 Num updates: 5170	Num frames 827200
2026-08-11 20:14:00,328 Average window size: 50  distance_to_goal: 0.325  distance_to_goal_reward: 0.000  reward: 8.401  spl: 0.834  success: 0.938
2026-08-11 20:14:00,328 	Perf Stats: trainer.rollout_collect: 0.285 trainer.sample_action: 0.003 trainer.obs_insert: 0.000 trainer.step_env: 0.005 trainer.update_stats: 0.001 trainer.update_agent: 0.035
2026-08-11 20:14:03,488 update: 5180	fps: 495.311	
2026-08-11 20:14:03,488 Num updates: 5180	Num frames 828800
2026-08-11 20:14:03,488 Average window size: 50  distance_to_goal: 0.363  distance_to_goal_reward: 0.000  reward: 8.222  spl: 0.824  success: 0.926
2026-08-11 20:14:03,488 	Perf Stats: trainer.rollout_collect: 0.285 trainer.sample_action: 0.003 trainer.obs_insert: 0.000 trainer.step_env: 0.005 trainer.update_stats: 0.001 trainer.update_agent: 0.035
2026-08-11 20:14:06,689 update: 5190	fps: 495.320	
2026-08-11 20:14:06,689 Num updates: 5190	Num frames 830400
2026-08-11 20:14:06,689 Average window size: 50  distance_to_goal: 0.324  distance_to_goal_reward: 0.000  reward: 7.926  spl: 0.839  success: 0.943
2026-08-11 20:14:06,689 	Perf Stats: trainer.rollout_collect: 0.285 trainer.sample_action: 0.003 trainer.obs_insert: 0.000 trainer.step_env: 0.005 trainer.update_stats: 0.001 trainer.update_agent: 0.035
PluginManager::Manager: duplicate static plugin StbImageImporter, ignoring
PluginManager::Manager: duplicate static plugin GltfImporter, ignoring
PluginManager::Manager: duplicate static plugin BasisImporter, ignoring
PluginManager::Manager: duplicate static plugin AssimpImporter, ignoring
PluginManager::Manager: duplicate static plugin AnySceneImporter, ignoring
PluginManager::Manager: duplicate static plugin AnyImageImporter, ignoring
Renderer: NVIDIA GeForce RTX 4070/PCIe/SSE2 by NVIDIA Corporation
OpenGL version: 4.6.0 NVIDIA 580.173.02
Using optional features:
    GL_ARB_vertex_array_object
    GL_ARB_separate_shader_objects
    GL_ARB_robustness
    GL_ARB_texture_storage
    GL_ARB_texture_view
    GL_ARB_framebuffer_no_attachments
    GL_ARB_invalidate_subdata
    GL_ARB_texture_storage_multisample
    GL_ARB_multi_bind
    GL_ARB_direct_state_access
    GL_ARB_get_texture_sub_image
    GL_ARB_texture_filter_anisotropic
    GL_KHR_debug
    GL_KHR_parallel_shader_compile
    GL_NV_depth_buffer_float
Using driver workarounds:
    no-forward-compatible-core-context
    nv-egl-incorrect-gl11-function-pointers
    no-layout-qualifiers-on-old-glsl
    nv-zero-context-profile-mask
    nv-implementation-color-read-format-dsa-broken
    nv-cubemap-inconsistent-compressed-image-size
    nv-cubemap-broken-full-compressed-image-query
    nv-compressed-block-size-in-bits
[20:14:07:117311]:[Warning]:[Scene] SemanticScene.h(331)::checkFileExists : ::loadSemanticSceneDescriptor: File `data/scene_datasets/habitat-test-scenes/van-gogh-room.scn` does not exist.  Aborting load.
[20:14:07:117329]:[Warning]:[Scene] SemanticScene.cpp(123)::loadSemanticSceneDescriptor : SSD File Naming Issue! Neither SemanticAttributes-provided name : `data/scene_datasets/habitat-test-scenes/van-gogh-room.scn` nor constructed filename : `data/scene_datasets/habitat-test-scenes/info_semantic.json` exist on disk.
[20:14:07:117338]:[Error]:[Scene] SemanticScene.cpp(139)::loadSemanticSceneDescriptor : SSD Load Failure! File with SemanticAttributes-provided name `data/scene_datasets/habitat-test-scenes/van-gogh-room.scn` exists but failed to load.
[20:14:07:551284]:[Warning]:[Sim] Simulator.cpp(595)::instanceStageForSceneAttributes : The active scene does not contain semantic annotations : activeSemanticSceneID_ = 0
2026-08-11 20:14:10,404 update: 5200	fps: 495.177	
2026-08-11 20:14:10,404 Num updates: 5200	Num frames 832000
2026-08-11 20:14:10,404 Average window size: 50  distance_to_goal: 0.365  distance_to_goal_reward: 0.000  reward: 7.524  spl: 0.824  success: 0.922
2026-08-11 20:14:10,404 	Perf Stats: trainer.rollout_collect: 0.285 trainer.sample_action: 0.003 trainer.obs_insert: 0.000 trainer.step_env: 0.005 trainer.update_stats: 0.001 trainer.update_agent: 0.035
2026-08-11 20:14:13,566 update: 5210	fps: 495.197	
2026-08-11 20:14:13,566 Num updates: 5210	Num frames 833600
2026-08-11 20:14:13,566 Average window size: 50  distance_to_goal: 0.387  distance_to_goal_reward: 0.000  reward: 7.156  spl: 0.815  success: 0.921
2026-08-11 20:14:13,566 	Perf Stats: trainer.rollout_collect: 0.285 trainer.sample_action: 0.003 trainer.obs_insert: 0.000 trainer.step_env: 0.005 trainer.update_stats: 0.001 trainer.update_agent: 0.035
2026-08-11 20:14:16,713 update: 5220	fps: 495.222	
2026-08-11 20:14:16,714 Num updates: 5220	Num frames 835200
2026-08-11 20:14:16,714 Average window size: 50  distance_to_goal: 0.385  distance_to_goal_reward: 0.000  reward: 7.165  spl: 0.818  success: 0.922
2026-08-11 20:14:16,714 	Perf Stats: trainer.rollout_collect: 0.285 trainer.sample_action: 0.003 trainer.obs_insert: 0.000 trainer.step_env: 0.005 trainer.update_stats: 0.001 trainer.update_agent: 0.035
2026-08-11 20:14:19,883 update: 5230	fps: 495.240	
2026-08-11 20:14:19,883 Num updates: 5230	Num frames 836800
2026-08-11 20:14:19,883 Average window size: 50  distance_to_goal: 0.256  distance_to_goal_reward: 0.000  reward: 7.493  spl: 0.828  success: 0.937
2026-08-11 20:14:19,883 	Perf Stats: trainer.rollout_collect: 0.285 trainer.sample_action: 0.003 trainer.obs_insert: 0.000 trainer.step_env: 0.005 trainer.update_stats: 0.001 trainer.update_agent: 0.035
2026-08-11 20:14:23,049 update: 5240	fps: 495.258	
2026-08-11 20:14:23,049 Num updates: 5240	Num frames 838400
2026-08-11 20:14:23,049 Average window size: 50  distance_to_goal: 0.229  distance_to_goal_reward: 0.000  reward: 7.393  spl: 0.828  success: 0.940
2026-08-11 20:14:23,049 	Perf Stats: trainer.rollout_collect: 0.285 trainer.sample_action: 0.003 trainer.obs_insert: 0.000 trainer.step_env: 0.005 trainer.update_stats: 0.001 trainer.update_agent: 0.035
2026-08-11 20:14:26,201 update: 5250	fps: 495.281	
2026-08-11 20:14:26,201 Num updates: 5250	Num frames 840000
2026-08-11 20:14:26,201 Average window size: 50  distance_to_goal: 0.191  distance_to_goal_reward: 0.000  reward: 7.466  spl: 0.842  success: 0.951
2026-08-11 20:14:26,201 	Perf Stats: trainer.rollout_collect: 0.285 trainer.sample_action: 0.003 trainer.obs_insert: 0.000 trainer.step_env: 0.005 trainer.update_stats: 0.001 trainer.update_agent: 0.035
2026-08-11 20:14:29,345 update: 5260	fps: 495.307	
2026-08-11 20:14:29,346 Num updates: 5260	Num frames 841600
2026-08-11 20:14:29,346 Average window size: 50  distance_to_goal: 0.195  distance_to_goal_reward: -0.000  reward: 7.680  spl: 0.849  success: 0.950
2026-08-11 20:14:29,346 	Perf Stats: trainer.rollout_collect: 0.285 trainer.sample_action: 0.003 trainer.obs_insert: 0.000 trainer.step_env: 0.005 trainer.update_stats: 0.001 trainer.update_agent: 0.035
2026-08-11 20:14:32,505 update: 5270	fps: 495.327	
2026-08-11 20:14:32,505 Num updates: 5270	Num frames 843200
2026-08-11 20:14:32,505 Average window size: 50  distance_to_goal: 0.138  distance_to_goal_reward: -0.000  reward: 7.780  spl: 0.859  success: 0.956
2026-08-11 20:14:32,506 	Perf Stats: trainer.rollout_collect: 0.285 trainer.sample_action: 0.003 trainer.obs_insert: 0.000 trainer.step_env: 0.005 trainer.update_stats: 0.001 trainer.update_agent: 0.035
2026-08-11 20:14:35,648 update: 5280	fps: 495.352	
2026-08-11 20:14:35,648 Num updates: 5280	Num frames 844800
2026-08-11 20:14:35,648 Average window size: 50  distance_to_goal: 0.136  distance_to_goal_reward: -0.000  reward: 7.521  spl: 0.869  success: 0.960
2026-08-11 20:14:35,648 	Perf Stats: trainer.rollout_collect: 0.285 trainer.sample_action: 0.003 trainer.obs_insert: 0.000 trainer.step_env: 0.005 trainer.update_stats: 0.001 trainer.update_agent: 0.035
2026-08-11 20:14:38,825 update: 5290	fps: 495.368	
2026-08-11 20:14:38,826 Num updates: 5290	Num frames 846400
2026-08-11 20:14:38,826 Average window size: 50  distance_to_goal: 0.186  distance_to_goal_reward: -0.000  reward: 7.593  spl: 0.863  success: 0.954
2026-08-11 20:14:38,826 	Perf Stats: trainer.rollout_collect: 0.285 trainer.sample_action: 0.003 trainer.obs_insert: 0.000 trainer.step_env: 0.005 trainer.update_stats: 0.001 trainer.update_agent: 0.035
2026-08-11 20:14:42,081 update: 5300	fps: 495.360	
2026-08-11 20:14:42,081 Num updates: 5300	Num frames 848000
2026-08-11 20:14:42,081 Average window size: 50  distance_to_goal: 0.138  distance_to_goal_reward: 0.000  reward: 7.985  spl: 0.864  success: 0.962
2026-08-11 20:14:42,081 	Perf Stats: trainer.rollout_collect: 0.285 trainer.sample_action: 0.003 trainer.obs_insert: 0.000 trainer.step_env: 0.005 trainer.update_stats: 0.001 trainer.update_agent: 0.035
2026-08-11 20:14:45,229 update: 5310	fps: 495.384	
2026-08-11 20:14:45,229 Num updates: 5310	Num frames 849600
2026-08-11 20:14:45,229 Average window size: 50  distance_to_goal: 0.142  distance_to_goal_reward: 0.000  reward: 7.788  spl: 0.866  success: 0.963
2026-08-11 20:14:45,229 	Perf Stats: trainer.rollout_collect: 0.285 trainer.sample_action: 0.003 trainer.obs_insert: 0.000 trainer.step_env: 0.005 trainer.update_stats: 0.001 trainer.update_agent: 0.035
2026-08-11 20:14:48,359 update: 5320	fps: 495.413	
2026-08-11 20:14:48,359 Num updates: 5320	Num frames 851200
2026-08-11 20:14:48,359 Average window size: 50  distance_to_goal: 0.248  distance_to_goal_reward: 0.001  reward: 7.457  spl: 0.853  success: 0.942
2026-08-11 20:14:48,359 	Perf Stats: trainer.rollout_collect: 0.285 trainer.sample_action: 0.003 trainer.obs_insert: 0.000 trainer.step_env: 0.005 trainer.update_stats: 0.001 trainer.update_agent: 0.035
2026-08-11 20:14:51,502 update: 5330	fps: 495.438	
2026-08-11 20:14:51,502 Num updates: 5330	Num frames 852800
2026-08-11 20:14:51,502 Average window size: 50  distance_to_goal: 0.405  distance_to_goal_reward: 0.001  reward: 6.969  spl: 0.824  success: 0.904
2026-08-11 20:14:51,502 	Perf Stats: trainer.rollout_collect: 0.285 trainer.sample_action: 0.003 trainer.obs_insert: 0.000 trainer.step_env: 0.005 trainer.update_stats: 0.001 trainer.update_agent: 0.035
2026-08-11 20:14:54,652 update: 5340	fps: 495.460	
2026-08-11 20:14:54,652 Num updates: 5340	Num frames 854400
2026-08-11 20:14:54,652 Average window size: 50  distance_to_goal: 0.426  distance_to_goal_reward: 0.001  reward: 6.717  spl: 0.828  success: 0.905
2026-08-11 20:14:54,652 	Perf Stats: trainer.rollout_collect: 0.285 trainer.sample_action: 0.003 trainer.obs_insert: 0.000 trainer.step_env: 0.005 trainer.update_stats: 0.001 trainer.update_agent: 0.035
PluginManager::Manager: duplicate static plugin StbImageImporter, ignoring
PluginManager::Manager: duplicate static plugin GltfImporter, ignoring
PluginManager::Manager: duplicate static plugin BasisImporter, ignoring
PluginManager::Manager: duplicate static plugin AssimpImporter, ignoring
PluginManager::Manager: duplicate static plugin AnySceneImporter, ignoring
PluginManager::Manager: duplicate static plugin AnyImageImporter, ignoring
Renderer: NVIDIA GeForce RTX 4070/PCIe/SSE2 by NVIDIA Corporation
OpenGL version: 4.6.0 NVIDIA 580.173.02
Using optional features:
    GL_ARB_vertex_array_object
    GL_ARB_separate_shader_objects
    GL_ARB_robustness
    GL_ARB_texture_storage
    GL_ARB_texture_view
    GL_ARB_framebuffer_no_attachments
    GL_ARB_invalidate_subdata
    GL_ARB_texture_storage_multisample
    GL_ARB_multi_bind
    GL_ARB_direct_state_access
    GL_ARB_get_texture_sub_image
    GL_ARB_texture_filter_anisotropic
    GL_KHR_debug
    GL_KHR_parallel_shader_compile
    GL_NV_depth_buffer_float
Using driver workarounds:
    no-forward-compatible-core-context
    nv-egl-incorrect-gl11-function-pointers
    no-layout-qualifiers-on-old-glsl
    nv-zero-context-profile-mask
    nv-implementation-color-read-format-dsa-broken
    nv-cubemap-inconsistent-compressed-image-size
    nv-cubemap-broken-full-compressed-image-query
    nv-compressed-block-size-in-bits
[20:14:55:549273]:[Warning]:[Scene] SemanticScene.h(331)::checkFileExists : ::loadSemanticSceneDescriptor: File `data/scene_datasets/habitat-test-scenes/skokloster-castle.scn` does not exist.  Aborting load.
[20:14:55:549291]:[Warning]:[Scene] SemanticScene.cpp(123)::loadSemanticSceneDescriptor : SSD File Naming Issue! Neither SemanticAttributes-provided name : `data/scene_datasets/habitat-test-scenes/skokloster-castle.scn` nor constructed filename : `data/scene_datasets/habitat-test-scenes/info_semantic.json` exist on disk.
[20:14:55:549301]:[Error]:[Scene] SemanticScene.cpp(139)::loadSemanticSceneDescriptor : SSD Load Failure! File with SemanticAttributes-provided name `data/scene_datasets/habitat-test-scenes/skokloster-castle.scn` exists but failed to load.
[20:14:56:155635]:[Warning]:[Sim] Simulator.cpp(595)::instanceStageForSceneAttributes : The active scene does not contain semantic annotations : activeSemanticSceneID_ = 0
2026-08-11 20:14:58,444 update: 5350	fps: 495.299	
2026-08-11 20:14:58,444 Num updates: 5350	Num frames 856000
2026-08-11 20:14:58,444 Average window size: 50  distance_to_goal: 0.491  distance_to_goal_reward: 0.001  reward: 6.419  spl: 0.820  success: 0.898
2026-08-11 20:14:58,444 	Perf Stats: trainer.rollout_collect: 0.285 trainer.sample_action: 0.003 trainer.obs_insert: 0.000 trainer.step_env: 0.005 trainer.update_stats: 0.001 trainer.update_agent: 0.035
PluginManager::Manager: duplicate static plugin StbImageImporter, ignoring
PluginManager::Manager: duplicate static plugin GltfImporter, ignoring
PluginManager::Manager: duplicate static plugin BasisImporter, ignoring
PluginManager::Manager: duplicate static plugin AssimpImporter, ignoring
PluginManager::Manager: duplicate static plugin AnySceneImporter, ignoring
PluginManager::Manager: duplicate static plugin AnyImageImporter, ignoring
Renderer: NVIDIA GeForce RTX 4070/PCIe/SSE2 by NVIDIA Corporation
OpenGL version: 4.6.0 NVIDIA 580.173.02
Using optional features:
    GL_ARB_vertex_array_object
    GL_ARB_separate_shader_objects
    GL_ARB_robustness
    GL_ARB_texture_storage
    GL_ARB_texture_view
    GL_ARB_framebuffer_no_attachments
    GL_ARB_invalidate_subdata
    GL_ARB_texture_storage_multisample
    GL_ARB_multi_bind
    GL_ARB_direct_state_access
    GL_ARB_get_texture_sub_image
    GL_ARB_texture_filter_anisotropic
    GL_KHR_debug
    GL_KHR_parallel_shader_compile
    GL_NV_depth_buffer_float
Using driver workarounds:
    no-forward-compatible-core-context
    nv-egl-incorrect-gl11-function-pointers
    no-layout-qualifiers-on-old-glsl
    nv-zero-context-profile-mask
    nv-implementation-color-read-format-dsa-broken
    nv-cubemap-inconsistent-compressed-image-size
    nv-cubemap-broken-full-compressed-image-query
    nv-compressed-block-size-in-bits
[20:14:58:832455]:[Warning]:[Scene] SemanticScene.h(331)::checkFileExists : ::loadSemanticSceneDescriptor: File `data/scene_datasets/habitat-test-scenes/van-gogh-room.scn` does not exist.  Aborting load.
[20:14:58:832471]:[Warning]:[Scene] SemanticScene.cpp(123)::loadSemanticSceneDescriptor : SSD File Naming Issue! Neither SemanticAttributes-provided name : `data/scene_datasets/habitat-test-scenes/van-gogh-room.scn` nor constructed filename : `data/scene_datasets/habitat-test-scenes/info_semantic.json` exist on disk.
[20:14:58:832476]:[Error]:[Scene] SemanticScene.cpp(139)::loadSemanticSceneDescriptor : SSD Load Failure! File with SemanticAttributes-provided name `data/scene_datasets/habitat-test-scenes/van-gogh-room.scn` exists but failed to load.
[20:14:59:278213]:[Warning]:[Sim] Simulator.cpp(595)::instanceStageForSceneAttributes : The active scene does not contain semantic annotations : activeSemanticSceneID_ = 0
2026-08-11 20:15:02,039 update: 5360	fps: 495.195	
2026-08-11 20:15:02,040 Num updates: 5360	Num frames 857600
2026-08-11 20:15:02,040 Average window size: 50  distance_to_goal: 0.512  distance_to_goal_reward: 0.001  reward: 6.471  spl: 0.813  success: 0.892
2026-08-11 20:15:02,040 	Perf Stats: trainer.rollout_collect: 0.285 trainer.sample_action: 0.003 trainer.obs_insert: 0.000 trainer.step_env: 0.005 trainer.update_stats: 0.001 trainer.update_agent: 0.035
PluginManager::Manager: duplicate static plugin StbImageImporter, ignoring
PluginManager::Manager: duplicate static plugin GltfImporter, ignoring
PluginManager::Manager: duplicate static plugin BasisImporter, ignoring
PluginManager::Manager: duplicate static plugin AssimpImporter, ignoring
PluginManager::Manager: duplicate static plugin AnySceneImporter, ignoring
PluginManager::Manager: duplicate static plugin AnyImageImporter, ignoring
Renderer: NVIDIA GeForce RTX 4070/PCIe/SSE2 by NVIDIA Corporation
OpenGL version: 4.6.0 NVIDIA 580.173.02
Using optional features:
    GL_ARB_vertex_array_object
    GL_ARB_separate_shader_objects
    GL_ARB_robustness
    GL_ARB_texture_storage
    GL_ARB_texture_view
    GL_ARB_framebuffer_no_attachments
    GL_ARB_invalidate_subdata
    GL_ARB_texture_storage_multisample
    GL_ARB_multi_bind
    GL_ARB_direct_state_access
    GL_ARB_get_texture_sub_image
    GL_ARB_texture_filter_anisotropic
    GL_KHR_debug
    GL_KHR_parallel_shader_compile
    GL_NV_depth_buffer_float
Using driver workarounds:
    no-forward-compatible-core-context
    nv-egl-incorrect-gl11-function-pointers
    no-layout-qualifiers-on-old-glsl
    nv-zero-context-profile-mask
    nv-implementation-color-read-format-dsa-broken
    nv-cubemap-inconsistent-compressed-image-size
    nv-cubemap-broken-full-compressed-image-query
    nv-compressed-block-size-in-bits
[20:15:02:201835]:[Warning]:[Scene] SemanticScene.h(331)::checkFileExists : ::loadSemanticSceneDescriptor: File `data/scene_datasets/habitat-test-scenes/van-gogh-room.scn` does not exist.  Aborting load.
[20:15:02:201853]:[Warning]:[Scene] SemanticScene.cpp(123)::loadSemanticSceneDescriptor : SSD File Naming Issue! Neither SemanticAttributes-provided name : `data/scene_datasets/habitat-test-scenes/van-gogh-room.scn` nor constructed filename : `data/scene_datasets/habitat-test-scenes/info_semantic.json` exist on disk.
[20:15:02:201864]:[Error]:[Scene] SemanticScene.cpp(139)::loadSemanticSceneDescriptor : SSD Load Failure! File with SemanticAttributes-provided name `data/scene_datasets/habitat-test-scenes/van-gogh-room.scn` exists but failed to load.
[20:15:02:632933]:[Warning]:[Sim] Simulator.cpp(595)::instanceStageForSceneAttributes : The active scene does not contain semantic annotations : activeSemanticSceneID_ = 0
2026-08-11 20:15:05,600 update: 5370	fps: 495.101	
2026-08-11 20:15:05,600 Num updates: 5370	Num frames 859200
2026-08-11 20:15:05,600 Average window size: 50  distance_to_goal: 0.388  distance_to_goal_reward: 0.000  reward: 6.743  spl: 0.837  success: 0.921
2026-08-11 20:15:05,600 	Perf Stats: trainer.rollout_collect: 0.285 trainer.sample_action: 0.003 trainer.obs_insert: 0.000 trainer.step_env: 0.005 trainer.update_stats: 0.001 trainer.update_agent: 0.035
2026-08-11 20:15:08,704 update: 5380	fps: 495.137	
2026-08-11 20:15:08,704 Num updates: 5380	Num frames 860800
2026-08-11 20:15:08,705 Average window size: 50  distance_to_goal: 0.213  distance_to_goal_reward: 0.000  reward: 7.065  spl: 0.880  success: 0.969
2026-08-11 20:15:08,705 	Perf Stats: trainer.rollout_collect: 0.285 trainer.sample_action: 0.003 trainer.obs_insert: 0.000 trainer.step_env: 0.005 trainer.update_stats: 0.001 trainer.update_agent: 0.035
2026-08-11 20:15:11,775 update: 5390	fps: 495.183	
2026-08-11 20:15:11,775 Num updates: 5390	Num frames 862400
2026-08-11 20:15:11,775 Average window size: 50  distance_to_goal: 0.246  distance_to_goal_reward: 0.000  reward: 6.736  spl: 0.858  success: 0.946
2026-08-11 20:15:11,775 	Perf Stats: trainer.rollout_collect: 0.285 trainer.sample_action: 0.003 trainer.obs_insert: 0.000 trainer.step_env: 0.005 trainer.update_stats: 0.001 trainer.update_agent: 0.035
2026-08-11 20:15:14,978 update: 5400	fps: 495.191	
2026-08-11 20:15:14,978 Num updates: 5400	Num frames 864000
2026-08-11 20:15:14,978 Average window size: 50  distance_to_goal: 0.281  distance_to_goal_reward: 0.000  reward: 6.486  spl: 0.861  success: 0.946
2026-08-11 20:15:14,978 	Perf Stats: trainer.rollout_collect: 0.285 trainer.sample_action: 0.003 trainer.obs_insert: 0.000 trainer.step_env: 0.005 trainer.update_stats: 0.001 trainer.update_agent: 0.035
2026-08-11 20:15:18,077 update: 5410	fps: 495.228	
2026-08-11 20:15:18,077 Num updates: 5410	Num frames 865600
2026-08-11 20:15:18,077 Average window size: 50  distance_to_goal: 0.249  distance_to_goal_reward: 0.000  reward: 6.493  spl: 0.869  success: 0.955
2026-08-11 20:15:18,077 	Perf Stats: trainer.rollout_collect: 0.285 trainer.sample_action: 0.003 trainer.obs_insert: 0.000 trainer.step_env: 0.005 trainer.update_stats: 0.001 trainer.update_agent: 0.035
2026-08-11 20:15:21,161 update: 5420	fps: 495.270	
2026-08-11 20:15:21,161 Num updates: 5420	Num frames 867200
2026-08-11 20:15:21,161 Average window size: 50  distance_to_goal: 0.237  distance_to_goal_reward: 0.000  reward: 6.570  spl: 0.868  success: 0.954
2026-08-11 20:15:21,162 	Perf Stats: trainer.rollout_collect: 0.285 trainer.sample_action: 0.003 trainer.obs_insert: 0.000 trainer.step_env: 0.005 trainer.update_stats: 0.001 trainer.update_agent: 0.035
PluginManager::Manager: duplicate static plugin StbImageImporter, ignoring
PluginManager::Manager: duplicate static plugin GltfImporter, ignoring
PluginManager::Manager: duplicate static plugin BasisImporter, ignoring
PluginManager::Manager: duplicate static plugin AssimpImporter, ignoring
PluginManager::Manager: duplicate static plugin AnySceneImporter, ignoring
PluginManager::Manager: duplicate static plugin AnyImageImporter, ignoring
Renderer: NVIDIA GeForce RTX 4070/PCIe/SSE2 by NVIDIA Corporation
OpenGL version: 4.6.0 NVIDIA 580.173.02
Using optional features:
    GL_ARB_vertex_array_object
    GL_ARB_separate_shader_objects
    GL_ARB_robustness
    GL_ARB_texture_storage
    GL_ARB_texture_view
    GL_ARB_framebuffer_no_attachments
    GL_ARB_invalidate_subdata
    GL_ARB_texture_storage_multisample
    GL_ARB_multi_bind
    GL_ARB_direct_state_access
    GL_ARB_get_texture_sub_image
    GL_ARB_texture_filter_anisotropic
    GL_KHR_debug
    GL_KHR_parallel_shader_compile
    GL_NV_depth_buffer_float
Using driver workarounds:
    no-forward-compatible-core-context
    nv-egl-incorrect-gl11-function-pointers
    no-layout-qualifiers-on-old-glsl
    nv-zero-context-profile-mask
    nv-implementation-color-read-format-dsa-broken
    nv-cubemap-inconsistent-compressed-image-size
    nv-cubemap-broken-full-compressed-image-query
    nv-compressed-block-size-in-bits
[20:15:23:563381]:[Warning]:[Scene] SemanticScene.h(331)::checkFileExists : ::loadSemanticSceneDescriptor: File `data/scene_datasets/habitat-test-scenes/van-gogh-room.scn` does not exist.  Aborting load.
[20:15:23:563398]:[Warning]:[Scene] SemanticScene.cpp(123)::loadSemanticSceneDescriptor : SSD File Naming Issue! Neither SemanticAttributes-provided name : `data/scene_datasets/habitat-test-scenes/van-gogh-room.scn` nor constructed filename : `data/scene_datasets/habitat-test-scenes/info_semantic.json` exist on disk.
[20:15:23:563407]:[Error]:[Scene] SemanticScene.cpp(139)::loadSemanticSceneDescriptor : SSD Load Failure! File with SemanticAttributes-provided name `data/scene_datasets/habitat-test-scenes/van-gogh-room.scn` exists but failed to load.
[20:15:23:997011]:[Warning]:[Sim] Simulator.cpp(595)::instanceStageForSceneAttributes : The active scene does not contain semantic annotations : activeSemanticSceneID_ = 0
2026-08-11 20:15:24,697 update: 5430	fps: 495.183	
2026-08-11 20:15:24,698 Num updates: 5430	Num frames 868800
2026-08-11 20:15:24,698 Average window size: 50  distance_to_goal: 0.337  distance_to_goal_reward: 0.000  reward: 6.531  spl: 0.853  success: 0.943
2026-08-11 20:15:24,698 	Perf Stats: trainer.rollout_collect: 0.285 trainer.sample_action: 0.003 trainer.obs_insert: 0.000 trainer.step_env: 0.005 trainer.update_stats: 0.001 trainer.update_agent: 0.035
2026-08-11 20:15:27,756 update: 5440	fps: 495.232	
2026-08-11 20:15:27,756 Num updates: 5440	Num frames 870400
2026-08-11 20:15:27,756 Average window size: 50  distance_to_goal: 0.279  distance_to_goal_reward: 0.000  reward: 6.612  spl: 0.875  success: 0.962
2026-08-11 20:15:27,756 	Perf Stats: trainer.rollout_collect: 0.285 trainer.sample_action: 0.003 trainer.obs_insert: 0.000 trainer.step_env: 0.005 trainer.update_stats: 0.001 trainer.update_agent: 0.035
2026-08-11 20:15:30,820 update: 5450	fps: 495.279	
2026-08-11 20:15:30,820 Num updates: 5450	Num frames 872000
2026-08-11 20:15:30,821 Average window size: 50  distance_to_goal: 0.206  distance_to_goal_reward: 0.000  reward: 6.625  spl: 0.881  success: 0.972
2026-08-11 20:15:30,821 	Perf Stats: trainer.rollout_collect: 0.285 trainer.sample_action: 0.003 trainer.obs_insert: 0.000 trainer.step_env: 0.005 trainer.update_stats: 0.001 trainer.update_agent: 0.035
2026-08-11 20:15:33,834 update: 5460	fps: 495.340	
2026-08-11 20:15:33,835 Num updates: 5460	Num frames 873600
2026-08-11 20:15:33,835 Average window size: 50  distance_to_goal: 0.203  distance_to_goal_reward: 0.000  reward: 6.494  spl: 0.881  success: 0.971
2026-08-11 20:15:33,835 	Perf Stats: trainer.rollout_collect: 0.285 trainer.sample_action: 0.003 trainer.obs_insert: 0.000 trainer.step_env: 0.005 trainer.update_stats: 0.001 trainer.update_agent: 0.035
2026-08-11 20:15:36,906 update: 5470	fps: 495.384	
2026-08-11 20:15:36,906 Num updates: 5470	Num frames 875200
2026-08-11 20:15:36,906 Average window size: 50  distance_to_goal: 0.249  distance_to_goal_reward: -0.000  reward: 6.354  spl: 0.877  success: 0.969
2026-08-11 20:15:36,906 	Perf Stats: trainer.rollout_collect: 0.285 trainer.sample_action: 0.003 trainer.obs_insert: 0.000 trainer.step_env: 0.005 trainer.update_stats: 0.001 trainer.update_agent: 0.035
2026-08-11 20:15:39,970 update: 5480	fps: 495.430	
2026-08-11 20:15:39,970 Num updates: 5480	Num frames 876800
2026-08-11 20:15:39,970 Average window size: 50  distance_to_goal: 0.163  distance_to_goal_reward: -0.000  reward: 6.291  spl: 0.891  success: 0.979
2026-08-11 20:15:39,970 	Perf Stats: trainer.rollout_collect: 0.285 trainer.sample_action: 0.003 trainer.obs_insert: 0.000 trainer.step_env: 0.005 trainer.update_stats: 0.001 trainer.update_agent: 0.035
2026-08-11 20:15:43,026 update: 5490	fps: 495.479	
2026-08-11 20:15:43,026 Num updates: 5490	Num frames 878400
2026-08-11 20:15:43,026 Average window size: 50  distance_to_goal: 0.209  distance_to_goal_reward: -0.000  reward: 6.262  spl: 0.883  success: 0.970
2026-08-11 20:15:43,026 	Perf Stats: trainer.rollout_collect: 0.285 trainer.sample_action: 0.003 trainer.obs_insert: 0.000 trainer.step_env: 0.005 trainer.update_stats: 0.001 trainer.update_agent: 0.035
2026-08-11 20:15:46,160 update: 5500	fps: 495.505	
2026-08-11 20:15:46,160 Num updates: 5500	Num frames 880000
2026-08-11 20:15:46,160 Average window size: 50  distance_to_goal: 0.218  distance_to_goal_reward: -0.000  reward: 6.097  spl: 0.876  success: 0.965
2026-08-11 20:15:46,160 	Perf Stats: trainer.rollout_collect: 0.285 trainer.sample_action: 0.003 trainer.obs_insert: 0.000 trainer.step_env: 0.005 trainer.update_stats: 0.001 trainer.update_agent: 0.035
2026-08-11 20:15:49,212 update: 5510	fps: 495.555	
2026-08-11 20:15:49,213 Num updates: 5510	Num frames 881600
2026-08-11 20:15:49,213 Average window size: 50  distance_to_goal: 0.200  distance_to_goal_reward: -0.000  reward: 6.072  spl: 0.878  success: 0.966
2026-08-11 20:15:49,213 	Perf Stats: trainer.rollout_collect: 0.285 trainer.sample_action: 0.003 trainer.obs_insert: 0.000 trainer.step_env: 0.005 trainer.update_stats: 0.001 trainer.update_agent: 0.035
2026-08-11 20:15:52,260 update: 5520	fps: 495.605	
2026-08-11 20:15:52,261 Num updates: 5520	Num frames 883200
2026-08-11 20:15:52,261 Average window size: 50  distance_to_goal: 0.199  distance_to_goal_reward: -0.000  reward: 5.999  spl: 0.881  success: 0.961
2026-08-11 20:15:52,261 	Perf Stats: trainer.rollout_collect: 0.285 trainer.sample_action: 0.003 trainer.obs_insert: 0.000 trainer.step_env: 0.005 trainer.update_stats: 0.001 trainer.update_agent: 0.035
2026-08-11 20:15:55,326 update: 5530	fps: 495.650	
2026-08-11 20:15:55,326 Num updates: 5530	Num frames 884800
2026-08-11 20:15:55,326 Average window size: 50  distance_to_goal: 0.227  distance_to_goal_reward: -0.000  reward: 5.926  spl: 0.864  success: 0.949
2026-08-11 20:15:55,326 	Perf Stats: trainer.rollout_collect: 0.285 trainer.sample_action: 0.003 trainer.obs_insert: 0.000 trainer.step_env: 0.005 trainer.update_stats: 0.001 trainer.update_agent: 0.035
2026-08-11 20:15:58,374 update: 5540	fps: 495.700	
2026-08-11 20:15:58,374 Num updates: 5540	Num frames 886400
2026-08-11 20:15:58,374 Average window size: 50  distance_to_goal: 0.152  distance_to_goal_reward: 0.000  reward: 6.106  spl: 0.878  success: 0.963
2026-08-11 20:15:58,374 	Perf Stats: trainer.rollout_collect: 0.285 trainer.sample_action: 0.003 trainer.obs_insert: 0.000 trainer.step_env: 0.005 trainer.update_stats: 0.001 trainer.update_agent: 0.035
2026-08-11 20:16:01,431 update: 5550	fps: 495.747	
2026-08-11 20:16:01,431 Num updates: 5550	Num frames 888000
2026-08-11 20:16:01,431 Average window size: 50  distance_to_goal: 0.147  distance_to_goal_reward: 0.000  reward: 6.247  spl: 0.887  success: 0.968
2026-08-11 20:16:01,431 	Perf Stats: trainer.rollout_collect: 0.285 trainer.sample_action: 0.003 trainer.obs_insert: 0.000 trainer.step_env: 0.005 trainer.update_stats: 0.001 trainer.update_agent: 0.035
PluginManager::Manager: duplicate static plugin StbImageImporter, ignoring
PluginManager::Manager: duplicate static plugin GltfImporter, ignoring
PluginManager::Manager: duplicate static plugin BasisImporter, ignoring
PluginManager::Manager: duplicate static plugin AssimpImporter, ignoring
PluginManager::Manager: duplicate static plugin AnySceneImporter, ignoring
PluginManager::Manager: duplicate static plugin AnyImageImporter, ignoring
Renderer: NVIDIA GeForce RTX 4070/PCIe/SSE2 by NVIDIA Corporation
OpenGL version: 4.6.0 NVIDIA 580.173.02
Using optional features:
    GL_ARB_vertex_array_object
    GL_ARB_separate_shader_objects
    GL_ARB_robustness
    GL_ARB_texture_storage
    GL_ARB_texture_view
    GL_ARB_framebuffer_no_attachments
    GL_ARB_invalidate_subdata
    GL_ARB_texture_storage_multisample
    GL_ARB_multi_bind
    GL_ARB_direct_state_access
    GL_ARB_get_texture_sub_image
    GL_ARB_texture_filter_anisotropic
    GL_KHR_debug
    GL_KHR_parallel_shader_compile
    GL_NV_depth_buffer_float
Using driver workarounds:
    no-forward-compatible-core-context
    nv-egl-incorrect-gl11-function-pointers
    no-layout-qualifiers-on-old-glsl
    nv-zero-context-profile-mask
    nv-implementation-color-read-format-dsa-broken
    nv-cubemap-inconsistent-compressed-image-size
    nv-cubemap-broken-full-compressed-image-query
    nv-compressed-block-size-in-bits
[20:16:04:305943]:[Warning]:[Scene] SemanticScene.h(331)::checkFileExists : ::loadSemanticSceneDescriptor: File `data/scene_datasets/habitat-test-scenes/skokloster-castle.scn` does not exist.  Aborting load.
[20:16:04:305959]:[Warning]:[Scene] SemanticScene.cpp(123)::loadSemanticSceneDescriptor : SSD File Naming Issue! Neither SemanticAttributes-provided name : `data/scene_datasets/habitat-test-scenes/skokloster-castle.scn` nor constructed filename : `data/scene_datasets/habitat-test-scenes/info_semantic.json` exist on disk.
[20:16:04:305964]:[Error]:[Scene] SemanticScene.cpp(139)::loadSemanticSceneDescriptor : SSD Load Failure! File with SemanticAttributes-provided name `data/scene_datasets/habitat-test-scenes/skokloster-castle.scn` exists but failed to load.
[20:16:04:922978]:[Warning]:[Sim] Simulator.cpp(595)::instanceStageForSceneAttributes : The active scene does not contain semantic annotations : activeSemanticSceneID_ = 0
2026-08-11 20:16:05,111 update: 5560	fps: 495.622	
2026-08-11 20:16:05,111 Num updates: 5560	Num frames 889600
2026-08-11 20:16:05,111 Average window size: 50  distance_to_goal: 0.114  distance_to_goal_reward: 0.000  reward: 6.258  spl: 0.893  success: 0.972
2026-08-11 20:16:05,111 	Perf Stats: trainer.rollout_collect: 0.285 trainer.sample_action: 0.003 trainer.obs_insert: 0.000 trainer.step_env: 0.005 trainer.update_stats: 0.001 trainer.update_agent: 0.035
2026-08-11 20:16:08,245 update: 5570	fps: 495.648	
2026-08-11 20:16:08,245 Num updates: 5570	Num frames 891200
2026-08-11 20:16:08,245 Average window size: 50  distance_to_goal: 0.184  distance_to_goal_reward: 0.000  reward: 6.299  spl: 0.892  success: 0.975
2026-08-11 20:16:08,245 	Perf Stats: trainer.rollout_collect: 0.285 trainer.sample_action: 0.003 trainer.obs_insert: 0.000 trainer.step_env: 0.005 trainer.update_stats: 0.001 trainer.update_agent: 0.035
2026-08-11 20:16:11,362 update: 5580	fps: 495.679	
2026-08-11 20:16:11,362 Num updates: 5580	Num frames 892800
2026-08-11 20:16:11,362 Average window size: 50  distance_to_goal: 0.182  distance_to_goal_reward: 0.000  reward: 6.271  spl: 0.892  success: 0.973
2026-08-11 20:16:11,362 	Perf Stats: trainer.rollout_collect: 0.285 trainer.sample_action: 0.003 trainer.obs_insert: 0.000 trainer.step_env: 0.005 trainer.update_stats: 0.001 trainer.update_agent: 0.035
2026-08-11 20:16:14,488 update: 5590	fps: 495.707	
2026-08-11 20:16:14,488 Num updates: 5590	Num frames 894400
2026-08-11 20:16:14,488 Average window size: 50  distance_to_goal: 0.241  distance_to_goal_reward: 0.000  reward: 6.237  spl: 0.889  success: 0.971
2026-08-11 20:16:14,488 	Perf Stats: trainer.rollout_collect: 0.285 trainer.sample_action: 0.003 trainer.obs_insert: 0.000 trainer.step_env: 0.005 trainer.update_stats: 0.001 trainer.update_agent: 0.035
2026-08-11 20:16:17,697 update: 5600	fps: 495.712	
2026-08-11 20:16:17,698 Num updates: 5600	Num frames 896000
2026-08-11 20:16:17,698 Average window size: 50  distance_to_goal: 0.383  distance_to_goal_reward: 0.000  reward: 6.080  spl: 0.871  success: 0.954
2026-08-11 20:16:17,698 	Perf Stats: trainer.rollout_collect: 0.285 trainer.sample_action: 0.003 trainer.obs_insert: 0.000 trainer.step_env: 0.005 trainer.update_stats: 0.001 trainer.update_agent: 0.035
2026-08-11 20:16:20,790 update: 5610	fps: 495.749	
2026-08-11 20:16:20,790 Num updates: 5610	Num frames 897600
2026-08-11 20:16:20,790 Average window size: 50  distance_to_goal: 0.397  distance_to_goal_reward: 0.000  reward: 6.139  spl: 0.863  success: 0.951
2026-08-11 20:16:20,790 	Perf Stats: trainer.rollout_collect: 0.285 trainer.sample_action: 0.003 trainer.obs_insert: 0.000 trainer.step_env: 0.005 trainer.update_stats: 0.001 trainer.update_agent: 0.035
2026-08-11 20:16:23,924 update: 5620	fps: 495.774	
2026-08-11 20:16:23,924 Num updates: 5620	Num frames 899200
2026-08-11 20:16:23,924 Average window size: 50  distance_to_goal: 0.382  distance_to_goal_reward: 0.000  reward: 6.032  spl: 0.855  success: 0.946
2026-08-11 20:16:23,924 	Perf Stats: trainer.rollout_collect: 0.285 trainer.sample_action: 0.003 trainer.obs_insert: 0.000 trainer.step_env: 0.005 trainer.update_stats: 0.001 trainer.update_agent: 0.035
2026-08-11 20:16:27,117 update: 5630	fps: 495.784	
2026-08-11 20:16:27,118 Num updates: 5630	Num frames 900800
2026-08-11 20:16:27,118 Average window size: 50  distance_to_goal: 0.367  distance_to_goal_reward: 0.000  reward: 6.204  spl: 0.861  success: 0.956
2026-08-11 20:16:27,118 	Perf Stats: trainer.rollout_collect: 0.285 trainer.sample_action: 0.003 trainer.obs_insert: 0.000 trainer.step_env: 0.005 trainer.update_stats: 0.001 trainer.update_agent: 0.035
2026-08-11 20:16:30,228 update: 5640	fps: 495.815	
2026-08-11 20:16:30,228 Num updates: 5640	Num frames 902400
2026-08-11 20:16:30,228 Average window size: 50  distance_to_goal: 0.320  distance_to_goal_reward: 0.000  reward: 6.427  spl: 0.864  success: 0.961
2026-08-11 20:16:30,228 	Perf Stats: trainer.rollout_collect: 0.285 trainer.sample_action: 0.003 trainer.obs_insert: 0.000 trainer.step_env: 0.005 trainer.update_stats: 0.001 trainer.update_agent: 0.035
PluginManager::Manager: duplicate static plugin StbImageImporter, ignoring
PluginManager::Manager: duplicate static plugin GltfImporter, ignoring
PluginManager::Manager: duplicate static plugin BasisImporter, ignoring
PluginManager::Manager: duplicate static plugin AssimpImporter, ignoring
PluginManager::Manager: duplicate static plugin AnySceneImporter, ignoring
PluginManager::Manager: duplicate static plugin AnyImageImporter, ignoring
Renderer: NVIDIA GeForce RTX 4070/PCIe/SSE2 by NVIDIA Corporation
OpenGL version: 4.6.0 NVIDIA 580.173.02
Using optional features:
    GL_ARB_vertex_array_object
    GL_ARB_separate_shader_objects
    GL_ARB_robustness
    GL_ARB_texture_storage
    GL_ARB_texture_view
    GL_ARB_framebuffer_no_attachments
    GL_ARB_invalidate_subdata
    GL_ARB_texture_storage_multisample
    GL_ARB_multi_bind
    GL_ARB_direct_state_access
    GL_ARB_get_texture_sub_image
    GL_ARB_texture_filter_anisotropic
    GL_KHR_debug
    GL_KHR_parallel_shader_compile
    GL_NV_depth_buffer_float
Using driver workarounds:
    no-forward-compatible-core-context
    nv-egl-incorrect-gl11-function-pointers
    no-layout-qualifiers-on-old-glsl
    nv-zero-context-profile-mask
    nv-implementation-color-read-format-dsa-broken
    nv-cubemap-inconsistent-compressed-image-size
    nv-cubemap-broken-full-compressed-image-query
    nv-compressed-block-size-in-bits
[20:16:30:363974]:[Warning]:[Scene] SemanticScene.h(331)::checkFileExists : ::loadSemanticSceneDescriptor: File `data/scene_datasets/habitat-test-scenes/skokloster-castle.scn` does not exist.  Aborting load.
[20:16:30:363991]:[Warning]:[Scene] SemanticScene.cpp(123)::loadSemanticSceneDescriptor : SSD File Naming Issue! Neither SemanticAttributes-provided name : `data/scene_datasets/habitat-test-scenes/skokloster-castle.scn` nor constructed filename : `data/scene_datasets/habitat-test-scenes/info_semantic.json` exist on disk.
[20:16:30:364001]:[Error]:[Scene] SemanticScene.cpp(139)::loadSemanticSceneDescriptor : SSD Load Failure! File with SemanticAttributes-provided name `data/scene_datasets/habitat-test-scenes/skokloster-castle.scn` exists but failed to load.
[20:16:30:967653]:[Warning]:[Sim] Simulator.cpp(595)::instanceStageForSceneAttributes : The active scene does not contain semantic annotations : activeSemanticSceneID_ = 0
2026-08-11 20:16:34,010 update: 5650	fps: 495.665	
2026-08-11 20:16:34,010 Num updates: 5650	Num frames 904000
2026-08-11 20:16:34,010 Average window size: 50  distance_to_goal: 0.183  distance_to_goal_reward: 0.000  reward: 6.768  spl: 0.869  success: 0.972
2026-08-11 20:16:34,010 	Perf Stats: trainer.rollout_collect: 0.285 trainer.sample_action: 0.003 trainer.obs_insert: 0.000 trainer.step_env: 0.005 trainer.update_stats: 0.001 trainer.update_agent: 0.035
PluginManager::Manager: duplicate static plugin StbImageImporter, ignoring
PluginManager::Manager: duplicate static plugin GltfImporter, ignoring
PluginManager::Manager: duplicate static plugin BasisImporter, ignoring
PluginManager::Manager: duplicate static plugin AssimpImporter, ignoring
PluginManager::Manager: duplicate static plugin AnySceneImporter, ignoring
PluginManager::Manager: duplicate static plugin AnyImageImporter, ignoring
Renderer: NVIDIA GeForce RTX 4070/PCIe/SSE2 by NVIDIA Corporation
OpenGL version: 4.6.0 NVIDIA 580.173.02
Using optional features:
    GL_ARB_vertex_array_object
    GL_ARB_separate_shader_objects
    GL_ARB_robustness
    GL_ARB_texture_storage
    GL_ARB_texture_view
    GL_ARB_framebuffer_no_attachments
    GL_ARB_invalidate_subdata
    GL_ARB_texture_storage_multisample
    GL_ARB_multi_bind
    GL_ARB_direct_state_access
    GL_ARB_get_texture_sub_image
    GL_ARB_texture_filter_anisotropic
    GL_KHR_debug
    GL_KHR_parallel_shader_compile
    GL_NV_depth_buffer_float
Using driver workarounds:
    no-forward-compatible-core-context
    nv-egl-incorrect-gl11-function-pointers
    no-layout-qualifiers-on-old-glsl
    nv-zero-context-profile-mask
    nv-implementation-color-read-format-dsa-broken
    nv-cubemap-inconsistent-compressed-image-size
    nv-cubemap-broken-full-compressed-image-query
    nv-compressed-block-size-in-bits
[20:16:36:038224]:[Warning]:[Scene] SemanticScene.h(331)::checkFileExists : ::loadSemanticSceneDescriptor: File `data/scene_datasets/habitat-test-scenes/skokloster-castle.scn` does not exist.  Aborting load.
[20:16:36:038240]:[Warning]:[Scene] SemanticScene.cpp(123)::loadSemanticSceneDescriptor : SSD File Naming Issue! Neither SemanticAttributes-provided name : `data/scene_datasets/habitat-test-scenes/skokloster-castle.scn` nor constructed filename : `data/scene_datasets/habitat-test-scenes/info_semantic.json` exist on disk.
[20:16:36:038245]:[Error]:[Scene] SemanticScene.cpp(139)::loadSemanticSceneDescriptor : SSD Load Failure! File with SemanticAttributes-provided name `data/scene_datasets/habitat-test-scenes/skokloster-castle.scn` exists but failed to load.
[20:16:36:657646]:[Warning]:[Sim] Simulator.cpp(595)::instanceStageForSceneAttributes : The active scene does not contain semantic annotations : activeSemanticSceneID_ = 0
2026-08-11 20:16:37,816 update: 5660	fps: 495.508	
2026-08-11 20:16:37,816 Num updates: 5660	Num frames 905600
2026-08-11 20:16:37,817 Average window size: 50  distance_to_goal: 0.183  distance_to_goal_reward: 0.000  reward: 7.057  spl: 0.873  success: 0.967
2026-08-11 20:16:37,817 	Perf Stats: trainer.rollout_collect: 0.285 trainer.sample_action: 0.003 trainer.obs_insert: 0.000 trainer.step_env: 0.005 trainer.update_stats: 0.001 trainer.update_agent: 0.035
2026-08-11 20:16:40,992 update: 5670	fps: 495.522	
2026-08-11 20:16:40,992 Num updates: 5670	Num frames 907200
2026-08-11 20:16:40,992 Average window size: 50  distance_to_goal: 0.113  distance_to_goal_reward: 0.000  reward: 7.358  spl: 0.877  success: 0.968
2026-08-11 20:16:40,992 	Perf Stats: trainer.rollout_collect: 0.285 trainer.sample_action: 0.003 trainer.obs_insert: 0.000 trainer.step_env: 0.005 trainer.update_stats: 0.001 trainer.update_agent: 0.035
2026-08-11 20:16:44,183 update: 5680	fps: 495.532	
2026-08-11 20:16:44,183 Num updates: 5680	Num frames 908800
2026-08-11 20:16:44,183 Average window size: 50  distance_to_goal: 0.313  distance_to_goal_reward: -0.000  reward: 7.305  spl: 0.837  success: 0.931
2026-08-11 20:16:44,183 	Perf Stats: trainer.rollout_collect: 0.285 trainer.sample_action: 0.003 trainer.obs_insert: 0.000 trainer.step_env: 0.005 trainer.update_stats: 0.001 trainer.update_agent: 0.035
2026-08-11 20:16:47,382 update: 5690	fps: 495.540	
2026-08-11 20:16:47,382 Num updates: 5690	Num frames 910400
2026-08-11 20:16:47,382 Average window size: 50  distance_to_goal: 0.322  distance_to_goal_reward: -0.000  reward: 7.752  spl: 0.842  success: 0.929
2026-08-11 20:16:47,382 	Perf Stats: trainer.rollout_collect: 0.285 trainer.sample_action: 0.003 trainer.obs_insert: 0.000 trainer.step_env: 0.005 trainer.update_stats: 0.001 trainer.update_agent: 0.035
2026-08-11 20:16:50,638 update: 5700	fps: 495.533	
2026-08-11 20:16:50,638 Num updates: 5700	Num frames 912000
2026-08-11 20:16:50,638 Average window size: 50  distance_to_goal: 0.455  distance_to_goal_reward: -0.000  reward: 7.650  spl: 0.838  success: 0.917
2026-08-11 20:16:50,638 	Perf Stats: trainer.rollout_collect: 0.285 trainer.sample_action: 0.003 trainer.obs_insert: 0.000 trainer.step_env: 0.005 trainer.update_stats: 0.001 trainer.update_agent: 0.035
PluginManager::Manager: duplicate static plugin StbImageImporter, ignoring
PluginManager::Manager: duplicate static plugin GltfImporter, ignoring
PluginManager::Manager: duplicate static plugin BasisImporter, ignoring
PluginManager::Manager: duplicate static plugin AssimpImporter, ignoring
PluginManager::Manager: duplicate static plugin AnySceneImporter, ignoring
PluginManager::Manager: duplicate static plugin AnyImageImporter, ignoring
Renderer: NVIDIA GeForce RTX 4070/PCIe/SSE2 by NVIDIA Corporation
OpenGL version: 4.6.0 NVIDIA 580.173.02
Using optional features:
    GL_ARB_vertex_array_object
    GL_ARB_separate_shader_objects
    GL_ARB_robustness
    GL_ARB_texture_storage
    GL_ARB_texture_view
    GL_ARB_framebuffer_no_attachments
    GL_ARB_invalidate_subdata
    GL_ARB_texture_storage_multisample
    GL_ARB_multi_bind
    GL_ARB_direct_state_access
    GL_ARB_get_texture_sub_image
    GL_ARB_texture_filter_anisotropic
    GL_KHR_debug
    GL_KHR_parallel_shader_compile
    GL_NV_depth_buffer_float
Using driver workarounds:
    no-forward-compatible-core-context
    nv-egl-incorrect-gl11-function-pointers
    no-layout-qualifiers-on-old-glsl
    nv-zero-context-profile-mask
    nv-implementation-color-read-format-dsa-broken
    nv-cubemap-inconsistent-compressed-image-size
    nv-cubemap-broken-full-compressed-image-query
    nv-compressed-block-size-in-bits
[20:16:52:456711]:[Warning]:[Scene] SemanticScene.h(331)::checkFileExists : ::loadSemanticSceneDescriptor: File `data/scene_datasets/habitat-test-scenes/van-gogh-room.scn` does not exist.  Aborting load.
[20:16:52:456729]:[Warning]:[Scene] SemanticScene.cpp(123)::loadSemanticSceneDescriptor : SSD File Naming Issue! Neither SemanticAttributes-provided name : `data/scene_datasets/habitat-test-scenes/van-gogh-room.scn` nor constructed filename : `data/scene_datasets/habitat-test-scenes/info_semantic.json` exist on disk.
[20:16:52:456739]:[Error]:[Scene] SemanticScene.cpp(139)::loadSemanticSceneDescriptor : SSD Load Failure! File with SemanticAttributes-provided name `data/scene_datasets/habitat-test-scenes/van-gogh-room.scn` exists but failed to load.
[20:16:52:894860]:[Warning]:[Sim] Simulator.cpp(595)::instanceStageForSceneAttributes : The active scene does not contain semantic annotations : activeSemanticSceneID_ = 0
2026-08-11 20:16:54,276 update: 5710	fps: 495.423	
2026-08-11 20:16:54,276 Num updates: 5710	Num frames 913600
2026-08-11 20:16:54,276 Average window size: 50  distance_to_goal: 0.927  distance_to_goal_reward: 0.001  reward: 7.356  spl: 0.809  success: 0.879
2026-08-11 20:16:54,276 	Perf Stats: trainer.rollout_collect: 0.285 trainer.sample_action: 0.003 trainer.obs_insert: 0.000 trainer.step_env: 0.005 trainer.update_stats: 0.001 trainer.update_agent: 0.035
2026-08-11 20:16:57,435 update: 5720	fps: 495.442	
2026-08-11 20:16:57,444 Num updates: 5720	Num frames 915200
2026-08-11 20:16:57,444 Average window size: 50  distance_to_goal: 0.869  distance_to_goal_reward: 0.001  reward: 7.228  spl: 0.813  success: 0.887
2026-08-11 20:16:57,444 	Perf Stats: trainer.rollout_collect: 0.285 trainer.sample_action: 0.003 trainer.obs_insert: 0.000 trainer.step_env: 0.005 trainer.update_stats: 0.001 trainer.update_agent: 0.035
PluginManager::Manager: duplicate static plugin StbImageImporter, ignoring
PluginManager::Manager: duplicate static plugin GltfImporter, ignoring
PluginManager::Manager: duplicate static plugin BasisImporter, ignoring
PluginManager::Manager: duplicate static plugin AssimpImporter, ignoring
PluginManager::Manager: duplicate static plugin AnySceneImporter, ignoring
PluginManager::Manager: duplicate static plugin AnyImageImporter, ignoring
Renderer: NVIDIA GeForce RTX 4070/PCIe/SSE2 by NVIDIA Corporation
OpenGL version: 4.6.0 NVIDIA 580.173.02
Using optional features:
    GL_ARB_vertex_array_object
    GL_ARB_separate_shader_objects
    GL_ARB_robustness
    GL_ARB_texture_storage
    GL_ARB_texture_view
    GL_ARB_framebuffer_no_attachments
    GL_ARB_invalidate_subdata
    GL_ARB_texture_storage_multisample
    GL_ARB_multi_bind
    GL_ARB_direct_state_access
    GL_ARB_get_texture_sub_image
    GL_ARB_texture_filter_anisotropic
    GL_KHR_debug
    GL_KHR_parallel_shader_compile
    GL_NV_depth_buffer_float
Using driver workarounds:
    no-forward-compatible-core-context
    nv-egl-incorrect-gl11-function-pointers
    no-layout-qualifiers-on-old-glsl
    nv-zero-context-profile-mask
    nv-implementation-color-read-format-dsa-broken
    nv-cubemap-inconsistent-compressed-image-size
    nv-cubemap-broken-full-compressed-image-query
    nv-compressed-block-size-in-bits
[20:17:00:315975]:[Warning]:[Scene] SemanticScene.h(331)::checkFileExists : ::loadSemanticSceneDescriptor: File `data/scene_datasets/habitat-test-scenes/skokloster-castle.scn` does not exist.  Aborting load.
[20:17:00:315994]:[Warning]:[Scene] SemanticScene.cpp(123)::loadSemanticSceneDescriptor : SSD File Naming Issue! Neither SemanticAttributes-provided name : `data/scene_datasets/habitat-test-scenes/skokloster-castle.scn` nor constructed filename : `data/scene_datasets/habitat-test-scenes/info_semantic.json` exist on disk.
[20:17:00:316002]:[Error]:[Scene] SemanticScene.cpp(139)::loadSemanticSceneDescriptor : SSD Load Failure! File with SemanticAttributes-provided name `data/scene_datasets/habitat-test-scenes/skokloster-castle.scn` exists but failed to load.
[20:17:00:922153]:[Warning]:[Sim] Simulator.cpp(595)::instanceStageForSceneAttributes : The active scene does not contain semantic annotations : activeSemanticSceneID_ = 0
2026-08-11 20:17:01,222 update: 5730	fps: 495.293	
2026-08-11 20:17:01,222 Num updates: 5730	Num frames 916800
2026-08-11 20:17:01,222 Average window size: 50  distance_to_goal: 0.629  distance_to_goal_reward: 0.001  reward: 7.153  spl: 0.859  success: 0.929
2026-08-11 20:17:01,222 	Perf Stats: trainer.rollout_collect: 0.285 trainer.sample_action: 0.003 trainer.obs_insert: 0.000 trainer.step_env: 0.005 trainer.update_stats: 0.001 trainer.update_agent: 0.035
2026-08-11 20:17:04,429 update: 5740	fps: 495.299	
2026-08-11 20:17:04,429 Num updates: 5740	Num frames 918400
2026-08-11 20:17:04,429 Average window size: 50  distance_to_goal: 0.742  distance_to_goal_reward: 0.001  reward: 6.692  spl: 0.841  success: 0.910
2026-08-11 20:17:04,429 	Perf Stats: trainer.rollout_collect: 0.285 trainer.sample_action: 0.003 trainer.obs_insert: 0.000 trainer.step_env: 0.005 trainer.update_stats: 0.001 trainer.update_agent: 0.035
2026-08-11 20:17:07,642 update: 5750	fps: 495.304	
2026-08-11 20:17:07,642 Num updates: 5750	Num frames 920000
2026-08-11 20:17:07,642 Average window size: 50  distance_to_goal: 0.684  distance_to_goal_reward: 0.000  reward: 7.068  spl: 0.842  success: 0.919
2026-08-11 20:17:07,642 	Perf Stats: trainer.rollout_collect: 0.285 trainer.sample_action: 0.003 trainer.obs_insert: 0.000 trainer.step_env: 0.005 trainer.update_stats: 0.001 trainer.update_agent: 0.035
2026-08-11 20:17:10,842 update: 5760	fps: 495.312	
2026-08-11 20:17:10,842 Num updates: 5760	Num frames 921600
2026-08-11 20:17:10,842 Average window size: 50  distance_to_goal: 0.471  distance_to_goal_reward: 0.000  reward: 7.398  spl: 0.846  success: 0.933
2026-08-11 20:17:10,842 	Perf Stats: trainer.rollout_collect: 0.285 trainer.sample_action: 0.003 trainer.obs_insert: 0.000 trainer.step_env: 0.005 trainer.update_stats: 0.001 trainer.update_agent: 0.035
2026-08-11 20:17:14,031 update: 5770	fps: 495.323	
2026-08-11 20:17:14,032 Num updates: 5770	Num frames 923200
2026-08-11 20:17:14,032 Average window size: 50  distance_to_goal: 0.650  distance_to_goal_reward: 0.000  reward: 7.170  spl: 0.834  success: 0.923
2026-08-11 20:17:14,032 	Perf Stats: trainer.rollout_collect: 0.285 trainer.sample_action: 0.003 trainer.obs_insert: 0.000 trainer.step_env: 0.005 trainer.update_stats: 0.001 trainer.update_agent: 0.035
2026-08-11 20:17:17,229 update: 5780	fps: 495.331	
2026-08-11 20:17:17,229 Num updates: 5780	Num frames 924800
2026-08-11 20:17:17,229 Average window size: 50  distance_to_goal: 0.883  distance_to_goal_reward: -0.001  reward: 7.316  spl: 0.820  success: 0.911
2026-08-11 20:17:17,229 	Perf Stats: trainer.rollout_collect: 0.285 trainer.sample_action: 0.003 trainer.obs_insert: 0.000 trainer.step_env: 0.005 trainer.update_stats: 0.001 trainer.update_agent: 0.035
2026-08-11 20:17:20,438 update: 5790	fps: 495.337	
2026-08-11 20:17:20,438 Num updates: 5790	Num frames 926400
2026-08-11 20:17:20,438 Average window size: 50  distance_to_goal: 0.786  distance_to_goal_reward: -0.001  reward: 7.467  spl: 0.823  success: 0.925
2026-08-11 20:17:20,438 	Perf Stats: trainer.rollout_collect: 0.285 trainer.sample_action: 0.003 trainer.obs_insert: 0.000 trainer.step_env: 0.005 trainer.update_stats: 0.001 trainer.update_agent: 0.035
2026-08-11 20:17:23,720 update: 5800	fps: 495.323	
2026-08-11 20:17:23,720 Num updates: 5800	Num frames 928000
2026-08-11 20:17:23,720 Average window size: 50  distance_to_goal: 0.856  distance_to_goal_reward: -0.001  reward: 7.290  spl: 0.814  success: 0.920
2026-08-11 20:17:23,720 	Perf Stats: trainer.rollout_collect: 0.285 trainer.sample_action: 0.003 trainer.obs_insert: 0.000 trainer.step_env: 0.005 trainer.update_stats: 0.001 trainer.update_agent: 0.035
2026-08-11 20:17:26,896 update: 5810	fps: 495.337	
2026-08-11 20:17:26,896 Num updates: 5810	Num frames 929600
2026-08-11 20:17:26,896 Average window size: 50  distance_to_goal: 1.062  distance_to_goal_reward: -0.001  reward: 6.788  spl: 0.804  success: 0.903
2026-08-11 20:17:26,896 	Perf Stats: trainer.rollout_collect: 0.285 trainer.sample_action: 0.003 trainer.obs_insert: 0.000 trainer.step_env: 0.005 trainer.update_stats: 0.001 trainer.update_agent: 0.035
2026-08-11 20:17:30,095 update: 5820	fps: 495.346	
2026-08-11 20:17:30,095 Num updates: 5820	Num frames 931200
2026-08-11 20:17:30,096 Average window size: 50  distance_to_goal: 1.133  distance_to_goal_reward: -0.003  reward: 6.516  spl: 0.758  success: 0.853
2026-08-11 20:17:30,096 	Perf Stats: trainer.rollout_collect: 0.285 trainer.sample_action: 0.003 trainer.obs_insert: 0.000 trainer.step_env: 0.005 trainer.update_stats: 0.001 trainer.update_agent: 0.035
2026-08-11 20:17:33,296 update: 5830	fps: 495.353	
2026-08-11 20:17:33,296 Num updates: 5830	Num frames 932800
2026-08-11 20:17:33,296 Average window size: 50  distance_to_goal: 0.888  distance_to_goal_reward: -0.002  reward: 6.617  spl: 0.785  success: 0.880
2026-08-11 20:17:33,296 	Perf Stats: trainer.rollout_collect: 0.285 trainer.sample_action: 0.003 trainer.obs_insert: 0.000 trainer.step_env: 0.005 trainer.update_stats: 0.001 trainer.update_agent: 0.035
2026-08-11 20:17:36,476 update: 5840	fps: 495.366	
2026-08-11 20:17:36,477 Num updates: 5840	Num frames 934400
2026-08-11 20:17:36,477 Average window size: 50  distance_to_goal: 0.953  distance_to_goal_reward: -0.002  reward: 6.690  spl: 0.761  success: 0.849
2026-08-11 20:17:36,477 	Perf Stats: trainer.rollout_collect: 0.285 trainer.sample_action: 0.003 trainer.obs_insert: 0.000 trainer.step_env: 0.005 trainer.update_stats: 0.001 trainer.update_agent: 0.035
PluginManager::Manager: duplicate static plugin StbImageImporter, ignoring
PluginManager::Manager: duplicate static plugin GltfImporter, ignoring
PluginManager::Manager: duplicate static plugin BasisImporter, ignoring
PluginManager::Manager: duplicate static plugin AssimpImporter, ignoring
PluginManager::Manager: duplicate static plugin AnySceneImporter, ignoring
PluginManager::Manager: duplicate static plugin AnyImageImporter, ignoring
Renderer: NVIDIA GeForce RTX 4070/PCIe/SSE2 by NVIDIA Corporation
OpenGL version: 4.6.0 NVIDIA 580.173.02
Using optional features:
    GL_ARB_vertex_array_object
    GL_ARB_separate_shader_objects
    GL_ARB_robustness
    GL_ARB_texture_storage
    GL_ARB_texture_view
    GL_ARB_framebuffer_no_attachments
    GL_ARB_invalidate_subdata
    GL_ARB_texture_storage_multisample
    GL_ARB_multi_bind
    GL_ARB_direct_state_access
    GL_ARB_get_texture_sub_image
    GL_ARB_texture_filter_anisotropic
    GL_KHR_debug
    GL_KHR_parallel_shader_compile
    GL_NV_depth_buffer_float
Using driver workarounds:
    no-forward-compatible-core-context
    nv-egl-incorrect-gl11-function-pointers
    no-layout-qualifiers-on-old-glsl
    nv-zero-context-profile-mask
    nv-implementation-color-read-format-dsa-broken
    nv-cubemap-inconsistent-compressed-image-size
    nv-cubemap-broken-full-compressed-image-query
    nv-compressed-block-size-in-bits
[20:17:36:910869]:[Warning]:[Scene] SemanticScene.h(331)::checkFileExists : ::loadSemanticSceneDescriptor: File `data/scene_datasets/habitat-test-scenes/van-gogh-room.scn` does not exist.  Aborting load.
[20:17:36:910887]:[Warning]:[Scene] SemanticScene.cpp(123)::loadSemanticSceneDescriptor : SSD File Naming Issue! Neither SemanticAttributes-provided name : `data/scene_datasets/habitat-test-scenes/van-gogh-room.scn` nor constructed filename : `data/scene_datasets/habitat-test-scenes/info_semantic.json` exist on disk.
[20:17:36:910897]:[Error]:[Scene] SemanticScene.cpp(139)::loadSemanticSceneDescriptor : SSD Load Failure! File with SemanticAttributes-provided name `data/scene_datasets/habitat-test-scenes/van-gogh-room.scn` exists but failed to load.
[20:17:37:343427]:[Warning]:[Sim] Simulator.cpp(595)::instanceStageForSceneAttributes : The active scene does not contain semantic annotations : activeSemanticSceneID_ = 0
2026-08-11 20:17:40,083 update: 5850	fps: 495.268	
2026-08-11 20:17:40,083 Num updates: 5850	Num frames 936000
2026-08-11 20:17:40,083 Average window size: 50  distance_to_goal: 0.885  distance_to_goal_reward: -0.001  reward: 6.786  spl: 0.771  success: 0.857
2026-08-11 20:17:40,083 	Perf Stats: trainer.rollout_collect: 0.285 trainer.sample_action: 0.003 trainer.obs_insert: 0.000 trainer.step_env: 0.005 trainer.update_stats: 0.001 trainer.update_agent: 0.035
2026-08-11 20:17:43,232 update: 5860	fps: 495.289	
2026-08-11 20:17:43,233 Num updates: 5860	Num frames 937600
2026-08-11 20:17:43,233 Average window size: 50  distance_to_goal: 0.567  distance_to_goal_reward: -0.001  reward: 7.489  spl: 0.809  success: 0.896
2026-08-11 20:17:43,233 	Perf Stats: trainer.rollout_collect: 0.285 trainer.sample_action: 0.003 trainer.obs_insert: 0.000 trainer.step_env: 0.005 trainer.update_stats: 0.001 trainer.update_agent: 0.035
2026-08-11 20:17:46,392 update: 5870	fps: 495.307	
2026-08-11 20:17:46,392 Num updates: 5870	Num frames 939200
2026-08-11 20:17:46,392 Average window size: 50  distance_to_goal: 0.363  distance_to_goal_reward: 0.000  reward: 7.940  spl: 0.841  success: 0.936
2026-08-11 20:17:46,392 	Perf Stats: trainer.rollout_collect: 0.285 trainer.sample_action: 0.003 trainer.obs_insert: 0.000 trainer.step_env: 0.005 trainer.update_stats: 0.001 trainer.update_agent: 0.035
2026-08-11 20:17:49,557 update: 5880	fps: 495.324	
2026-08-11 20:17:49,557 Num updates: 5880	Num frames 940800
2026-08-11 20:17:49,557 Average window size: 50  distance_to_goal: 0.293  distance_to_goal_reward: 0.000  reward: 8.239  spl: 0.835  success: 0.932
2026-08-11 20:17:49,557 	Perf Stats: trainer.rollout_collect: 0.285 trainer.sample_action: 0.003 trainer.obs_insert: 0.000 trainer.step_env: 0.005 trainer.update_stats: 0.001 trainer.update_agent: 0.035
2026-08-11 20:17:52,703 update: 5890	fps: 495.346	
2026-08-11 20:17:52,704 Num updates: 5890	Num frames 942400
2026-08-11 20:17:52,704 Average window size: 50  distance_to_goal: 0.276  distance_to_goal_reward: 0.000  reward: 8.205  spl: 0.850  success: 0.944
2026-08-11 20:17:52,704 	Perf Stats: trainer.rollout_collect: 0.285 trainer.sample_action: 0.003 trainer.obs_insert: 0.000 trainer.step_env: 0.005 trainer.update_stats: 0.001 trainer.update_agent: 0.035
2026-08-11 20:17:55,939 update: 5900	fps: 495.345	
2026-08-11 20:17:55,939 Num updates: 5900	Num frames 944000
2026-08-11 20:17:55,939 Average window size: 50  distance_to_goal: 0.089  distance_to_goal_reward: 0.000  reward: 8.350  spl: 0.860  success: 0.962
2026-08-11 20:17:55,939 	Perf Stats: trainer.rollout_collect: 0.285 trainer.sample_action: 0.003 trainer.obs_insert: 0.000 trainer.step_env: 0.005 trainer.update_stats: 0.001 trainer.update_agent: 0.035
2026-08-11 20:17:59,090 update: 5910	fps: 495.365	
2026-08-11 20:17:59,091 Num updates: 5910	Num frames 945600
2026-08-11 20:17:59,091 Average window size: 50  distance_to_goal: 0.252  distance_to_goal_reward: 0.000  reward: 7.876  spl: 0.856  success: 0.955
2026-08-11 20:17:59,091 	Perf Stats: trainer.rollout_collect: 0.285 trainer.sample_action: 0.003 trainer.obs_insert: 0.000 trainer.step_env: 0.005 trainer.update_stats: 0.001 trainer.update_agent: 0.035
2026-08-11 20:18:02,233 update: 5920	fps: 495.388	
2026-08-11 20:18:02,233 Num updates: 5920	Num frames 947200
2026-08-11 20:18:02,233 Average window size: 50  distance_to_goal: 0.378  distance_to_goal_reward: 0.000  reward: 7.767  spl: 0.867  success: 0.959
2026-08-11 20:18:02,233 	Perf Stats: trainer.rollout_collect: 0.285 trainer.sample_action: 0.003 trainer.obs_insert: 0.000 trainer.step_env: 0.005 trainer.update_stats: 0.001 trainer.update_agent: 0.035
2026-08-11 20:18:05,377 update: 5930	fps: 495.410	
2026-08-11 20:18:05,377 Num updates: 5930	Num frames 948800
2026-08-11 20:18:05,377 Average window size: 50  distance_to_goal: 0.384  distance_to_goal_reward: 0.000  reward: 7.593  spl: 0.881  success: 0.965
2026-08-11 20:18:05,378 	Perf Stats: trainer.rollout_collect: 0.285 trainer.sample_action: 0.003 trainer.obs_insert: 0.000 trainer.step_env: 0.005 trainer.update_stats: 0.001 trainer.update_agent: 0.035
2026-08-11 20:18:08,510 update: 5940	fps: 495.435	
2026-08-11 20:18:08,510 Num updates: 5940	Num frames 950400
2026-08-11 20:18:08,510 Average window size: 50  distance_to_goal: 0.488  distance_to_goal_reward: 0.000  reward: 7.106  spl: 0.878  success: 0.958
2026-08-11 20:18:08,510 	Perf Stats: trainer.rollout_collect: 0.285 trainer.sample_action: 0.003 trainer.obs_insert: 0.000 trainer.step_env: 0.005 trainer.update_stats: 0.001 trainer.update_agent: 0.035
PluginManager::Manager: duplicate static plugin StbImageImporter, ignoring
PluginManager::Manager: duplicate static plugin GltfImporter, ignoring
PluginManager::Manager: duplicate static plugin BasisImporter, ignoring
PluginManager::Manager: duplicate static plugin AssimpImporter, ignoring
PluginManager::Manager: duplicate static plugin AnySceneImporter, ignoring
PluginManager::Manager: duplicate static plugin AnyImageImporter, ignoring
Renderer: NVIDIA GeForce RTX 4070/PCIe/SSE2 by NVIDIA Corporation
OpenGL version: 4.6.0 NVIDIA 580.173.02
Using optional features:
    GL_ARB_vertex_array_object
    GL_ARB_separate_shader_objects
    GL_ARB_robustness
    GL_ARB_texture_storage
    GL_ARB_texture_view
    GL_ARB_framebuffer_no_attachments
    GL_ARB_invalidate_subdata
    GL_ARB_texture_storage_multisample
    GL_ARB_multi_bind
    GL_ARB_direct_state_access
    GL_ARB_get_texture_sub_image
    GL_ARB_texture_filter_anisotropic
    GL_KHR_debug
    GL_KHR_parallel_shader_compile
    GL_NV_depth_buffer_float
Using driver workarounds:
    no-forward-compatible-core-context
    nv-egl-incorrect-gl11-function-pointers
    no-layout-qualifiers-on-old-glsl
    nv-zero-context-profile-mask
    nv-implementation-color-read-format-dsa-broken
    nv-cubemap-inconsistent-compressed-image-size
    nv-cubemap-broken-full-compressed-image-query
    nv-compressed-block-size-in-bits
[20:18:11:579932]:[Warning]:[Scene] SemanticScene.h(331)::checkFileExists : ::loadSemanticSceneDescriptor: File `data/scene_datasets/habitat-test-scenes/van-gogh-room.scn` does not exist.  Aborting load.
[20:18:11:579948]:[Warning]:[Scene] SemanticScene.cpp(123)::loadSemanticSceneDescriptor : SSD File Naming Issue! Neither SemanticAttributes-provided name : `data/scene_datasets/habitat-test-scenes/van-gogh-room.scn` nor constructed filename : `data/scene_datasets/habitat-test-scenes/info_semantic.json` exist on disk.
[20:18:11:579953]:[Error]:[Scene] SemanticScene.cpp(139)::loadSemanticSceneDescriptor : SSD Load Failure! File with SemanticAttributes-provided name `data/scene_datasets/habitat-test-scenes/van-gogh-room.scn` exists but failed to load.
[20:18:12:019064]:[Warning]:[Sim] Simulator.cpp(595)::instanceStageForSceneAttributes : The active scene does not contain semantic annotations : activeSemanticSceneID_ = 0
2026-08-11 20:18:12,114 update: 5950	fps: 495.338	
2026-08-11 20:18:12,114 Num updates: 5950	Num frames 952000
2026-08-11 20:18:12,114 Average window size: 50  distance_to_goal: 0.506  distance_to_goal_reward: 0.000  reward: 7.201  spl: 0.870  success: 0.941
2026-08-11 20:18:12,114 	Perf Stats: trainer.rollout_collect: 0.285 trainer.sample_action: 0.003 trainer.obs_insert: 0.000 trainer.step_env: 0.005 trainer.update_stats: 0.001 trainer.update_agent: 0.035
2026-08-11 20:18:15,207 update: 5960	fps: 495.374	
2026-08-11 20:18:15,208 Num updates: 5960	Num frames 953600
2026-08-11 20:18:15,208 Average window size: 50  distance_to_goal: 0.328  distance_to_goal_reward: 0.000  reward: 7.177  spl: 0.873  success: 0.938
2026-08-11 20:18:15,208 	Perf Stats: trainer.rollout_collect: 0.285 trainer.sample_action: 0.003 trainer.obs_insert: 0.000 trainer.step_env: 0.005 trainer.update_stats: 0.001 trainer.update_agent: 0.035
2026-08-11 20:18:18,312 update: 5970	fps: 495.406	
2026-08-11 20:18:18,312 Num updates: 5970	Num frames 955200
2026-08-11 20:18:18,312 Average window size: 50  distance_to_goal: 0.343  distance_to_goal_reward: 0.000  reward: 6.670  spl: 0.872  success: 0.934
2026-08-11 20:18:18,312 	Perf Stats: trainer.rollout_collect: 0.285 trainer.sample_action: 0.003 trainer.obs_insert: 0.000 trainer.step_env: 0.005 trainer.update_stats: 0.001 trainer.update_agent: 0.035
2026-08-11 20:18:21,416 update: 5980	fps: 495.438	
2026-08-11 20:18:21,416 Num updates: 5980	Num frames 956800
2026-08-11 20:18:21,416 Average window size: 50  distance_to_goal: 0.334  distance_to_goal_reward: 0.000  reward: 6.503  spl: 0.860  success: 0.922
2026-08-11 20:18:21,416 	Perf Stats: trainer.rollout_collect: 0.285 trainer.sample_action: 0.003 trainer.obs_insert: 0.000 trainer.step_env: 0.005 trainer.update_stats: 0.001 trainer.update_agent: 0.035
PluginManager::Manager: duplicate static plugin StbImageImporter, ignoring
PluginManager::Manager: duplicate static plugin GltfImporter, ignoring
PluginManager::Manager: duplicate static plugin BasisImporter, ignoring
PluginManager::Manager: duplicate static plugin AssimpImporter, ignoring
PluginManager::Manager: duplicate static plugin AnySceneImporter, ignoring
PluginManager::Manager: duplicate static plugin AnyImageImporter, ignoring
Renderer: NVIDIA GeForce RTX 4070/PCIe/SSE2 by NVIDIA Corporation
OpenGL version: 4.6.0 NVIDIA 580.173.02
Using optional features:
    GL_ARB_vertex_array_object
    GL_ARB_separate_shader_objects
    GL_ARB_robustness
    GL_ARB_texture_storage
    GL_ARB_texture_view
    GL_ARB_framebuffer_no_attachments
    GL_ARB_invalidate_subdata
    GL_ARB_texture_storage_multisample
    GL_ARB_multi_bind
    GL_ARB_direct_state_access
    GL_ARB_get_texture_sub_image
    GL_ARB_texture_filter_anisotropic
    GL_KHR_debug
    GL_KHR_parallel_shader_compile
    GL_NV_depth_buffer_float
Using driver workarounds:
    no-forward-compatible-core-context
    nv-egl-incorrect-gl11-function-pointers
    no-layout-qualifiers-on-old-glsl
    nv-zero-context-profile-mask
    nv-implementation-color-read-format-dsa-broken
    nv-cubemap-inconsistent-compressed-image-size
    nv-cubemap-broken-full-compressed-image-query
    nv-compressed-block-size-in-bits
[20:18:24:074755]:[Warning]:[Scene] SemanticScene.h(331)::checkFileExists : ::loadSemanticSceneDescriptor: File `data/scene_datasets/habitat-test-scenes/van-gogh-room.scn` does not exist.  Aborting load.
[20:18:24:074773]:[Warning]:[Scene] SemanticScene.cpp(123)::loadSemanticSceneDescriptor : SSD File Naming Issue! Neither SemanticAttributes-provided name : `data/scene_datasets/habitat-test-scenes/van-gogh-room.scn` nor constructed filename : `data/scene_datasets/habitat-test-scenes/info_semantic.json` exist on disk.
[20:18:24:074783]:[Error]:[Scene] SemanticScene.cpp(139)::loadSemanticSceneDescriptor : SSD Load Failure! File with SemanticAttributes-provided name `data/scene_datasets/habitat-test-scenes/van-gogh-room.scn` exists but failed to load.
[20:18:24:505250]:[Warning]:[Sim] Simulator.cpp(595)::instanceStageForSceneAttributes : The active scene does not contain semantic annotations : activeSemanticSceneID_ = 0
2026-08-11 20:18:24,964 update: 5990	fps: 495.356	
2026-08-11 20:18:24,964 Num updates: 5990	Num frames 958400
2026-08-11 20:18:24,964 Average window size: 50  distance_to_goal: 0.244  distance_to_goal_reward: 0.000  reward: 6.427  spl: 0.865  success: 0.928
2026-08-11 20:18:24,964 	Perf Stats: trainer.rollout_collect: 0.285 trainer.sample_action: 0.003 trainer.obs_insert: 0.000 trainer.step_env: 0.005 trainer.update_stats: 0.001 trainer.update_agent: 0.035
2026-08-11 20:18:28,127 update: 6000	fps: 495.374	
2026-08-11 20:18:28,127 Num updates: 6000	Num frames 960000
2026-08-11 20:18:28,127 Average window size: 50  distance_to_goal: 0.244  distance_to_goal_reward: 0.000  reward: 6.116  spl: 0.872  success: 0.941
2026-08-11 20:18:28,127 	Perf Stats: trainer.rollout_collect: 0.285 trainer.sample_action: 0.003 trainer.obs_insert: 0.000 trainer.step_env: 0.005 trainer.update_stats: 0.001 trainer.update_agent: 0.035
2026-08-11 20:18:31,163 update: 6010	fps: 495.423	
2026-08-11 20:18:31,163 Num updates: 6010	Num frames 961600
2026-08-11 20:18:31,163 Average window size: 50  distance_to_goal: 0.233  distance_to_goal_reward: 0.000  reward: 6.125  spl: 0.877  success: 0.949
2026-08-11 20:18:31,163 	Perf Stats: trainer.rollout_collect: 0.285 trainer.sample_action: 0.003 trainer.obs_insert: 0.000 trainer.step_env: 0.005 trainer.update_stats: 0.001 trainer.update_agent: 0.035
2026-08-11 20:18:34,234 update: 6020	fps: 495.463	
2026-08-11 20:18:34,234 Num updates: 6020	Num frames 963200
2026-08-11 20:18:34,234 Average window size: 50  distance_to_goal: 0.222  distance_to_goal_reward: 0.000  reward: 6.183  spl: 0.886  success: 0.960
2026-08-11 20:18:34,234 	Perf Stats: trainer.rollout_collect: 0.285 trainer.sample_action: 0.003 trainer.obs_insert: 0.000 trainer.step_env: 0.005 trainer.update_stats: 0.001 trainer.update_agent: 0.035
PluginManager::Manager: duplicate static plugin StbImageImporter, ignoring
PluginManager::Manager: duplicate static plugin GltfImporter, ignoring
PluginManager::Manager: duplicate static plugin BasisImporter, ignoring
PluginManager::Manager: duplicate static plugin AssimpImporter, ignoring
PluginManager::Manager: duplicate static plugin AnySceneImporter, ignoring
PluginManager::Manager: duplicate static plugin AnyImageImporter, ignoring
Renderer: NVIDIA GeForce RTX 4070/PCIe/SSE2 by NVIDIA Corporation
OpenGL version: 4.6.0 NVIDIA 580.173.02
Using optional features:
    GL_ARB_vertex_array_object
    GL_ARB_separate_shader_objects
    GL_ARB_robustness
    GL_ARB_texture_storage
    GL_ARB_texture_view
    GL_ARB_framebuffer_no_attachments
    GL_ARB_invalidate_subdata
    GL_ARB_texture_storage_multisample
    GL_ARB_multi_bind
    GL_ARB_direct_state_access
    GL_ARB_get_texture_sub_image
    GL_ARB_texture_filter_anisotropic
    GL_KHR_debug
    GL_KHR_parallel_shader_compile
    GL_NV_depth_buffer_float
Using driver workarounds:
    no-forward-compatible-core-context
    nv-egl-incorrect-gl11-function-pointers
    no-layout-qualifiers-on-old-glsl
    nv-zero-context-profile-mask
    nv-implementation-color-read-format-dsa-broken
    nv-cubemap-inconsistent-compressed-image-size
    nv-cubemap-broken-full-compressed-image-query
    nv-compressed-block-size-in-bits
[20:18:36:227448]:[Warning]:[Scene] SemanticScene.h(331)::checkFileExists : ::loadSemanticSceneDescriptor: File `data/scene_datasets/habitat-test-scenes/van-gogh-room.scn` does not exist.  Aborting load.
[20:18:36:227465]:[Warning]:[Scene] SemanticScene.cpp(123)::loadSemanticSceneDescriptor : SSD File Naming Issue! Neither SemanticAttributes-provided name : `data/scene_datasets/habitat-test-scenes/van-gogh-room.scn` nor constructed filename : `data/scene_datasets/habitat-test-scenes/info_semantic.json` exist on disk.
[20:18:36:227474]:[Error]:[Scene] SemanticScene.cpp(139)::loadSemanticSceneDescriptor : SSD Load Failure! File with SemanticAttributes-provided name `data/scene_datasets/habitat-test-scenes/van-gogh-room.scn` exists but failed to load.
[20:18:36:659367]:[Warning]:[Sim] Simulator.cpp(595)::instanceStageForSceneAttributes : The active scene does not contain semantic annotations : activeSemanticSceneID_ = 0
2026-08-11 20:18:37,729 update: 6030	fps: 495.396	
2026-08-11 20:18:37,729 Num updates: 6030	Num frames 964800
2026-08-11 20:18:37,729 Average window size: 50  distance_to_goal: 0.209  distance_to_goal_reward: 0.000  reward: 6.282  spl: 0.901  success: 0.975
2026-08-11 20:18:37,729 	Perf Stats: trainer.rollout_collect: 0.285 trainer.sample_action: 0.003 trainer.obs_insert: 0.000 trainer.step_env: 0.005 trainer.update_stats: 0.001 trainer.update_agent: 0.035
PluginManager::Manager: duplicate static plugin StbImageImporter, ignoring
PluginManager::Manager: duplicate static plugin GltfImporter, ignoring
PluginManager::Manager: duplicate static plugin BasisImporter, ignoring
PluginManager::Manager: duplicate static plugin AssimpImporter, ignoring
PluginManager::Manager: duplicate static plugin AnySceneImporter, ignoring
PluginManager::Manager: duplicate static plugin AnyImageImporter, ignoring
Renderer: NVIDIA GeForce RTX 4070/PCIe/SSE2 by NVIDIA Corporation
OpenGL version: 4.6.0 NVIDIA 580.173.02
Using optional features:
    GL_ARB_vertex_array_object
    GL_ARB_separate_shader_objects
    GL_ARB_robustness
    GL_ARB_texture_storage
    GL_ARB_texture_view
    GL_ARB_framebuffer_no_attachments
    GL_ARB_invalidate_subdata
    GL_ARB_texture_storage_multisample
    GL_ARB_multi_bind
    GL_ARB_direct_state_access
    GL_ARB_get_texture_sub_image
    GL_ARB_texture_filter_anisotropic
    GL_KHR_debug
    GL_KHR_parallel_shader_compile
    GL_NV_depth_buffer_float
Using driver workarounds:
    no-forward-compatible-core-context
    nv-egl-incorrect-gl11-function-pointers
    no-layout-qualifiers-on-old-glsl
    nv-zero-context-profile-mask
    nv-implementation-color-read-format-dsa-broken
    nv-cubemap-inconsistent-compressed-image-size
    nv-cubemap-broken-full-compressed-image-query
    nv-compressed-block-size-in-bits
[20:18:37:860353]:[Warning]:[Scene] SemanticScene.h(331)::checkFileExists : ::loadSemanticSceneDescriptor: File `data/scene_datasets/habitat-test-scenes/skokloster-castle.scn` does not exist.  Aborting load.
[20:18:37:860369]:[Warning]:[Scene] SemanticScene.cpp(123)::loadSemanticSceneDescriptor : SSD File Naming Issue! Neither SemanticAttributes-provided name : `data/scene_datasets/habitat-test-scenes/skokloster-castle.scn` nor constructed filename : `data/scene_datasets/habitat-test-scenes/info_semantic.json` exist on disk.
[20:18:37:860375]:[Error]:[Scene] SemanticScene.cpp(139)::loadSemanticSceneDescriptor : SSD Load Failure! File with SemanticAttributes-provided name `data/scene_datasets/habitat-test-scenes/skokloster-castle.scn` exists but failed to load.
[20:18:38:465294]:[Warning]:[Sim] Simulator.cpp(595)::instanceStageForSceneAttributes : The active scene does not contain semantic annotations : activeSemanticSceneID_ = 0
2026-08-11 20:18:41,401 update: 6040	fps: 495.284	
2026-08-11 20:18:41,401 Num updates: 6040	Num frames 966400
2026-08-11 20:18:41,401 Average window size: 50  distance_to_goal: 0.172  distance_to_goal_reward: 0.000  reward: 6.341  spl: 0.908  success: 0.984
2026-08-11 20:18:41,401 	Perf Stats: trainer.rollout_collect: 0.285 trainer.sample_action: 0.003 trainer.obs_insert: 0.000 trainer.step_env: 0.005 trainer.update_stats: 0.001 trainer.update_agent: 0.035
2026-08-11 20:18:44,434 update: 6050	fps: 495.334	
2026-08-11 20:18:44,434 Num updates: 6050	Num frames 968000
2026-08-11 20:18:44,434 Average window size: 50  distance_to_goal: 0.227  distance_to_goal_reward: 0.000  reward: 6.204  spl: 0.906  success: 0.983
2026-08-11 20:18:44,434 	Perf Stats: trainer.rollout_collect: 0.285 trainer.sample_action: 0.003 trainer.obs_insert: 0.000 trainer.step_env: 0.005 trainer.update_stats: 0.001 trainer.update_agent: 0.035
2026-08-11 20:18:47,460 update: 6060	fps: 495.385	
2026-08-11 20:18:47,460 Num updates: 6060	Num frames 969600
2026-08-11 20:18:47,460 Average window size: 50  distance_to_goal: 0.142  distance_to_goal_reward: 0.000  reward: 6.378  spl: 0.896  success: 0.983
2026-08-11 20:18:47,460 	Perf Stats: trainer.rollout_collect: 0.285 trainer.sample_action: 0.003 trainer.obs_insert: 0.000 trainer.step_env: 0.005 trainer.update_stats: 0.001 trainer.update_agent: 0.035
2026-08-11 20:18:50,485 update: 6070	fps: 495.437	
2026-08-11 20:18:50,485 Num updates: 6070	Num frames 971200
2026-08-11 20:18:50,485 Average window size: 50  distance_to_goal: 0.142  distance_to_goal_reward: 0.000  reward: 6.345  spl: 0.885  success: 0.978
2026-08-11 20:18:50,485 	Perf Stats: trainer.rollout_collect: 0.285 trainer.sample_action: 0.003 trainer.obs_insert: 0.000 trainer.step_env: 0.005 trainer.update_stats: 0.001 trainer.update_agent: 0.035
2026-08-11 20:18:53,521 update: 6080	fps: 495.486	
2026-08-11 20:18:53,521 Num updates: 6080	Num frames 972800
2026-08-11 20:18:53,521 Average window size: 50  distance_to_goal: 0.145  distance_to_goal_reward: 0.000  reward: 6.348  spl: 0.881  success: 0.977
2026-08-11 20:18:53,521 	Perf Stats: trainer.rollout_collect: 0.285 trainer.sample_action: 0.003 trainer.obs_insert: 0.000 trainer.step_env: 0.005 trainer.update_stats: 0.001 trainer.update_agent: 0.035
2026-08-11 20:18:56,597 update: 6090	fps: 495.524	
2026-08-11 20:18:56,606 Num updates: 6090	Num frames 974400
2026-08-11 20:18:56,606 Average window size: 50  distance_to_goal: 0.142  distance_to_goal_reward: 0.000  reward: 6.562  spl: 0.888  success: 0.982
2026-08-11 20:18:56,606 	Perf Stats: trainer.rollout_collect: 0.285 trainer.sample_action: 0.003 trainer.obs_insert: 0.000 trainer.step_env: 0.005 trainer.update_stats: 0.001 trainer.update_agent: 0.035
2026-08-11 20:18:59,751 update: 6100	fps: 495.543	
2026-08-11 20:18:59,752 Num updates: 6100	Num frames 976000
2026-08-11 20:18:59,752 Average window size: 50  distance_to_goal: 0.082  distance_to_goal_reward: 0.000  reward: 6.698  spl: 0.892  success: 0.982
2026-08-11 20:18:59,752 	Perf Stats: trainer.rollout_collect: 0.285 trainer.sample_action: 0.003 trainer.obs_insert: 0.000 trainer.step_env: 0.005 trainer.update_stats: 0.001 trainer.update_agent: 0.035
2026-08-11 20:19:02,801 update: 6110	fps: 495.588	
2026-08-11 20:19:02,801 Num updates: 6110	Num frames 977600
2026-08-11 20:19:02,801 Average window size: 50  distance_to_goal: 0.096  distance_to_goal_reward: 0.000  reward: 6.498  spl: 0.892  success: 0.975
2026-08-11 20:19:02,801 	Perf Stats: trainer.rollout_collect: 0.285 trainer.sample_action: 0.003 trainer.obs_insert: 0.000 trainer.step_env: 0.005 trainer.update_stats: 0.001 trainer.update_agent: 0.035
2026-08-11 20:19:05,839 update: 6120	fps: 495.636	
2026-08-11 20:19:05,839 Num updates: 6120	Num frames 979200
2026-08-11 20:19:05,839 Average window size: 50  distance_to_goal: 0.097  distance_to_goal_reward: 0.000  reward: 6.577  spl: 0.892  success: 0.971
2026-08-11 20:19:05,839 	Perf Stats: trainer.rollout_collect: 0.285 trainer.sample_action: 0.003 trainer.obs_insert: 0.000 trainer.step_env: 0.005 trainer.update_stats: 0.001 trainer.update_agent: 0.035
2026-08-11 20:19:08,856 update: 6130	fps: 495.689	
2026-08-11 20:19:08,856 Num updates: 6130	Num frames 980800
2026-08-11 20:19:08,856 Average window size: 50  distance_to_goal: 0.102  distance_to_goal_reward: 0.000  reward: 6.481  spl: 0.889  success: 0.967
2026-08-11 20:19:08,856 	Perf Stats: trainer.rollout_collect: 0.285 trainer.sample_action: 0.003 trainer.obs_insert: 0.000 trainer.step_env: 0.005 trainer.update_stats: 0.001 trainer.update_agent: 0.035
2026-08-11 20:19:11,865 update: 6140	fps: 495.744	
2026-08-11 20:19:11,865 Num updates: 6140	Num frames 982400
2026-08-11 20:19:11,866 Average window size: 50  distance_to_goal: 0.100  distance_to_goal_reward: 0.000  reward: 6.404  spl: 0.897  success: 0.975
2026-08-11 20:19:11,866 	Perf Stats: trainer.rollout_collect: 0.285 trainer.sample_action: 0.003 trainer.obs_insert: 0.000 trainer.step_env: 0.005 trainer.update_stats: 0.001 trainer.update_agent: 0.035
2026-08-11 20:19:14,872 update: 6150	fps: 495.799	
2026-08-11 20:19:14,872 Num updates: 6150	Num frames 984000
2026-08-11 20:19:14,872 Average window size: 50  distance_to_goal: 0.115  distance_to_goal_reward: 0.000  reward: 6.373  spl: 0.884  success: 0.963
2026-08-11 20:19:14,872 	Perf Stats: trainer.rollout_collect: 0.285 trainer.sample_action: 0.003 trainer.obs_insert: 0.000 trainer.step_env: 0.005 trainer.update_stats: 0.001 trainer.update_agent: 0.035
PluginManager::Manager: duplicate static plugin StbImageImporter, ignoring
PluginManager::Manager: duplicate static plugin GltfImporter, ignoring
PluginManager::Manager: duplicate static plugin BasisImporter, ignoring
PluginManager::Manager: duplicate static plugin AssimpImporter, ignoring
PluginManager::Manager: duplicate static plugin AnySceneImporter, ignoring
PluginManager::Manager: duplicate static plugin AnyImageImporter, ignoring
Renderer: NVIDIA GeForce RTX 4070/PCIe/SSE2 by NVIDIA Corporation
OpenGL version: 4.6.0 NVIDIA 580.173.02
Using optional features:
    GL_ARB_vertex_array_object
    GL_ARB_separate_shader_objects
    GL_ARB_robustness
    GL_ARB_texture_storage
    GL_ARB_texture_view
    GL_ARB_framebuffer_no_attachments
    GL_ARB_invalidate_subdata
    GL_ARB_texture_storage_multisample
    GL_ARB_multi_bind
    GL_ARB_direct_state_access
    GL_ARB_get_texture_sub_image
    GL_ARB_texture_filter_anisotropic
    GL_KHR_debug
    GL_KHR_parallel_shader_compile
    GL_NV_depth_buffer_float
Using driver workarounds:
    no-forward-compatible-core-context
    nv-egl-incorrect-gl11-function-pointers
    no-layout-qualifiers-on-old-glsl
    nv-zero-context-profile-mask
    nv-implementation-color-read-format-dsa-broken
    nv-cubemap-inconsistent-compressed-image-size
    nv-cubemap-broken-full-compressed-image-query
    nv-compressed-block-size-in-bits
[20:19:17:451770]:[Warning]:[Scene] SemanticScene.h(331)::checkFileExists : ::loadSemanticSceneDescriptor: File `data/scene_datasets/habitat-test-scenes/skokloster-castle.scn` does not exist.  Aborting load.
[20:19:17:451785]:[Warning]:[Scene] SemanticScene.cpp(123)::loadSemanticSceneDescriptor : SSD File Naming Issue! Neither SemanticAttributes-provided name : `data/scene_datasets/habitat-test-scenes/skokloster-castle.scn` nor constructed filename : `data/scene_datasets/habitat-test-scenes/info_semantic.json` exist on disk.
[20:19:17:451790]:[Error]:[Scene] SemanticScene.cpp(139)::loadSemanticSceneDescriptor : SSD Load Failure! File with SemanticAttributes-provided name `data/scene_datasets/habitat-test-scenes/skokloster-castle.scn` exists but failed to load.
[20:19:18:069196]:[Warning]:[Sim] Simulator.cpp(595)::instanceStageForSceneAttributes : The active scene does not contain semantic annotations : activeSemanticSceneID_ = 0
2026-08-11 20:19:18,548 update: 6160	fps: 495.687	
2026-08-11 20:19:18,549 Num updates: 6160	Num frames 985600
2026-08-11 20:19:18,549 Average window size: 50  distance_to_goal: 0.105  distance_to_goal_reward: 0.000  reward: 6.337  spl: 0.892  success: 0.970
2026-08-11 20:19:18,549 	Perf Stats: trainer.rollout_collect: 0.285 trainer.sample_action: 0.003 trainer.obs_insert: 0.000 trainer.step_env: 0.005 trainer.update_stats: 0.001 trainer.update_agent: 0.035
2026-08-11 20:19:21,681 update: 6170	fps: 495.711	
2026-08-11 20:19:21,681 Num updates: 6170	Num frames 987200
2026-08-11 20:19:21,681 Average window size: 50  distance_to_goal: 0.103  distance_to_goal_reward: 0.000  reward: 6.561  spl: 0.893  success: 0.973
2026-08-11 20:19:21,681 	Perf Stats: trainer.rollout_collect: 0.285 trainer.sample_action: 0.003 trainer.obs_insert: 0.000 trainer.step_env: 0.005 trainer.update_stats: 0.001 trainer.update_agent: 0.035
2026-08-11 20:19:24,797 update: 6180	fps: 495.738	
2026-08-11 20:19:24,797 Num updates: 6180	Num frames 988800
2026-08-11 20:19:24,797 Average window size: 50  distance_to_goal: 0.103  distance_to_goal_reward: 0.000  reward: 6.488  spl: 0.885  success: 0.967
2026-08-11 20:19:24,797 	Perf Stats: trainer.rollout_collect: 0.285 trainer.sample_action: 0.003 trainer.obs_insert: 0.000 trainer.step_env: 0.005 trainer.update_stats: 0.001 trainer.update_agent: 0.035
2026-08-11 20:19:27,920 update: 6190	fps: 495.764	
2026-08-11 20:19:27,920 Num updates: 6190	Num frames 990400
2026-08-11 20:19:27,920 Average window size: 50  distance_to_goal: 0.187  distance_to_goal_reward: 0.000  reward: 6.223  spl: 0.865  success: 0.947
2026-08-11 20:19:27,920 	Perf Stats: trainer.rollout_collect: 0.285 trainer.sample_action: 0.003 trainer.obs_insert: 0.000 trainer.step_env: 0.005 trainer.update_stats: 0.001 trainer.update_agent: 0.035
2026-08-11 20:19:31,128 update: 6200	fps: 495.769	
2026-08-11 20:19:31,129 Num updates: 6200	Num frames 992000
2026-08-11 20:19:31,129 Average window size: 50  distance_to_goal: 0.236  distance_to_goal_reward: 0.000  reward: 6.392  spl: 0.874  success: 0.955
2026-08-11 20:19:31,129 	Perf Stats: trainer.rollout_collect: 0.285 trainer.sample_action: 0.003 trainer.obs_insert: 0.000 trainer.step_env: 0.005 trainer.update_stats: 0.001 trainer.update_agent: 0.035
2026-08-11 20:19:34,247 update: 6210	fps: 495.796	
2026-08-11 20:19:34,248 Num updates: 6210	Num frames 993600
2026-08-11 20:19:34,248 Average window size: 50  distance_to_goal: 0.238  distance_to_goal_reward: 0.000  reward: 6.525  spl: 0.876  success: 0.954
2026-08-11 20:19:34,248 	Perf Stats: trainer.rollout_collect: 0.285 trainer.sample_action: 0.003 trainer.obs_insert: 0.000 trainer.step_env: 0.005 trainer.update_stats: 0.001 trainer.update_agent: 0.035
2026-08-11 20:19:37,361 update: 6220	fps: 495.824	
2026-08-11 20:19:37,361 Num updates: 6220	Num frames 995200
2026-08-11 20:19:37,361 Average window size: 50  distance_to_goal: 0.344  distance_to_goal_reward: 0.000  reward: 6.230  spl: 0.874  success: 0.947
2026-08-11 20:19:37,361 	Perf Stats: trainer.rollout_collect: 0.285 trainer.sample_action: 0.003 trainer.obs_insert: 0.000 trainer.step_env: 0.005 trainer.update_stats: 0.001 trainer.update_agent: 0.035
2026-08-11 20:19:40,470 update: 6230	fps: 495.853	
2026-08-11 20:19:40,470 Num updates: 6230	Num frames 996800
2026-08-11 20:19:40,470 Average window size: 50  distance_to_goal: 0.349  distance_to_goal_reward: 0.000  reward: 6.433  spl: 0.881  success: 0.948
2026-08-11 20:19:40,470 	Perf Stats: trainer.rollout_collect: 0.285 trainer.sample_action: 0.003 trainer.obs_insert: 0.000 trainer.step_env: 0.005 trainer.update_stats: 0.001 trainer.update_agent: 0.035
2026-08-11 20:19:43,580 update: 6240	fps: 495.881	
2026-08-11 20:19:43,580 Num updates: 6240	Num frames 998400
2026-08-11 20:19:43,580 Average window size: 50  distance_to_goal: 0.276  distance_to_goal_reward: 0.000  reward: 6.711  spl: 0.894  success: 0.963
2026-08-11 20:19:43,580 	Perf Stats: trainer.rollout_collect: 0.285 trainer.sample_action: 0.003 trainer.obs_insert: 0.000 trainer.step_env: 0.005 trainer.update_stats: 0.001 trainer.update_agent: 0.035
PluginManager::Manager: duplicate static plugin StbImageImporter, ignoring
PluginManager::Manager: duplicate static plugin GltfImporter, ignoring
PluginManager::Manager: duplicate static plugin BasisImporter, ignoring
PluginManager::Manager: duplicate static plugin AssimpImporter, ignoring
PluginManager::Manager: duplicate static plugin AnySceneImporter, ignoring
PluginManager::Manager: duplicate static plugin AnyImageImporter, ignoring
Renderer: NVIDIA GeForce RTX 4070/PCIe/SSE2 by NVIDIA Corporation
OpenGL version: 4.6.0 NVIDIA 580.173.02
Using optional features:
    GL_ARB_vertex_array_object
    GL_ARB_separate_shader_objects
    GL_ARB_robustness
    GL_ARB_texture_storage
    GL_ARB_texture_view
    GL_ARB_framebuffer_no_attachments
    GL_ARB_invalidate_subdata
    GL_ARB_texture_storage_multisample
    GL_ARB_multi_bind
    GL_ARB_direct_state_access
    GL_ARB_get_texture_sub_image
    GL_ARB_texture_filter_anisotropic
    GL_KHR_debug
    GL_KHR_parallel_shader_compile
    GL_NV_depth_buffer_float
Using driver workarounds:
    no-forward-compatible-core-context
    nv-egl-incorrect-gl11-function-pointers
    no-layout-qualifiers-on-old-glsl
    nv-zero-context-profile-mask
    nv-implementation-color-read-format-dsa-broken
    nv-cubemap-inconsistent-compressed-image-size
    nv-cubemap-broken-full-compressed-image-query
    nv-compressed-block-size-in-bits
[20:19:45:829151]:[Warning]:[Scene] SemanticScene.h(331)::checkFileExists : ::loadSemanticSceneDescriptor: File `data/scene_datasets/habitat-test-scenes/skokloster-castle.scn` does not exist.  Aborting load.
[20:19:45:829169]:[Warning]:[Scene] SemanticScene.cpp(123)::loadSemanticSceneDescriptor : SSD File Naming Issue! Neither SemanticAttributes-provided name : `data/scene_datasets/habitat-test-scenes/skokloster-castle.scn` nor constructed filename : `data/scene_datasets/habitat-test-scenes/info_semantic.json` exist on disk.
[20:19:45:829178]:[Error]:[Scene] SemanticScene.cpp(139)::loadSemanticSceneDescriptor : SSD Load Failure! File with SemanticAttributes-provided name `data/scene_datasets/habitat-test-scenes/skokloster-castle.scn` exists but failed to load.
[20:19:46:447653]:[Warning]:[Sim] Simulator.cpp(595)::instanceStageForSceneAttributes : The active scene does not contain semantic annotations : activeSemanticSceneID_ = 0
2026-08-11 20:19:47,341 update: 6250	fps: 495.750	
2026-08-11 20:19:47,341 Num updates: 6250	Num frames 1000000
2026-08-11 20:19:47,341 Average window size: 50  distance_to_goal: 0.210  distance_to_goal_reward: 0.000  reward: 6.811  spl: 0.895  success: 0.968
2026-08-11 20:19:47,341 	Perf Stats: trainer.rollout_collect: 0.285 trainer.sample_action: 0.003 trainer.obs_insert: 0.000 trainer.step_env: 0.005 trainer.update_stats: 0.001 trainer.update_agent: 0.035
