Gym has been unmaintained since 2022 and does not support NumPy 2.0 amongst other critical functionality.
Please upgrade to Gymnasium, the maintained drop-in replacement of Gym, or contact the authors of your software and request that they upgrade.
See the migration guide at https://gymnasium.farama.org/introduction/migration_guide/ for additional information.
PluginManager::Manager: duplicate static plugin StbImageImporter, ignoring
PluginManager::Manager: duplicate static plugin GltfImporter, ignoring
PluginManager::Manager: duplicate static plugin BasisImporter, ignoring
PluginManager::Manager: duplicate static plugin AssimpImporter, ignoring
PluginManager::Manager: duplicate static plugin AnySceneImporter, ignoring
PluginManager::Manager: duplicate static plugin AnyImageImporter, ignoring
2026-08-11 18:02:06,409 config: habitat:
  seed: 200
  env_task: GymHabitatEnv
  env_task_gym_dependencies: []
  env_task_gym_id: ''
  environment:
    max_episode_steps: 500
    max_episode_seconds: 10000000
    iterator_options:
      cycle: true
      shuffle: true
      group_by_scene: true
      num_episode_sample: -1
      max_scene_repeat_episodes: -1
      max_scene_repeat_steps: 10000
      step_repetition_range: 0.2
  simulator:
    type: Sim-v0
    forward_step_size: 0.25
    turn_angle: 10
    create_renderer: false
    requires_textures: true
    auto_sleep: false
    step_physics: true
    concur_render: false
    needs_markers: true
    update_articulated_agent: true
    scene: data/scene_datasets/habitat-test-scenes/van-gogh-room.glb
    scene_dataset: default
    additional_object_paths: []
    seed: ${habitat.seed}
    default_agent_id: 0
    debug_render: false
    debug_render_articulated_agent: false
    kinematic_mode: false
    should_setup_semantic_ids: true
    debug_render_goal: true
    robot_joint_start_noise: 0.0
    ctrl_freq: 120.0
    ac_freq_ratio: 4
    load_objs: true
    hold_thresh: 0.15
    grasp_impulse: 10000.0
    agents:
      main_agent:
        height: 1.5
        radius: 0.1
        max_climb: 0.2
        max_slope: 45.0
        grasp_managers: 1
        sim_sensors:
          rgb_sensor:
            type: HabitatSimRGBSensor
            height: 256
            width: 256
            position:
            - 0.0
            - 1.25
            - 0.0
            orientation:
            - 0.0
            - 0.0
            - 0.0
            hfov: 90
            sensor_subtype: PINHOLE
            noise_model: None
            noise_model_kwargs: {}
          depth_sensor:
            type: HabitatSimDepthSensor
            height: 256
            width: 256
            position:
            - 0.0
            - 1.25
            - 0.0
            orientation:
            - 0.0
            - 0.0
            - 0.0
            hfov: 90
            sensor_subtype: PINHOLE
            noise_model: None
            noise_model_kwargs: {}
            min_depth: 0.0
            max_depth: 10.0
            normalize_depth: true
        is_set_start_state: false
        start_position:
        - 0.0
        - 0.0
        - 0.0
        start_rotation:
        - 0.0
        - 0.0
        - 0.0
        - 1.0
        joint_start_noise: 0.1
        joint_that_can_control: null
        joint_start_override: null
        articulated_agent_urdf: null
        articulated_agent_type: null
        ik_arm_urdf: null
        motion_data_path: ''
        auto_update_sensor_transform: true
    agents_order:
    - main_agent
    default_agent_navmesh: true
    navmesh_include_static_objects: false
    habitat_sim_v0:
      gpu_device_id: 0
      gpu_gpu: false
      allow_sliding: true
      frustum_culling: true
      enable_physics: false
      enable_hbao: false
      physics_config_file: ./data/default.physics_config.json
      leave_context_with_background_renderer: false
      enable_gfx_replay_save: false
    ep_info: null
    object_ids_start: 100
    renderer:
      enable_batch_renderer: false
      composite_files: null
      classic_replay_renderer: false
  task:
    physics_target_sps: 60.0
    reward_measure: distance_to_goal_reward
    success_measure: spl
    success_reward: 2.5
    slack_reward: -0.01
    end_on_success: true
    type: Nav-v0
    lab_sensors:
      pointgoal_with_gps_compass_sensor:
        type: PointGoalWithGPSCompassSensor
        goal_format: POLAR
        dimensionality: 2
    measurements:
      distance_to_goal:
        type: DistanceToGoal
        distance_to: POINT
      success:
        type: Success
        success_distance: 0.2
      spl:
        type: SPL
      distance_to_goal_reward:
        type: DistanceToGoalReward
    rank0_env0_measure_names:
    - habitat_perf
    rank0_measure_names: []
    goal_sensor_uuid: pointgoal_with_gps_compass
    count_obj_collisions: true
    settle_steps: 5
    constraint_violation_ends_episode: true
    constraint_violation_drops_object: false
    force_regenerate: false
    should_save_to_cache: false
    object_in_hand_sample_prob: 0.167
    min_start_distance: 3.0
    render_target: true
    filter_colliding_states: true
    num_spawn_attempts: 200
    spawn_max_dist_to_obj: 2.0
    base_angle_noise: 0.523599
    spawn_max_dist_to_obj_delta: 0.02
    recep_place_shrink_factor: 0.8
    ee_sample_factor: 0.2
    ee_exclude_region: 0.0
    base_noise: 0.05
    spawn_region_scale: 0.2
    joint_max_impulse: -1.0
    desired_resting_position:
    - 0.5
    - 0.0
    - 1.0
    use_marker_t: true
    cache_robot_init: false
    success_state: 0.0
    should_enforce_target_within_reach: false
    task_spec_base_path: habitat/task/rearrange/pddl/
    task_spec: ''
    pddl_domain_def: replica_cad
    obj_succ_thresh: 0.3
    enable_safe_drop: false
    art_succ_thresh: 0.15
    robot_at_thresh: 2.0
    min_distance_start_agents: -1.0
    actions:
      stop:
        type: StopAction
      move_forward:
        type: MoveForwardAction
        tilt_angle: 15
      turn_left:
        type: TurnLeftAction
        tilt_angle: 15
      turn_right:
        type: TurnRightAction
        tilt_angle: 15
  dataset:
    type: PointNav-v1
    split: train
    scenes_dir: data/scene_datasets
    content_scenes:
    - '*'
    data_path: data/datasets/pointnav/habitat-test-scenes/v1/{split}/{split}.json.gz
    metadata: null
  gym:
    obs_keys: null
    action_keys: null
    achieved_goal_keys: []
    desired_goal_keys: []
habitat_baselines:
  evaluate: false
  trainer_name: ppo
  updater_name: PPO
  distrib_updater_name: DDPPO
  torch_gpu_id: 0
  tensorboard_dir: /home/furp/FURP-2026-AoyeZHANG-RL-Navigation-for-AMR/src/results/closeout_dsr/closeout_baseline_trainseed200_1m_env5/tb
  writer_type: tb
  video_dir: /home/furp/FURP-2026-AoyeZHANG-RL-Navigation-for-AMR/src/results/closeout_dsr/closeout_baseline_trainseed200_1m_env5/video
  video_fps: 10
  test_episode_count: 2
  eval_ckpt_path_dir: data/new_checkpoints
  num_environments: 5
  num_processes: -1
  rollout_storage_name: RolloutStorage
  checkpoint_folder: /home/furp/FURP-2026-AoyeZHANG-RL-Navigation-for-AMR/src/results/closeout_dsr/closeout_baseline_trainseed200_1m_env5/checkpoints
  num_updates: -1
  num_checkpoints: -1
  checkpoint_interval: 625
  total_num_steps: 1000000.0
  log_interval: 10
  log_file: train.log
  force_blind_policy: false
  verbose: true
  vector_env_factory:
    _target_: habitat_baselines.common.HabitatVectorEnvFactory
  evaluator:
    _target_: habitat_baselines.rl.ppo.habitat_evaluator.HabitatEvaluator
  eval_keys_to_include_in_name: []
  force_torch_single_threaded: true
  wb:
    project_name: ''
    entity: ''
    group: ''
    run_name: ''
  load_resume_state_config: true
  eval:
    split: val
    use_ckpt_config: true
    should_load_ckpt: true
    evals_per_ep: 1
    video_option:
    - disk
    - tensorboard
    extra_sim_sensors: {}
  profiling:
    capture_start_step: -1
    num_steps_to_capture: -1
  should_log_single_proc_infos: false
  on_save_ckpt_callback: null
  rl:
    agent:
      type: SingleAgentAccessMgr
      num_agent_types: 1
      num_active_agents_per_type:
      - 1
      num_pool_agents_per_type:
      - 1
      agent_sample_interval: 20
      force_partner_sample_idx: -1
      behavior_latent_dim: -1
      force_all_agents: false
      discrim_reward_weight: 1.0
      allow_self_play: false
      self_play_batched: false
      load_type1_pop_ckpts: null
    preemption:
      append_slurm_job_id: false
      save_resume_state_interval: 100
      save_state_batch_only: false
    policy:
      main_agent:
        name: PointNavResNetPolicy
        action_distribution_type: categorical
        action_dist:
          use_log_std: true
          use_softplus: false
          std_init: ???
          log_std_init: 0.0
          use_std_param: false
          clamp_std: true
          min_std: 1.0e-06
          max_std: 1
          min_log_std: -5
          max_log_std: 2
          action_activation: tanh
          scheduled_std: false
        obs_transforms: {}
        hierarchical_policy: ???
    ppo:
      clip_param: 0.1
      ppo_epoch: 1
      num_mini_batch: 1
      value_loss_coef: 0.5
      entropy_coef: 0.01
      lr: 0.00025
      eps: 1.0e-05
      max_grad_norm: 0.5
      num_steps: 32
      use_gae: true
      use_linear_lr_decay: true
      use_linear_clip_decay: true
      gamma: 0.99
      tau: 0.95
      reward_window_size: 50
      use_normalized_advantage: false
      hidden_size: 512
      entropy_target_factor: 0.0
      use_adaptive_entropy_pen: false
      use_clipped_value_loss: true
      use_double_buffered_sampler: false
    ddppo:
      sync_frac: 0.6
      distrib_backend: GLOO
      rnn_type: GRU
      num_recurrent_layers: 1
      backbone: resnet18
      pretrained_weights: data/ddppo-models/gibson-2plus-resnet50.pth
      pretrained: false
      pretrained_encoder: false
      train_encoder: true
      reset_critic: true
      force_distributed: false
    ver:
      variable_experience: true
      num_inference_workers: 2
      overlap_rollouts_and_learn: false
    auxiliary_losses: {}

2026-08-11 18:02:06,410 Initializing dataset PointNav-v1
2026-08-11 18:02:06,795 There are less scenes (2) than environments (5). Each environment will use all the scenes instead of using a subset.
Gym has been unmaintained since 2022 and does not support NumPy 2.0 amongst other critical functionality.
Please upgrade to Gymnasium, the maintained drop-in replacement of Gym, or contact the authors of your software and request that they upgrade.
See the migration guide at https://gymnasium.farama.org/introduction/migration_guide/ for additional information.
Gym has been unmaintained since 2022 and does not support NumPy 2.0 amongst other critical functionality.
Please upgrade to Gymnasium, the maintained drop-in replacement of Gym, or contact the authors of your software and request that they upgrade.
See the migration guide at https://gymnasium.farama.org/introduction/migration_guide/ for additional information.
Gym has been unmaintained since 2022 and does not support NumPy 2.0 amongst other critical functionality.
Please upgrade to Gymnasium, the maintained drop-in replacement of Gym, or contact the authors of your software and request that they upgrade.
See the migration guide at https://gymnasium.farama.org/introduction/migration_guide/ for additional information.
Gym has been unmaintained since 2022 and does not support NumPy 2.0 amongst other critical functionality.
Please upgrade to Gymnasium, the maintained drop-in replacement of Gym, or contact the authors of your software and request that they upgrade.
See the migration guide at https://gymnasium.farama.org/introduction/migration_guide/ for additional information.
Gym has been unmaintained since 2022 and does not support NumPy 2.0 amongst other critical functionality.
Please upgrade to Gymnasium, the maintained drop-in replacement of Gym, or contact the authors of your software and request that they upgrade.
See the migration guide at https://gymnasium.farama.org/introduction/migration_guide/ for additional information.
PluginManager::Manager: duplicate static plugin StbImageImporter, ignoring
PluginManager::Manager: duplicate static plugin GltfImporter, ignoring
PluginManager::Manager: duplicate static plugin BasisImporter, ignoring
PluginManager::Manager: duplicate static plugin AssimpImporter, ignoring
PluginManager::Manager: duplicate static plugin AnySceneImporter, ignoring
PluginManager::Manager: duplicate static plugin AnyImageImporter, ignoring
PluginManager::Manager: duplicate static plugin StbImageImporter, ignoring
PluginManager::Manager: duplicate static plugin GltfImporter, ignoring
PluginManager::Manager: duplicate static plugin BasisImporter, ignoring
PluginManager::Manager: duplicate static plugin AssimpImporter, ignoring
PluginManager::Manager: duplicate static plugin AnySceneImporter, ignoring
PluginManager::Manager: duplicate static plugin AnyImageImporter, ignoring
PluginManager::Manager: duplicate static plugin StbImageImporter, ignoring
PluginManager::Manager: duplicate static plugin GltfImporter, ignoring
PluginManager::Manager: duplicate static plugin BasisImporter, ignoring
PluginManager::Manager: duplicate static plugin AssimpImporter, ignoring
PluginManager::Manager: duplicate static plugin AnySceneImporter, ignoring
PluginManager::Manager: duplicate static plugin AnyImageImporter, ignoring
PluginManager::Manager: duplicate static plugin StbImageImporter, ignoring
PluginManager::Manager: duplicate static plugin GltfImporter, ignoring
PluginManager::Manager: duplicate static plugin BasisImporter, ignoring
PluginManager::Manager: duplicate static plugin AssimpImporter, ignoring
PluginManager::Manager: duplicate static plugin AnySceneImporter, ignoring
PluginManager::Manager: duplicate static plugin AnyImageImporter, ignoring
PluginManager::Manager: duplicate static plugin StbImageImporter, ignoring
PluginManager::Manager: duplicate static plugin GltfImporter, ignoring
PluginManager::Manager: duplicate static plugin BasisImporter, ignoring
PluginManager::Manager: duplicate static plugin AssimpImporter, ignoring
PluginManager::Manager: duplicate static plugin AnySceneImporter, ignoring
PluginManager::Manager: duplicate static plugin AnyImageImporter, ignoring
2026-08-11 18:02:09,151 Initializing dataset PointNav-v1
2026-08-11 18:02:09,153 Initializing dataset PointNav-v1
2026-08-11 18:02:09,154 Initializing dataset PointNav-v1
2026-08-11 18:02:09,155 Initializing dataset PointNav-v1
2026-08-11 18:02:09,162 Initializing dataset PointNav-v1
2026-08-11 18:02:09,395 initializing sim Sim-v0
PluginManager::Manager: duplicate static plugin StbImageImporter, ignoring
PluginManager::Manager: duplicate static plugin GltfImporter, ignoring
PluginManager::Manager: duplicate static plugin BasisImporter, ignoring
PluginManager::Manager: duplicate static plugin AssimpImporter, ignoring
PluginManager::Manager: duplicate static plugin AnySceneImporter, ignoring
PluginManager::Manager: duplicate static plugin AnyImageImporter, ignoring
2026-08-11 18:02:09,401 initializing sim Sim-v0
2026-08-11 18:02:09,401 initializing sim Sim-v0
2026-08-11 18:02:09,402 initializing sim Sim-v0
PluginManager::Manager: duplicate static pluginPluginManager::Manager: duplicate static plugin  StbImageImporterStbImageImporter, ignoring, ignoring

PluginManager::Manager: duplicate static pluginPluginManager::Manager: duplicate static plugin  GltfImporterGltfImporter, ignoring, ignoring

PluginManager::Manager: duplicate static pluginPluginManager::Manager: duplicate static plugin  BasisImporterBasisImporter, ignoring, ignoring

PluginManager::Manager: duplicate static pluginPluginManager::Manager: duplicate static plugin  AssimpImporterAssimpImporter, ignoring, ignoring

PluginManager::Manager: duplicate static pluginPluginManager::Manager: duplicate static plugin  AnySceneImporterAnySceneImporter, ignoring, ignoring

PluginManager::Manager: duplicate static pluginPluginManager::Manager: duplicate static plugin  AnyImageImporterAnyImageImporter, ignoring, ignoring

PluginManager::Manager: duplicate static plugin StbImageImporter, ignoring
PluginManager::Manager: duplicate static plugin GltfImporter, ignoring
PluginManager::Manager: duplicate static plugin BasisImporter, ignoring
PluginManager::Manager: duplicate static plugin AssimpImporter, ignoring
PluginManager::Manager: duplicate static plugin AnySceneImporter, ignoring
PluginManager::Manager: duplicate static plugin AnyImageImporter, ignoring
2026-08-11 18:02:09,411 initializing sim Sim-v0
PluginManager::Manager: duplicate static plugin StbImageImporter, ignoring
PluginManager::Manager: duplicate static plugin GltfImporter, ignoring
PluginManager::Manager: duplicate static plugin BasisImporter, ignoring
PluginManager::Manager: duplicate static plugin AssimpImporter, ignoring
PluginManager::Manager: duplicate static plugin AnySceneImporter, ignoring
PluginManager::Manager: duplicate static plugin AnyImageImporter, ignoring
Renderer: NVIDIA GeForce RTX 4070/PCIe/SSE2 by NVIDIA Corporation
OpenGL version: 4.6.0 NVIDIA 580.173.02
Using optional features:
    GL_ARB_vertex_array_object
    GL_ARB_separate_shader_objects
    GL_ARB_robustness
    GL_ARB_texture_storage
    GL_ARB_texture_view
    GL_ARB_framebuffer_no_attachments
    GL_ARB_invalidate_subdata
    GL_ARB_texture_storage_multisample
    GL_ARB_multi_bind
    GL_ARB_direct_state_access
    GL_ARB_get_texture_sub_image
    GL_ARB_texture_filter_anisotropic
    GL_KHR_debug
    GL_KHR_parallel_shader_compile
    GL_NV_depth_buffer_float
Using driver workarounds:
    no-forward-compatible-core-context
    nv-egl-incorrect-gl11-function-pointers
    no-layout-qualifiers-on-old-glsl
    nv-zero-context-profile-mask
    nv-implementation-color-read-format-dsa-broken
    nv-cubemap-inconsistent-compressed-image-size
    nv-cubemap-broken-full-compressed-image-query
    nv-compressed-block-size-in-bits
[18:02:09:653268]:[Warning]:[Metadata] SceneDatasetAttributes.cpp(107)::addNewSceneInstanceToDataset : Dataset : 'default' : Lighting Layout Attributes 'no_lights' specified in Scene Attributes but does not exist in dataset, so creating default.
[18:02:09:653373]:[Warning]:[Scene] SemanticScene.h(331)::checkFileExists : ::loadSemanticSceneDescriptor: File `data/scene_datasets/habitat-test-scenes/skokloster-castle.scn` does not exist.  Aborting load.
[18:02:09:653383]:[Warning]:[Scene] SemanticScene.cpp(123)::loadSemanticSceneDescriptor : SSD File Naming Issue! Neither SemanticAttributes-provided name : `data/scene_datasets/habitat-test-scenes/skokloster-castle.scn` nor constructed filename : `data/scene_datasets/habitat-test-scenes/info_semantic.json` exist on disk.
[18:02:09:653388]:[Error]:[Scene] SemanticScene.cpp(139)::loadSemanticSceneDescriptor : SSD Load Failure! File with SemanticAttributes-provided name `data/scene_datasets/habitat-test-scenes/skokloster-castle.scn` exists but failed to load.
Renderer: NVIDIA GeForce RTX 4070/PCIe/SSE2 by NVIDIA Corporation
OpenGL version: 4.6.0 NVIDIA 580.173.02
Using optional features:
    GL_ARB_vertex_array_object
    GL_ARB_separate_shader_objects
    GL_ARB_robustness
    GL_ARB_texture_storage
    GL_ARB_texture_view
    GL_ARB_framebuffer_no_attachments
    GL_ARB_invalidate_subdata
    GL_ARB_texture_storage_multisample
    GL_ARB_multi_bind
    GL_ARB_direct_state_access
    GL_ARB_get_texture_sub_image
    GL_ARB_texture_filter_anisotropic
    GL_KHR_debug
    GL_KHR_parallel_shader_compile
    GL_NV_depth_buffer_float
Using driver workarounds:
    no-forward-compatible-core-context
    nv-egl-incorrect-gl11-function-pointers
    no-layout-qualifiers-on-old-glsl
    nv-zero-context-profile-mask
    nv-implementation-color-read-format-dsa-broken
    nv-cubemap-inconsistent-compressed-image-size
    nv-cubemap-broken-full-compressed-image-query
    nv-compressed-block-size-in-bits
[18:02:09:657439]:[Warning]:[Metadata] SceneDatasetAttributes.cpp(107)::addNewSceneInstanceToDataset : Dataset : 'default' : Lighting Layout Attributes 'no_lights' specified in Scene Attributes but does not exist in dataset, so creating default.
[18:02:09:657498]:[Warning]:[Scene] SemanticScene.h(331)::checkFileExists : ::loadSemanticSceneDescriptor: File `data/scene_datasets/habitat-test-scenes/van-gogh-room.scn` does not exist.  Aborting load.
[18:02:09:657509]:[Warning]:[Scene] SemanticScene.cpp(123)::loadSemanticSceneDescriptor : SSD File Naming Issue! Neither SemanticAttributes-provided name : `data/scene_datasets/habitat-test-scenes/van-gogh-room.scn` nor constructed filename : `data/scene_datasets/habitat-test-scenes/info_semantic.json` exist on disk.
[18:02:09:657514]:[Error]:[Scene] SemanticScene.cpp(139)::loadSemanticSceneDescriptor : SSD Load Failure! File with SemanticAttributes-provided name `data/scene_datasets/habitat-test-scenes/van-gogh-room.scn` exists but failed to load.
Renderer: NVIDIA GeForce RTX 4070/PCIe/SSE2 by NVIDIA Corporation
OpenGL version: 4.6.0 NVIDIA 580.173.02
Using optional features:
    GL_ARB_vertex_array_object
    GL_ARB_separate_shader_objects
    GL_ARB_robustness
    GL_ARB_texture_storage
    GL_ARB_texture_view
    GL_ARB_framebuffer_no_attachments
    GL_ARB_invalidate_subdata
    GL_ARB_texture_storage_multisample
    GL_ARB_multi_bind
    GL_ARB_direct_state_access
    GL_ARB_get_texture_sub_image
    GL_ARB_texture_filter_anisotropic
    GL_KHR_debug
    GL_KHR_parallel_shader_compile
    GL_NV_depth_buffer_float
Using driver workarounds:
    no-forward-compatible-core-context
    nv-egl-incorrect-gl11-function-pointers
    no-layout-qualifiers-on-old-glsl
    nv-zero-context-profile-mask
    nv-implementation-color-read-format-dsa-broken
    nv-cubemap-inconsistent-compressed-image-size
    nv-cubemap-broken-full-compressed-image-query
    nv-compressed-block-size-in-bits
[18:02:09:659197]:[Warning]:[Metadata] SceneDatasetAttributes.cpp(107)::addNewSceneInstanceToDataset : Dataset : 'default' : Lighting Layout Attributes 'no_lights' specified in Scene Attributes but does not exist in dataset, so creating default.
[18:02:09:659253]:[Warning]:[Scene] SemanticScene.h(331)::checkFileExists : ::loadSemanticSceneDescriptor: File `data/scene_datasets/habitat-test-scenes/van-gogh-room.scn` does not exist.  Aborting load.
[18:02:09:659262]:[Warning]:[Scene] SemanticScene.cpp(123)::loadSemanticSceneDescriptor : SSD File Naming Issue! Neither SemanticAttributes-provided name : `data/scene_datasets/habitat-test-scenes/van-gogh-room.scn` nor constructed filename : `data/scene_datasets/habitat-test-scenes/info_semantic.json` exist on disk.
Renderer: NVIDIA GeForce RTX 4070/PCIe/SSE2 by NVIDIA Corporation
[18:02:09:659267]:[Error]:[Scene] SemanticScene.cpp(139)::loadSemanticSceneDescriptor : SSD Load Failure! File with SemanticAttributes-provided name `data/scene_datasets/habitat-test-scenes/van-gogh-room.scn` exists but failed to load.
OpenGL version: 4.6.0 NVIDIA 580.173.02
Using optional features:
    GL_ARB_vertex_array_object
    GL_ARB_separate_shader_objects
    GL_ARB_robustness
    GL_ARB_texture_storage
    GL_ARB_texture_view
    GL_ARB_framebuffer_no_attachments
    GL_ARB_invalidate_subdata
    GL_ARB_texture_storage_multisample
    GL_ARB_multi_bind
    GL_ARB_direct_state_access
    GL_ARB_get_texture_sub_image
    GL_ARB_texture_filter_anisotropic
    GL_KHR_debug
    GL_KHR_parallel_shader_compile
    GL_NV_depth_buffer_float
Using driver workarounds:
    no-forward-compatible-core-context
    nv-egl-incorrect-gl11-function-pointers
    no-layout-qualifiers-on-old-glsl
    nv-zero-context-profile-mask
    nv-implementation-color-read-format-dsa-broken
    nv-cubemap-inconsistent-compressed-image-size
    nv-cubemap-broken-full-compressed-image-query
    nv-compressed-block-size-in-bits
[18:02:09:659617]:[Warning]:[Metadata] SceneDatasetAttributes.cpp(107)::addNewSceneInstanceToDataset : Dataset : 'default' : Lighting Layout Attributes 'no_lights' specified in Scene Attributes but does not exist in dataset, so creating default.
Renderer: NVIDIA GeForce RTX 4070/PCIe/SSE2 by NVIDIA Corporation
OpenGL version: 4.6.0 NVIDIA 580.173.02
[18:02:09:659746]:[Warning]:[Scene] SemanticScene.h(331)::checkFileExists : ::loadSemanticSceneDescriptor: File `data/scene_datasets/habitat-test-scenes/skokloster-castle.scn` does not exist.  Aborting load.
Using optional features:
    GL_ARB_vertex_array_object
    GL_ARB_separate_shader_objects
    GL_ARB_robustness
    GL_ARB_texture_storage
    GL_ARB_texture_view
    GL_ARB_framebuffer_no_attachments
    GL_ARB_invalidate_subdata
    GL_ARB_texture_storage_multisample
    GL_ARB_multi_bind
    GL_ARB_direct_state_access
    GL_ARB_get_texture_sub_image
    GL_ARB_texture_filter_anisotropic
    GL_KHR_debug
    GL_KHR_parallel_shader_compile
    GL_NV_depth_buffer_float
Using driver workarounds:
    no-forward-compatible-core-context
[18:02:09:659760]:[Warning]:[Scene] SemanticScene.cpp(123)::loadSemanticSceneDescriptor :     nv-egl-incorrect-gl11-function-pointers
    no-layout-qualifiers-on-old-glsl
SSD File Naming Issue! Neither SemanticAttributes-provided name : `    nv-zero-context-profile-mask
data/scene_datasets/habitat-test-scenes/skokloster-castle.scn    nv-implementation-color-read-format-dsa-broken
` nor constructed filename : `    nv-cubemap-inconsistent-compressed-image-size
data/scene_datasets/habitat-test-scenes/info_semantic.json    nv-cubemap-broken-full-compressed-image-query
` exist on disk.    nv-compressed-block-size-in-bits

[18:02:09:659769]:[Error]:[Scene] SemanticScene.cpp(139)::loadSemanticSceneDescriptor : SSD Load Failure! File with SemanticAttributes-provided name `data/scene_datasets/habitat-test-scenes/skokloster-castle.scn` exists but failed to load.
[18:02:09:659988]:[Warning]:[Metadata] SceneDatasetAttributes.cpp(107)::addNewSceneInstanceToDataset : Dataset : 'default' : Lighting Layout Attributes 'no_lights' specified in Scene Attributes but does not exist in dataset, so creating default.
[18:02:09:660047]:[Warning]:[Scene] SemanticScene.h(331)::checkFileExists : ::loadSemanticSceneDescriptor: File `data/scene_datasets/habitat-test-scenes/van-gogh-room.scn` does not exist.  Aborting load.
[18:02:09:660055]:[Warning]:[Scene] SemanticScene.cpp(123)::loadSemanticSceneDescriptor : SSD File Naming Issue! Neither SemanticAttributes-provided name : `data/scene_datasets/habitat-test-scenes/van-gogh-room.scn` nor constructed filename : `data/scene_datasets/habitat-test-scenes/info_semantic.json` exist on disk.
[18:02:09:660061]:[Error]:[Scene] SemanticScene.cpp(139)::loadSemanticSceneDescriptor : SSD Load Failure! File with SemanticAttributes-provided name `data/scene_datasets/habitat-test-scenes/van-gogh-room.scn` exists but failed to load.
[18:02:10:273843]:[Warning]:[Sim] Simulator.cpp(595)::instanceStageForSceneAttributes : The active scene does not contain semantic annotations : activeSemanticSceneID_ = 0
2026-08-11 18:02:10,275 Initializing task Nav-v0
[18:02:10:280527]:[Warning]:[Sim] Simulator.cpp(595)::instanceStageForSceneAttributes : The active scene does not contain semantic annotations : activeSemanticSceneID_ = 0
2026-08-11 18:02:10,282 Initializing task Nav-v0
[18:02:10:284421]:[Warning]:[Sim] Simulator.cpp(595)::instanceStageForSceneAttributes : The active scene does not contain semantic annotations : activeSemanticSceneID_ = 0
2026-08-11 18:02:10,285 Initializing task Nav-v0
[18:02:10:517289]:[Warning]:[Sim] Simulator.cpp(595)::instanceStageForSceneAttributes : The active scene does not contain semantic annotations : activeSemanticSceneID_ = 0
2026-08-11 18:02:10,518 Initializing task Nav-v0
[18:02:10:521234]:[Warning]:[Sim] Simulator.cpp(595)::instanceStageForSceneAttributes : The active scene does not contain semantic annotations : activeSemanticSceneID_ = 0
2026-08-11 18:02:10,522 Initializing task Nav-v0
2026-08-11 18:02:10,956 Number of params to train: 5821797
2026-08-11 18:02:10,956 Agent number of parameters: 5821797
2026-08-11 18:02:15,183 update: 10	fps: 380.742	
2026-08-11 18:02:15,183 Num updates: 10	Num frames 1600
2026-08-11 18:02:15,183 Average window size: 10  distance_to_goal: 4.430  distance_to_goal_reward: 0.000  reward: -0.022  spl: 0.000  success: 0.000
2026-08-11 18:02:15,183 	Perf Stats: trainer.rollout_collect: 0.371 trainer.sample_action: 0.004 trainer.obs_insert: 0.000 trainer.step_env: 0.007 trainer.update_stats: 0.001 trainer.update_agent: 0.048
2026-08-11 18:02:18,935 update: 20	fps: 402.333	
2026-08-11 18:02:18,935 Num updates: 20	Num frames 3200
2026-08-11 18:02:18,935 Average window size: 20  distance_to_goal: 4.596  distance_to_goal_reward: 0.000  reward: -0.038  spl: 0.000  success: 0.000
2026-08-11 18:02:18,935 	Perf Stats: trainer.rollout_collect: 0.355 trainer.sample_action: 0.003 trainer.obs_insert: 0.000 trainer.step_env: 0.007 trainer.update_stats: 0.001 trainer.update_agent: 0.041
2026-08-11 18:02:22,676 update: 30	fps: 410.415	
2026-08-11 18:02:22,676 Num updates: 30	Num frames 4800
2026-08-11 18:02:22,677 Average window size: 30  distance_to_goal: 4.686  distance_to_goal_reward: 0.000  reward: -0.045  spl: 0.000  success: 0.000
2026-08-11 18:02:22,677 	Perf Stats: trainer.rollout_collect: 0.349 trainer.sample_action: 0.003 trainer.obs_insert: 0.000 trainer.step_env: 0.007 trainer.update_stats: 0.001 trainer.update_agent: 0.039
2026-08-11 18:02:26,439 update: 40	fps: 414.011	
2026-08-11 18:02:26,440 Num updates: 40	Num frames 6400
2026-08-11 18:02:26,440 Average window size: 40  distance_to_goal: 4.649  distance_to_goal_reward: 0.000  reward: -0.031  spl: 0.000  success: 0.000
2026-08-11 18:02:26,440 	Perf Stats: trainer.rollout_collect: 0.347 trainer.sample_action: 0.003 trainer.obs_insert: 0.000 trainer.step_env: 0.007 trainer.update_stats: 0.001 trainer.update_agent: 0.038
2026-08-11 18:02:30,235 update: 50	fps: 415.487	
2026-08-11 18:02:30,236 Num updates: 50	Num frames 8000
2026-08-11 18:02:30,236 Average window size: 50  distance_to_goal: 4.565  distance_to_goal_reward: 0.000  reward: -0.034  spl: 0.000  success: 0.000
2026-08-11 18:02:30,236 	Perf Stats: trainer.rollout_collect: 0.346 trainer.sample_action: 0.003 trainer.obs_insert: 0.000 trainer.step_env: 0.007 trainer.update_stats: 0.001 trainer.update_agent: 0.037
2026-08-11 18:02:34,032 update: 60	fps: 416.463	
2026-08-11 18:02:34,032 Num updates: 60	Num frames 9600
2026-08-11 18:02:34,032 Average window size: 50  distance_to_goal: 4.549  distance_to_goal_reward: 0.000  reward: -0.031  spl: 0.001  success: 0.001
2026-08-11 18:02:34,033 	Perf Stats: trainer.rollout_collect: 0.346 trainer.sample_action: 0.003 trainer.obs_insert: 0.000 trainer.step_env: 0.007 trainer.update_stats: 0.001 trainer.update_agent: 0.037
2026-08-11 18:02:37,838 update: 70	fps: 417.028	
2026-08-11 18:02:37,838 Num updates: 70	Num frames 11200
2026-08-11 18:02:37,838 Average window size: 50  distance_to_goal: 4.479  distance_to_goal_reward: 0.000  reward: -0.027  spl: 0.001  success: 0.001
2026-08-11 18:02:37,838 	Perf Stats: trainer.rollout_collect: 0.345 trainer.sample_action: 0.003 trainer.obs_insert: 0.000 trainer.step_env: 0.007 trainer.update_stats: 0.001 trainer.update_agent: 0.037
2026-08-11 18:02:41,671 update: 80	fps: 417.076	
2026-08-11 18:02:41,671 Num updates: 80	Num frames 12800
2026-08-11 18:02:41,671 Average window size: 50  distance_to_goal: 4.370  distance_to_goal_reward: 0.000  reward: -0.020  spl: 0.001  success: 0.001
2026-08-11 18:02:41,671 	Perf Stats: trainer.rollout_collect: 0.346 trainer.sample_action: 0.003 trainer.obs_insert: 0.000 trainer.step_env: 0.007 trainer.update_stats: 0.001 trainer.update_agent: 0.036
2026-08-11 18:02:45,504 update: 90	fps: 417.110	
2026-08-11 18:02:45,504 Num updates: 90	Num frames 14400
2026-08-11 18:02:45,504 Average window size: 50  distance_to_goal: 4.328  distance_to_goal_reward: 0.000  reward: -0.022  spl: 0.001  success: 0.001
2026-08-11 18:02:45,504 	Perf Stats: trainer.rollout_collect: 0.346 trainer.sample_action: 0.003 trainer.obs_insert: 0.000 trainer.step_env: 0.007 trainer.update_stats: 0.001 trainer.update_agent: 0.036
2026-08-11 18:02:49,343 update: 100	fps: 417.074	
2026-08-11 18:02:49,344 Num updates: 100	Num frames 16000
2026-08-11 18:02:49,344 Average window size: 50  distance_to_goal: 4.282  distance_to_goal_reward: 0.000  reward: -0.002  spl: 0.002  success: 0.002
2026-08-11 18:02:49,344 	Perf Stats: trainer.rollout_collect: 0.345 trainer.sample_action: 0.003 trainer.obs_insert: 0.000 trainer.step_env: 0.007 trainer.update_stats: 0.001 trainer.update_agent: 0.036
2026-08-11 18:02:53,018 update: 110	fps: 418.673	
2026-08-11 18:02:53,019 Num updates: 110	Num frames 17600
2026-08-11 18:02:53,019 Average window size: 50  distance_to_goal: 4.121  distance_to_goal_reward: 0.000  reward: 0.001  spl: 0.002  success: 0.002
2026-08-11 18:02:53,019 	Perf Stats: trainer.rollout_collect: 0.344 trainer.sample_action: 0.003 trainer.obs_insert: 0.000 trainer.step_env: 0.007 trainer.update_stats: 0.001 trainer.update_agent: 0.036
2026-08-11 18:02:56,691 update: 120	fps: 420.037	
2026-08-11 18:02:56,691 Num updates: 120	Num frames 19200
2026-08-11 18:02:56,691 Average window size: 50  distance_to_goal: 3.903  distance_to_goal_reward: 0.000  reward: 0.019  spl: 0.002  success: 0.002
2026-08-11 18:02:56,691 	Perf Stats: trainer.rollout_collect: 0.343 trainer.sample_action: 0.003 trainer.obs_insert: 0.000 trainer.step_env: 0.007 trainer.update_stats: 0.001 trainer.update_agent: 0.036
2026-08-11 18:03:00,391 update: 130	fps: 420.969	
2026-08-11 18:03:00,391 Num updates: 130	Num frames 20800
2026-08-11 18:03:00,391 Average window size: 50  distance_to_goal: 3.693  distance_to_goal_reward: 0.000  reward: 0.035  spl: 0.002  success: 0.002
2026-08-11 18:03:00,391 	Perf Stats: trainer.rollout_collect: 0.342 trainer.sample_action: 0.003 trainer.obs_insert: 0.000 trainer.step_env: 0.007 trainer.update_stats: 0.001 trainer.update_agent: 0.036
2026-08-11 18:03:04,000 update: 140	fps: 422.491	
2026-08-11 18:03:04,000 Num updates: 140	Num frames 22400
2026-08-11 18:03:04,000 Average window size: 50  distance_to_goal: 3.357  distance_to_goal_reward: 0.000  reward: 0.070  spl: 0.002  success: 0.002
2026-08-11 18:03:04,000 	Perf Stats: trainer.rollout_collect: 0.341 trainer.sample_action: 0.003 trainer.obs_insert: 0.000 trainer.step_env: 0.006 trainer.update_stats: 0.001 trainer.update_agent: 0.036
2026-08-11 18:03:07,525 update: 150	fps: 424.444	
2026-08-11 18:03:07,526 Num updates: 150	Num frames 24000
2026-08-11 18:03:07,526 Average window size: 50  distance_to_goal: 2.975  distance_to_goal_reward: 0.000  reward: 0.095  spl: 0.002  success: 0.002
2026-08-11 18:03:07,526 	Perf Stats: trainer.rollout_collect: 0.339 trainer.sample_action: 0.003 trainer.obs_insert: 0.000 trainer.step_env: 0.006 trainer.update_stats: 0.001 trainer.update_agent: 0.036
2026-08-11 18:03:10,899 update: 160	fps: 427.247	
2026-08-11 18:03:10,900 Num updates: 160	Num frames 25600
2026-08-11 18:03:10,900 Average window size: 50  distance_to_goal: 2.893  distance_to_goal_reward: 0.000  reward: 0.134  spl: 0.003  success: 0.003
2026-08-11 18:03:10,900 	Perf Stats: trainer.rollout_collect: 0.337 trainer.sample_action: 0.003 trainer.obs_insert: 0.000 trainer.step_env: 0.006 trainer.update_stats: 0.001 trainer.update_agent: 0.036
2026-08-11 18:03:14,460 update: 170	fps: 428.489	
2026-08-11 18:03:14,460 Num updates: 170	Num frames 27200
2026-08-11 18:03:14,460 Average window size: 50  distance_to_goal: 2.715  distance_to_goal_reward: 0.000  reward: 0.175  spl: 0.002  success: 0.002
2026-08-11 18:03:14,460 	Perf Stats: trainer.rollout_collect: 0.336 trainer.sample_action: 0.003 trainer.obs_insert: 0.000 trainer.step_env: 0.006 trainer.update_stats: 0.001 trainer.update_agent: 0.036
2026-08-11 18:03:17,873 update: 180	fps: 430.544	
2026-08-11 18:03:17,873 Num updates: 180	Num frames 28800
2026-08-11 18:03:17,873 Average window size: 50  distance_to_goal: 2.446  distance_to_goal_reward: 0.000  reward: 0.210  spl: 0.001  success: 0.001
2026-08-11 18:03:17,873 	Perf Stats: trainer.rollout_collect: 0.334 trainer.sample_action: 0.003 trainer.obs_insert: 0.000 trainer.step_env: 0.006 trainer.update_stats: 0.001 trainer.update_agent: 0.036
2026-08-11 18:03:21,315 update: 190	fps: 432.221	
2026-08-11 18:03:21,315 Num updates: 190	Num frames 30400
2026-08-11 18:03:21,316 Average window size: 50  distance_to_goal: 2.330  distance_to_goal_reward: 0.000  reward: 0.259  spl: 0.005  success: 0.006
2026-08-11 18:03:21,316 	Perf Stats: trainer.rollout_collect: 0.332 trainer.sample_action: 0.003 trainer.obs_insert: 0.000 trainer.step_env: 0.006 trainer.update_stats: 0.001 trainer.update_agent: 0.036
2026-08-11 18:03:24,816 update: 200	fps: 433.396	
2026-08-11 18:03:24,817 Num updates: 200	Num frames 32000
2026-08-11 18:03:24,817 Average window size: 50  distance_to_goal: 2.271  distance_to_goal_reward: 0.000  reward: 0.303  spl: 0.009  success: 0.010
2026-08-11 18:03:24,817 	Perf Stats: trainer.rollout_collect: 0.331 trainer.sample_action: 0.003 trainer.obs_insert: 0.000 trainer.step_env: 0.006 trainer.update_stats: 0.001 trainer.update_agent: 0.036
2026-08-11 18:03:28,383 update: 210	fps: 434.094	
2026-08-11 18:03:28,384 Num updates: 210	Num frames 33600
2026-08-11 18:03:28,384 Average window size: 50  distance_to_goal: 2.455  distance_to_goal_reward: 0.000  reward: 0.311  spl: 0.010  success: 0.011
2026-08-11 18:03:28,384 	Perf Stats: trainer.rollout_collect: 0.330 trainer.sample_action: 0.003 trainer.obs_insert: 0.000 trainer.step_env: 0.006 trainer.update_stats: 0.001 trainer.update_agent: 0.036
2026-08-11 18:03:31,885 update: 220	fps: 435.081	
2026-08-11 18:03:31,886 Num updates: 220	Num frames 35200
2026-08-11 18:03:31,886 Average window size: 50  distance_to_goal: 2.601  distance_to_goal_reward: 0.000  reward: 0.346  spl: 0.013  success: 0.013
2026-08-11 18:03:31,886 	Perf Stats: trainer.rollout_collect: 0.330 trainer.sample_action: 0.003 trainer.obs_insert: 0.000 trainer.step_env: 0.006 trainer.update_stats: 0.001 trainer.update_agent: 0.036
2026-08-11 18:03:35,255 update: 230	fps: 436.672	
2026-08-11 18:03:35,255 Num updates: 230	Num frames 36800
2026-08-11 18:03:35,255 Average window size: 50  distance_to_goal: 2.674  distance_to_goal_reward: 0.000  reward: 0.366  spl: 0.017  success: 0.018
2026-08-11 18:03:35,255 	Perf Stats: trainer.rollout_collect: 0.328 trainer.sample_action: 0.003 trainer.obs_insert: 0.000 trainer.step_env: 0.006 trainer.update_stats: 0.001 trainer.update_agent: 0.036
2026-08-11 18:03:38,686 update: 240	fps: 437.831	
2026-08-11 18:03:38,686 Num updates: 240	Num frames 38400
2026-08-11 18:03:38,686 Average window size: 50  distance_to_goal: 2.726  distance_to_goal_reward: 0.000  reward: 0.354  spl: 0.018  success: 0.019
2026-08-11 18:03:38,686 	Perf Stats: trainer.rollout_collect: 0.327 trainer.sample_action: 0.003 trainer.obs_insert: 0.000 trainer.step_env: 0.006 trainer.update_stats: 0.001 trainer.update_agent: 0.036
2026-08-11 18:03:42,066 update: 250	fps: 439.148	
2026-08-11 18:03:42,067 Num updates: 250	Num frames 40000
2026-08-11 18:03:42,067 Average window size: 50  distance_to_goal: 2.761  distance_to_goal_reward: 0.000  reward: 0.375  spl: 0.020  success: 0.021
2026-08-11 18:03:42,067 	Perf Stats: trainer.rollout_collect: 0.326 trainer.sample_action: 0.003 trainer.obs_insert: 0.000 trainer.step_env: 0.006 trainer.update_stats: 0.001 trainer.update_agent: 0.036
2026-08-11 18:03:45,450 update: 260	fps: 440.356	
2026-08-11 18:03:45,450 Num updates: 260	Num frames 41600
2026-08-11 18:03:45,450 Average window size: 50  distance_to_goal: 2.467  distance_to_goal_reward: 0.000  reward: 0.411  spl: 0.022  success: 0.023
2026-08-11 18:03:45,450 	Perf Stats: trainer.rollout_collect: 0.325 trainer.sample_action: 0.003 trainer.obs_insert: 0.000 trainer.step_env: 0.006 trainer.update_stats: 0.001 trainer.update_agent: 0.036
PluginManager::Manager: duplicate static plugin StbImageImporter, ignoring
PluginManager::Manager: duplicate static plugin GltfImporter, ignoring
PluginManager::Manager: duplicate static plugin BasisImporter, ignoring
PluginManager::Manager: duplicate static plugin AssimpImporter, ignoring
PluginManager::Manager: duplicate static plugin AnySceneImporter, ignoring
PluginManager::Manager: duplicate static plugin AnyImageImporter, ignoring
Renderer: NVIDIA GeForce RTX 4070/PCIe/SSE2 by NVIDIA Corporation
OpenGL version: 4.6.0 NVIDIA 580.173.02
Using optional features:
    GL_ARB_vertex_array_object
    GL_ARB_separate_shader_objects
    GL_ARB_robustness
    GL_ARB_texture_storage
    GL_ARB_texture_view
    GL_ARB_framebuffer_no_attachments
    GL_ARB_invalidate_subdata
    GL_ARB_texture_storage_multisample
    GL_ARB_multi_bind
    GL_ARB_direct_state_access
    GL_ARB_get_texture_sub_image
    GL_ARB_texture_filter_anisotropic
    GL_KHR_debug
    GL_KHR_parallel_shader_compile
    GL_NV_depth_buffer_float
Using driver workarounds:
    no-forward-compatible-core-context
    nv-egl-incorrect-gl11-function-pointers
    no-layout-qualifiers-on-old-glsl
    nv-zero-context-profile-mask
    nv-implementation-color-read-format-dsa-broken
    nv-cubemap-inconsistent-compressed-image-size
    nv-cubemap-broken-full-compressed-image-query
    nv-compressed-block-size-in-bits
[18:03:46:048298]:[Warning]:[Scene] SemanticScene.h(331)::checkFileExists : ::loadSemanticSceneDescriptor: File `data/scene_datasets/habitat-test-scenes/skokloster-castle.scn` does not exist.  Aborting load.
[18:03:46:048314]:[Warning]:[Scene] SemanticScene.cpp(123)::loadSemanticSceneDescriptor : SSD File Naming Issue! Neither SemanticAttributes-provided name : `data/scene_datasets/habitat-test-scenes/skokloster-castle.scn` nor constructed filename : `data/scene_datasets/habitat-test-scenes/info_semantic.json` exist on disk.
[18:03:46:048318]:[Error]:[Scene] SemanticScene.cpp(139)::loadSemanticSceneDescriptor : SSD Load Failure! File with SemanticAttributes-provided name `data/scene_datasets/habitat-test-scenes/skokloster-castle.scn` exists but failed to load.
[18:03:46:669429]:[Warning]:[Sim] Simulator.cpp(595)::instanceStageForSceneAttributes : The active scene does not contain semantic annotations : activeSemanticSceneID_ = 0
PluginManager::Manager: duplicate static plugin StbImageImporter, ignoring
PluginManager::Manager: duplicate static plugin GltfImporter, ignoring
PluginManager::Manager: duplicate static plugin BasisImporter, ignoring
PluginManager::Manager: duplicate static plugin AssimpImporter, ignoring
PluginManager::Manager: duplicate static plugin AnySceneImporter, ignoring
PluginManager::Manager: duplicate static plugin AnyImageImporter, ignoring
Renderer: NVIDIA GeForce RTX 4070/PCIe/SSE2 by NVIDIA Corporation
OpenGL version: 4.6.0 NVIDIA 580.173.02
Using optional features:
    GL_ARB_vertex_array_object
    GL_ARB_separate_shader_objects
    GL_ARB_robustness
    GL_ARB_texture_storage
    GL_ARB_texture_view
    GL_ARB_framebuffer_no_attachments
    GL_ARB_invalidate_subdata
    GL_ARB_texture_storage_multisample
    GL_ARB_multi_bind
    GL_ARB_direct_state_access
    GL_ARB_get_texture_sub_image
    GL_ARB_texture_filter_anisotropic
    GL_KHR_debug
    GL_KHR_parallel_shader_compile
    GL_NV_depth_buffer_float
Using driver workarounds:
    no-forward-compatible-core-context
    nv-egl-incorrect-gl11-function-pointers
    no-layout-qualifiers-on-old-glsl
    nv-zero-context-profile-mask
    nv-implementation-color-read-format-dsa-broken
    nv-cubemap-inconsistent-compressed-image-size
    nv-cubemap-broken-full-compressed-image-query
    nv-compressed-block-size-in-bits
[18:03:48:831368]:[Warning]:[Scene] SemanticScene.h(331)::checkFileExists : ::loadSemanticSceneDescriptor: File `data/scene_datasets/habitat-test-scenes/van-gogh-room.scn` does not exist.  Aborting load.
[18:03:48:831383]:[Warning]:[Scene] SemanticScene.cpp(123)::loadSemanticSceneDescriptor : SSD File Naming Issue! Neither SemanticAttributes-provided name : `data/scene_datasets/habitat-test-scenes/van-gogh-room.scn` nor constructed filename : `data/scene_datasets/habitat-test-scenes/info_semantic.json` exist on disk.
[18:03:48:831388]:[Error]:[Scene] SemanticScene.cpp(139)::loadSemanticSceneDescriptor : SSD Load Failure! File with SemanticAttributes-provided name `data/scene_datasets/habitat-test-scenes/van-gogh-room.scn` exists but failed to load.
[18:03:49:307855]:[Warning]:[Sim] Simulator.cpp(595)::instanceStageForSceneAttributes : The active scene does not contain semantic annotations : activeSemanticSceneID_ = 0
2026-08-11 18:03:49,943 update: 270	fps: 436.530	
2026-08-11 18:03:49,943 Num updates: 270	Num frames 43200
2026-08-11 18:03:49,943 Average window size: 50  distance_to_goal: 2.298  distance_to_goal_reward: 0.000  reward: 0.429  spl: 0.024  success: 0.026
2026-08-11 18:03:49,943 	Perf Stats: trainer.rollout_collect: 0.329 trainer.sample_action: 0.003 trainer.obs_insert: 0.000 trainer.step_env: 0.006 trainer.update_stats: 0.001 trainer.update_agent: 0.036
PluginManager::Manager: duplicate static plugin StbImageImporter, ignoring
PluginManager::Manager: duplicate static plugin GltfImporter, ignoring
PluginManager::Manager: duplicate static plugin BasisImporter, ignoring
PluginManager::Manager: duplicate static plugin AssimpImporter, ignoring
PluginManager::Manager: duplicate static plugin AnySceneImporter, ignoring
PluginManager::Manager: duplicate static plugin AnyImageImporter, ignoring
Renderer: NVIDIA GeForce RTX 4070/PCIe/SSE2 by NVIDIA Corporation
OpenGL version: 4.6.0 NVIDIA 580.173.02
Using optional features:
    GL_ARB_vertex_array_object
    GL_ARB_separate_shader_objects
    GL_ARB_robustness
    GL_ARB_texture_storage
    GL_ARB_texture_view
    GL_ARB_framebuffer_no_attachments
    GL_ARB_invalidate_subdata
    GL_ARB_texture_storage_multisample
    GL_ARB_multi_bind
    GL_ARB_direct_state_access
    GL_ARB_get_texture_sub_image
    GL_ARB_texture_filter_anisotropic
    GL_KHR_debug
    GL_KHR_parallel_shader_compile
    GL_NV_depth_buffer_float
Using driver workarounds:
    no-forward-compatible-core-context
    nv-egl-incorrect-gl11-function-pointers
    no-layout-qualifiers-on-old-glsl
    nv-zero-context-profile-mask
    nv-implementation-color-read-format-dsa-broken
    nv-cubemap-inconsistent-compressed-image-size
    nv-cubemap-broken-full-compressed-image-query
    nv-compressed-block-size-in-bits
[18:03:50:048465]:[Warning]:[Scene] SemanticScene.h(331)::checkFileExists : ::loadSemanticSceneDescriptor: File `data/scene_datasets/habitat-test-scenes/van-gogh-room.scn` does not exist.  Aborting load.
[18:03:50:048481]:[Warning]:[Scene] SemanticScene.cpp(123)::loadSemanticSceneDescriptor : SSD File Naming Issue! Neither SemanticAttributes-provided name : `data/scene_datasets/habitat-test-scenes/van-gogh-room.scn` nor constructed filename : `data/scene_datasets/habitat-test-scenes/info_semantic.json` exist on disk.
[18:03:50:048487]:[Error]:[Scene] SemanticScene.cpp(139)::loadSemanticSceneDescriptor : SSD Load Failure! File with SemanticAttributes-provided name `data/scene_datasets/habitat-test-scenes/van-gogh-room.scn` exists but failed to load.
[18:03:50:526895]:[Warning]:[Sim] Simulator.cpp(595)::instanceStageForSceneAttributes : The active scene does not contain semantic annotations : activeSemanticSceneID_ = 0
2026-08-11 18:03:53,770 update: 280	fps: 435.845	
2026-08-11 18:03:53,770 Num updates: 280	Num frames 44800
2026-08-11 18:03:53,770 Average window size: 50  distance_to_goal: 2.171  distance_to_goal_reward: 0.000  reward: 0.483  spl: 0.025  success: 0.026
2026-08-11 18:03:53,770 	Perf Stats: trainer.rollout_collect: 0.329 trainer.sample_action: 0.003 trainer.obs_insert: 0.000 trainer.step_env: 0.006 trainer.update_stats: 0.001 trainer.update_agent: 0.036
2026-08-11 18:03:57,270 update: 290	fps: 436.543	
2026-08-11 18:03:57,271 Num updates: 290	Num frames 46400
2026-08-11 18:03:57,271 Average window size: 50  distance_to_goal: 2.030  distance_to_goal_reward: 0.000  reward: 0.423  spl: 0.021  success: 0.022
2026-08-11 18:03:57,271 	Perf Stats: trainer.rollout_collect: 0.329 trainer.sample_action: 0.003 trainer.obs_insert: 0.000 trainer.step_env: 0.006 trainer.update_stats: 0.001 trainer.update_agent: 0.036
PluginManager::Manager: duplicate static plugin StbImageImporter, ignoring
PluginManager::Manager: duplicate static plugin GltfImporter, ignoring
PluginManager::Manager: duplicate static plugin BasisImporter, ignoring
PluginManager::Manager: duplicate static plugin AssimpImporter, ignoring
PluginManager::Manager: duplicate static plugin AnySceneImporter, ignoring
PluginManager::Manager: duplicate static plugin AnyImageImporter, ignoring
Renderer: NVIDIA GeForce RTX 4070/PCIe/SSE2 by NVIDIA Corporation
OpenGL version: 4.6.0 NVIDIA 580.173.02
Using optional features:
    GL_ARB_vertex_array_object
    GL_ARB_separate_shader_objects
    GL_ARB_robustness
    GL_ARB_texture_storage
    GL_ARB_texture_view
    GL_ARB_framebuffer_no_attachments
    GL_ARB_invalidate_subdata
    GL_ARB_texture_storage_multisample
    GL_ARB_multi_bind
    GL_ARB_direct_state_access
    GL_ARB_get_texture_sub_image
    GL_ARB_texture_filter_anisotropic
    GL_KHR_debug
    GL_KHR_parallel_shader_compile
    GL_NV_depth_buffer_float
Using driver workarounds:
    no-forward-compatible-core-context
    nv-egl-incorrect-gl11-function-pointers
    no-layout-qualifiers-on-old-glsl
    nv-zero-context-profile-mask
    nv-implementation-color-read-format-dsa-broken
    nv-cubemap-inconsistent-compressed-image-size
    nv-cubemap-broken-full-compressed-image-query
    nv-compressed-block-size-in-bits
[18:03:59:746433]:[Warning]:[Scene] SemanticScene.h(331)::checkFileExists : ::loadSemanticSceneDescriptor: File `data/scene_datasets/habitat-test-scenes/skokloster-castle.scn` does not exist.  Aborting load.
[18:03:59:746450]:[Warning]:[Scene] SemanticScene.cpp(123)::loadSemanticSceneDescriptor : SSD File Naming Issue! Neither SemanticAttributes-provided name : `data/scene_datasets/habitat-test-scenes/skokloster-castle.scn` nor constructed filename : `data/scene_datasets/habitat-test-scenes/info_semantic.json` exist on disk.
[18:03:59:746455]:[Error]:[Scene] SemanticScene.cpp(139)::loadSemanticSceneDescriptor : SSD Load Failure! File with SemanticAttributes-provided name `data/scene_datasets/habitat-test-scenes/skokloster-castle.scn` exists but failed to load.
[18:04:00:359719]:[Warning]:[Sim] Simulator.cpp(595)::instanceStageForSceneAttributes : The active scene does not contain semantic annotations : activeSemanticSceneID_ = 0
2026-08-11 18:04:01,355 update: 300	fps: 434.885	
2026-08-11 18:04:01,355 Num updates: 300	Num frames 48000
2026-08-11 18:04:01,355 Average window size: 50  distance_to_goal: 2.058  distance_to_goal_reward: 0.000  reward: 0.417  spl: 0.021  success: 0.022
2026-08-11 18:04:01,355 	Perf Stats: trainer.rollout_collect: 0.330 trainer.sample_action: 0.003 trainer.obs_insert: 0.000 trainer.step_env: 0.006 trainer.update_stats: 0.001 trainer.update_agent: 0.036
2026-08-11 18:04:04,683 update: 310	fps: 436.229	
2026-08-11 18:04:04,683 Num updates: 310	Num frames 49600
2026-08-11 18:04:04,683 Average window size: 50  distance_to_goal: 2.093  distance_to_goal_reward: 0.000  reward: 0.440  spl: 0.024  success: 0.025
2026-08-11 18:04:04,683 	Perf Stats: trainer.rollout_collect: 0.329 trainer.sample_action: 0.003 trainer.obs_insert: 0.000 trainer.step_env: 0.006 trainer.update_stats: 0.001 trainer.update_agent: 0.036
2026-08-11 18:04:07,948 update: 320	fps: 437.731	
2026-08-11 18:04:07,948 Num updates: 320	Num frames 51200
2026-08-11 18:04:07,948 Average window size: 50  distance_to_goal: 2.023  distance_to_goal_reward: 0.000  reward: 0.440  spl: 0.027  success: 0.029
2026-08-11 18:04:07,948 	Perf Stats: trainer.rollout_collect: 0.327 trainer.sample_action: 0.003 trainer.obs_insert: 0.000 trainer.step_env: 0.006 trainer.update_stats: 0.001 trainer.update_agent: 0.036
2026-08-11 18:04:11,277 update: 330	fps: 438.917	
2026-08-11 18:04:11,277 Num updates: 330	Num frames 52800
2026-08-11 18:04:11,277 Average window size: 50  distance_to_goal: 2.114  distance_to_goal_reward: 0.000  reward: 0.433  spl: 0.026  success: 0.028
2026-08-11 18:04:11,277 	Perf Stats: trainer.rollout_collect: 0.327 trainer.sample_action: 0.003 trainer.obs_insert: 0.000 trainer.step_env: 0.006 trainer.update_stats: 0.001 trainer.update_agent: 0.036
2026-08-11 18:04:14,607 update: 340	fps: 440.038	
2026-08-11 18:04:14,607 Num updates: 340	Num frames 54400
2026-08-11 18:04:14,607 Average window size: 50  distance_to_goal: 2.235  distance_to_goal_reward: 0.000  reward: 0.461  spl: 0.021  success: 0.024
2026-08-11 18:04:14,607 	Perf Stats: trainer.rollout_collect: 0.326 trainer.sample_action: 0.003 trainer.obs_insert: 0.000 trainer.step_env: 0.006 trainer.update_stats: 0.001 trainer.update_agent: 0.036
PluginManager::Manager: duplicate static plugin StbImageImporter, ignoring
PluginManager::Manager: duplicate static plugin GltfImporter, ignoring
PluginManager::Manager: duplicate static plugin BasisImporter, ignoring
PluginManager::Manager: duplicate static plugin AssimpImporter, ignoring
PluginManager::Manager: duplicate static plugin AnySceneImporter, ignoring
PluginManager::Manager: duplicate static plugin AnyImageImporter, ignoring
Renderer: NVIDIA GeForce RTX 4070/PCIe/SSE2 by NVIDIA Corporation
OpenGL version: 4.6.0 NVIDIA 580.173.02
Using optional features:
    GL_ARB_vertex_array_object
    GL_ARB_separate_shader_objects
    GL_ARB_robustness
    GL_ARB_texture_storage
    GL_ARB_texture_view
    GL_ARB_framebuffer_no_attachments
    GL_ARB_invalidate_subdata
    GL_ARB_texture_storage_multisample
    GL_ARB_multi_bind
    GL_ARB_direct_state_access
    GL_ARB_get_texture_sub_image
    GL_ARB_texture_filter_anisotropic
    GL_KHR_debug
    GL_KHR_parallel_shader_compile
    GL_NV_depth_buffer_float
Using driver workarounds:
    no-forward-compatible-core-context
    nv-egl-incorrect-gl11-function-pointers
    no-layout-qualifiers-on-old-glsl
    nv-zero-context-profile-mask
    nv-implementation-color-read-format-dsa-broken
    nv-cubemap-inconsistent-compressed-image-size
    nv-cubemap-broken-full-compressed-image-query
    nv-compressed-block-size-in-bits
[18:04:15:330545]:[Warning]:[Scene] SemanticScene.h(331)::checkFileExists : ::loadSemanticSceneDescriptor: File `data/scene_datasets/habitat-test-scenes/skokloster-castle.scn` does not exist.  Aborting load.
[18:04:15:330562]:[Warning]:[Scene] SemanticScene.cpp(123)::loadSemanticSceneDescriptor : SSD File Naming Issue! Neither SemanticAttributes-provided name : `data/scene_datasets/habitat-test-scenes/skokloster-castle.scn` nor constructed filename : `data/scene_datasets/habitat-test-scenes/info_semantic.json` exist on disk.
[18:04:15:330567]:[Error]:[Scene] SemanticScene.cpp(139)::loadSemanticSceneDescriptor : SSD Load Failure! File with SemanticAttributes-provided name `data/scene_datasets/habitat-test-scenes/skokloster-castle.scn` exists but failed to load.
[18:04:15:949669]:[Warning]:[Sim] Simulator.cpp(595)::instanceStageForSceneAttributes : The active scene does not contain semantic annotations : activeSemanticSceneID_ = 0
2026-08-11 18:04:18,509 update: 350	fps: 439.118	
2026-08-11 18:04:18,509 Num updates: 350	Num frames 56000
2026-08-11 18:04:18,509 Average window size: 50  distance_to_goal: 2.348  distance_to_goal_reward: 0.000  reward: 0.438  spl: 0.023  success: 0.026
2026-08-11 18:04:18,509 	Perf Stats: trainer.rollout_collect: 0.326 trainer.sample_action: 0.003 trainer.obs_insert: 0.000 trainer.step_env: 0.006 trainer.update_stats: 0.001 trainer.update_agent: 0.036
2026-08-11 18:04:21,855 update: 360	fps: 440.119	
2026-08-11 18:04:21,855 Num updates: 360	Num frames 57600
2026-08-11 18:04:21,855 Average window size: 50  distance_to_goal: 2.700  distance_to_goal_reward: 0.000  reward: 0.431  spl: 0.020  success: 0.022
2026-08-11 18:04:21,855 	Perf Stats: trainer.rollout_collect: 0.326 trainer.sample_action: 0.003 trainer.obs_insert: 0.000 trainer.step_env: 0.006 trainer.update_stats: 0.001 trainer.update_agent: 0.036
2026-08-11 18:04:25,010 update: 370	fps: 441.695	
2026-08-11 18:04:25,010 Num updates: 370	Num frames 59200
2026-08-11 18:04:25,010 Average window size: 50  distance_to_goal: 2.728  distance_to_goal_reward: 0.000  reward: 0.495  spl: 0.020  success: 0.023
2026-08-11 18:04:25,011 	Perf Stats: trainer.rollout_collect: 0.324 trainer.sample_action: 0.003 trainer.obs_insert: 0.000 trainer.step_env: 0.006 trainer.update_stats: 0.001 trainer.update_agent: 0.036
2026-08-11 18:04:28,216 update: 380	fps: 443.036	
2026-08-11 18:04:28,216 Num updates: 380	Num frames 60800
2026-08-11 18:04:28,216 Average window size: 50  distance_to_goal: 2.899  distance_to_goal_reward: 0.000  reward: 0.596  spl: 0.025  success: 0.029
2026-08-11 18:04:28,216 	Perf Stats: trainer.rollout_collect: 0.323 trainer.sample_action: 0.003 trainer.obs_insert: 0.000 trainer.step_env: 0.006 trainer.update_stats: 0.001 trainer.update_agent: 0.036
2026-08-11 18:04:31,432 update: 390	fps: 444.283	
2026-08-11 18:04:31,432 Num updates: 390	Num frames 62400
2026-08-11 18:04:31,432 Average window size: 50  distance_to_goal: 2.779  distance_to_goal_reward: 0.000  reward: 0.829  spl: 0.031  success: 0.037
2026-08-11 18:04:31,432 	Perf Stats: trainer.rollout_collect: 0.322 trainer.sample_action: 0.003 trainer.obs_insert: 0.000 trainer.step_env: 0.006 trainer.update_stats: 0.001 trainer.update_agent: 0.036
2026-08-11 18:04:34,776 update: 400	fps: 445.078	
2026-08-11 18:04:34,776 Num updates: 400	Num frames 64000
2026-08-11 18:04:34,776 Average window size: 50  distance_to_goal: 2.596  distance_to_goal_reward: 0.000  reward: 1.011  spl: 0.042  success: 0.051
2026-08-11 18:04:34,776 	Perf Stats: trainer.rollout_collect: 0.321 trainer.sample_action: 0.003 trainer.obs_insert: 0.000 trainer.step_env: 0.006 trainer.update_stats: 0.001 trainer.update_agent: 0.036
2026-08-11 18:04:37,981 update: 410	fps: 446.259	
2026-08-11 18:04:37,981 Num updates: 410	Num frames 65600
2026-08-11 18:04:37,981 Average window size: 50  distance_to_goal: 1.831  distance_to_goal_reward: 0.000  reward: 1.213  spl: 0.058  success: 0.071
2026-08-11 18:04:37,981 	Perf Stats: trainer.rollout_collect: 0.321 trainer.sample_action: 0.003 trainer.obs_insert: 0.000 trainer.step_env: 0.006 trainer.update_stats: 0.001 trainer.update_agent: 0.036
2026-08-11 18:04:41,169 update: 420	fps: 447.440	
2026-08-11 18:04:41,169 Num updates: 420	Num frames 67200
2026-08-11 18:04:41,169 Average window size: 50  distance_to_goal: 2.155  distance_to_goal_reward: 0.000  reward: 1.184  spl: 0.060  success: 0.076
2026-08-11 18:04:41,169 	Perf Stats: trainer.rollout_collect: 0.320 trainer.sample_action: 0.003 trainer.obs_insert: 0.000 trainer.step_env: 0.006 trainer.update_stats: 0.001 trainer.update_agent: 0.036
2026-08-11 18:04:44,323 update: 430	fps: 448.671	
2026-08-11 18:04:44,323 Num updates: 430	Num frames 68800
2026-08-11 18:04:44,323 Average window size: 50  distance_to_goal: 1.903  distance_to_goal_reward: 0.000  reward: 1.273  spl: 0.066  success: 0.087
2026-08-11 18:04:44,323 	Perf Stats: trainer.rollout_collect: 0.319 trainer.sample_action: 0.003 trainer.obs_insert: 0.000 trainer.step_env: 0.006 trainer.update_stats: 0.001 trainer.update_agent: 0.035
2026-08-11 18:04:47,451 update: 440	fps: 449.925	
2026-08-11 18:04:47,451 Num updates: 440	Num frames 70400
2026-08-11 18:04:47,451 Average window size: 50  distance_to_goal: 1.896  distance_to_goal_reward: 0.000  reward: 1.368  spl: 0.070  success: 0.093
2026-08-11 18:04:47,452 	Perf Stats: trainer.rollout_collect: 0.318 trainer.sample_action: 0.003 trainer.obs_insert: 0.000 trainer.step_env: 0.006 trainer.update_stats: 0.001 trainer.update_agent: 0.035
2026-08-11 18:04:50,671 update: 450	fps: 450.872	
2026-08-11 18:04:50,672 Num updates: 450	Num frames 72000
2026-08-11 18:04:50,672 Average window size: 50  distance_to_goal: 2.065  distance_to_goal_reward: 0.000  reward: 1.191  spl: 0.071  success: 0.093
2026-08-11 18:04:50,672 	Perf Stats: trainer.rollout_collect: 0.317 trainer.sample_action: 0.003 trainer.obs_insert: 0.000 trainer.step_env: 0.006 trainer.update_stats: 0.001 trainer.update_agent: 0.035
2026-08-11 18:04:53,880 update: 460	fps: 451.815	
2026-08-11 18:04:53,880 Num updates: 460	Num frames 73600
2026-08-11 18:04:53,880 Average window size: 50  distance_to_goal: 2.048  distance_to_goal_reward: 0.000  reward: 1.190  spl: 0.077  success: 0.099
2026-08-11 18:04:53,880 	Perf Stats: trainer.rollout_collect: 0.316 trainer.sample_action: 0.003 trainer.obs_insert: 0.000 trainer.step_env: 0.006 trainer.update_stats: 0.001 trainer.update_agent: 0.035
2026-08-11 18:04:57,019 update: 470	fps: 452.909	
2026-08-11 18:04:57,019 Num updates: 470	Num frames 75200
2026-08-11 18:04:57,019 Average window size: 50  distance_to_goal: 1.699  distance_to_goal_reward: 0.000  reward: 1.284  spl: 0.111  success: 0.136
2026-08-11 18:04:57,019 	Perf Stats: trainer.rollout_collect: 0.315 trainer.sample_action: 0.003 trainer.obs_insert: 0.000 trainer.step_env: 0.006 trainer.update_stats: 0.001 trainer.update_agent: 0.035
2026-08-11 18:05:00,289 update: 480	fps: 453.610	
2026-08-11 18:05:00,289 Num updates: 480	Num frames 76800
2026-08-11 18:05:00,290 Average window size: 50  distance_to_goal: 2.316  distance_to_goal_reward: 0.000  reward: 0.923  spl: 0.099  success: 0.116
2026-08-11 18:05:00,290 	Perf Stats: trainer.rollout_collect: 0.315 trainer.sample_action: 0.003 trainer.obs_insert: 0.000 trainer.step_env: 0.006 trainer.update_stats: 0.001 trainer.update_agent: 0.035
2026-08-11 18:05:03,382 update: 490	fps: 454.752	
2026-08-11 18:05:03,383 Num updates: 490	Num frames 78400
2026-08-11 18:05:03,383 Average window size: 50  distance_to_goal: 2.653  distance_to_goal_reward: 0.000  reward: 0.712  spl: 0.092  success: 0.107
2026-08-11 18:05:03,383 	Perf Stats: trainer.rollout_collect: 0.314 trainer.sample_action: 0.003 trainer.obs_insert: 0.000 trainer.step_env: 0.006 trainer.update_stats: 0.001 trainer.update_agent: 0.035
2026-08-11 18:05:06,644 update: 500	fps: 455.418	
2026-08-11 18:05:06,644 Num updates: 500	Num frames 80000
2026-08-11 18:05:06,644 Average window size: 50  distance_to_goal: 3.299  distance_to_goal_reward: 0.000  reward: 0.686  spl: 0.093  success: 0.109
2026-08-11 18:05:06,644 	Perf Stats: trainer.rollout_collect: 0.313 trainer.sample_action: 0.003 trainer.obs_insert: 0.000 trainer.step_env: 0.006 trainer.update_stats: 0.001 trainer.update_agent: 0.035
2026-08-11 18:05:09,941 update: 510	fps: 455.967	
2026-08-11 18:05:09,941 Num updates: 510	Num frames 81600
2026-08-11 18:05:09,942 Average window size: 50  distance_to_goal: 4.228  distance_to_goal_reward: 0.000  reward: 0.444  spl: 0.058  success: 0.069
2026-08-11 18:05:09,942 	Perf Stats: trainer.rollout_collect: 0.313 trainer.sample_action: 0.003 trainer.obs_insert: 0.000 trainer.step_env: 0.006 trainer.update_stats: 0.001 trainer.update_agent: 0.035
2026-08-11 18:05:13,247 update: 520	fps: 456.475	
2026-08-11 18:05:13,247 Num updates: 520	Num frames 83200
2026-08-11 18:05:13,247 Average window size: 50  distance_to_goal: 4.487  distance_to_goal_reward: 0.000  reward: 0.397  spl: 0.021  success: 0.024
2026-08-11 18:05:13,247 	Perf Stats: trainer.rollout_collect: 0.313 trainer.sample_action: 0.003 trainer.obs_insert: 0.000 trainer.step_env: 0.006 trainer.update_stats: 0.001 trainer.update_agent: 0.035
PluginManager::Manager: duplicate static plugin StbImageImporter, ignoring
PluginManager::Manager: duplicate static plugin GltfImporter, ignoring
PluginManager::Manager: duplicate static plugin BasisImporter, ignoring
PluginManager::Manager: duplicate static plugin AssimpImporter, ignoring
PluginManager::Manager: duplicate static plugin AnySceneImporter, ignoring
PluginManager::Manager: duplicate static plugin AnyImageImporter, ignoring
Renderer: NVIDIA GeForce RTX 4070/PCIe/SSE2 by NVIDIA Corporation
OpenGL version: 4.6.0 NVIDIA 580.173.02
Using optional features:
    GL_ARB_vertex_array_object
    GL_ARB_separate_shader_objects
    GL_ARB_robustness
    GL_ARB_texture_storage
    GL_ARB_texture_view
    GL_ARB_framebuffer_no_attachments
    GL_ARB_invalidate_subdata
    GL_ARB_texture_storage_multisample
    GL_ARB_multi_bind
    GL_ARB_direct_state_access
    GL_ARB_get_texture_sub_image
    GL_ARB_texture_filter_anisotropic
    GL_KHR_debug
    GL_KHR_parallel_shader_compile
    GL_NV_depth_buffer_float
Using driver workarounds:
    no-forward-compatible-core-context
    nv-egl-incorrect-gl11-function-pointers
    no-layout-qualifiers-on-old-glsl
    nv-zero-context-profile-mask
    nv-implementation-color-read-format-dsa-broken
    nv-cubemap-inconsistent-compressed-image-size
    nv-cubemap-broken-full-compressed-image-query
    nv-compressed-block-size-in-bits
[18:05:14:365383]:[Warning]:[Scene] SemanticScene.h(331)::checkFileExists : ::loadSemanticSceneDescriptor: File `data/scene_datasets/habitat-test-scenes/van-gogh-room.scn` does not exist.  Aborting load.
[18:05:14:365399]:[Warning]:[Scene] SemanticScene.cpp(123)::loadSemanticSceneDescriptor : SSD File Naming Issue! Neither SemanticAttributes-provided name : `data/scene_datasets/habitat-test-scenes/van-gogh-room.scn` nor constructed filename : `data/scene_datasets/habitat-test-scenes/info_semantic.json` exist on disk.
[18:05:14:365404]:[Error]:[Scene] SemanticScene.cpp(139)::loadSemanticSceneDescriptor : SSD Load Failure! File with SemanticAttributes-provided name `data/scene_datasets/habitat-test-scenes/van-gogh-room.scn` exists but failed to load.
[18:05:14:807776]:[Warning]:[Sim] Simulator.cpp(595)::instanceStageForSceneAttributes : The active scene does not contain semantic annotations : activeSemanticSceneID_ = 0
PluginManager::Manager: duplicate static plugin StbImageImporter, ignoring
PluginManager::Manager: duplicate static plugin GltfImporter, ignoring
PluginManager::Manager: duplicate static plugin BasisImporter, ignoring
PluginManager::Manager: duplicate static plugin AssimpImporter, ignoring
PluginManager::Manager: duplicate static plugin AnySceneImporter, ignoring
PluginManager::Manager: duplicate static plugin AnyImageImporter, ignoring
Renderer: NVIDIA GeForce RTX 4070/PCIe/SSE2 by NVIDIA Corporation
OpenGL version: 4.6.0 NVIDIA 580.173.02
Using optional features:
    GL_ARB_vertex_array_object
    GL_ARB_separate_shader_objects
    GL_ARB_robustness
    GL_ARB_texture_storage
    GL_ARB_texture_view
    GL_ARB_framebuffer_no_attachments
    GL_ARB_invalidate_subdata
    GL_ARB_texture_storage_multisample
    GL_ARB_multi_bind
    GL_ARB_direct_state_access
    GL_ARB_get_texture_sub_image
    GL_ARB_texture_filter_anisotropic
    GL_KHR_debug
    GL_KHR_parallel_shader_compile
    GL_NV_depth_buffer_float
Using driver workarounds:
    no-forward-compatible-core-context
    nv-egl-incorrect-gl11-function-pointers
    no-layout-qualifiers-on-old-glsl
    nv-zero-context-profile-mask
    nv-implementation-color-read-format-dsa-broken
    nv-cubemap-inconsistent-compressed-image-size
    nv-cubemap-broken-full-compressed-image-query
    nv-compressed-block-size-in-bits
[18:05:15:823772]:[Warning]:[Scene] SemanticScene.h(331)::checkFileExists : ::loadSemanticSceneDescriptor: File `data/scene_datasets/habitat-test-scenes/skokloster-castle.scn` does not exist.  Aborting load.
[18:05:15:823788]:[Warning]:[Scene] SemanticScene.cpp(123)::loadSemanticSceneDescriptor : SSD File Naming Issue! Neither SemanticAttributes-provided name : `data/scene_datasets/habitat-test-scenes/skokloster-castle.scn` nor constructed filename : `data/scene_datasets/habitat-test-scenes/info_semantic.json` exist on disk.
[18:05:15:823792]:[Error]:[Scene] SemanticScene.cpp(139)::loadSemanticSceneDescriptor : SSD Load Failure! File with SemanticAttributes-provided name `data/scene_datasets/habitat-test-scenes/skokloster-castle.scn` exists but failed to load.
[18:05:16:438666]:[Warning]:[Sim] Simulator.cpp(595)::instanceStageForSceneAttributes : The active scene does not contain semantic annotations : activeSemanticSceneID_ = 0
2026-08-11 18:05:17,577 update: 530	fps: 454.457	
2026-08-11 18:05:17,577 Num updates: 530	Num frames 84800
2026-08-11 18:05:17,578 Average window size: 50  distance_to_goal: 4.474  distance_to_goal_reward: 0.000  reward: 0.489  spl: 0.018  success: 0.021
2026-08-11 18:05:17,578 	Perf Stats: trainer.rollout_collect: 0.314 trainer.sample_action: 0.003 trainer.obs_insert: 0.000 trainer.step_env: 0.006 trainer.update_stats: 0.001 trainer.update_agent: 0.035
2026-08-11 18:05:20,783 update: 540	fps: 455.212	
2026-08-11 18:05:20,783 Num updates: 540	Num frames 86400
2026-08-11 18:05:20,783 Average window size: 50  distance_to_goal: 4.264  distance_to_goal_reward: 0.000  reward: 0.646  spl: 0.017  success: 0.021
2026-08-11 18:05:20,783 	Perf Stats: trainer.rollout_collect: 0.314 trainer.sample_action: 0.003 trainer.obs_insert: 0.000 trainer.step_env: 0.006 trainer.update_stats: 0.001 trainer.update_agent: 0.035
2026-08-11 18:05:23,950 update: 550	fps: 456.032	
2026-08-11 18:05:23,950 Num updates: 550	Num frames 88000
2026-08-11 18:05:23,950 Average window size: 50  distance_to_goal: 3.962  distance_to_goal_reward: 0.000  reward: 0.889  spl: 0.023  success: 0.030
2026-08-11 18:05:23,950 	Perf Stats: trainer.rollout_collect: 0.313 trainer.sample_action: 0.003 trainer.obs_insert: 0.000 trainer.step_env: 0.006 trainer.update_stats: 0.001 trainer.update_agent: 0.035
PluginManager::Manager: duplicate static plugin StbImageImporter, ignoring
PluginManager::Manager: duplicate static plugin GltfImporter, ignoring
PluginManager::Manager: duplicate static plugin BasisImporter, ignoring
PluginManager::Manager: duplicate static plugin AssimpImporter, ignoring
PluginManager::Manager: duplicate static plugin AnySceneImporter, ignoring
PluginManager::Manager: duplicate static plugin AnyImageImporter, ignoring
Renderer: NVIDIA GeForce RTX 4070/PCIe/SSE2 by NVIDIA Corporation
OpenGL version: 4.6.0 NVIDIA 580.173.02
Using optional features:
    GL_ARB_vertex_array_object
    GL_ARB_separate_shader_objects
    GL_ARB_robustness
    GL_ARB_texture_storage
    GL_ARB_texture_view
    GL_ARB_framebuffer_no_attachments
    GL_ARB_invalidate_subdata
    GL_ARB_texture_storage_multisample
    GL_ARB_multi_bind
    GL_ARB_direct_state_access
    GL_ARB_get_texture_sub_image
    GL_ARB_texture_filter_anisotropic
    GL_KHR_debug
    GL_KHR_parallel_shader_compile
    GL_NV_depth_buffer_float
Using driver workarounds:
    no-forward-compatible-core-context
    nv-egl-incorrect-gl11-function-pointers
    no-layout-qualifiers-on-old-glsl
    nv-zero-context-profile-mask
    nv-implementation-color-read-format-dsa-broken
    nv-cubemap-inconsistent-compressed-image-size
    nv-cubemap-broken-full-compressed-image-query
    nv-compressed-block-size-in-bits
[18:05:25:153214]:[Warning]:[Scene] SemanticScene.h(331)::checkFileExists : ::loadSemanticSceneDescriptor: File `data/scene_datasets/habitat-test-scenes/van-gogh-room.scn` does not exist.  Aborting load.
[18:05:25:153230]:[Warning]:[Scene] SemanticScene.cpp(123)::loadSemanticSceneDescriptor : SSD File Naming Issue! Neither SemanticAttributes-provided name : `data/scene_datasets/habitat-test-scenes/van-gogh-room.scn` nor constructed filename : `data/scene_datasets/habitat-test-scenes/info_semantic.json` exist on disk.
[18:05:25:153235]:[Error]:[Scene] SemanticScene.cpp(139)::loadSemanticSceneDescriptor : SSD Load Failure! File with SemanticAttributes-provided name `data/scene_datasets/habitat-test-scenes/van-gogh-room.scn` exists but failed to load.
[18:05:25:591429]:[Warning]:[Sim] Simulator.cpp(595)::instanceStageForSceneAttributes : The active scene does not contain semantic annotations : activeSemanticSceneID_ = 0
2026-08-11 18:05:27,576 update: 560	fps: 455.759	
2026-08-11 18:05:27,576 Num updates: 560	Num frames 89600
2026-08-11 18:05:27,576 Average window size: 50  distance_to_goal: 3.441  distance_to_goal_reward: 0.000  reward: 1.058  spl: 0.026  success: 0.035
2026-08-11 18:05:27,576 	Perf Stats: trainer.rollout_collect: 0.313 trainer.sample_action: 0.003 trainer.obs_insert: 0.000 trainer.step_env: 0.006 trainer.update_stats: 0.001 trainer.update_agent: 0.035
2026-08-11 18:05:30,749 update: 570	fps: 456.529	
2026-08-11 18:05:30,749 Num updates: 570	Num frames 91200
2026-08-11 18:05:30,749 Average window size: 50  distance_to_goal: 2.643  distance_to_goal_reward: 0.000  reward: 1.363  spl: 0.057  success: 0.074
2026-08-11 18:05:30,749 	Perf Stats: trainer.rollout_collect: 0.313 trainer.sample_action: 0.003 trainer.obs_insert: 0.000 trainer.step_env: 0.006 trainer.update_stats: 0.001 trainer.update_agent: 0.035
PluginManager::Manager: duplicate static plugin StbImageImporter, ignoring
PluginManager::Manager: duplicate static plugin GltfImporter, ignoring
PluginManager::Manager: duplicate static plugin BasisImporter, ignoring
PluginManager::Manager: duplicate static plugin AssimpImporter, ignoring
PluginManager::Manager: duplicate static plugin AnySceneImporter, ignoring
PluginManager::Manager: duplicate static plugin AnyImageImporter, ignoring
Renderer: NVIDIA GeForce RTX 4070/PCIe/SSE2 by NVIDIA Corporation
OpenGL version: 4.6.0 NVIDIA 580.173.02
Using optional features:
    GL_ARB_vertex_array_object
    GL_ARB_separate_shader_objects
    GL_ARB_robustness
    GL_ARB_texture_storage
    GL_ARB_texture_view
    GL_ARB_framebuffer_no_attachments
    GL_ARB_invalidate_subdata
    GL_ARB_texture_storage_multisample
    GL_ARB_multi_bind
    GL_ARB_direct_state_access
    GL_ARB_get_texture_sub_image
    GL_ARB_texture_filter_anisotropic
    GL_KHR_debug
    GL_KHR_parallel_shader_compile
    GL_NV_depth_buffer_float
Using driver workarounds:
    no-forward-compatible-core-context
    nv-egl-incorrect-gl11-function-pointers
    no-layout-qualifiers-on-old-glsl
    nv-zero-context-profile-mask
    nv-implementation-color-read-format-dsa-broken
    nv-cubemap-inconsistent-compressed-image-size
    nv-cubemap-broken-full-compressed-image-query
    nv-compressed-block-size-in-bits
[18:05:31:233360]:[Warning]:[Scene] SemanticScene.h(331)::checkFileExists : ::loadSemanticSceneDescriptor: File `data/scene_datasets/habitat-test-scenes/skokloster-castle.scn` does not exist.  Aborting load.
[18:05:31:233377]:[Warning]:[Scene] SemanticScene.cpp(123)::loadSemanticSceneDescriptor : SSD File Naming Issue! Neither SemanticAttributes-provided name : `data/scene_datasets/habitat-test-scenes/skokloster-castle.scn` nor constructed filename : `data/scene_datasets/habitat-test-scenes/info_semantic.json` exist on disk.
[18:05:31:233382]:[Error]:[Scene] SemanticScene.cpp(139)::loadSemanticSceneDescriptor : SSD Load Failure! File with SemanticAttributes-provided name `data/scene_datasets/habitat-test-scenes/skokloster-castle.scn` exists but failed to load.
[18:05:31:851516]:[Warning]:[Sim] Simulator.cpp(595)::instanceStageForSceneAttributes : The active scene does not contain semantic annotations : activeSemanticSceneID_ = 0
2026-08-11 18:05:34,587 update: 580	fps: 455.783	
2026-08-11 18:05:34,587 Num updates: 580	Num frames 92800
2026-08-11 18:05:34,587 Average window size: 50  distance_to_goal: 2.111  distance_to_goal_reward: 0.000  reward: 1.407  spl: 0.067  success: 0.087
2026-08-11 18:05:34,587 	Perf Stats: trainer.rollout_collect: 0.313 trainer.sample_action: 0.003 trainer.obs_insert: 0.000 trainer.step_env: 0.006 trainer.update_stats: 0.001 trainer.update_agent: 0.035
2026-08-11 18:05:37,775 update: 590	fps: 456.492	
2026-08-11 18:05:37,776 Num updates: 590	Num frames 94400
2026-08-11 18:05:37,776 Average window size: 50  distance_to_goal: 2.088  distance_to_goal_reward: 0.000  reward: 1.321  spl: 0.081  success: 0.102
2026-08-11 18:05:37,776 	Perf Stats: trainer.rollout_collect: 0.313 trainer.sample_action: 0.003 trainer.obs_insert: 0.000 trainer.step_env: 0.006 trainer.update_stats: 0.001 trainer.update_agent: 0.035
2026-08-11 18:05:41,074 update: 600	fps: 456.940	
2026-08-11 18:05:41,074 Num updates: 600	Num frames 96000
2026-08-11 18:05:41,074 Average window size: 50  distance_to_goal: 2.077  distance_to_goal_reward: 0.000  reward: 1.169  spl: 0.091  success: 0.111
2026-08-11 18:05:41,074 	Perf Stats: trainer.rollout_collect: 0.312 trainer.sample_action: 0.003 trainer.obs_insert: 0.000 trainer.step_env: 0.006 trainer.update_stats: 0.001 trainer.update_agent: 0.035
2026-08-11 18:05:44,256 update: 610	fps: 457.626	
2026-08-11 18:05:44,256 Num updates: 610	Num frames 97600
2026-08-11 18:05:44,256 Average window size: 50  distance_to_goal: 2.238  distance_to_goal_reward: 0.000  reward: 1.295  spl: 0.121  success: 0.148
2026-08-11 18:05:44,256 	Perf Stats: trainer.rollout_collect: 0.312 trainer.sample_action: 0.003 trainer.obs_insert: 0.000 trainer.step_env: 0.006 trainer.update_stats: 0.001 trainer.update_agent: 0.035
2026-08-11 18:05:47,422 update: 620	fps: 458.324	
2026-08-11 18:05:47,422 Num updates: 620	Num frames 99200
2026-08-11 18:05:47,422 Average window size: 50  distance_to_goal: 2.360  distance_to_goal_reward: 0.000  reward: 1.299  spl: 0.137  success: 0.167
2026-08-11 18:05:47,422 	Perf Stats: trainer.rollout_collect: 0.311 trainer.sample_action: 0.003 trainer.obs_insert: 0.000 trainer.step_env: 0.006 trainer.update_stats: 0.001 trainer.update_agent: 0.035
2026-08-11 18:05:50,612 update: 630	fps: 458.950	
2026-08-11 18:05:50,613 Num updates: 630	Num frames 100800
2026-08-11 18:05:50,613 Average window size: 50  distance_to_goal: 2.366  distance_to_goal_reward: 0.000  reward: 1.520  spl: 0.168  success: 0.208
2026-08-11 18:05:50,613 	Perf Stats: trainer.rollout_collect: 0.311 trainer.sample_action: 0.003 trainer.obs_insert: 0.000 trainer.step_env: 0.006 trainer.update_stats: 0.001 trainer.update_agent: 0.035
2026-08-11 18:05:53,802 update: 640	fps: 459.561	
2026-08-11 18:05:53,802 Num updates: 640	Num frames 102400
2026-08-11 18:05:53,802 Average window size: 50  distance_to_goal: 2.040  distance_to_goal_reward: 0.000  reward: 1.595  spl: 0.184  success: 0.233
2026-08-11 18:05:53,802 	Perf Stats: trainer.rollout_collect: 0.310 trainer.sample_action: 0.003 trainer.obs_insert: 0.000 trainer.step_env: 0.006 trainer.update_stats: 0.001 trainer.update_agent: 0.035
2026-08-11 18:05:56,973 update: 650	fps: 460.194	
2026-08-11 18:05:56,973 Num updates: 650	Num frames 104000
2026-08-11 18:05:56,973 Average window size: 50  distance_to_goal: 1.598  distance_to_goal_reward: 0.000  reward: 1.888  spl: 0.229  success: 0.298
2026-08-11 18:05:56,973 	Perf Stats: trainer.rollout_collect: 0.310 trainer.sample_action: 0.003 trainer.obs_insert: 0.000 trainer.step_env: 0.006 trainer.update_stats: 0.001 trainer.update_agent: 0.035
2026-08-11 18:06:00,100 update: 660	fps: 460.895	
2026-08-11 18:06:00,101 Num updates: 660	Num frames 105600
2026-08-11 18:06:00,101 Average window size: 50  distance_to_goal: 1.443  distance_to_goal_reward: 0.000  reward: 1.845  spl: 0.231  success: 0.303
2026-08-11 18:06:00,101 	Perf Stats: trainer.rollout_collect: 0.309 trainer.sample_action: 0.003 trainer.obs_insert: 0.000 trainer.step_env: 0.006 trainer.update_stats: 0.001 trainer.update_agent: 0.035
2026-08-11 18:06:03,217 update: 670	fps: 461.599	
2026-08-11 18:06:03,217 Num updates: 670	Num frames 107200
2026-08-11 18:06:03,217 Average window size: 50  distance_to_goal: 1.461  distance_to_goal_reward: 0.000  reward: 2.004  spl: 0.220  success: 0.298
2026-08-11 18:06:03,217 	Perf Stats: trainer.rollout_collect: 0.309 trainer.sample_action: 0.003 trainer.obs_insert: 0.000 trainer.step_env: 0.006 trainer.update_stats: 0.001 trainer.update_agent: 0.035
2026-08-11 18:06:06,371 update: 680	fps: 462.212	
2026-08-11 18:06:06,371 Num updates: 680	Num frames 108800
2026-08-11 18:06:06,371 Average window size: 50  distance_to_goal: 1.456  distance_to_goal_reward: 0.000  reward: 2.485  spl: 0.233  success: 0.325
2026-08-11 18:06:06,371 	Perf Stats: trainer.rollout_collect: 0.308 trainer.sample_action: 0.003 trainer.obs_insert: 0.000 trainer.step_env: 0.006 trainer.update_stats: 0.001 trainer.update_agent: 0.035
2026-08-11 18:06:09,515 update: 690	fps: 462.826	
2026-08-11 18:06:09,515 Num updates: 690	Num frames 110400
2026-08-11 18:06:09,516 Average window size: 50  distance_to_goal: 1.233  distance_to_goal_reward: 0.000  reward: 3.085  spl: 0.294  success: 0.407
2026-08-11 18:06:09,516 	Perf Stats: trainer.rollout_collect: 0.308 trainer.sample_action: 0.003 trainer.obs_insert: 0.000 trainer.step_env: 0.006 trainer.update_stats: 0.001 trainer.update_agent: 0.035
PluginManager::Manager: duplicate static plugin StbImageImporter, ignoring
PluginManager::Manager: duplicate static plugin GltfImporter, ignoring
PluginManager::Manager: duplicate static plugin BasisImporter, ignoring
PluginManager::Manager: duplicate static plugin AssimpImporter, ignoring
PluginManager::Manager: duplicate static plugin AnySceneImporter, ignoring
PluginManager::Manager: duplicate static plugin AnyImageImporter, ignoring
Renderer: NVIDIA GeForce RTX 4070/PCIe/SSE2 by NVIDIA Corporation
OpenGL version: 4.6.0 NVIDIA 580.173.02
Using optional features:
    GL_ARB_vertex_array_object
    GL_ARB_separate_shader_objects
    GL_ARB_robustness
    GL_ARB_texture_storage
    GL_ARB_texture_view
    GL_ARB_framebuffer_no_attachments
    GL_ARB_invalidate_subdata
    GL_ARB_texture_storage_multisample
    GL_ARB_multi_bind
    GL_ARB_direct_state_access
    GL_ARB_get_texture_sub_image
    GL_ARB_texture_filter_anisotropic
    GL_KHR_debug
    GL_KHR_parallel_shader_compile
    GL_NV_depth_buffer_float
Using driver workarounds:
    no-forward-compatible-core-context
    nv-egl-incorrect-gl11-function-pointers
    no-layout-qualifiers-on-old-glsl
    nv-zero-context-profile-mask
    nv-implementation-color-read-format-dsa-broken
    nv-cubemap-inconsistent-compressed-image-size
    nv-cubemap-broken-full-compressed-image-query
    nv-compressed-block-size-in-bits
[18:06:10:609314]:[Warning]:[Scene] SemanticScene.h(331)::checkFileExists : ::loadSemanticSceneDescriptor: File `data/scene_datasets/habitat-test-scenes/van-gogh-room.scn` does not exist.  Aborting load.
[18:06:10:609331]:[Warning]:[Scene] SemanticScene.cpp(123)::loadSemanticSceneDescriptor : SSD File Naming Issue! Neither SemanticAttributes-provided name : `data/scene_datasets/habitat-test-scenes/van-gogh-room.scn` nor constructed filename : `data/scene_datasets/habitat-test-scenes/info_semantic.json` exist on disk.
[18:06:10:609336]:[Error]:[Scene] SemanticScene.cpp(139)::loadSemanticSceneDescriptor : SSD Load Failure! File with SemanticAttributes-provided name `data/scene_datasets/habitat-test-scenes/van-gogh-room.scn` exists but failed to load.
[18:06:11:056963]:[Warning]:[Sim] Simulator.cpp(595)::instanceStageForSceneAttributes : The active scene does not contain semantic annotations : activeSemanticSceneID_ = 0
2026-08-11 18:06:13,212 update: 700	fps: 462.368	
2026-08-11 18:06:13,213 Num updates: 700	Num frames 112000
2026-08-11 18:06:13,213 Average window size: 50  distance_to_goal: 1.107  distance_to_goal_reward: 0.000  reward: 3.399  spl: 0.366  success: 0.490
2026-08-11 18:06:13,213 	Perf Stats: trainer.rollout_collect: 0.308 trainer.sample_action: 0.003 trainer.obs_insert: 0.000 trainer.step_env: 0.006 trainer.update_stats: 0.001 trainer.update_agent: 0.035
2026-08-11 18:06:16,375 update: 710	fps: 462.930	
2026-08-11 18:06:16,375 Num updates: 710	Num frames 113600
2026-08-11 18:06:16,375 Average window size: 50  distance_to_goal: 0.911  distance_to_goal_reward: 0.000  reward: 3.323  spl: 0.405  success: 0.525
2026-08-11 18:06:16,375 	Perf Stats: trainer.rollout_collect: 0.308 trainer.sample_action: 0.003 trainer.obs_insert: 0.000 trainer.step_env: 0.006 trainer.update_stats: 0.001 trainer.update_agent: 0.035
2026-08-11 18:06:19,500 update: 720	fps: 463.546	
2026-08-11 18:06:19,500 Num updates: 720	Num frames 115200
2026-08-11 18:06:19,500 Average window size: 50  distance_to_goal: 0.943  distance_to_goal_reward: 0.000  reward: 2.941  spl: 0.407  success: 0.522
2026-08-11 18:06:19,500 	Perf Stats: trainer.rollout_collect: 0.307 trainer.sample_action: 0.003 trainer.obs_insert: 0.000 trainer.step_env: 0.006 trainer.update_stats: 0.001 trainer.update_agent: 0.035
2026-08-11 18:06:22,603 update: 730	fps: 464.189	
2026-08-11 18:06:22,603 Num updates: 730	Num frames 116800
2026-08-11 18:06:22,603 Average window size: 50  distance_to_goal: 0.859  distance_to_goal_reward: 0.000  reward: 2.710  spl: 0.440  success: 0.559
2026-08-11 18:06:22,603 	Perf Stats: trainer.rollout_collect: 0.307 trainer.sample_action: 0.003 trainer.obs_insert: 0.000 trainer.step_env: 0.005 trainer.update_stats: 0.001 trainer.update_agent: 0.035
2026-08-11 18:06:25,691 update: 740	fps: 464.841	
2026-08-11 18:06:25,692 Num updates: 740	Num frames 118400
2026-08-11 18:06:25,692 Average window size: 50  distance_to_goal: 0.847  distance_to_goal_reward: 0.000  reward: 2.769  spl: 0.440  success: 0.571
2026-08-11 18:06:25,692 	Perf Stats: trainer.rollout_collect: 0.306 trainer.sample_action: 0.003 trainer.obs_insert: 0.000 trainer.step_env: 0.005 trainer.update_stats: 0.001 trainer.update_agent: 0.035
2026-08-11 18:06:28,828 update: 750	fps: 465.392	
2026-08-11 18:06:28,828 Num updates: 750	Num frames 120000
2026-08-11 18:06:28,828 Average window size: 50  distance_to_goal: 0.766  distance_to_goal_reward: 0.001  reward: 3.182  spl: 0.457  success: 0.593
2026-08-11 18:06:28,828 	Perf Stats: trainer.rollout_collect: 0.306 trainer.sample_action: 0.003 trainer.obs_insert: 0.000 trainer.step_env: 0.005 trainer.update_stats: 0.001 trainer.update_agent: 0.035
2026-08-11 18:06:31,918 update: 760	fps: 466.012	
2026-08-11 18:06:31,919 Num updates: 760	Num frames 121600
2026-08-11 18:06:31,919 Average window size: 50  distance_to_goal: 0.715  distance_to_goal_reward: 0.001  reward: 3.267  spl: 0.441  success: 0.584
2026-08-11 18:06:31,919 	Perf Stats: trainer.rollout_collect: 0.306 trainer.sample_action: 0.003 trainer.obs_insert: 0.000 trainer.step_env: 0.005 trainer.update_stats: 0.001 trainer.update_agent: 0.035
2026-08-11 18:06:35,034 update: 770	fps: 466.573	
2026-08-11 18:06:35,034 Num updates: 770	Num frames 123200
2026-08-11 18:06:35,034 Average window size: 50  distance_to_goal: 0.689  distance_to_goal_reward: 0.001  reward: 3.588  spl: 0.501  success: 0.642
2026-08-11 18:06:35,034 	Perf Stats: trainer.rollout_collect: 0.305 trainer.sample_action: 0.003 trainer.obs_insert: 0.000 trainer.step_env: 0.005 trainer.update_stats: 0.001 trainer.update_agent: 0.035
PluginManager::Manager: duplicate static plugin StbImageImporter, ignoring
PluginManager::Manager: duplicate static plugin GltfImporter, ignoring
PluginManager::Manager: duplicate static plugin BasisImporter, ignoring
PluginManager::Manager: duplicate static plugin AssimpImporter, ignoring
PluginManager::Manager: duplicate static plugin AnySceneImporter, ignoring
PluginManager::Manager: duplicate static plugin AnyImageImporter, ignoring
Renderer: NVIDIA GeForce RTX 4070/PCIe/SSE2 by NVIDIA Corporation
OpenGL version: 4.6.0 NVIDIA 580.173.02
Using optional features:
    GL_ARB_vertex_array_object
    GL_ARB_separate_shader_objects
    GL_ARB_robustness
    GL_ARB_texture_storage
    GL_ARB_texture_view
    GL_ARB_framebuffer_no_attachments
    GL_ARB_invalidate_subdata
    GL_ARB_texture_storage_multisample
    GL_ARB_multi_bind
    GL_ARB_direct_state_access
    GL_ARB_get_texture_sub_image
    GL_ARB_texture_filter_anisotropic
    GL_KHR_debug
    GL_KHR_parallel_shader_compile
    GL_NV_depth_buffer_float
Using driver workarounds:
    no-forward-compatible-core-context
    nv-egl-incorrect-gl11-function-pointers
    no-layout-qualifiers-on-old-glsl
    nv-zero-context-profile-mask
    nv-implementation-color-read-format-dsa-broken
    nv-cubemap-inconsistent-compressed-image-size
    nv-cubemap-broken-full-compressed-image-query
    nv-compressed-block-size-in-bits
[18:06:38:132219]:[Warning]:[Scene] SemanticScene.h(331)::checkFileExists : ::loadSemanticSceneDescriptor: File `data/scene_datasets/habitat-test-scenes/skokloster-castle.scn` does not exist.  Aborting load.
[18:06:38:132236]:[Warning]:[Scene] SemanticScene.cpp(123)::loadSemanticSceneDescriptor : SSD File Naming Issue! Neither SemanticAttributes-provided name : `data/scene_datasets/habitat-test-scenes/skokloster-castle.scn` nor constructed filename : `data/scene_datasets/habitat-test-scenes/info_semantic.json` exist on disk.
[18:06:38:132241]:[Error]:[Scene] SemanticScene.cpp(139)::loadSemanticSceneDescriptor : SSD Load Failure! File with SemanticAttributes-provided name `data/scene_datasets/habitat-test-scenes/skokloster-castle.scn` exists but failed to load.
[18:06:38:742425]:[Warning]:[Sim] Simulator.cpp(595)::instanceStageForSceneAttributes : The active scene does not contain semantic annotations : activeSemanticSceneID_ = 0
2026-08-11 18:06:38,793 update: 780	fps: 465.999	
2026-08-11 18:06:38,793 Num updates: 780	Num frames 124800
2026-08-11 18:06:38,793 Average window size: 50  distance_to_goal: 0.542  distance_to_goal_reward: 0.001  reward: 3.879  spl: 0.530  success: 0.667
2026-08-11 18:06:38,793 	Perf Stats: trainer.rollout_collect: 0.306 trainer.sample_action: 0.003 trainer.obs_insert: 0.000 trainer.step_env: 0.005 trainer.update_stats: 0.001 trainer.update_agent: 0.035
2026-08-11 18:06:41,958 update: 790	fps: 466.460	
2026-08-11 18:06:41,958 Num updates: 790	Num frames 126400
2026-08-11 18:06:41,958 Average window size: 50  distance_to_goal: 0.497  distance_to_goal_reward: 0.000  reward: 4.073  spl: 0.553  success: 0.683
2026-08-11 18:06:41,958 	Perf Stats: trainer.rollout_collect: 0.305 trainer.sample_action: 0.003 trainer.obs_insert: 0.000 trainer.step_env: 0.005 trainer.update_stats: 0.001 trainer.update_agent: 0.035
2026-08-11 18:06:45,219 update: 800	fps: 466.748	
2026-08-11 18:06:45,219 Num updates: 800	Num frames 128000
2026-08-11 18:06:45,219 Average window size: 50  distance_to_goal: 0.575  distance_to_goal_reward: 0.000  reward: 3.711  spl: 0.506  success: 0.629
2026-08-11 18:06:45,219 	Perf Stats: trainer.rollout_collect: 0.305 trainer.sample_action: 0.003 trainer.obs_insert: 0.000 trainer.step_env: 0.005 trainer.update_stats: 0.001 trainer.update_agent: 0.035
2026-08-11 18:06:48,389 update: 810	fps: 467.181	
2026-08-11 18:06:48,390 Num updates: 810	Num frames 129600
2026-08-11 18:06:48,390 Average window size: 50  distance_to_goal: 0.555  distance_to_goal_reward: 0.000  reward: 4.069  spl: 0.514  success: 0.639
2026-08-11 18:06:48,390 	Perf Stats: trainer.rollout_collect: 0.305 trainer.sample_action: 0.003 trainer.obs_insert: 0.000 trainer.step_env: 0.005 trainer.update_stats: 0.001 trainer.update_agent: 0.035
2026-08-11 18:06:51,542 update: 820	fps: 467.634	
2026-08-11 18:06:51,542 Num updates: 820	Num frames 131200
2026-08-11 18:06:51,542 Average window size: 50  distance_to_goal: 0.482  distance_to_goal_reward: 0.000  reward: 4.237  spl: 0.500  success: 0.634
2026-08-11 18:06:51,542 	Perf Stats: trainer.rollout_collect: 0.304 trainer.sample_action: 0.003 trainer.obs_insert: 0.000 trainer.step_env: 0.005 trainer.update_stats: 0.001 trainer.update_agent: 0.035
2026-08-11 18:06:54,702 update: 830	fps: 468.066	
2026-08-11 18:06:54,702 Num updates: 830	Num frames 132800
2026-08-11 18:06:54,702 Average window size: 50  distance_to_goal: 0.549  distance_to_goal_reward: 0.000  reward: 3.877  spl: 0.489  success: 0.619
2026-08-11 18:06:54,702 	Perf Stats: trainer.rollout_collect: 0.304 trainer.sample_action: 0.003 trainer.obs_insert: 0.000 trainer.step_env: 0.005 trainer.update_stats: 0.001 trainer.update_agent: 0.035
2026-08-11 18:06:57,850 update: 840	fps: 468.506	
2026-08-11 18:06:57,850 Num updates: 840	Num frames 134400
2026-08-11 18:06:57,850 Average window size: 50  distance_to_goal: 0.729  distance_to_goal_reward: 0.000  reward: 3.464  spl: 0.503  success: 0.621
2026-08-11 18:06:57,850 	Perf Stats: trainer.rollout_collect: 0.304 trainer.sample_action: 0.003 trainer.obs_insert: 0.000 trainer.step_env: 0.005 trainer.update_stats: 0.001 trainer.update_agent: 0.035
2026-08-11 18:07:01,007 update: 850	fps: 468.923	
2026-08-11 18:07:01,008 Num updates: 850	Num frames 136000
2026-08-11 18:07:01,008 Average window size: 50  distance_to_goal: 0.822  distance_to_goal_reward: 0.000  reward: 3.446  spl: 0.533  success: 0.659
2026-08-11 18:07:01,008 	Perf Stats: trainer.rollout_collect: 0.303 trainer.sample_action: 0.003 trainer.obs_insert: 0.000 trainer.step_env: 0.005 trainer.update_stats: 0.001 trainer.update_agent: 0.035
2026-08-11 18:07:04,185 update: 860	fps: 469.297	
2026-08-11 18:07:04,186 Num updates: 860	Num frames 137600
2026-08-11 18:07:04,186 Average window size: 50  distance_to_goal: 1.071  distance_to_goal_reward: 0.000  reward: 2.787  spl: 0.521  success: 0.649
2026-08-11 18:07:04,186 	Perf Stats: trainer.rollout_collect: 0.303 trainer.sample_action: 0.003 trainer.obs_insert: 0.000 trainer.step_env: 0.005 trainer.update_stats: 0.001 trainer.update_agent: 0.035
2026-08-11 18:07:07,341 update: 870	fps: 469.699	
2026-08-11 18:07:07,341 Num updates: 870	Num frames 139200
2026-08-11 18:07:07,341 Average window size: 50  distance_to_goal: 1.082  distance_to_goal_reward: 0.000  reward: 2.707  spl: 0.524  success: 0.656
2026-08-11 18:07:07,341 	Perf Stats: trainer.rollout_collect: 0.303 trainer.sample_action: 0.003 trainer.obs_insert: 0.000 trainer.step_env: 0.005 trainer.update_stats: 0.001 trainer.update_agent: 0.035
PluginManager::Manager: duplicate static plugin StbImageImporter, ignoring
PluginManager::Manager: duplicate static plugin GltfImporter, ignoring
PluginManager::Manager: duplicate static plugin BasisImporter, ignoring
PluginManager::Manager: duplicate static plugin AssimpImporter, ignoring
PluginManager::Manager: duplicate static plugin AnySceneImporter, ignoring
PluginManager::Manager: duplicate static plugin AnyImageImporter, ignoring
Renderer: NVIDIA GeForce RTX 4070/PCIe/SSE2 by NVIDIA Corporation
OpenGL version: 4.6.0 NVIDIA 580.173.02
Using optional features:
    GL_ARB_vertex_array_object
    GL_ARB_separate_shader_objects
    GL_ARB_robustness
    GL_ARB_texture_storage
    GL_ARB_texture_view
    GL_ARB_framebuffer_no_attachments
    GL_ARB_invalidate_subdata
    GL_ARB_texture_storage_multisample
    GL_ARB_multi_bind
    GL_ARB_direct_state_access
    GL_ARB_get_texture_sub_image
    GL_ARB_texture_filter_anisotropic
    GL_KHR_debug
    GL_KHR_parallel_shader_compile
    GL_NV_depth_buffer_float
Using driver workarounds:
    no-forward-compatible-core-context
    nv-egl-incorrect-gl11-function-pointers
    no-layout-qualifiers-on-old-glsl
    nv-zero-context-profile-mask
    nv-implementation-color-read-format-dsa-broken
    nv-cubemap-inconsistent-compressed-image-size
    nv-cubemap-broken-full-compressed-image-query
    nv-compressed-block-size-in-bits
[18:07:08:570050]:[Warning]:[Scene] SemanticScene.h(331)::checkFileExists : ::loadSemanticSceneDescriptor: File `data/scene_datasets/habitat-test-scenes/van-gogh-room.scn` does not exist.  Aborting load.
[18:07:08:570066]:[Warning]:[Scene] SemanticScene.cpp(123)::loadSemanticSceneDescriptor : SSD File Naming Issue! Neither SemanticAttributes-provided name : `data/scene_datasets/habitat-test-scenes/van-gogh-room.scn` nor constructed filename : `data/scene_datasets/habitat-test-scenes/info_semantic.json` exist on disk.
[18:07:08:570071]:[Error]:[Scene] SemanticScene.cpp(139)::loadSemanticSceneDescriptor : SSD Load Failure! File with SemanticAttributes-provided name `data/scene_datasets/habitat-test-scenes/van-gogh-room.scn` exists but failed to load.
[18:07:09:023850]:[Warning]:[Sim] Simulator.cpp(595)::instanceStageForSceneAttributes : The active scene does not contain semantic annotations : activeSemanticSceneID_ = 0
2026-08-11 18:07:10,930 update: 880	fps: 469.412	
2026-08-11 18:07:10,930 Num updates: 880	Num frames 140800
2026-08-11 18:07:10,930 Average window size: 50  distance_to_goal: 1.175  distance_to_goal_reward: 0.000  reward: 2.641  spl: 0.518  success: 0.670
2026-08-11 18:07:10,931 	Perf Stats: trainer.rollout_collect: 0.303 trainer.sample_action: 0.003 trainer.obs_insert: 0.000 trainer.step_env: 0.005 trainer.update_stats: 0.001 trainer.update_agent: 0.035
2026-08-11 18:07:14,009 update: 890	fps: 469.924	
2026-08-11 18:07:14,009 Num updates: 890	Num frames 142400
2026-08-11 18:07:14,009 Average window size: 50  distance_to_goal: 1.080  distance_to_goal_reward: 0.000  reward: 2.635  spl: 0.498  success: 0.656
2026-08-11 18:07:14,009 	Perf Stats: trainer.rollout_collect: 0.303 trainer.sample_action: 0.003 trainer.obs_insert: 0.000 trainer.step_env: 0.005 trainer.update_stats: 0.001 trainer.update_agent: 0.035
2026-08-11 18:07:17,185 update: 900	fps: 470.274	
2026-08-11 18:07:17,194 Num updates: 900	Num frames 144000
2026-08-11 18:07:17,194 Average window size: 50  distance_to_goal: 0.884  distance_to_goal_reward: 0.000  reward: 2.829  spl: 0.488  success: 0.667
2026-08-11 18:07:17,194 	Perf Stats: trainer.rollout_collect: 0.302 trainer.sample_action: 0.003 trainer.obs_insert: 0.000 trainer.step_env: 0.005 trainer.update_stats: 0.001 trainer.update_agent: 0.035
2026-08-11 18:07:20,273 update: 910	fps: 470.753	
2026-08-11 18:07:20,273 Num updates: 910	Num frames 145600
2026-08-11 18:07:20,273 Average window size: 50  distance_to_goal: 0.660  distance_to_goal_reward: 0.000  reward: 3.212  spl: 0.520  success: 0.702
2026-08-11 18:07:20,273 	Perf Stats: trainer.rollout_collect: 0.302 trainer.sample_action: 0.003 trainer.obs_insert: 0.000 trainer.step_env: 0.005 trainer.update_stats: 0.001 trainer.update_agent: 0.035
2026-08-11 18:07:23,334 update: 920	fps: 471.262	
2026-08-11 18:07:23,334 Num updates: 920	Num frames 147200
2026-08-11 18:07:23,334 Average window size: 50  distance_to_goal: 0.633  distance_to_goal_reward: 0.000  reward: 3.263  spl: 0.523  success: 0.708
2026-08-11 18:07:23,334 	Perf Stats: trainer.rollout_collect: 0.302 trainer.sample_action: 0.003 trainer.obs_insert: 0.000 trainer.step_env: 0.005 trainer.update_stats: 0.001 trainer.update_agent: 0.035
PluginManager::Manager: duplicate static plugin StbImageImporter, ignoring
PluginManager::Manager: duplicate static plugin GltfImporter, ignoring
PluginManager::Manager: duplicate static plugin BasisImporter, ignoring
PluginManager::Manager: duplicate static plugin AssimpImporter, ignoring
PluginManager::Manager: duplicate static plugin AnySceneImporter, ignoring
PluginManager::Manager: duplicate static plugin AnyImageImporter, ignoring
Renderer: NVIDIA GeForce RTX 4070/PCIe/SSE2 by NVIDIA Corporation
OpenGL version: 4.6.0 NVIDIA 580.173.02
Using optional features:
    GL_ARB_vertex_array_object
    GL_ARB_separate_shader_objects
    GL_ARB_robustness
    GL_ARB_texture_storage
    GL_ARB_texture_view
    GL_ARB_framebuffer_no_attachments
    GL_ARB_invalidate_subdata
    GL_ARB_texture_storage_multisample
    GL_ARB_multi_bind
    GL_ARB_direct_state_access
    GL_ARB_get_texture_sub_image
    GL_ARB_texture_filter_anisotropic
    GL_KHR_debug
    GL_KHR_parallel_shader_compile
    GL_NV_depth_buffer_float
Using driver workarounds:
    no-forward-compatible-core-context
    nv-egl-incorrect-gl11-function-pointers
    no-layout-qualifiers-on-old-glsl
    nv-zero-context-profile-mask
    nv-implementation-color-read-format-dsa-broken
    nv-cubemap-inconsistent-compressed-image-size
    nv-cubemap-broken-full-compressed-image-query
    nv-compressed-block-size-in-bits
[18:07:23:408080]:[Warning]:[Scene] SemanticScene.h(331)::checkFileExists : ::loadSemanticSceneDescriptor: File `data/scene_datasets/habitat-test-scenes/skokloster-castle.scn` does not exist.  Aborting load.
[18:07:23:408104]:[Warning]:[Scene] SemanticScene.cpp(123)::loadSemanticSceneDescriptor : SSD File Naming Issue! Neither SemanticAttributes-provided name : `data/scene_datasets/habitat-test-scenes/skokloster-castle.scn` nor constructed filename : `data/scene_datasets/habitat-test-scenes/info_semantic.json` exist on disk.
[18:07:23:408110]:[Error]:[Scene] SemanticScene.cpp(139)::loadSemanticSceneDescriptor : SSD Load Failure! File with SemanticAttributes-provided name `data/scene_datasets/habitat-test-scenes/skokloster-castle.scn` exists but failed to load.
[18:07:24:021330]:[Warning]:[Sim] Simulator.cpp(595)::instanceStageForSceneAttributes : The active scene does not contain semantic annotations : activeSemanticSceneID_ = 0
2026-08-11 18:07:27,047 update: 930	fps: 470.787	
2026-08-11 18:07:27,047 Num updates: 930	Num frames 148800
2026-08-11 18:07:27,047 Average window size: 50  distance_to_goal: 0.586  distance_to_goal_reward: 0.000  reward: 3.332  spl: 0.546  success: 0.731
2026-08-11 18:07:27,047 	Perf Stats: trainer.rollout_collect: 0.302 trainer.sample_action: 0.003 trainer.obs_insert: 0.000 trainer.step_env: 0.005 trainer.update_stats: 0.001 trainer.update_agent: 0.035
PluginManager::Manager: duplicate static plugin StbImageImporter, ignoring
PluginManager::Manager: duplicate static plugin GltfImporter, ignoring
PluginManager::Manager: duplicate static plugin BasisImporter, ignoring
PluginManager::Manager: duplicate static plugin AssimpImporter, ignoring
PluginManager::Manager: duplicate static plugin AnySceneImporter, ignoring
PluginManager::Manager: duplicate static plugin AnyImageImporter, ignoring
Renderer: NVIDIA GeForce RTX 4070/PCIe/SSE2 by NVIDIA Corporation
OpenGL version: 4.6.0 NVIDIA 580.173.02
Using optional features:
    GL_ARB_vertex_array_object
    GL_ARB_separate_shader_objects
    GL_ARB_robustness
    GL_ARB_texture_storage
    GL_ARB_texture_view
    GL_ARB_framebuffer_no_attachments
    GL_ARB_invalidate_subdata
    GL_ARB_texture_storage_multisample
    GL_ARB_multi_bind
    GL_ARB_direct_state_access
    GL_ARB_get_texture_sub_image
    GL_ARB_texture_filter_anisotropic
    GL_KHR_debug
    GL_KHR_parallel_shader_compile
    GL_NV_depth_buffer_float
Using driver workarounds:
    no-forward-compatible-core-context
    nv-egl-incorrect-gl11-function-pointers
    no-layout-qualifiers-on-old-glsl
    nv-zero-context-profile-mask
    nv-implementation-color-read-format-dsa-broken
    nv-cubemap-inconsistent-compressed-image-size
    nv-cubemap-broken-full-compressed-image-query
    nv-compressed-block-size-in-bits
[18:07:28:714945]:[Warning]:[Scene] SemanticScene.h(331)::checkFileExists : ::loadSemanticSceneDescriptor: File `data/scene_datasets/habitat-test-scenes/van-gogh-room.scn` does not exist.  Aborting load.
[18:07:28:714961]:[Warning]:[Scene] SemanticScene.cpp(123)::loadSemanticSceneDescriptor : SSD File Naming Issue! Neither SemanticAttributes-provided name : `data/scene_datasets/habitat-test-scenes/van-gogh-room.scn` nor constructed filename : `data/scene_datasets/habitat-test-scenes/info_semantic.json` exist on disk.
[18:07:28:714966]:[Error]:[Scene] SemanticScene.cpp(139)::loadSemanticSceneDescriptor : SSD Load Failure! File with SemanticAttributes-provided name `data/scene_datasets/habitat-test-scenes/van-gogh-room.scn` exists but failed to load.
[18:07:29:173408]:[Warning]:[Sim] Simulator.cpp(595)::instanceStageForSceneAttributes : The active scene does not contain semantic annotations : activeSemanticSceneID_ = 0
2026-08-11 18:07:30,616 update: 940	fps: 470.537	
2026-08-11 18:07:30,616 Num updates: 940	Num frames 150400
2026-08-11 18:07:30,616 Average window size: 50  distance_to_goal: 0.529  distance_to_goal_reward: 0.000  reward: 3.678  spl: 0.562  success: 0.735
2026-08-11 18:07:30,616 	Perf Stats: trainer.rollout_collect: 0.302 trainer.sample_action: 0.003 trainer.obs_insert: 0.000 trainer.step_env: 0.005 trainer.update_stats: 0.001 trainer.update_agent: 0.035
2026-08-11 18:07:33,683 update: 950	fps: 471.022	
2026-08-11 18:07:33,683 Num updates: 950	Num frames 152000
2026-08-11 18:07:33,683 Average window size: 50  distance_to_goal: 0.511  distance_to_goal_reward: 0.000  reward: 3.722  spl: 0.603  success: 0.769
2026-08-11 18:07:33,683 	Perf Stats: trainer.rollout_collect: 0.302 trainer.sample_action: 0.003 trainer.obs_insert: 0.000 trainer.step_env: 0.005 trainer.update_stats: 0.001 trainer.update_agent: 0.035
2026-08-11 18:07:36,781 update: 960	fps: 471.454	
2026-08-11 18:07:36,781 Num updates: 960	Num frames 153600
2026-08-11 18:07:36,781 Average window size: 50  distance_to_goal: 0.484  distance_to_goal_reward: 0.000  reward: 3.896  spl: 0.624  success: 0.783
2026-08-11 18:07:36,781 	Perf Stats: trainer.rollout_collect: 0.302 trainer.sample_action: 0.003 trainer.obs_insert: 0.000 trainer.step_env: 0.005 trainer.update_stats: 0.001 trainer.update_agent: 0.035
2026-08-11 18:07:39,849 update: 970	fps: 471.922	
2026-08-11 18:07:39,849 Num updates: 970	Num frames 155200
2026-08-11 18:07:39,849 Average window size: 50  distance_to_goal: 0.481  distance_to_goal_reward: 0.000  reward: 3.771  spl: 0.594  success: 0.731
2026-08-11 18:07:39,849 	Perf Stats: trainer.rollout_collect: 0.301 trainer.sample_action: 0.003 trainer.obs_insert: 0.000 trainer.step_env: 0.005 trainer.update_stats: 0.001 trainer.update_agent: 0.035
2026-08-11 18:07:42,927 update: 980	fps: 472.366	
2026-08-11 18:07:42,927 Num updates: 980	Num frames 156800
2026-08-11 18:07:42,927 Average window size: 50  distance_to_goal: 0.582  distance_to_goal_reward: 0.000  reward: 3.478  spl: 0.567  success: 0.682
2026-08-11 18:07:42,927 	Perf Stats: trainer.rollout_collect: 0.301 trainer.sample_action: 0.003 trainer.obs_insert: 0.000 trainer.step_env: 0.005 trainer.update_stats: 0.001 trainer.update_agent: 0.035
2026-08-11 18:07:45,989 update: 990	fps: 472.824	
2026-08-11 18:07:45,990 Num updates: 990	Num frames 158400
2026-08-11 18:07:45,990 Average window size: 50  distance_to_goal: 0.554  distance_to_goal_reward: 0.000  reward: 3.218  spl: 0.554  success: 0.656
2026-08-11 18:07:45,990 	Perf Stats: trainer.rollout_collect: 0.301 trainer.sample_action: 0.003 trainer.obs_insert: 0.000 trainer.step_env: 0.005 trainer.update_stats: 0.001 trainer.update_agent: 0.035
PluginManager::Manager: duplicate static plugin StbImageImporter, ignoring
PluginManager::Manager: duplicate static plugin GltfImporter, ignoring
PluginManager::Manager: duplicate static plugin BasisImporter, ignoring
PluginManager::Manager: duplicate static plugin AssimpImporter, ignoring
PluginManager::Manager: duplicate static plugin AnySceneImporter, ignoring
PluginManager::Manager: duplicate static plugin AnyImageImporter, ignoring
Renderer: NVIDIA GeForce RTX 4070/PCIe/SSE2 by NVIDIA Corporation
OpenGL version: 4.6.0 NVIDIA 580.173.02
Using optional features:
    GL_ARB_vertex_array_object
    GL_ARB_separate_shader_objects
    GL_ARB_robustness
    GL_ARB_texture_storage
    GL_ARB_texture_view
    GL_ARB_framebuffer_no_attachments
    GL_ARB_invalidate_subdata
    GL_ARB_texture_storage_multisample
    GL_ARB_multi_bind
    GL_ARB_direct_state_access
    GL_ARB_get_texture_sub_image
    GL_ARB_texture_filter_anisotropic
    GL_KHR_debug
    GL_KHR_parallel_shader_compile
    GL_NV_depth_buffer_float
Using driver workarounds:
    no-forward-compatible-core-context
    nv-egl-incorrect-gl11-function-pointers
    no-layout-qualifiers-on-old-glsl
    nv-zero-context-profile-mask
    nv-implementation-color-read-format-dsa-broken
    nv-cubemap-inconsistent-compressed-image-size
    nv-cubemap-broken-full-compressed-image-query
    nv-compressed-block-size-in-bits
[18:07:47:046900]:[Warning]:[Scene] SemanticScene.h(331)::checkFileExists : ::loadSemanticSceneDescriptor: File `data/scene_datasets/habitat-test-scenes/skokloster-castle.scn` does not exist.  Aborting load.
[18:07:47:046916]:[Warning]:[Scene] SemanticScene.cpp(123)::loadSemanticSceneDescriptor : SSD File Naming Issue! Neither SemanticAttributes-provided name : `data/scene_datasets/habitat-test-scenes/skokloster-castle.scn` nor constructed filename : `data/scene_datasets/habitat-test-scenes/info_semantic.json` exist on disk.
[18:07:47:046921]:[Error]:[Scene] SemanticScene.cpp(139)::loadSemanticSceneDescriptor : SSD Load Failure! File with SemanticAttributes-provided name `data/scene_datasets/habitat-test-scenes/skokloster-castle.scn` exists but failed to load.
[18:07:47:655823]:[Warning]:[Sim] Simulator.cpp(595)::instanceStageForSceneAttributes : The active scene does not contain semantic annotations : activeSemanticSceneID_ = 0
2026-08-11 18:07:49,809 update: 1000	fps: 472.216	
2026-08-11 18:07:49,809 Num updates: 1000	Num frames 160000
2026-08-11 18:07:49,809 Average window size: 50  distance_to_goal: 0.549  distance_to_goal_reward: 0.000  reward: 3.286  spl: 0.545  success: 0.646
2026-08-11 18:07:49,809 	Perf Stats: trainer.rollout_collect: 0.301 trainer.sample_action: 0.003 trainer.obs_insert: 0.000 trainer.step_env: 0.005 trainer.update_stats: 0.001 trainer.update_agent: 0.035
2026-08-11 18:07:52,919 update: 1010	fps: 472.600	
2026-08-11 18:07:52,919 Num updates: 1010	Num frames 161600
2026-08-11 18:07:52,919 Average window size: 50  distance_to_goal: 0.701  distance_to_goal_reward: 0.000  reward: 3.036  spl: 0.500  success: 0.608
2026-08-11 18:07:52,919 	Perf Stats: trainer.rollout_collect: 0.301 trainer.sample_action: 0.003 trainer.obs_insert: 0.000 trainer.step_env: 0.005 trainer.update_stats: 0.001 trainer.update_agent: 0.035
2026-08-11 18:07:56,056 update: 1020	fps: 472.941	
2026-08-11 18:07:56,056 Num updates: 1020	Num frames 163200
2026-08-11 18:07:56,056 Average window size: 50  distance_to_goal: 0.634  distance_to_goal_reward: 0.000  reward: 3.511  spl: 0.533  success: 0.669
2026-08-11 18:07:56,056 	Perf Stats: trainer.rollout_collect: 0.301 trainer.sample_action: 0.003 trainer.obs_insert: 0.000 trainer.step_env: 0.005 trainer.update_stats: 0.001 trainer.update_agent: 0.035
2026-08-11 18:07:59,186 update: 1030	fps: 473.284	
2026-08-11 18:07:59,187 Num updates: 1030	Num frames 164800
2026-08-11 18:07:59,187 Average window size: 50  distance_to_goal: 0.558  distance_to_goal_reward: 0.000  reward: 3.703  spl: 0.539  success: 0.692
2026-08-11 18:07:59,187 	Perf Stats: trainer.rollout_collect: 0.300 trainer.sample_action: 0.003 trainer.obs_insert: 0.000 trainer.step_env: 0.005 trainer.update_stats: 0.001 trainer.update_agent: 0.035
2026-08-11 18:08:02,307 update: 1040	fps: 473.634	
2026-08-11 18:08:02,308 Num updates: 1040	Num frames 166400
2026-08-11 18:08:02,308 Average window size: 50  distance_to_goal: 0.622  distance_to_goal_reward: 0.000  reward: 3.668  spl: 0.529  success: 0.697
2026-08-11 18:08:02,308 	Perf Stats: trainer.rollout_collect: 0.300 trainer.sample_action: 0.003 trainer.obs_insert: 0.000 trainer.step_env: 0.005 trainer.update_stats: 0.001 trainer.update_agent: 0.035
2026-08-11 18:08:05,380 update: 1050	fps: 474.041	
2026-08-11 18:08:05,381 Num updates: 1050	Num frames 168000
2026-08-11 18:08:05,381 Average window size: 50  distance_to_goal: 0.676  distance_to_goal_reward: 0.000  reward: 3.646  spl: 0.526  success: 0.705
2026-08-11 18:08:05,381 	Perf Stats: trainer.rollout_collect: 0.300 trainer.sample_action: 0.003 trainer.obs_insert: 0.000 trainer.step_env: 0.005 trainer.update_stats: 0.001 trainer.update_agent: 0.035
2026-08-11 18:08:08,503 update: 1060	fps: 474.377	
2026-08-11 18:08:08,503 Num updates: 1060	Num frames 169600
2026-08-11 18:08:08,503 Average window size: 50  distance_to_goal: 0.617  distance_to_goal_reward: 0.000  reward: 3.518  spl: 0.543  success: 0.720
2026-08-11 18:08:08,503 	Perf Stats: trainer.rollout_collect: 0.300 trainer.sample_action: 0.003 trainer.obs_insert: 0.000 trainer.step_env: 0.005 trainer.update_stats: 0.001 trainer.update_agent: 0.035
2026-08-11 18:08:11,603 update: 1070	fps: 474.735	
2026-08-11 18:08:11,604 Num updates: 1070	Num frames 171200
2026-08-11 18:08:11,604 Average window size: 50  distance_to_goal: 0.815  distance_to_goal_reward: 0.000  reward: 3.202  spl: 0.542  success: 0.701
2026-08-11 18:08:11,604 	Perf Stats: trainer.rollout_collect: 0.299 trainer.sample_action: 0.003 trainer.obs_insert: 0.000 trainer.step_env: 0.005 trainer.update_stats: 0.001 trainer.update_agent: 0.035
2026-08-11 18:08:14,739 update: 1080	fps: 475.041	
2026-08-11 18:08:14,739 Num updates: 1080	Num frames 172800
2026-08-11 18:08:14,739 Average window size: 50  distance_to_goal: 0.808  distance_to_goal_reward: 0.000  reward: 3.573  spl: 0.537  success: 0.696
2026-08-11 18:08:14,739 	Perf Stats: trainer.rollout_collect: 0.299 trainer.sample_action: 0.003 trainer.obs_insert: 0.000 trainer.step_env: 0.005 trainer.update_stats: 0.001 trainer.update_agent: 0.035
2026-08-11 18:08:17,874 update: 1090	fps: 475.342	
2026-08-11 18:08:17,875 Num updates: 1090	Num frames 174400
2026-08-11 18:08:17,875 Average window size: 50  distance_to_goal: 0.701  distance_to_goal_reward: 0.000  reward: 3.759  spl: 0.587  success: 0.747
2026-08-11 18:08:17,875 	Perf Stats: trainer.rollout_collect: 0.299 trainer.sample_action: 0.003 trainer.obs_insert: 0.000 trainer.step_env: 0.005 trainer.update_stats: 0.001 trainer.update_agent: 0.035
2026-08-11 18:08:21,115 update: 1100	fps: 475.503	
2026-08-11 18:08:21,116 Num updates: 1100	Num frames 176000
2026-08-11 18:08:21,116 Average window size: 50  distance_to_goal: 0.736  distance_to_goal_reward: 0.000  reward: 3.684  spl: 0.615  success: 0.767
2026-08-11 18:08:21,116 	Perf Stats: trainer.rollout_collect: 0.299 trainer.sample_action: 0.003 trainer.obs_insert: 0.000 trainer.step_env: 0.005 trainer.update_stats: 0.001 trainer.update_agent: 0.035
2026-08-11 18:08:24,230 update: 1110	fps: 475.821	
2026-08-11 18:08:24,231 Num updates: 1110	Num frames 177600
2026-08-11 18:08:24,231 Average window size: 50  distance_to_goal: 0.842  distance_to_goal_reward: 0.000  reward: 3.746  spl: 0.643  success: 0.794
2026-08-11 18:08:24,231 	Perf Stats: trainer.rollout_collect: 0.298 trainer.sample_action: 0.003 trainer.obs_insert: 0.000 trainer.step_env: 0.005 trainer.update_stats: 0.001 trainer.update_agent: 0.035
2026-08-11 18:08:27,306 update: 1120	fps: 476.184	
2026-08-11 18:08:27,307 Num updates: 1120	Num frames 179200
2026-08-11 18:08:27,307 Average window size: 50  distance_to_goal: 0.698  distance_to_goal_reward: 0.000  reward: 3.905  spl: 0.670  success: 0.822
2026-08-11 18:08:27,307 	Perf Stats: trainer.rollout_collect: 0.298 trainer.sample_action: 0.003 trainer.obs_insert: 0.000 trainer.step_env: 0.005 trainer.update_stats: 0.001 trainer.update_agent: 0.035
2026-08-11 18:08:30,425 update: 1130	fps: 476.486	
2026-08-11 18:08:30,425 Num updates: 1130	Num frames 180800
2026-08-11 18:08:30,425 Average window size: 50  distance_to_goal: 0.636  distance_to_goal_reward: 0.000  reward: 3.747  spl: 0.698  success: 0.854
2026-08-11 18:08:30,425 	Perf Stats: trainer.rollout_collect: 0.298 trainer.sample_action: 0.003 trainer.obs_insert: 0.000 trainer.step_env: 0.005 trainer.update_stats: 0.001 trainer.update_agent: 0.035
2026-08-11 18:08:33,527 update: 1140	fps: 476.806	
2026-08-11 18:08:33,527 Num updates: 1140	Num frames 182400
2026-08-11 18:08:33,527 Average window size: 50  distance_to_goal: 0.734  distance_to_goal_reward: 0.000  reward: 3.673  spl: 0.656  success: 0.806
2026-08-11 18:08:33,527 	Perf Stats: trainer.rollout_collect: 0.298 trainer.sample_action: 0.003 trainer.obs_insert: 0.000 trainer.step_env: 0.005 trainer.update_stats: 0.001 trainer.update_agent: 0.035
PluginManager::Manager: duplicate static plugin StbImageImporter, ignoring
PluginManager::Manager: duplicate static plugin GltfImporter, ignoring
PluginManager::Manager: duplicate static plugin BasisImporter, ignoring
PluginManager::Manager: duplicate static plugin AssimpImporter, ignoring
PluginManager::Manager: duplicate static plugin AnySceneImporter, ignoring
PluginManager::Manager: duplicate static plugin AnyImageImporter, ignoring
Renderer: NVIDIA GeForce RTX 4070/PCIe/SSE2 by NVIDIA Corporation
OpenGL version: 4.6.0 NVIDIA 580.173.02
Using optional features:
    GL_ARB_vertex_array_object
    GL_ARB_separate_shader_objects
    GL_ARB_robustness
    GL_ARB_texture_storage
    GL_ARB_texture_view
    GL_ARB_framebuffer_no_attachments
    GL_ARB_invalidate_subdata
    GL_ARB_texture_storage_multisample
    GL_ARB_multi_bind
    GL_ARB_direct_state_access
    GL_ARB_get_texture_sub_image
    GL_ARB_texture_filter_anisotropic
    GL_KHR_debug
    GL_KHR_parallel_shader_compile
    GL_NV_depth_buffer_float
Using driver workarounds:
    no-forward-compatible-core-context
    nv-egl-incorrect-gl11-function-pointers
    no-layout-qualifiers-on-old-glsl
    nv-zero-context-profile-mask
    nv-implementation-color-read-format-dsa-broken
    nv-cubemap-inconsistent-compressed-image-size
    nv-cubemap-broken-full-compressed-image-query
    nv-compressed-block-size-in-bits
[18:08:36:125886]:[Warning]:[Scene] SemanticScene.h(331)::checkFileExists : ::loadSemanticSceneDescriptor: File `data/scene_datasets/habitat-test-scenes/van-gogh-room.scn` does not exist.  Aborting load.
[18:08:36:125902]:[Warning]:[Scene] SemanticScene.cpp(123)::loadSemanticSceneDescriptor : SSD File Naming Issue! Neither SemanticAttributes-provided name : `data/scene_datasets/habitat-test-scenes/van-gogh-room.scn` nor constructed filename : `data/scene_datasets/habitat-test-scenes/info_semantic.json` exist on disk.
[18:08:36:125907]:[Error]:[Scene] SemanticScene.cpp(139)::loadSemanticSceneDescriptor : SSD Load Failure! File with SemanticAttributes-provided name `data/scene_datasets/habitat-test-scenes/van-gogh-room.scn` exists but failed to load.
[18:08:36:558424]:[Warning]:[Sim] Simulator.cpp(595)::instanceStageForSceneAttributes : The active scene does not contain semantic annotations : activeSemanticSceneID_ = 0
2026-08-11 18:08:37,090 update: 1150	fps: 476.549	
2026-08-11 18:08:37,090 Num updates: 1150	Num frames 184000
2026-08-11 18:08:37,090 Average window size: 50  distance_to_goal: 0.690  distance_to_goal_reward: 0.000  reward: 3.546  spl: 0.623  success: 0.789
2026-08-11 18:08:37,090 	Perf Stats: trainer.rollout_collect: 0.298 trainer.sample_action: 0.003 trainer.obs_insert: 0.000 trainer.step_env: 0.005 trainer.update_stats: 0.001 trainer.update_agent: 0.035
2026-08-11 18:08:40,149 update: 1160	fps: 476.914	
2026-08-11 18:08:40,149 Num updates: 1160	Num frames 185600
2026-08-11 18:08:40,149 Average window size: 50  distance_to_goal: 0.552  distance_to_goal_reward: 0.000  reward: 3.424  spl: 0.569  success: 0.732
2026-08-11 18:08:40,150 	Perf Stats: trainer.rollout_collect: 0.298 trainer.sample_action: 0.003 trainer.obs_insert: 0.000 trainer.step_env: 0.005 trainer.update_stats: 0.001 trainer.update_agent: 0.035
2026-08-11 18:08:43,184 update: 1170	fps: 477.303	
2026-08-11 18:08:43,184 Num updates: 1170	Num frames 187200
2026-08-11 18:08:43,184 Average window size: 50  distance_to_goal: 0.699  distance_to_goal_reward: 0.000  reward: 3.422  spl: 0.539  success: 0.702
2026-08-11 18:08:43,184 	Perf Stats: trainer.rollout_collect: 0.297 trainer.sample_action: 0.003 trainer.obs_insert: 0.000 trainer.step_env: 0.005 trainer.update_stats: 0.001 trainer.update_agent: 0.035
PluginManager::Manager: duplicate static plugin StbImageImporter, ignoring
PluginManager::Manager: duplicate static plugin GltfImporter, ignoring
PluginManager::Manager: duplicate static plugin BasisImporter, ignoring
PluginManager::Manager: duplicate static plugin AssimpImporter, ignoring
PluginManager::Manager: duplicate static plugin AnySceneImporter, ignoring
PluginManager::Manager: duplicate static plugin AnyImageImporter, ignoring
Renderer: NVIDIA GeForce RTX 4070/PCIe/SSE2 by NVIDIA Corporation
OpenGL version: 4.6.0 NVIDIA 580.173.02
Using optional features:
    GL_ARB_vertex_array_object
    GL_ARB_separate_shader_objects
    GL_ARB_robustness
    GL_ARB_texture_storage
    GL_ARB_texture_view
    GL_ARB_framebuffer_no_attachments
    GL_ARB_invalidate_subdata
    GL_ARB_texture_storage_multisample
    GL_ARB_multi_bind
    GL_ARB_direct_state_access
    GL_ARB_get_texture_sub_image
    GL_ARB_texture_filter_anisotropic
    GL_KHR_debug
    GL_KHR_parallel_shader_compile
    GL_NV_depth_buffer_float
Using driver workarounds:
    no-forward-compatible-core-context
    nv-egl-incorrect-gl11-function-pointers
    no-layout-qualifiers-on-old-glsl
    nv-zero-context-profile-mask
    nv-implementation-color-read-format-dsa-broken
    nv-cubemap-inconsistent-compressed-image-size
    nv-cubemap-broken-full-compressed-image-query
    nv-compressed-block-size-in-bits
[18:08:43:678149]:[Warning]:[Scene] SemanticScene.h(331)::checkFileExists : ::loadSemanticSceneDescriptor: File `data/scene_datasets/habitat-test-scenes/skokloster-castle.scn` does not exist.  Aborting load.
[18:08:43:678166]:[Warning]:[Scene] SemanticScene.cpp(123)::loadSemanticSceneDescriptor : SSD File Naming Issue! Neither SemanticAttributes-provided name : `data/scene_datasets/habitat-test-scenes/skokloster-castle.scn` nor constructed filename : `data/scene_datasets/habitat-test-scenes/info_semantic.json` exist on disk.
[18:08:43:678171]:[Error]:[Scene] SemanticScene.cpp(139)::loadSemanticSceneDescriptor : SSD Load Failure! File with SemanticAttributes-provided name `data/scene_datasets/habitat-test-scenes/skokloster-castle.scn` exists but failed to load.
[18:08:44:293725]:[Warning]:[Sim] Simulator.cpp(595)::instanceStageForSceneAttributes : The active scene does not contain semantic annotations : activeSemanticSceneID_ = 0
2026-08-11 18:08:46,913 update: 1180	fps: 476.850	
2026-08-11 18:08:46,913 Num updates: 1180	Num frames 188800
2026-08-11 18:08:46,913 Average window size: 50  distance_to_goal: 0.695  distance_to_goal_reward: -0.001  reward: 3.314  spl: 0.530  success: 0.699
2026-08-11 18:08:46,913 	Perf Stats: trainer.rollout_collect: 0.298 trainer.sample_action: 0.003 trainer.obs_insert: 0.000 trainer.step_env: 0.005 trainer.update_stats: 0.001 trainer.update_agent: 0.035
2026-08-11 18:08:50,055 update: 1190	fps: 477.105	
2026-08-11 18:08:50,055 Num updates: 1190	Num frames 190400
2026-08-11 18:08:50,055 Average window size: 50  distance_to_goal: 0.614  distance_to_goal_reward: -0.001  reward: 3.782  spl: 0.567  success: 0.732
2026-08-11 18:08:50,055 	Perf Stats: trainer.rollout_collect: 0.298 trainer.sample_action: 0.003 trainer.obs_insert: 0.000 trainer.step_env: 0.005 trainer.update_stats: 0.001 trainer.update_agent: 0.035
PluginManager::Manager: duplicate static plugin StbImageImporter, ignoring
PluginManager::Manager: duplicate static plugin GltfImporter, ignoring
PluginManager::Manager: duplicate static plugin BasisImporter, ignoring
PluginManager::Manager: duplicate static plugin AssimpImporter, ignoring
PluginManager::Manager: duplicate static plugin AnySceneImporter, ignoring
PluginManager::Manager: duplicate static plugin AnyImageImporter, ignoring
Renderer: NVIDIA GeForce RTX 4070/PCIe/SSE2 by NVIDIA Corporation
OpenGL version: 4.6.0 NVIDIA 580.173.02
Using optional features:
    GL_ARB_vertex_array_object
    GL_ARB_separate_shader_objects
    GL_ARB_robustness
    GL_ARB_texture_storage
    GL_ARB_texture_view
    GL_ARB_framebuffer_no_attachments
    GL_ARB_invalidate_subdata
    GL_ARB_texture_storage_multisample
    GL_ARB_multi_bind
    GL_ARB_direct_state_access
    GL_ARB_get_texture_sub_image
    GL_ARB_texture_filter_anisotropic
    GL_KHR_debug
    GL_KHR_parallel_shader_compile
    GL_NV_depth_buffer_float
Using driver workarounds:
    no-forward-compatible-core-context
    nv-egl-incorrect-gl11-function-pointers
    no-layout-qualifiers-on-old-glsl
    nv-zero-context-profile-mask
    nv-implementation-color-read-format-dsa-broken
    nv-cubemap-inconsistent-compressed-image-size
    nv-cubemap-broken-full-compressed-image-query
    nv-compressed-block-size-in-bits
[18:08:52:131907]:[Warning]:[Scene] SemanticScene.h(331)::checkFileExists : ::loadSemanticSceneDescriptor: File `data/scene_datasets/habitat-test-scenes/skokloster-castle.scn` does not exist.  Aborting load.
[18:08:52:131924]:[Warning]:[Scene] SemanticScene.cpp(123)::loadSemanticSceneDescriptor : SSD File Naming Issue! Neither SemanticAttributes-provided name : `data/scene_datasets/habitat-test-scenes/skokloster-castle.scn` nor constructed filename : `data/scene_datasets/habitat-test-scenes/info_semantic.json` exist on disk.
[18:08:52:131929]:[Error]:[Scene] SemanticScene.cpp(139)::loadSemanticSceneDescriptor : SSD Load Failure! File with SemanticAttributes-provided name `data/scene_datasets/habitat-test-scenes/skokloster-castle.scn` exists but failed to load.
[18:08:52:737373]:[Warning]:[Sim] Simulator.cpp(595)::instanceStageForSceneAttributes : The active scene does not contain semantic annotations : activeSemanticSceneID_ = 0
2026-08-11 18:08:53,923 update: 1200	fps: 476.496	
2026-08-11 18:08:53,923 Num updates: 1200	Num frames 192000
2026-08-11 18:08:53,923 Average window size: 50  distance_to_goal: 0.543  distance_to_goal_reward: -0.001  reward: 4.136  spl: 0.615  success: 0.758
2026-08-11 18:08:53,923 	Perf Stats: trainer.rollout_collect: 0.298 trainer.sample_action: 0.003 trainer.obs_insert: 0.000 trainer.step_env: 0.005 trainer.update_stats: 0.001 trainer.update_agent: 0.035
2026-08-11 18:08:57,088 update: 1210	fps: 476.722	
2026-08-11 18:08:57,088 Num updates: 1210	Num frames 193600
2026-08-11 18:08:57,088 Average window size: 50  distance_to_goal: 0.621  distance_to_goal_reward: -0.001  reward: 4.169  spl: 0.644  success: 0.785
2026-08-11 18:08:57,088 	Perf Stats: trainer.rollout_collect: 0.298 trainer.sample_action: 0.003 trainer.obs_insert: 0.000 trainer.step_env: 0.005 trainer.update_stats: 0.001 trainer.update_agent: 0.035
PluginManager::Manager: duplicate static plugin StbImageImporter, ignoring
PluginManager::Manager: duplicate static plugin GltfImporter, ignoring
PluginManager::Manager: duplicate static plugin BasisImporter, ignoring
PluginManager::Manager: duplicate static plugin AssimpImporter, ignoring
PluginManager::Manager: duplicate static plugin AnySceneImporter, ignoring
PluginManager::Manager: duplicate static plugin AnyImageImporter, ignoring
Renderer: NVIDIA GeForce RTX 4070/PCIe/SSE2 by NVIDIA Corporation
OpenGL version: 4.6.0 NVIDIA 580.173.02
Using optional features:
    GL_ARB_vertex_array_object
    GL_ARB_separate_shader_objects
    GL_ARB_robustness
    GL_ARB_texture_storage
    GL_ARB_texture_view
    GL_ARB_framebuffer_no_attachments
    GL_ARB_invalidate_subdata
    GL_ARB_texture_storage_multisample
    GL_ARB_multi_bind
    GL_ARB_direct_state_access
    GL_ARB_get_texture_sub_image
    GL_ARB_texture_filter_anisotropic
    GL_KHR_debug
    GL_KHR_parallel_shader_compile
    GL_NV_depth_buffer_float
Using driver workarounds:
    no-forward-compatible-core-context
    nv-egl-incorrect-gl11-function-pointers
    no-layout-qualifiers-on-old-glsl
    nv-zero-context-profile-mask
    nv-implementation-color-read-format-dsa-broken
    nv-cubemap-inconsistent-compressed-image-size
    nv-cubemap-broken-full-compressed-image-query
    nv-compressed-block-size-in-bits
[18:08:57:162899]:[Warning]:[Scene] SemanticScene.h(331)::checkFileExists : ::loadSemanticSceneDescriptor: File `data/scene_datasets/habitat-test-scenes/van-gogh-room.scn` does not exist.  Aborting load.
[18:08:57:162915]:[Warning]:[Scene] SemanticScene.cpp(123)::loadSemanticSceneDescriptor : SSD File Naming Issue! Neither SemanticAttributes-provided name : `data/scene_datasets/habitat-test-scenes/van-gogh-room.scn` nor constructed filename : `data/scene_datasets/habitat-test-scenes/info_semantic.json` exist on disk.
[18:08:57:162920]:[Error]:[Scene] SemanticScene.cpp(139)::loadSemanticSceneDescriptor : SSD Load Failure! File with SemanticAttributes-provided name `data/scene_datasets/habitat-test-scenes/van-gogh-room.scn` exists but failed to load.
[18:08:57:612552]:[Warning]:[Sim] Simulator.cpp(595)::instanceStageForSceneAttributes : The active scene does not contain semantic annotations : activeSemanticSceneID_ = 0
2026-08-11 18:09:00,713 update: 1220	fps: 476.408	
2026-08-11 18:09:00,714 Num updates: 1220	Num frames 195200
2026-08-11 18:09:00,714 Average window size: 50  distance_to_goal: 0.580  distance_to_goal_reward: -0.001  reward: 4.083  spl: 0.647  success: 0.781
2026-08-11 18:09:00,714 	Perf Stats: trainer.rollout_collect: 0.298 trainer.sample_action: 0.003 trainer.obs_insert: 0.000 trainer.step_env: 0.005 trainer.update_stats: 0.001 trainer.update_agent: 0.035
2026-08-11 18:09:03,883 update: 1230	fps: 476.626	
2026-08-11 18:09:03,884 Num updates: 1230	Num frames 196800
2026-08-11 18:09:03,884 Average window size: 50  distance_to_goal: 0.588  distance_to_goal_reward: 0.000  reward: 4.082  spl: 0.670  success: 0.796
2026-08-11 18:09:03,884 	Perf Stats: trainer.rollout_collect: 0.298 trainer.sample_action: 0.003 trainer.obs_insert: 0.000 trainer.step_env: 0.005 trainer.update_stats: 0.001 trainer.update_agent: 0.035
2026-08-11 18:09:07,052 update: 1240	fps: 476.841	
2026-08-11 18:09:07,052 Num updates: 1240	Num frames 198400
2026-08-11 18:09:07,052 Average window size: 50  distance_to_goal: 0.648  distance_to_goal_reward: 0.000  reward: 3.802  spl: 0.625  success: 0.739
2026-08-11 18:09:07,052 	Perf Stats: trainer.rollout_collect: 0.298 trainer.sample_action: 0.003 trainer.obs_insert: 0.000 trainer.step_env: 0.005 trainer.update_stats: 0.001 trainer.update_agent: 0.035
2026-08-11 18:09:10,207 update: 1250	fps: 477.069	
2026-08-11 18:09:10,207 Num updates: 1250	Num frames 200000
2026-08-11 18:09:10,207 Average window size: 50  distance_to_goal: 0.766  distance_to_goal_reward: 0.000  reward: 3.515  spl: 0.618  success: 0.736
2026-08-11 18:09:10,207 	Perf Stats: trainer.rollout_collect: 0.298 trainer.sample_action: 0.003 trainer.obs_insert: 0.000 trainer.step_env: 0.005 trainer.update_stats: 0.001 trainer.update_agent: 0.035
2026-08-11 18:09:13,416 update: 1260	fps: 477.233	
2026-08-11 18:09:13,425 Num updates: 1260	Num frames 201600
2026-08-11 18:09:13,425 Average window size: 50  distance_to_goal: 0.638  distance_to_goal_reward: 0.000  reward: 3.661  spl: 0.621  success: 0.739
2026-08-11 18:09:13,425 	Perf Stats: trainer.rollout_collect: 0.298 trainer.sample_action: 0.003 trainer.obs_insert: 0.000 trainer.step_env: 0.005 trainer.update_stats: 0.001 trainer.update_agent: 0.035
2026-08-11 18:09:16,581 update: 1270	fps: 477.444	
2026-08-11 18:09:16,581 Num updates: 1270	Num frames 203200
2026-08-11 18:09:16,581 Average window size: 50  distance_to_goal: 0.778  distance_to_goal_reward: 0.000  reward: 3.289  spl: 0.595  success: 0.709
2026-08-11 18:09:16,581 	Perf Stats: trainer.rollout_collect: 0.297 trainer.sample_action: 0.003 trainer.obs_insert: 0.000 trainer.step_env: 0.005 trainer.update_stats: 0.001 trainer.update_agent: 0.035
2026-08-11 18:09:19,760 update: 1280	fps: 477.636	
2026-08-11 18:09:19,760 Num updates: 1280	Num frames 204800
2026-08-11 18:09:19,760 Average window size: 50  distance_to_goal: 0.688  distance_to_goal_reward: 0.000  reward: 3.514  spl: 0.601  success: 0.713
2026-08-11 18:09:19,760 	Perf Stats: trainer.rollout_collect: 0.297 trainer.sample_action: 0.003 trainer.obs_insert: 0.000 trainer.step_env: 0.005 trainer.update_stats: 0.001 trainer.update_agent: 0.035
2026-08-11 18:09:22,918 update: 1290	fps: 477.848	
2026-08-11 18:09:22,918 Num updates: 1290	Num frames 206400
2026-08-11 18:09:22,918 Average window size: 50  distance_to_goal: 0.752  distance_to_goal_reward: 0.000  reward: 3.240  spl: 0.594  success: 0.713
2026-08-11 18:09:22,918 	Perf Stats: trainer.rollout_collect: 0.297 trainer.sample_action: 0.003 trainer.obs_insert: 0.000 trainer.step_env: 0.005 trainer.update_stats: 0.001 trainer.update_agent: 0.035
2026-08-11 18:09:26,182 update: 1300	fps: 477.940	
2026-08-11 18:09:26,183 Num updates: 1300	Num frames 208000
2026-08-11 18:09:26,183 Average window size: 50  distance_to_goal: 0.718  distance_to_goal_reward: 0.000  reward: 3.234  spl: 0.562  success: 0.670
2026-08-11 18:09:26,183 	Perf Stats: trainer.rollout_collect: 0.297 trainer.sample_action: 0.003 trainer.obs_insert: 0.000 trainer.step_env: 0.005 trainer.update_stats: 0.001 trainer.update_agent: 0.035
2026-08-11 18:09:29,334 update: 1310	fps: 478.153	
2026-08-11 18:09:29,334 Num updates: 1310	Num frames 209600
2026-08-11 18:09:29,334 Average window size: 50  distance_to_goal: 0.774  distance_to_goal_reward: 0.000  reward: 3.291  spl: 0.576  success: 0.700
2026-08-11 18:09:29,334 	Perf Stats: trainer.rollout_collect: 0.297 trainer.sample_action: 0.003 trainer.obs_insert: 0.000 trainer.step_env: 0.005 trainer.update_stats: 0.001 trainer.update_agent: 0.035
2026-08-11 18:09:32,512 update: 1320	fps: 478.336	
2026-08-11 18:09:32,512 Num updates: 1320	Num frames 211200
2026-08-11 18:09:32,512 Average window size: 50  distance_to_goal: 0.845  distance_to_goal_reward: 0.000  reward: 3.313  spl: 0.585  success: 0.710
2026-08-11 18:09:32,512 	Perf Stats: trainer.rollout_collect: 0.297 trainer.sample_action: 0.003 trainer.obs_insert: 0.000 trainer.step_env: 0.005 trainer.update_stats: 0.001 trainer.update_agent: 0.035
PluginManager::Manager: duplicate static plugin StbImageImporter, ignoring
PluginManager::Manager: duplicate static plugin GltfImporter, ignoring
PluginManager::Manager: duplicate static plugin BasisImporter, ignoring
PluginManager::Manager: duplicate static plugin AssimpImporter, ignoring
PluginManager::Manager: duplicate static plugin AnySceneImporter, ignoring
PluginManager::Manager: duplicate static plugin AnyImageImporter, ignoring
Renderer: NVIDIA GeForce RTX 4070/PCIe/SSE2 by NVIDIA Corporation
OpenGL version: 4.6.0 NVIDIA 580.173.02
Using optional features:
    GL_ARB_vertex_array_object
    GL_ARB_separate_shader_objects
    GL_ARB_robustness
    GL_ARB_texture_storage
    GL_ARB_texture_view
    GL_ARB_framebuffer_no_attachments
    GL_ARB_invalidate_subdata
    GL_ARB_texture_storage_multisample
    GL_ARB_multi_bind
    GL_ARB_direct_state_access
    GL_ARB_get_texture_sub_image
    GL_ARB_texture_filter_anisotropic
    GL_KHR_debug
    GL_KHR_parallel_shader_compile
    GL_NV_depth_buffer_float
Using driver workarounds:
    no-forward-compatible-core-context
    nv-egl-incorrect-gl11-function-pointers
    no-layout-qualifiers-on-old-glsl
    nv-zero-context-profile-mask
    nv-implementation-color-read-format-dsa-broken
    nv-cubemap-inconsistent-compressed-image-size
    nv-cubemap-broken-full-compressed-image-query
    nv-compressed-block-size-in-bits
[18:09:35:188460]:[Warning]:[Scene] SemanticScene.h(331)::checkFileExists : ::loadSemanticSceneDescriptor: File `data/scene_datasets/habitat-test-scenes/van-gogh-room.scn` does not exist.  Aborting load.
[18:09:35:188476]:[Warning]:[Scene] SemanticScene.cpp(123)::loadSemanticSceneDescriptor : SSD File Naming Issue! Neither SemanticAttributes-provided name : `data/scene_datasets/habitat-test-scenes/van-gogh-room.scn` nor constructed filename : `data/scene_datasets/habitat-test-scenes/info_semantic.json` exist on disk.
[18:09:35:188481]:[Error]:[Scene] SemanticScene.cpp(139)::loadSemanticSceneDescriptor : SSD Load Failure! File with SemanticAttributes-provided name `data/scene_datasets/habitat-test-scenes/van-gogh-room.scn` exists but failed to load.
[18:09:35:636914]:[Warning]:[Sim] Simulator.cpp(595)::instanceStageForSceneAttributes : The active scene does not contain semantic annotations : activeSemanticSceneID_ = 0
2026-08-11 18:09:36,138 update: 1330	fps: 478.034	
2026-08-11 18:09:36,138 Num updates: 1330	Num frames 212800
2026-08-11 18:09:36,138 Average window size: 50  distance_to_goal: 1.002  distance_to_goal_reward: 0.001  reward: 2.914  spl: 0.548  success: 0.670
2026-08-11 18:09:36,138 	Perf Stats: trainer.rollout_collect: 0.297 trainer.sample_action: 0.003 trainer.obs_insert: 0.000 trainer.step_env: 0.005 trainer.update_stats: 0.001 trainer.update_agent: 0.035
2026-08-11 18:09:39,244 update: 1340	fps: 478.290	
2026-08-11 18:09:39,244 Num updates: 1340	Num frames 214400
2026-08-11 18:09:39,245 Average window size: 50  distance_to_goal: 1.006  distance_to_goal_reward: 0.001  reward: 3.028  spl: 0.579  success: 0.697
2026-08-11 18:09:39,245 	Perf Stats: trainer.rollout_collect: 0.297 trainer.sample_action: 0.003 trainer.obs_insert: 0.000 trainer.step_env: 0.005 trainer.update_stats: 0.001 trainer.update_agent: 0.035
2026-08-11 18:09:42,361 update: 1350	fps: 478.533	
2026-08-11 18:09:42,361 Num updates: 1350	Num frames 216000
2026-08-11 18:09:42,361 Average window size: 50  distance_to_goal: 1.006  distance_to_goal_reward: 0.001  reward: 2.781  spl: 0.613  success: 0.741
2026-08-11 18:09:42,361 	Perf Stats: trainer.rollout_collect: 0.297 trainer.sample_action: 0.003 trainer.obs_insert: 0.000 trainer.step_env: 0.005 trainer.update_stats: 0.001 trainer.update_agent: 0.035
2026-08-11 18:09:45,496 update: 1360	fps: 478.751	
2026-08-11 18:09:45,497 Num updates: 1360	Num frames 217600
2026-08-11 18:09:45,497 Average window size: 50  distance_to_goal: 0.810  distance_to_goal_reward: 0.000  reward: 2.896  spl: 0.600  success: 0.713
2026-08-11 18:09:45,497 	Perf Stats: trainer.rollout_collect: 0.296 trainer.sample_action: 0.003 trainer.obs_insert: 0.000 trainer.step_env: 0.005 trainer.update_stats: 0.001 trainer.update_agent: 0.035
2026-08-11 18:09:48,627 update: 1370	fps: 478.973	
2026-08-11 18:09:48,627 Num updates: 1370	Num frames 219200
2026-08-11 18:09:48,627 Average window size: 50  distance_to_goal: 0.551  distance_to_goal_reward: 0.000  reward: 3.343  spl: 0.615  success: 0.731
2026-08-11 18:09:48,627 	Perf Stats: trainer.rollout_collect: 0.296 trainer.sample_action: 0.003 trainer.obs_insert: 0.000 trainer.step_env: 0.005 trainer.update_stats: 0.001 trainer.update_agent: 0.035
2026-08-11 18:09:51,750 update: 1380	fps: 479.199	
2026-08-11 18:09:51,750 Num updates: 1380	Num frames 220800
2026-08-11 18:09:51,750 Average window size: 50  distance_to_goal: 0.353  distance_to_goal_reward: 0.000  reward: 3.551  spl: 0.647  success: 0.774
2026-08-11 18:09:51,750 	Perf Stats: trainer.rollout_collect: 0.296 trainer.sample_action: 0.003 trainer.obs_insert: 0.000 trainer.step_env: 0.005 trainer.update_stats: 0.001 trainer.update_agent: 0.035
2026-08-11 18:09:54,884 update: 1390	fps: 479.410	
2026-08-11 18:09:54,885 Num updates: 1390	Num frames 222400
2026-08-11 18:09:54,885 Average window size: 50  distance_to_goal: 0.412  distance_to_goal_reward: 0.000  reward: 3.643  spl: 0.661  success: 0.800
2026-08-11 18:09:54,885 	Perf Stats: trainer.rollout_collect: 0.296 trainer.sample_action: 0.003 trainer.obs_insert: 0.000 trainer.step_env: 0.005 trainer.update_stats: 0.001 trainer.update_agent: 0.035
2026-08-11 18:09:58,122 update: 1400	fps: 479.513	
2026-08-11 18:09:58,122 Num updates: 1400	Num frames 224000
2026-08-11 18:09:58,122 Average window size: 50  distance_to_goal: 0.347  distance_to_goal_reward: -0.000  reward: 4.050  spl: 0.684  success: 0.832
2026-08-11 18:09:58,122 	Perf Stats: trainer.rollout_collect: 0.296 trainer.sample_action: 0.003 trainer.obs_insert: 0.000 trainer.step_env: 0.005 trainer.update_stats: 0.001 trainer.update_agent: 0.035
2026-08-11 18:10:01,243 update: 1410	fps: 479.733	
2026-08-11 18:10:01,243 Num updates: 1410	Num frames 225600
2026-08-11 18:10:01,243 Average window size: 50  distance_to_goal: 0.339  distance_to_goal_reward: -0.000  reward: 4.063  spl: 0.702  success: 0.863
2026-08-11 18:10:01,243 	Perf Stats: trainer.rollout_collect: 0.296 trainer.sample_action: 0.003 trainer.obs_insert: 0.000 trainer.step_env: 0.005 trainer.update_stats: 0.001 trainer.update_agent: 0.035
2026-08-11 18:10:04,400 update: 1420	fps: 479.913	
2026-08-11 18:10:04,400 Num updates: 1420	Num frames 227200
2026-08-11 18:10:04,401 Average window size: 50  distance_to_goal: 0.383  distance_to_goal_reward: -0.000  reward: 3.976  spl: 0.722  success: 0.883
2026-08-11 18:10:04,401 	Perf Stats: trainer.rollout_collect: 0.296 trainer.sample_action: 0.003 trainer.obs_insert: 0.000 trainer.step_env: 0.005 trainer.update_stats: 0.001 trainer.update_agent: 0.035
2026-08-11 18:10:07,531 update: 1430	fps: 480.118	
2026-08-11 18:10:07,531 Num updates: 1430	Num frames 228800
2026-08-11 18:10:07,531 Average window size: 50  distance_to_goal: 0.381  distance_to_goal_reward: -0.000  reward: 3.976  spl: 0.711  success: 0.856
2026-08-11 18:10:07,531 	Perf Stats: trainer.rollout_collect: 0.295 trainer.sample_action: 0.003 trainer.obs_insert: 0.000 trainer.step_env: 0.005 trainer.update_stats: 0.001 trainer.update_agent: 0.035
2026-08-11 18:10:10,655 update: 1440	fps: 480.326	
2026-08-11 18:10:10,656 Num updates: 1440	Num frames 230400
2026-08-11 18:10:10,656 Average window size: 50  distance_to_goal: 0.333  distance_to_goal_reward: 0.000  reward: 3.843  spl: 0.700  success: 0.831
2026-08-11 18:10:10,656 	Perf Stats: trainer.rollout_collect: 0.295 trainer.sample_action: 0.003 trainer.obs_insert: 0.000 trainer.step_env: 0.005 trainer.update_stats: 0.001 trainer.update_agent: 0.035
2026-08-11 18:10:13,776 update: 1450	fps: 480.535	
2026-08-11 18:10:13,776 Num updates: 1450	Num frames 232000
2026-08-11 18:10:13,776 Average window size: 50  distance_to_goal: 0.464  distance_to_goal_reward: 0.000  reward: 3.294  spl: 0.660  success: 0.770
2026-08-11 18:10:13,776 	Perf Stats: trainer.rollout_collect: 0.295 trainer.sample_action: 0.003 trainer.obs_insert: 0.000 trainer.step_env: 0.005 trainer.update_stats: 0.001 trainer.update_agent: 0.035
2026-08-11 18:10:16,924 update: 1460	fps: 480.715	
2026-08-11 18:10:16,924 Num updates: 1460	Num frames 233600
2026-08-11 18:10:16,924 Average window size: 50  distance_to_goal: 0.506  distance_to_goal_reward: 0.002  reward: 3.418  spl: 0.651  success: 0.754
2026-08-11 18:10:16,924 	Perf Stats: trainer.rollout_collect: 0.295 trainer.sample_action: 0.003 trainer.obs_insert: 0.000 trainer.step_env: 0.005 trainer.update_stats: 0.001 trainer.update_agent: 0.035
PluginManager::Manager: duplicate static plugin StbImageImporter, ignoring
PluginManager::Manager: duplicate static plugin GltfImporter, ignoring
PluginManager::Manager: duplicate static plugin BasisImporter, ignoring
PluginManager::Manager: duplicate static plugin AssimpImporter, ignoring
PluginManager::Manager: duplicate static plugin AnySceneImporter, ignoring
PluginManager::Manager: duplicate static plugin AnyImageImporter, ignoring
Renderer: NVIDIA GeForce RTX 4070/PCIe/SSE2 by NVIDIA Corporation
OpenGL version: 4.6.0 NVIDIA 580.173.02
Using optional features:
    GL_ARB_vertex_array_object
    GL_ARB_separate_shader_objects
    GL_ARB_robustness
    GL_ARB_texture_storage
    GL_ARB_texture_view
    GL_ARB_framebuffer_no_attachments
    GL_ARB_invalidate_subdata
    GL_ARB_texture_storage_multisample
    GL_ARB_multi_bind
    GL_ARB_direct_state_access
    GL_ARB_get_texture_sub_image
    GL_ARB_texture_filter_anisotropic
    GL_KHR_debug
    GL_KHR_parallel_shader_compile
    GL_NV_depth_buffer_float
Using driver workarounds:
    no-forward-compatible-core-context
    nv-egl-incorrect-gl11-function-pointers
    no-layout-qualifiers-on-old-glsl
    nv-zero-context-profile-mask
    nv-implementation-color-read-format-dsa-broken
    nv-cubemap-inconsistent-compressed-image-size
    nv-cubemap-broken-full-compressed-image-query
    nv-compressed-block-size-in-bits
[18:10:17:366418]:[Warning]:[Scene] SemanticScene.h(331)::checkFileExists : ::loadSemanticSceneDescriptor: File `data/scene_datasets/habitat-test-scenes/skokloster-castle.scn` does not exist.  Aborting load.
[18:10:17:366433]:[Warning]:[Scene] SemanticScene.cpp(123)::loadSemanticSceneDescriptor : SSD File Naming Issue! Neither SemanticAttributes-provided name : `data/scene_datasets/habitat-test-scenes/skokloster-castle.scn` nor constructed filename : `data/scene_datasets/habitat-test-scenes/info_semantic.json` exist on disk.
[18:10:17:366438]:[Error]:[Scene] SemanticScene.cpp(139)::loadSemanticSceneDescriptor : SSD Load Failure! File with SemanticAttributes-provided name `data/scene_datasets/habitat-test-scenes/skokloster-castle.scn` exists but failed to load.
[18:10:17:989230]:[Warning]:[Sim] Simulator.cpp(595)::instanceStageForSceneAttributes : The active scene does not contain semantic annotations : activeSemanticSceneID_ = 0
2026-08-11 18:10:20,746 update: 1470	fps: 480.230	
2026-08-11 18:10:20,746 Num updates: 1470	Num frames 235200
2026-08-11 18:10:20,746 Average window size: 50  distance_to_goal: 0.478  distance_to_goal_reward: 0.002  reward: 3.388  spl: 0.592  success: 0.696
2026-08-11 18:10:20,746 	Perf Stats: trainer.rollout_collect: 0.295 trainer.sample_action: 0.003 trainer.obs_insert: 0.000 trainer.step_env: 0.005 trainer.update_stats: 0.001 trainer.update_agent: 0.035
2026-08-11 18:10:23,908 update: 1480	fps: 480.395	
2026-08-11 18:10:23,908 Num updates: 1480	Num frames 236800
2026-08-11 18:10:23,909 Average window size: 50  distance_to_goal: 0.447  distance_to_goal_reward: 0.004  reward: 3.460  spl: 0.594  success: 0.708
2026-08-11 18:10:23,909 	Perf Stats: trainer.rollout_collect: 0.295 trainer.sample_action: 0.003 trainer.obs_insert: 0.000 trainer.step_env: 0.005 trainer.update_stats: 0.001 trainer.update_agent: 0.035
PluginManager::Manager: duplicate static plugin StbImageImporter, ignoring
PluginManager::Manager: duplicate static plugin GltfImporter, ignoring
PluginManager::Manager: duplicate static plugin BasisImporter, ignoring
PluginManager::Manager: duplicate static plugin AssimpImporter, ignoring
PluginManager::Manager: duplicate static plugin AnySceneImporter, ignoring
PluginManager::Manager: duplicate static plugin AnyImageImporter, ignoring
Renderer: NVIDIA GeForce RTX 4070/PCIe/SSE2 by NVIDIA Corporation
OpenGL version: 4.6.0 NVIDIA 580.173.02
Using optional features:
    GL_ARB_vertex_array_object
    GL_ARB_separate_shader_objects
    GL_ARB_robustness
    GL_ARB_texture_storage
    GL_ARB_texture_view
    GL_ARB_framebuffer_no_attachments
    GL_ARB_invalidate_subdata
    GL_ARB_texture_storage_multisample
    GL_ARB_multi_bind
    GL_ARB_direct_state_access
    GL_ARB_get_texture_sub_image
    GL_ARB_texture_filter_anisotropic
    GL_KHR_debug
    GL_KHR_parallel_shader_compile
    GL_NV_depth_buffer_float
Using driver workarounds:
    no-forward-compatible-core-context
    nv-egl-incorrect-gl11-function-pointers
    no-layout-qualifiers-on-old-glsl
    nv-zero-context-profile-mask
    nv-implementation-color-read-format-dsa-broken
    nv-cubemap-inconsistent-compressed-image-size
    nv-cubemap-broken-full-compressed-image-query
    nv-compressed-block-size-in-bits
[18:10:24:775803]:[Warning]:[Scene] SemanticScene.h(331)::checkFileExists : ::loadSemanticSceneDescriptor: File `data/scene_datasets/habitat-test-scenes/van-gogh-room.scn` does not exist.  Aborting load.
[18:10:24:775818]:[Warning]:[Scene] SemanticScene.cpp(123)::loadSemanticSceneDescriptor : SSD File Naming Issue! Neither SemanticAttributes-provided name : `data/scene_datasets/habitat-test-scenes/van-gogh-room.scn` nor constructed filename : `data/scene_datasets/habitat-test-scenes/info_semantic.json` exist on disk.
[18:10:24:775824]:[Error]:[Scene] SemanticScene.cpp(139)::loadSemanticSceneDescriptor : SSD Load Failure! File with SemanticAttributes-provided name `data/scene_datasets/habitat-test-scenes/van-gogh-room.scn` exists but failed to load.
[18:10:25:228616]:[Warning]:[Sim] Simulator.cpp(595)::instanceStageForSceneAttributes : The active scene does not contain semantic annotations : activeSemanticSceneID_ = 0
2026-08-11 18:10:27,490 update: 1490	fps: 480.153	
2026-08-11 18:10:27,490 Num updates: 1490	Num frames 238400
2026-08-11 18:10:27,490 Average window size: 50  distance_to_goal: 0.404  distance_to_goal_reward: 0.004  reward: 3.841  spl: 0.593  success: 0.719
2026-08-11 18:10:27,490 	Perf Stats: trainer.rollout_collect: 0.296 trainer.sample_action: 0.003 trainer.obs_insert: 0.000 trainer.step_env: 0.005 trainer.update_stats: 0.001 trainer.update_agent: 0.035
2026-08-11 18:10:30,670 update: 1500	fps: 480.298	
2026-08-11 18:10:30,671 Num updates: 1500	Num frames 240000
2026-08-11 18:10:30,671 Average window size: 50  distance_to_goal: 0.466  distance_to_goal_reward: 0.004  reward: 3.946  spl: 0.591  success: 0.730
2026-08-11 18:10:30,671 	Perf Stats: trainer.rollout_collect: 0.295 trainer.sample_action: 0.003 trainer.obs_insert: 0.000 trainer.step_env: 0.005 trainer.update_stats: 0.001 trainer.update_agent: 0.035
2026-08-11 18:10:33,762 update: 1510	fps: 480.527	
2026-08-11 18:10:33,763 Num updates: 1510	Num frames 241600
2026-08-11 18:10:33,763 Average window size: 50  distance_to_goal: 0.435  distance_to_goal_reward: 0.002  reward: 3.858  spl: 0.597  success: 0.739
2026-08-11 18:10:33,763 	Perf Stats: trainer.rollout_collect: 0.295 trainer.sample_action: 0.003 trainer.obs_insert: 0.000 trainer.step_env: 0.005 trainer.update_stats: 0.001 trainer.update_agent: 0.035
2026-08-11 18:10:36,824 update: 1520	fps: 480.781	
2026-08-11 18:10:36,824 Num updates: 1520	Num frames 243200
2026-08-11 18:10:36,824 Average window size: 50  distance_to_goal: 0.491  distance_to_goal_reward: 0.002  reward: 3.959  spl: 0.672  success: 0.827
2026-08-11 18:10:36,825 	Perf Stats: trainer.rollout_collect: 0.295 trainer.sample_action: 0.003 trainer.obs_insert: 0.000 trainer.step_env: 0.005 trainer.update_stats: 0.001 trainer.update_agent: 0.035
2026-08-11 18:10:39,973 update: 1530	fps: 480.950	
2026-08-11 18:10:39,973 Num updates: 1530	Num frames 244800
2026-08-11 18:10:39,973 Average window size: 50  distance_to_goal: 0.445  distance_to_goal_reward: 0.000  reward: 4.055  spl: 0.703  success: 0.854
2026-08-11 18:10:39,973 	Perf Stats: trainer.rollout_collect: 0.295 trainer.sample_action: 0.003 trainer.obs_insert: 0.000 trainer.step_env: 0.005 trainer.update_stats: 0.001 trainer.update_agent: 0.035
2026-08-11 18:10:43,089 update: 1540	fps: 481.148	
2026-08-11 18:10:43,089 Num updates: 1540	Num frames 246400
2026-08-11 18:10:43,089 Average window size: 50  distance_to_goal: 0.369  distance_to_goal_reward: 0.000  reward: 4.114  spl: 0.713  success: 0.861
2026-08-11 18:10:43,089 	Perf Stats: trainer.rollout_collect: 0.295 trainer.sample_action: 0.003 trainer.obs_insert: 0.000 trainer.step_env: 0.005 trainer.update_stats: 0.001 trainer.update_agent: 0.035
2026-08-11 18:10:46,175 update: 1550	fps: 481.372	
2026-08-11 18:10:46,175 Num updates: 1550	Num frames 248000
2026-08-11 18:10:46,175 Average window size: 50  distance_to_goal: 0.314  distance_to_goal_reward: 0.000  reward: 4.260  spl: 0.695  success: 0.842
2026-08-11 18:10:46,175 	Perf Stats: trainer.rollout_collect: 0.295 trainer.sample_action: 0.003 trainer.obs_insert: 0.000 trainer.step_env: 0.005 trainer.update_stats: 0.001 trainer.update_agent: 0.035
PluginManager::Manager: duplicate static plugin StbImageImporter, ignoring
PluginManager::Manager: duplicate static plugin GltfImporter, ignoring
PluginManager::Manager: duplicate static plugin BasisImporter, ignoring
PluginManager::Manager: duplicate static plugin AssimpImporter, ignoring
PluginManager::Manager: duplicate static plugin AnySceneImporter, ignoring
PluginManager::Manager: duplicate static plugin AnyImageImporter, ignoring
Renderer: NVIDIA GeForce RTX 4070/PCIe/SSE2 by NVIDIA Corporation
OpenGL version: 4.6.0 NVIDIA 580.173.02
Using optional features:
    GL_ARB_vertex_array_object
    GL_ARB_separate_shader_objects
    GL_ARB_robustness
    GL_ARB_texture_storage
    GL_ARB_texture_view
    GL_ARB_framebuffer_no_attachments
    GL_ARB_invalidate_subdata
    GL_ARB_texture_storage_multisample
    GL_ARB_multi_bind
    GL_ARB_direct_state_access
    GL_ARB_get_texture_sub_image
    GL_ARB_texture_filter_anisotropic
    GL_KHR_debug
    GL_KHR_parallel_shader_compile
    GL_NV_depth_buffer_float
Using driver workarounds:
    no-forward-compatible-core-context
    nv-egl-incorrect-gl11-function-pointers
    no-layout-qualifiers-on-old-glsl
    nv-zero-context-profile-mask
    nv-implementation-color-read-format-dsa-broken
    nv-cubemap-inconsistent-compressed-image-size
    nv-cubemap-broken-full-compressed-image-query
    nv-compressed-block-size-in-bits
[18:10:47:523901]:[Warning]:[Scene] SemanticScene.h(331)::checkFileExists : ::loadSemanticSceneDescriptor: File `data/scene_datasets/habitat-test-scenes/skokloster-castle.scn` does not exist.  Aborting load.
[18:10:47:523917]:[Warning]:[Scene] SemanticScene.cpp(123)::loadSemanticSceneDescriptor : SSD File Naming Issue! Neither SemanticAttributes-provided name : `data/scene_datasets/habitat-test-scenes/skokloster-castle.scn` nor constructed filename : `data/scene_datasets/habitat-test-scenes/info_semantic.json` exist on disk.
[18:10:47:523922]:[Error]:[Scene] SemanticScene.cpp(139)::loadSemanticSceneDescriptor : SSD Load Failure! File with SemanticAttributes-provided name `data/scene_datasets/habitat-test-scenes/skokloster-castle.scn` exists but failed to load.
[18:10:48:145522]:[Warning]:[Sim] Simulator.cpp(595)::instanceStageForSceneAttributes : The active scene does not contain semantic annotations : activeSemanticSceneID_ = 0
2026-08-11 18:10:49,962 update: 1560	fps: 480.950	
2026-08-11 18:10:49,962 Num updates: 1560	Num frames 249600
2026-08-11 18:10:49,962 Average window size: 50  distance_to_goal: 0.379  distance_to_goal_reward: 0.000  reward: 4.240  spl: 0.677  success: 0.815
2026-08-11 18:10:49,963 	Perf Stats: trainer.rollout_collect: 0.295 trainer.sample_action: 0.003 trainer.obs_insert: 0.000 trainer.step_env: 0.005 trainer.update_stats: 0.001 trainer.update_agent: 0.035
PluginManager::Manager: duplicate static plugin StbImageImporter, ignoring
PluginManager::Manager: duplicate static plugin GltfImporter, ignoring
PluginManager::Manager: duplicate static plugin BasisImporter, ignoring
PluginManager::Manager: duplicate static plugin AssimpImporter, ignoring
PluginManager::Manager: duplicate static plugin AnySceneImporter, ignoring
PluginManager::Manager: duplicate static plugin AnyImageImporter, ignoring
Renderer: NVIDIA GeForce RTX 4070/PCIe/SSE2 by NVIDIA Corporation
OpenGL version: 4.6.0 NVIDIA 580.173.02
Using optional features:
    GL_ARB_vertex_array_object
    GL_ARB_separate_shader_objects
    GL_ARB_robustness
    GL_ARB_texture_storage
    GL_ARB_texture_view
    GL_ARB_framebuffer_no_attachments
    GL_ARB_invalidate_subdata
    GL_ARB_texture_storage_multisample
    GL_ARB_multi_bind
    GL_ARB_direct_state_access
    GL_ARB_get_texture_sub_image
    GL_ARB_texture_filter_anisotropic
    GL_KHR_debug
    GL_KHR_parallel_shader_compile
    GL_NV_depth_buffer_float
Using driver workarounds:
    no-forward-compatible-core-context
    nv-egl-incorrect-gl11-function-pointers
    no-layout-qualifiers-on-old-glsl
    nv-zero-context-profile-mask
    nv-implementation-color-read-format-dsa-broken
    nv-cubemap-inconsistent-compressed-image-size
    nv-cubemap-broken-full-compressed-image-query
    nv-compressed-block-size-in-bits
[18:10:51:668842]:[Warning]:[Scene] SemanticScene.h(331)::checkFileExists : ::loadSemanticSceneDescriptor: File `data/scene_datasets/habitat-test-scenes/van-gogh-room.scn` does not exist.  Aborting load.
[18:10:51:668858]:[Warning]:[Scene] SemanticScene.cpp(123)::loadSemanticSceneDescriptor : SSD File Naming Issue! Neither SemanticAttributes-provided name : `data/scene_datasets/habitat-test-scenes/van-gogh-room.scn` nor constructed filename : `data/scene_datasets/habitat-test-scenes/info_semantic.json` exist on disk.
[18:10:51:668864]:[Error]:[Scene] SemanticScene.cpp(139)::loadSemanticSceneDescriptor : SSD Load Failure! File with SemanticAttributes-provided name `data/scene_datasets/habitat-test-scenes/van-gogh-room.scn` exists but failed to load.
[18:10:52:098692]:[Warning]:[Sim] Simulator.cpp(595)::instanceStageForSceneAttributes : The active scene does not contain semantic annotations : activeSemanticSceneID_ = 0
2026-08-11 18:10:53,514 update: 1570	fps: 480.735	
2026-08-11 18:10:53,514 Num updates: 1570	Num frames 251200
2026-08-11 18:10:53,514 Average window size: 50  distance_to_goal: 0.319  distance_to_goal_reward: 0.000  reward: 4.557  spl: 0.700  success: 0.836
2026-08-11 18:10:53,514 	Perf Stats: trainer.rollout_collect: 0.295 trainer.sample_action: 0.003 trainer.obs_insert: 0.000 trainer.step_env: 0.005 trainer.update_stats: 0.001 trainer.update_agent: 0.035
2026-08-11 18:10:56,566 update: 1580	fps: 480.988	
2026-08-11 18:10:56,566 Num updates: 1580	Num frames 252800
2026-08-11 18:10:56,566 Average window size: 50  distance_to_goal: 0.373  distance_to_goal_reward: 0.000  reward: 4.502  spl: 0.690  success: 0.817
2026-08-11 18:10:56,566 	Perf Stats: trainer.rollout_collect: 0.295 trainer.sample_action: 0.003 trainer.obs_insert: 0.000 trainer.step_env: 0.005 trainer.update_stats: 0.001 trainer.update_agent: 0.035
2026-08-11 18:10:59,642 update: 1590	fps: 481.216	
2026-08-11 18:10:59,642 Num updates: 1590	Num frames 254400
2026-08-11 18:10:59,642 Average window size: 50  distance_to_goal: 0.418  distance_to_goal_reward: 0.000  reward: 4.289  spl: 0.666  success: 0.787
2026-08-11 18:10:59,642 	Perf Stats: trainer.rollout_collect: 0.295 trainer.sample_action: 0.003 trainer.obs_insert: 0.000 trainer.step_env: 0.005 trainer.update_stats: 0.001 trainer.update_agent: 0.035
2026-08-11 18:11:02,774 update: 1600	fps: 481.390	
2026-08-11 18:11:02,774 Num updates: 1600	Num frames 256000
2026-08-11 18:11:02,774 Average window size: 50  distance_to_goal: 0.517  distance_to_goal_reward: 0.000  reward: 4.156  spl: 0.686  success: 0.795
2026-08-11 18:11:02,774 	Perf Stats: trainer.rollout_collect: 0.295 trainer.sample_action: 0.003 trainer.obs_insert: 0.000 trainer.step_env: 0.005 trainer.update_stats: 0.001 trainer.update_agent: 0.035
2026-08-11 18:11:05,810 update: 1610	fps: 481.649	
2026-08-11 18:11:05,810 Num updates: 1610	Num frames 257600
2026-08-11 18:11:05,811 Average window size: 50  distance_to_goal: 0.551  distance_to_goal_reward: 0.001  reward: 3.807  spl: 0.680  success: 0.802
2026-08-11 18:11:05,811 	Perf Stats: trainer.rollout_collect: 0.294 trainer.sample_action: 0.003 trainer.obs_insert: 0.000 trainer.step_env: 0.005 trainer.update_stats: 0.001 trainer.update_agent: 0.035
2026-08-11 18:11:08,899 update: 1620	fps: 481.858	
2026-08-11 18:11:08,899 Num updates: 1620	Num frames 259200
2026-08-11 18:11:08,899 Average window size: 50  distance_to_goal: 0.634  distance_to_goal_reward: 0.001  reward: 3.258  spl: 0.663  success: 0.778
2026-08-11 18:11:08,899 	Perf Stats: trainer.rollout_collect: 0.294 trainer.sample_action: 0.003 trainer.obs_insert: 0.000 trainer.step_env: 0.005 trainer.update_stats: 0.001 trainer.update_agent: 0.035
2026-08-11 18:11:11,966 update: 1630	fps: 482.084	
2026-08-11 18:11:11,966 Num updates: 1630	Num frames 260800
2026-08-11 18:11:11,966 Average window size: 50  distance_to_goal: 0.543  distance_to_goal_reward: 0.001  reward: 3.222  spl: 0.640  success: 0.764
2026-08-11 18:11:11,966 	Perf Stats: trainer.rollout_collect: 0.294 trainer.sample_action: 0.003 trainer.obs_insert: 0.000 trainer.step_env: 0.005 trainer.update_stats: 0.001 trainer.update_agent: 0.035
PluginManager::Manager: duplicate static plugin StbImageImporter, ignoring
PluginManager::Manager: duplicate static plugin GltfImporter, ignoring
PluginManager::Manager: duplicate static plugin BasisImporter, ignoring
PluginManager::Manager: duplicate static plugin AssimpImporter, ignoring
PluginManager::Manager: duplicate static plugin AnySceneImporter, ignoring
PluginManager::Manager: duplicate static plugin AnyImageImporter, ignoring
Renderer: NVIDIA GeForce RTX 4070/PCIe/SSE2 by NVIDIA Corporation
OpenGL version: 4.6.0 NVIDIA 580.173.02
Using optional features:
    GL_ARB_vertex_array_object
    GL_ARB_separate_shader_objects
    GL_ARB_robustness
    GL_ARB_texture_storage
    GL_ARB_texture_view
    GL_ARB_framebuffer_no_attachments
    GL_ARB_invalidate_subdata
    GL_ARB_texture_storage_multisample
    GL_ARB_multi_bind
    GL_ARB_direct_state_access
    GL_ARB_get_texture_sub_image
    GL_ARB_texture_filter_anisotropic
    GL_KHR_debug
    GL_KHR_parallel_shader_compile
    GL_NV_depth_buffer_float
Using driver workarounds:
    no-forward-compatible-core-context
    nv-egl-incorrect-gl11-function-pointers
    no-layout-qualifiers-on-old-glsl
    nv-zero-context-profile-mask
    nv-implementation-color-read-format-dsa-broken
    nv-cubemap-inconsistent-compressed-image-size
    nv-cubemap-broken-full-compressed-image-query
    nv-compressed-block-size-in-bits
[18:11:14:613005]:[Warning]:[Scene] SemanticScene.h(331)::checkFileExists : ::loadSemanticSceneDescriptor: File `data/scene_datasets/habitat-test-scenes/skokloster-castle.scn` does not exist.  Aborting load.
[18:11:14:613021]:[Warning]:[Scene] SemanticScene.cpp(123)::loadSemanticSceneDescriptor : SSD File Naming Issue! Neither SemanticAttributes-provided name : `data/scene_datasets/habitat-test-scenes/skokloster-castle.scn` nor constructed filename : `data/scene_datasets/habitat-test-scenes/info_semantic.json` exist on disk.
[18:11:14:613026]:[Error]:[Scene] SemanticScene.cpp(139)::loadSemanticSceneDescriptor : SSD Load Failure! File with SemanticAttributes-provided name `data/scene_datasets/habitat-test-scenes/skokloster-castle.scn` exists but failed to load.
[18:11:15:220644]:[Warning]:[Sim] Simulator.cpp(595)::instanceStageForSceneAttributes : The active scene does not contain semantic annotations : activeSemanticSceneID_ = 0
2026-08-11 18:11:15,675 update: 1640	fps: 481.738	
2026-08-11 18:11:15,675 Num updates: 1640	Num frames 262400
2026-08-11 18:11:15,675 Average window size: 50  distance_to_goal: 0.503  distance_to_goal_reward: 0.001  reward: 3.197  spl: 0.644  success: 0.777
2026-08-11 18:11:15,675 	Perf Stats: trainer.rollout_collect: 0.294 trainer.sample_action: 0.003 trainer.obs_insert: 0.000 trainer.step_env: 0.005 trainer.update_stats: 0.001 trainer.update_agent: 0.035
2026-08-11 18:11:18,791 update: 1650	fps: 481.918	
2026-08-11 18:11:18,792 Num updates: 1650	Num frames 264000
2026-08-11 18:11:18,792 Average window size: 50  distance_to_goal: 0.406  distance_to_goal_reward: 0.001  reward: 3.409  spl: 0.646  success: 0.786
2026-08-11 18:11:18,792 	Perf Stats: trainer.rollout_collect: 0.294 trainer.sample_action: 0.003 trainer.obs_insert: 0.000 trainer.step_env: 0.005 trainer.update_stats: 0.001 trainer.update_agent: 0.035
2026-08-11 18:11:21,938 update: 1660	fps: 482.070	
2026-08-11 18:11:21,939 Num updates: 1660	Num frames 265600
2026-08-11 18:11:21,939 Average window size: 50  distance_to_goal: 0.434  distance_to_goal_reward: -0.000  reward: 3.719  spl: 0.653  success: 0.803
2026-08-11 18:11:21,939 	Perf Stats: trainer.rollout_collect: 0.294 trainer.sample_action: 0.003 trainer.obs_insert: 0.000 trainer.step_env: 0.005 trainer.update_stats: 0.001 trainer.update_agent: 0.035
2026-08-11 18:11:25,087 update: 1670	fps: 482.218	
2026-08-11 18:11:25,088 Num updates: 1670	Num frames 267200
2026-08-11 18:11:25,088 Average window size: 50  distance_to_goal: 0.348  distance_to_goal_reward: -0.000  reward: 4.059  spl: 0.657  success: 0.826
2026-08-11 18:11:25,088 	Perf Stats: trainer.rollout_collect: 0.294 trainer.sample_action: 0.003 trainer.obs_insert: 0.000 trainer.step_env: 0.005 trainer.update_stats: 0.001 trainer.update_agent: 0.035
2026-08-11 18:11:28,250 update: 1680	fps: 482.352	
2026-08-11 18:11:28,251 Num updates: 1680	Num frames 268800
2026-08-11 18:11:28,251 Average window size: 50  distance_to_goal: 0.363  distance_to_goal_reward: -0.000  reward: 4.273  spl: 0.661  success: 0.835
2026-08-11 18:11:28,251 	Perf Stats: trainer.rollout_collect: 0.294 trainer.sample_action: 0.003 trainer.obs_insert: 0.000 trainer.step_env: 0.005 trainer.update_stats: 0.001 trainer.update_agent: 0.035
2026-08-11 18:11:31,386 update: 1690	fps: 482.508	
2026-08-11 18:11:31,386 Num updates: 1690	Num frames 270400
2026-08-11 18:11:31,386 Average window size: 50  distance_to_goal: 0.472  distance_to_goal_reward: -0.000  reward: 4.576  spl: 0.666  success: 0.833
2026-08-11 18:11:31,386 	Perf Stats: trainer.rollout_collect: 0.294 trainer.sample_action: 0.003 trainer.obs_insert: 0.000 trainer.step_env: 0.005 trainer.update_stats: 0.001 trainer.update_agent: 0.035
2026-08-11 18:11:34,642 update: 1700	fps: 482.559	
2026-08-11 18:11:34,642 Num updates: 1700	Num frames 272000
2026-08-11 18:11:34,642 Average window size: 50  distance_to_goal: 0.457  distance_to_goal_reward: -0.000  reward: 4.863  spl: 0.653  success: 0.820
2026-08-11 18:11:34,643 	Perf Stats: trainer.rollout_collect: 0.294 trainer.sample_action: 0.003 trainer.obs_insert: 0.000 trainer.step_env: 0.005 trainer.update_stats: 0.001 trainer.update_agent: 0.035
2026-08-11 18:11:37,764 update: 1710	fps: 482.732	
2026-08-11 18:11:37,764 Num updates: 1710	Num frames 273600
2026-08-11 18:11:37,765 Average window size: 50  distance_to_goal: 0.434  distance_to_goal_reward: 0.000  reward: 4.719  spl: 0.650  success: 0.810
2026-08-11 18:11:37,765 	Perf Stats: trainer.rollout_collect: 0.294 trainer.sample_action: 0.003 trainer.obs_insert: 0.000 trainer.step_env: 0.005 trainer.update_stats: 0.001 trainer.update_agent: 0.035
2026-08-11 18:11:40,885 update: 1720	fps: 482.888	
2026-08-11 18:11:40,885 Num updates: 1720	Num frames 275200
2026-08-11 18:11:40,885 Average window size: 50  distance_to_goal: 0.564  distance_to_goal_reward: 0.000  reward: 4.572  spl: 0.638  success: 0.787
2026-08-11 18:11:40,885 	Perf Stats: trainer.rollout_collect: 0.294 trainer.sample_action: 0.003 trainer.obs_insert: 0.000 trainer.step_env: 0.005 trainer.update_stats: 0.001 trainer.update_agent: 0.035
2026-08-11 18:11:44,022 update: 1730	fps: 483.037	
2026-08-11 18:11:44,022 Num updates: 1730	Num frames 276800
2026-08-11 18:11:44,022 Average window size: 50  distance_to_goal: 0.587  distance_to_goal_reward: 0.000  reward: 4.397  spl: 0.652  success: 0.793
2026-08-11 18:11:44,022 	Perf Stats: trainer.rollout_collect: 0.293 trainer.sample_action: 0.003 trainer.obs_insert: 0.000 trainer.step_env: 0.005 trainer.update_stats: 0.001 trainer.update_agent: 0.035
PluginManager::Manager: duplicate static plugin StbImageImporter, ignoring
PluginManager::Manager: duplicate static plugin GltfImporter, ignoring
PluginManager::Manager: duplicate static plugin BasisImporter, ignoring
PluginManager::Manager: duplicate static plugin AssimpImporter, ignoring
PluginManager::Manager: duplicate static plugin AnySceneImporter, ignoring
PluginManager::Manager: duplicate static plugin AnyImageImporter, ignoring
Renderer: NVIDIA GeForce RTX 4070/PCIe/SSE2 by NVIDIA Corporation
OpenGL version: 4.6.0 NVIDIA 580.173.02
Using optional features:
    GL_ARB_vertex_array_object
    GL_ARB_separate_shader_objects
    GL_ARB_robustness
    GL_ARB_texture_storage
    GL_ARB_texture_view
    GL_ARB_framebuffer_no_attachments
    GL_ARB_invalidate_subdata
    GL_ARB_texture_storage_multisample
    GL_ARB_multi_bind
    GL_ARB_direct_state_access
    GL_ARB_get_texture_sub_image
    GL_ARB_texture_filter_anisotropic
    GL_KHR_debug
    GL_KHR_parallel_shader_compile
    GL_NV_depth_buffer_float
Using driver workarounds:
    no-forward-compatible-core-context
    nv-egl-incorrect-gl11-function-pointers
    no-layout-qualifiers-on-old-glsl
    nv-zero-context-profile-mask
    nv-implementation-color-read-format-dsa-broken
    nv-cubemap-inconsistent-compressed-image-size
    nv-cubemap-broken-full-compressed-image-query
    nv-compressed-block-size-in-bits
[18:11:45:241101]:[Warning]:[Scene] SemanticScene.h(331)::checkFileExists : ::loadSemanticSceneDescriptor: File `data/scene_datasets/habitat-test-scenes/skokloster-castle.scn` does not exist.  Aborting load.
[18:11:45:241117]:[Warning]:[Scene] SemanticScene.cpp(123)::loadSemanticSceneDescriptor : SSD File Naming Issue! Neither SemanticAttributes-provided name : `data/scene_datasets/habitat-test-scenes/skokloster-castle.scn` nor constructed filename : `data/scene_datasets/habitat-test-scenes/info_semantic.json` exist on disk.
[18:11:45:241122]:[Error]:[Scene] SemanticScene.cpp(139)::loadSemanticSceneDescriptor : SSD Load Failure! File with SemanticAttributes-provided name `data/scene_datasets/habitat-test-scenes/skokloster-castle.scn` exists but failed to load.
[18:11:45:862594]:[Warning]:[Sim] Simulator.cpp(595)::instanceStageForSceneAttributes : The active scene does not contain semantic annotations : activeSemanticSceneID_ = 0
2026-08-11 18:11:47,807 update: 1740	fps: 482.641	
2026-08-11 18:11:47,816 Num updates: 1740	Num frames 278400
2026-08-11 18:11:47,816 Average window size: 50  distance_to_goal: 0.587  distance_to_goal_reward: 0.000  reward: 4.081  spl: 0.652  success: 0.788
2026-08-11 18:11:47,816 	Perf Stats: trainer.rollout_collect: 0.294 trainer.sample_action: 0.003 trainer.obs_insert: 0.000 trainer.step_env: 0.005 trainer.update_stats: 0.001 trainer.update_agent: 0.035
2026-08-11 18:11:50,964 update: 1750	fps: 482.772	
2026-08-11 18:11:50,964 Num updates: 1750	Num frames 280000
2026-08-11 18:11:50,964 Average window size: 50  distance_to_goal: 0.751  distance_to_goal_reward: 0.000  reward: 3.828  spl: 0.665  success: 0.800
2026-08-11 18:11:50,965 	Perf Stats: trainer.rollout_collect: 0.294 trainer.sample_action: 0.003 trainer.obs_insert: 0.000 trainer.step_env: 0.005 trainer.update_stats: 0.001 trainer.update_agent: 0.035
2026-08-11 18:11:54,136 update: 1760	fps: 482.890	
2026-08-11 18:11:54,136 Num updates: 1760	Num frames 281600
2026-08-11 18:11:54,136 Average window size: 50  distance_to_goal: 0.733  distance_to_goal_reward: 0.000  reward: 4.027  spl: 0.653  success: 0.783
2026-08-11 18:11:54,136 	Perf Stats: trainer.rollout_collect: 0.294 trainer.sample_action: 0.003 trainer.obs_insert: 0.000 trainer.step_env: 0.005 trainer.update_stats: 0.001 trainer.update_agent: 0.035
2026-08-11 18:11:57,312 update: 1770	fps: 483.004	
2026-08-11 18:11:57,312 Num updates: 1770	Num frames 283200
2026-08-11 18:11:57,312 Average window size: 50  distance_to_goal: 0.691  distance_to_goal_reward: 0.000  reward: 4.410  spl: 0.646  success: 0.790
2026-08-11 18:11:57,312 	Perf Stats: trainer.rollout_collect: 0.294 trainer.sample_action: 0.003 trainer.obs_insert: 0.000 trainer.step_env: 0.005 trainer.update_stats: 0.001 trainer.update_agent: 0.035
2026-08-11 18:12:00,486 update: 1780	fps: 483.117	
2026-08-11 18:12:00,486 Num updates: 1780	Num frames 284800
2026-08-11 18:12:00,486 Average window size: 50  distance_to_goal: 1.073  distance_to_goal_reward: 0.000  reward: 4.583  spl: 0.592  success: 0.747
2026-08-11 18:12:00,486 	Perf Stats: trainer.rollout_collect: 0.293 trainer.sample_action: 0.003 trainer.obs_insert: 0.000 trainer.step_env: 0.005 trainer.update_stats: 0.001 trainer.update_agent: 0.035
PluginManager::Manager: duplicate static plugin StbImageImporter, ignoring
PluginManager::Manager: duplicate static plugin GltfImporter, ignoring
PluginManager::Manager: duplicate static plugin BasisImporter, ignoring
PluginManager::Manager: duplicate static plugin AssimpImporter, ignoring
PluginManager::Manager: duplicate static plugin AnySceneImporter, ignoring
PluginManager::Manager: duplicate static plugin AnyImageImporter, ignoring
Renderer: NVIDIA GeForce RTX 4070/PCIe/SSE2 by NVIDIA Corporation
OpenGL version: 4.6.0 NVIDIA 580.173.02
Using optional features:
    GL_ARB_vertex_array_object
    GL_ARB_separate_shader_objects
    GL_ARB_robustness
    GL_ARB_texture_storage
    GL_ARB_texture_view
    GL_ARB_framebuffer_no_attachments
    GL_ARB_invalidate_subdata
    GL_ARB_texture_storage_multisample
    GL_ARB_multi_bind
    GL_ARB_direct_state_access
    GL_ARB_get_texture_sub_image
    GL_ARB_texture_filter_anisotropic
    GL_KHR_debug
    GL_KHR_parallel_shader_compile
    GL_NV_depth_buffer_float
Using driver workarounds:
    no-forward-compatible-core-context
    nv-egl-incorrect-gl11-function-pointers
    no-layout-qualifiers-on-old-glsl
    nv-zero-context-profile-mask
    nv-implementation-color-read-format-dsa-broken
    nv-cubemap-inconsistent-compressed-image-size
    nv-cubemap-broken-full-compressed-image-query
    nv-compressed-block-size-in-bits
[18:12:03:442985]:[Warning]:[Scene] SemanticScene.h(331)::checkFileExists : ::loadSemanticSceneDescriptor: File `data/scene_datasets/habitat-test-scenes/van-gogh-room.scn` does not exist.  Aborting load.
[18:12:03:443001]:[Warning]:[Scene] SemanticScene.cpp(123)::loadSemanticSceneDescriptor : SSD File Naming Issue! Neither SemanticAttributes-provided name : `data/scene_datasets/habitat-test-scenes/van-gogh-room.scn` nor constructed filename : `data/scene_datasets/habitat-test-scenes/info_semantic.json` exist on disk.
[18:12:03:443006]:[Error]:[Scene] SemanticScene.cpp(139)::loadSemanticSceneDescriptor : SSD Load Failure! File with SemanticAttributes-provided name `data/scene_datasets/habitat-test-scenes/van-gogh-room.scn` exists but failed to load.
[18:12:03:884744]:[Warning]:[Sim] Simulator.cpp(595)::instanceStageForSceneAttributes : The active scene does not contain semantic annotations : activeSemanticSceneID_ = 0
2026-08-11 18:12:04,123 update: 1790	fps: 482.852	
2026-08-11 18:12:04,123 Num updates: 1790	Num frames 286400
2026-08-11 18:12:04,123 Average window size: 50  distance_to_goal: 0.804  distance_to_goal_reward: 0.000  reward: 4.954  spl: 0.615  success: 0.789
2026-08-11 18:12:04,123 	Perf Stats: trainer.rollout_collect: 0.294 trainer.sample_action: 0.003 trainer.obs_insert: 0.000 trainer.step_env: 0.005 trainer.update_stats: 0.001 trainer.update_agent: 0.035
2026-08-11 18:12:07,360 update: 1800	fps: 482.914	
2026-08-11 18:12:07,360 Num updates: 1800	Num frames 288000
2026-08-11 18:12:07,360 Average window size: 50  distance_to_goal: 0.685  distance_to_goal_reward: 0.000  reward: 5.220  spl: 0.628  success: 0.800
2026-08-11 18:12:07,361 	Perf Stats: trainer.rollout_collect: 0.294 trainer.sample_action: 0.003 trainer.obs_insert: 0.000 trainer.step_env: 0.005 trainer.update_stats: 0.001 trainer.update_agent: 0.035
2026-08-11 18:12:10,501 update: 1810	fps: 483.053	
2026-08-11 18:12:10,501 Num updates: 1810	Num frames 289600
2026-08-11 18:12:10,501 Average window size: 50  distance_to_goal: 0.572  distance_to_goal_reward: 0.000  reward: 5.605  spl: 0.643  success: 0.830
2026-08-11 18:12:10,501 	Perf Stats: trainer.rollout_collect: 0.293 trainer.sample_action: 0.003 trainer.obs_insert: 0.000 trainer.step_env: 0.005 trainer.update_stats: 0.001 trainer.update_agent: 0.035
2026-08-11 18:12:13,630 update: 1820	fps: 483.200	
2026-08-11 18:12:13,630 Num updates: 1820	Num frames 291200
2026-08-11 18:12:13,630 Average window size: 50  distance_to_goal: 0.477  distance_to_goal_reward: 0.000  reward: 5.826  spl: 0.682  success: 0.866
2026-08-11 18:12:13,630 	Perf Stats: trainer.rollout_collect: 0.293 trainer.sample_action: 0.003 trainer.obs_insert: 0.000 trainer.step_env: 0.005 trainer.update_stats: 0.001 trainer.update_agent: 0.035
2026-08-11 18:12:16,750 update: 1830	fps: 483.353	
2026-08-11 18:12:16,750 Num updates: 1830	Num frames 292800
2026-08-11 18:12:16,750 Average window size: 50  distance_to_goal: 0.284  distance_to_goal_reward: 0.000  reward: 5.977  spl: 0.660  success: 0.833
2026-08-11 18:12:16,750 	Perf Stats: trainer.rollout_collect: 0.293 trainer.sample_action: 0.003 trainer.obs_insert: 0.000 trainer.step_env: 0.005 trainer.update_stats: 0.001 trainer.update_agent: 0.035
2026-08-11 18:12:19,865 update: 1840	fps: 483.507	
2026-08-11 18:12:19,865 Num updates: 1840	Num frames 294400
2026-08-11 18:12:19,866 Average window size: 50  distance_to_goal: 0.270  distance_to_goal_reward: 0.000  reward: 6.015  spl: 0.672  success: 0.836
2026-08-11 18:12:19,866 	Perf Stats: trainer.rollout_collect: 0.293 trainer.sample_action: 0.003 trainer.obs_insert: 0.000 trainer.step_env: 0.005 trainer.update_stats: 0.001 trainer.update_agent: 0.035
2026-08-11 18:12:22,984 update: 1850	fps: 483.658	
2026-08-11 18:12:22,984 Num updates: 1850	Num frames 296000
2026-08-11 18:12:22,984 Average window size: 50  distance_to_goal: 0.219  distance_to_goal_reward: 0.000  reward: 5.998  spl: 0.690  success: 0.841
2026-08-11 18:12:22,984 	Perf Stats: trainer.rollout_collect: 0.293 trainer.sample_action: 0.003 trainer.obs_insert: 0.000 trainer.step_env: 0.005 trainer.update_stats: 0.001 trainer.update_agent: 0.035
2026-08-11 18:12:26,093 update: 1860	fps: 483.814	
2026-08-11 18:12:26,093 Num updates: 1860	Num frames 297600
2026-08-11 18:12:26,093 Average window size: 50  distance_to_goal: 0.337  distance_to_goal_reward: 0.000  reward: 5.512  spl: 0.688  success: 0.820
2026-08-11 18:12:26,093 	Perf Stats: trainer.rollout_collect: 0.293 trainer.sample_action: 0.003 trainer.obs_insert: 0.000 trainer.step_env: 0.005 trainer.update_stats: 0.001 trainer.update_agent: 0.035
2026-08-11 18:12:29,184 update: 1870	fps: 483.984	
2026-08-11 18:12:29,184 Num updates: 1870	Num frames 299200
2026-08-11 18:12:29,184 Average window size: 50  distance_to_goal: 0.350  distance_to_goal_reward: 0.003  reward: 5.452  spl: 0.687  success: 0.800
2026-08-11 18:12:29,184 	Perf Stats: trainer.rollout_collect: 0.293 trainer.sample_action: 0.003 trainer.obs_insert: 0.000 trainer.step_env: 0.005 trainer.update_stats: 0.001 trainer.update_agent: 0.035
2026-08-11 18:12:32,385 update: 1880	fps: 484.065	
2026-08-11 18:12:32,385 Num updates: 1880	Num frames 300800
2026-08-11 18:12:32,385 Average window size: 50  distance_to_goal: 0.452  distance_to_goal_reward: 0.003  reward: 4.795  spl: 0.707  success: 0.815
2026-08-11 18:12:32,385 	Perf Stats: trainer.rollout_collect: 0.293 trainer.sample_action: 0.003 trainer.obs_insert: 0.000 trainer.step_env: 0.005 trainer.update_stats: 0.001 trainer.update_agent: 0.035
2026-08-11 18:12:35,516 update: 1890	fps: 484.200	
2026-08-11 18:12:35,516 Num updates: 1890	Num frames 302400
2026-08-11 18:12:35,516 Average window size: 50  distance_to_goal: 0.511  distance_to_goal_reward: 0.002  reward: 4.388  spl: 0.675  success: 0.788
2026-08-11 18:12:35,516 	Perf Stats: trainer.rollout_collect: 0.293 trainer.sample_action: 0.003 trainer.obs_insert: 0.000 trainer.step_env: 0.005 trainer.update_stats: 0.001 trainer.update_agent: 0.035
PluginManager::Manager: duplicate static plugin StbImageImporter, ignoring
PluginManager::Manager: duplicate static plugin GltfImporter, ignoring
PluginManager::Manager: duplicate static plugin BasisImporter, ignoring
PluginManager::Manager: duplicate static plugin AssimpImporter, ignoring
PluginManager::Manager: duplicate static plugin AnySceneImporter, ignoring
PluginManager::Manager: duplicate static plugin AnyImageImporter, ignoring
Renderer: NVIDIA GeForce RTX 4070/PCIe/SSE2 by NVIDIA Corporation
OpenGL version: 4.6.0 NVIDIA 580.173.02
Using optional features:
    GL_ARB_vertex_array_object
    GL_ARB_separate_shader_objects
    GL_ARB_robustness
    GL_ARB_texture_storage
    GL_ARB_texture_view
    GL_ARB_framebuffer_no_attachments
    GL_ARB_invalidate_subdata
    GL_ARB_texture_storage_multisample
    GL_ARB_multi_bind
    GL_ARB_direct_state_access
    GL_ARB_get_texture_sub_image
    GL_ARB_texture_filter_anisotropic
    GL_KHR_debug
    GL_KHR_parallel_shader_compile
    GL_NV_depth_buffer_float
Using driver workarounds:
    no-forward-compatible-core-context
    nv-egl-incorrect-gl11-function-pointers
    no-layout-qualifiers-on-old-glsl
    nv-zero-context-profile-mask
    nv-implementation-color-read-format-dsa-broken
    nv-cubemap-inconsistent-compressed-image-size
    nv-cubemap-broken-full-compressed-image-query
    nv-compressed-block-size-in-bits
[18:12:35:618569]:[Warning]:[Scene] SemanticScene.h(331)::checkFileExists : ::loadSemanticSceneDescriptor: File `data/scene_datasets/habitat-test-scenes/skokloster-castle.scn` does not exist.  Aborting load.
[18:12:35:618585]:[Warning]:[Scene] SemanticScene.cpp(123)::loadSemanticSceneDescriptor : SSD File Naming Issue! Neither SemanticAttributes-provided name : `data/scene_datasets/habitat-test-scenes/skokloster-castle.scn` nor constructed filename : `data/scene_datasets/habitat-test-scenes/info_semantic.json` exist on disk.
[18:12:35:618590]:[Error]:[Scene] SemanticScene.cpp(139)::loadSemanticSceneDescriptor : SSD Load Failure! File with SemanticAttributes-provided name `data/scene_datasets/habitat-test-scenes/skokloster-castle.scn` exists but failed to load.
[18:12:36:224596]:[Warning]:[Sim] Simulator.cpp(595)::instanceStageForSceneAttributes : The active scene does not contain semantic annotations : activeSemanticSceneID_ = 0
PluginManager::Manager: duplicate static plugin StbImageImporter, ignoring
PluginManager::Manager: duplicate static plugin GltfImporter, ignoring
PluginManager::Manager: duplicate static plugin BasisImporter, ignoring
PluginManager::Manager: duplicate static plugin AssimpImporter, ignoring
PluginManager::Manager: duplicate static plugin AnySceneImporter, ignoring
PluginManager::Manager: duplicate static plugin AnyImageImporter, ignoring
Renderer: NVIDIA GeForce RTX 4070/PCIe/SSE2 by NVIDIA Corporation
OpenGL version: 4.6.0 NVIDIA 580.173.02
Using optional features:
    GL_ARB_vertex_array_object
    GL_ARB_separate_shader_objects
    GL_ARB_robustness
    GL_ARB_texture_storage
    GL_ARB_texture_view
    GL_ARB_framebuffer_no_attachments
    GL_ARB_invalidate_subdata
    GL_ARB_texture_storage_multisample
    GL_ARB_multi_bind
    GL_ARB_direct_state_access
    GL_ARB_get_texture_sub_image
    GL_ARB_texture_filter_anisotropic
    GL_KHR_debug
    GL_KHR_parallel_shader_compile
    GL_NV_depth_buffer_float
Using driver workarounds:
    no-forward-compatible-core-context
    nv-egl-incorrect-gl11-function-pointers
    no-layout-qualifiers-on-old-glsl
    nv-zero-context-profile-mask
    nv-implementation-color-read-format-dsa-broken
    nv-cubemap-inconsistent-compressed-image-size
    nv-cubemap-broken-full-compressed-image-query
    nv-compressed-block-size-in-bits
[18:12:38:655298]:[Warning]:[Scene] SemanticScene.h(331)::checkFileExists : ::loadSemanticSceneDescriptor: File `data/scene_datasets/habitat-test-scenes/van-gogh-room.scn` does not exist.  Aborting load.
[18:12:38:655313]:[Warning]:[Scene] SemanticScene.cpp(123)::loadSemanticSceneDescriptor : SSD File Naming Issue! Neither SemanticAttributes-provided name : `data/scene_datasets/habitat-test-scenes/van-gogh-room.scn` nor constructed filename : `data/scene_datasets/habitat-test-scenes/info_semantic.json` exist on disk.
[18:12:38:655318]:[Error]:[Scene] SemanticScene.cpp(139)::loadSemanticSceneDescriptor : SSD Load Failure! File with SemanticAttributes-provided name `data/scene_datasets/habitat-test-scenes/van-gogh-room.scn` exists but failed to load.
[18:12:39:099458]:[Warning]:[Sim] Simulator.cpp(595)::instanceStageForSceneAttributes : The active scene does not contain semantic annotations : activeSemanticSceneID_ = 0
2026-08-11 18:12:39,890 update: 1900	fps: 483.377	
2026-08-11 18:12:39,890 Num updates: 1900	Num frames 304000
2026-08-11 18:12:39,890 Average window size: 50  distance_to_goal: 0.655  distance_to_goal_reward: 0.002  reward: 4.269  spl: 0.651  success: 0.773
2026-08-11 18:12:39,890 	Perf Stats: trainer.rollout_collect: 0.293 trainer.sample_action: 0.003 trainer.obs_insert: 0.000 trainer.step_env: 0.005 trainer.update_stats: 0.001 trainer.update_agent: 0.035
2026-08-11 18:12:43,048 update: 1910	fps: 483.493	
2026-08-11 18:12:43,048 Num updates: 1910	Num frames 305600
2026-08-11 18:12:43,048 Average window size: 50  distance_to_goal: 0.597  distance_to_goal_reward: 0.001  reward: 3.965  spl: 0.640  success: 0.760
2026-08-11 18:12:43,048 	Perf Stats: trainer.rollout_collect: 0.293 trainer.sample_action: 0.003 trainer.obs_insert: 0.000 trainer.step_env: 0.005 trainer.update_stats: 0.001 trainer.update_agent: 0.035
2026-08-11 18:12:46,208 update: 1920	fps: 483.607	
2026-08-11 18:12:46,208 Num updates: 1920	Num frames 307200
2026-08-11 18:12:46,208 Average window size: 50  distance_to_goal: 0.608  distance_to_goal_reward: -0.001  reward: 4.097  spl: 0.623  success: 0.760
2026-08-11 18:12:46,208 	Perf Stats: trainer.rollout_collect: 0.293 trainer.sample_action: 0.003 trainer.obs_insert: 0.000 trainer.step_env: 0.005 trainer.update_stats: 0.001 trainer.update_agent: 0.035
2026-08-11 18:12:49,358 update: 1930	fps: 483.726	
2026-08-11 18:12:49,367 Num updates: 1930	Num frames 308800
2026-08-11 18:12:49,367 Average window size: 50  distance_to_goal: 0.525  distance_to_goal_reward: -0.001  reward: 4.470  spl: 0.605  success: 0.750
2026-08-11 18:12:49,367 	Perf Stats: trainer.rollout_collect: 0.293 trainer.sample_action: 0.003 trainer.obs_insert: 0.000 trainer.step_env: 0.005 trainer.update_stats: 0.001 trainer.update_agent: 0.035
2026-08-11 18:12:52,522 update: 1940	fps: 483.835	
2026-08-11 18:12:52,522 Num updates: 1940	Num frames 310400
2026-08-11 18:12:52,522 Average window size: 50  distance_to_goal: 0.503  distance_to_goal_reward: -0.000  reward: 4.575  spl: 0.617  success: 0.765
2026-08-11 18:12:52,522 	Perf Stats: trainer.rollout_collect: 0.293 trainer.sample_action: 0.003 trainer.obs_insert: 0.000 trainer.step_env: 0.005 trainer.update_stats: 0.001 trainer.update_agent: 0.035
PluginManager::Manager: duplicate static plugin StbImageImporter, ignoring
PluginManager::Manager: duplicate static plugin GltfImporter, ignoring
PluginManager::Manager: duplicate static plugin BasisImporter, ignoring
PluginManager::Manager: duplicate static plugin AssimpImporter, ignoring
PluginManager::Manager: duplicate static plugin AnySceneImporter, ignoring
PluginManager::Manager: duplicate static plugin AnyImageImporter, ignoring
Renderer: NVIDIA GeForce RTX 4070/PCIe/SSE2 by NVIDIA Corporation
OpenGL version: 4.6.0 NVIDIA 580.173.02
Using optional features:
    GL_ARB_vertex_array_object
    GL_ARB_separate_shader_objects
    GL_ARB_robustness
    GL_ARB_texture_storage
    GL_ARB_texture_view
    GL_ARB_framebuffer_no_attachments
    GL_ARB_invalidate_subdata
    GL_ARB_texture_storage_multisample
    GL_ARB_multi_bind
    GL_ARB_direct_state_access
    GL_ARB_get_texture_sub_image
    GL_ARB_texture_filter_anisotropic
    GL_KHR_debug
    GL_KHR_parallel_shader_compile
    GL_NV_depth_buffer_float
Using driver workarounds:
    no-forward-compatible-core-context
    nv-egl-incorrect-gl11-function-pointers
    no-layout-qualifiers-on-old-glsl
    nv-zero-context-profile-mask
    nv-implementation-color-read-format-dsa-broken
    nv-cubemap-inconsistent-compressed-image-size
    nv-cubemap-broken-full-compressed-image-query
    nv-compressed-block-size-in-bits
[18:12:52:982687]:[Warning]:[Scene] SemanticScene.h(331)::checkFileExists : ::loadSemanticSceneDescriptor: File `data/scene_datasets/habitat-test-scenes/van-gogh-room.scn` does not exist.  Aborting load.
[18:12:52:982703]:[Warning]:[Scene] SemanticScene.cpp(123)::loadSemanticSceneDescriptor : SSD File Naming Issue! Neither SemanticAttributes-provided name : `data/scene_datasets/habitat-test-scenes/van-gogh-room.scn` nor constructed filename : `data/scene_datasets/habitat-test-scenes/info_semantic.json` exist on disk.
[18:12:52:982708]:[Error]:[Scene] SemanticScene.cpp(139)::loadSemanticSceneDescriptor : SSD Load Failure! File with SemanticAttributes-provided name `data/scene_datasets/habitat-test-scenes/van-gogh-room.scn` exists but failed to load.
[18:12:53:424791]:[Warning]:[Sim] Simulator.cpp(595)::instanceStageForSceneAttributes : The active scene does not contain semantic annotations : activeSemanticSceneID_ = 0
2026-08-11 18:12:56,115 update: 1950	fps: 483.620	
2026-08-11 18:12:56,116 Num updates: 1950	Num frames 312000
2026-08-11 18:12:56,116 Average window size: 50  distance_to_goal: 0.373  distance_to_goal_reward: -0.000  reward: 4.637  spl: 0.629  success: 0.766
2026-08-11 18:12:56,116 	Perf Stats: trainer.rollout_collect: 0.293 trainer.sample_action: 0.003 trainer.obs_insert: 0.000 trainer.step_env: 0.005 trainer.update_stats: 0.001 trainer.update_agent: 0.035
2026-08-11 18:12:59,243 update: 1960	fps: 483.755	
2026-08-11 18:12:59,244 Num updates: 1960	Num frames 313600
2026-08-11 18:12:59,244 Average window size: 50  distance_to_goal: 0.302  distance_to_goal_reward: 0.000  reward: 4.822  spl: 0.650  success: 0.789
2026-08-11 18:12:59,244 	Perf Stats: trainer.rollout_collect: 0.293 trainer.sample_action: 0.003 trainer.obs_insert: 0.000 trainer.step_env: 0.005 trainer.update_stats: 0.001 trainer.update_agent: 0.035
2026-08-11 18:13:02,360 update: 1970	fps: 483.896	
2026-08-11 18:13:02,361 Num updates: 1970	Num frames 315200
2026-08-11 18:13:02,361 Average window size: 50  distance_to_goal: 0.381  distance_to_goal_reward: 0.000  reward: 4.274  spl: 0.659  success: 0.795
2026-08-11 18:13:02,361 	Perf Stats: trainer.rollout_collect: 0.293 trainer.sample_action: 0.003 trainer.obs_insert: 0.000 trainer.step_env: 0.005 trainer.update_stats: 0.001 trainer.update_agent: 0.035
2026-08-11 18:13:05,436 update: 1980	fps: 484.067	
2026-08-11 18:13:05,436 Num updates: 1980	Num frames 316800
2026-08-11 18:13:05,436 Average window size: 50  distance_to_goal: 0.392  distance_to_goal_reward: 0.000  reward: 4.090  spl: 0.682  success: 0.812
2026-08-11 18:13:05,436 	Perf Stats: trainer.rollout_collect: 0.293 trainer.sample_action: 0.003 trainer.obs_insert: 0.000 trainer.step_env: 0.005 trainer.update_stats: 0.001 trainer.update_agent: 0.035
2026-08-11 18:13:08,531 update: 1990	fps: 484.221	
2026-08-11 18:13:08,532 Num updates: 1990	Num frames 318400
2026-08-11 18:13:08,532 Average window size: 50  distance_to_goal: 0.509  distance_to_goal_reward: 0.000  reward: 3.756  spl: 0.651  success: 0.781
2026-08-11 18:13:08,532 	Perf Stats: trainer.rollout_collect: 0.293 trainer.sample_action: 0.003 trainer.obs_insert: 0.000 trainer.step_env: 0.005 trainer.update_stats: 0.001 trainer.update_agent: 0.035
2026-08-11 18:13:11,756 update: 2000	fps: 484.280	
2026-08-11 18:13:11,756 Num updates: 2000	Num frames 320000
2026-08-11 18:13:11,756 Average window size: 50  distance_to_goal: 0.471  distance_to_goal_reward: 0.000  reward: 3.474  spl: 0.668  success: 0.839
2026-08-11 18:13:11,756 	Perf Stats: trainer.rollout_collect: 0.293 trainer.sample_action: 0.003 trainer.obs_insert: 0.000 trainer.step_env: 0.005 trainer.update_stats: 0.001 trainer.update_agent: 0.035
2026-08-11 18:13:14,889 update: 2010	fps: 484.404	
2026-08-11 18:13:14,889 Num updates: 2010	Num frames 321600
2026-08-11 18:13:14,889 Average window size: 50  distance_to_goal: 0.588  distance_to_goal_reward: 0.000  reward: 3.222  spl: 0.596  success: 0.767
2026-08-11 18:13:14,889 	Perf Stats: trainer.rollout_collect: 0.293 trainer.sample_action: 0.003 trainer.obs_insert: 0.000 trainer.step_env: 0.005 trainer.update_stats: 0.001 trainer.update_agent: 0.035
2026-08-11 18:13:18,038 update: 2020	fps: 484.516	
2026-08-11 18:13:18,038 Num updates: 2020	Num frames 323200
2026-08-11 18:13:18,039 Average window size: 50  distance_to_goal: 0.353  distance_to_goal_reward: 0.000  reward: 3.827  spl: 0.652  success: 0.837
2026-08-11 18:13:18,039 	Perf Stats: trainer.rollout_collect: 0.292 trainer.sample_action: 0.003 trainer.obs_insert: 0.000 trainer.step_env: 0.005 trainer.update_stats: 0.001 trainer.update_agent: 0.035
2026-08-11 18:13:21,174 update: 2030	fps: 484.637	
2026-08-11 18:13:21,174 Num updates: 2030	Num frames 324800
2026-08-11 18:13:21,174 Average window size: 50  distance_to_goal: 0.393  distance_to_goal_reward: -0.000  reward: 3.720  spl: 0.643  success: 0.825
2026-08-11 18:13:21,174 	Perf Stats: trainer.rollout_collect: 0.292 trainer.sample_action: 0.003 trainer.obs_insert: 0.000 trainer.step_env: 0.005 trainer.update_stats: 0.001 trainer.update_agent: 0.035
2026-08-11 18:13:24,334 update: 2040	fps: 484.738	
2026-08-11 18:13:24,334 Num updates: 2040	Num frames 326400
2026-08-11 18:13:24,334 Average window size: 50  distance_to_goal: 0.438  distance_to_goal_reward: -0.000  reward: 3.584  spl: 0.643  success: 0.812
2026-08-11 18:13:24,334 	Perf Stats: trainer.rollout_collect: 0.292 trainer.sample_action: 0.003 trainer.obs_insert: 0.000 trainer.step_env: 0.005 trainer.update_stats: 0.001 trainer.update_agent: 0.035
2026-08-11 18:13:27,508 update: 2050	fps: 484.829	
2026-08-11 18:13:27,508 Num updates: 2050	Num frames 328000
2026-08-11 18:13:27,508 Average window size: 50  distance_to_goal: 0.474  distance_to_goal_reward: -0.000  reward: 3.518  spl: 0.652  success: 0.806
2026-08-11 18:13:27,508 	Perf Stats: trainer.rollout_collect: 0.292 trainer.sample_action: 0.003 trainer.obs_insert: 0.000 trainer.step_env: 0.005 trainer.update_stats: 0.001 trainer.update_agent: 0.035
2026-08-11 18:13:30,633 update: 2060	fps: 484.954	
2026-08-11 18:13:30,642 Num updates: 2060	Num frames 329600
2026-08-11 18:13:30,642 Average window size: 50  distance_to_goal: 0.508  distance_to_goal_reward: -0.000  reward: 3.515  spl: 0.674  success: 0.825
2026-08-11 18:13:30,642 	Perf Stats: trainer.rollout_collect: 0.292 trainer.sample_action: 0.003 trainer.obs_insert: 0.000 trainer.step_env: 0.005 trainer.update_stats: 0.001 trainer.update_agent: 0.035
2026-08-11 18:13:33,763 update: 2070	fps: 485.074	
2026-08-11 18:13:33,763 Num updates: 2070	Num frames 331200
2026-08-11 18:13:33,763 Average window size: 50  distance_to_goal: 0.585  distance_to_goal_reward: -0.000  reward: 3.491  spl: 0.657  success: 0.799
2026-08-11 18:13:33,763 	Perf Stats: trainer.rollout_collect: 0.292 trainer.sample_action: 0.003 trainer.obs_insert: 0.000 trainer.step_env: 0.005 trainer.update_stats: 0.001 trainer.update_agent: 0.035
2026-08-11 18:13:36,890 update: 2080	fps: 485.196	
2026-08-11 18:13:36,890 Num updates: 2080	Num frames 332800
2026-08-11 18:13:36,890 Average window size: 50  distance_to_goal: 0.541  distance_to_goal_reward: -0.001  reward: 3.600  spl: 0.658  success: 0.795
2026-08-11 18:13:36,890 	Perf Stats: trainer.rollout_collect: 0.292 trainer.sample_action: 0.003 trainer.obs_insert: 0.000 trainer.step_env: 0.005 trainer.update_stats: 0.001 trainer.update_agent: 0.035
PluginManager::Manager: duplicate static plugin StbImageImporter, ignoring
PluginManager::Manager: duplicate static plugin GltfImporter, ignoring
PluginManager::Manager: duplicate static plugin BasisImporter, ignoring
PluginManager::Manager: duplicate static plugin AssimpImporter, ignoring
PluginManager::Manager: duplicate static plugin AnySceneImporter, ignoring
PluginManager::Manager: duplicate static plugin AnyImageImporter, ignoring
Renderer: NVIDIA GeForce RTX 4070/PCIe/SSE2 by NVIDIA Corporation
OpenGL version: 4.6.0 NVIDIA 580.173.02
Using optional features:
    GL_ARB_vertex_array_object
    GL_ARB_separate_shader_objects
    GL_ARB_robustness
    GL_ARB_texture_storage
    GL_ARB_texture_view
    GL_ARB_framebuffer_no_attachments
    GL_ARB_invalidate_subdata
    GL_ARB_texture_storage_multisample
    GL_ARB_multi_bind
    GL_ARB_direct_state_access
    GL_ARB_get_texture_sub_image
    GL_ARB_texture_filter_anisotropic
    GL_KHR_debug
    GL_KHR_parallel_shader_compile
    GL_NV_depth_buffer_float
Using driver workarounds:
    no-forward-compatible-core-context
    nv-egl-incorrect-gl11-function-pointers
    no-layout-qualifiers-on-old-glsl
    nv-zero-context-profile-mask
    nv-implementation-color-read-format-dsa-broken
    nv-cubemap-inconsistent-compressed-image-size
    nv-cubemap-broken-full-compressed-image-query
    nv-compressed-block-size-in-bits
[18:13:38:222699]:[Warning]:[Scene] SemanticScene.h(331)::checkFileExists : ::loadSemanticSceneDescriptor: File `data/scene_datasets/habitat-test-scenes/van-gogh-room.scn` does not exist.  Aborting load.
[18:13:38:222716]:[Warning]:[Scene] SemanticScene.cpp(123)::loadSemanticSceneDescriptor : SSD File Naming Issue! Neither SemanticAttributes-provided name : `data/scene_datasets/habitat-test-scenes/van-gogh-room.scn` nor constructed filename : `data/scene_datasets/habitat-test-scenes/info_semantic.json` exist on disk.
[18:13:38:222720]:[Error]:[Scene] SemanticScene.cpp(139)::loadSemanticSceneDescriptor : SSD Load Failure! File with SemanticAttributes-provided name `data/scene_datasets/habitat-test-scenes/van-gogh-room.scn` exists but failed to load.
[18:13:38:679269]:[Warning]:[Sim] Simulator.cpp(595)::instanceStageForSceneAttributes : The active scene does not contain semantic annotations : activeSemanticSceneID_ = 0
2026-08-11 18:13:40,465 update: 2090	fps: 485.001	
2026-08-11 18:13:40,465 Num updates: 2090	Num frames 334400
2026-08-11 18:13:40,465 Average window size: 50  distance_to_goal: 0.436  distance_to_goal_reward: -0.001  reward: 3.720  spl: 0.662  success: 0.799
2026-08-11 18:13:40,465 	Perf Stats: trainer.rollout_collect: 0.292 trainer.sample_action: 0.003 trainer.obs_insert: 0.000 trainer.step_env: 0.005 trainer.update_stats: 0.001 trainer.update_agent: 0.035
2026-08-11 18:13:43,619 update: 2100	fps: 485.102	
2026-08-11 18:13:43,619 Num updates: 2100	Num frames 336000
2026-08-11 18:13:43,620 Average window size: 50  distance_to_goal: 0.376  distance_to_goal_reward: -0.001  reward: 3.947  spl: 0.687  success: 0.817
2026-08-11 18:13:43,620 	Perf Stats: trainer.rollout_collect: 0.292 trainer.sample_action: 0.003 trainer.obs_insert: 0.000 trainer.step_env: 0.005 trainer.update_stats: 0.001 trainer.update_agent: 0.035
2026-08-11 18:13:46,662 update: 2110	fps: 485.280	
2026-08-11 18:13:46,662 Num updates: 2110	Num frames 337600
2026-08-11 18:13:46,662 Average window size: 50  distance_to_goal: 0.284  distance_to_goal_reward: -0.001  reward: 3.959  spl: 0.680  success: 0.816
2026-08-11 18:13:46,662 	Perf Stats: trainer.rollout_collect: 0.292 trainer.sample_action: 0.003 trainer.obs_insert: 0.000 trainer.step_env: 0.005 trainer.update_stats: 0.001 trainer.update_agent: 0.035
2026-08-11 18:13:49,743 update: 2120	fps: 485.430	
2026-08-11 18:13:49,743 Num updates: 2120	Num frames 339200
2026-08-11 18:13:49,743 Average window size: 50  distance_to_goal: 0.271  distance_to_goal_reward: -0.001  reward: 3.795  spl: 0.689  success: 0.831
2026-08-11 18:13:49,743 	Perf Stats: trainer.rollout_collect: 0.292 trainer.sample_action: 0.003 trainer.obs_insert: 0.000 trainer.step_env: 0.005 trainer.update_stats: 0.001 trainer.update_agent: 0.035
2026-08-11 18:13:52,832 update: 2130	fps: 485.573	
2026-08-11 18:13:52,832 Num updates: 2130	Num frames 340800
2026-08-11 18:13:52,832 Average window size: 50  distance_to_goal: 0.257  distance_to_goal_reward: 0.000  reward: 3.649  spl: 0.678  success: 0.827
2026-08-11 18:13:52,833 	Perf Stats: trainer.rollout_collect: 0.292 trainer.sample_action: 0.003 trainer.obs_insert: 0.000 trainer.step_env: 0.005 trainer.update_stats: 0.001 trainer.update_agent: 0.035
2026-08-11 18:13:55,951 update: 2140	fps: 485.695	
2026-08-11 18:13:55,951 Num updates: 2140	Num frames 342400
2026-08-11 18:13:55,951 Average window size: 50  distance_to_goal: 0.220  distance_to_goal_reward: 0.000  reward: 3.716  spl: 0.688  success: 0.837
2026-08-11 18:13:55,951 	Perf Stats: trainer.rollout_collect: 0.292 trainer.sample_action: 0.003 trainer.obs_insert: 0.000 trainer.step_env: 0.005 trainer.update_stats: 0.001 trainer.update_agent: 0.035
2026-08-11 18:13:59,041 update: 2150	fps: 485.835	
2026-08-11 18:13:59,041 Num updates: 2150	Num frames 344000
2026-08-11 18:13:59,041 Average window size: 50  distance_to_goal: 0.209  distance_to_goal_reward: 0.000  reward: 3.690  spl: 0.698  success: 0.853
2026-08-11 18:13:59,041 	Perf Stats: trainer.rollout_collect: 0.292 trainer.sample_action: 0.003 trainer.obs_insert: 0.000 trainer.step_env: 0.005 trainer.update_stats: 0.001 trainer.update_agent: 0.035
PluginManager::Manager: duplicate static plugin StbImageImporter, ignoring
PluginManager::Manager: duplicate static plugin GltfImporter, ignoring
PluginManager::Manager: duplicate static plugin BasisImporter, ignoring
PluginManager::Manager: duplicate static plugin AssimpImporter, ignoring
PluginManager::Manager: duplicate static plugin AnySceneImporter, ignoring
PluginManager::Manager: duplicate static plugin AnyImageImporter, ignoring
Renderer: NVIDIA GeForce RTX 4070/PCIe/SSE2 by NVIDIA Corporation
OpenGL version: 4.6.0 NVIDIA 580.173.02
Using optional features:
    GL_ARB_vertex_array_object
    GL_ARB_separate_shader_objects
    GL_ARB_robustness
    GL_ARB_texture_storage
    GL_ARB_texture_view
    GL_ARB_framebuffer_no_attachments
    GL_ARB_invalidate_subdata
    GL_ARB_texture_storage_multisample
    GL_ARB_multi_bind
    GL_ARB_direct_state_access
    GL_ARB_get_texture_sub_image
    GL_ARB_texture_filter_anisotropic
    GL_KHR_debug
    GL_KHR_parallel_shader_compile
    GL_NV_depth_buffer_float
Using driver workarounds:
    no-forward-compatible-core-context
    nv-egl-incorrect-gl11-function-pointers
    no-layout-qualifiers-on-old-glsl
    nv-zero-context-profile-mask
    nv-implementation-color-read-format-dsa-broken
    nv-cubemap-inconsistent-compressed-image-size
    nv-cubemap-broken-full-compressed-image-query
    nv-compressed-block-size-in-bits
[18:13:59:752481]:[Warning]:[Scene] SemanticScene.h(331)::checkFileExists : ::loadSemanticSceneDescriptor: File `data/scene_datasets/habitat-test-scenes/skokloster-castle.scn` does not exist.  Aborting load.
[18:13:59:752498]:[Warning]:[Scene] SemanticScene.cpp(123)::loadSemanticSceneDescriptor : SSD File Naming Issue! Neither SemanticAttributes-provided name : `data/scene_datasets/habitat-test-scenes/skokloster-castle.scn` nor constructed filename : `data/scene_datasets/habitat-test-scenes/info_semantic.json` exist on disk.
[18:13:59:752503]:[Error]:[Scene] SemanticScene.cpp(139)::loadSemanticSceneDescriptor : SSD Load Failure! File with SemanticAttributes-provided name `data/scene_datasets/habitat-test-scenes/skokloster-castle.scn` exists but failed to load.
[18:14:00:374062]:[Warning]:[Sim] Simulator.cpp(595)::instanceStageForSceneAttributes : The active scene does not contain semantic annotations : activeSemanticSceneID_ = 0
PluginManager::Manager: duplicate static plugin StbImageImporter, ignoring
PluginManager::Manager: duplicate static plugin GltfImporter, ignoring
PluginManager::Manager: duplicate static plugin BasisImporter, ignoring
PluginManager::Manager: duplicate static plugin AssimpImporter, ignoring
PluginManager::Manager: duplicate static plugin AnySceneImporter, ignoring
PluginManager::Manager: duplicate static plugin AnyImageImporter, ignoring
Renderer: NVIDIA GeForce RTX 4070/PCIe/SSE2 by NVIDIA Corporation
OpenGL version: 4.6.0 NVIDIA 580.173.02
Using optional features:
    GL_ARB_vertex_array_object
    GL_ARB_separate_shader_objects
    GL_ARB_robustness
    GL_ARB_texture_storage
    GL_ARB_texture_view
    GL_ARB_framebuffer_no_attachments
    GL_ARB_invalidate_subdata
    GL_ARB_texture_storage_multisample
    GL_ARB_multi_bind
    GL_ARB_direct_state_access
    GL_ARB_get_texture_sub_image
    GL_ARB_texture_filter_anisotropic
    GL_KHR_debug
    GL_KHR_parallel_shader_compile
    GL_NV_depth_buffer_float
Using driver workarounds:
    no-forward-compatible-core-context
    nv-egl-incorrect-gl11-function-pointers
    no-layout-qualifiers-on-old-glsl
    nv-zero-context-profile-mask
    nv-implementation-color-read-format-dsa-broken
    nv-cubemap-inconsistent-compressed-image-size
    nv-cubemap-broken-full-compressed-image-query
    nv-compressed-block-size-in-bits
[18:14:02:186805]:[Warning]:[Scene] SemanticScene.h(331)::checkFileExists : ::loadSemanticSceneDescriptor: File `data/scene_datasets/habitat-test-scenes/skokloster-castle.scn` does not exist.  Aborting load.
[18:14:02:186822]:[Warning]:[Scene] SemanticScene.cpp(123)::loadSemanticSceneDescriptor : SSD File Naming Issue! Neither SemanticAttributes-provided name : `data/scene_datasets/habitat-test-scenes/skokloster-castle.scn` nor constructed filename : `data/scene_datasets/habitat-test-scenes/info_semantic.json` exist on disk.
[18:14:02:186827]:[Error]:[Scene] SemanticScene.cpp(139)::loadSemanticSceneDescriptor : SSD Load Failure! File with SemanticAttributes-provided name `data/scene_datasets/habitat-test-scenes/skokloster-castle.scn` exists but failed to load.
[18:14:02:810091]:[Warning]:[Sim] Simulator.cpp(595)::instanceStageForSceneAttributes : The active scene does not contain semantic annotations : activeSemanticSceneID_ = 0
2026-08-11 18:14:03,422 update: 2160	fps: 485.093	
2026-08-11 18:14:03,422 Num updates: 2160	Num frames 345600
2026-08-11 18:14:03,422 Average window size: 50  distance_to_goal: 0.196  distance_to_goal_reward: 0.000  reward: 3.928  spl: 0.715  success: 0.869
2026-08-11 18:14:03,422 	Perf Stats: trainer.rollout_collect: 0.292 trainer.sample_action: 0.003 trainer.obs_insert: 0.000 trainer.step_env: 0.005 trainer.update_stats: 0.001 trainer.update_agent: 0.035
2026-08-11 18:14:06,553 update: 2170	fps: 485.206	
2026-08-11 18:14:06,553 Num updates: 2170	Num frames 347200
2026-08-11 18:14:06,553 Average window size: 50  distance_to_goal: 0.141  distance_to_goal_reward: 0.000  reward: 4.115  spl: 0.733  success: 0.893
2026-08-11 18:14:06,553 	Perf Stats: trainer.rollout_collect: 0.292 trainer.sample_action: 0.003 trainer.obs_insert: 0.000 trainer.step_env: 0.005 trainer.update_stats: 0.001 trainer.update_agent: 0.035
PluginManager::Manager: duplicate static plugin StbImageImporter, ignoring
PluginManager::Manager: duplicate static plugin GltfImporter, ignoring
PluginManager::Manager: duplicate static plugin BasisImporter, ignoring
PluginManager::Manager: duplicate static plugin AssimpImporter, ignoring
PluginManager::Manager: duplicate static plugin AnySceneImporter, ignoring
PluginManager::Manager: duplicate static plugin AnyImageImporter, ignoring
Renderer: NVIDIA GeForce RTX 4070/PCIe/SSE2 by NVIDIA Corporation
OpenGL version: 4.6.0 NVIDIA 580.173.02
Using optional features:
    GL_ARB_vertex_array_object
    GL_ARB_separate_shader_objects
    GL_ARB_robustness
    GL_ARB_texture_storage
    GL_ARB_texture_view
    GL_ARB_framebuffer_no_attachments
    GL_ARB_invalidate_subdata
    GL_ARB_texture_storage_multisample
    GL_ARB_multi_bind
    GL_ARB_direct_state_access
    GL_ARB_get_texture_sub_image
    GL_ARB_texture_filter_anisotropic
    GL_KHR_debug
    GL_KHR_parallel_shader_compile
    GL_NV_depth_buffer_float
Using driver workarounds:
    no-forward-compatible-core-context
    nv-egl-incorrect-gl11-function-pointers
    no-layout-qualifiers-on-old-glsl
    nv-zero-context-profile-mask
    nv-implementation-color-read-format-dsa-broken
    nv-cubemap-inconsistent-compressed-image-size
    nv-cubemap-broken-full-compressed-image-query
    nv-compressed-block-size-in-bits
[18:14:08:675018]:[Warning]:[Scene] SemanticScene.h(331)::checkFileExists : ::loadSemanticSceneDescriptor: File `data/scene_datasets/habitat-test-scenes/van-gogh-room.scn` does not exist.  Aborting load.
[18:14:08:675034]:[Warning]:[Scene] SemanticScene.cpp(123)::loadSemanticSceneDescriptor : SSD File Naming Issue! Neither SemanticAttributes-provided name : `data/scene_datasets/habitat-test-scenes/van-gogh-room.scn` nor constructed filename : `data/scene_datasets/habitat-test-scenes/info_semantic.json` exist on disk.
[18:14:08:675039]:[Error]:[Scene] SemanticScene.cpp(139)::loadSemanticSceneDescriptor : SSD Load Failure! File with SemanticAttributes-provided name `data/scene_datasets/habitat-test-scenes/van-gogh-room.scn` exists but failed to load.
[18:14:09:107738]:[Warning]:[Sim] Simulator.cpp(595)::instanceStageForSceneAttributes : The active scene does not contain semantic annotations : activeSemanticSceneID_ = 0
2026-08-11 18:14:10,148 update: 2180	fps: 485.005	
2026-08-11 18:14:10,148 Num updates: 2180	Num frames 348800
2026-08-11 18:14:10,148 Average window size: 50  distance_to_goal: 0.253  distance_to_goal_reward: 0.000  reward: 4.129  spl: 0.739  success: 0.894
2026-08-11 18:14:10,148 	Perf Stats: trainer.rollout_collect: 0.292 trainer.sample_action: 0.003 trainer.obs_insert: 0.000 trainer.step_env: 0.005 trainer.update_stats: 0.001 trainer.update_agent: 0.035
2026-08-11 18:14:13,264 update: 2190	fps: 485.128	
2026-08-11 18:14:13,265 Num updates: 2190	Num frames 350400
2026-08-11 18:14:13,265 Average window size: 50  distance_to_goal: 0.266  distance_to_goal_reward: 0.000  reward: 4.335  spl: 0.751  success: 0.908
2026-08-11 18:14:13,265 	Perf Stats: trainer.rollout_collect: 0.292 trainer.sample_action: 0.003 trainer.obs_insert: 0.000 trainer.step_env: 0.005 trainer.update_stats: 0.001 trainer.update_agent: 0.035
2026-08-11 18:14:16,507 update: 2200	fps: 485.165	
2026-08-11 18:14:16,507 Num updates: 2200	Num frames 352000
2026-08-11 18:14:16,507 Average window size: 50  distance_to_goal: 0.321  distance_to_goal_reward: 0.000  reward: 4.378  spl: 0.754  success: 0.895
2026-08-11 18:14:16,508 	Perf Stats: trainer.rollout_collect: 0.292 trainer.sample_action: 0.003 trainer.obs_insert: 0.000 trainer.step_env: 0.005 trainer.update_stats: 0.001 trainer.update_agent: 0.035
2026-08-11 18:14:19,592 update: 2210	fps: 485.307	
2026-08-11 18:14:19,592 Num updates: 2210	Num frames 353600
2026-08-11 18:14:19,592 Average window size: 50  distance_to_goal: 0.327  distance_to_goal_reward: 0.000  reward: 4.169  spl: 0.751  success: 0.887
2026-08-11 18:14:19,592 	Perf Stats: trainer.rollout_collect: 0.292 trainer.sample_action: 0.003 trainer.obs_insert: 0.000 trainer.step_env: 0.005 trainer.update_stats: 0.001 trainer.update_agent: 0.035
2026-08-11 18:14:22,641 update: 2220	fps: 485.471	
2026-08-11 18:14:22,642 Num updates: 2220	Num frames 355200
2026-08-11 18:14:22,642 Average window size: 50  distance_to_goal: 0.482  distance_to_goal_reward: 0.000  reward: 3.886  spl: 0.707  success: 0.829
2026-08-11 18:14:22,642 	Perf Stats: trainer.rollout_collect: 0.292 trainer.sample_action: 0.003 trainer.obs_insert: 0.000 trainer.step_env: 0.005 trainer.update_stats: 0.001 trainer.update_agent: 0.035
2026-08-11 18:14:25,712 update: 2230	fps: 485.620	
2026-08-11 18:14:25,712 Num updates: 2230	Num frames 356800
2026-08-11 18:14:25,712 Average window size: 50  distance_to_goal: 0.384  distance_to_goal_reward: 0.000  reward: 3.890  spl: 0.696  success: 0.821
2026-08-11 18:14:25,712 	Perf Stats: trainer.rollout_collect: 0.292 trainer.sample_action: 0.003 trainer.obs_insert: 0.000 trainer.step_env: 0.005 trainer.update_stats: 0.001 trainer.update_agent: 0.035
2026-08-11 18:14:28,795 update: 2240	fps: 485.759	
2026-08-11 18:14:28,795 Num updates: 2240	Num frames 358400
2026-08-11 18:14:28,795 Average window size: 50  distance_to_goal: 0.432  distance_to_goal_reward: 0.000  reward: 3.655  spl: 0.686  success: 0.828
2026-08-11 18:14:28,795 	Perf Stats: trainer.rollout_collect: 0.292 trainer.sample_action: 0.003 trainer.obs_insert: 0.000 trainer.step_env: 0.005 trainer.update_stats: 0.001 trainer.update_agent: 0.035
2026-08-11 18:14:31,877 update: 2250	fps: 485.898	
2026-08-11 18:14:31,878 Num updates: 2250	Num frames 360000
2026-08-11 18:14:31,878 Average window size: 50  distance_to_goal: 0.482  distance_to_goal_reward: 0.000  reward: 3.357  spl: 0.615  success: 0.779
2026-08-11 18:14:31,878 	Perf Stats: trainer.rollout_collect: 0.292 trainer.sample_action: 0.003 trainer.obs_insert: 0.000 trainer.step_env: 0.005 trainer.update_stats: 0.001 trainer.update_agent: 0.035
2026-08-11 18:14:34,988 update: 2260	fps: 486.017	
2026-08-11 18:14:34,988 Num updates: 2260	Num frames 361600
2026-08-11 18:14:34,988 Average window size: 50  distance_to_goal: 0.466  distance_to_goal_reward: 0.000  reward: 3.827  spl: 0.607  success: 0.785
2026-08-11 18:14:34,988 	Perf Stats: trainer.rollout_collect: 0.291 trainer.sample_action: 0.003 trainer.obs_insert: 0.000 trainer.step_env: 0.005 trainer.update_stats: 0.001 trainer.update_agent: 0.035
2026-08-11 18:14:38,088 update: 2270	fps: 486.142	
2026-08-11 18:14:38,097 Num updates: 2270	Num frames 363200
2026-08-11 18:14:38,097 Average window size: 50  distance_to_goal: 0.272  distance_to_goal_reward: 0.000  reward: 4.421  spl: 0.665  success: 0.848
2026-08-11 18:14:38,097 	Perf Stats: trainer.rollout_collect: 0.291 trainer.sample_action: 0.003 trainer.obs_insert: 0.000 trainer.step_env: 0.005 trainer.update_stats: 0.001 trainer.update_agent: 0.035
2026-08-11 18:14:41,203 update: 2280	fps: 486.256	
2026-08-11 18:14:41,203 Num updates: 2280	Num frames 364800
2026-08-11 18:14:41,203 Average window size: 50  distance_to_goal: 0.237  distance_to_goal_reward: 0.000  reward: 4.642  spl: 0.694  success: 0.892
2026-08-11 18:14:41,203 	Perf Stats: trainer.rollout_collect: 0.291 trainer.sample_action: 0.003 trainer.obs_insert: 0.000 trainer.step_env: 0.005 trainer.update_stats: 0.001 trainer.update_agent: 0.035
2026-08-11 18:14:44,279 update: 2290	fps: 486.395	
2026-08-11 18:14:44,279 Num updates: 2290	Num frames 366400
2026-08-11 18:14:44,279 Average window size: 50  distance_to_goal: 0.280  distance_to_goal_reward: 0.000  reward: 4.532  spl: 0.700  success: 0.885
2026-08-11 18:14:44,279 	Perf Stats: trainer.rollout_collect: 0.291 trainer.sample_action: 0.003 trainer.obs_insert: 0.000 trainer.step_env: 0.005 trainer.update_stats: 0.001 trainer.update_agent: 0.035
2026-08-11 18:14:47,576 update: 2300	fps: 486.390	
2026-08-11 18:14:47,576 Num updates: 2300	Num frames 368000
2026-08-11 18:14:47,576 Average window size: 50  distance_to_goal: 0.252  distance_to_goal_reward: 0.000  reward: 4.582  spl: 0.743  success: 0.921
2026-08-11 18:14:47,576 	Perf Stats: trainer.rollout_collect: 0.291 trainer.sample_action: 0.003 trainer.obs_insert: 0.000 trainer.step_env: 0.005 trainer.update_stats: 0.001 trainer.update_agent: 0.035
PluginManager::Manager: duplicate static plugin StbImageImporter, ignoring
PluginManager::Manager: duplicate static plugin GltfImporter, ignoring
PluginManager::Manager: duplicate static plugin BasisImporter, ignoring
PluginManager::Manager: duplicate static plugin AssimpImporter, ignoring
PluginManager::Manager: duplicate static plugin AnySceneImporter, ignoring
PluginManager::Manager: duplicate static plugin AnyImageImporter, ignoring
Renderer: NVIDIA GeForce RTX 4070/PCIe/SSE2 by NVIDIA Corporation
OpenGL version: 4.6.0 NVIDIA 580.173.02
Using optional features:
    GL_ARB_vertex_array_object
    GL_ARB_separate_shader_objects
    GL_ARB_robustness
    GL_ARB_texture_storage
    GL_ARB_texture_view
    GL_ARB_framebuffer_no_attachments
    GL_ARB_invalidate_subdata
    GL_ARB_texture_storage_multisample
    GL_ARB_multi_bind
    GL_ARB_direct_state_access
    GL_ARB_get_texture_sub_image
    GL_ARB_texture_filter_anisotropic
    GL_KHR_debug
    GL_KHR_parallel_shader_compile
    GL_NV_depth_buffer_float
Using driver workarounds:
    no-forward-compatible-core-context
    nv-egl-incorrect-gl11-function-pointers
    no-layout-qualifiers-on-old-glsl
    nv-zero-context-profile-mask
    nv-implementation-color-read-format-dsa-broken
    nv-cubemap-inconsistent-compressed-image-size
    nv-cubemap-broken-full-compressed-image-query
    nv-compressed-block-size-in-bits
[18:14:48:723605]:[Warning]:[Scene] SemanticScene.h(331)::checkFileExists : ::loadSemanticSceneDescriptor: File `data/scene_datasets/habitat-test-scenes/skokloster-castle.scn` does not exist.  Aborting load.
[18:14:48:723620]:[Warning]:[Scene] SemanticScene.cpp(123)::loadSemanticSceneDescriptor : SSD File Naming Issue! Neither SemanticAttributes-provided name : `data/scene_datasets/habitat-test-scenes/skokloster-castle.scn` nor constructed filename : `data/scene_datasets/habitat-test-scenes/info_semantic.json` exist on disk.
[18:14:48:723625]:[Error]:[Scene] SemanticScene.cpp(139)::loadSemanticSceneDescriptor : SSD Load Failure! File with SemanticAttributes-provided name `data/scene_datasets/habitat-test-scenes/skokloster-castle.scn` exists but failed to load.
[18:14:49:331932]:[Warning]:[Sim] Simulator.cpp(595)::instanceStageForSceneAttributes : The active scene does not contain semantic annotations : activeSemanticSceneID_ = 0
2026-08-11 18:14:51,331 update: 2310	fps: 486.092	
2026-08-11 18:14:51,331 Num updates: 2310	Num frames 369600
2026-08-11 18:14:51,331 Average window size: 50  distance_to_goal: 0.314  distance_to_goal_reward: 0.000  reward: 4.297  spl: 0.751  success: 0.920
2026-08-11 18:14:51,332 	Perf Stats: trainer.rollout_collect: 0.291 trainer.sample_action: 0.003 trainer.obs_insert: 0.000 trainer.step_env: 0.005 trainer.update_stats: 0.001 trainer.update_agent: 0.035
2026-08-11 18:14:54,498 update: 2320	fps: 486.171	
2026-08-11 18:14:54,498 Num updates: 2320	Num frames 371200
2026-08-11 18:14:54,498 Average window size: 50  distance_to_goal: 0.313  distance_to_goal_reward: 0.000  reward: 4.269  spl: 0.754  success: 0.919
2026-08-11 18:14:54,498 	Perf Stats: trainer.rollout_collect: 0.291 trainer.sample_action: 0.003 trainer.obs_insert: 0.000 trainer.step_env: 0.005 trainer.update_stats: 0.001 trainer.update_agent: 0.035
2026-08-11 18:14:57,634 update: 2330	fps: 486.269	
2026-08-11 18:14:57,635 Num updates: 2330	Num frames 372800
2026-08-11 18:14:57,635 Average window size: 50  distance_to_goal: 0.310  distance_to_goal_reward: 0.000  reward: 4.380  spl: 0.753  success: 0.897
2026-08-11 18:14:57,635 	Perf Stats: trainer.rollout_collect: 0.291 trainer.sample_action: 0.003 trainer.obs_insert: 0.000 trainer.step_env: 0.005 trainer.update_stats: 0.001 trainer.update_agent: 0.035
2026-08-11 18:15:00,754 update: 2340	fps: 486.377	
2026-08-11 18:15:00,754 Num updates: 2340	Num frames 374400
2026-08-11 18:15:00,754 Average window size: 50  distance_to_goal: 0.242  distance_to_goal_reward: 0.000  reward: 4.754  spl: 0.757  success: 0.899
2026-08-11 18:15:00,754 	Perf Stats: trainer.rollout_collect: 0.291 trainer.sample_action: 0.003 trainer.obs_insert: 0.000 trainer.step_env: 0.005 trainer.update_stats: 0.001 trainer.update_agent: 0.035
2026-08-11 18:15:03,883 update: 2350	fps: 486.478	
2026-08-11 18:15:03,884 Num updates: 2350	Num frames 376000
2026-08-11 18:15:03,884 Average window size: 50  distance_to_goal: 0.219  distance_to_goal_reward: 0.000  reward: 4.878  spl: 0.712  success: 0.839
2026-08-11 18:15:03,884 	Perf Stats: trainer.rollout_collect: 0.291 trainer.sample_action: 0.003 trainer.obs_insert: 0.000 trainer.step_env: 0.005 trainer.update_stats: 0.001 trainer.update_agent: 0.035
2026-08-11 18:15:06,993 update: 2360	fps: 486.591	
2026-08-11 18:15:06,993 Num updates: 2360	Num frames 377600
2026-08-11 18:15:06,993 Average window size: 50  distance_to_goal: 0.342  distance_to_goal_reward: -0.002  reward: 4.688  spl: 0.700  success: 0.824
2026-08-11 18:15:06,993 	Perf Stats: trainer.rollout_collect: 0.291 trainer.sample_action: 0.003 trainer.obs_insert: 0.000 trainer.step_env: 0.005 trainer.update_stats: 0.001 trainer.update_agent: 0.035
2026-08-11 18:15:10,145 update: 2370	fps: 486.675	
2026-08-11 18:15:10,146 Num updates: 2370	Num frames 379200
2026-08-11 18:15:10,146 Average window size: 50  distance_to_goal: 0.395  distance_to_goal_reward: -0.002  reward: 4.649  spl: 0.697  success: 0.826
2026-08-11 18:15:10,146 	Perf Stats: trainer.rollout_collect: 0.291 trainer.sample_action: 0.003 trainer.obs_insert: 0.000 trainer.step_env: 0.005 trainer.update_stats: 0.001 trainer.update_agent: 0.035
PluginManager::Manager: duplicate static plugin StbImageImporter, ignoring
PluginManager::Manager: duplicate static plugin GltfImporter, ignoring
PluginManager::Manager: duplicate static plugin BasisImporter, ignoring
PluginManager::Manager: duplicate static plugin AssimpImporter, ignoring
PluginManager::Manager: duplicate static plugin AnySceneImporter, ignoring
PluginManager::Manager: duplicate static plugin AnyImageImporter, ignoring
Renderer: NVIDIA GeForce RTX 4070/PCIe/SSE2 by NVIDIA Corporation
OpenGL version: 4.6.0 NVIDIA 580.173.02
Using optional features:
    GL_ARB_vertex_array_object
    GL_ARB_separate_shader_objects
    GL_ARB_robustness
    GL_ARB_texture_storage
    GL_ARB_texture_view
    GL_ARB_framebuffer_no_attachments
    GL_ARB_invalidate_subdata
    GL_ARB_texture_storage_multisample
    GL_ARB_multi_bind
    GL_ARB_direct_state_access
    GL_ARB_get_texture_sub_image
    GL_ARB_texture_filter_anisotropic
    GL_KHR_debug
    GL_KHR_parallel_shader_compile
    GL_NV_depth_buffer_float
Using driver workarounds:
    no-forward-compatible-core-context
    nv-egl-incorrect-gl11-function-pointers
    no-layout-qualifiers-on-old-glsl
    nv-zero-context-profile-mask
    nv-implementation-color-read-format-dsa-broken
    nv-cubemap-inconsistent-compressed-image-size
    nv-cubemap-broken-full-compressed-image-query
    nv-compressed-block-size-in-bits
[18:15:10:599385]:[Warning]:[Scene] SemanticScene.h(331)::checkFileExists : ::loadSemanticSceneDescriptor: File `data/scene_datasets/habitat-test-scenes/skokloster-castle.scn` does not exist.  Aborting load.
[18:15:10:599400]:[Warning]:[Scene] SemanticScene.cpp(123)::loadSemanticSceneDescriptor : SSD File Naming Issue! Neither SemanticAttributes-provided name : `data/scene_datasets/habitat-test-scenes/skokloster-castle.scn` nor constructed filename : `data/scene_datasets/habitat-test-scenes/info_semantic.json` exist on disk.
[18:15:10:599406]:[Error]:[Scene] SemanticScene.cpp(139)::loadSemanticSceneDescriptor : SSD Load Failure! File with SemanticAttributes-provided name `data/scene_datasets/habitat-test-scenes/skokloster-castle.scn` exists but failed to load.
[18:15:11:220171]:[Warning]:[Sim] Simulator.cpp(595)::instanceStageForSceneAttributes : The active scene does not contain semantic annotations : activeSemanticSceneID_ = 0
2026-08-11 18:15:13,961 update: 2380	fps: 486.347	
2026-08-11 18:15:13,962 Num updates: 2380	Num frames 380800
2026-08-11 18:15:13,962 Average window size: 50  distance_to_goal: 0.491  distance_to_goal_reward: -0.002  reward: 4.598  spl: 0.690  success: 0.824
2026-08-11 18:15:13,962 	Perf Stats: trainer.rollout_collect: 0.291 trainer.sample_action: 0.003 trainer.obs_insert: 0.000 trainer.step_env: 0.005 trainer.update_stats: 0.001 trainer.update_agent: 0.035
2026-08-11 18:15:17,158 update: 2390	fps: 486.404	
2026-08-11 18:15:17,158 Num updates: 2390	Num frames 382400
2026-08-11 18:15:17,158 Average window size: 50  distance_to_goal: 0.781  distance_to_goal_reward: -0.002  reward: 4.410  spl: 0.664  success: 0.789
2026-08-11 18:15:17,158 	Perf Stats: trainer.rollout_collect: 0.291 trainer.sample_action: 0.003 trainer.obs_insert: 0.000 trainer.step_env: 0.005 trainer.update_stats: 0.001 trainer.update_agent: 0.035
2026-08-11 18:15:20,441 update: 2400	fps: 486.408	
2026-08-11 18:15:20,441 Num updates: 2400	Num frames 384000
2026-08-11 18:15:20,441 Average window size: 50  distance_to_goal: 0.833  distance_to_goal_reward: -0.002  reward: 4.679  spl: 0.701  success: 0.836
2026-08-11 18:15:20,441 	Perf Stats: trainer.rollout_collect: 0.291 trainer.sample_action: 0.003 trainer.obs_insert: 0.000 trainer.step_env: 0.005 trainer.update_stats: 0.001 trainer.update_agent: 0.035
2026-08-11 18:15:23,626 update: 2410	fps: 486.473	
2026-08-11 18:15:23,626 Num updates: 2410	Num frames 385600
2026-08-11 18:15:23,626 Average window size: 50  distance_to_goal: 1.083  distance_to_goal_reward: 0.000  reward: 4.604  spl: 0.686  success: 0.810
2026-08-11 18:15:23,626 	Perf Stats: trainer.rollout_collect: 0.291 trainer.sample_action: 0.003 trainer.obs_insert: 0.000 trainer.step_env: 0.005 trainer.update_stats: 0.001 trainer.update_agent: 0.035
2026-08-11 18:15:26,805 update: 2420	fps: 486.540	
2026-08-11 18:15:26,805 Num updates: 2420	Num frames 387200
2026-08-11 18:15:26,805 Average window size: 50  distance_to_goal: 1.132  distance_to_goal_reward: 0.000  reward: 4.920  spl: 0.692  success: 0.818
2026-08-11 18:15:26,805 	Perf Stats: trainer.rollout_collect: 0.291 trainer.sample_action: 0.003 trainer.obs_insert: 0.000 trainer.step_env: 0.005 trainer.update_stats: 0.001 trainer.update_agent: 0.035
PluginManager::Manager: duplicate static plugin StbImageImporter, ignoring
PluginManager::Manager: duplicate static plugin GltfImporter, ignoring
PluginManager::Manager: duplicate static plugin BasisImporter, ignoring
PluginManager::Manager: duplicate static plugin AssimpImporter, ignoring
PluginManager::Manager: duplicate static plugin AnySceneImporter, ignoring
PluginManager::Manager: duplicate static plugin AnyImageImporter, ignoring
Renderer: NVIDIA GeForce RTX 4070/PCIe/SSE2 by NVIDIA Corporation
OpenGL version: 4.6.0 NVIDIA 580.173.02
Using optional features:
    GL_ARB_vertex_array_object
    GL_ARB_separate_shader_objects
    GL_ARB_robustness
    GL_ARB_texture_storage
    GL_ARB_texture_view
    GL_ARB_framebuffer_no_attachments
    GL_ARB_invalidate_subdata
    GL_ARB_texture_storage_multisample
    GL_ARB_multi_bind
    GL_ARB_direct_state_access
    GL_ARB_get_texture_sub_image
    GL_ARB_texture_filter_anisotropic
    GL_KHR_debug
    GL_KHR_parallel_shader_compile
    GL_NV_depth_buffer_float
Using driver workarounds:
    no-forward-compatible-core-context
    nv-egl-incorrect-gl11-function-pointers
    no-layout-qualifiers-on-old-glsl
    nv-zero-context-profile-mask
    nv-implementation-color-read-format-dsa-broken
    nv-cubemap-inconsistent-compressed-image-size
    nv-cubemap-broken-full-compressed-image-query
    nv-compressed-block-size-in-bits
[18:15:28:562641]:[Warning]:[Scene] SemanticScene.h(331)::checkFileExists : ::loadSemanticSceneDescriptor: File `data/scene_datasets/habitat-test-scenes/van-gogh-room.scn` does not exist.  Aborting load.
[18:15:28:562657]:[Warning]:[Scene] SemanticScene.cpp(123)::loadSemanticSceneDescriptor : SSD File Naming Issue! Neither SemanticAttributes-provided name : `data/scene_datasets/habitat-test-scenes/van-gogh-room.scn` nor constructed filename : `data/scene_datasets/habitat-test-scenes/info_semantic.json` exist on disk.
[18:15:28:562662]:[Error]:[Scene] SemanticScene.cpp(139)::loadSemanticSceneDescriptor : SSD Load Failure! File with SemanticAttributes-provided name `data/scene_datasets/habitat-test-scenes/van-gogh-room.scn` exists but failed to load.
[18:15:29:004487]:[Warning]:[Sim] Simulator.cpp(595)::instanceStageForSceneAttributes : The active scene does not contain semantic annotations : activeSemanticSceneID_ = 0
2026-08-11 18:15:30,424 update: 2430	fps: 486.339	
2026-08-11 18:15:30,424 Num updates: 2430	Num frames 388800
2026-08-11 18:15:30,424 Average window size: 50  distance_to_goal: 1.043  distance_to_goal_reward: 0.000  reward: 5.117  spl: 0.699  success: 0.837
2026-08-11 18:15:30,424 	Perf Stats: trainer.rollout_collect: 0.291 trainer.sample_action: 0.003 trainer.obs_insert: 0.000 trainer.step_env: 0.005 trainer.update_stats: 0.001 trainer.update_agent: 0.035
2026-08-11 18:15:33,580 update: 2440	fps: 486.420	
2026-08-11 18:15:33,580 Num updates: 2440	Num frames 390400
2026-08-11 18:15:33,580 Average window size: 50  distance_to_goal: 0.721  distance_to_goal_reward: 0.000  reward: 5.127  spl: 0.712  success: 0.865
2026-08-11 18:15:33,580 	Perf Stats: trainer.rollout_collect: 0.291 trainer.sample_action: 0.003 trainer.obs_insert: 0.000 trainer.step_env: 0.005 trainer.update_stats: 0.001 trainer.update_agent: 0.035
PluginManager::Manager: duplicate static plugin StbImageImporter, ignoring
PluginManager::Manager: duplicate static plugin GltfImporter, ignoring
PluginManager::Manager: duplicate static plugin BasisImporter, ignoring
PluginManager::Manager: duplicate static plugin AssimpImporter, ignoring
PluginManager::Manager: duplicate static plugin AnySceneImporter, ignoring
PluginManager::Manager: duplicate static plugin AnyImageImporter, ignoring
Renderer: NVIDIA GeForce RTX 4070/PCIe/SSE2 by NVIDIA Corporation
OpenGL version: 4.6.0 NVIDIA 580.173.02
Using optional features:
    GL_ARB_vertex_array_object
    GL_ARB_separate_shader_objects
    GL_ARB_robustness
    GL_ARB_texture_storage
    GL_ARB_texture_view
    GL_ARB_framebuffer_no_attachments
    GL_ARB_invalidate_subdata
    GL_ARB_texture_storage_multisample
    GL_ARB_multi_bind
    GL_ARB_direct_state_access
    GL_ARB_get_texture_sub_image
    GL_ARB_texture_filter_anisotropic
    GL_KHR_debug
    GL_KHR_parallel_shader_compile
    GL_NV_depth_buffer_float
Using driver workarounds:
    no-forward-compatible-core-context
    nv-egl-incorrect-gl11-function-pointers
    no-layout-qualifiers-on-old-glsl
    nv-zero-context-profile-mask
    nv-implementation-color-read-format-dsa-broken
    nv-cubemap-inconsistent-compressed-image-size
    nv-cubemap-broken-full-compressed-image-query
    nv-compressed-block-size-in-bits
[18:15:34:744335]:[Warning]:[Scene] SemanticScene.h(331)::checkFileExists : ::loadSemanticSceneDescriptor: File `data/scene_datasets/habitat-test-scenes/skokloster-castle.scn` does not exist.  Aborting load.
[18:15:34:744352]:[Warning]:[Scene] SemanticScene.cpp(123)::loadSemanticSceneDescriptor : SSD File Naming Issue! Neither SemanticAttributes-provided name : `data/scene_datasets/habitat-test-scenes/skokloster-castle.scn` nor constructed filename : `data/scene_datasets/habitat-test-scenes/info_semantic.json` exist on disk.
[18:15:34:744356]:[Error]:[Scene] SemanticScene.cpp(139)::loadSemanticSceneDescriptor : SSD Load Failure! File with SemanticAttributes-provided name `data/scene_datasets/habitat-test-scenes/skokloster-castle.scn` exists but failed to load.
[18:15:35:347764]:[Warning]:[Sim] Simulator.cpp(595)::instanceStageForSceneAttributes : The active scene does not contain semantic annotations : activeSemanticSceneID_ = 0
PluginManager::Manager: duplicate static plugin StbImageImporter, ignoring
PluginManager::Manager: duplicate static plugin GltfImporter, ignoring
PluginManager::Manager: duplicate static plugin BasisImporter, ignoring
PluginManager::Manager: duplicate static plugin AssimpImporter, ignoring
PluginManager::Manager: duplicate static plugin AnySceneImporter, ignoring
PluginManager::Manager: duplicate static plugin AnyImageImporter, ignoring
Renderer: NVIDIA GeForce RTX 4070/PCIe/SSE2 by NVIDIA Corporation
OpenGL version: 4.6.0 NVIDIA 580.173.02
Using optional features:
    GL_ARB_vertex_array_object
    GL_ARB_separate_shader_objects
    GL_ARB_robustness
    GL_ARB_texture_storage
    GL_ARB_texture_view
    GL_ARB_framebuffer_no_attachments
    GL_ARB_invalidate_subdata
    GL_ARB_texture_storage_multisample
    GL_ARB_multi_bind
    GL_ARB_direct_state_access
    GL_ARB_get_texture_sub_image
    GL_ARB_texture_filter_anisotropic
    GL_KHR_debug
    GL_KHR_parallel_shader_compile
    GL_NV_depth_buffer_float
Using driver workarounds:
    no-forward-compatible-core-context
    nv-egl-incorrect-gl11-function-pointers
    no-layout-qualifiers-on-old-glsl
    nv-zero-context-profile-mask
    nv-implementation-color-read-format-dsa-broken
    nv-cubemap-inconsistent-compressed-image-size
    nv-cubemap-broken-full-compressed-image-query
    nv-compressed-block-size-in-bits
[18:15:36:602000]:[Warning]:[Scene] SemanticScene.h(331)::checkFileExists : ::loadSemanticSceneDescriptor: File `data/scene_datasets/habitat-test-scenes/van-gogh-room.scn` does not exist.  Aborting load.
[18:15:36:602016]:[Warning]:[Scene] SemanticScene.cpp(123)::loadSemanticSceneDescriptor : SSD File Naming Issue! Neither SemanticAttributes-provided name : `data/scene_datasets/habitat-test-scenes/van-gogh-room.scn` nor constructed filename : `data/scene_datasets/habitat-test-scenes/info_semantic.json` exist on disk.
[18:15:36:602021]:[Error]:[Scene] SemanticScene.cpp(139)::loadSemanticSceneDescriptor : SSD Load Failure! File with SemanticAttributes-provided name `data/scene_datasets/habitat-test-scenes/van-gogh-room.scn` exists but failed to load.
[18:15:37:045431]:[Warning]:[Sim] Simulator.cpp(595)::instanceStageForSceneAttributes : The active scene does not contain semantic annotations : activeSemanticSceneID_ = 0
2026-08-11 18:15:37,824 update: 2450	fps: 485.844	
2026-08-11 18:15:37,824 Num updates: 2450	Num frames 392000
2026-08-11 18:15:37,824 Average window size: 50  distance_to_goal: 0.758  distance_to_goal_reward: 0.000  reward: 5.043  spl: 0.697  success: 0.854
2026-08-11 18:15:37,824 	Perf Stats: trainer.rollout_collect: 0.292 trainer.sample_action: 0.003 trainer.obs_insert: 0.000 trainer.step_env: 0.005 trainer.update_stats: 0.001 trainer.update_agent: 0.035
2026-08-11 18:15:40,991 update: 2460	fps: 485.920	
2026-08-11 18:15:40,991 Num updates: 2460	Num frames 393600
2026-08-11 18:15:40,991 Average window size: 50  distance_to_goal: 0.498  distance_to_goal_reward: 0.000  reward: 5.234  spl: 0.688  success: 0.857
2026-08-11 18:15:40,991 	Perf Stats: trainer.rollout_collect: 0.292 trainer.sample_action: 0.003 trainer.obs_insert: 0.000 trainer.step_env: 0.005 trainer.update_stats: 0.001 trainer.update_agent: 0.035
2026-08-11 18:15:44,164 update: 2470	fps: 485.991	
2026-08-11 18:15:44,164 Num updates: 2470	Num frames 395200
2026-08-11 18:15:44,164 Average window size: 50  distance_to_goal: 0.540  distance_to_goal_reward: 0.000  reward: 4.752  spl: 0.687  success: 0.858
2026-08-11 18:15:44,164 	Perf Stats: trainer.rollout_collect: 0.291 trainer.sample_action: 0.003 trainer.obs_insert: 0.000 trainer.step_env: 0.005 trainer.update_stats: 0.001 trainer.update_agent: 0.035
2026-08-11 18:15:47,313 update: 2480	fps: 486.076	
2026-08-11 18:15:47,313 Num updates: 2480	Num frames 396800
2026-08-11 18:15:47,314 Average window size: 50  distance_to_goal: 0.490  distance_to_goal_reward: 0.000  reward: 4.682  spl: 0.689  success: 0.867
2026-08-11 18:15:47,314 	Perf Stats: trainer.rollout_collect: 0.291 trainer.sample_action: 0.003 trainer.obs_insert: 0.000 trainer.step_env: 0.005 trainer.update_stats: 0.001 trainer.update_agent: 0.035
2026-08-11 18:15:50,463 update: 2490	fps: 486.160	
2026-08-11 18:15:50,463 Num updates: 2490	Num frames 398400
2026-08-11 18:15:50,463 Average window size: 50  distance_to_goal: 0.658  distance_to_goal_reward: 0.000  reward: 4.480  spl: 0.680  success: 0.850
2026-08-11 18:15:50,464 	Perf Stats: trainer.rollout_collect: 0.291 trainer.sample_action: 0.003 trainer.obs_insert: 0.000 trainer.step_env: 0.005 trainer.update_stats: 0.001 trainer.update_agent: 0.035
2026-08-11 18:15:53,718 update: 2500	fps: 486.183	
2026-08-11 18:15:53,718 Num updates: 2500	Num frames 400000
2026-08-11 18:15:53,718 Average window size: 50  distance_to_goal: 0.567  distance_to_goal_reward: 0.000  reward: 4.755  spl: 0.703  success: 0.874
2026-08-11 18:15:53,718 	Perf Stats: trainer.rollout_collect: 0.291 trainer.sample_action: 0.003 trainer.obs_insert: 0.000 trainer.step_env: 0.005 trainer.update_stats: 0.001 trainer.update_agent: 0.035
2026-08-11 18:15:56,934 update: 2510	fps: 486.226	
2026-08-11 18:15:56,934 Num updates: 2510	Num frames 401600
2026-08-11 18:15:56,934 Average window size: 50  distance_to_goal: 0.441  distance_to_goal_reward: 0.000  reward: 4.819  spl: 0.718  success: 0.894
2026-08-11 18:15:56,934 	Perf Stats: trainer.rollout_collect: 0.291 trainer.sample_action: 0.003 trainer.obs_insert: 0.000 trainer.step_env: 0.005 trainer.update_stats: 0.001 trainer.update_agent: 0.035
2026-08-11 18:16:00,102 update: 2520	fps: 486.298	
2026-08-11 18:16:00,103 Num updates: 2520	Num frames 403200
2026-08-11 18:16:00,103 Average window size: 50  distance_to_goal: 0.445  distance_to_goal_reward: 0.000  reward: 4.956  spl: 0.718  success: 0.897
2026-08-11 18:16:00,103 	Perf Stats: trainer.rollout_collect: 0.291 trainer.sample_action: 0.003 trainer.obs_insert: 0.000 trainer.step_env: 0.005 trainer.update_stats: 0.001 trainer.update_agent: 0.035
2026-08-11 18:16:03,264 update: 2530	fps: 486.373	
2026-08-11 18:16:03,264 Num updates: 2530	Num frames 404800
2026-08-11 18:16:03,264 Average window size: 50  distance_to_goal: 0.447  distance_to_goal_reward: 0.000  reward: 4.939  spl: 0.711  success: 0.882
2026-08-11 18:16:03,264 	Perf Stats: trainer.rollout_collect: 0.291 trainer.sample_action: 0.003 trainer.obs_insert: 0.000 trainer.step_env: 0.005 trainer.update_stats: 0.001 trainer.update_agent: 0.035
2026-08-11 18:16:06,429 update: 2540	fps: 486.445	
2026-08-11 18:16:06,430 Num updates: 2540	Num frames 406400
2026-08-11 18:16:06,430 Average window size: 50  distance_to_goal: 0.212  distance_to_goal_reward: 0.000  reward: 5.226  spl: 0.743  success: 0.924
2026-08-11 18:16:06,430 	Perf Stats: trainer.rollout_collect: 0.291 trainer.sample_action: 0.003 trainer.obs_insert: 0.000 trainer.step_env: 0.005 trainer.update_stats: 0.001 trainer.update_agent: 0.035
2026-08-11 18:16:09,578 update: 2550	fps: 486.527	
2026-08-11 18:16:09,578 Num updates: 2550	Num frames 408000
2026-08-11 18:16:09,578 Average window size: 50  distance_to_goal: 0.320  distance_to_goal_reward: 0.000  reward: 4.686  spl: 0.723  success: 0.903
2026-08-11 18:16:09,578 	Perf Stats: trainer.rollout_collect: 0.291 trainer.sample_action: 0.003 trainer.obs_insert: 0.000 trainer.step_env: 0.005 trainer.update_stats: 0.001 trainer.update_agent: 0.035
2026-08-11 18:16:12,733 update: 2560	fps: 486.604	
2026-08-11 18:16:12,733 Num updates: 2560	Num frames 409600
2026-08-11 18:16:12,733 Average window size: 50  distance_to_goal: 0.318  distance_to_goal_reward: 0.000  reward: 4.391  spl: 0.724  success: 0.899
2026-08-11 18:16:12,733 	Perf Stats: trainer.rollout_collect: 0.291 trainer.sample_action: 0.003 trainer.obs_insert: 0.000 trainer.step_env: 0.005 trainer.update_stats: 0.001 trainer.update_agent: 0.035
2026-08-11 18:16:15,875 update: 2570	fps: 486.688	
2026-08-11 18:16:15,875 Num updates: 2570	Num frames 411200
2026-08-11 18:16:15,875 Average window size: 50  distance_to_goal: 0.418  distance_to_goal_reward: 0.000  reward: 4.178  spl: 0.699  success: 0.870
2026-08-11 18:16:15,875 	Perf Stats: trainer.rollout_collect: 0.291 trainer.sample_action: 0.003 trainer.obs_insert: 0.000 trainer.step_env: 0.005 trainer.update_stats: 0.001 trainer.update_agent: 0.035
2026-08-11 18:16:19,022 update: 2580	fps: 486.769	
2026-08-11 18:16:19,023 Num updates: 2580	Num frames 412800
2026-08-11 18:16:19,023 Average window size: 50  distance_to_goal: 0.554  distance_to_goal_reward: 0.000  reward: 3.938  spl: 0.656  success: 0.832
2026-08-11 18:16:19,023 	Perf Stats: trainer.rollout_collect: 0.291 trainer.sample_action: 0.003 trainer.obs_insert: 0.000 trainer.step_env: 0.005 trainer.update_stats: 0.001 trainer.update_agent: 0.035
2026-08-11 18:16:22,160 update: 2590	fps: 486.854	
2026-08-11 18:16:22,160 Num updates: 2590	Num frames 414400
2026-08-11 18:16:22,160 Average window size: 50  distance_to_goal: 0.612  distance_to_goal_reward: 0.000  reward: 3.837  spl: 0.619  success: 0.791
2026-08-11 18:16:22,160 	Perf Stats: trainer.rollout_collect: 0.291 trainer.sample_action: 0.003 trainer.obs_insert: 0.000 trainer.step_env: 0.005 trainer.update_stats: 0.001 trainer.update_agent: 0.035
PluginManager::Manager: duplicate static plugin StbImageImporter, ignoring
PluginManager::Manager: duplicate static plugin GltfImporter, ignoring
PluginManager::Manager: duplicate static plugin BasisImporter, ignoring
PluginManager::Manager: duplicate static plugin AssimpImporter, ignoring
PluginManager::Manager: duplicate static plugin AnySceneImporter, ignoring
PluginManager::Manager: duplicate static plugin AnyImageImporter, ignoring
Renderer: NVIDIA GeForce RTX 4070/PCIe/SSE2 by NVIDIA Corporation
OpenGL version: 4.6.0 NVIDIA 580.173.02
Using optional features:
    GL_ARB_vertex_array_object
    GL_ARB_separate_shader_objects
    GL_ARB_robustness
    GL_ARB_texture_storage
    GL_ARB_texture_view
    GL_ARB_framebuffer_no_attachments
    GL_ARB_invalidate_subdata
    GL_ARB_texture_storage_multisample
    GL_ARB_multi_bind
    GL_ARB_direct_state_access
    GL_ARB_get_texture_sub_image
    GL_ARB_texture_filter_anisotropic
    GL_KHR_debug
    GL_KHR_parallel_shader_compile
    GL_NV_depth_buffer_float
Using driver workarounds:
    no-forward-compatible-core-context
    nv-egl-incorrect-gl11-function-pointers
    no-layout-qualifiers-on-old-glsl
    nv-zero-context-profile-mask
    nv-implementation-color-read-format-dsa-broken
    nv-cubemap-inconsistent-compressed-image-size
    nv-cubemap-broken-full-compressed-image-query
    nv-compressed-block-size-in-bits
[18:16:23:136508]:[Warning]:[Scene] SemanticScene.h(331)::checkFileExists : ::loadSemanticSceneDescriptor: File `data/scene_datasets/habitat-test-scenes/van-gogh-room.scn` does not exist.  Aborting load.
[18:16:23:136524]:[Warning]:[Scene] SemanticScene.cpp(123)::loadSemanticSceneDescriptor : SSD File Naming Issue! Neither SemanticAttributes-provided name : `data/scene_datasets/habitat-test-scenes/van-gogh-room.scn` nor constructed filename : `data/scene_datasets/habitat-test-scenes/info_semantic.json` exist on disk.
[18:16:23:136530]:[Error]:[Scene] SemanticScene.cpp(139)::loadSemanticSceneDescriptor : SSD Load Failure! File with SemanticAttributes-provided name `data/scene_datasets/habitat-test-scenes/van-gogh-room.scn` exists but failed to load.
[18:16:23:577352]:[Warning]:[Sim] Simulator.cpp(595)::instanceStageForSceneAttributes : The active scene does not contain semantic annotations : activeSemanticSceneID_ = 0
2026-08-11 18:16:25,860 update: 2600	fps: 486.619	
2026-08-11 18:16:25,860 Num updates: 2600	Num frames 416000
2026-08-11 18:16:25,860 Average window size: 50  distance_to_goal: 0.580  distance_to_goal_reward: 0.000  reward: 3.806  spl: 0.615  success: 0.791
2026-08-11 18:16:25,860 	Perf Stats: trainer.rollout_collect: 0.291 trainer.sample_action: 0.003 trainer.obs_insert: 0.000 trainer.step_env: 0.005 trainer.update_stats: 0.001 trainer.update_agent: 0.035
2026-08-11 18:16:28,981 update: 2610	fps: 486.713	
2026-08-11 18:16:28,981 Num updates: 2610	Num frames 417600
2026-08-11 18:16:28,981 Average window size: 50  distance_to_goal: 0.518  distance_to_goal_reward: 0.000  reward: 3.778  spl: 0.640  success: 0.810
2026-08-11 18:16:28,981 	Perf Stats: trainer.rollout_collect: 0.291 trainer.sample_action: 0.003 trainer.obs_insert: 0.000 trainer.step_env: 0.005 trainer.update_stats: 0.001 trainer.update_agent: 0.035
2026-08-11 18:16:32,100 update: 2620	fps: 486.808	
2026-08-11 18:16:32,100 Num updates: 2620	Num frames 419200
2026-08-11 18:16:32,100 Average window size: 50  distance_to_goal: 0.382  distance_to_goal_reward: 0.000  reward: 4.003  spl: 0.655  success: 0.836
2026-08-11 18:16:32,100 	Perf Stats: trainer.rollout_collect: 0.291 trainer.sample_action: 0.003 trainer.obs_insert: 0.000 trainer.step_env: 0.005 trainer.update_stats: 0.001 trainer.update_agent: 0.035
2026-08-11 18:16:35,220 update: 2630	fps: 486.902	
2026-08-11 18:16:35,220 Num updates: 2630	Num frames 420800
2026-08-11 18:16:35,221 Average window size: 50  distance_to_goal: 0.264  distance_to_goal_reward: 0.000  reward: 4.176  spl: 0.695  success: 0.884
2026-08-11 18:16:35,221 	Perf Stats: trainer.rollout_collect: 0.291 trainer.sample_action: 0.003 trainer.obs_insert: 0.000 trainer.step_env: 0.005 trainer.update_stats: 0.001 trainer.update_agent: 0.035
2026-08-11 18:16:38,346 update: 2640	fps: 486.992	
2026-08-11 18:16:38,346 Num updates: 2640	Num frames 422400
2026-08-11 18:16:38,346 Average window size: 50  distance_to_goal: 0.244  distance_to_goal_reward: 0.000  reward: 4.258  spl: 0.724  success: 0.915
2026-08-11 18:16:38,347 	Perf Stats: trainer.rollout_collect: 0.291 trainer.sample_action: 0.003 trainer.obs_insert: 0.000 trainer.step_env: 0.005 trainer.update_stats: 0.001 trainer.update_agent: 0.035
2026-08-11 18:16:41,471 update: 2650	fps: 487.082	
2026-08-11 18:16:41,471 Num updates: 2650	Num frames 424000
2026-08-11 18:16:41,471 Average window size: 50  distance_to_goal: 0.215  distance_to_goal_reward: 0.000  reward: 4.257  spl: 0.729  success: 0.911
2026-08-11 18:16:41,471 	Perf Stats: trainer.rollout_collect: 0.291 trainer.sample_action: 0.003 trainer.obs_insert: 0.000 trainer.step_env: 0.005 trainer.update_stats: 0.001 trainer.update_agent: 0.035
2026-08-11 18:16:44,622 update: 2660	fps: 487.156	
2026-08-11 18:16:44,623 Num updates: 2660	Num frames 425600
2026-08-11 18:16:44,623 Average window size: 50  distance_to_goal: 0.243  distance_to_goal_reward: 0.000  reward: 4.388  spl: 0.745  success: 0.918
2026-08-11 18:16:44,623 	Perf Stats: trainer.rollout_collect: 0.291 trainer.sample_action: 0.003 trainer.obs_insert: 0.000 trainer.step_env: 0.005 trainer.update_stats: 0.001 trainer.update_agent: 0.035
2026-08-11 18:16:47,778 update: 2670	fps: 487.228	
2026-08-11 18:16:47,778 Num updates: 2670	Num frames 427200
2026-08-11 18:16:47,778 Average window size: 50  distance_to_goal: 0.208  distance_to_goal_reward: 0.000  reward: 4.371  spl: 0.748  success: 0.902
2026-08-11 18:16:47,778 	Perf Stats: trainer.rollout_collect: 0.291 trainer.sample_action: 0.003 trainer.obs_insert: 0.000 trainer.step_env: 0.005 trainer.update_stats: 0.001 trainer.update_agent: 0.035
PluginManager::Manager: duplicate static plugin StbImageImporter, ignoring
PluginManager::Manager: duplicate static plugin GltfImporter, ignoring
PluginManager::Manager: duplicate static plugin BasisImporter, ignoring
PluginManager::Manager: duplicate static plugin AssimpImporter, ignoring
PluginManager::Manager: duplicate static plugin AnySceneImporter, ignoring
PluginManager::Manager: duplicate static plugin AnyImageImporter, ignoring
Renderer: NVIDIA GeForce RTX 4070/PCIe/SSE2 by NVIDIA Corporation
OpenGL version: 4.6.0 NVIDIA 580.173.02
Using optional features:
    GL_ARB_vertex_array_object
    GL_ARB_separate_shader_objects
    GL_ARB_robustness
    GL_ARB_texture_storage
    GL_ARB_texture_view
    GL_ARB_framebuffer_no_attachments
    GL_ARB_invalidate_subdata
    GL_ARB_texture_storage_multisample
    GL_ARB_multi_bind
    GL_ARB_direct_state_access
    GL_ARB_get_texture_sub_image
    GL_ARB_texture_filter_anisotropic
    GL_KHR_debug
    GL_KHR_parallel_shader_compile
    GL_NV_depth_buffer_float
Using driver workarounds:
    no-forward-compatible-core-context
    nv-egl-incorrect-gl11-function-pointers
    no-layout-qualifiers-on-old-glsl
    nv-zero-context-profile-mask
    nv-implementation-color-read-format-dsa-broken
    nv-cubemap-inconsistent-compressed-image-size
    nv-cubemap-broken-full-compressed-image-query
    nv-compressed-block-size-in-bits
[18:16:50:427683]:[Warning]:[Scene] SemanticScene.h(331)::checkFileExists : ::loadSemanticSceneDescriptor: File `data/scene_datasets/habitat-test-scenes/van-gogh-room.scn` does not exist.  Aborting load.
[18:16:50:427699]:[Warning]:[Scene] SemanticScene.cpp(123)::loadSemanticSceneDescriptor : SSD File Naming Issue! Neither SemanticAttributes-provided name : `data/scene_datasets/habitat-test-scenes/van-gogh-room.scn` nor constructed filename : `data/scene_datasets/habitat-test-scenes/info_semantic.json` exist on disk.
[18:16:50:427704]:[Error]:[Scene] SemanticScene.cpp(139)::loadSemanticSceneDescriptor : SSD Load Failure! File with SemanticAttributes-provided name `data/scene_datasets/habitat-test-scenes/van-gogh-room.scn` exists but failed to load.
[18:16:50:883641]:[Warning]:[Sim] Simulator.cpp(595)::instanceStageForSceneAttributes : The active scene does not contain semantic annotations : activeSemanticSceneID_ = 0
2026-08-11 18:16:51,387 update: 2680	fps: 487.048	
2026-08-11 18:16:51,387 Num updates: 2680	Num frames 428800
2026-08-11 18:16:51,387 Average window size: 50  distance_to_goal: 0.275  distance_to_goal_reward: 0.000  reward: 4.050  spl: 0.732  success: 0.871
2026-08-11 18:16:51,387 	Perf Stats: trainer.rollout_collect: 0.291 trainer.sample_action: 0.003 trainer.obs_insert: 0.000 trainer.step_env: 0.005 trainer.update_stats: 0.001 trainer.update_agent: 0.035
2026-08-11 18:16:54,458 update: 2690	fps: 487.166	
2026-08-11 18:16:54,458 Num updates: 2690	Num frames 430400
2026-08-11 18:16:54,458 Average window size: 50  distance_to_goal: 0.321  distance_to_goal_reward: 0.000  reward: 3.810  spl: 0.715  success: 0.852
2026-08-11 18:16:54,458 	Perf Stats: trainer.rollout_collect: 0.291 trainer.sample_action: 0.003 trainer.obs_insert: 0.000 trainer.step_env: 0.005 trainer.update_stats: 0.001 trainer.update_agent: 0.035
2026-08-11 18:16:57,620 update: 2700	fps: 487.233	
2026-08-11 18:16:57,620 Num updates: 2700	Num frames 432000
2026-08-11 18:16:57,620 Average window size: 50  distance_to_goal: 0.283  distance_to_goal_reward: 0.000  reward: 3.808  spl: 0.715  success: 0.857
2026-08-11 18:16:57,620 	Perf Stats: trainer.rollout_collect: 0.291 trainer.sample_action: 0.003 trainer.obs_insert: 0.000 trainer.step_env: 0.005 trainer.update_stats: 0.001 trainer.update_agent: 0.035
PluginManager::Manager: duplicate static plugin StbImageImporter, ignoring
PluginManager::Manager: duplicate static plugin GltfImporter, ignoring
PluginManager::Manager: duplicate static plugin BasisImporter, ignoring
PluginManager::Manager: duplicate static plugin AssimpImporter, ignoring
PluginManager::Manager: duplicate static plugin AnySceneImporter, ignoring
PluginManager::Manager: duplicate static plugin AnyImageImporter, ignoring
Renderer: NVIDIA GeForce RTX 4070/PCIe/SSE2 by NVIDIA Corporation
OpenGL version: 4.6.0 NVIDIA 580.173.02
Using optional features:
    GL_ARB_vertex_array_object
    GL_ARB_separate_shader_objects
    GL_ARB_robustness
    GL_ARB_texture_storage
    GL_ARB_texture_view
    GL_ARB_framebuffer_no_attachments
    GL_ARB_invalidate_subdata
    GL_ARB_texture_storage_multisample
    GL_ARB_multi_bind
    GL_ARB_direct_state_access
    GL_ARB_get_texture_sub_image
    GL_ARB_texture_filter_anisotropic
    GL_KHR_debug
    GL_KHR_parallel_shader_compile
    GL_NV_depth_buffer_float
Using driver workarounds:
    no-forward-compatible-core-context
    nv-egl-incorrect-gl11-function-pointers
    no-layout-qualifiers-on-old-glsl
    nv-zero-context-profile-mask
    nv-implementation-color-read-format-dsa-broken
    nv-cubemap-inconsistent-compressed-image-size
    nv-cubemap-broken-full-compressed-image-query
    nv-compressed-block-size-in-bits
[18:16:58:143258]:[Warning]:[Scene] SemanticScene.h(331)::checkFileExists : ::loadSemanticSceneDescriptor: File `data/scene_datasets/habitat-test-scenes/skokloster-castle.scn` does not exist.  Aborting load.
[18:16:58:143274]:[Warning]:[Scene] SemanticScene.cpp(123)::loadSemanticSceneDescriptor : SSD File Naming Issue! Neither SemanticAttributes-provided name : `data/scene_datasets/habitat-test-scenes/skokloster-castle.scn` nor constructed filename : `data/scene_datasets/habitat-test-scenes/info_semantic.json` exist on disk.
[18:16:58:143279]:[Error]:[Scene] SemanticScene.cpp(139)::loadSemanticSceneDescriptor : SSD Load Failure! File with SemanticAttributes-provided name `data/scene_datasets/habitat-test-scenes/skokloster-castle.scn` exists but failed to load.
[18:16:58:761879]:[Warning]:[Sim] Simulator.cpp(595)::instanceStageForSceneAttributes : The active scene does not contain semantic annotations : activeSemanticSceneID_ = 0
2026-08-11 18:17:01,343 update: 2710	fps: 486.993	
2026-08-11 18:17:01,343 Num updates: 2710	Num frames 433600
2026-08-11 18:17:01,343 Average window size: 50  distance_to_goal: 0.292  distance_to_goal_reward: 0.000  reward: 3.634  spl: 0.700  success: 0.849
2026-08-11 18:17:01,343 	Perf Stats: trainer.rollout_collect: 0.291 trainer.sample_action: 0.003 trainer.obs_insert: 0.000 trainer.step_env: 0.005 trainer.update_stats: 0.001 trainer.update_agent: 0.035
2026-08-11 18:17:04,447 update: 2720	fps: 487.092	
2026-08-11 18:17:04,447 Num updates: 2720	Num frames 435200
2026-08-11 18:17:04,447 Average window size: 50  distance_to_goal: 0.366  distance_to_goal_reward: -0.001  reward: 3.464  spl: 0.714  success: 0.870
2026-08-11 18:17:04,447 	Perf Stats: trainer.rollout_collect: 0.291 trainer.sample_action: 0.003 trainer.obs_insert: 0.000 trainer.step_env: 0.005 trainer.update_stats: 0.001 trainer.update_agent: 0.035
2026-08-11 18:17:07,560 update: 2730	fps: 487.185	
2026-08-11 18:17:07,560 Num updates: 2730	Num frames 436800
2026-08-11 18:17:07,560 Average window size: 50  distance_to_goal: 0.298  distance_to_goal_reward: -0.001  reward: 3.725  spl: 0.740  success: 0.901
2026-08-11 18:17:07,560 	Perf Stats: trainer.rollout_collect: 0.291 trainer.sample_action: 0.003 trainer.obs_insert: 0.000 trainer.step_env: 0.005 trainer.update_stats: 0.001 trainer.update_agent: 0.035
2026-08-11 18:17:10,652 update: 2740	fps: 487.289	
2026-08-11 18:17:10,652 Num updates: 2740	Num frames 438400
2026-08-11 18:17:10,652 Average window size: 50  distance_to_goal: 0.286  distance_to_goal_reward: -0.001  reward: 3.800  spl: 0.757  success: 0.910
2026-08-11 18:17:10,652 	Perf Stats: trainer.rollout_collect: 0.291 trainer.sample_action: 0.003 trainer.obs_insert: 0.000 trainer.step_env: 0.005 trainer.update_stats: 0.001 trainer.update_agent: 0.035
PluginManager::Manager: duplicate static plugin StbImageImporter, ignoring
PluginManager::Manager: duplicate static plugin GltfImporter, ignoring
PluginManager::Manager: duplicate static plugin BasisImporter, ignoring
PluginManager::Manager: duplicate static plugin AssimpImporter, ignoring
PluginManager::Manager: duplicate static plugin AnySceneImporter, ignoring
PluginManager::Manager: duplicate static plugin AnyImageImporter, ignoring
Renderer: NVIDIA GeForce RTX 4070/PCIe/SSE2 by NVIDIA Corporation
OpenGL version: 4.6.0 NVIDIA 580.173.02
Using optional features:
    GL_ARB_vertex_array_object
    GL_ARB_separate_shader_objects
    GL_ARB_robustness
    GL_ARB_texture_storage
    GL_ARB_texture_view
    GL_ARB_framebuffer_no_attachments
    GL_ARB_invalidate_subdata
    GL_ARB_texture_storage_multisample
    GL_ARB_multi_bind
    GL_ARB_direct_state_access
    GL_ARB_get_texture_sub_image
    GL_ARB_texture_filter_anisotropic
    GL_KHR_debug
    GL_KHR_parallel_shader_compile
    GL_NV_depth_buffer_float
Using driver workarounds:
    no-forward-compatible-core-context
    nv-egl-incorrect-gl11-function-pointers
    no-layout-qualifiers-on-old-glsl
    nv-zero-context-profile-mask
    nv-implementation-color-read-format-dsa-broken
    nv-cubemap-inconsistent-compressed-image-size
    nv-cubemap-broken-full-compressed-image-query
    nv-compressed-block-size-in-bits
[18:17:13:296372]:[Warning]:[Scene] SemanticScene.h(331)::checkFileExists : ::loadSemanticSceneDescriptor: File `data/scene_datasets/habitat-test-scenes/van-gogh-room.scn` does not exist.  Aborting load.
[18:17:13:296387]:[Warning]:[Scene] SemanticScene.cpp(123)::loadSemanticSceneDescriptor : SSD File Naming Issue! Neither SemanticAttributes-provided name : `data/scene_datasets/habitat-test-scenes/van-gogh-room.scn` nor constructed filename : `data/scene_datasets/habitat-test-scenes/info_semantic.json` exist on disk.
[18:17:13:296392]:[Error]:[Scene] SemanticScene.cpp(139)::loadSemanticSceneDescriptor : SSD Load Failure! File with SemanticAttributes-provided name `data/scene_datasets/habitat-test-scenes/van-gogh-room.scn` exists but failed to load.
[18:17:13:730668]:[Warning]:[Sim] Simulator.cpp(595)::instanceStageForSceneAttributes : The active scene does not contain semantic annotations : activeSemanticSceneID_ = 0
2026-08-11 18:17:14,191 update: 2750	fps: 487.152	
2026-08-11 18:17:14,191 Num updates: 2750	Num frames 440000
2026-08-11 18:17:14,191 Average window size: 50  distance_to_goal: 0.343  distance_to_goal_reward: -0.002  reward: 3.936  spl: 0.757  success: 0.908
2026-08-11 18:17:14,191 	Perf Stats: trainer.rollout_collect: 0.291 trainer.sample_action: 0.003 trainer.obs_insert: 0.000 trainer.step_env: 0.005 trainer.update_stats: 0.001 trainer.update_agent: 0.035
PluginManager::Manager: duplicate static plugin StbImageImporter, ignoring
PluginManager::Manager: duplicate static plugin GltfImporter, ignoring
PluginManager::Manager: duplicate static plugin BasisImporter, ignoring
PluginManager::Manager: duplicate static plugin AssimpImporter, ignoring
PluginManager::Manager: duplicate static plugin AnySceneImporter, ignoring
PluginManager::Manager: duplicate static plugin AnyImageImporter, ignoring
Renderer: NVIDIA GeForce RTX 4070/PCIe/SSE2 by NVIDIA Corporation
OpenGL version: 4.6.0 NVIDIA 580.173.02
Using optional features:
    GL_ARB_vertex_array_object
    GL_ARB_separate_shader_objects
    GL_ARB_robustness
    GL_ARB_texture_storage
    GL_ARB_texture_view
    GL_ARB_framebuffer_no_attachments
    GL_ARB_invalidate_subdata
    GL_ARB_texture_storage_multisample
    GL_ARB_multi_bind
    GL_ARB_direct_state_access
    GL_ARB_get_texture_sub_image
    GL_ARB_texture_filter_anisotropic
    GL_KHR_debug
    GL_KHR_parallel_shader_compile
    GL_NV_depth_buffer_float
Using driver workarounds:
    no-forward-compatible-core-context
    nv-egl-incorrect-gl11-function-pointers
    no-layout-qualifiers-on-old-glsl
    nv-zero-context-profile-mask
    nv-implementation-color-read-format-dsa-broken
    nv-cubemap-inconsistent-compressed-image-size
    nv-cubemap-broken-full-compressed-image-query
    nv-compressed-block-size-in-bits
[18:17:15:638274]:[Warning]:[Scene] SemanticScene.h(331)::checkFileExists : ::loadSemanticSceneDescriptor: File `data/scene_datasets/habitat-test-scenes/skokloster-castle.scn` does not exist.  Aborting load.
[18:17:15:638290]:[Warning]:[Scene] SemanticScene.cpp(123)::loadSemanticSceneDescriptor : SSD File Naming Issue! Neither SemanticAttributes-provided name : `data/scene_datasets/habitat-test-scenes/skokloster-castle.scn` nor constructed filename : `data/scene_datasets/habitat-test-scenes/info_semantic.json` exist on disk.
[18:17:15:638295]:[Error]:[Scene] SemanticScene.cpp(139)::loadSemanticSceneDescriptor : SSD Load Failure! File with SemanticAttributes-provided name `data/scene_datasets/habitat-test-scenes/skokloster-castle.scn` exists but failed to load.
[18:17:16:258577]:[Warning]:[Sim] Simulator.cpp(595)::instanceStageForSceneAttributes : The active scene does not contain semantic annotations : activeSemanticSceneID_ = 0
2026-08-11 18:17:17,853 update: 2760	fps: 486.948	
2026-08-11 18:17:17,854 Num updates: 2760	Num frames 441600
2026-08-11 18:17:17,854 Average window size: 50  distance_to_goal: 0.317  distance_to_goal_reward: -0.001  reward: 3.973  spl: 0.766  success: 0.897
2026-08-11 18:17:17,854 	Perf Stats: trainer.rollout_collect: 0.291 trainer.sample_action: 0.003 trainer.obs_insert: 0.000 trainer.step_env: 0.005 trainer.update_stats: 0.001 trainer.update_agent: 0.035
2026-08-11 18:17:20,881 update: 2770	fps: 487.086	
2026-08-11 18:17:20,881 Num updates: 2770	Num frames 443200
2026-08-11 18:17:20,882 Average window size: 50  distance_to_goal: 0.262  distance_to_goal_reward: 0.000  reward: 4.057  spl: 0.733  success: 0.877
2026-08-11 18:17:20,882 	Perf Stats: trainer.rollout_collect: 0.291 trainer.sample_action: 0.003 trainer.obs_insert: 0.000 trainer.step_env: 0.005 trainer.update_stats: 0.001 trainer.update_agent: 0.035
2026-08-11 18:17:23,952 update: 2780	fps: 487.200	
2026-08-11 18:17:23,953 Num updates: 2780	Num frames 444800
2026-08-11 18:17:23,953 Average window size: 50  distance_to_goal: 0.336  distance_to_goal_reward: -0.001  reward: 3.896  spl: 0.713  success: 0.854
2026-08-11 18:17:23,953 	Perf Stats: trainer.rollout_collect: 0.291 trainer.sample_action: 0.003 trainer.obs_insert: 0.000 trainer.step_env: 0.005 trainer.update_stats: 0.001 trainer.update_agent: 0.035
2026-08-11 18:17:27,027 update: 2790	fps: 487.312	
2026-08-11 18:17:27,027 Num updates: 2790	Num frames 446400
2026-08-11 18:17:27,027 Average window size: 50  distance_to_goal: 0.295  distance_to_goal_reward: -0.001  reward: 4.162  spl: 0.708  success: 0.862
2026-08-11 18:17:27,027 	Perf Stats: trainer.rollout_collect: 0.291 trainer.sample_action: 0.003 trainer.obs_insert: 0.000 trainer.step_env: 0.005 trainer.update_stats: 0.001 trainer.update_agent: 0.035
2026-08-11 18:17:30,197 update: 2800	fps: 487.372	
2026-08-11 18:17:30,197 Num updates: 2800	Num frames 448000
2026-08-11 18:17:30,197 Average window size: 50  distance_to_goal: 0.251  distance_to_goal_reward: 0.002  reward: 4.146  spl: 0.714  success: 0.879
2026-08-11 18:17:30,197 	Perf Stats: trainer.rollout_collect: 0.291 trainer.sample_action: 0.003 trainer.obs_insert: 0.000 trainer.step_env: 0.005 trainer.update_stats: 0.001 trainer.update_agent: 0.035
2026-08-11 18:17:33,265 update: 2810	fps: 487.485	
2026-08-11 18:17:33,265 Num updates: 2810	Num frames 449600
2026-08-11 18:17:33,265 Average window size: 50  distance_to_goal: 0.229  distance_to_goal_reward: 0.001  reward: 4.265  spl: 0.727  success: 0.908
2026-08-11 18:17:33,265 	Perf Stats: trainer.rollout_collect: 0.290 trainer.sample_action: 0.003 trainer.obs_insert: 0.000 trainer.step_env: 0.005 trainer.update_stats: 0.001 trainer.update_agent: 0.035
2026-08-11 18:17:36,318 update: 2820	fps: 487.606	
2026-08-11 18:17:36,319 Num updates: 2820	Num frames 451200
2026-08-11 18:17:36,319 Average window size: 50  distance_to_goal: 0.208  distance_to_goal_reward: 0.001  reward: 4.376  spl: 0.750  success: 0.913
2026-08-11 18:17:36,319 	Perf Stats: trainer.rollout_collect: 0.290 trainer.sample_action: 0.003 trainer.obs_insert: 0.000 trainer.step_env: 0.005 trainer.update_stats: 0.001 trainer.update_agent: 0.035
2026-08-11 18:17:39,368 update: 2830	fps: 487.727	
2026-08-11 18:17:39,369 Num updates: 2830	Num frames 452800
2026-08-11 18:17:39,369 Average window size: 50  distance_to_goal: 0.254  distance_to_goal_reward: 0.002  reward: 4.249  spl: 0.754  success: 0.913
2026-08-11 18:17:39,369 	Perf Stats: trainer.rollout_collect: 0.290 trainer.sample_action: 0.003 trainer.obs_insert: 0.000 trainer.step_env: 0.005 trainer.update_stats: 0.001 trainer.update_agent: 0.035
2026-08-11 18:17:42,446 update: 2840	fps: 487.833	
2026-08-11 18:17:42,447 Num updates: 2840	Num frames 454400
2026-08-11 18:17:42,447 Average window size: 50  distance_to_goal: 0.292  distance_to_goal_reward: 0.002  reward: 4.126  spl: 0.753  success: 0.892
2026-08-11 18:17:42,447 	Perf Stats: trainer.rollout_collect: 0.290 trainer.sample_action: 0.003 trainer.obs_insert: 0.000 trainer.step_env: 0.005 trainer.update_stats: 0.001 trainer.update_agent: 0.035
2026-08-11 18:17:45,533 update: 2850	fps: 487.934	
2026-08-11 18:17:45,533 Num updates: 2850	Num frames 456000
2026-08-11 18:17:45,534 Average window size: 50  distance_to_goal: 0.261  distance_to_goal_reward: 0.000  reward: 4.189  spl: 0.779  success: 0.913
2026-08-11 18:17:45,534 	Perf Stats: trainer.rollout_collect: 0.290 trainer.sample_action: 0.003 trainer.obs_insert: 0.000 trainer.step_env: 0.005 trainer.update_stats: 0.001 trainer.update_agent: 0.035
2026-08-11 18:17:48,580 update: 2860	fps: 488.055	
2026-08-11 18:17:48,580 Num updates: 2860	Num frames 457600
2026-08-11 18:17:48,580 Average window size: 50  distance_to_goal: 0.316  distance_to_goal_reward: 0.000  reward: 3.943  spl: 0.752  success: 0.870
2026-08-11 18:17:48,580 	Perf Stats: trainer.rollout_collect: 0.290 trainer.sample_action: 0.003 trainer.obs_insert: 0.000 trainer.step_env: 0.005 trainer.update_stats: 0.001 trainer.update_agent: 0.035
PluginManager::Manager: duplicate static plugin StbImageImporter, ignoring
PluginManager::Manager: duplicate static plugin GltfImporter, ignoring
PluginManager::Manager: duplicate static plugin BasisImporter, ignoring
PluginManager::Manager: duplicate static plugin AssimpImporter, ignoring
PluginManager::Manager: duplicate static plugin AnySceneImporter, ignoring
PluginManager::Manager: duplicate static plugin AnyImageImporter, ignoring
Renderer: NVIDIA GeForce RTX 4070/PCIe/SSE2 by NVIDIA Corporation
OpenGL version: 4.6.0 NVIDIA 580.173.02
Using optional features:
    GL_ARB_vertex_array_object
    GL_ARB_separate_shader_objects
    GL_ARB_robustness
    GL_ARB_texture_storage
    GL_ARB_texture_view
    GL_ARB_framebuffer_no_attachments
    GL_ARB_invalidate_subdata
    GL_ARB_texture_storage_multisample
    GL_ARB_multi_bind
    GL_ARB_direct_state_access
    GL_ARB_get_texture_sub_image
    GL_ARB_texture_filter_anisotropic
    GL_KHR_debug
    GL_KHR_parallel_shader_compile
    GL_NV_depth_buffer_float
Using driver workarounds:
    no-forward-compatible-core-context
    nv-egl-incorrect-gl11-function-pointers
    no-layout-qualifiers-on-old-glsl
    nv-zero-context-profile-mask
    nv-implementation-color-read-format-dsa-broken
    nv-cubemap-inconsistent-compressed-image-size
    nv-cubemap-broken-full-compressed-image-query
    nv-compressed-block-size-in-bits
[18:17:51:087219]:[Warning]:[Scene] SemanticScene.h(331)::checkFileExists : ::loadSemanticSceneDescriptor: File `data/scene_datasets/habitat-test-scenes/skokloster-castle.scn` does not exist.  Aborting load.
[18:17:51:087236]:[Warning]:[Scene] SemanticScene.cpp(123)::loadSemanticSceneDescriptor : SSD File Naming Issue! Neither SemanticAttributes-provided name : `data/scene_datasets/habitat-test-scenes/skokloster-castle.scn` nor constructed filename : `data/scene_datasets/habitat-test-scenes/info_semantic.json` exist on disk.
[18:17:51:087241]:[Error]:[Scene] SemanticScene.cpp(139)::loadSemanticSceneDescriptor : SSD Load Failure! File with SemanticAttributes-provided name `data/scene_datasets/habitat-test-scenes/skokloster-castle.scn` exists but failed to load.
[18:17:51:692521]:[Warning]:[Sim] Simulator.cpp(595)::instanceStageForSceneAttributes : The active scene does not contain semantic annotations : activeSemanticSceneID_ = 0
2026-08-11 18:17:52,291 update: 2870	fps: 487.831	
2026-08-11 18:17:52,291 Num updates: 2870	Num frames 459200
2026-08-11 18:17:52,291 Average window size: 50  distance_to_goal: 0.378  distance_to_goal_reward: 0.000  reward: 3.970  spl: 0.745  success: 0.871
2026-08-11 18:17:52,291 	Perf Stats: trainer.rollout_collect: 0.290 trainer.sample_action: 0.003 trainer.obs_insert: 0.000 trainer.step_env: 0.005 trainer.update_stats: 0.001 trainer.update_agent: 0.035
2026-08-11 18:17:55,413 update: 2880	fps: 487.912	
2026-08-11 18:17:55,413 Num updates: 2880	Num frames 460800
2026-08-11 18:17:55,413 Average window size: 50  distance_to_goal: 0.292  distance_to_goal_reward: 0.000  reward: 4.244  spl: 0.757  success: 0.881
2026-08-11 18:17:55,413 	Perf Stats: trainer.rollout_collect: 0.290 trainer.sample_action: 0.003 trainer.obs_insert: 0.000 trainer.step_env: 0.005 trainer.update_stats: 0.001 trainer.update_agent: 0.035
2026-08-11 18:17:58,526 update: 2890	fps: 487.998	
2026-08-11 18:17:58,526 Num updates: 2890	Num frames 462400
2026-08-11 18:17:58,526 Average window size: 50  distance_to_goal: 0.426  distance_to_goal_reward: 0.001  reward: 4.332  spl: 0.765  success: 0.893
2026-08-11 18:17:58,526 	Perf Stats: trainer.rollout_collect: 0.290 trainer.sample_action: 0.003 trainer.obs_insert: 0.000 trainer.step_env: 0.005 trainer.update_stats: 0.001 trainer.update_agent: 0.035
2026-08-11 18:18:01,751 update: 2900	fps: 488.025	
2026-08-11 18:18:01,751 Num updates: 2900	Num frames 464000
2026-08-11 18:18:01,752 Average window size: 50  distance_to_goal: 0.537  distance_to_goal_reward: 0.001  reward: 4.371  spl: 0.746  success: 0.877
2026-08-11 18:18:01,752 	Perf Stats: trainer.rollout_collect: 0.290 trainer.sample_action: 0.003 trainer.obs_insert: 0.000 trainer.step_env: 0.005 trainer.update_stats: 0.001 trainer.update_agent: 0.035
2026-08-11 18:18:04,850 update: 2910	fps: 488.117	
2026-08-11 18:18:04,859 Num updates: 2910	Num frames 465600
2026-08-11 18:18:04,859 Average window size: 50  distance_to_goal: 0.473  distance_to_goal_reward: 0.001  reward: 4.582  spl: 0.756  success: 0.896
2026-08-11 18:18:04,859 	Perf Stats: trainer.rollout_collect: 0.290 trainer.sample_action: 0.003 trainer.obs_insert: 0.000 trainer.step_env: 0.005 trainer.update_stats: 0.001 trainer.update_agent: 0.035
2026-08-11 18:18:07,986 update: 2920	fps: 488.190	
2026-08-11 18:18:07,986 Num updates: 2920	Num frames 467200
2026-08-11 18:18:07,986 Average window size: 50  distance_to_goal: 0.628  distance_to_goal_reward: 0.001  reward: 4.451  spl: 0.754  success: 0.891
2026-08-11 18:18:07,986 	Perf Stats: trainer.rollout_collect: 0.290 trainer.sample_action: 0.003 trainer.obs_insert: 0.000 trainer.step_env: 0.005 trainer.update_stats: 0.001 trainer.update_agent: 0.035
2026-08-11 18:18:11,110 update: 2930	fps: 488.267	
2026-08-11 18:18:11,110 Num updates: 2930	Num frames 468800
2026-08-11 18:18:11,110 Average window size: 50  distance_to_goal: 0.666  distance_to_goal_reward: 0.001  reward: 4.220  spl: 0.733  success: 0.883
2026-08-11 18:18:11,111 	Perf Stats: trainer.rollout_collect: 0.290 trainer.sample_action: 0.003 trainer.obs_insert: 0.000 trainer.step_env: 0.005 trainer.update_stats: 0.001 trainer.update_agent: 0.035
2026-08-11 18:18:14,245 update: 2940	fps: 488.340	
2026-08-11 18:18:14,245 Num updates: 2940	Num frames 470400
2026-08-11 18:18:14,245 Average window size: 50  distance_to_goal: 0.448  distance_to_goal_reward: 0.000  reward: 4.563  spl: 0.714  success: 0.872
2026-08-11 18:18:14,245 	Perf Stats: trainer.rollout_collect: 0.290 trainer.sample_action: 0.003 trainer.obs_insert: 0.000 trainer.step_env: 0.005 trainer.update_stats: 0.001 trainer.update_agent: 0.035
2026-08-11 18:18:17,372 update: 2950	fps: 488.415	
2026-08-11 18:18:17,373 Num updates: 2950	Num frames 472000
2026-08-11 18:18:17,373 Average window size: 50  distance_to_goal: 0.299  distance_to_goal_reward: 0.000  reward: 4.710  spl: 0.705  success: 0.865
2026-08-11 18:18:17,373 	Perf Stats: trainer.rollout_collect: 0.290 trainer.sample_action: 0.003 trainer.obs_insert: 0.000 trainer.step_env: 0.005 trainer.update_stats: 0.001 trainer.update_agent: 0.035
2026-08-11 18:18:20,504 update: 2960	fps: 488.488	
2026-08-11 18:18:20,504 Num updates: 2960	Num frames 473600
2026-08-11 18:18:20,504 Average window size: 50  distance_to_goal: 0.367  distance_to_goal_reward: 0.000  reward: 4.732  spl: 0.720  success: 0.878
2026-08-11 18:18:20,504 	Perf Stats: trainer.rollout_collect: 0.290 trainer.sample_action: 0.003 trainer.obs_insert: 0.000 trainer.step_env: 0.005 trainer.update_stats: 0.001 trainer.update_agent: 0.035
2026-08-11 18:18:23,632 update: 2970	fps: 488.562	
2026-08-11 18:18:23,632 Num updates: 2970	Num frames 475200
2026-08-11 18:18:23,632 Average window size: 50  distance_to_goal: 0.338  distance_to_goal_reward: 0.000  reward: 4.900  spl: 0.702  success: 0.860
2026-08-11 18:18:23,632 	Perf Stats: trainer.rollout_collect: 0.290 trainer.sample_action: 0.003 trainer.obs_insert: 0.000 trainer.step_env: 0.005 trainer.update_stats: 0.001 trainer.update_agent: 0.035
2026-08-11 18:18:26,742 update: 2980	fps: 488.644	
2026-08-11 18:18:26,743 Num updates: 2980	Num frames 476800
2026-08-11 18:18:26,743 Average window size: 50  distance_to_goal: 0.381  distance_to_goal_reward: 0.000  reward: 4.751  spl: 0.700  success: 0.858
2026-08-11 18:18:26,743 	Perf Stats: trainer.rollout_collect: 0.290 trainer.sample_action: 0.003 trainer.obs_insert: 0.000 trainer.step_env: 0.005 trainer.update_stats: 0.001 trainer.update_agent: 0.035
2026-08-11 18:18:29,867 update: 2990	fps: 488.719	
2026-08-11 18:18:29,867 Num updates: 2990	Num frames 478400
2026-08-11 18:18:29,867 Average window size: 50  distance_to_goal: 0.438  distance_to_goal_reward: 0.000  reward: 4.672  spl: 0.737  success: 0.890
2026-08-11 18:18:29,867 	Perf Stats: trainer.rollout_collect: 0.290 trainer.sample_action: 0.003 trainer.obs_insert: 0.000 trainer.step_env: 0.005 trainer.update_stats: 0.001 trainer.update_agent: 0.035
2026-08-11 18:18:33,073 update: 3000	fps: 488.752	
2026-08-11 18:18:33,073 Num updates: 3000	Num frames 480000
2026-08-11 18:18:33,073 Average window size: 50  distance_to_goal: 0.499  distance_to_goal_reward: 0.000  reward: 4.580  spl: 0.751  success: 0.897
2026-08-11 18:18:33,073 	Perf Stats: trainer.rollout_collect: 0.290 trainer.sample_action: 0.003 trainer.obs_insert: 0.000 trainer.step_env: 0.005 trainer.update_stats: 0.001 trainer.update_agent: 0.035
2026-08-11 18:18:36,197 update: 3010	fps: 488.827	
2026-08-11 18:18:36,197 Num updates: 3010	Num frames 481600
2026-08-11 18:18:36,197 Average window size: 50  distance_to_goal: 0.469  distance_to_goal_reward: 0.000  reward: 4.683  spl: 0.746  success: 0.884
2026-08-11 18:18:36,197 	Perf Stats: trainer.rollout_collect: 0.290 trainer.sample_action: 0.003 trainer.obs_insert: 0.000 trainer.step_env: 0.005 trainer.update_stats: 0.001 trainer.update_agent: 0.035
2026-08-11 18:18:39,297 update: 3020	fps: 488.912	
2026-08-11 18:18:39,298 Num updates: 3020	Num frames 483200
2026-08-11 18:18:39,298 Average window size: 50  distance_to_goal: 0.400  distance_to_goal_reward: 0.000  reward: 4.761  spl: 0.755  success: 0.894
2026-08-11 18:18:39,298 	Perf Stats: trainer.rollout_collect: 0.290 trainer.sample_action: 0.003 trainer.obs_insert: 0.000 trainer.step_env: 0.005 trainer.update_stats: 0.001 trainer.update_agent: 0.035
PluginManager::Manager: duplicate static plugin StbImageImporter, ignoring
PluginManager::Manager: duplicate static plugin GltfImporter, ignoring
PluginManager::Manager: duplicate static plugin BasisImporter, ignoring
PluginManager::Manager: duplicate static plugin AssimpImporter, ignoring
PluginManager::Manager: duplicate static plugin AnySceneImporter, ignoring
PluginManager::Manager: duplicate static plugin AnyImageImporter, ignoring
Renderer: NVIDIA GeForce RTX 4070/PCIe/SSE2 by NVIDIA Corporation
OpenGL version: 4.6.0 NVIDIA 580.173.02
Using optional features:
    GL_ARB_vertex_array_object
    GL_ARB_separate_shader_objects
    GL_ARB_robustness
    GL_ARB_texture_storage
    GL_ARB_texture_view
    GL_ARB_framebuffer_no_attachments
    GL_ARB_invalidate_subdata
    GL_ARB_texture_storage_multisample
    GL_ARB_multi_bind
    GL_ARB_direct_state_access
    GL_ARB_get_texture_sub_image
    GL_ARB_texture_filter_anisotropic
    GL_KHR_debug
    GL_KHR_parallel_shader_compile
    GL_NV_depth_buffer_float
Using driver workarounds:
    no-forward-compatible-core-context
    nv-egl-incorrect-gl11-function-pointers
    no-layout-qualifiers-on-old-glsl
    nv-zero-context-profile-mask
    nv-implementation-color-read-format-dsa-broken
    nv-cubemap-inconsistent-compressed-image-size
    nv-cubemap-broken-full-compressed-image-query
    nv-compressed-block-size-in-bits
[18:18:40:884560]:[Warning]:[Scene] SemanticScene.h(331)::checkFileExists : ::loadSemanticSceneDescriptor: File `data/scene_datasets/habitat-test-scenes/skokloster-castle.scn` does not exist.  Aborting load.
[18:18:40:884575]:[Warning]:[Scene] SemanticScene.cpp(123)::loadSemanticSceneDescriptor : SSD File Naming Issue! Neither SemanticAttributes-provided name : `data/scene_datasets/habitat-test-scenes/skokloster-castle.scn` nor constructed filename : `data/scene_datasets/habitat-test-scenes/info_semantic.json` exist on disk.
[18:18:40:884580]:[Error]:[Scene] SemanticScene.cpp(139)::loadSemanticSceneDescriptor : SSD Load Failure! File with SemanticAttributes-provided name `data/scene_datasets/habitat-test-scenes/skokloster-castle.scn` exists but failed to load.
[18:18:41:506461]:[Warning]:[Sim] Simulator.cpp(595)::instanceStageForSceneAttributes : The active scene does not contain semantic annotations : activeSemanticSceneID_ = 0
2026-08-11 18:18:43,080 update: 3030	fps: 488.661	
2026-08-11 18:18:43,080 Num updates: 3030	Num frames 484800
2026-08-11 18:18:43,080 Average window size: 50  distance_to_goal: 0.403  distance_to_goal_reward: 0.003  reward: 4.812  spl: 0.774  success: 0.903
2026-08-11 18:18:43,080 	Perf Stats: trainer.rollout_collect: 0.290 trainer.sample_action: 0.003 trainer.obs_insert: 0.000 trainer.step_env: 0.005 trainer.update_stats: 0.001 trainer.update_agent: 0.035
2026-08-11 18:18:46,258 update: 3040	fps: 488.708	
2026-08-11 18:18:46,258 Num updates: 3040	Num frames 486400
2026-08-11 18:18:46,258 Average window size: 50  distance_to_goal: 0.489  distance_to_goal_reward: 0.003  reward: 4.981  spl: 0.752  success: 0.882
2026-08-11 18:18:46,258 	Perf Stats: trainer.rollout_collect: 0.290 trainer.sample_action: 0.003 trainer.obs_insert: 0.000 trainer.step_env: 0.005 trainer.update_stats: 0.001 trainer.update_agent: 0.035
2026-08-11 18:18:49,427 update: 3050	fps: 488.760	
2026-08-11 18:18:49,427 Num updates: 3050	Num frames 488000
2026-08-11 18:18:49,427 Average window size: 50  distance_to_goal: 0.513  distance_to_goal_reward: 0.003  reward: 4.868  spl: 0.726  success: 0.842
2026-08-11 18:18:49,427 	Perf Stats: trainer.rollout_collect: 0.290 trainer.sample_action: 0.003 trainer.obs_insert: 0.000 trainer.step_env: 0.005 trainer.update_stats: 0.001 trainer.update_agent: 0.035
PluginManager::Manager: duplicate static plugin StbImageImporter, ignoring
PluginManager::Manager: duplicate static plugin GltfImporter, ignoring
PluginManager::Manager: duplicate static plugin BasisImporter, ignoring
PluginManager::Manager: duplicate static plugin AssimpImporter, ignoring
PluginManager::Manager: duplicate static plugin AnySceneImporter, ignoring
PluginManager::Manager: duplicate static plugin AnyImageImporter, ignoring
Renderer: NVIDIA GeForce RTX 4070/PCIe/SSE2 by NVIDIA Corporation
OpenGL version: 4.6.0 NVIDIA 580.173.02
Using optional features:
    GL_ARB_vertex_array_object
    GL_ARB_separate_shader_objects
    GL_ARB_robustness
    GL_ARB_texture_storage
    GL_ARB_texture_view
    GL_ARB_framebuffer_no_attachments
    GL_ARB_invalidate_subdata
    GL_ARB_texture_storage_multisample
    GL_ARB_multi_bind
    GL_ARB_direct_state_access
    GL_ARB_get_texture_sub_image
    GL_ARB_texture_filter_anisotropic
    GL_KHR_debug
    GL_KHR_parallel_shader_compile
    GL_NV_depth_buffer_float
Using driver workarounds:
    no-forward-compatible-core-context
    nv-egl-incorrect-gl11-function-pointers
    no-layout-qualifiers-on-old-glsl
    nv-zero-context-profile-mask
    nv-implementation-color-read-format-dsa-broken
    nv-cubemap-inconsistent-compressed-image-size
    nv-cubemap-broken-full-compressed-image-query
    nv-compressed-block-size-in-bits
[18:18:50:530923]:[Warning]:[Scene] SemanticScene.h(331)::checkFileExists : ::loadSemanticSceneDescriptor: File `data/scene_datasets/habitat-test-scenes/van-gogh-room.scn` does not exist.  Aborting load.
[18:18:50:530939]:[Warning]:[Scene] SemanticScene.cpp(123)::loadSemanticSceneDescriptor : SSD File Naming Issue! Neither SemanticAttributes-provided name : `data/scene_datasets/habitat-test-scenes/van-gogh-room.scn` nor constructed filename : `data/scene_datasets/habitat-test-scenes/info_semantic.json` exist on disk.
[18:18:50:530944]:[Error]:[Scene] SemanticScene.cpp(139)::loadSemanticSceneDescriptor : SSD Load Failure! File with SemanticAttributes-provided name `data/scene_datasets/habitat-test-scenes/van-gogh-room.scn` exists but failed to load.
[18:18:50:970763]:[Warning]:[Sim] Simulator.cpp(595)::instanceStageForSceneAttributes : The active scene does not contain semantic annotations : activeSemanticSceneID_ = 0
2026-08-11 18:18:53,060 update: 3060	fps: 488.584	
2026-08-11 18:18:53,061 Num updates: 3060	Num frames 489600
2026-08-11 18:18:53,061 Average window size: 50  distance_to_goal: 0.569  distance_to_goal_reward: 0.003  reward: 4.727  spl: 0.700  success: 0.814
2026-08-11 18:18:53,061 	Perf Stats: trainer.rollout_collect: 0.290 trainer.sample_action: 0.003 trainer.obs_insert: 0.000 trainer.step_env: 0.005 trainer.update_stats: 0.001 trainer.update_agent: 0.035
PluginManager::Manager: duplicate static plugin StbImageImporter, ignoring
PluginManager::Manager: duplicate static plugin GltfImporter, ignoring
PluginManager::Manager: duplicate static plugin BasisImporter, ignoring
PluginManager::Manager: duplicate static plugin AssimpImporter, ignoring
PluginManager::Manager: duplicate static plugin AnySceneImporter, ignoring
PluginManager::Manager: duplicate static plugin AnyImageImporter, ignoring
Renderer: NVIDIA GeForce RTX 4070/PCIe/SSE2 by NVIDIA Corporation
OpenGL version: 4.6.0 NVIDIA 580.173.02
Using optional features:
    GL_ARB_vertex_array_object
    GL_ARB_separate_shader_objects
    GL_ARB_robustness
    GL_ARB_texture_storage
    GL_ARB_texture_view
    GL_ARB_framebuffer_no_attachments
    GL_ARB_invalidate_subdata
    GL_ARB_texture_storage_multisample
    GL_ARB_multi_bind
    GL_ARB_direct_state_access
    GL_ARB_get_texture_sub_image
    GL_ARB_texture_filter_anisotropic
    GL_KHR_debug
    GL_KHR_parallel_shader_compile
    GL_NV_depth_buffer_float
Using driver workarounds:
    no-forward-compatible-core-context
    nv-egl-incorrect-gl11-function-pointers
    no-layout-qualifiers-on-old-glsl
    nv-zero-context-profile-mask
    nv-implementation-color-read-format-dsa-broken
    nv-cubemap-inconsistent-compressed-image-size
    nv-cubemap-broken-full-compressed-image-query
    nv-compressed-block-size-in-bits
[18:18:53:401055]:[Warning]:[Scene] SemanticScene.h(331)::checkFileExists : ::loadSemanticSceneDescriptor: File `data/scene_datasets/habitat-test-scenes/skokloster-castle.scn` does not exist.  Aborting load.
[18:18:53:401070]:[Warning]:[Scene] SemanticScene.cpp(123)::loadSemanticSceneDescriptor : SSD File Naming Issue! Neither SemanticAttributes-provided name : `data/scene_datasets/habitat-test-scenes/skokloster-castle.scn` nor constructed filename : `data/scene_datasets/habitat-test-scenes/info_semantic.json` exist on disk.
[18:18:53:401075]:[Error]:[Scene] SemanticScene.cpp(139)::loadSemanticSceneDescriptor : SSD Load Failure! File with SemanticAttributes-provided name `data/scene_datasets/habitat-test-scenes/skokloster-castle.scn` exists but failed to load.
[18:18:54:005485]:[Warning]:[Sim] Simulator.cpp(595)::instanceStageForSceneAttributes : The active scene does not contain semantic annotations : activeSemanticSceneID_ = 0
2026-08-11 18:18:56,885 update: 3070	fps: 488.317	
2026-08-11 18:18:56,885 Num updates: 3070	Num frames 491200
2026-08-11 18:18:56,886 Average window size: 50  distance_to_goal: 0.536  distance_to_goal_reward: 0.003  reward: 5.059  spl: 0.731  success: 0.846
2026-08-11 18:18:56,886 	Perf Stats: trainer.rollout_collect: 0.290 trainer.sample_action: 0.003 trainer.obs_insert: 0.000 trainer.step_env: 0.005 trainer.update_stats: 0.001 trainer.update_agent: 0.035
2026-08-11 18:19:00,038 update: 3080	fps: 488.377	
2026-08-11 18:19:00,038 Num updates: 3080	Num frames 492800
2026-08-11 18:19:00,038 Average window size: 50  distance_to_goal: 0.556  distance_to_goal_reward: -0.000  reward: 5.052  spl: 0.722  success: 0.837
2026-08-11 18:19:00,039 	Perf Stats: trainer.rollout_collect: 0.290 trainer.sample_action: 0.003 trainer.obs_insert: 0.000 trainer.step_env: 0.005 trainer.update_stats: 0.001 trainer.update_agent: 0.035
2026-08-11 18:19:03,202 update: 3090	fps: 488.431	
2026-08-11 18:19:03,202 Num updates: 3090	Num frames 494400
2026-08-11 18:19:03,202 Average window size: 50  distance_to_goal: 0.792  distance_to_goal_reward: -0.003  reward: 4.962  spl: 0.697  success: 0.807
2026-08-11 18:19:03,202 	Perf Stats: trainer.rollout_collect: 0.290 trainer.sample_action: 0.003 trainer.obs_insert: 0.000 trainer.step_env: 0.005 trainer.update_stats: 0.001 trainer.update_agent: 0.035
2026-08-11 18:19:06,504 update: 3100	fps: 488.423	
2026-08-11 18:19:06,504 Num updates: 3100	Num frames 496000
2026-08-11 18:19:06,504 Average window size: 50  distance_to_goal: 0.686  distance_to_goal_reward: -0.003  reward: 5.555  spl: 0.712  success: 0.818
2026-08-11 18:19:06,504 	Perf Stats: trainer.rollout_collect: 0.290 trainer.sample_action: 0.003 trainer.obs_insert: 0.000 trainer.step_env: 0.005 trainer.update_stats: 0.001 trainer.update_agent: 0.035
2026-08-11 18:19:09,708 update: 3110	fps: 488.453	
2026-08-11 18:19:09,708 Num updates: 3110	Num frames 497600
2026-08-11 18:19:09,708 Average window size: 50  distance_to_goal: 0.764  distance_to_goal_reward: -0.003  reward: 6.156  spl: 0.744  success: 0.848
2026-08-11 18:19:09,708 	Perf Stats: trainer.rollout_collect: 0.290 trainer.sample_action: 0.003 trainer.obs_insert: 0.000 trainer.step_env: 0.005 trainer.update_stats: 0.001 trainer.update_agent: 0.035
PluginManager::Manager: duplicate static plugin StbImageImporter, ignoring
PluginManager::Manager: duplicate static plugin GltfImporter, ignoring
PluginManager::Manager: duplicate static plugin BasisImporter, ignoring
PluginManager::Manager: duplicate static plugin AssimpImporter, ignoring
PluginManager::Manager: duplicate static plugin AnySceneImporter, ignoring
PluginManager::Manager: duplicate static plugin AnyImageImporter, ignoring
Renderer: NVIDIA GeForce RTX 4070/PCIe/SSE2 by NVIDIA Corporation
OpenGL version: 4.6.0 NVIDIA 580.173.02
Using optional features:
    GL_ARB_vertex_array_object
    GL_ARB_separate_shader_objects
    GL_ARB_robustness
    GL_ARB_texture_storage
    GL_ARB_texture_view
    GL_ARB_framebuffer_no_attachments
    GL_ARB_invalidate_subdata
    GL_ARB_texture_storage_multisample
    GL_ARB_multi_bind
    GL_ARB_direct_state_access
    GL_ARB_get_texture_sub_image
    GL_ARB_texture_filter_anisotropic
    GL_KHR_debug
    GL_KHR_parallel_shader_compile
    GL_NV_depth_buffer_float
Using driver workarounds:
    no-forward-compatible-core-context
    nv-egl-incorrect-gl11-function-pointers
    no-layout-qualifiers-on-old-glsl
    nv-zero-context-profile-mask
    nv-implementation-color-read-format-dsa-broken
    nv-cubemap-inconsistent-compressed-image-size
    nv-cubemap-broken-full-compressed-image-query
    nv-compressed-block-size-in-bits
[18:19:12:808787]:[Warning]:[Scene] SemanticScene.h(331)::checkFileExists : ::loadSemanticSceneDescriptor: File `data/scene_datasets/habitat-test-scenes/van-gogh-room.scn` does not exist.  Aborting load.
[18:19:12:808803]:[Warning]:[Scene] SemanticScene.cpp(123)::loadSemanticSceneDescriptor : SSD File Naming Issue! Neither SemanticAttributes-provided name : `data/scene_datasets/habitat-test-scenes/van-gogh-room.scn` nor constructed filename : `data/scene_datasets/habitat-test-scenes/info_semantic.json` exist on disk.
[18:19:12:808808]:[Error]:[Scene] SemanticScene.cpp(139)::loadSemanticSceneDescriptor : SSD Load Failure! File with SemanticAttributes-provided name `data/scene_datasets/habitat-test-scenes/van-gogh-room.scn` exists but failed to load.
[18:19:13:250175]:[Warning]:[Sim] Simulator.cpp(595)::instanceStageForSceneAttributes : The active scene does not contain semantic annotations : activeSemanticSceneID_ = 0
2026-08-11 18:19:13,361 update: 3120	fps: 488.272	
2026-08-11 18:19:13,362 Num updates: 3120	Num frames 499200
2026-08-11 18:19:13,362 Average window size: 50  distance_to_goal: 0.835  distance_to_goal_reward: -0.003  reward: 5.693  spl: 0.686  success: 0.779
2026-08-11 18:19:13,362 	Perf Stats: trainer.rollout_collect: 0.290 trainer.sample_action: 0.003 trainer.obs_insert: 0.000 trainer.step_env: 0.005 trainer.update_stats: 0.001 trainer.update_agent: 0.035
2026-08-11 18:19:16,606 update: 3130	fps: 488.288	
2026-08-11 18:19:16,606 Num updates: 3130	Num frames 500800
2026-08-11 18:19:16,606 Average window size: 50  distance_to_goal: 0.795  distance_to_goal_reward: -0.003  reward: 5.234  spl: 0.696  success: 0.784
2026-08-11 18:19:16,606 	Perf Stats: trainer.rollout_collect: 0.290 trainer.sample_action: 0.003 trainer.obs_insert: 0.000 trainer.step_env: 0.005 trainer.update_stats: 0.001 trainer.update_agent: 0.035
2026-08-11 18:19:19,782 update: 3140	fps: 488.335	
2026-08-11 18:19:19,782 Num updates: 3140	Num frames 502400
2026-08-11 18:19:19,782 Average window size: 50  distance_to_goal: 0.479  distance_to_goal_reward: 0.000  reward: 5.126  spl: 0.743  success: 0.833
2026-08-11 18:19:19,782 	Perf Stats: trainer.rollout_collect: 0.290 trainer.sample_action: 0.003 trainer.obs_insert: 0.000 trainer.step_env: 0.005 trainer.update_stats: 0.001 trainer.update_agent: 0.035
2026-08-11 18:19:22,960 update: 3150	fps: 488.382	
2026-08-11 18:19:22,960 Num updates: 3150	Num frames 504000
2026-08-11 18:19:22,960 Average window size: 50  distance_to_goal: 0.544  distance_to_goal_reward: 0.000  reward: 4.584  spl: 0.742  success: 0.839
2026-08-11 18:19:22,960 	Perf Stats: trainer.rollout_collect: 0.290 trainer.sample_action: 0.003 trainer.obs_insert: 0.000 trainer.step_env: 0.005 trainer.update_stats: 0.001 trainer.update_agent: 0.035
2026-08-11 18:19:26,119 update: 3160	fps: 488.437	
2026-08-11 18:19:26,119 Num updates: 3160	Num frames 505600
2026-08-11 18:19:26,119 Average window size: 50  distance_to_goal: 0.491  distance_to_goal_reward: 0.001  reward: 4.056  spl: 0.731  success: 0.826
2026-08-11 18:19:26,119 	Perf Stats: trainer.rollout_collect: 0.290 trainer.sample_action: 0.003 trainer.obs_insert: 0.000 trainer.step_env: 0.005 trainer.update_stats: 0.001 trainer.update_agent: 0.035
2026-08-11 18:19:29,305 update: 3170	fps: 488.479	
2026-08-11 18:19:29,305 Num updates: 3170	Num frames 507200
2026-08-11 18:19:29,305 Average window size: 50  distance_to_goal: 0.556  distance_to_goal_reward: 0.001  reward: 3.873  spl: 0.729  success: 0.823
2026-08-11 18:19:29,305 	Perf Stats: trainer.rollout_collect: 0.290 trainer.sample_action: 0.003 trainer.obs_insert: 0.000 trainer.step_env: 0.005 trainer.update_stats: 0.001 trainer.update_agent: 0.035
2026-08-11 18:19:32,481 update: 3180	fps: 488.526	
2026-08-11 18:19:32,481 Num updates: 3180	Num frames 508800
2026-08-11 18:19:32,481 Average window size: 50  distance_to_goal: 0.384  distance_to_goal_reward: 0.001  reward: 4.131  spl: 0.733  success: 0.835
2026-08-11 18:19:32,481 	Perf Stats: trainer.rollout_collect: 0.290 trainer.sample_action: 0.003 trainer.obs_insert: 0.000 trainer.step_env: 0.005 trainer.update_stats: 0.001 trainer.update_agent: 0.035
2026-08-11 18:19:35,661 update: 3190	fps: 488.570	
2026-08-11 18:19:35,662 Num updates: 3190	Num frames 510400
2026-08-11 18:19:35,662 Average window size: 50  distance_to_goal: 0.527  distance_to_goal_reward: 0.001  reward: 4.010  spl: 0.714  success: 0.821
2026-08-11 18:19:35,662 	Perf Stats: trainer.rollout_collect: 0.290 trainer.sample_action: 0.003 trainer.obs_insert: 0.000 trainer.step_env: 0.005 trainer.update_stats: 0.001 trainer.update_agent: 0.035
2026-08-11 18:19:38,937 update: 3200	fps: 488.570	
2026-08-11 18:19:38,937 Num updates: 3200	Num frames 512000
2026-08-11 18:19:38,937 Average window size: 50  distance_to_goal: 0.552  distance_to_goal_reward: 0.001  reward: 3.736  spl: 0.694  success: 0.802
2026-08-11 18:19:38,937 	Perf Stats: trainer.rollout_collect: 0.290 trainer.sample_action: 0.003 trainer.obs_insert: 0.000 trainer.step_env: 0.005 trainer.update_stats: 0.001 trainer.update_agent: 0.035
2026-08-11 18:19:42,095 update: 3210	fps: 488.624	
2026-08-11 18:19:42,095 Num updates: 3210	Num frames 513600
2026-08-11 18:19:42,095 Average window size: 50  distance_to_goal: 0.492  distance_to_goal_reward: -0.000  reward: 3.932  spl: 0.735  success: 0.858
2026-08-11 18:19:42,095 	Perf Stats: trainer.rollout_collect: 0.290 trainer.sample_action: 0.003 trainer.obs_insert: 0.000 trainer.step_env: 0.005 trainer.update_stats: 0.001 trainer.update_agent: 0.035
PluginManager::Manager: duplicate static plugin StbImageImporter, ignoring
PluginManager::Manager: duplicate static plugin GltfImporter, ignoring
PluginManager::Manager: duplicate static plugin BasisImporter, ignoring
PluginManager::Manager: duplicate static plugin AssimpImporter, ignoring
PluginManager::Manager: duplicate static plugin AnySceneImporter, ignoring
PluginManager::Manager: duplicate static plugin AnyImageImporter, ignoring
Renderer: NVIDIA GeForce RTX 4070/PCIe/SSE2 by NVIDIA Corporation
OpenGL version: 4.6.0 NVIDIA 580.173.02
Using optional features:
    GL_ARB_vertex_array_object
    GL_ARB_separate_shader_objects
    GL_ARB_robustness
    GL_ARB_texture_storage
    GL_ARB_texture_view
    GL_ARB_framebuffer_no_attachments
    GL_ARB_invalidate_subdata
    GL_ARB_texture_storage_multisample
    GL_ARB_multi_bind
    GL_ARB_direct_state_access
    GL_ARB_get_texture_sub_image
    GL_ARB_texture_filter_anisotropic
    GL_KHR_debug
    GL_KHR_parallel_shader_compile
    GL_NV_depth_buffer_float
Using driver workarounds:
    no-forward-compatible-core-context
    nv-egl-incorrect-gl11-function-pointers
    no-layout-qualifiers-on-old-glsl
    nv-zero-context-profile-mask
    nv-implementation-color-read-format-dsa-broken
    nv-cubemap-inconsistent-compressed-image-size
    nv-cubemap-broken-full-compressed-image-query
    nv-compressed-block-size-in-bits
[18:19:44:023664]:[Warning]:[Scene] SemanticScene.h(331)::checkFileExists : ::loadSemanticSceneDescriptor: File `data/scene_datasets/habitat-test-scenes/van-gogh-room.scn` does not exist.  Aborting load.
[18:19:44:023680]:[Warning]:[Scene] SemanticScene.cpp(123)::loadSemanticSceneDescriptor : SSD File Naming Issue! Neither SemanticAttributes-provided name : `data/scene_datasets/habitat-test-scenes/van-gogh-room.scn` nor constructed filename : `data/scene_datasets/habitat-test-scenes/info_semantic.json` exist on disk.
[18:19:44:023685]:[Error]:[Scene] SemanticScene.cpp(139)::loadSemanticSceneDescriptor : SSD Load Failure! File with SemanticAttributes-provided name `data/scene_datasets/habitat-test-scenes/van-gogh-room.scn` exists but failed to load.
[18:19:44:465489]:[Warning]:[Sim] Simulator.cpp(595)::instanceStageForSceneAttributes : The active scene does not contain semantic annotations : activeSemanticSceneID_ = 0
2026-08-11 18:19:45,710 update: 3220	fps: 488.467	
2026-08-11 18:19:45,710 Num updates: 3220	Num frames 515200
2026-08-11 18:19:45,710 Average window size: 50  distance_to_goal: 0.489  distance_to_goal_reward: 0.000  reward: 3.817  spl: 0.733  success: 0.862
2026-08-11 18:19:45,710 	Perf Stats: trainer.rollout_collect: 0.290 trainer.sample_action: 0.003 trainer.obs_insert: 0.000 trainer.step_env: 0.005 trainer.update_stats: 0.001 trainer.update_agent: 0.035
2026-08-11 18:19:48,843 update: 3230	fps: 488.533	
2026-08-11 18:19:48,843 Num updates: 3230	Num frames 516800
2026-08-11 18:19:48,843 Average window size: 50  distance_to_goal: 0.485  distance_to_goal_reward: 0.000  reward: 3.638  spl: 0.741  success: 0.881
2026-08-11 18:19:48,843 	Perf Stats: trainer.rollout_collect: 0.290 trainer.sample_action: 0.003 trainer.obs_insert: 0.000 trainer.step_env: 0.005 trainer.update_stats: 0.001 trainer.update_agent: 0.035
2026-08-11 18:19:51,992 update: 3240	fps: 488.591	
2026-08-11 18:19:51,992 Num updates: 3240	Num frames 518400
2026-08-11 18:19:51,992 Average window size: 50  distance_to_goal: 0.592  distance_to_goal_reward: 0.000  reward: 3.493  spl: 0.729  success: 0.877
2026-08-11 18:19:51,992 	Perf Stats: trainer.rollout_collect: 0.290 trainer.sample_action: 0.003 trainer.obs_insert: 0.000 trainer.step_env: 0.005 trainer.update_stats: 0.001 trainer.update_agent: 0.035
2026-08-11 18:19:55,135 update: 3250	fps: 488.651	
2026-08-11 18:19:55,135 Num updates: 3250	Num frames 520000
2026-08-11 18:19:55,135 Average window size: 50  distance_to_goal: 0.593  distance_to_goal_reward: 0.000  reward: 3.481  spl: 0.713  success: 0.875
2026-08-11 18:19:55,135 	Perf Stats: trainer.rollout_collect: 0.290 trainer.sample_action: 0.003 trainer.obs_insert: 0.000 trainer.step_env: 0.005 trainer.update_stats: 0.001 trainer.update_agent: 0.035
2026-08-11 18:19:58,279 update: 3260	fps: 488.711	
2026-08-11 18:19:58,279 Num updates: 3260	Num frames 521600
2026-08-11 18:19:58,279 Average window size: 50  distance_to_goal: 0.535  distance_to_goal_reward: 0.000  reward: 3.620  spl: 0.712  success: 0.865
2026-08-11 18:19:58,279 	Perf Stats: trainer.rollout_collect: 0.290 trainer.sample_action: 0.003 trainer.obs_insert: 0.000 trainer.step_env: 0.005 trainer.update_stats: 0.001 trainer.update_agent: 0.035
2026-08-11 18:20:01,436 update: 3270	fps: 488.764	
2026-08-11 18:20:01,436 Num updates: 3270	Num frames 523200
2026-08-11 18:20:01,437 Average window size: 50  distance_to_goal: 0.467  distance_to_goal_reward: 0.000  reward: 3.758  spl: 0.701  success: 0.852
2026-08-11 18:20:01,437 	Perf Stats: trainer.rollout_collect: 0.290 trainer.sample_action: 0.003 trainer.obs_insert: 0.000 trainer.step_env: 0.005 trainer.update_stats: 0.001 trainer.update_agent: 0.035
2026-08-11 18:20:04,592 update: 3280	fps: 488.818	
2026-08-11 18:20:04,592 Num updates: 3280	Num frames 524800
2026-08-11 18:20:04,592 Average window size: 50  distance_to_goal: 0.440  distance_to_goal_reward: 0.000  reward: 3.875  spl: 0.712  success: 0.857
2026-08-11 18:20:04,592 	Perf Stats: trainer.rollout_collect: 0.290 trainer.sample_action: 0.003 trainer.obs_insert: 0.000 trainer.step_env: 0.005 trainer.update_stats: 0.001 trainer.update_agent: 0.035
2026-08-11 18:20:07,731 update: 3290	fps: 488.883	
2026-08-11 18:20:07,731 Num updates: 3290	Num frames 526400
2026-08-11 18:20:07,731 Average window size: 50  distance_to_goal: 0.285  distance_to_goal_reward: -0.000  reward: 3.960  spl: 0.714  success: 0.860
2026-08-11 18:20:07,731 	Perf Stats: trainer.rollout_collect: 0.290 trainer.sample_action: 0.003 trainer.obs_insert: 0.000 trainer.step_env: 0.005 trainer.update_stats: 0.001 trainer.update_agent: 0.035
2026-08-11 18:20:10,982 update: 3300	fps: 488.889	
2026-08-11 18:20:10,982 Num updates: 3300	Num frames 528000
2026-08-11 18:20:10,982 Average window size: 50  distance_to_goal: 0.234  distance_to_goal_reward: -0.000  reward: 4.070  spl: 0.728  success: 0.873
2026-08-11 18:20:10,982 	Perf Stats: trainer.rollout_collect: 0.290 trainer.sample_action: 0.003 trainer.obs_insert: 0.000 trainer.step_env: 0.005 trainer.update_stats: 0.001 trainer.update_agent: 0.035
2026-08-11 18:20:14,136 update: 3310	fps: 488.942	
2026-08-11 18:20:14,136 Num updates: 3310	Num frames 529600
2026-08-11 18:20:14,137 Average window size: 50  distance_to_goal: 0.347  distance_to_goal_reward: -0.000  reward: 3.850  spl: 0.723  success: 0.876
2026-08-11 18:20:14,137 	Perf Stats: trainer.rollout_collect: 0.289 trainer.sample_action: 0.003 trainer.obs_insert: 0.000 trainer.step_env: 0.005 trainer.update_stats: 0.001 trainer.update_agent: 0.035
2026-08-11 18:20:17,273 update: 3320	fps: 489.003	
2026-08-11 18:20:17,273 Num updates: 3320	Num frames 531200
2026-08-11 18:20:17,273 Average window size: 50  distance_to_goal: 0.349  distance_to_goal_reward: -0.000  reward: 3.986  spl: 0.752  success: 0.914
2026-08-11 18:20:17,273 	Perf Stats: trainer.rollout_collect: 0.289 trainer.sample_action: 0.003 trainer.obs_insert: 0.000 trainer.step_env: 0.005 trainer.update_stats: 0.001 trainer.update_agent: 0.035
2026-08-11 18:20:20,441 update: 3330	fps: 489.049	
2026-08-11 18:20:20,442 Num updates: 3330	Num frames 532800
2026-08-11 18:20:20,442 Average window size: 50  distance_to_goal: 0.362  distance_to_goal_reward: -0.000  reward: 4.050  spl: 0.746  success: 0.901
2026-08-11 18:20:20,442 	Perf Stats: trainer.rollout_collect: 0.289 trainer.sample_action: 0.003 trainer.obs_insert: 0.000 trainer.step_env: 0.005 trainer.update_stats: 0.001 trainer.update_agent: 0.035
2026-08-11 18:20:23,575 update: 3340	fps: 489.111	
2026-08-11 18:20:23,575 Num updates: 3340	Num frames 534400
2026-08-11 18:20:23,575 Average window size: 50  distance_to_goal: 0.332  distance_to_goal_reward: -0.000  reward: 4.182  spl: 0.756  success: 0.907
2026-08-11 18:20:23,575 	Perf Stats: trainer.rollout_collect: 0.289 trainer.sample_action: 0.003 trainer.obs_insert: 0.000 trainer.step_env: 0.005 trainer.update_stats: 0.001 trainer.update_agent: 0.035
2026-08-11 18:20:26,735 update: 3350	fps: 489.161	
2026-08-11 18:20:26,736 Num updates: 3350	Num frames 536000
2026-08-11 18:20:26,736 Average window size: 50  distance_to_goal: 0.320  distance_to_goal_reward: -0.000  reward: 4.166  spl: 0.735  success: 0.881
2026-08-11 18:20:26,736 	Perf Stats: trainer.rollout_collect: 0.289 trainer.sample_action: 0.003 trainer.obs_insert: 0.000 trainer.step_env: 0.005 trainer.update_stats: 0.001 trainer.update_agent: 0.035
2026-08-11 18:20:29,903 update: 3360	fps: 489.206	
2026-08-11 18:20:29,904 Num updates: 3360	Num frames 537600
2026-08-11 18:20:29,904 Average window size: 50  distance_to_goal: 0.186  distance_to_goal_reward: 0.000  reward: 4.323  spl: 0.741  success: 0.887
2026-08-11 18:20:29,904 	Perf Stats: trainer.rollout_collect: 0.289 trainer.sample_action: 0.003 trainer.obs_insert: 0.000 trainer.step_env: 0.005 trainer.update_stats: 0.001 trainer.update_agent: 0.035
PluginManager::Manager: duplicate static plugin StbImageImporter, ignoring
PluginManager::Manager: duplicate static plugin GltfImporter, ignoring
PluginManager::Manager: duplicate static plugin BasisImporter, ignoring
PluginManager::Manager: duplicate static plugin AssimpImporter, ignoring
PluginManager::Manager: duplicate static plugin AnySceneImporter, ignoring
PluginManager::Manager: duplicate static plugin AnyImageImporter, ignoring
Renderer: NVIDIA GeForce RTX 4070/PCIe/SSE2 by NVIDIA Corporation
OpenGL version: 4.6.0 NVIDIA 580.173.02
Using optional features:
    GL_ARB_vertex_array_object
    GL_ARB_separate_shader_objects
    GL_ARB_robustness
    GL_ARB_texture_storage
    GL_ARB_texture_view
    GL_ARB_framebuffer_no_attachments
    GL_ARB_invalidate_subdata
    GL_ARB_texture_storage_multisample
    GL_ARB_multi_bind
    GL_ARB_direct_state_access
    GL_ARB_get_texture_sub_image
    GL_ARB_texture_filter_anisotropic
    GL_KHR_debug
    GL_KHR_parallel_shader_compile
    GL_NV_depth_buffer_float
Using driver workarounds:
    no-forward-compatible-core-context
    nv-egl-incorrect-gl11-function-pointers
    no-layout-qualifiers-on-old-glsl
    nv-zero-context-profile-mask
    nv-implementation-color-read-format-dsa-broken
    nv-cubemap-inconsistent-compressed-image-size
    nv-cubemap-broken-full-compressed-image-query
    nv-compressed-block-size-in-bits
[18:20:31:902931]:[Warning]:[Scene] SemanticScene.h(331)::checkFileExists : ::loadSemanticSceneDescriptor: File `data/scene_datasets/habitat-test-scenes/van-gogh-room.scn` does not exist.  Aborting load.
[18:20:31:902946]:[Warning]:[Scene] SemanticScene.cpp(123)::loadSemanticSceneDescriptor : SSD File Naming Issue! Neither SemanticAttributes-provided name : `data/scene_datasets/habitat-test-scenes/van-gogh-room.scn` nor constructed filename : `data/scene_datasets/habitat-test-scenes/info_semantic.json` exist on disk.
[18:20:31:902951]:[Error]:[Scene] SemanticScene.cpp(139)::loadSemanticSceneDescriptor : SSD Load Failure! File with SemanticAttributes-provided name `data/scene_datasets/habitat-test-scenes/van-gogh-room.scn` exists but failed to load.
[18:20:32:354458]:[Warning]:[Sim] Simulator.cpp(595)::instanceStageForSceneAttributes : The active scene does not contain semantic annotations : activeSemanticSceneID_ = 0
2026-08-11 18:20:33,523 update: 3370	fps: 489.051	
2026-08-11 18:20:33,523 Num updates: 3370	Num frames 539200
2026-08-11 18:20:33,523 Average window size: 50  distance_to_goal: 0.187  distance_to_goal_reward: 0.000  reward: 4.317  spl: 0.727  success: 0.870
2026-08-11 18:20:33,524 	Perf Stats: trainer.rollout_collect: 0.289 trainer.sample_action: 0.003 trainer.obs_insert: 0.000 trainer.step_env: 0.005 trainer.update_stats: 0.001 trainer.update_agent: 0.035
PluginManager::Manager: duplicate static plugin StbImageImporter, ignoring
PluginManager::Manager: duplicate static plugin GltfImporter, ignoring
PluginManager::Manager: duplicate static plugin BasisImporter, ignoring
PluginManager::Manager: duplicate static plugin AssimpImporter, ignoring
PluginManager::Manager: duplicate static plugin AnySceneImporter, ignoring
PluginManager::Manager: duplicate static plugin AnyImageImporter, ignoring
Renderer: NVIDIA GeForce RTX 4070/PCIe/SSE2 by NVIDIA Corporation
OpenGL version: 4.6.0 NVIDIA 580.173.02
Using optional features:
    GL_ARB_vertex_array_object
    GL_ARB_separate_shader_objects
    GL_ARB_robustness
    GL_ARB_texture_storage
    GL_ARB_texture_view
    GL_ARB_framebuffer_no_attachments
    GL_ARB_invalidate_subdata
    GL_ARB_texture_storage_multisample
    GL_ARB_multi_bind
    GL_ARB_direct_state_access
    GL_ARB_get_texture_sub_image
    GL_ARB_texture_filter_anisotropic
    GL_KHR_debug
    GL_KHR_parallel_shader_compile
    GL_NV_depth_buffer_float
Using driver workarounds:
    no-forward-compatible-core-context
    nv-egl-incorrect-gl11-function-pointers
    no-layout-qualifiers-on-old-glsl
    nv-zero-context-profile-mask
    nv-implementation-color-read-format-dsa-broken
    nv-cubemap-inconsistent-compressed-image-size
    nv-cubemap-broken-full-compressed-image-query
    nv-compressed-block-size-in-bits
[18:20:36:561555]:[Warning]:[Scene] SemanticScene.h(331)::checkFileExists : ::loadSemanticSceneDescriptor: File `data/scene_datasets/habitat-test-scenes/skokloster-castle.scn` does not exist.  Aborting load.
[18:20:36:561571]:[Warning]:[Scene] SemanticScene.cpp(123)::loadSemanticSceneDescriptor : SSD File Naming Issue! Neither SemanticAttributes-provided name : `data/scene_datasets/habitat-test-scenes/skokloster-castle.scn` nor constructed filename : `data/scene_datasets/habitat-test-scenes/info_semantic.json` exist on disk.
[18:20:36:561576]:[Error]:[Scene] SemanticScene.cpp(139)::loadSemanticSceneDescriptor : SSD Load Failure! File with SemanticAttributes-provided name `data/scene_datasets/habitat-test-scenes/skokloster-castle.scn` exists but failed to load.
[18:20:37:180088]:[Warning]:[Sim] Simulator.cpp(595)::instanceStageForSceneAttributes : The active scene does not contain semantic annotations : activeSemanticSceneID_ = 0
2026-08-11 18:20:37,232 update: 3380	fps: 488.858	
2026-08-11 18:20:37,232 Num updates: 3380	Num frames 540800
2026-08-11 18:20:37,232 Average window size: 50  distance_to_goal: 0.170  distance_to_goal_reward: 0.000  reward: 4.166  spl: 0.712  success: 0.856
2026-08-11 18:20:37,232 	Perf Stats: trainer.rollout_collect: 0.290 trainer.sample_action: 0.003 trainer.obs_insert: 0.000 trainer.step_env: 0.005 trainer.update_stats: 0.001 trainer.update_agent: 0.035
2026-08-11 18:20:40,363 update: 3390	fps: 488.921	
2026-08-11 18:20:40,363 Num updates: 3390	Num frames 542400
2026-08-11 18:20:40,363 Average window size: 50  distance_to_goal: 0.167  distance_to_goal_reward: 0.000  reward: 4.174  spl: 0.725  success: 0.862
2026-08-11 18:20:40,363 	Perf Stats: trainer.rollout_collect: 0.290 trainer.sample_action: 0.003 trainer.obs_insert: 0.000 trainer.step_env: 0.005 trainer.update_stats: 0.001 trainer.update_agent: 0.035
2026-08-11 18:20:43,553 update: 3400	fps: 488.957	
2026-08-11 18:20:43,554 Num updates: 3400	Num frames 544000
2026-08-11 18:20:43,554 Average window size: 50  distance_to_goal: 0.185  distance_to_goal_reward: 0.000  reward: 4.072  spl: 0.741  success: 0.879
2026-08-11 18:20:43,554 	Perf Stats: trainer.rollout_collect: 0.289 trainer.sample_action: 0.003 trainer.obs_insert: 0.000 trainer.step_env: 0.005 trainer.update_stats: 0.001 trainer.update_agent: 0.035
2026-08-11 18:20:46,665 update: 3410	fps: 489.027	
2026-08-11 18:20:46,666 Num updates: 3410	Num frames 545600
2026-08-11 18:20:46,666 Average window size: 50  distance_to_goal: 0.237  distance_to_goal_reward: 0.000  reward: 3.901  spl: 0.734  success: 0.871
2026-08-11 18:20:46,666 	Perf Stats: trainer.rollout_collect: 0.289 trainer.sample_action: 0.003 trainer.obs_insert: 0.000 trainer.step_env: 0.005 trainer.update_stats: 0.001 trainer.update_agent: 0.035
2026-08-11 18:20:49,798 update: 3420	fps: 489.088	
2026-08-11 18:20:49,798 Num updates: 3420	Num frames 547200
2026-08-11 18:20:49,798 Average window size: 50  distance_to_goal: 0.306  distance_to_goal_reward: 0.000  reward: 3.807  spl: 0.736  success: 0.875
2026-08-11 18:20:49,798 	Perf Stats: trainer.rollout_collect: 0.289 trainer.sample_action: 0.003 trainer.obs_insert: 0.000 trainer.step_env: 0.005 trainer.update_stats: 0.001 trainer.update_agent: 0.035
PluginManager::Manager: duplicate static plugin StbImageImporter, ignoring
PluginManager::Manager: duplicate static plugin GltfImporter, ignoring
PluginManager::Manager: duplicate static plugin BasisImporter, ignoring
PluginManager::Manager: duplicate static plugin AssimpImporter, ignoring
PluginManager::Manager: duplicate static plugin AnySceneImporter, ignoring
PluginManager::Manager: duplicate static plugin AnyImageImporter, ignoring
Renderer: NVIDIA GeForce RTX 4070/PCIe/SSE2 by NVIDIA Corporation
OpenGL version: 4.6.0 NVIDIA 580.173.02
Using optional features:
    GL_ARB_vertex_array_object
    GL_ARB_separate_shader_objects
    GL_ARB_robustness
    GL_ARB_texture_storage
    GL_ARB_texture_view
    GL_ARB_framebuffer_no_attachments
    GL_ARB_invalidate_subdata
    GL_ARB_texture_storage_multisample
    GL_ARB_multi_bind
    GL_ARB_direct_state_access
    GL_ARB_get_texture_sub_image
    GL_ARB_texture_filter_anisotropic
    GL_KHR_debug
    GL_KHR_parallel_shader_compile
    GL_NV_depth_buffer_float
Using driver workarounds:
    no-forward-compatible-core-context
    nv-egl-incorrect-gl11-function-pointers
    no-layout-qualifiers-on-old-glsl
    nv-zero-context-profile-mask
    nv-implementation-color-read-format-dsa-broken
    nv-cubemap-inconsistent-compressed-image-size
    nv-cubemap-broken-full-compressed-image-query
    nv-compressed-block-size-in-bits
[18:20:50:249190]:[Warning]:[Scene] SemanticScene.h(331)::checkFileExists : ::loadSemanticSceneDescriptor: File `data/scene_datasets/habitat-test-scenes/van-gogh-room.scn` does not exist.  Aborting load.
[18:20:50:249205]:[Warning]:[Scene] SemanticScene.cpp(123)::loadSemanticSceneDescriptor : SSD File Naming Issue! Neither SemanticAttributes-provided name : `data/scene_datasets/habitat-test-scenes/van-gogh-room.scn` nor constructed filename : `data/scene_datasets/habitat-test-scenes/info_semantic.json` exist on disk.
[18:20:50:249210]:[Error]:[Scene] SemanticScene.cpp(139)::loadSemanticSceneDescriptor : SSD Load Failure! File with SemanticAttributes-provided name `data/scene_datasets/habitat-test-scenes/van-gogh-room.scn` exists but failed to load.
[18:20:50:681659]:[Warning]:[Sim] Simulator.cpp(595)::instanceStageForSceneAttributes : The active scene does not contain semantic annotations : activeSemanticSceneID_ = 0
2026-08-11 18:20:53,317 update: 3430	fps: 488.980	
2026-08-11 18:20:53,318 Num updates: 3430	Num frames 548800
2026-08-11 18:20:53,318 Average window size: 50  distance_to_goal: 0.317  distance_to_goal_reward: 0.000  reward: 3.816  spl: 0.744  success: 0.900
2026-08-11 18:20:53,318 	Perf Stats: trainer.rollout_collect: 0.289 trainer.sample_action: 0.003 trainer.obs_insert: 0.000 trainer.step_env: 0.005 trainer.update_stats: 0.001 trainer.update_agent: 0.035
2026-08-11 18:20:56,393 update: 3440	fps: 489.065	
2026-08-11 18:20:56,393 Num updates: 3440	Num frames 550400
2026-08-11 18:20:56,393 Average window size: 50  distance_to_goal: 0.389  distance_to_goal_reward: 0.000  reward: 3.750  spl: 0.737  success: 0.901
2026-08-11 18:20:56,394 	Perf Stats: trainer.rollout_collect: 0.289 trainer.sample_action: 0.003 trainer.obs_insert: 0.000 trainer.step_env: 0.005 trainer.update_stats: 0.001 trainer.update_agent: 0.035
2026-08-11 18:20:59,453 update: 3450	fps: 489.157	
2026-08-11 18:20:59,454 Num updates: 3450	Num frames 552000
2026-08-11 18:20:59,454 Average window size: 50  distance_to_goal: 0.354  distance_to_goal_reward: 0.000  reward: 3.838  spl: 0.729  success: 0.886
2026-08-11 18:20:59,454 	Perf Stats: trainer.rollout_collect: 0.289 trainer.sample_action: 0.003 trainer.obs_insert: 0.000 trainer.step_env: 0.005 trainer.update_stats: 0.001 trainer.update_agent: 0.035
2026-08-11 18:21:02,494 update: 3460	fps: 489.257	
2026-08-11 18:21:02,494 Num updates: 3460	Num frames 553600
2026-08-11 18:21:02,494 Average window size: 50  distance_to_goal: 0.282  distance_to_goal_reward: 0.000  reward: 4.006  spl: 0.729  success: 0.885
2026-08-11 18:21:02,494 	Perf Stats: trainer.rollout_collect: 0.289 trainer.sample_action: 0.003 trainer.obs_insert: 0.000 trainer.step_env: 0.005 trainer.update_stats: 0.001 trainer.update_agent: 0.035
2026-08-11 18:21:05,563 update: 3470	fps: 489.343	
2026-08-11 18:21:05,563 Num updates: 3470	Num frames 555200
2026-08-11 18:21:05,563 Average window size: 50  distance_to_goal: 0.226  distance_to_goal_reward: 0.000  reward: 4.004  spl: 0.752  success: 0.894
2026-08-11 18:21:05,563 	Perf Stats: trainer.rollout_collect: 0.289 trainer.sample_action: 0.003 trainer.obs_insert: 0.000 trainer.step_env: 0.005 trainer.update_stats: 0.001 trainer.update_agent: 0.035
PluginManager::Manager: duplicate static plugin StbImageImporter, ignoring
PluginManager::Manager: duplicate static plugin GltfImporter, ignoring
PluginManager::Manager: duplicate static plugin BasisImporter, ignoring
PluginManager::Manager: duplicate static plugin AssimpImporter, ignoring
PluginManager::Manager: duplicate static plugin AnySceneImporter, ignoring
PluginManager::Manager: duplicate static plugin AnyImageImporter, ignoring
Renderer: NVIDIA GeForce RTX 4070/PCIe/SSE2 by NVIDIA Corporation
OpenGL version: 4.6.0 NVIDIA 580.173.02
Using optional features:
    GL_ARB_vertex_array_object
    GL_ARB_separate_shader_objects
    GL_ARB_robustness
    GL_ARB_texture_storage
    GL_ARB_texture_view
    GL_ARB_framebuffer_no_attachments
    GL_ARB_invalidate_subdata
    GL_ARB_texture_storage_multisample
    GL_ARB_multi_bind
    GL_ARB_direct_state_access
    GL_ARB_get_texture_sub_image
    GL_ARB_texture_filter_anisotropic
    GL_KHR_debug
    GL_KHR_parallel_shader_compile
    GL_NV_depth_buffer_float
Using driver workarounds:
    no-forward-compatible-core-context
    nv-egl-incorrect-gl11-function-pointers
    no-layout-qualifiers-on-old-glsl
    nv-zero-context-profile-mask
    nv-implementation-color-read-format-dsa-broken
    nv-cubemap-inconsistent-compressed-image-size
    nv-cubemap-broken-full-compressed-image-query
    nv-compressed-block-size-in-bits
[18:21:06:131002]:[Warning]:[Scene] SemanticScene.h(331)::checkFileExists : ::loadSemanticSceneDescriptor: File `data/scene_datasets/habitat-test-scenes/skokloster-castle.scn` does not exist.  Aborting load.
[18:21:06:131018]:[Warning]:[Scene] SemanticScene.cpp(123)::loadSemanticSceneDescriptor : SSD File Naming Issue! Neither SemanticAttributes-provided name : `data/scene_datasets/habitat-test-scenes/skokloster-castle.scn` nor constructed filename : `data/scene_datasets/habitat-test-scenes/info_semantic.json` exist on disk.
[18:21:06:131023]:[Error]:[Scene] SemanticScene.cpp(139)::loadSemanticSceneDescriptor : SSD Load Failure! File with SemanticAttributes-provided name `data/scene_datasets/habitat-test-scenes/skokloster-castle.scn` exists but failed to load.
[18:21:06:749938]:[Warning]:[Sim] Simulator.cpp(595)::instanceStageForSceneAttributes : The active scene does not contain semantic annotations : activeSemanticSceneID_ = 0
2026-08-11 18:21:09,266 update: 3480	fps: 489.157	
2026-08-11 18:21:09,266 Num updates: 3480	Num frames 556800
2026-08-11 18:21:09,266 Average window size: 50  distance_to_goal: 0.300  distance_to_goal_reward: 0.002  reward: 3.886  spl: 0.733  success: 0.867
2026-08-11 18:21:09,266 	Perf Stats: trainer.rollout_collect: 0.289 trainer.sample_action: 0.003 trainer.obs_insert: 0.000 trainer.step_env: 0.005 trainer.update_stats: 0.001 trainer.update_agent: 0.035
2026-08-11 18:21:12,378 update: 3490	fps: 489.225	
2026-08-11 18:21:12,378 Num updates: 3490	Num frames 558400
2026-08-11 18:21:12,378 Average window size: 50  distance_to_goal: 0.206  distance_to_goal_reward: 0.002  reward: 4.344  spl: 0.743  success: 0.881
2026-08-11 18:21:12,378 	Perf Stats: trainer.rollout_collect: 0.289 trainer.sample_action: 0.003 trainer.obs_insert: 0.000 trainer.step_env: 0.005 trainer.update_stats: 0.001 trainer.update_agent: 0.035
2026-08-11 18:21:15,597 update: 3500	fps: 489.247	
2026-08-11 18:21:15,597 Num updates: 3500	Num frames 560000
2026-08-11 18:21:15,597 Average window size: 50  distance_to_goal: 0.201  distance_to_goal_reward: 0.002  reward: 4.435  spl: 0.754  success: 0.890
2026-08-11 18:21:15,597 	Perf Stats: trainer.rollout_collect: 0.289 trainer.sample_action: 0.003 trainer.obs_insert: 0.000 trainer.step_env: 0.005 trainer.update_stats: 0.001 trainer.update_agent: 0.035
2026-08-11 18:21:18,667 update: 3510	fps: 489.333	
2026-08-11 18:21:18,667 Num updates: 3510	Num frames 561600
2026-08-11 18:21:18,667 Average window size: 50  distance_to_goal: 0.196  distance_to_goal_reward: 0.002  reward: 4.492  spl: 0.774  success: 0.914
2026-08-11 18:21:18,667 	Perf Stats: trainer.rollout_collect: 0.289 trainer.sample_action: 0.003 trainer.obs_insert: 0.000 trainer.step_env: 0.005 trainer.update_stats: 0.001 trainer.update_agent: 0.035
PluginManager::Manager: duplicate static plugin StbImageImporter, ignoring
PluginManager::Manager: duplicate static plugin GltfImporter, ignoring
PluginManager::Manager: duplicate static plugin BasisImporter, ignoring
PluginManager::Manager: duplicate static plugin AssimpImporter, ignoring
PluginManager::Manager: duplicate static plugin AnySceneImporter, ignoring
PluginManager::Manager: duplicate static plugin AnyImageImporter, ignoring
Renderer: NVIDIA GeForce RTX 4070/PCIe/SSE2 by NVIDIA Corporation
OpenGL version: 4.6.0 NVIDIA 580.173.02
Using optional features:
    GL_ARB_vertex_array_object
    GL_ARB_separate_shader_objects
    GL_ARB_robustness
    GL_ARB_texture_storage
    GL_ARB_texture_view
    GL_ARB_framebuffer_no_attachments
    GL_ARB_invalidate_subdata
    GL_ARB_texture_storage_multisample
    GL_ARB_multi_bind
    GL_ARB_direct_state_access
    GL_ARB_get_texture_sub_image
    GL_ARB_texture_filter_anisotropic
    GL_KHR_debug
    GL_KHR_parallel_shader_compile
    GL_NV_depth_buffer_float
Using driver workarounds:
    no-forward-compatible-core-context
    nv-egl-incorrect-gl11-function-pointers
    no-layout-qualifiers-on-old-glsl
    nv-zero-context-profile-mask
    nv-implementation-color-read-format-dsa-broken
    nv-cubemap-inconsistent-compressed-image-size
    nv-cubemap-broken-full-compressed-image-query
    nv-compressed-block-size-in-bits
[18:21:20:896379]:[Warning]:[Scene] SemanticScene.h(331)::checkFileExists : ::loadSemanticSceneDescriptor: File `data/scene_datasets/habitat-test-scenes/skokloster-castle.scn` does not exist.  Aborting load.
[18:21:20:896395]:[Warning]:[Scene] SemanticScene.cpp(123)::loadSemanticSceneDescriptor : SSD File Naming Issue! Neither SemanticAttributes-provided name : `data/scene_datasets/habitat-test-scenes/skokloster-castle.scn` nor constructed filename : `data/scene_datasets/habitat-test-scenes/info_semantic.json` exist on disk.
[18:21:20:896400]:[Error]:[Scene] SemanticScene.cpp(139)::loadSemanticSceneDescriptor : SSD Load Failure! File with SemanticAttributes-provided name `data/scene_datasets/habitat-test-scenes/skokloster-castle.scn` exists but failed to load.
[18:21:21:499784]:[Warning]:[Sim] Simulator.cpp(595)::instanceStageForSceneAttributes : The active scene does not contain semantic annotations : activeSemanticSceneID_ = 0
2026-08-11 18:21:22,396 update: 3520	fps: 489.137	
2026-08-11 18:21:22,396 Num updates: 3520	Num frames 563200
2026-08-11 18:21:22,396 Average window size: 50  distance_to_goal: 0.231  distance_to_goal_reward: 0.002  reward: 4.443  spl: 0.744  success: 0.894
2026-08-11 18:21:22,397 	Perf Stats: trainer.rollout_collect: 0.289 trainer.sample_action: 0.003 trainer.obs_insert: 0.000 trainer.step_env: 0.005 trainer.update_stats: 0.001 trainer.update_agent: 0.035
2026-08-11 18:21:25,500 update: 3530	fps: 489.208	
2026-08-11 18:21:25,500 Num updates: 3530	Num frames 564800
2026-08-11 18:21:25,500 Average window size: 50  distance_to_goal: 0.190  distance_to_goal_reward: 0.000  reward: 4.550  spl: 0.764  success: 0.910
2026-08-11 18:21:25,500 	Perf Stats: trainer.rollout_collect: 0.289 trainer.sample_action: 0.003 trainer.obs_insert: 0.000 trainer.step_env: 0.005 trainer.update_stats: 0.001 trainer.update_agent: 0.035
2026-08-11 18:21:28,623 update: 3540	fps: 489.270	
2026-08-11 18:21:28,623 Num updates: 3540	Num frames 566400
2026-08-11 18:21:28,623 Average window size: 50  distance_to_goal: 0.264  distance_to_goal_reward: 0.000  reward: 4.146  spl: 0.760  success: 0.897
2026-08-11 18:21:28,623 	Perf Stats: trainer.rollout_collect: 0.289 trainer.sample_action: 0.003 trainer.obs_insert: 0.000 trainer.step_env: 0.005 trainer.update_stats: 0.001 trainer.update_agent: 0.035
2026-08-11 18:21:31,750 update: 3550	fps: 489.331	
2026-08-11 18:21:31,751 Num updates: 3550	Num frames 568000
2026-08-11 18:21:31,751 Average window size: 50  distance_to_goal: 0.344  distance_to_goal_reward: 0.000  reward: 3.974  spl: 0.756  success: 0.893
2026-08-11 18:21:31,751 	Perf Stats: trainer.rollout_collect: 0.289 trainer.sample_action: 0.003 trainer.obs_insert: 0.000 trainer.step_env: 0.005 trainer.update_stats: 0.001 trainer.update_agent: 0.035
2026-08-11 18:21:34,880 update: 3560	fps: 489.389	
2026-08-11 18:21:34,881 Num updates: 3560	Num frames 569600
2026-08-11 18:21:34,881 Average window size: 50  distance_to_goal: 0.469  distance_to_goal_reward: 0.000  reward: 3.940  spl: 0.749  success: 0.873
2026-08-11 18:21:34,881 	Perf Stats: trainer.rollout_collect: 0.289 trainer.sample_action: 0.003 trainer.obs_insert: 0.000 trainer.step_env: 0.005 trainer.update_stats: 0.001 trainer.update_agent: 0.035
2026-08-11 18:21:38,039 update: 3570	fps: 489.436	
2026-08-11 18:21:38,039 Num updates: 3570	Num frames 571200
2026-08-11 18:21:38,039 Average window size: 50  distance_to_goal: 0.468  distance_to_goal_reward: 0.000  reward: 4.147  spl: 0.746  success: 0.861
2026-08-11 18:21:38,039 	Perf Stats: trainer.rollout_collect: 0.289 trainer.sample_action: 0.003 trainer.obs_insert: 0.000 trainer.step_env: 0.005 trainer.update_stats: 0.001 trainer.update_agent: 0.035
2026-08-11 18:21:41,193 update: 3580	fps: 489.484	
2026-08-11 18:21:41,193 Num updates: 3580	Num frames 572800
2026-08-11 18:21:41,193 Average window size: 50  distance_to_goal: 0.362  distance_to_goal_reward: 0.000  reward: 4.505  spl: 0.749  success: 0.863
2026-08-11 18:21:41,193 	Perf Stats: trainer.rollout_collect: 0.289 trainer.sample_action: 0.003 trainer.obs_insert: 0.000 trainer.step_env: 0.005 trainer.update_stats: 0.001 trainer.update_agent: 0.035
2026-08-11 18:21:44,335 update: 3590	fps: 489.537	
2026-08-11 18:21:44,335 Num updates: 3590	Num frames 574400
2026-08-11 18:21:44,335 Average window size: 50  distance_to_goal: 0.325  distance_to_goal_reward: 0.000  reward: 4.615  spl: 0.767  success: 0.885
2026-08-11 18:21:44,335 	Perf Stats: trainer.rollout_collect: 0.289 trainer.sample_action: 0.003 trainer.obs_insert: 0.000 trainer.step_env: 0.005 trainer.update_stats: 0.001 trainer.update_agent: 0.035
2026-08-11 18:21:47,587 update: 3600	fps: 489.543	
2026-08-11 18:21:47,588 Num updates: 3600	Num frames 576000
2026-08-11 18:21:47,588 Average window size: 50  distance_to_goal: 0.340  distance_to_goal_reward: 0.000  reward: 4.698  spl: 0.768  success: 0.886
2026-08-11 18:21:47,588 	Perf Stats: trainer.rollout_collect: 0.289 trainer.sample_action: 0.003 trainer.obs_insert: 0.000 trainer.step_env: 0.005 trainer.update_stats: 0.001 trainer.update_agent: 0.035
2026-08-11 18:21:50,687 update: 3610	fps: 489.614	
2026-08-11 18:21:50,695 Num updates: 3610	Num frames 577600
2026-08-11 18:21:50,695 Average window size: 50  distance_to_goal: 0.285  distance_to_goal_reward: 0.000  reward: 4.882  spl: 0.759  success: 0.889
2026-08-11 18:21:50,695 	Perf Stats: trainer.rollout_collect: 0.289 trainer.sample_action: 0.003 trainer.obs_insert: 0.000 trainer.step_env: 0.005 trainer.update_stats: 0.001 trainer.update_agent: 0.035
2026-08-11 18:21:53,813 update: 3620	fps: 489.672	
2026-08-11 18:21:53,814 Num updates: 3620	Num frames 579200
2026-08-11 18:21:53,814 Average window size: 50  distance_to_goal: 0.351  distance_to_goal_reward: 0.000  reward: 4.763  spl: 0.757  success: 0.906
2026-08-11 18:21:53,814 	Perf Stats: trainer.rollout_collect: 0.289 trainer.sample_action: 0.003 trainer.obs_insert: 0.000 trainer.step_env: 0.005 trainer.update_stats: 0.001 trainer.update_agent: 0.035
2026-08-11 18:21:56,965 update: 3630	fps: 489.720	
2026-08-11 18:21:56,965 Num updates: 3630	Num frames 580800
2026-08-11 18:21:56,965 Average window size: 50  distance_to_goal: 0.383  distance_to_goal_reward: 0.000  reward: 4.780  spl: 0.743  success: 0.897
2026-08-11 18:21:56,965 	Perf Stats: trainer.rollout_collect: 0.289 trainer.sample_action: 0.003 trainer.obs_insert: 0.000 trainer.step_env: 0.005 trainer.update_stats: 0.001 trainer.update_agent: 0.035
2026-08-11 18:22:00,078 update: 3640	fps: 489.784	
2026-08-11 18:22:00,078 Num updates: 3640	Num frames 582400
2026-08-11 18:22:00,078 Average window size: 50  distance_to_goal: 0.366  distance_to_goal_reward: 0.000  reward: 4.955  spl: 0.726  success: 0.885
2026-08-11 18:22:00,078 	Perf Stats: trainer.rollout_collect: 0.289 trainer.sample_action: 0.003 trainer.obs_insert: 0.000 trainer.step_env: 0.005 trainer.update_stats: 0.001 trainer.update_agent: 0.035
2026-08-11 18:22:03,224 update: 3650	fps: 489.833	
2026-08-11 18:22:03,224 Num updates: 3650	Num frames 584000
2026-08-11 18:22:03,224 Average window size: 50  distance_to_goal: 0.344  distance_to_goal_reward: 0.000  reward: 4.952  spl: 0.726  success: 0.877
2026-08-11 18:22:03,224 	Perf Stats: trainer.rollout_collect: 0.289 trainer.sample_action: 0.003 trainer.obs_insert: 0.000 trainer.step_env: 0.005 trainer.update_stats: 0.001 trainer.update_agent: 0.035
2026-08-11 18:22:06,377 update: 3660	fps: 489.880	
2026-08-11 18:22:06,377 Num updates: 3660	Num frames 585600
2026-08-11 18:22:06,377 Average window size: 50  distance_to_goal: 0.284  distance_to_goal_reward: 0.000  reward: 5.075  spl: 0.731  success: 0.878
2026-08-11 18:22:06,377 	Perf Stats: trainer.rollout_collect: 0.289 trainer.sample_action: 0.003 trainer.obs_insert: 0.000 trainer.step_env: 0.005 trainer.update_stats: 0.001 trainer.update_agent: 0.035
2026-08-11 18:22:09,479 update: 3670	fps: 489.947	
2026-08-11 18:22:09,479 Num updates: 3670	Num frames 587200
2026-08-11 18:22:09,479 Average window size: 50  distance_to_goal: 0.261  distance_to_goal_reward: 0.000  reward: 5.299  spl: 0.728  success: 0.870
2026-08-11 18:22:09,479 	Perf Stats: trainer.rollout_collect: 0.289 trainer.sample_action: 0.003 trainer.obs_insert: 0.000 trainer.step_env: 0.005 trainer.update_stats: 0.001 trainer.update_agent: 0.035
2026-08-11 18:22:12,615 update: 3680	fps: 489.999	
2026-08-11 18:22:12,615 Num updates: 3680	Num frames 588800
2026-08-11 18:22:12,615 Average window size: 50  distance_to_goal: 0.307  distance_to_goal_reward: 0.000  reward: 5.205  spl: 0.723  success: 0.856
2026-08-11 18:22:12,615 	Perf Stats: trainer.rollout_collect: 0.289 trainer.sample_action: 0.003 trainer.obs_insert: 0.000 trainer.step_env: 0.005 trainer.update_stats: 0.001 trainer.update_agent: 0.035
2026-08-11 18:22:15,761 update: 3690	fps: 490.048	
2026-08-11 18:22:15,761 Num updates: 3690	Num frames 590400
2026-08-11 18:22:15,761 Average window size: 50  distance_to_goal: 0.375  distance_to_goal_reward: 0.000  reward: 5.062  spl: 0.731  success: 0.859
2026-08-11 18:22:15,761 	Perf Stats: trainer.rollout_collect: 0.289 trainer.sample_action: 0.003 trainer.obs_insert: 0.000 trainer.step_env: 0.005 trainer.update_stats: 0.001 trainer.update_agent: 0.035
2026-08-11 18:22:18,988 update: 3700	fps: 490.063	
2026-08-11 18:22:18,988 Num updates: 3700	Num frames 592000
2026-08-11 18:22:18,988 Average window size: 50  distance_to_goal: 0.356  distance_to_goal_reward: 0.000  reward: 5.358  spl: 0.740  success: 0.869
2026-08-11 18:22:18,988 	Perf Stats: trainer.rollout_collect: 0.289 trainer.sample_action: 0.003 trainer.obs_insert: 0.000 trainer.step_env: 0.005 trainer.update_stats: 0.001 trainer.update_agent: 0.035
PluginManager::Manager: duplicate static plugin StbImageImporter, ignoring
PluginManager::Manager: duplicate static plugin GltfImporter, ignoring
PluginManager::Manager: duplicate static plugin BasisImporter, ignoring
PluginManager::Manager: duplicate static plugin AssimpImporter, ignoring
PluginManager::Manager: duplicate static plugin AnySceneImporter, ignoring
PluginManager::Manager: duplicate static plugin AnyImageImporter, ignoring
Renderer: NVIDIA GeForce RTX 4070/PCIe/SSE2 by NVIDIA Corporation
OpenGL version: 4.6.0 NVIDIA 580.173.02
Using optional features:
    GL_ARB_vertex_array_object
    GL_ARB_separate_shader_objects
    GL_ARB_robustness
    GL_ARB_texture_storage
    GL_ARB_texture_view
    GL_ARB_framebuffer_no_attachments
    GL_ARB_invalidate_subdata
    GL_ARB_texture_storage_multisample
    GL_ARB_multi_bind
    GL_ARB_direct_state_access
    GL_ARB_get_texture_sub_image
    GL_ARB_texture_filter_anisotropic
    GL_KHR_debug
    GL_KHR_parallel_shader_compile
    GL_NV_depth_buffer_float
Using driver workarounds:
    no-forward-compatible-core-context
    nv-egl-incorrect-gl11-function-pointers
    no-layout-qualifiers-on-old-glsl
    nv-zero-context-profile-mask
    nv-implementation-color-read-format-dsa-broken
    nv-cubemap-inconsistent-compressed-image-size
    nv-cubemap-broken-full-compressed-image-query
    nv-compressed-block-size-in-bits
[18:22:20:790206]:[Warning]:[Scene] SemanticScene.h(331)::checkFileExists : ::loadSemanticSceneDescriptor: File `data/scene_datasets/habitat-test-scenes/skokloster-castle.scn` does not exist.  Aborting load.
[18:22:20:790223]:[Warning]:[Scene] SemanticScene.cpp(123)::loadSemanticSceneDescriptor : SSD File Naming Issue! Neither SemanticAttributes-provided name : `data/scene_datasets/habitat-test-scenes/skokloster-castle.scn` nor constructed filename : `data/scene_datasets/habitat-test-scenes/info_semantic.json` exist on disk.
[18:22:20:790228]:[Error]:[Scene] SemanticScene.cpp(139)::loadSemanticSceneDescriptor : SSD Load Failure! File with SemanticAttributes-provided name `data/scene_datasets/habitat-test-scenes/skokloster-castle.scn` exists but failed to load.
[18:22:21:409846]:[Warning]:[Sim] Simulator.cpp(595)::instanceStageForSceneAttributes : The active scene does not contain semantic annotations : activeSemanticSceneID_ = 0
2026-08-11 18:22:22,759 update: 3710	fps: 489.859	
2026-08-11 18:22:22,759 Num updates: 3710	Num frames 593600
2026-08-11 18:22:22,759 Average window size: 50  distance_to_goal: 0.361  distance_to_goal_reward: 0.000  reward: 5.385  spl: 0.753  success: 0.888
2026-08-11 18:22:22,759 	Perf Stats: trainer.rollout_collect: 0.289 trainer.sample_action: 0.003 trainer.obs_insert: 0.000 trainer.step_env: 0.005 trainer.update_stats: 0.001 trainer.update_agent: 0.035
PluginManager::Manager: duplicate static plugin StbImageImporter, ignoring
PluginManager::Manager: duplicate static plugin GltfImporter, ignoring
PluginManager::Manager: duplicate static plugin BasisImporter, ignoring
PluginManager::Manager: duplicate static plugin AssimpImporter, ignoring
PluginManager::Manager: duplicate static plugin AnySceneImporter, ignoring
PluginManager::Manager: duplicate static plugin AnyImageImporter, ignoring
Renderer: NVIDIA GeForce RTX 4070/PCIe/SSE2 by NVIDIA Corporation
OpenGL version: 4.6.0 NVIDIA 580.173.02
Using optional features:
    GL_ARB_vertex_array_object
    GL_ARB_separate_shader_objects
    GL_ARB_robustness
    GL_ARB_texture_storage
    GL_ARB_texture_view
    GL_ARB_framebuffer_no_attachments
    GL_ARB_invalidate_subdata
    GL_ARB_texture_storage_multisample
    GL_ARB_multi_bind
    GL_ARB_direct_state_access
    GL_ARB_get_texture_sub_image
    GL_ARB_texture_filter_anisotropic
    GL_KHR_debug
    GL_KHR_parallel_shader_compile
    GL_NV_depth_buffer_float
Using driver workarounds:
    no-forward-compatible-core-context
    nv-egl-incorrect-gl11-function-pointers
    no-layout-qualifiers-on-old-glsl
    nv-zero-context-profile-mask
    nv-implementation-color-read-format-dsa-broken
    nv-cubemap-inconsistent-compressed-image-size
    nv-cubemap-broken-full-compressed-image-query
    nv-compressed-block-size-in-bits
[18:22:24:081777]:[Warning]:[Scene] SemanticScene.h(331)::checkFileExists : ::loadSemanticSceneDescriptor: File `data/scene_datasets/habitat-test-scenes/skokloster-castle.scn` does not exist.  Aborting load.
[18:22:24:081795]:[Warning]:[Scene] SemanticScene.cpp(123)::loadSemanticSceneDescriptor : SSD File Naming Issue! Neither SemanticAttributes-provided name : `data/scene_datasets/habitat-test-scenes/skokloster-castle.scn` nor constructed filename : `data/scene_datasets/habitat-test-scenes/info_semantic.json` exist on disk.
[18:22:24:081805]:[Error]:[Scene] SemanticScene.cpp(139)::loadSemanticSceneDescriptor : SSD Load Failure! File with SemanticAttributes-provided name `data/scene_datasets/habitat-test-scenes/skokloster-castle.scn` exists but failed to load.
[18:22:24:690141]:[Warning]:[Sim] Simulator.cpp(595)::instanceStageForSceneAttributes : The active scene does not contain semantic annotations : activeSemanticSceneID_ = 0
2026-08-11 18:22:26,610 update: 3720	fps: 489.623	
2026-08-11 18:22:26,611 Num updates: 3720	Num frames 595200
2026-08-11 18:22:26,611 Average window size: 50  distance_to_goal: 0.510  distance_to_goal_reward: -0.000  reward: 5.441  spl: 0.770  success: 0.902
2026-08-11 18:22:26,611 	Perf Stats: trainer.rollout_collect: 0.289 trainer.sample_action: 0.003 trainer.obs_insert: 0.000 trainer.step_env: 0.005 trainer.update_stats: 0.001 trainer.update_agent: 0.035
2026-08-11 18:22:29,845 update: 3730	fps: 489.636	
2026-08-11 18:22:29,845 Num updates: 3730	Num frames 596800
2026-08-11 18:22:29,845 Average window size: 50  distance_to_goal: 0.543  distance_to_goal_reward: -0.000  reward: 5.580  spl: 0.763  success: 0.899
2026-08-11 18:22:29,845 	Perf Stats: trainer.rollout_collect: 0.289 trainer.sample_action: 0.003 trainer.obs_insert: 0.000 trainer.step_env: 0.005 trainer.update_stats: 0.001 trainer.update_agent: 0.035
2026-08-11 18:22:33,068 update: 3740	fps: 489.654	
2026-08-11 18:22:33,068 Num updates: 3740	Num frames 598400
2026-08-11 18:22:33,068 Average window size: 50  distance_to_goal: 0.887  distance_to_goal_reward: -0.000  reward: 5.644  spl: 0.749  success: 0.888
2026-08-11 18:22:33,069 	Perf Stats: trainer.rollout_collect: 0.289 trainer.sample_action: 0.003 trainer.obs_insert: 0.000 trainer.step_env: 0.005 trainer.update_stats: 0.001 trainer.update_agent: 0.035
2026-08-11 18:22:36,302 update: 3750	fps: 489.668	
2026-08-11 18:22:36,302 Num updates: 3750	Num frames 600000
2026-08-11 18:22:36,302 Average window size: 50  distance_to_goal: 1.281  distance_to_goal_reward: -0.001  reward: 5.906  spl: 0.716  success: 0.859
2026-08-11 18:22:36,302 	Perf Stats: trainer.rollout_collect: 0.289 trainer.sample_action: 0.003 trainer.obs_insert: 0.000 trainer.step_env: 0.005 trainer.update_stats: 0.001 trainer.update_agent: 0.035
2026-08-11 18:22:39,591 update: 3760	fps: 489.659	
2026-08-11 18:22:39,591 Num updates: 3760	Num frames 601600
2026-08-11 18:22:39,591 Average window size: 50  distance_to_goal: 2.062  distance_to_goal_reward: -0.001  reward: 6.041  spl: 0.639  success: 0.755
2026-08-11 18:22:39,592 	Perf Stats: trainer.rollout_collect: 0.289 trainer.sample_action: 0.003 trainer.obs_insert: 0.000 trainer.step_env: 0.005 trainer.update_stats: 0.001 trainer.update_agent: 0.035
PluginManager::Manager: duplicate static plugin StbImageImporter, ignoring
PluginManager::Manager: duplicate static plugin GltfImporter, ignoring
PluginManager::Manager: duplicate static plugin BasisImporter, ignoring
PluginManager::Manager: duplicate static plugin AssimpImporter, ignoring
PluginManager::Manager: duplicate static plugin AnySceneImporter, ignoring
PluginManager::Manager: duplicate static plugin AnyImageImporter, ignoring
Renderer: NVIDIA GeForce RTX 4070/PCIe/SSE2 by NVIDIA Corporation
OpenGL version: 4.6.0 NVIDIA 580.173.02
Using optional features:
    GL_ARB_vertex_array_object
    GL_ARB_separate_shader_objects
    GL_ARB_robustness
    GL_ARB_texture_storage
    GL_ARB_texture_view
    GL_ARB_framebuffer_no_attachments
    GL_ARB_invalidate_subdata
    GL_ARB_texture_storage_multisample
    GL_ARB_multi_bind
    GL_ARB_direct_state_access
    GL_ARB_get_texture_sub_image
    GL_ARB_texture_filter_anisotropic
    GL_KHR_debug
    GL_KHR_parallel_shader_compile
    GL_NV_depth_buffer_float
Using driver workarounds:
    no-forward-compatible-core-context
    nv-egl-incorrect-gl11-function-pointers
    no-layout-qualifiers-on-old-glsl
    nv-zero-context-profile-mask
    nv-implementation-color-read-format-dsa-broken
    nv-cubemap-inconsistent-compressed-image-size
    nv-cubemap-broken-full-compressed-image-query
    nv-compressed-block-size-in-bits
[18:22:39:936213]:[Warning]:[Scene] SemanticScene.h(331)::checkFileExists : ::loadSemanticSceneDescriptor: File `data/scene_datasets/habitat-test-scenes/van-gogh-room.scn` does not exist.  Aborting load.
[18:22:39:936229]:[Warning]:[Scene] SemanticScene.cpp(123)::loadSemanticSceneDescriptor : SSD File Naming Issue! Neither SemanticAttributes-provided name : `data/scene_datasets/habitat-test-scenes/van-gogh-room.scn` nor constructed filename : `data/scene_datasets/habitat-test-scenes/info_semantic.json` exist on disk.
[18:22:39:936234]:[Error]:[Scene] SemanticScene.cpp(139)::loadSemanticSceneDescriptor : SSD Load Failure! File with SemanticAttributes-provided name `data/scene_datasets/habitat-test-scenes/van-gogh-room.scn` exists but failed to load.
[18:22:40:368865]:[Warning]:[Sim] Simulator.cpp(595)::instanceStageForSceneAttributes : The active scene does not contain semantic annotations : activeSemanticSceneID_ = 0
2026-08-11 18:22:43,233 update: 3770	fps: 489.510	
2026-08-11 18:22:43,234 Num updates: 3770	Num frames 603200
2026-08-11 18:22:43,234 Average window size: 50  distance_to_goal: 1.832  distance_to_goal_reward: 0.000  reward: 5.742  spl: 0.668  success: 0.771
2026-08-11 18:22:43,234 	Perf Stats: trainer.rollout_collect: 0.289 trainer.sample_action: 0.003 trainer.obs_insert: 0.000 trainer.step_env: 0.005 trainer.update_stats: 0.001 trainer.update_agent: 0.035
PluginManager::Manager: duplicate static plugin StbImageImporter, ignoring
PluginManager::Manager: duplicate static plugin GltfImporter, ignoring
PluginManager::Manager: duplicate static plugin BasisImporter, ignoring
PluginManager::Manager: duplicate static plugin AssimpImporter, ignoring
PluginManager::Manager: duplicate static plugin AnySceneImporter, ignoring
PluginManager::Manager: duplicate static plugin AnyImageImporter, ignoring
Renderer: NVIDIA GeForce RTX 4070/PCIe/SSE2 by NVIDIA Corporation
OpenGL version: 4.6.0 NVIDIA 580.173.02
Using optional features:
    GL_ARB_vertex_array_object
    GL_ARB_separate_shader_objects
    GL_ARB_robustness
    GL_ARB_texture_storage
    GL_ARB_texture_view
    GL_ARB_framebuffer_no_attachments
    GL_ARB_invalidate_subdata
    GL_ARB_texture_storage_multisample
    GL_ARB_multi_bind
    GL_ARB_direct_state_access
    GL_ARB_get_texture_sub_image
    GL_ARB_texture_filter_anisotropic
    GL_KHR_debug
    GL_KHR_parallel_shader_compile
    GL_NV_depth_buffer_float
Using driver workarounds:
    no-forward-compatible-core-context
    nv-egl-incorrect-gl11-function-pointers
    no-layout-qualifiers-on-old-glsl
    nv-zero-context-profile-mask
    nv-implementation-color-read-format-dsa-broken
    nv-cubemap-inconsistent-compressed-image-size
    nv-cubemap-broken-full-compressed-image-query
    nv-compressed-block-size-in-bits
[18:22:43:404520]:[Warning]:[Scene] SemanticScene.h(331)::checkFileExists : ::loadSemanticSceneDescriptor: File `data/scene_datasets/habitat-test-scenes/van-gogh-room.scn` does not exist.  Aborting load.
[18:22:43:404538]:[Warning]:[Scene] SemanticScene.cpp(123)::loadSemanticSceneDescriptor : SSD File Naming Issue! Neither SemanticAttributes-provided name : `data/scene_datasets/habitat-test-scenes/van-gogh-room.scn` nor constructed filename : `data/scene_datasets/habitat-test-scenes/info_semantic.json` exist on disk.
[18:22:43:404548]:[Error]:[Scene] SemanticScene.cpp(139)::loadSemanticSceneDescriptor : SSD Load Failure! File with SemanticAttributes-provided name `data/scene_datasets/habitat-test-scenes/van-gogh-room.scn` exists but failed to load.
[18:22:43:847383]:[Warning]:[Sim] Simulator.cpp(595)::instanceStageForSceneAttributes : The active scene does not contain semantic annotations : activeSemanticSceneID_ = 0
2026-08-11 18:22:46,855 update: 3780	fps: 489.370	
2026-08-11 18:22:46,856 Num updates: 3780	Num frames 604800
2026-08-11 18:22:46,856 Average window size: 50  distance_to_goal: 1.476  distance_to_goal_reward: 0.000  reward: 5.128  spl: 0.686  success: 0.794
2026-08-11 18:22:46,856 	Perf Stats: trainer.rollout_collect: 0.289 trainer.sample_action: 0.003 trainer.obs_insert: 0.000 trainer.step_env: 0.005 trainer.update_stats: 0.001 trainer.update_agent: 0.035
2026-08-11 18:22:49,994 update: 3790	fps: 489.422	
2026-08-11 18:22:49,994 Num updates: 3790	Num frames 606400
2026-08-11 18:22:49,995 Average window size: 50  distance_to_goal: 0.987  distance_to_goal_reward: 0.000  reward: 5.188  spl: 0.735  success: 0.836
2026-08-11 18:22:49,995 	Perf Stats: trainer.rollout_collect: 0.289 trainer.sample_action: 0.003 trainer.obs_insert: 0.000 trainer.step_env: 0.005 trainer.update_stats: 0.001 trainer.update_agent: 0.035
2026-08-11 18:22:53,214 update: 3800	fps: 489.441	
2026-08-11 18:22:53,214 Num updates: 3800	Num frames 608000
2026-08-11 18:22:53,214 Average window size: 50  distance_to_goal: 1.121  distance_to_goal_reward: -0.000  reward: 4.427  spl: 0.687  success: 0.789
2026-08-11 18:22:53,214 	Perf Stats: trainer.rollout_collect: 0.289 trainer.sample_action: 0.003 trainer.obs_insert: 0.000 trainer.step_env: 0.005 trainer.update_stats: 0.001 trainer.update_agent: 0.035
2026-08-11 18:22:56,368 update: 3810	fps: 489.486	
2026-08-11 18:22:56,368 Num updates: 3810	Num frames 609600
2026-08-11 18:22:56,368 Average window size: 50  distance_to_goal: 0.751  distance_to_goal_reward: -0.000  reward: 4.007  spl: 0.702  success: 0.812
2026-08-11 18:22:56,368 	Perf Stats: trainer.rollout_collect: 0.289 trainer.sample_action: 0.003 trainer.obs_insert: 0.000 trainer.step_env: 0.005 trainer.update_stats: 0.001 trainer.update_agent: 0.035
2026-08-11 18:22:59,542 update: 3820	fps: 489.524	
2026-08-11 18:22:59,542 Num updates: 3820	Num frames 611200
2026-08-11 18:22:59,542 Average window size: 50  distance_to_goal: 0.543  distance_to_goal_reward: -0.000  reward: 3.797  spl: 0.688  success: 0.814
2026-08-11 18:22:59,542 	Perf Stats: trainer.rollout_collect: 0.289 trainer.sample_action: 0.003 trainer.obs_insert: 0.000 trainer.step_env: 0.005 trainer.update_stats: 0.001 trainer.update_agent: 0.035
2026-08-11 18:23:02,710 update: 3830	fps: 489.563	
2026-08-11 18:23:02,710 Num updates: 3830	Num frames 612800
2026-08-11 18:23:02,710 Average window size: 50  distance_to_goal: 0.538  distance_to_goal_reward: -0.000  reward: 3.772  spl: 0.662  success: 0.789
2026-08-11 18:23:02,710 	Perf Stats: trainer.rollout_collect: 0.289 trainer.sample_action: 0.003 trainer.obs_insert: 0.000 trainer.step_env: 0.005 trainer.update_stats: 0.001 trainer.update_agent: 0.035
2026-08-11 18:23:05,867 update: 3840	fps: 489.606	
2026-08-11 18:23:05,867 Num updates: 3840	Num frames 614400
2026-08-11 18:23:05,867 Average window size: 50  distance_to_goal: 0.413  distance_to_goal_reward: -0.000  reward: 3.702  spl: 0.670  success: 0.800
2026-08-11 18:23:05,867 	Perf Stats: trainer.rollout_collect: 0.289 trainer.sample_action: 0.003 trainer.obs_insert: 0.000 trainer.step_env: 0.005 trainer.update_stats: 0.001 trainer.update_agent: 0.035
2026-08-11 18:23:09,029 update: 3850	fps: 489.647	
2026-08-11 18:23:09,029 Num updates: 3850	Num frames 616000
2026-08-11 18:23:09,029 Average window size: 50  distance_to_goal: 0.371  distance_to_goal_reward: 0.000  reward: 4.036  spl: 0.725  success: 0.852
2026-08-11 18:23:09,029 	Perf Stats: trainer.rollout_collect: 0.289 trainer.sample_action: 0.003 trainer.obs_insert: 0.000 trainer.step_env: 0.005 trainer.update_stats: 0.001 trainer.update_agent: 0.035
2026-08-11 18:23:12,185 update: 3860	fps: 489.691	
2026-08-11 18:23:12,185 Num updates: 3860	Num frames 617600
2026-08-11 18:23:12,185 Average window size: 50  distance_to_goal: 0.397  distance_to_goal_reward: 0.000  reward: 4.135  spl: 0.741  success: 0.864
2026-08-11 18:23:12,185 	Perf Stats: trainer.rollout_collect: 0.289 trainer.sample_action: 0.003 trainer.obs_insert: 0.000 trainer.step_env: 0.005 trainer.update_stats: 0.001 trainer.update_agent: 0.035
2026-08-11 18:23:15,343 update: 3870	fps: 489.733	
2026-08-11 18:23:15,344 Num updates: 3870	Num frames 619200
2026-08-11 18:23:15,344 Average window size: 50  distance_to_goal: 0.463  distance_to_goal_reward: -0.000  reward: 4.284  spl: 0.750  success: 0.873
2026-08-11 18:23:15,344 	Perf Stats: trainer.rollout_collect: 0.289 trainer.sample_action: 0.003 trainer.obs_insert: 0.000 trainer.step_env: 0.005 trainer.update_stats: 0.001 trainer.update_agent: 0.035
2026-08-11 18:23:18,482 update: 3880	fps: 489.782	
2026-08-11 18:23:18,483 Num updates: 3880	Num frames 620800
2026-08-11 18:23:18,483 Average window size: 50  distance_to_goal: 0.498  distance_to_goal_reward: -0.001  reward: 4.286  spl: 0.772  success: 0.907
2026-08-11 18:23:18,483 	Perf Stats: trainer.rollout_collect: 0.289 trainer.sample_action: 0.003 trainer.obs_insert: 0.000 trainer.step_env: 0.005 trainer.update_stats: 0.001 trainer.update_agent: 0.035
2026-08-11 18:23:21,650 update: 3890	fps: 489.821	
2026-08-11 18:23:21,650 Num updates: 3890	Num frames 622400
2026-08-11 18:23:21,650 Average window size: 50  distance_to_goal: 0.434  distance_to_goal_reward: -0.001  reward: 4.427  spl: 0.779  success: 0.922
2026-08-11 18:23:21,650 	Perf Stats: trainer.rollout_collect: 0.289 trainer.sample_action: 0.003 trainer.obs_insert: 0.000 trainer.step_env: 0.005 trainer.update_stats: 0.001 trainer.update_agent: 0.035
PluginManager::Manager: duplicate static plugin StbImageImporter, ignoring
PluginManager::Manager: duplicate static plugin GltfImporter, ignoring
PluginManager::Manager: duplicate static plugin BasisImporter, ignoring
PluginManager::Manager: duplicate static plugin AssimpImporter, ignoring
PluginManager::Manager: duplicate static plugin AnySceneImporter, ignoring
PluginManager::Manager: duplicate static plugin AnyImageImporter, ignoring
Renderer: NVIDIA GeForce RTX 4070/PCIe/SSE2 by NVIDIA Corporation
OpenGL version: 4.6.0 NVIDIA 580.173.02
Using optional features:
    GL_ARB_vertex_array_object
    GL_ARB_separate_shader_objects
    GL_ARB_robustness
    GL_ARB_texture_storage
    GL_ARB_texture_view
    GL_ARB_framebuffer_no_attachments
    GL_ARB_invalidate_subdata
    GL_ARB_texture_storage_multisample
    GL_ARB_multi_bind
    GL_ARB_direct_state_access
    GL_ARB_get_texture_sub_image
    GL_ARB_texture_filter_anisotropic
    GL_KHR_debug
    GL_KHR_parallel_shader_compile
    GL_NV_depth_buffer_float
Using driver workarounds:
    no-forward-compatible-core-context
    nv-egl-incorrect-gl11-function-pointers
    no-layout-qualifiers-on-old-glsl
    nv-zero-context-profile-mask
    nv-implementation-color-read-format-dsa-broken
    nv-cubemap-inconsistent-compressed-image-size
    nv-cubemap-broken-full-compressed-image-query
    nv-compressed-block-size-in-bits
[18:23:22:061128]:[Warning]:[Scene] SemanticScene.h(331)::checkFileExists : ::loadSemanticSceneDescriptor: File `data/scene_datasets/habitat-test-scenes/van-gogh-room.scn` does not exist.  Aborting load.
[18:23:22:061145]:[Warning]:[Scene] SemanticScene.cpp(123)::loadSemanticSceneDescriptor : SSD File Naming Issue! Neither SemanticAttributes-provided name : `data/scene_datasets/habitat-test-scenes/van-gogh-room.scn` nor constructed filename : `data/scene_datasets/habitat-test-scenes/info_semantic.json` exist on disk.
[18:23:22:061150]:[Error]:[Scene] SemanticScene.cpp(139)::loadSemanticSceneDescriptor : SSD Load Failure! File with SemanticAttributes-provided name `data/scene_datasets/habitat-test-scenes/van-gogh-room.scn` exists but failed to load.
[18:23:22:503763]:[Warning]:[Sim] Simulator.cpp(595)::instanceStageForSceneAttributes : The active scene does not contain semantic annotations : activeSemanticSceneID_ = 0
2026-08-11 18:23:25,381 update: 3900	fps: 489.642	
2026-08-11 18:23:25,381 Num updates: 3900	Num frames 624000
2026-08-11 18:23:25,381 Average window size: 50  distance_to_goal: 0.413  distance_to_goal_reward: -0.001  reward: 4.332  spl: 0.774  success: 0.911
2026-08-11 18:23:25,381 	Perf Stats: trainer.rollout_collect: 0.289 trainer.sample_action: 0.003 trainer.obs_insert: 0.000 trainer.step_env: 0.005 trainer.update_stats: 0.001 trainer.update_agent: 0.035
2026-08-11 18:23:28,508 update: 3910	fps: 489.696	
2026-08-11 18:23:28,508 Num updates: 3910	Num frames 625600
2026-08-11 18:23:28,508 Average window size: 50  distance_to_goal: 0.301  distance_to_goal_reward: -0.001  reward: 4.511  spl: 0.783  success: 0.921
2026-08-11 18:23:28,508 	Perf Stats: trainer.rollout_collect: 0.289 trainer.sample_action: 0.003 trainer.obs_insert: 0.000 trainer.step_env: 0.005 trainer.update_stats: 0.001 trainer.update_agent: 0.035
2026-08-11 18:23:31,654 update: 3920	fps: 489.743	
2026-08-11 18:23:31,654 Num updates: 3920	Num frames 627200
2026-08-11 18:23:31,654 Average window size: 50  distance_to_goal: 0.336  distance_to_goal_reward: -0.000  reward: 4.318  spl: 0.756  success: 0.899
2026-08-11 18:23:31,654 	Perf Stats: trainer.rollout_collect: 0.289 trainer.sample_action: 0.003 trainer.obs_insert: 0.000 trainer.step_env: 0.005 trainer.update_stats: 0.001 trainer.update_agent: 0.035
2026-08-11 18:23:34,767 update: 3930	fps: 489.801	
2026-08-11 18:23:34,776 Num updates: 3930	Num frames 628800
2026-08-11 18:23:34,776 Average window size: 50  distance_to_goal: 0.264  distance_to_goal_reward: -0.000  reward: 4.551  spl: 0.765  success: 0.901
2026-08-11 18:23:34,776 	Perf Stats: trainer.rollout_collect: 0.289 trainer.sample_action: 0.003 trainer.obs_insert: 0.000 trainer.step_env: 0.005 trainer.update_stats: 0.001 trainer.update_agent: 0.035
2026-08-11 18:23:37,916 update: 3940	fps: 489.846	
2026-08-11 18:23:37,916 Num updates: 3940	Num frames 630400
2026-08-11 18:23:37,916 Average window size: 50  distance_to_goal: 0.240  distance_to_goal_reward: -0.000  reward: 4.583  spl: 0.760  success: 0.893
2026-08-11 18:23:37,916 	Perf Stats: trainer.rollout_collect: 0.289 trainer.sample_action: 0.003 trainer.obs_insert: 0.000 trainer.step_env: 0.005 trainer.update_stats: 0.001 trainer.update_agent: 0.035
2026-08-11 18:23:41,041 update: 3950	fps: 489.900	
2026-08-11 18:23:41,041 Num updates: 3950	Num frames 632000
2026-08-11 18:23:41,042 Average window size: 50  distance_to_goal: 0.233  distance_to_goal_reward: 0.000  reward: 4.465  spl: 0.758  success: 0.894
2026-08-11 18:23:41,042 	Perf Stats: trainer.rollout_collect: 0.289 trainer.sample_action: 0.003 trainer.obs_insert: 0.000 trainer.step_env: 0.005 trainer.update_stats: 0.001 trainer.update_agent: 0.035
2026-08-11 18:23:44,158 update: 3960	fps: 489.956	
2026-08-11 18:23:44,159 Num updates: 3960	Num frames 633600
2026-08-11 18:23:44,159 Average window size: 50  distance_to_goal: 0.340  distance_to_goal_reward: 0.000  reward: 4.160  spl: 0.748  success: 0.870
2026-08-11 18:23:44,159 	Perf Stats: trainer.rollout_collect: 0.289 trainer.sample_action: 0.003 trainer.obs_insert: 0.000 trainer.step_env: 0.005 trainer.update_stats: 0.001 trainer.update_agent: 0.035
2026-08-11 18:23:47,259 update: 3970	fps: 490.018	
2026-08-11 18:23:47,259 Num updates: 3970	Num frames 635200
2026-08-11 18:23:47,259 Average window size: 50  distance_to_goal: 0.320  distance_to_goal_reward: 0.000  reward: 4.170  spl: 0.771  success: 0.888
2026-08-11 18:23:47,259 	Perf Stats: trainer.rollout_collect: 0.289 trainer.sample_action: 0.003 trainer.obs_insert: 0.000 trainer.step_env: 0.005 trainer.update_stats: 0.001 trainer.update_agent: 0.035
2026-08-11 18:23:50,358 update: 3980	fps: 490.081	
2026-08-11 18:23:50,366 Num updates: 3980	Num frames 636800
2026-08-11 18:23:50,366 Average window size: 50  distance_to_goal: 0.401  distance_to_goal_reward: 0.000  reward: 3.853  spl: 0.755  success: 0.865
2026-08-11 18:23:50,366 	Perf Stats: trainer.rollout_collect: 0.289 trainer.sample_action: 0.003 trainer.obs_insert: 0.000 trainer.step_env: 0.005 trainer.update_stats: 0.001 trainer.update_agent: 0.035
PluginManager::Manager: duplicate static plugin StbImageImporter, ignoring
PluginManager::Manager: duplicate static plugin GltfImporter, ignoring
PluginManager::Manager: duplicate static plugin BasisImporter, ignoring
PluginManager::Manager: duplicate static plugin AssimpImporter, ignoring
PluginManager::Manager: duplicate static plugin AnySceneImporter, ignoring
PluginManager::Manager: duplicate static plugin AnyImageImporter, ignoring
Renderer: NVIDIA GeForce RTX 4070/PCIe/SSE2 by NVIDIA Corporation
OpenGL version: 4.6.0 NVIDIA 580.173.02
Using optional features:
    GL_ARB_vertex_array_object
    GL_ARB_separate_shader_objects
    GL_ARB_robustness
    GL_ARB_texture_storage
    GL_ARB_texture_view
    GL_ARB_framebuffer_no_attachments
    GL_ARB_invalidate_subdata
    GL_ARB_texture_storage_multisample
    GL_ARB_multi_bind
    GL_ARB_direct_state_access
    GL_ARB_get_texture_sub_image
    GL_ARB_texture_filter_anisotropic
    GL_KHR_debug
    GL_KHR_parallel_shader_compile
    GL_NV_depth_buffer_float
Using driver workarounds:
    no-forward-compatible-core-context
    nv-egl-incorrect-gl11-function-pointers
    no-layout-qualifiers-on-old-glsl
    nv-zero-context-profile-mask
    nv-implementation-color-read-format-dsa-broken
    nv-cubemap-inconsistent-compressed-image-size
    nv-cubemap-broken-full-compressed-image-query
    nv-compressed-block-size-in-bits
[18:23:50:833312]:[Warning]:[Scene] SemanticScene.h(331)::checkFileExists : ::loadSemanticSceneDescriptor: File `data/scene_datasets/habitat-test-scenes/van-gogh-room.scn` does not exist.  Aborting load.
[18:23:50:833329]:[Warning]:[Scene] SemanticScene.cpp(123)::loadSemanticSceneDescriptor : SSD File Naming Issue! Neither SemanticAttributes-provided name : `data/scene_datasets/habitat-test-scenes/van-gogh-room.scn` nor constructed filename : `data/scene_datasets/habitat-test-scenes/info_semantic.json` exist on disk.
[18:23:50:833339]:[Error]:[Scene] SemanticScene.cpp(139)::loadSemanticSceneDescriptor : SSD Load Failure! File with SemanticAttributes-provided name `data/scene_datasets/habitat-test-scenes/van-gogh-room.scn` exists but failed to load.
[18:23:51:268058]:[Warning]:[Sim] Simulator.cpp(595)::instanceStageForSceneAttributes : The active scene does not contain semantic annotations : activeSemanticSceneID_ = 0
2026-08-11 18:23:53,909 update: 3990	fps: 489.973	
2026-08-11 18:23:53,909 Num updates: 3990	Num frames 638400
2026-08-11 18:23:53,909 Average window size: 50  distance_to_goal: 0.361  distance_to_goal_reward: 0.000  reward: 3.465  spl: 0.695  success: 0.798
2026-08-11 18:23:53,909 	Perf Stats: trainer.rollout_collect: 0.289 trainer.sample_action: 0.003 trainer.obs_insert: 0.000 trainer.step_env: 0.005 trainer.update_stats: 0.001 trainer.update_agent: 0.035
2026-08-11 18:23:57,084 update: 4000	fps: 490.007	
2026-08-11 18:23:57,084 Num updates: 4000	Num frames 640000
2026-08-11 18:23:57,084 Average window size: 50  distance_to_goal: 0.436  distance_to_goal_reward: 0.000  reward: 3.345  spl: 0.700  success: 0.797
2026-08-11 18:23:57,084 	Perf Stats: trainer.rollout_collect: 0.289 trainer.sample_action: 0.003 trainer.obs_insert: 0.000 trainer.step_env: 0.005 trainer.update_stats: 0.001 trainer.update_agent: 0.035
2026-08-11 18:24:00,179 update: 4010	fps: 490.071	
2026-08-11 18:24:00,179 Num updates: 4010	Num frames 641600
2026-08-11 18:24:00,179 Average window size: 50  distance_to_goal: 0.306  distance_to_goal_reward: 0.000  reward: 3.548  spl: 0.707  success: 0.830
2026-08-11 18:24:00,179 	Perf Stats: trainer.rollout_collect: 0.289 trainer.sample_action: 0.003 trainer.obs_insert: 0.000 trainer.step_env: 0.005 trainer.update_stats: 0.001 trainer.update_agent: 0.035
2026-08-11 18:24:03,267 update: 4020	fps: 490.137	
2026-08-11 18:24:03,267 Num updates: 4020	Num frames 643200
2026-08-11 18:24:03,267 Average window size: 50  distance_to_goal: 0.271  distance_to_goal_reward: 0.000  reward: 3.672  spl: 0.717  success: 0.841
2026-08-11 18:24:03,267 	Perf Stats: trainer.rollout_collect: 0.289 trainer.sample_action: 0.003 trainer.obs_insert: 0.000 trainer.step_env: 0.005 trainer.update_stats: 0.001 trainer.update_agent: 0.035
2026-08-11 18:24:06,346 update: 4030	fps: 490.206	
2026-08-11 18:24:06,347 Num updates: 4030	Num frames 644800
2026-08-11 18:24:06,347 Average window size: 50  distance_to_goal: 0.214  distance_to_goal_reward: 0.000  reward: 3.691  spl: 0.740  success: 0.865
2026-08-11 18:24:06,347 	Perf Stats: trainer.rollout_collect: 0.289 trainer.sample_action: 0.003 trainer.obs_insert: 0.000 trainer.step_env: 0.005 trainer.update_stats: 0.001 trainer.update_agent: 0.035
2026-08-11 18:24:09,431 update: 4040	fps: 490.273	
2026-08-11 18:24:09,431 Num updates: 4040	Num frames 646400
2026-08-11 18:24:09,431 Average window size: 50  distance_to_goal: 0.203  distance_to_goal_reward: 0.000  reward: 3.891  spl: 0.759  success: 0.899
2026-08-11 18:24:09,431 	Perf Stats: trainer.rollout_collect: 0.289 trainer.sample_action: 0.003 trainer.obs_insert: 0.000 trainer.step_env: 0.005 trainer.update_stats: 0.001 trainer.update_agent: 0.035
PluginManager::Manager: duplicate static plugin StbImageImporter, ignoring
PluginManager::Manager: duplicate static plugin GltfImporter, ignoring
PluginManager::Manager: duplicate static plugin BasisImporter, ignoring
PluginManager::Manager: duplicate static plugin AssimpImporter, ignoring
PluginManager::Manager: duplicate static plugin AnySceneImporter, ignoring
PluginManager::Manager: duplicate static plugin AnyImageImporter, ignoring
Renderer: NVIDIA GeForce RTX 4070/PCIe/SSE2 by NVIDIA Corporation
OpenGL version: 4.6.0 NVIDIA 580.173.02
Using optional features:
    GL_ARB_vertex_array_object
    GL_ARB_separate_shader_objects
    GL_ARB_robustness
    GL_ARB_texture_storage
    GL_ARB_texture_view
    GL_ARB_framebuffer_no_attachments
    GL_ARB_invalidate_subdata
    GL_ARB_texture_storage_multisample
    GL_ARB_multi_bind
    GL_ARB_direct_state_access
    GL_ARB_get_texture_sub_image
    GL_ARB_texture_filter_anisotropic
    GL_KHR_debug
    GL_KHR_parallel_shader_compile
    GL_NV_depth_buffer_float
Using driver workarounds:
    no-forward-compatible-core-context
    nv-egl-incorrect-gl11-function-pointers
    no-layout-qualifiers-on-old-glsl
    nv-zero-context-profile-mask
    nv-implementation-color-read-format-dsa-broken
    nv-cubemap-inconsistent-compressed-image-size
    nv-cubemap-broken-full-compressed-image-query
    nv-compressed-block-size-in-bits
[18:24:10:748327]:[Warning]:[Scene] SemanticScene.h(331)::checkFileExists : ::loadSemanticSceneDescriptor: File `data/scene_datasets/habitat-test-scenes/van-gogh-room.scn` does not exist.  Aborting load.
[18:24:10:748342]:[Warning]:[Scene] SemanticScene.cpp(123)::loadSemanticSceneDescriptor : SSD File Naming Issue! Neither SemanticAttributes-provided name : `data/scene_datasets/habitat-test-scenes/van-gogh-room.scn` nor constructed filename : `data/scene_datasets/habitat-test-scenes/info_semantic.json` exist on disk.
[18:24:10:748347]:[Error]:[Scene] SemanticScene.cpp(139)::loadSemanticSceneDescriptor : SSD Load Failure! File with SemanticAttributes-provided name `data/scene_datasets/habitat-test-scenes/van-gogh-room.scn` exists but failed to load.
[18:24:11:199079]:[Warning]:[Sim] Simulator.cpp(595)::instanceStageForSceneAttributes : The active scene does not contain semantic annotations : activeSemanticSceneID_ = 0
2026-08-11 18:24:12,958 update: 4050	fps: 490.175	
2026-08-11 18:24:12,958 Num updates: 4050	Num frames 648000
2026-08-11 18:24:12,958 Average window size: 50  distance_to_goal: 0.137  distance_to_goal_reward: 0.000  reward: 3.942  spl: 0.762  success: 0.914
2026-08-11 18:24:12,958 	Perf Stats: trainer.rollout_collect: 0.289 trainer.sample_action: 0.003 trainer.obs_insert: 0.000 trainer.step_env: 0.005 trainer.update_stats: 0.001 trainer.update_agent: 0.035
2026-08-11 18:24:16,015 update: 4060	fps: 490.255	
2026-08-11 18:24:16,016 Num updates: 4060	Num frames 649600
2026-08-11 18:24:16,016 Average window size: 50  distance_to_goal: 0.135  distance_to_goal_reward: 0.000  reward: 3.923  spl: 0.772  success: 0.919
2026-08-11 18:24:16,016 	Perf Stats: trainer.rollout_collect: 0.289 trainer.sample_action: 0.003 trainer.obs_insert: 0.000 trainer.step_env: 0.005 trainer.update_stats: 0.001 trainer.update_agent: 0.035
2026-08-11 18:24:19,080 update: 4070	fps: 490.325	
2026-08-11 18:24:19,080 Num updates: 4070	Num frames 651200
2026-08-11 18:24:19,080 Average window size: 50  distance_to_goal: 0.135  distance_to_goal_reward: 0.000  reward: 3.745  spl: 0.754  success: 0.901
2026-08-11 18:24:19,081 	Perf Stats: trainer.rollout_collect: 0.289 trainer.sample_action: 0.003 trainer.obs_insert: 0.000 trainer.step_env: 0.005 trainer.update_stats: 0.001 trainer.update_agent: 0.035
2026-08-11 18:24:22,111 update: 4080	fps: 490.410	
2026-08-11 18:24:22,111 Num updates: 4080	Num frames 652800
2026-08-11 18:24:22,111 Average window size: 50  distance_to_goal: 0.134  distance_to_goal_reward: 0.000  reward: 3.746  spl: 0.750  success: 0.892
2026-08-11 18:24:22,112 	Perf Stats: trainer.rollout_collect: 0.289 trainer.sample_action: 0.003 trainer.obs_insert: 0.000 trainer.step_env: 0.005 trainer.update_stats: 0.001 trainer.update_agent: 0.035
2026-08-11 18:24:25,162 update: 4090	fps: 490.488	
2026-08-11 18:24:25,162 Num updates: 4090	Num frames 654400
2026-08-11 18:24:25,162 Average window size: 50  distance_to_goal: 0.118  distance_to_goal_reward: 0.000  reward: 3.776  spl: 0.783  success: 0.919
2026-08-11 18:24:25,162 	Perf Stats: trainer.rollout_collect: 0.288 trainer.sample_action: 0.003 trainer.obs_insert: 0.000 trainer.step_env: 0.005 trainer.update_stats: 0.001 trainer.update_agent: 0.035
2026-08-11 18:24:28,316 update: 4100	fps: 490.528	
2026-08-11 18:24:28,316 Num updates: 4100	Num frames 656000
2026-08-11 18:24:28,317 Average window size: 50  distance_to_goal: 0.121  distance_to_goal_reward: 0.000  reward: 3.776  spl: 0.784  success: 0.915
2026-08-11 18:24:28,317 	Perf Stats: trainer.rollout_collect: 0.288 trainer.sample_action: 0.003 trainer.obs_insert: 0.000 trainer.step_env: 0.005 trainer.update_stats: 0.001 trainer.update_agent: 0.035
2026-08-11 18:24:31,341 update: 4110	fps: 490.614	
2026-08-11 18:24:31,342 Num updates: 4110	Num frames 657600
2026-08-11 18:24:31,342 Average window size: 50  distance_to_goal: 0.121  distance_to_goal_reward: 0.000  reward: 3.750  spl: 0.774  success: 0.911
2026-08-11 18:24:31,342 	Perf Stats: trainer.rollout_collect: 0.288 trainer.sample_action: 0.003 trainer.obs_insert: 0.000 trainer.step_env: 0.005 trainer.update_stats: 0.001 trainer.update_agent: 0.035
PluginManager::Manager: duplicate static plugin StbImageImporter, ignoring
PluginManager::Manager: duplicate static plugin GltfImporter, ignoring
PluginManager::Manager: duplicate static plugin BasisImporter, ignoring
PluginManager::Manager: duplicate static plugin AssimpImporter, ignoring
PluginManager::Manager: duplicate static plugin AnySceneImporter, ignoring
PluginManager::Manager: duplicate static plugin AnyImageImporter, ignoring
Renderer: NVIDIA GeForce RTX 4070/PCIe/SSE2 by NVIDIA Corporation
OpenGL version: 4.6.0 NVIDIA 580.173.02
Using optional features:
    GL_ARB_vertex_array_object
    GL_ARB_separate_shader_objects
    GL_ARB_robustness
    GL_ARB_texture_storage
    GL_ARB_texture_view
    GL_ARB_framebuffer_no_attachments
    GL_ARB_invalidate_subdata
    GL_ARB_texture_storage_multisample
    GL_ARB_multi_bind
    GL_ARB_direct_state_access
    GL_ARB_get_texture_sub_image
    GL_ARB_texture_filter_anisotropic
    GL_KHR_debug
    GL_KHR_parallel_shader_compile
    GL_NV_depth_buffer_float
Using driver workarounds:
    no-forward-compatible-core-context
    nv-egl-incorrect-gl11-function-pointers
    no-layout-qualifiers-on-old-glsl
    nv-zero-context-profile-mask
    nv-implementation-color-read-format-dsa-broken
    nv-cubemap-inconsistent-compressed-image-size
    nv-cubemap-broken-full-compressed-image-query
    nv-compressed-block-size-in-bits
[18:24:33:762570]:[Warning]:[Scene] SemanticScene.h(331)::checkFileExists : ::loadSemanticSceneDescriptor: File `data/scene_datasets/habitat-test-scenes/skokloster-castle.scn` does not exist.  Aborting load.
[18:24:33:762586]:[Warning]:[Scene] SemanticScene.cpp(123)::loadSemanticSceneDescriptor : SSD File Naming Issue! Neither SemanticAttributes-provided name : `data/scene_datasets/habitat-test-scenes/skokloster-castle.scn` nor constructed filename : `data/scene_datasets/habitat-test-scenes/info_semantic.json` exist on disk.
[18:24:33:762591]:[Error]:[Scene] SemanticScene.cpp(139)::loadSemanticSceneDescriptor : SSD Load Failure! File with SemanticAttributes-provided name `data/scene_datasets/habitat-test-scenes/skokloster-castle.scn` exists but failed to load.
[18:24:34:368351]:[Warning]:[Sim] Simulator.cpp(595)::instanceStageForSceneAttributes : The active scene does not contain semantic annotations : activeSemanticSceneID_ = 0
2026-08-11 18:24:34,981 update: 4120	fps: 490.476	
2026-08-11 18:24:34,981 Num updates: 4120	Num frames 659200
2026-08-11 18:24:34,981 Average window size: 50  distance_to_goal: 0.117  distance_to_goal_reward: 0.000  reward: 3.839  spl: 0.796  success: 0.940
2026-08-11 18:24:34,981 	Perf Stats: trainer.rollout_collect: 0.288 trainer.sample_action: 0.003 trainer.obs_insert: 0.000 trainer.step_env: 0.005 trainer.update_stats: 0.001 trainer.update_agent: 0.035
2026-08-11 18:24:38,065 update: 4130	fps: 490.541	
2026-08-11 18:24:38,065 Num updates: 4130	Num frames 660800
2026-08-11 18:24:38,065 Average window size: 50  distance_to_goal: 0.118  distance_to_goal_reward: 0.000  reward: 3.905  spl: 0.787  success: 0.938
2026-08-11 18:24:38,065 	Perf Stats: trainer.rollout_collect: 0.288 trainer.sample_action: 0.003 trainer.obs_insert: 0.000 trainer.step_env: 0.005 trainer.update_stats: 0.001 trainer.update_agent: 0.035
PluginManager::Manager: duplicate static plugin StbImageImporter, ignoring
PluginManager::Manager: duplicate static plugin GltfImporter, ignoring
PluginManager::Manager: duplicate static plugin BasisImporter, ignoring
PluginManager::Manager: duplicate static plugin AssimpImporter, ignoring
PluginManager::Manager: duplicate static plugin AnySceneImporter, ignoring
PluginManager::Manager: duplicate static plugin AnyImageImporter, ignoring
Renderer: NVIDIA GeForce RTX 4070/PCIe/SSE2 by NVIDIA Corporation
OpenGL version: 4.6.0 NVIDIA 580.173.02
Using optional features:
    GL_ARB_vertex_array_object
    GL_ARB_separate_shader_objects
    GL_ARB_robustness
    GL_ARB_texture_storage
    GL_ARB_texture_view
    GL_ARB_framebuffer_no_attachments
    GL_ARB_invalidate_subdata
    GL_ARB_texture_storage_multisample
    GL_ARB_multi_bind
    GL_ARB_direct_state_access
    GL_ARB_get_texture_sub_image
    GL_ARB_texture_filter_anisotropic
    GL_KHR_debug
    GL_KHR_parallel_shader_compile
    GL_NV_depth_buffer_float
Using driver workarounds:
    no-forward-compatible-core-context
    nv-egl-incorrect-gl11-function-pointers
    no-layout-qualifiers-on-old-glsl
    nv-zero-context-profile-mask
    nv-implementation-color-read-format-dsa-broken
    nv-cubemap-inconsistent-compressed-image-size
    nv-cubemap-broken-full-compressed-image-query
    nv-compressed-block-size-in-bits
[18:24:40:576859]:[Warning]:[Scene] SemanticScene.h(331)::checkFileExists : ::loadSemanticSceneDescriptor: File `data/scene_datasets/habitat-test-scenes/skokloster-castle.scn` does not exist.  Aborting load.
[18:24:40:576875]:[Warning]:[Scene] SemanticScene.cpp(123)::loadSemanticSceneDescriptor : SSD File Naming Issue! Neither SemanticAttributes-provided name : `data/scene_datasets/habitat-test-scenes/skokloster-castle.scn` nor constructed filename : `data/scene_datasets/habitat-test-scenes/info_semantic.json` exist on disk.
[18:24:40:576879]:[Error]:[Scene] SemanticScene.cpp(139)::loadSemanticSceneDescriptor : SSD Load Failure! File with SemanticAttributes-provided name `data/scene_datasets/habitat-test-scenes/skokloster-castle.scn` exists but failed to load.
[18:24:41:196655]:[Warning]:[Sim] Simulator.cpp(595)::instanceStageForSceneAttributes : The active scene does not contain semantic annotations : activeSemanticSceneID_ = 0
2026-08-11 18:24:41,740 update: 4140	fps: 490.391	
2026-08-11 18:24:41,740 Num updates: 4140	Num frames 662400
2026-08-11 18:24:41,740 Average window size: 50  distance_to_goal: 0.152  distance_to_goal_reward: 0.000  reward: 3.878  spl: 0.778  success: 0.931
2026-08-11 18:24:41,740 	Perf Stats: trainer.rollout_collect: 0.289 trainer.sample_action: 0.003 trainer.obs_insert: 0.000 trainer.step_env: 0.005 trainer.update_stats: 0.001 trainer.update_agent: 0.035
2026-08-11 18:24:44,771 update: 4150	fps: 490.475	
2026-08-11 18:24:44,771 Num updates: 4150	Num frames 664000
2026-08-11 18:24:44,771 Average window size: 50  distance_to_goal: 0.154  distance_to_goal_reward: 0.000  reward: 4.128  spl: 0.783  success: 0.930
2026-08-11 18:24:44,771 	Perf Stats: trainer.rollout_collect: 0.288 trainer.sample_action: 0.003 trainer.obs_insert: 0.000 trainer.step_env: 0.005 trainer.update_stats: 0.001 trainer.update_agent: 0.035
PluginManager::Manager: duplicate static plugin StbImageImporter, ignoring
PluginManager::Manager: duplicate static plugin GltfImporter, ignoring
PluginManager::Manager: duplicate static plugin BasisImporter, ignoring
PluginManager::Manager: duplicate static plugin AssimpImporter, ignoring
PluginManager::Manager: duplicate static plugin AnySceneImporter, ignoring
PluginManager::Manager: duplicate static plugin AnyImageImporter, ignoring
Renderer: NVIDIA GeForce RTX 4070/PCIe/SSE2 by NVIDIA Corporation
OpenGL version: 4.6.0 NVIDIA 580.173.02
Using optional features:
    GL_ARB_vertex_array_object
    GL_ARB_separate_shader_objects
    GL_ARB_robustness
    GL_ARB_texture_storage
    GL_ARB_texture_view
    GL_ARB_framebuffer_no_attachments
    GL_ARB_invalidate_subdata
    GL_ARB_texture_storage_multisample
    GL_ARB_multi_bind
    GL_ARB_direct_state_access
    GL_ARB_get_texture_sub_image
    GL_ARB_texture_filter_anisotropic
    GL_KHR_debug
    GL_KHR_parallel_shader_compile
    GL_NV_depth_buffer_float
Using driver workarounds:
    no-forward-compatible-core-context
    nv-egl-incorrect-gl11-function-pointers
    no-layout-qualifiers-on-old-glsl
    nv-zero-context-profile-mask
    nv-implementation-color-read-format-dsa-broken
    nv-cubemap-inconsistent-compressed-image-size
    nv-cubemap-broken-full-compressed-image-query
    nv-compressed-block-size-in-bits
[18:24:46:711985]:[Warning]:[Scene] SemanticScene.h(331)::checkFileExists : ::loadSemanticSceneDescriptor: File `data/scene_datasets/habitat-test-scenes/skokloster-castle.scn` does not exist.  Aborting load.
[18:24:46:712003]:[Warning]:[Scene] SemanticScene.cpp(123)::loadSemanticSceneDescriptor : SSD File Naming Issue! Neither SemanticAttributes-provided name : `data/scene_datasets/habitat-test-scenes/skokloster-castle.scn` nor constructed filename : `data/scene_datasets/habitat-test-scenes/info_semantic.json` exist on disk.
[18:24:46:712012]:[Error]:[Scene] SemanticScene.cpp(139)::loadSemanticSceneDescriptor : SSD Load Failure! File with SemanticAttributes-provided name `data/scene_datasets/habitat-test-scenes/skokloster-castle.scn` exists but failed to load.
[18:24:47:317823]:[Warning]:[Sim] Simulator.cpp(595)::instanceStageForSceneAttributes : The active scene does not contain semantic annotations : activeSemanticSceneID_ = 0
2026-08-11 18:24:48,403 update: 4160	fps: 490.341	
2026-08-11 18:24:48,403 Num updates: 4160	Num frames 665600
2026-08-11 18:24:48,403 Average window size: 50  distance_to_goal: 0.158  distance_to_goal_reward: 0.000  reward: 4.203  spl: 0.790  success: 0.922
2026-08-11 18:24:48,403 	Perf Stats: trainer.rollout_collect: 0.289 trainer.sample_action: 0.003 trainer.obs_insert: 0.000 trainer.step_env: 0.005 trainer.update_stats: 0.001 trainer.update_agent: 0.035
2026-08-11 18:24:51,477 update: 4170	fps: 490.409	
2026-08-11 18:24:51,477 Num updates: 4170	Num frames 667200
2026-08-11 18:24:51,478 Average window size: 50  distance_to_goal: 0.269  distance_to_goal_reward: 0.000  reward: 4.509  spl: 0.778  success: 0.897
2026-08-11 18:24:51,478 	Perf Stats: trainer.rollout_collect: 0.288 trainer.sample_action: 0.003 trainer.obs_insert: 0.000 trainer.step_env: 0.005 trainer.update_stats: 0.001 trainer.update_agent: 0.035
2026-08-11 18:24:54,515 update: 4180	fps: 490.490	
2026-08-11 18:24:54,515 Num updates: 4180	Num frames 668800
2026-08-11 18:24:54,515 Average window size: 50  distance_to_goal: 0.346  distance_to_goal_reward: 0.000  reward: 4.835  spl: 0.798  success: 0.905
2026-08-11 18:24:54,515 	Perf Stats: trainer.rollout_collect: 0.288 trainer.sample_action: 0.003 trainer.obs_insert: 0.000 trainer.step_env: 0.005 trainer.update_stats: 0.001 trainer.update_agent: 0.035
2026-08-11 18:24:57,592 update: 4190	fps: 490.557	
2026-08-11 18:24:57,592 Num updates: 4190	Num frames 670400
2026-08-11 18:24:57,592 Average window size: 50  distance_to_goal: 0.488  distance_to_goal_reward: 0.000  reward: 4.819  spl: 0.742  success: 0.849
2026-08-11 18:24:57,592 	Perf Stats: trainer.rollout_collect: 0.288 trainer.sample_action: 0.003 trainer.obs_insert: 0.000 trainer.step_env: 0.005 trainer.update_stats: 0.001 trainer.update_agent: 0.035
2026-08-11 18:25:00,824 update: 4200	fps: 490.567	
2026-08-11 18:25:00,825 Num updates: 4200	Num frames 672000
2026-08-11 18:25:00,825 Average window size: 50  distance_to_goal: 0.709  distance_to_goal_reward: 0.000  reward: 4.260  spl: 0.665  success: 0.762
2026-08-11 18:25:00,825 	Perf Stats: trainer.rollout_collect: 0.288 trainer.sample_action: 0.003 trainer.obs_insert: 0.000 trainer.step_env: 0.005 trainer.update_stats: 0.001 trainer.update_agent: 0.035
2026-08-11 18:25:03,918 update: 4210	fps: 490.627	
2026-08-11 18:25:03,918 Num updates: 4210	Num frames 673600
2026-08-11 18:25:03,918 Average window size: 50  distance_to_goal: 0.829  distance_to_goal_reward: 0.005  reward: 5.549  spl: 0.636  success: 0.722
2026-08-11 18:25:03,918 	Perf Stats: trainer.rollout_collect: 0.288 trainer.sample_action: 0.003 trainer.obs_insert: 0.000 trainer.step_env: 0.005 trainer.update_stats: 0.001 trainer.update_agent: 0.035
2026-08-11 18:25:07,041 update: 4220	fps: 490.676	
2026-08-11 18:25:07,041 Num updates: 4220	Num frames 675200
2026-08-11 18:25:07,041 Average window size: 50  distance_to_goal: 0.509  distance_to_goal_reward: 0.004  reward: 5.492  spl: 0.677  success: 0.790
2026-08-11 18:25:07,042 	Perf Stats: trainer.rollout_collect: 0.288 trainer.sample_action: 0.003 trainer.obs_insert: 0.000 trainer.step_env: 0.005 trainer.update_stats: 0.001 trainer.update_agent: 0.035
2026-08-11 18:25:10,154 update: 4230	fps: 490.729	
2026-08-11 18:25:10,154 Num updates: 4230	Num frames 676800
2026-08-11 18:25:10,154 Average window size: 50  distance_to_goal: 0.673  distance_to_goal_reward: 0.003  reward: 5.456  spl: 0.701  success: 0.808
2026-08-11 18:25:10,154 	Perf Stats: trainer.rollout_collect: 0.288 trainer.sample_action: 0.003 trainer.obs_insert: 0.000 trainer.step_env: 0.005 trainer.update_stats: 0.001 trainer.update_agent: 0.035
2026-08-11 18:25:13,272 update: 4240	fps: 490.779	
2026-08-11 18:25:13,272 Num updates: 4240	Num frames 678400
2026-08-11 18:25:13,272 Average window size: 50  distance_to_goal: 0.492  distance_to_goal_reward: 0.003  reward: 5.496  spl: 0.731  success: 0.837
2026-08-11 18:25:13,272 	Perf Stats: trainer.rollout_collect: 0.288 trainer.sample_action: 0.003 trainer.obs_insert: 0.000 trainer.step_env: 0.005 trainer.update_stats: 0.001 trainer.update_agent: 0.035
2026-08-11 18:25:16,349 update: 4250	fps: 490.844	
2026-08-11 18:25:16,350 Num updates: 4250	Num frames 680000
2026-08-11 18:25:16,350 Average window size: 50  distance_to_goal: 0.544  distance_to_goal_reward: 0.003  reward: 5.837  spl: 0.749  success: 0.861
2026-08-11 18:25:16,350 	Perf Stats: trainer.rollout_collect: 0.288 trainer.sample_action: 0.003 trainer.obs_insert: 0.000 trainer.step_env: 0.005 trainer.update_stats: 0.001 trainer.update_agent: 0.035
2026-08-11 18:25:19,451 update: 4260	fps: 490.900	
2026-08-11 18:25:19,451 Num updates: 4260	Num frames 681600
2026-08-11 18:25:19,451 Average window size: 50  distance_to_goal: 0.545  distance_to_goal_reward: 0.001  reward: 4.979  spl: 0.746  success: 0.852
2026-08-11 18:25:19,451 	Perf Stats: trainer.rollout_collect: 0.288 trainer.sample_action: 0.003 trainer.obs_insert: 0.000 trainer.step_env: 0.005 trainer.update_stats: 0.001 trainer.update_agent: 0.035
2026-08-11 18:25:22,529 update: 4270	fps: 490.964	
2026-08-11 18:25:22,529 Num updates: 4270	Num frames 683200
2026-08-11 18:25:22,529 Average window size: 50  distance_to_goal: 0.800  distance_to_goal_reward: 0.001  reward: 4.285  spl: 0.692  success: 0.797
2026-08-11 18:25:22,529 	Perf Stats: trainer.rollout_collect: 0.288 trainer.sample_action: 0.003 trainer.obs_insert: 0.000 trainer.step_env: 0.005 trainer.update_stats: 0.001 trainer.update_agent: 0.035
2026-08-11 18:25:25,646 update: 4280	fps: 491.014	
2026-08-11 18:25:25,646 Num updates: 4280	Num frames 684800
2026-08-11 18:25:25,646 Average window size: 50  distance_to_goal: 0.592  distance_to_goal_reward: 0.002  reward: 4.452  spl: 0.683  success: 0.795
2026-08-11 18:25:25,646 	Perf Stats: trainer.rollout_collect: 0.288 trainer.sample_action: 0.003 trainer.obs_insert: 0.000 trainer.step_env: 0.005 trainer.update_stats: 0.001 trainer.update_agent: 0.035
2026-08-11 18:25:28,743 update: 4290	fps: 491.071	
2026-08-11 18:25:28,744 Num updates: 4290	Num frames 686400
2026-08-11 18:25:28,744 Average window size: 50  distance_to_goal: 0.823  distance_to_goal_reward: 0.002  reward: 4.943  spl: 0.694  success: 0.812
2026-08-11 18:25:28,744 	Perf Stats: trainer.rollout_collect: 0.288 trainer.sample_action: 0.003 trainer.obs_insert: 0.000 trainer.step_env: 0.005 trainer.update_stats: 0.001 trainer.update_agent: 0.035
2026-08-11 18:25:31,929 update: 4300	fps: 491.096	
2026-08-11 18:25:31,929 Num updates: 4300	Num frames 688000
2026-08-11 18:25:31,929 Average window size: 50  distance_to_goal: 0.536  distance_to_goal_reward: 0.001  reward: 5.142  spl: 0.724  success: 0.841
2026-08-11 18:25:31,929 	Perf Stats: trainer.rollout_collect: 0.288 trainer.sample_action: 0.003 trainer.obs_insert: 0.000 trainer.step_env: 0.005 trainer.update_stats: 0.001 trainer.update_agent: 0.035
2026-08-11 18:25:34,987 update: 4310	fps: 491.166	
2026-08-11 18:25:34,988 Num updates: 4310	Num frames 689600
2026-08-11 18:25:34,988 Average window size: 50  distance_to_goal: 0.757  distance_to_goal_reward: 0.001  reward: 5.456  spl: 0.707  success: 0.825
2026-08-11 18:25:34,988 	Perf Stats: trainer.rollout_collect: 0.288 trainer.sample_action: 0.003 trainer.obs_insert: 0.000 trainer.step_env: 0.005 trainer.update_stats: 0.001 trainer.update_agent: 0.035
2026-08-11 18:25:38,088 update: 4320	fps: 491.220	
2026-08-11 18:25:38,089 Num updates: 4320	Num frames 691200
2026-08-11 18:25:38,089 Average window size: 50  distance_to_goal: 0.560  distance_to_goal_reward: 0.001  reward: 5.719  spl: 0.725  success: 0.836
2026-08-11 18:25:38,089 	Perf Stats: trainer.rollout_collect: 0.288 trainer.sample_action: 0.003 trainer.obs_insert: 0.000 trainer.step_env: 0.005 trainer.update_stats: 0.001 trainer.update_agent: 0.035
PluginManager::Manager: duplicate static plugin StbImageImporter, ignoring
PluginManager::Manager: duplicate static plugin GltfImporter, ignoring
PluginManager::Manager: duplicate static plugin BasisImporter, ignoring
PluginManager::Manager: duplicate static plugin AssimpImporter, ignoring
PluginManager::Manager: duplicate static plugin AnySceneImporter, ignoring
PluginManager::Manager: duplicate static plugin AnyImageImporter, ignoring
Renderer: NVIDIA GeForce RTX 4070/PCIe/SSE2 by NVIDIA Corporation
OpenGL version: 4.6.0 NVIDIA 580.173.02
Using optional features:
    GL_ARB_vertex_array_object
    GL_ARB_separate_shader_objects
    GL_ARB_robustness
    GL_ARB_texture_storage
    GL_ARB_texture_view
    GL_ARB_framebuffer_no_attachments
    GL_ARB_invalidate_subdata
    GL_ARB_texture_storage_multisample
    GL_ARB_multi_bind
    GL_ARB_direct_state_access
    GL_ARB_get_texture_sub_image
    GL_ARB_texture_filter_anisotropic
    GL_KHR_debug
    GL_KHR_parallel_shader_compile
    GL_NV_depth_buffer_float
Using driver workarounds:
    no-forward-compatible-core-context
    nv-egl-incorrect-gl11-function-pointers
    no-layout-qualifiers-on-old-glsl
    nv-zero-context-profile-mask
    nv-implementation-color-read-format-dsa-broken
    nv-cubemap-inconsistent-compressed-image-size
    nv-cubemap-broken-full-compressed-image-query
    nv-compressed-block-size-in-bits
[18:25:38:437201]:[Warning]:[Scene] SemanticScene.h(331)::checkFileExists : ::loadSemanticSceneDescriptor: File `data/scene_datasets/habitat-test-scenes/skokloster-castle.scn` does not exist.  Aborting load.
[18:25:38:437219]:[Warning]:[Scene] SemanticScene.cpp(123)::loadSemanticSceneDescriptor : SSD File Naming Issue! Neither SemanticAttributes-provided name : `data/scene_datasets/habitat-test-scenes/skokloster-castle.scn` nor constructed filename : `data/scene_datasets/habitat-test-scenes/info_semantic.json` exist on disk.
[18:25:38:437229]:[Error]:[Scene] SemanticScene.cpp(139)::loadSemanticSceneDescriptor : SSD Load Failure! File with SemanticAttributes-provided name `data/scene_datasets/habitat-test-scenes/skokloster-castle.scn` exists but failed to load.
[18:25:39:046289]:[Warning]:[Sim] Simulator.cpp(595)::instanceStageForSceneAttributes : The active scene does not contain semantic annotations : activeSemanticSceneID_ = 0
2026-08-11 18:25:41,861 update: 4330	fps: 491.041	
2026-08-11 18:25:41,862 Num updates: 4330	Num frames 692800
2026-08-11 18:25:41,862 Average window size: 50  distance_to_goal: 0.584  distance_to_goal_reward: 0.000  reward: 5.454  spl: 0.716  success: 0.831
2026-08-11 18:25:41,862 	Perf Stats: trainer.rollout_collect: 0.288 trainer.sample_action: 0.003 trainer.obs_insert: 0.000 trainer.step_env: 0.005 trainer.update_stats: 0.001 trainer.update_agent: 0.035
2026-08-11 18:25:45,013 update: 4340	fps: 491.078	
2026-08-11 18:25:45,013 Num updates: 4340	Num frames 694400
2026-08-11 18:25:45,013 Average window size: 50  distance_to_goal: 0.773  distance_to_goal_reward: 0.001  reward: 4.893  spl: 0.668  success: 0.764
2026-08-11 18:25:45,013 	Perf Stats: trainer.rollout_collect: 0.288 trainer.sample_action: 0.003 trainer.obs_insert: 0.000 trainer.step_env: 0.005 trainer.update_stats: 0.001 trainer.update_agent: 0.035
2026-08-11 18:25:48,204 update: 4350	fps: 491.101	
2026-08-11 18:25:48,204 Num updates: 4350	Num frames 696000
2026-08-11 18:25:48,204 Average window size: 50  distance_to_goal: 1.015  distance_to_goal_reward: 0.001  reward: 5.453  spl: 0.661  success: 0.763
2026-08-11 18:25:48,204 	Perf Stats: trainer.rollout_collect: 0.288 trainer.sample_action: 0.003 trainer.obs_insert: 0.000 trainer.step_env: 0.005 trainer.update_stats: 0.001 trainer.update_agent: 0.035
2026-08-11 18:25:51,362 update: 4360	fps: 491.136	
2026-08-11 18:25:51,362 Num updates: 4360	Num frames 697600
2026-08-11 18:25:51,362 Average window size: 50  distance_to_goal: 1.180  distance_to_goal_reward: 0.001  reward: 5.295  spl: 0.669  success: 0.767
2026-08-11 18:25:51,362 	Perf Stats: trainer.rollout_collect: 0.288 trainer.sample_action: 0.003 trainer.obs_insert: 0.000 trainer.step_env: 0.005 trainer.update_stats: 0.001 trainer.update_agent: 0.035
PluginManager::Manager: duplicate static plugin StbImageImporter, ignoring
PluginManager::Manager: duplicate static plugin GltfImporter, ignoring
PluginManager::Manager: duplicate static plugin BasisImporter, ignoring
PluginManager::Manager: duplicate static plugin AssimpImporter, ignoring
PluginManager::Manager: duplicate static plugin AnySceneImporter, ignoring
PluginManager::Manager: duplicate static plugin AnyImageImporter, ignoring
Renderer: NVIDIA GeForce RTX 4070/PCIe/SSE2 by NVIDIA Corporation
OpenGL version: 4.6.0 NVIDIA 580.173.02
Using optional features:
    GL_ARB_vertex_array_object
    GL_ARB_separate_shader_objects
    GL_ARB_robustness
    GL_ARB_texture_storage
    GL_ARB_texture_view
    GL_ARB_framebuffer_no_attachments
    GL_ARB_invalidate_subdata
    GL_ARB_texture_storage_multisample
    GL_ARB_multi_bind
    GL_ARB_direct_state_access
    GL_ARB_get_texture_sub_image
    GL_ARB_texture_filter_anisotropic
    GL_KHR_debug
    GL_KHR_parallel_shader_compile
    GL_NV_depth_buffer_float
Using driver workarounds:
    no-forward-compatible-core-context
    nv-egl-incorrect-gl11-function-pointers
    no-layout-qualifiers-on-old-glsl
    nv-zero-context-profile-mask
    nv-implementation-color-read-format-dsa-broken
    nv-cubemap-inconsistent-compressed-image-size
    nv-cubemap-broken-full-compressed-image-query
    nv-compressed-block-size-in-bits
[18:25:52:228000]:[Warning]:[Scene] SemanticScene.h(331)::checkFileExists : ::loadSemanticSceneDescriptor: File `data/scene_datasets/habitat-test-scenes/skokloster-castle.scn` does not exist.  Aborting load.
[18:25:52:228016]:[Warning]:[Scene] SemanticScene.cpp(123)::loadSemanticSceneDescriptor : SSD File Naming Issue! Neither SemanticAttributes-provided name : `data/scene_datasets/habitat-test-scenes/skokloster-castle.scn` nor constructed filename : `data/scene_datasets/habitat-test-scenes/info_semantic.json` exist on disk.
[18:25:52:228021]:[Error]:[Scene] SemanticScene.cpp(139)::loadSemanticSceneDescriptor : SSD Load Failure! File with SemanticAttributes-provided name `data/scene_datasets/habitat-test-scenes/skokloster-castle.scn` exists but failed to load.
[18:25:52:848774]:[Warning]:[Sim] Simulator.cpp(595)::instanceStageForSceneAttributes : The active scene does not contain semantic annotations : activeSemanticSceneID_ = 0
2026-08-11 18:25:55,182 update: 4370	fps: 490.942	
2026-08-11 18:25:55,182 Num updates: 4370	Num frames 699200
2026-08-11 18:25:55,182 Average window size: 50  distance_to_goal: 1.649  distance_to_goal_reward: 0.001  reward: 5.560  spl: 0.605  success: 0.700
2026-08-11 18:25:55,182 	Perf Stats: trainer.rollout_collect: 0.288 trainer.sample_action: 0.003 trainer.obs_insert: 0.000 trainer.step_env: 0.005 trainer.update_stats: 0.001 trainer.update_agent: 0.035
2026-08-11 18:25:58,469 update: 4380	fps: 490.932	
2026-08-11 18:25:58,470 Num updates: 4380	Num frames 700800
2026-08-11 18:25:58,470 Average window size: 50  distance_to_goal: 1.619  distance_to_goal_reward: 0.001  reward: 6.142  spl: 0.641  success: 0.729
2026-08-11 18:25:58,470 	Perf Stats: trainer.rollout_collect: 0.288 trainer.sample_action: 0.003 trainer.obs_insert: 0.000 trainer.step_env: 0.005 trainer.update_stats: 0.001 trainer.update_agent: 0.035
2026-08-11 18:26:01,700 update: 4390	fps: 490.942	
2026-08-11 18:26:01,700 Num updates: 4390	Num frames 702400
2026-08-11 18:26:01,700 Average window size: 50  distance_to_goal: 1.522  distance_to_goal_reward: 0.000  reward: 6.543  spl: 0.635  success: 0.725
2026-08-11 18:26:01,700 	Perf Stats: trainer.rollout_collect: 0.288 trainer.sample_action: 0.003 trainer.obs_insert: 0.000 trainer.step_env: 0.005 trainer.update_stats: 0.001 trainer.update_agent: 0.035
PluginManager::Manager: duplicate static plugin StbImageImporter, ignoring
PluginManager::Manager: duplicate static plugin GltfImporter, ignoring
PluginManager::Manager: duplicate static plugin BasisImporter, ignoring
PluginManager::Manager: duplicate static plugin AssimpImporter, ignoring
PluginManager::Manager: duplicate static plugin AnySceneImporter, ignoring
PluginManager::Manager: duplicate static plugin AnyImageImporter, ignoring
Renderer: NVIDIA GeForce RTX 4070/PCIe/SSE2 by NVIDIA Corporation
OpenGL version: 4.6.0 NVIDIA 580.173.02
Using optional features:
    GL_ARB_vertex_array_object
    GL_ARB_separate_shader_objects
    GL_ARB_robustness
    GL_ARB_texture_storage
    GL_ARB_texture_view
    GL_ARB_framebuffer_no_attachments
    GL_ARB_invalidate_subdata
    GL_ARB_texture_storage_multisample
    GL_ARB_multi_bind
    GL_ARB_direct_state_access
    GL_ARB_get_texture_sub_image
    GL_ARB_texture_filter_anisotropic
    GL_KHR_debug
    GL_KHR_parallel_shader_compile
    GL_NV_depth_buffer_float
Using driver workarounds:
    no-forward-compatible-core-context
    nv-egl-incorrect-gl11-function-pointers
    no-layout-qualifiers-on-old-glsl
    nv-zero-context-profile-mask
    nv-implementation-color-read-format-dsa-broken
    nv-cubemap-inconsistent-compressed-image-size
    nv-cubemap-broken-full-compressed-image-query
    nv-compressed-block-size-in-bits
[18:26:01:739444]:[Warning]:[Scene] SemanticScene.h(331)::checkFileExists : ::loadSemanticSceneDescriptor: File `data/scene_datasets/habitat-test-scenes/van-gogh-room.scn` does not exist.  Aborting load.
[18:26:01:739463]:[Warning]:[Scene] SemanticScene.cpp(123)::loadSemanticSceneDescriptor : SSD File Naming Issue! Neither SemanticAttributes-provided name : `data/scene_datasets/habitat-test-scenes/van-gogh-room.scn` nor constructed filename : `data/scene_datasets/habitat-test-scenes/info_semantic.json` exist on disk.
[18:26:01:739472]:[Error]:[Scene] SemanticScene.cpp(139)::loadSemanticSceneDescriptor : SSD Load Failure! File with SemanticAttributes-provided name `data/scene_datasets/habitat-test-scenes/van-gogh-room.scn` exists but failed to load.
[18:26:02:180042]:[Warning]:[Sim] Simulator.cpp(595)::instanceStageForSceneAttributes : The active scene does not contain semantic annotations : activeSemanticSceneID_ = 0
2026-08-11 18:26:05,447 update: 4400	fps: 490.775	
2026-08-11 18:26:05,447 Num updates: 4400	Num frames 704000
2026-08-11 18:26:05,447 Average window size: 50  distance_to_goal: 1.382  distance_to_goal_reward: 0.000  reward: 5.637  spl: 0.645  success: 0.733
2026-08-11 18:26:05,447 	Perf Stats: trainer.rollout_collect: 0.288 trainer.sample_action: 0.003 trainer.obs_insert: 0.000 trainer.step_env: 0.005 trainer.update_stats: 0.001 trainer.update_agent: 0.035
2026-08-11 18:26:08,630 update: 4410	fps: 490.801	
2026-08-11 18:26:08,631 Num updates: 4410	Num frames 705600
2026-08-11 18:26:08,631 Average window size: 50  distance_to_goal: 1.007  distance_to_goal_reward: -0.001  reward: 5.820  spl: 0.657  success: 0.750
2026-08-11 18:26:08,631 	Perf Stats: trainer.rollout_collect: 0.288 trainer.sample_action: 0.003 trainer.obs_insert: 0.000 trainer.step_env: 0.005 trainer.update_stats: 0.001 trainer.update_agent: 0.035
PluginManager::Manager: duplicate static plugin StbImageImporter, ignoring
PluginManager::Manager: duplicate static plugin GltfImporter, ignoring
PluginManager::Manager: duplicate static plugin BasisImporter, ignoring
PluginManager::Manager: duplicate static plugin AssimpImporter, ignoring
PluginManager::Manager: duplicate static plugin AnySceneImporter, ignoring
PluginManager::Manager: duplicate static plugin AnyImageImporter, ignoring
Renderer: NVIDIA GeForce RTX 4070/PCIe/SSE2 by NVIDIA Corporation
OpenGL version: 4.6.0 NVIDIA 580.173.02
Using optional features:
    GL_ARB_vertex_array_object
    GL_ARB_separate_shader_objects
    GL_ARB_robustness
    GL_ARB_texture_storage
    GL_ARB_texture_view
    GL_ARB_framebuffer_no_attachments
    GL_ARB_invalidate_subdata
    GL_ARB_texture_storage_multisample
    GL_ARB_multi_bind
    GL_ARB_direct_state_access
    GL_ARB_get_texture_sub_image
    GL_ARB_texture_filter_anisotropic
    GL_KHR_debug
    GL_KHR_parallel_shader_compile
    GL_NV_depth_buffer_float
Using driver workarounds:
    no-forward-compatible-core-context
    nv-egl-incorrect-gl11-function-pointers
    no-layout-qualifiers-on-old-glsl
    nv-zero-context-profile-mask
    nv-implementation-color-read-format-dsa-broken
    nv-cubemap-inconsistent-compressed-image-size
    nv-cubemap-broken-full-compressed-image-query
    nv-compressed-block-size-in-bits
[18:26:10:610957]:[Warning]:[Scene] SemanticScene.h(331)::checkFileExists : ::loadSemanticSceneDescriptor: File `data/scene_datasets/habitat-test-scenes/van-gogh-room.scn` does not exist.  Aborting load.
[18:26:10:610978]:[Warning]:[Scene] SemanticScene.cpp(123)::loadSemanticSceneDescriptor : SSD File Naming Issue! Neither SemanticAttributes-provided name : `data/scene_datasets/habitat-test-scenes/van-gogh-room.scn` nor constructed filename : `data/scene_datasets/habitat-test-scenes/info_semantic.json` exist on disk.
[18:26:10:610989]:[Error]:[Scene] SemanticScene.cpp(139)::loadSemanticSceneDescriptor : SSD Load Failure! File with SemanticAttributes-provided name `data/scene_datasets/habitat-test-scenes/van-gogh-room.scn` exists but failed to load.
[18:26:11:054186]:[Warning]:[Sim] Simulator.cpp(595)::instanceStageForSceneAttributes : The active scene does not contain semantic annotations : activeSemanticSceneID_ = 0
2026-08-11 18:26:12,256 update: 4420	fps: 490.677	
2026-08-11 18:26:12,256 Num updates: 4420	Num frames 707200
2026-08-11 18:26:12,256 Average window size: 50  distance_to_goal: 0.970  distance_to_goal_reward: -0.001  reward: 5.324  spl: 0.697  success: 0.807
2026-08-11 18:26:12,256 	Perf Stats: trainer.rollout_collect: 0.288 trainer.sample_action: 0.003 trainer.obs_insert: 0.000 trainer.step_env: 0.005 trainer.update_stats: 0.001 trainer.update_agent: 0.035
2026-08-11 18:26:15,358 update: 4430	fps: 490.734	
2026-08-11 18:26:15,358 Num updates: 4430	Num frames 708800
2026-08-11 18:26:15,358 Average window size: 50  distance_to_goal: 0.802  distance_to_goal_reward: -0.001  reward: 5.541  spl: 0.674  success: 0.797
2026-08-11 18:26:15,358 	Perf Stats: trainer.rollout_collect: 0.288 trainer.sample_action: 0.003 trainer.obs_insert: 0.000 trainer.step_env: 0.005 trainer.update_stats: 0.001 trainer.update_agent: 0.035
2026-08-11 18:26:18,473 update: 4440	fps: 490.780	
2026-08-11 18:26:18,473 Num updates: 4440	Num frames 710400
2026-08-11 18:26:18,473 Average window size: 50  distance_to_goal: 1.081  distance_to_goal_reward: -0.001  reward: 4.831  spl: 0.692  success: 0.807
2026-08-11 18:26:18,473 	Perf Stats: trainer.rollout_collect: 0.288 trainer.sample_action: 0.003 trainer.obs_insert: 0.000 trainer.step_env: 0.005 trainer.update_stats: 0.001 trainer.update_agent: 0.035
2026-08-11 18:26:21,627 update: 4450	fps: 490.816	
2026-08-11 18:26:21,628 Num updates: 4450	Num frames 712000
2026-08-11 18:26:21,628 Average window size: 50  distance_to_goal: 0.949  distance_to_goal_reward: 0.000  reward: 4.891  spl: 0.704  success: 0.818
2026-08-11 18:26:21,628 	Perf Stats: trainer.rollout_collect: 0.288 trainer.sample_action: 0.003 trainer.obs_insert: 0.000 trainer.step_env: 0.005 trainer.update_stats: 0.001 trainer.update_agent: 0.035
2026-08-11 18:26:24,754 update: 4460	fps: 490.861	
2026-08-11 18:26:24,754 Num updates: 4460	Num frames 713600
2026-08-11 18:26:24,754 Average window size: 50  distance_to_goal: 0.897  distance_to_goal_reward: 0.000  reward: 5.148  spl: 0.728  success: 0.853
2026-08-11 18:26:24,754 	Perf Stats: trainer.rollout_collect: 0.288 trainer.sample_action: 0.003 trainer.obs_insert: 0.000 trainer.step_env: 0.005 trainer.update_stats: 0.001 trainer.update_agent: 0.035
PluginManager::Manager: duplicate static plugin StbImageImporter, ignoring
PluginManager::Manager: duplicate static plugin GltfImporter, ignoring
PluginManager::Manager: duplicate static plugin BasisImporter, ignoring
PluginManager::Manager: duplicate static plugin AssimpImporter, ignoring
PluginManager::Manager: duplicate static plugin AnySceneImporter, ignoring
PluginManager::Manager: duplicate static plugin AnyImageImporter, ignoring
Renderer: NVIDIA GeForce RTX 4070/PCIe/SSE2 by NVIDIA Corporation
OpenGL version: 4.6.0 NVIDIA 580.173.02
Using optional features:
    GL_ARB_vertex_array_object
    GL_ARB_separate_shader_objects
    GL_ARB_robustness
    GL_ARB_texture_storage
    GL_ARB_texture_view
    GL_ARB_framebuffer_no_attachments
    GL_ARB_invalidate_subdata
    GL_ARB_texture_storage_multisample
    GL_ARB_multi_bind
    GL_ARB_direct_state_access
    GL_ARB_get_texture_sub_image
    GL_ARB_texture_filter_anisotropic
    GL_KHR_debug
    GL_KHR_parallel_shader_compile
    GL_NV_depth_buffer_float
Using driver workarounds:
    no-forward-compatible-core-context
    nv-egl-incorrect-gl11-function-pointers
    no-layout-qualifiers-on-old-glsl
    nv-zero-context-profile-mask
    nv-implementation-color-read-format-dsa-broken
    nv-cubemap-inconsistent-compressed-image-size
    nv-cubemap-broken-full-compressed-image-query
    nv-compressed-block-size-in-bits
[18:26:26:185162]:[Warning]:[Scene] SemanticScene.h(331)::checkFileExists : ::loadSemanticSceneDescriptor: File `data/scene_datasets/habitat-test-scenes/van-gogh-room.scn` does not exist.  Aborting load.
[18:26:26:185180]:[Warning]:[Scene] SemanticScene.cpp(123)::loadSemanticSceneDescriptor : SSD File Naming Issue! Neither SemanticAttributes-provided name : `data/scene_datasets/habitat-test-scenes/van-gogh-room.scn` nor constructed filename : `data/scene_datasets/habitat-test-scenes/info_semantic.json` exist on disk.
[18:26:26:185190]:[Error]:[Scene] SemanticScene.cpp(139)::loadSemanticSceneDescriptor : SSD Load Failure! File with SemanticAttributes-provided name `data/scene_datasets/habitat-test-scenes/van-gogh-room.scn` exists but failed to load.
[18:26:26:626023]:[Warning]:[Sim] Simulator.cpp(595)::instanceStageForSceneAttributes : The active scene does not contain semantic annotations : activeSemanticSceneID_ = 0
2026-08-11 18:26:28,317 update: 4470	fps: 490.759	
2026-08-11 18:26:28,317 Num updates: 4470	Num frames 715200
2026-08-11 18:26:28,317 Average window size: 50  distance_to_goal: 0.641  distance_to_goal_reward: 0.000  reward: 5.086  spl: 0.736  success: 0.851
2026-08-11 18:26:28,317 	Perf Stats: trainer.rollout_collect: 0.288 trainer.sample_action: 0.003 trainer.obs_insert: 0.000 trainer.step_env: 0.005 trainer.update_stats: 0.001 trainer.update_agent: 0.035
2026-08-11 18:26:31,411 update: 4480	fps: 490.814	
2026-08-11 18:26:31,411 Num updates: 4480	Num frames 716800
2026-08-11 18:26:31,411 Average window size: 50  distance_to_goal: 0.580  distance_to_goal_reward: -0.000  reward: 4.556  spl: 0.755  success: 0.864
2026-08-11 18:26:31,411 	Perf Stats: trainer.rollout_collect: 0.288 trainer.sample_action: 0.003 trainer.obs_insert: 0.000 trainer.step_env: 0.005 trainer.update_stats: 0.001 trainer.update_agent: 0.035
2026-08-11 18:26:34,539 update: 4490	fps: 490.859	
2026-08-11 18:26:34,539 Num updates: 4490	Num frames 718400
2026-08-11 18:26:34,539 Average window size: 50  distance_to_goal: 0.445  distance_to_goal_reward: -0.000  reward: 4.282  spl: 0.750  success: 0.853
2026-08-11 18:26:34,539 	Perf Stats: trainer.rollout_collect: 0.288 trainer.sample_action: 0.003 trainer.obs_insert: 0.000 trainer.step_env: 0.005 trainer.update_stats: 0.001 trainer.update_agent: 0.035
2026-08-11 18:26:37,699 update: 4500	fps: 490.892	
2026-08-11 18:26:37,699 Num updates: 4500	Num frames 720000
2026-08-11 18:26:37,699 Average window size: 50  distance_to_goal: 0.620  distance_to_goal_reward: -0.000  reward: 4.250  spl: 0.747  success: 0.854
2026-08-11 18:26:37,699 	Perf Stats: trainer.rollout_collect: 0.288 trainer.sample_action: 0.003 trainer.obs_insert: 0.000 trainer.step_env: 0.005 trainer.update_stats: 0.001 trainer.update_agent: 0.035
2026-08-11 18:26:40,778 update: 4510	fps: 490.952	
2026-08-11 18:26:40,779 Num updates: 4510	Num frames 721600
2026-08-11 18:26:40,779 Average window size: 50  distance_to_goal: 0.819  distance_to_goal_reward: -0.002  reward: 3.310  spl: 0.719  success: 0.810
2026-08-11 18:26:40,779 	Perf Stats: trainer.rollout_collect: 0.288 trainer.sample_action: 0.003 trainer.obs_insert: 0.000 trainer.step_env: 0.005 trainer.update_stats: 0.001 trainer.update_agent: 0.035
2026-08-11 18:26:43,870 update: 4520	fps: 491.008	
2026-08-11 18:26:43,870 Num updates: 4520	Num frames 723200
2026-08-11 18:26:43,871 Average window size: 50  distance_to_goal: 0.828  distance_to_goal_reward: -0.002  reward: 3.327  spl: 0.734  success: 0.820
2026-08-11 18:26:43,871 	Perf Stats: trainer.rollout_collect: 0.288 trainer.sample_action: 0.003 trainer.obs_insert: 0.000 trainer.step_env: 0.005 trainer.update_stats: 0.001 trainer.update_agent: 0.035
2026-08-11 18:26:46,946 update: 4530	fps: 491.068	
2026-08-11 18:26:46,946 Num updates: 4530	Num frames 724800
2026-08-11 18:26:46,946 Average window size: 50  distance_to_goal: 0.867  distance_to_goal_reward: -0.002  reward: 3.480  spl: 0.730  success: 0.815
2026-08-11 18:26:46,946 	Perf Stats: trainer.rollout_collect: 0.288 trainer.sample_action: 0.003 trainer.obs_insert: 0.000 trainer.step_env: 0.005 trainer.update_stats: 0.001 trainer.update_agent: 0.035
2026-08-11 18:26:50,030 update: 4540	fps: 491.126	
2026-08-11 18:26:50,031 Num updates: 4540	Num frames 726400
2026-08-11 18:26:50,031 Average window size: 50  distance_to_goal: 0.738  distance_to_goal_reward: -0.002  reward: 3.862  spl: 0.761  success: 0.863
2026-08-11 18:26:50,031 	Perf Stats: trainer.rollout_collect: 0.288 trainer.sample_action: 0.003 trainer.obs_insert: 0.000 trainer.step_env: 0.005 trainer.update_stats: 0.001 trainer.update_agent: 0.035
2026-08-11 18:26:53,123 update: 4550	fps: 491.181	
2026-08-11 18:26:53,124 Num updates: 4550	Num frames 728000
2026-08-11 18:26:53,124 Average window size: 50  distance_to_goal: 0.470  distance_to_goal_reward: -0.002  reward: 3.847  spl: 0.770  success: 0.871
2026-08-11 18:26:53,124 	Perf Stats: trainer.rollout_collect: 0.288 trainer.sample_action: 0.003 trainer.obs_insert: 0.000 trainer.step_env: 0.005 trainer.update_stats: 0.001 trainer.update_agent: 0.035
2026-08-11 18:26:56,197 update: 4560	fps: 491.241	
2026-08-11 18:26:56,198 Num updates: 4560	Num frames 729600
2026-08-11 18:26:56,198 Average window size: 50  distance_to_goal: 0.442  distance_to_goal_reward: 0.000  reward: 4.004  spl: 0.778  success: 0.880
2026-08-11 18:26:56,198 	Perf Stats: trainer.rollout_collect: 0.288 trainer.sample_action: 0.003 trainer.obs_insert: 0.000 trainer.step_env: 0.005 trainer.update_stats: 0.001 trainer.update_agent: 0.035
2026-08-11 18:26:59,258 update: 4570	fps: 491.306	
2026-08-11 18:26:59,258 Num updates: 4570	Num frames 731200
2026-08-11 18:26:59,258 Average window size: 50  distance_to_goal: 0.515  distance_to_goal_reward: 0.000  reward: 3.842  spl: 0.738  success: 0.836
2026-08-11 18:26:59,258 	Perf Stats: trainer.rollout_collect: 0.288 trainer.sample_action: 0.003 trainer.obs_insert: 0.000 trainer.step_env: 0.005 trainer.update_stats: 0.001 trainer.update_agent: 0.035
2026-08-11 18:27:02,348 update: 4580	fps: 491.361	
2026-08-11 18:27:02,348 Num updates: 4580	Num frames 732800
2026-08-11 18:27:02,348 Average window size: 50  distance_to_goal: 0.544  distance_to_goal_reward: 0.000  reward: 4.128  spl: 0.748  success: 0.842
2026-08-11 18:27:02,348 	Perf Stats: trainer.rollout_collect: 0.288 trainer.sample_action: 0.003 trainer.obs_insert: 0.000 trainer.step_env: 0.005 trainer.update_stats: 0.001 trainer.update_agent: 0.035
2026-08-11 18:27:05,399 update: 4590	fps: 491.429	
2026-08-11 18:27:05,399 Num updates: 4590	Num frames 734400
2026-08-11 18:27:05,399 Average window size: 50  distance_to_goal: 0.814  distance_to_goal_reward: 0.000  reward: 4.079  spl: 0.709  success: 0.783
2026-08-11 18:27:05,399 	Perf Stats: trainer.rollout_collect: 0.288 trainer.sample_action: 0.003 trainer.obs_insert: 0.000 trainer.step_env: 0.005 trainer.update_stats: 0.001 trainer.update_agent: 0.035
2026-08-11 18:27:08,605 update: 4600	fps: 491.445	
2026-08-11 18:27:08,605 Num updates: 4600	Num frames 736000
2026-08-11 18:27:08,605 Average window size: 50  distance_to_goal: 0.582  distance_to_goal_reward: 0.000  reward: 3.931  spl: 0.695  success: 0.767
2026-08-11 18:27:08,605 	Perf Stats: trainer.rollout_collect: 0.288 trainer.sample_action: 0.003 trainer.obs_insert: 0.000 trainer.step_env: 0.005 trainer.update_stats: 0.001 trainer.update_agent: 0.035
2026-08-11 18:27:11,699 update: 4610	fps: 491.498	
2026-08-11 18:27:11,699 Num updates: 4610	Num frames 737600
2026-08-11 18:27:11,699 Average window size: 50  distance_to_goal: 0.508  distance_to_goal_reward: 0.000  reward: 4.158  spl: 0.683  success: 0.753
2026-08-11 18:27:11,699 	Perf Stats: trainer.rollout_collect: 0.288 trainer.sample_action: 0.003 trainer.obs_insert: 0.000 trainer.step_env: 0.005 trainer.update_stats: 0.001 trainer.update_agent: 0.035
2026-08-11 18:27:14,839 update: 4620	fps: 491.536	
2026-08-11 18:27:14,839 Num updates: 4620	Num frames 739200
2026-08-11 18:27:14,839 Average window size: 50  distance_to_goal: 0.451  distance_to_goal_reward: 0.000  reward: 4.011  spl: 0.702  success: 0.781
2026-08-11 18:27:14,839 	Perf Stats: trainer.rollout_collect: 0.288 trainer.sample_action: 0.003 trainer.obs_insert: 0.000 trainer.step_env: 0.005 trainer.update_stats: 0.001 trainer.update_agent: 0.035
2026-08-11 18:27:17,941 update: 4630	fps: 491.586	
2026-08-11 18:27:17,942 Num updates: 4630	Num frames 740800
2026-08-11 18:27:17,942 Average window size: 50  distance_to_goal: 0.364  distance_to_goal_reward: 0.000  reward: 4.127  spl: 0.740  success: 0.818
2026-08-11 18:27:17,942 	Perf Stats: trainer.rollout_collect: 0.288 trainer.sample_action: 0.003 trainer.obs_insert: 0.000 trainer.step_env: 0.005 trainer.update_stats: 0.001 trainer.update_agent: 0.035
2026-08-11 18:27:20,988 update: 4640	fps: 491.653	
2026-08-11 18:27:20,988 Num updates: 4640	Num frames 742400
2026-08-11 18:27:20,988 Average window size: 50  distance_to_goal: 0.353  distance_to_goal_reward: 0.001  reward: 4.149  spl: 0.752  success: 0.830
2026-08-11 18:27:20,988 	Perf Stats: trainer.rollout_collect: 0.288 trainer.sample_action: 0.003 trainer.obs_insert: 0.000 trainer.step_env: 0.005 trainer.update_stats: 0.001 trainer.update_agent: 0.035
PluginManager::Manager: duplicate static plugin StbImageImporter, ignoring
PluginManager::Manager: duplicate static plugin GltfImporter, ignoring
PluginManager::Manager: duplicate static plugin BasisImporter, ignoring
PluginManager::Manager: duplicate static plugin AssimpImporter, ignoring
PluginManager::Manager: duplicate static plugin AnySceneImporter, ignoring
PluginManager::Manager: duplicate static plugin AnyImageImporter, ignoring
Renderer: NVIDIA GeForce RTX 4070/PCIe/SSE2 by NVIDIA Corporation
OpenGL version: 4.6.0 NVIDIA 580.173.02
Using optional features:
    GL_ARB_vertex_array_object
    GL_ARB_separate_shader_objects
    GL_ARB_robustness
    GL_ARB_texture_storage
    GL_ARB_texture_view
    GL_ARB_framebuffer_no_attachments
    GL_ARB_invalidate_subdata
    GL_ARB_texture_storage_multisample
    GL_ARB_multi_bind
    GL_ARB_direct_state_access
    GL_ARB_get_texture_sub_image
    GL_ARB_texture_filter_anisotropic
    GL_KHR_debug
    GL_KHR_parallel_shader_compile
    GL_NV_depth_buffer_float
Using driver workarounds:
    no-forward-compatible-core-context
    nv-egl-incorrect-gl11-function-pointers
    no-layout-qualifiers-on-old-glsl
    nv-zero-context-profile-mask
    nv-implementation-color-read-format-dsa-broken
    nv-cubemap-inconsistent-compressed-image-size
    nv-cubemap-broken-full-compressed-image-query
    nv-compressed-block-size-in-bits
[18:27:22:379937]:[Warning]:[Scene] SemanticScene.h(331)::checkFileExists : ::loadSemanticSceneDescriptor: File `data/scene_datasets/habitat-test-scenes/van-gogh-room.scn` does not exist.  Aborting load.
[18:27:22:379952]:[Warning]:[Scene] SemanticScene.cpp(123)::loadSemanticSceneDescriptor : SSD File Naming Issue! Neither SemanticAttributes-provided name : `data/scene_datasets/habitat-test-scenes/van-gogh-room.scn` nor constructed filename : `data/scene_datasets/habitat-test-scenes/info_semantic.json` exist on disk.
[18:27:22:379957]:[Error]:[Scene] SemanticScene.cpp(139)::loadSemanticSceneDescriptor : SSD Load Failure! File with SemanticAttributes-provided name `data/scene_datasets/habitat-test-scenes/van-gogh-room.scn` exists but failed to load.
[18:27:22:814026]:[Warning]:[Sim] Simulator.cpp(595)::instanceStageForSceneAttributes : The active scene does not contain semantic annotations : activeSemanticSceneID_ = 0
2026-08-11 18:27:24,473 update: 4650	fps: 491.578	
2026-08-11 18:27:24,473 Num updates: 4650	Num frames 744000
2026-08-11 18:27:24,473 Average window size: 50  distance_to_goal: 0.476  distance_to_goal_reward: 0.001  reward: 3.853  spl: 0.728  success: 0.809
2026-08-11 18:27:24,473 	Perf Stats: trainer.rollout_collect: 0.288 trainer.sample_action: 0.003 trainer.obs_insert: 0.000 trainer.step_env: 0.005 trainer.update_stats: 0.001 trainer.update_agent: 0.035
2026-08-11 18:27:27,496 update: 4660	fps: 491.654	
2026-08-11 18:27:27,496 Num updates: 4660	Num frames 745600
2026-08-11 18:27:27,496 Average window size: 50  distance_to_goal: 0.388  distance_to_goal_reward: 0.001  reward: 3.750  spl: 0.753  success: 0.839
2026-08-11 18:27:27,496 	Perf Stats: trainer.rollout_collect: 0.288 trainer.sample_action: 0.003 trainer.obs_insert: 0.000 trainer.step_env: 0.005 trainer.update_stats: 0.001 trainer.update_agent: 0.035
2026-08-11 18:27:30,518 update: 4670	fps: 491.729	
2026-08-11 18:27:30,519 Num updates: 4670	Num frames 747200
2026-08-11 18:27:30,519 Average window size: 50  distance_to_goal: 0.464  distance_to_goal_reward: 0.001  reward: 3.744  spl: 0.741  success: 0.813
2026-08-11 18:27:30,519 	Perf Stats: trainer.rollout_collect: 0.288 trainer.sample_action: 0.003 trainer.obs_insert: 0.000 trainer.step_env: 0.005 trainer.update_stats: 0.001 trainer.update_agent: 0.035
2026-08-11 18:27:33,530 update: 4680	fps: 491.807	
2026-08-11 18:27:33,539 Num updates: 4680	Num frames 748800
2026-08-11 18:27:33,539 Average window size: 50  distance_to_goal: 0.408  distance_to_goal_reward: 0.001  reward: 3.374  spl: 0.689  success: 0.765
2026-08-11 18:27:33,539 	Perf Stats: trainer.rollout_collect: 0.288 trainer.sample_action: 0.003 trainer.obs_insert: 0.000 trainer.step_env: 0.005 trainer.update_stats: 0.001 trainer.update_agent: 0.035
2026-08-11 18:27:36,524 update: 4690	fps: 491.890	
2026-08-11 18:27:36,524 Num updates: 4690	Num frames 750400
2026-08-11 18:27:36,525 Average window size: 50  distance_to_goal: 0.401  distance_to_goal_reward: -0.001  reward: 3.154  spl: 0.680  success: 0.757
2026-08-11 18:27:36,525 	Perf Stats: trainer.rollout_collect: 0.288 trainer.sample_action: 0.003 trainer.obs_insert: 0.000 trainer.step_env: 0.005 trainer.update_stats: 0.001 trainer.update_agent: 0.035
PluginManager::Manager: duplicate static plugin StbImageImporter, ignoring
PluginManager::Manager: duplicate static plugin GltfImporter, ignoring
PluginManager::Manager: duplicate static plugin BasisImporter, ignoring
PluginManager::Manager: duplicate static plugin AssimpImporter, ignoring
PluginManager::Manager: duplicate static plugin AnySceneImporter, ignoring
PluginManager::Manager: duplicate static plugin AnyImageImporter, ignoring
Renderer: NVIDIA GeForce RTX 4070/PCIe/SSE2 by NVIDIA Corporation
OpenGL version: 4.6.0 NVIDIA 580.173.02
Using optional features:
    GL_ARB_vertex_array_object
    GL_ARB_separate_shader_objects
    GL_ARB_robustness
    GL_ARB_texture_storage
    GL_ARB_texture_view
    GL_ARB_framebuffer_no_attachments
    GL_ARB_invalidate_subdata
    GL_ARB_texture_storage_multisample
    GL_ARB_multi_bind
    GL_ARB_direct_state_access
    GL_ARB_get_texture_sub_image
    GL_ARB_texture_filter_anisotropic
    GL_KHR_debug
    GL_KHR_parallel_shader_compile
    GL_NV_depth_buffer_float
Using driver workarounds:
    no-forward-compatible-core-context
    nv-egl-incorrect-gl11-function-pointers
    no-layout-qualifiers-on-old-glsl
    nv-zero-context-profile-mask
    nv-implementation-color-read-format-dsa-broken
    nv-cubemap-inconsistent-compressed-image-size
    nv-cubemap-broken-full-compressed-image-query
    nv-compressed-block-size-in-bits
[18:27:37:953691]:[Warning]:[Scene] SemanticScene.h(331)::checkFileExists : ::loadSemanticSceneDescriptor: File `data/scene_datasets/habitat-test-scenes/van-gogh-room.scn` does not exist.  Aborting load.
[18:27:37:953707]:[Warning]:[Scene] SemanticScene.cpp(123)::loadSemanticSceneDescriptor : SSD File Naming Issue! Neither SemanticAttributes-provided name : `data/scene_datasets/habitat-test-scenes/van-gogh-room.scn` nor constructed filename : `data/scene_datasets/habitat-test-scenes/info_semantic.json` exist on disk.
[18:27:37:953713]:[Error]:[Scene] SemanticScene.cpp(139)::loadSemanticSceneDescriptor : SSD Load Failure! File with SemanticAttributes-provided name `data/scene_datasets/habitat-test-scenes/van-gogh-room.scn` exists but failed to load.
[18:27:38:385045]:[Warning]:[Sim] Simulator.cpp(595)::instanceStageForSceneAttributes : The active scene does not contain semantic annotations : activeSemanticSceneID_ = 0
2026-08-11 18:27:40,064 update: 4700	fps: 491.798	
2026-08-11 18:27:40,064 Num updates: 4700	Num frames 752000
2026-08-11 18:27:40,064 Average window size: 50  distance_to_goal: 0.447  distance_to_goal_reward: -0.002  reward: 3.137  spl: 0.673  success: 0.759
2026-08-11 18:27:40,064 	Perf Stats: trainer.rollout_collect: 0.288 trainer.sample_action: 0.003 trainer.obs_insert: 0.000 trainer.step_env: 0.005 trainer.update_stats: 0.001 trainer.update_agent: 0.035
2026-08-11 18:27:43,063 update: 4710	fps: 491.880	
2026-08-11 18:27:43,063 Num updates: 4710	Num frames 753600
2026-08-11 18:27:43,063 Average window size: 50  distance_to_goal: 0.387  distance_to_goal_reward: -0.002  reward: 3.235  spl: 0.678  success: 0.768
2026-08-11 18:27:43,063 	Perf Stats: trainer.rollout_collect: 0.288 trainer.sample_action: 0.003 trainer.obs_insert: 0.000 trainer.step_env: 0.005 trainer.update_stats: 0.001 trainer.update_agent: 0.035
2026-08-11 18:27:46,111 update: 4720	fps: 491.945	
2026-08-11 18:27:46,111 Num updates: 4720	Num frames 755200
2026-08-11 18:27:46,111 Average window size: 50  distance_to_goal: 0.303  distance_to_goal_reward: -0.001  reward: 3.202  spl: 0.689  success: 0.786
2026-08-11 18:27:46,111 	Perf Stats: trainer.rollout_collect: 0.287 trainer.sample_action: 0.003 trainer.obs_insert: 0.000 trainer.step_env: 0.005 trainer.update_stats: 0.001 trainer.update_agent: 0.035
2026-08-11 18:27:49,083 update: 4730	fps: 492.035	
2026-08-11 18:27:49,092 Num updates: 4730	Num frames 756800
2026-08-11 18:27:49,092 Average window size: 50  distance_to_goal: 0.273  distance_to_goal_reward: -0.001  reward: 3.290  spl: 0.715  success: 0.812
2026-08-11 18:27:49,092 	Perf Stats: trainer.rollout_collect: 0.287 trainer.sample_action: 0.003 trainer.obs_insert: 0.000 trainer.step_env: 0.005 trainer.update_stats: 0.001 trainer.update_agent: 0.035
PluginManager::Manager: duplicate static plugin StbImageImporter, ignoring
PluginManager::Manager: duplicate static plugin GltfImporter, ignoring
PluginManager::Manager: duplicate static plugin BasisImporter, ignoring
PluginManager::Manager: duplicate static plugin AssimpImporter, ignoring
PluginManager::Manager: duplicate static plugin AnySceneImporter, ignoring
PluginManager::Manager: duplicate static plugin AnyImageImporter, ignoring
Renderer: NVIDIA GeForce RTX 4070/PCIe/SSE2 by NVIDIA Corporation
OpenGL version: 4.6.0 NVIDIA 580.173.02
Using optional features:
    GL_ARB_vertex_array_object
    GL_ARB_separate_shader_objects
    GL_ARB_robustness
    GL_ARB_texture_storage
    GL_ARB_texture_view
    GL_ARB_framebuffer_no_attachments
    GL_ARB_invalidate_subdata
    GL_ARB_texture_storage_multisample
    GL_ARB_multi_bind
    GL_ARB_direct_state_access
    GL_ARB_get_texture_sub_image
    GL_ARB_texture_filter_anisotropic
    GL_KHR_debug
    GL_KHR_parallel_shader_compile
    GL_NV_depth_buffer_float
Using driver workarounds:
    no-forward-compatible-core-context
    nv-egl-incorrect-gl11-function-pointers
    no-layout-qualifiers-on-old-glsl
    nv-zero-context-profile-mask
    nv-implementation-color-read-format-dsa-broken
    nv-cubemap-inconsistent-compressed-image-size
    nv-cubemap-broken-full-compressed-image-query
    nv-compressed-block-size-in-bits
[18:27:49:846834]:[Warning]:[Scene] SemanticScene.h(331)::checkFileExists : ::loadSemanticSceneDescriptor: File `data/scene_datasets/habitat-test-scenes/skokloster-castle.scn` does not exist.  Aborting load.
[18:27:49:846851]:[Warning]:[Scene] SemanticScene.cpp(123)::loadSemanticSceneDescriptor : SSD File Naming Issue! Neither SemanticAttributes-provided name : `data/scene_datasets/habitat-test-scenes/skokloster-castle.scn` nor constructed filename : `data/scene_datasets/habitat-test-scenes/info_semantic.json` exist on disk.
[18:27:49:846861]:[Error]:[Scene] SemanticScene.cpp(139)::loadSemanticSceneDescriptor : SSD Load Failure! File with SemanticAttributes-provided name `data/scene_datasets/habitat-test-scenes/skokloster-castle.scn` exists but failed to load.
[18:27:50:465432]:[Warning]:[Sim] Simulator.cpp(595)::instanceStageForSceneAttributes : The active scene does not contain semantic annotations : activeSemanticSceneID_ = 0
2026-08-11 18:27:52,742 update: 4740	fps: 491.905	
2026-08-11 18:27:52,742 Num updates: 4740	Num frames 758400
2026-08-11 18:27:52,743 Average window size: 50  distance_to_goal: 0.237  distance_to_goal_reward: -0.001  reward: 3.528  spl: 0.748  success: 0.849
2026-08-11 18:27:52,743 	Perf Stats: trainer.rollout_collect: 0.287 trainer.sample_action: 0.003 trainer.obs_insert: 0.000 trainer.step_env: 0.005 trainer.update_stats: 0.001 trainer.update_agent: 0.035
PluginManager::Manager: duplicate static plugin StbImageImporter, ignoring
PluginManager::Manager: duplicate static plugin GltfImporter, ignoring
PluginManager::Manager: duplicate static plugin BasisImporter, ignoring
PluginManager::Manager: duplicate static plugin AssimpImporter, ignoring
PluginManager::Manager: duplicate static plugin AnySceneImporter, ignoring
PluginManager::Manager: duplicate static plugin AnyImageImporter, ignoring
Renderer: NVIDIA GeForce RTX 4070/PCIe/SSE2 by NVIDIA Corporation
OpenGL version: 4.6.0 NVIDIA 580.173.02
Using optional features:
    GL_ARB_vertex_array_object
    GL_ARB_separate_shader_objects
    GL_ARB_robustness
    GL_ARB_texture_storage
    GL_ARB_texture_view
    GL_ARB_framebuffer_no_attachments
    GL_ARB_invalidate_subdata
    GL_ARB_texture_storage_multisample
    GL_ARB_multi_bind
    GL_ARB_direct_state_access
    GL_ARB_get_texture_sub_image
    GL_ARB_texture_filter_anisotropic
    GL_KHR_debug
    GL_KHR_parallel_shader_compile
    GL_NV_depth_buffer_float
Using driver workarounds:
    no-forward-compatible-core-context
    nv-egl-incorrect-gl11-function-pointers
    no-layout-qualifiers-on-old-glsl
    nv-zero-context-profile-mask
    nv-implementation-color-read-format-dsa-broken
    nv-cubemap-inconsistent-compressed-image-size
    nv-cubemap-broken-full-compressed-image-query
    nv-compressed-block-size-in-bits
[18:27:54:916506]:[Warning]:[Scene] SemanticScene.h(331)::checkFileExists : ::loadSemanticSceneDescriptor: File `data/scene_datasets/habitat-test-scenes/skokloster-castle.scn` does not exist.  Aborting load.
[18:27:54:916524]:[Warning]:[Scene] SemanticScene.cpp(123)::loadSemanticSceneDescriptor : SSD File Naming Issue! Neither SemanticAttributes-provided name : `data/scene_datasets/habitat-test-scenes/skokloster-castle.scn` nor constructed filename : `data/scene_datasets/habitat-test-scenes/info_semantic.json` exist on disk.
[18:27:54:916533]:[Error]:[Scene] SemanticScene.cpp(139)::loadSemanticSceneDescriptor : SSD Load Failure! File with SemanticAttributes-provided name `data/scene_datasets/habitat-test-scenes/skokloster-castle.scn` exists but failed to load.
[18:27:55:523966]:[Warning]:[Sim] Simulator.cpp(595)::instanceStageForSceneAttributes : The active scene does not contain semantic annotations : activeSemanticSceneID_ = 0
2026-08-11 18:27:56,378 update: 4750	fps: 491.783	
2026-08-11 18:27:56,378 Num updates: 4750	Num frames 760000
2026-08-11 18:27:56,379 Average window size: 50  distance_to_goal: 0.126  distance_to_goal_reward: 0.000  reward: 3.803  spl: 0.785  success: 0.892
2026-08-11 18:27:56,379 	Perf Stats: trainer.rollout_collect: 0.288 trainer.sample_action: 0.003 trainer.obs_insert: 0.000 trainer.step_env: 0.005 trainer.update_stats: 0.001 trainer.update_agent: 0.035
2026-08-11 18:27:59,462 update: 4760	fps: 491.837	
2026-08-11 18:27:59,471 Num updates: 4760	Num frames 761600
2026-08-11 18:27:59,471 Average window size: 50  distance_to_goal: 0.122  distance_to_goal_reward: 0.000  reward: 3.940  spl: 0.796  success: 0.905
2026-08-11 18:27:59,471 	Perf Stats: trainer.rollout_collect: 0.288 trainer.sample_action: 0.003 trainer.obs_insert: 0.000 trainer.step_env: 0.005 trainer.update_stats: 0.001 trainer.update_agent: 0.035
2026-08-11 18:28:02,525 update: 4770	fps: 491.897	
2026-08-11 18:28:02,525 Num updates: 4770	Num frames 763200
2026-08-11 18:28:02,525 Average window size: 50  distance_to_goal: 0.111  distance_to_goal_reward: 0.000  reward: 4.237  spl: 0.803  success: 0.916
2026-08-11 18:28:02,525 	Perf Stats: trainer.rollout_collect: 0.287 trainer.sample_action: 0.003 trainer.obs_insert: 0.000 trainer.step_env: 0.005 trainer.update_stats: 0.001 trainer.update_agent: 0.035
PluginManager::Manager: duplicate static plugin StbImageImporter, ignoring
PluginManager::Manager: duplicate static plugin GltfImporter, ignoring
PluginManager::Manager: duplicate static plugin BasisImporter, ignoring
PluginManager::Manager: duplicate static plugin AssimpImporter, ignoring
PluginManager::Manager: duplicate static plugin AnySceneImporter, ignoring
PluginManager::Manager: duplicate static plugin AnyImageImporter, ignoring
Renderer: NVIDIA GeForce RTX 4070/PCIe/SSE2 by NVIDIA Corporation
OpenGL version: 4.6.0 NVIDIA 580.173.02
Using optional features:
    GL_ARB_vertex_array_object
    GL_ARB_separate_shader_objects
    GL_ARB_robustness
    GL_ARB_texture_storage
    GL_ARB_texture_view
    GL_ARB_framebuffer_no_attachments
    GL_ARB_invalidate_subdata
    GL_ARB_texture_storage_multisample
    GL_ARB_multi_bind
    GL_ARB_direct_state_access
    GL_ARB_get_texture_sub_image
    GL_ARB_texture_filter_anisotropic
    GL_KHR_debug
    GL_KHR_parallel_shader_compile
    GL_NV_depth_buffer_float
Using driver workarounds:
    no-forward-compatible-core-context
    nv-egl-incorrect-gl11-function-pointers
    no-layout-qualifiers-on-old-glsl
    nv-zero-context-profile-mask
    nv-implementation-color-read-format-dsa-broken
    nv-cubemap-inconsistent-compressed-image-size
    nv-cubemap-broken-full-compressed-image-query
    nv-compressed-block-size-in-bits
[18:28:02:963522]:[Warning]:[Scene] SemanticScene.h(331)::checkFileExists : ::loadSemanticSceneDescriptor: File `data/scene_datasets/habitat-test-scenes/skokloster-castle.scn` does not exist.  Aborting load.
[18:28:02:963539]:[Warning]:[Scene] SemanticScene.cpp(123)::loadSemanticSceneDescriptor : SSD File Naming Issue! Neither SemanticAttributes-provided name : `data/scene_datasets/habitat-test-scenes/skokloster-castle.scn` nor constructed filename : `data/scene_datasets/habitat-test-scenes/info_semantic.json` exist on disk.
[18:28:02:963544]:[Error]:[Scene] SemanticScene.cpp(139)::loadSemanticSceneDescriptor : SSD Load Failure! File with SemanticAttributes-provided name `data/scene_datasets/habitat-test-scenes/skokloster-castle.scn` exists but failed to load.
[18:28:03:567323]:[Warning]:[Sim] Simulator.cpp(595)::instanceStageForSceneAttributes : The active scene does not contain semantic annotations : activeSemanticSceneID_ = 0
2026-08-11 18:28:06,277 update: 4780	fps: 491.739	
2026-08-11 18:28:06,277 Num updates: 4780	Num frames 764800
2026-08-11 18:28:06,277 Average window size: 50  distance_to_goal: 0.152  distance_to_goal_reward: 0.000  reward: 4.372  spl: 0.791  success: 0.906
2026-08-11 18:28:06,277 	Perf Stats: trainer.rollout_collect: 0.288 trainer.sample_action: 0.003 trainer.obs_insert: 0.000 trainer.step_env: 0.005 trainer.update_stats: 0.001 trainer.update_agent: 0.035
2026-08-11 18:28:09,398 update: 4790	fps: 491.781	
2026-08-11 18:28:09,398 Num updates: 4790	Num frames 766400
2026-08-11 18:28:09,398 Average window size: 50  distance_to_goal: 0.323  distance_to_goal_reward: -0.000  reward: 4.390  spl: 0.775  success: 0.886
2026-08-11 18:28:09,398 	Perf Stats: trainer.rollout_collect: 0.288 trainer.sample_action: 0.003 trainer.obs_insert: 0.000 trainer.step_env: 0.005 trainer.update_stats: 0.001 trainer.update_agent: 0.035
2026-08-11 18:28:12,579 update: 4800	fps: 491.804	
2026-08-11 18:28:12,579 Num updates: 4800	Num frames 768000
2026-08-11 18:28:12,579 Average window size: 50  distance_to_goal: 0.376  distance_to_goal_reward: -0.000  reward: 4.340  spl: 0.753  success: 0.868
2026-08-11 18:28:12,579 	Perf Stats: trainer.rollout_collect: 0.288 trainer.sample_action: 0.003 trainer.obs_insert: 0.000 trainer.step_env: 0.005 trainer.update_stats: 0.001 trainer.update_agent: 0.035
2026-08-11 18:28:15,700 update: 4810	fps: 491.846	
2026-08-11 18:28:15,700 Num updates: 4810	Num frames 769600
2026-08-11 18:28:15,700 Average window size: 50  distance_to_goal: 0.558  distance_to_goal_reward: -0.000  reward: 4.034  spl: 0.703  success: 0.811
2026-08-11 18:28:15,700 	Perf Stats: trainer.rollout_collect: 0.288 trainer.sample_action: 0.003 trainer.obs_insert: 0.000 trainer.step_env: 0.005 trainer.update_stats: 0.001 trainer.update_agent: 0.035
2026-08-11 18:28:18,782 update: 4820	fps: 491.899	
2026-08-11 18:28:18,782 Num updates: 4820	Num frames 771200
2026-08-11 18:28:18,782 Average window size: 50  distance_to_goal: 0.585  distance_to_goal_reward: -0.000  reward: 4.112  spl: 0.723  success: 0.825
2026-08-11 18:28:18,782 	Perf Stats: trainer.rollout_collect: 0.287 trainer.sample_action: 0.003 trainer.obs_insert: 0.000 trainer.step_env: 0.005 trainer.update_stats: 0.001 trainer.update_agent: 0.035
2026-08-11 18:28:21,923 update: 4830	fps: 491.934	
2026-08-11 18:28:21,923 Num updates: 4830	Num frames 772800
2026-08-11 18:28:21,923 Average window size: 50  distance_to_goal: 0.627  distance_to_goal_reward: -0.000  reward: 4.339  spl: 0.713  success: 0.833
2026-08-11 18:28:21,923 	Perf Stats: trainer.rollout_collect: 0.287 trainer.sample_action: 0.003 trainer.obs_insert: 0.000 trainer.step_env: 0.005 trainer.update_stats: 0.001 trainer.update_agent: 0.035
2026-08-11 18:28:25,030 update: 4840	fps: 491.979	
2026-08-11 18:28:25,030 Num updates: 4840	Num frames 774400
2026-08-11 18:28:25,031 Average window size: 50  distance_to_goal: 0.388  distance_to_goal_reward: 0.000  reward: 4.317  spl: 0.722  success: 0.846
2026-08-11 18:28:25,031 	Perf Stats: trainer.rollout_collect: 0.287 trainer.sample_action: 0.003 trainer.obs_insert: 0.000 trainer.step_env: 0.005 trainer.update_stats: 0.001 trainer.update_agent: 0.035
2026-08-11 18:28:28,144 update: 4850	fps: 492.023	
2026-08-11 18:28:28,144 Num updates: 4850	Num frames 776000
2026-08-11 18:28:28,144 Average window size: 50  distance_to_goal: 0.672  distance_to_goal_reward: 0.002  reward: 4.251  spl: 0.722  success: 0.828
2026-08-11 18:28:28,144 	Perf Stats: trainer.rollout_collect: 0.287 trainer.sample_action: 0.003 trainer.obs_insert: 0.000 trainer.step_env: 0.005 trainer.update_stats: 0.001 trainer.update_agent: 0.035
2026-08-11 18:28:31,282 update: 4860	fps: 492.058	
2026-08-11 18:28:31,282 Num updates: 4860	Num frames 777600
2026-08-11 18:28:31,282 Average window size: 50  distance_to_goal: 0.522  distance_to_goal_reward: 0.002  reward: 4.541  spl: 0.753  success: 0.862
2026-08-11 18:28:31,282 	Perf Stats: trainer.rollout_collect: 0.287 trainer.sample_action: 0.003 trainer.obs_insert: 0.000 trainer.step_env: 0.005 trainer.update_stats: 0.001 trainer.update_agent: 0.035
2026-08-11 18:28:34,406 update: 4870	fps: 492.098	
2026-08-11 18:28:34,406 Num updates: 4870	Num frames 779200
2026-08-11 18:28:34,406 Average window size: 50  distance_to_goal: 0.697  distance_to_goal_reward: 0.002  reward: 4.314  spl: 0.716  success: 0.825
2026-08-11 18:28:34,406 	Perf Stats: trainer.rollout_collect: 0.287 trainer.sample_action: 0.003 trainer.obs_insert: 0.000 trainer.step_env: 0.005 trainer.update_stats: 0.001 trainer.update_agent: 0.035
2026-08-11 18:28:37,487 update: 4880	fps: 492.151	
2026-08-11 18:28:37,488 Num updates: 4880	Num frames 780800
2026-08-11 18:28:37,488 Average window size: 50  distance_to_goal: 0.701  distance_to_goal_reward: 0.002  reward: 3.939  spl: 0.740  success: 0.843
2026-08-11 18:28:37,488 	Perf Stats: trainer.rollout_collect: 0.287 trainer.sample_action: 0.003 trainer.obs_insert: 0.000 trainer.step_env: 0.005 trainer.update_stats: 0.001 trainer.update_agent: 0.035
2026-08-11 18:28:40,602 update: 4890	fps: 492.193	
2026-08-11 18:28:40,603 Num updates: 4890	Num frames 782400
2026-08-11 18:28:40,603 Average window size: 50  distance_to_goal: 0.928  distance_to_goal_reward: 0.002  reward: 3.795  spl: 0.698  success: 0.814
2026-08-11 18:28:40,603 	Perf Stats: trainer.rollout_collect: 0.287 trainer.sample_action: 0.003 trainer.obs_insert: 0.000 trainer.step_env: 0.005 trainer.update_stats: 0.001 trainer.update_agent: 0.035
2026-08-11 18:28:43,829 update: 4900	fps: 492.200	
2026-08-11 18:28:43,830 Num updates: 4900	Num frames 784000
2026-08-11 18:28:43,830 Average window size: 50  distance_to_goal: 0.544  distance_to_goal_reward: 0.000  reward: 4.070  spl: 0.719  success: 0.847
2026-08-11 18:28:43,830 	Perf Stats: trainer.rollout_collect: 0.287 trainer.sample_action: 0.003 trainer.obs_insert: 0.000 trainer.step_env: 0.005 trainer.update_stats: 0.001 trainer.update_agent: 0.035
2026-08-11 18:28:46,942 update: 4910	fps: 492.243	
2026-08-11 18:28:46,942 Num updates: 4910	Num frames 785600
2026-08-11 18:28:46,942 Average window size: 50  distance_to_goal: 0.715  distance_to_goal_reward: 0.000  reward: 3.710  spl: 0.733  success: 0.872
2026-08-11 18:28:46,942 	Perf Stats: trainer.rollout_collect: 0.287 trainer.sample_action: 0.003 trainer.obs_insert: 0.000 trainer.step_env: 0.005 trainer.update_stats: 0.001 trainer.update_agent: 0.035
PluginManager::Manager: duplicate static plugin StbImageImporter, ignoring
PluginManager::Manager: duplicate static plugin GltfImporter, ignoring
PluginManager::Manager: duplicate static plugin BasisImporter, ignoring
PluginManager::Manager: duplicate static plugin AssimpImporter, ignoring
PluginManager::Manager: duplicate static plugin AnySceneImporter, ignoring
PluginManager::Manager: duplicate static plugin AnyImageImporter, ignoring
Renderer: NVIDIA GeForce RTX 4070/PCIe/SSE2 by NVIDIA Corporation
OpenGL version: 4.6.0 NVIDIA 580.173.02
Using optional features:
    GL_ARB_vertex_array_object
    GL_ARB_separate_shader_objects
    GL_ARB_robustness
    GL_ARB_texture_storage
    GL_ARB_texture_view
    GL_ARB_framebuffer_no_attachments
    GL_ARB_invalidate_subdata
    GL_ARB_texture_storage_multisample
    GL_ARB_multi_bind
    GL_ARB_direct_state_access
    GL_ARB_get_texture_sub_image
    GL_ARB_texture_filter_anisotropic
    GL_KHR_debug
    GL_KHR_parallel_shader_compile
    GL_NV_depth_buffer_float
Using driver workarounds:
    no-forward-compatible-core-context
    nv-egl-incorrect-gl11-function-pointers
    no-layout-qualifiers-on-old-glsl
    nv-zero-context-profile-mask
    nv-implementation-color-read-format-dsa-broken
    nv-cubemap-inconsistent-compressed-image-size
    nv-cubemap-broken-full-compressed-image-query
    nv-compressed-block-size-in-bits
[18:28:48:697495]:[Warning]:[Scene] SemanticScene.h(331)::checkFileExists : ::loadSemanticSceneDescriptor: File `data/scene_datasets/habitat-test-scenes/skokloster-castle.scn` does not exist.  Aborting load.
[18:28:48:697511]:[Warning]:[Scene] SemanticScene.cpp(123)::loadSemanticSceneDescriptor : SSD File Naming Issue! Neither SemanticAttributes-provided name : `data/scene_datasets/habitat-test-scenes/skokloster-castle.scn` nor constructed filename : `data/scene_datasets/habitat-test-scenes/info_semantic.json` exist on disk.
[18:28:48:697516]:[Error]:[Scene] SemanticScene.cpp(139)::loadSemanticSceneDescriptor : SSD Load Failure! File with SemanticAttributes-provided name `data/scene_datasets/habitat-test-scenes/skokloster-castle.scn` exists but failed to load.
[18:28:49:306492]:[Warning]:[Sim] Simulator.cpp(595)::instanceStageForSceneAttributes : The active scene does not contain semantic annotations : activeSemanticSceneID_ = 0
2026-08-11 18:28:50,697 update: 4920	fps: 492.087	
2026-08-11 18:28:50,697 Num updates: 4920	Num frames 787200
2026-08-11 18:28:50,697 Average window size: 50  distance_to_goal: 0.630  distance_to_goal_reward: 0.000  reward: 3.895  spl: 0.756  success: 0.896
2026-08-11 18:28:50,697 	Perf Stats: trainer.rollout_collect: 0.287 trainer.sample_action: 0.003 trainer.obs_insert: 0.000 trainer.step_env: 0.005 trainer.update_stats: 0.001 trainer.update_agent: 0.035
2026-08-11 18:28:53,869 update: 4930	fps: 492.112	
2026-08-11 18:28:53,869 Num updates: 4930	Num frames 788800
2026-08-11 18:28:53,869 Average window size: 50  distance_to_goal: 0.702  distance_to_goal_reward: 0.000  reward: 4.121  spl: 0.759  success: 0.881
2026-08-11 18:28:53,869 	Perf Stats: trainer.rollout_collect: 0.287 trainer.sample_action: 0.003 trainer.obs_insert: 0.000 trainer.step_env: 0.005 trainer.update_stats: 0.001 trainer.update_agent: 0.035
2026-08-11 18:28:57,038 update: 4940	fps: 492.137	
2026-08-11 18:28:57,039 Num updates: 4940	Num frames 790400
2026-08-11 18:28:57,039 Average window size: 50  distance_to_goal: 0.734  distance_to_goal_reward: 0.000  reward: 4.214  spl: 0.763  success: 0.871
2026-08-11 18:28:57,039 	Perf Stats: trainer.rollout_collect: 0.287 trainer.sample_action: 0.003 trainer.obs_insert: 0.000 trainer.step_env: 0.005 trainer.update_stats: 0.001 trainer.update_agent: 0.035
2026-08-11 18:29:00,212 update: 4950	fps: 492.161	
2026-08-11 18:29:00,212 Num updates: 4950	Num frames 792000
2026-08-11 18:29:00,212 Average window size: 50  distance_to_goal: 0.873  distance_to_goal_reward: 0.000  reward: 4.279  spl: 0.720  success: 0.824
2026-08-11 18:29:00,212 	Perf Stats: trainer.rollout_collect: 0.287 trainer.sample_action: 0.003 trainer.obs_insert: 0.000 trainer.step_env: 0.005 trainer.update_stats: 0.001 trainer.update_agent: 0.035
2026-08-11 18:29:03,384 update: 4960	fps: 492.185	
2026-08-11 18:29:03,384 Num updates: 4960	Num frames 793600
2026-08-11 18:29:03,384 Average window size: 50  distance_to_goal: 1.041  distance_to_goal_reward: 0.000  reward: 4.285  spl: 0.652  success: 0.747
2026-08-11 18:29:03,384 	Perf Stats: trainer.rollout_collect: 0.287 trainer.sample_action: 0.003 trainer.obs_insert: 0.000 trainer.step_env: 0.005 trainer.update_stats: 0.001 trainer.update_agent: 0.035
2026-08-11 18:29:06,564 update: 4970	fps: 492.209	
2026-08-11 18:29:06,564 Num updates: 4970	Num frames 795200
2026-08-11 18:29:06,564 Average window size: 50  distance_to_goal: 0.985  distance_to_goal_reward: 0.000  reward: 4.455  spl: 0.628  success: 0.734
2026-08-11 18:29:06,564 	Perf Stats: trainer.rollout_collect: 0.287 trainer.sample_action: 0.003 trainer.obs_insert: 0.000 trainer.step_env: 0.005 trainer.update_stats: 0.001 trainer.update_agent: 0.035
2026-08-11 18:29:09,729 update: 4980	fps: 492.232	
2026-08-11 18:29:09,730 Num updates: 4980	Num frames 796800
2026-08-11 18:29:09,730 Average window size: 50  distance_to_goal: 0.927  distance_to_goal_reward: 0.000  reward: 4.962  spl: 0.622  success: 0.731
2026-08-11 18:29:09,730 	Perf Stats: trainer.rollout_collect: 0.287 trainer.sample_action: 0.003 trainer.obs_insert: 0.000 trainer.step_env: 0.005 trainer.update_stats: 0.001 trainer.update_agent: 0.035
2026-08-11 18:29:12,908 update: 4990	fps: 492.254	
2026-08-11 18:29:12,908 Num updates: 4990	Num frames 798400
2026-08-11 18:29:12,908 Average window size: 50  distance_to_goal: 0.720  distance_to_goal_reward: 0.000  reward: 5.338  spl: 0.677  success: 0.795
2026-08-11 18:29:12,908 	Perf Stats: trainer.rollout_collect: 0.287 trainer.sample_action: 0.003 trainer.obs_insert: 0.000 trainer.step_env: 0.005 trainer.update_stats: 0.001 trainer.update_agent: 0.035
2026-08-11 18:29:16,162 update: 5000	fps: 492.253	
2026-08-11 18:29:16,163 Num updates: 5000	Num frames 800000
2026-08-11 18:29:16,163 Average window size: 50  distance_to_goal: 0.823  distance_to_goal_reward: 0.000  reward: 5.302  spl: 0.699  success: 0.802
2026-08-11 18:29:16,163 	Perf Stats: trainer.rollout_collect: 0.287 trainer.sample_action: 0.003 trainer.obs_insert: 0.000 trainer.step_env: 0.005 trainer.update_stats: 0.001 trainer.update_agent: 0.035
2026-08-11 18:29:19,389 update: 5010	fps: 492.260	
2026-08-11 18:29:19,390 Num updates: 5010	Num frames 801600
2026-08-11 18:29:19,390 Average window size: 50  distance_to_goal: 0.618  distance_to_goal_reward: 0.000  reward: 5.648  spl: 0.746  success: 0.864
2026-08-11 18:29:19,390 	Perf Stats: trainer.rollout_collect: 0.287 trainer.sample_action: 0.003 trainer.obs_insert: 0.000 trainer.step_env: 0.005 trainer.update_stats: 0.001 trainer.update_agent: 0.035
2026-08-11 18:29:22,566 update: 5020	fps: 492.282	
2026-08-11 18:29:22,566 Num updates: 5020	Num frames 803200
2026-08-11 18:29:22,566 Average window size: 50  distance_to_goal: 0.659  distance_to_goal_reward: 0.000  reward: 5.633  spl: 0.762  success: 0.866
2026-08-11 18:29:22,566 	Perf Stats: trainer.rollout_collect: 0.287 trainer.sample_action: 0.003 trainer.obs_insert: 0.000 trainer.step_env: 0.005 trainer.update_stats: 0.001 trainer.update_agent: 0.035
2026-08-11 18:29:25,731 update: 5030	fps: 492.308	
2026-08-11 18:29:25,731 Num updates: 5030	Num frames 804800
2026-08-11 18:29:25,732 Average window size: 50  distance_to_goal: 0.718  distance_to_goal_reward: 0.000  reward: 5.572  spl: 0.764  success: 0.875
2026-08-11 18:29:25,732 	Perf Stats: trainer.rollout_collect: 0.287 trainer.sample_action: 0.003 trainer.obs_insert: 0.000 trainer.step_env: 0.005 trainer.update_stats: 0.001 trainer.update_agent: 0.035
PluginManager::Manager: duplicate static plugin StbImageImporter, ignoring
PluginManager::Manager: duplicate static plugin GltfImporter, ignoring
PluginManager::Manager: duplicate static plugin BasisImporter, ignoring
PluginManager::Manager: duplicate static plugin AssimpImporter, ignoring
PluginManager::Manager: duplicate static plugin AnySceneImporter, ignoring
PluginManager::Manager: duplicate static plugin AnyImageImporter, ignoring
Renderer: NVIDIA GeForce RTX 4070/PCIe/SSE2 by NVIDIA Corporation
OpenGL version: 4.6.0 NVIDIA 580.173.02
Using optional features:
    GL_ARB_vertex_array_object
    GL_ARB_separate_shader_objects
    GL_ARB_robustness
    GL_ARB_texture_storage
    GL_ARB_texture_view
    GL_ARB_framebuffer_no_attachments
    GL_ARB_invalidate_subdata
    GL_ARB_texture_storage_multisample
    GL_ARB_multi_bind
    GL_ARB_direct_state_access
    GL_ARB_get_texture_sub_image
    GL_ARB_texture_filter_anisotropic
    GL_KHR_debug
    GL_KHR_parallel_shader_compile
    GL_NV_depth_buffer_float
Using driver workarounds:
    no-forward-compatible-core-context
    nv-egl-incorrect-gl11-function-pointers
    no-layout-qualifiers-on-old-glsl
    nv-zero-context-profile-mask
    nv-implementation-color-read-format-dsa-broken
    nv-cubemap-inconsistent-compressed-image-size
    nv-cubemap-broken-full-compressed-image-query
    nv-compressed-block-size-in-bits
[18:29:28:085185]:[Warning]:[Scene] SemanticScene.h(331)::checkFileExists : ::loadSemanticSceneDescriptor: File `data/scene_datasets/habitat-test-scenes/van-gogh-room.scn` does not exist.  Aborting load.
[18:29:28:085202]:[Warning]:[Scene] SemanticScene.cpp(123)::loadSemanticSceneDescriptor : SSD File Naming Issue! Neither SemanticAttributes-provided name : `data/scene_datasets/habitat-test-scenes/van-gogh-room.scn` nor constructed filename : `data/scene_datasets/habitat-test-scenes/info_semantic.json` exist on disk.
[18:29:28:085207]:[Error]:[Scene] SemanticScene.cpp(139)::loadSemanticSceneDescriptor : SSD Load Failure! File with SemanticAttributes-provided name `data/scene_datasets/habitat-test-scenes/van-gogh-room.scn` exists but failed to load.
[18:29:28:526150]:[Warning]:[Sim] Simulator.cpp(595)::instanceStageForSceneAttributes : The active scene does not contain semantic annotations : activeSemanticSceneID_ = 0
2026-08-11 18:29:29,348 update: 5040	fps: 492.197	
2026-08-11 18:29:29,348 Num updates: 5040	Num frames 806400
2026-08-11 18:29:29,348 Average window size: 50  distance_to_goal: 0.766  distance_to_goal_reward: 0.000  reward: 5.340  spl: 0.748  success: 0.857
2026-08-11 18:29:29,348 	Perf Stats: trainer.rollout_collect: 0.287 trainer.sample_action: 0.003 trainer.obs_insert: 0.000 trainer.step_env: 0.005 trainer.update_stats: 0.001 trainer.update_agent: 0.035
PluginManager::Manager: duplicate static plugin StbImageImporter, ignoring
PluginManager::Manager: duplicate static plugin GltfImporter, ignoring
PluginManager::Manager: duplicate static plugin BasisImporter, ignoring
PluginManager::Manager: duplicate static plugin AssimpImporter, ignoring
PluginManager::Manager: duplicate static plugin AnySceneImporter, ignoring
PluginManager::Manager: duplicate static plugin AnyImageImporter, ignoring
Renderer: NVIDIA GeForce RTX 4070/PCIe/SSE2 by NVIDIA Corporation
OpenGL version: 4.6.0 NVIDIA 580.173.02
Using optional features:
    GL_ARB_vertex_array_object
    GL_ARB_separate_shader_objects
    GL_ARB_robustness
    GL_ARB_texture_storage
    GL_ARB_texture_view
    GL_ARB_framebuffer_no_attachments
    GL_ARB_invalidate_subdata
    GL_ARB_texture_storage_multisample
    GL_ARB_multi_bind
    GL_ARB_direct_state_access
    GL_ARB_get_texture_sub_image
    GL_ARB_texture_filter_anisotropic
    GL_KHR_debug
    GL_KHR_parallel_shader_compile
    GL_NV_depth_buffer_float
Using driver workarounds:
    no-forward-compatible-core-context
    nv-egl-incorrect-gl11-function-pointers
    no-layout-qualifiers-on-old-glsl
    nv-zero-context-profile-mask
    nv-implementation-color-read-format-dsa-broken
    nv-cubemap-inconsistent-compressed-image-size
    nv-cubemap-broken-full-compressed-image-query
    nv-compressed-block-size-in-bits
[18:29:29:793952]:[Warning]:[Scene] SemanticScene.h(331)::checkFileExists : ::loadSemanticSceneDescriptor: File `data/scene_datasets/habitat-test-scenes/skokloster-castle.scn` does not exist.  Aborting load.
[18:29:29:793967]:[Warning]:[Scene] SemanticScene.cpp(123)::loadSemanticSceneDescriptor : SSD File Naming Issue! Neither SemanticAttributes-provided name : `data/scene_datasets/habitat-test-scenes/skokloster-castle.scn` nor constructed filename : `data/scene_datasets/habitat-test-scenes/info_semantic.json` exist on disk.
[18:29:29:793973]:[Error]:[Scene] SemanticScene.cpp(139)::loadSemanticSceneDescriptor : SSD Load Failure! File with SemanticAttributes-provided name `data/scene_datasets/habitat-test-scenes/skokloster-castle.scn` exists but failed to load.
[18:29:30:400653]:[Warning]:[Sim] Simulator.cpp(595)::instanceStageForSceneAttributes : The active scene does not contain semantic annotations : activeSemanticSceneID_ = 0
PluginManager::Manager: duplicate static plugin StbImageImporter, ignoring
PluginManager::Manager: duplicate static plugin GltfImporter, ignoring
PluginManager::Manager: duplicate static plugin BasisImporter, ignoring
PluginManager::Manager: duplicate static plugin AssimpImporter, ignoring
PluginManager::Manager: duplicate static plugin AnySceneImporter, ignoring
PluginManager::Manager: duplicate static plugin AnyImageImporter, ignoring
Renderer: NVIDIA GeForce RTX 4070/PCIe/SSE2 by NVIDIA Corporation
OpenGL version: 4.6.0 NVIDIA 580.173.02
Using optional features:
    GL_ARB_vertex_array_object
    GL_ARB_separate_shader_objects
    GL_ARB_robustness
    GL_ARB_texture_storage
    GL_ARB_texture_view
    GL_ARB_framebuffer_no_attachments
    GL_ARB_invalidate_subdata
    GL_ARB_texture_storage_multisample
    GL_ARB_multi_bind
    GL_ARB_direct_state_access
    GL_ARB_get_texture_sub_image
    GL_ARB_texture_filter_anisotropic
    GL_KHR_debug
    GL_KHR_parallel_shader_compile
    GL_NV_depth_buffer_float
Using driver workarounds:
    no-forward-compatible-core-context
    nv-egl-incorrect-gl11-function-pointers
    no-layout-qualifiers-on-old-glsl
    nv-zero-context-profile-mask
    nv-implementation-color-read-format-dsa-broken
    nv-cubemap-inconsistent-compressed-image-size
    nv-cubemap-broken-full-compressed-image-query
    nv-compressed-block-size-in-bits
[18:29:30:734985]:[Warning]:[Scene] SemanticScene.h(331)::checkFileExists : ::loadSemanticSceneDescriptor: File `data/scene_datasets/habitat-test-scenes/van-gogh-room.scn` does not exist.  Aborting load.
[18:29:30:735003]:[Warning]:[Scene] SemanticScene.cpp(123)::loadSemanticSceneDescriptor : SSD File Naming Issue! Neither SemanticAttributes-provided name : `data/scene_datasets/habitat-test-scenes/van-gogh-room.scn` nor constructed filename : `data/scene_datasets/habitat-test-scenes/info_semantic.json` exist on disk.
[18:29:30:735013]:[Error]:[Scene] SemanticScene.cpp(139)::loadSemanticSceneDescriptor : SSD Load Failure! File with SemanticAttributes-provided name `data/scene_datasets/habitat-test-scenes/van-gogh-room.scn` exists but failed to load.
[18:29:31:183311]:[Warning]:[Sim] Simulator.cpp(595)::instanceStageForSceneAttributes : The active scene does not contain semantic annotations : activeSemanticSceneID_ = 0
2026-08-11 18:29:33,598 update: 5050	fps: 491.898	
2026-08-11 18:29:33,598 Num updates: 5050	Num frames 808000
2026-08-11 18:29:33,598 Average window size: 50  distance_to_goal: 0.883  distance_to_goal_reward: 0.000  reward: 4.938  spl: 0.720  success: 0.831
2026-08-11 18:29:33,598 	Perf Stats: trainer.rollout_collect: 0.287 trainer.sample_action: 0.003 trainer.obs_insert: 0.000 trainer.step_env: 0.005 trainer.update_stats: 0.001 trainer.update_agent: 0.035
2026-08-11 18:29:36,737 update: 5060	fps: 491.932	
2026-08-11 18:29:36,737 Num updates: 5060	Num frames 809600
2026-08-11 18:29:36,737 Average window size: 50  distance_to_goal: 0.872  distance_to_goal_reward: 0.000  reward: 4.530  spl: 0.726  success: 0.832
2026-08-11 18:29:36,737 	Perf Stats: trainer.rollout_collect: 0.287 trainer.sample_action: 0.003 trainer.obs_insert: 0.000 trainer.step_env: 0.005 trainer.update_stats: 0.001 trainer.update_agent: 0.035
2026-08-11 18:29:39,885 update: 5070	fps: 491.963	
2026-08-11 18:29:39,885 Num updates: 5070	Num frames 811200
2026-08-11 18:29:39,885 Average window size: 50  distance_to_goal: 0.824  distance_to_goal_reward: 0.000  reward: 3.930  spl: 0.726  success: 0.838
2026-08-11 18:29:39,885 	Perf Stats: trainer.rollout_collect: 0.287 trainer.sample_action: 0.003 trainer.obs_insert: 0.000 trainer.step_env: 0.005 trainer.update_stats: 0.001 trainer.update_agent: 0.035
2026-08-11 18:29:43,050 update: 5080	fps: 491.989	
2026-08-11 18:29:43,050 Num updates: 5080	Num frames 812800
2026-08-11 18:29:43,050 Average window size: 50  distance_to_goal: 0.640  distance_to_goal_reward: 0.000  reward: 3.850  spl: 0.728  success: 0.843
2026-08-11 18:29:43,050 	Perf Stats: trainer.rollout_collect: 0.287 trainer.sample_action: 0.003 trainer.obs_insert: 0.000 trainer.step_env: 0.005 trainer.update_stats: 0.001 trainer.update_agent: 0.035
2026-08-11 18:29:46,199 update: 5090	fps: 492.020	
2026-08-11 18:29:46,199 Num updates: 5090	Num frames 814400
2026-08-11 18:29:46,199 Average window size: 50  distance_to_goal: 0.438  distance_to_goal_reward: 0.000  reward: 4.042  spl: 0.744  success: 0.861
2026-08-11 18:29:46,199 	Perf Stats: trainer.rollout_collect: 0.287 trainer.sample_action: 0.003 trainer.obs_insert: 0.000 trainer.step_env: 0.005 trainer.update_stats: 0.001 trainer.update_agent: 0.035
2026-08-11 18:29:49,441 update: 5100	fps: 492.023	
2026-08-11 18:29:49,441 Num updates: 5100	Num frames 816000
2026-08-11 18:29:49,442 Average window size: 50  distance_to_goal: 0.435  distance_to_goal_reward: 0.000  reward: 3.912  spl: 0.761  success: 0.884
2026-08-11 18:29:49,442 	Perf Stats: trainer.rollout_collect: 0.287 trainer.sample_action: 0.003 trainer.obs_insert: 0.000 trainer.step_env: 0.005 trainer.update_stats: 0.001 trainer.update_agent: 0.035
2026-08-11 18:29:52,627 update: 5110	fps: 492.042	
2026-08-11 18:29:52,628 Num updates: 5110	Num frames 817600
2026-08-11 18:29:52,628 Average window size: 50  distance_to_goal: 0.370  distance_to_goal_reward: 0.000  reward: 4.393  spl: 0.765  success: 0.883
2026-08-11 18:29:52,628 	Perf Stats: trainer.rollout_collect: 0.287 trainer.sample_action: 0.003 trainer.obs_insert: 0.000 trainer.step_env: 0.005 trainer.update_stats: 0.001 trainer.update_agent: 0.035
2026-08-11 18:29:55,767 update: 5120	fps: 492.075	
2026-08-11 18:29:55,767 Num updates: 5120	Num frames 819200
2026-08-11 18:29:55,767 Average window size: 50  distance_to_goal: 0.353  distance_to_goal_reward: 0.000  reward: 4.390  spl: 0.757  success: 0.869
2026-08-11 18:29:55,768 	Perf Stats: trainer.rollout_collect: 0.287 trainer.sample_action: 0.003 trainer.obs_insert: 0.000 trainer.step_env: 0.005 trainer.update_stats: 0.001 trainer.update_agent: 0.035
2026-08-11 18:29:58,949 update: 5130	fps: 492.096	
2026-08-11 18:29:58,949 Num updates: 5130	Num frames 820800
2026-08-11 18:29:58,949 Average window size: 50  distance_to_goal: 0.408  distance_to_goal_reward: 0.001  reward: 4.578  spl: 0.772  success: 0.881
2026-08-11 18:29:58,949 	Perf Stats: trainer.rollout_collect: 0.287 trainer.sample_action: 0.003 trainer.obs_insert: 0.000 trainer.step_env: 0.005 trainer.update_stats: 0.001 trainer.update_agent: 0.035
PluginManager::Manager: duplicate static plugin StbImageImporter, ignoring
PluginManager::Manager: duplicate static plugin GltfImporter, ignoring
PluginManager::Manager: duplicate static plugin BasisImporter, ignoring
PluginManager::Manager: duplicate static plugin AssimpImporter, ignoring
PluginManager::Manager: duplicate static plugin AnySceneImporter, ignoring
PluginManager::Manager: duplicate static plugin AnyImageImporter, ignoring
Renderer: NVIDIA GeForce RTX 4070/PCIe/SSE2 by NVIDIA Corporation
OpenGL version: 4.6.0 NVIDIA 580.173.02
Using optional features:
    GL_ARB_vertex_array_object
    GL_ARB_separate_shader_objects
    GL_ARB_robustness
    GL_ARB_texture_storage
    GL_ARB_texture_view
    GL_ARB_framebuffer_no_attachments
    GL_ARB_invalidate_subdata
    GL_ARB_texture_storage_multisample
    GL_ARB_multi_bind
    GL_ARB_direct_state_access
    GL_ARB_get_texture_sub_image
    GL_ARB_texture_filter_anisotropic
    GL_KHR_debug
    GL_KHR_parallel_shader_compile
    GL_NV_depth_buffer_float
Using driver workarounds:
    no-forward-compatible-core-context
    nv-egl-incorrect-gl11-function-pointers
    no-layout-qualifiers-on-old-glsl
    nv-zero-context-profile-mask
    nv-implementation-color-read-format-dsa-broken
    nv-cubemap-inconsistent-compressed-image-size
    nv-cubemap-broken-full-compressed-image-query
    nv-compressed-block-size-in-bits
[18:29:59:167592]:[Warning]:[Scene] SemanticScene.h(331)::checkFileExists : ::loadSemanticSceneDescriptor: File `data/scene_datasets/habitat-test-scenes/van-gogh-room.scn` does not exist.  Aborting load.
[18:29:59:167609]:[Warning]:[Scene] SemanticScene.cpp(123)::loadSemanticSceneDescriptor : SSD File Naming Issue! Neither SemanticAttributes-provided name : `data/scene_datasets/habitat-test-scenes/van-gogh-room.scn` nor constructed filename : `data/scene_datasets/habitat-test-scenes/info_semantic.json` exist on disk.
[18:29:59:167619]:[Error]:[Scene] SemanticScene.cpp(139)::loadSemanticSceneDescriptor : SSD Load Failure! File with SemanticAttributes-provided name `data/scene_datasets/habitat-test-scenes/van-gogh-room.scn` exists but failed to load.
[18:29:59:612079]:[Warning]:[Sim] Simulator.cpp(595)::instanceStageForSceneAttributes : The active scene does not contain semantic annotations : activeSemanticSceneID_ = 0
2026-08-11 18:30:02,532 update: 5140	fps: 491.998	
2026-08-11 18:30:02,532 Num updates: 5140	Num frames 822400
2026-08-11 18:30:02,532 Average window size: 50  distance_to_goal: 0.485  distance_to_goal_reward: 0.001  reward: 4.438  spl: 0.771  success: 0.887
2026-08-11 18:30:02,532 	Perf Stats: trainer.rollout_collect: 0.287 trainer.sample_action: 0.003 trainer.obs_insert: 0.000 trainer.step_env: 0.005 trainer.update_stats: 0.001 trainer.update_agent: 0.035
2026-08-11 18:30:05,630 update: 5150	fps: 492.044	
2026-08-11 18:30:05,630 Num updates: 5150	Num frames 824000
2026-08-11 18:30:05,630 Average window size: 50  distance_to_goal: 0.427  distance_to_goal_reward: 0.001  reward: 4.396  spl: 0.766  success: 0.893
2026-08-11 18:30:05,630 	Perf Stats: trainer.rollout_collect: 0.287 trainer.sample_action: 0.003 trainer.obs_insert: 0.000 trainer.step_env: 0.005 trainer.update_stats: 0.001 trainer.update_agent: 0.035
2026-08-11 18:30:08,773 update: 5160	fps: 492.075	
2026-08-11 18:30:08,773 Num updates: 5160	Num frames 825600
2026-08-11 18:30:08,773 Average window size: 50  distance_to_goal: 0.388  distance_to_goal_reward: 0.001  reward: 4.000  spl: 0.777  success: 0.903
2026-08-11 18:30:08,773 	Perf Stats: trainer.rollout_collect: 0.287 trainer.sample_action: 0.003 trainer.obs_insert: 0.000 trainer.step_env: 0.005 trainer.update_stats: 0.001 trainer.update_agent: 0.035
2026-08-11 18:30:11,909 update: 5170	fps: 492.109	
2026-08-11 18:30:11,917 Num updates: 5170	Num frames 827200
2026-08-11 18:30:11,917 Average window size: 50  distance_to_goal: 0.386  distance_to_goal_reward: 0.000  reward: 4.021  spl: 0.776  success: 0.904
2026-08-11 18:30:11,917 	Perf Stats: trainer.rollout_collect: 0.287 trainer.sample_action: 0.003 trainer.obs_insert: 0.000 trainer.step_env: 0.005 trainer.update_stats: 0.001 trainer.update_agent: 0.035
2026-08-11 18:30:15,062 update: 5180	fps: 492.138	
2026-08-11 18:30:15,062 Num updates: 5180	Num frames 828800
2026-08-11 18:30:15,062 Average window size: 50  distance_to_goal: 0.322  distance_to_goal_reward: 0.000  reward: 3.882  spl: 0.779  success: 0.904
2026-08-11 18:30:15,062 	Perf Stats: trainer.rollout_collect: 0.287 trainer.sample_action: 0.003 trainer.obs_insert: 0.000 trainer.step_env: 0.005 trainer.update_stats: 0.001 trainer.update_agent: 0.035
2026-08-11 18:30:18,206 update: 5190	fps: 492.169	
2026-08-11 18:30:18,206 Num updates: 5190	Num frames 830400
2026-08-11 18:30:18,206 Average window size: 50  distance_to_goal: 0.243  distance_to_goal_reward: 0.000  reward: 3.871  spl: 0.763  success: 0.890
2026-08-11 18:30:18,206 	Perf Stats: trainer.rollout_collect: 0.287 trainer.sample_action: 0.003 trainer.obs_insert: 0.000 trainer.step_env: 0.005 trainer.update_stats: 0.001 trainer.update_agent: 0.035
2026-08-11 18:30:21,454 update: 5200	fps: 492.170	
2026-08-11 18:30:21,454 Num updates: 5200	Num frames 832000
2026-08-11 18:30:21,454 Average window size: 50  distance_to_goal: 0.246  distance_to_goal_reward: 0.000  reward: 3.918  spl: 0.767  success: 0.881
2026-08-11 18:30:21,454 	Perf Stats: trainer.rollout_collect: 0.287 trainer.sample_action: 0.003 trainer.obs_insert: 0.000 trainer.step_env: 0.005 trainer.update_stats: 0.001 trainer.update_agent: 0.035
PluginManager::Manager: duplicate static plugin StbImageImporter, ignoring
PluginManager::Manager: duplicate static plugin GltfImporter, ignoring
PluginManager::Manager: duplicate static plugin BasisImporter, ignoring
PluginManager::Manager: duplicate static plugin AssimpImporter, ignoring
PluginManager::Manager: duplicate static plugin AnySceneImporter, ignoring
PluginManager::Manager: duplicate static plugin AnyImageImporter, ignoring
Renderer: NVIDIA GeForce RTX 4070/PCIe/SSE2 by NVIDIA Corporation
OpenGL version: 4.6.0 NVIDIA 580.173.02
Using optional features:
    GL_ARB_vertex_array_object
    GL_ARB_separate_shader_objects
    GL_ARB_robustness
    GL_ARB_texture_storage
    GL_ARB_texture_view
    GL_ARB_framebuffer_no_attachments
    GL_ARB_invalidate_subdata
    GL_ARB_texture_storage_multisample
    GL_ARB_multi_bind
    GL_ARB_direct_state_access
    GL_ARB_get_texture_sub_image
    GL_ARB_texture_filter_anisotropic
    GL_KHR_debug
    GL_KHR_parallel_shader_compile
    GL_NV_depth_buffer_float
Using driver workarounds:
    no-forward-compatible-core-context
    nv-egl-incorrect-gl11-function-pointers
    no-layout-qualifiers-on-old-glsl
    nv-zero-context-profile-mask
    nv-implementation-color-read-format-dsa-broken
    nv-cubemap-inconsistent-compressed-image-size
    nv-cubemap-broken-full-compressed-image-query
    nv-compressed-block-size-in-bits
[18:30:23:864026]:[Warning]:[Scene] SemanticScene.h(331)::checkFileExists : ::loadSemanticSceneDescriptor: File `data/scene_datasets/habitat-test-scenes/van-gogh-room.scn` does not exist.  Aborting load.
[18:30:23:864044]:[Warning]:[Scene] SemanticScene.cpp(123)::loadSemanticSceneDescriptor : SSD File Naming Issue! Neither SemanticAttributes-provided name : `data/scene_datasets/habitat-test-scenes/van-gogh-room.scn` nor constructed filename : `data/scene_datasets/habitat-test-scenes/info_semantic.json` exist on disk.
[18:30:23:864054]:[Error]:[Scene] SemanticScene.cpp(139)::loadSemanticSceneDescriptor : SSD Load Failure! File with SemanticAttributes-provided name `data/scene_datasets/habitat-test-scenes/van-gogh-room.scn` exists but failed to load.
[18:30:24:294934]:[Warning]:[Sim] Simulator.cpp(595)::instanceStageForSceneAttributes : The active scene does not contain semantic annotations : activeSemanticSceneID_ = 0
2026-08-11 18:30:25,018 update: 5210	fps: 492.079	
2026-08-11 18:30:25,018 Num updates: 5210	Num frames 833600
2026-08-11 18:30:25,018 Average window size: 50  distance_to_goal: 0.260  distance_to_goal_reward: 0.000  reward: 4.081  spl: 0.761  success: 0.883
2026-08-11 18:30:25,018 	Perf Stats: trainer.rollout_collect: 0.287 trainer.sample_action: 0.003 trainer.obs_insert: 0.000 trainer.step_env: 0.005 trainer.update_stats: 0.001 trainer.update_agent: 0.035
2026-08-11 18:30:28,119 update: 5220	fps: 492.122	
2026-08-11 18:30:28,120 Num updates: 5220	Num frames 835200
2026-08-11 18:30:28,120 Average window size: 50  distance_to_goal: 0.189  distance_to_goal_reward: 0.000  reward: 4.100  spl: 0.790  success: 0.911
2026-08-11 18:30:28,120 	Perf Stats: trainer.rollout_collect: 0.287 trainer.sample_action: 0.003 trainer.obs_insert: 0.000 trainer.step_env: 0.005 trainer.update_stats: 0.001 trainer.update_agent: 0.035
2026-08-11 18:30:31,232 update: 5230	fps: 492.163	
2026-08-11 18:30:31,232 Num updates: 5230	Num frames 836800
2026-08-11 18:30:31,232 Average window size: 50  distance_to_goal: 0.191  distance_to_goal_reward: 0.000  reward: 4.111  spl: 0.801  success: 0.923
2026-08-11 18:30:31,232 	Perf Stats: trainer.rollout_collect: 0.287 trainer.sample_action: 0.003 trainer.obs_insert: 0.000 trainer.step_env: 0.005 trainer.update_stats: 0.001 trainer.update_agent: 0.035
2026-08-11 18:30:34,365 update: 5240	fps: 492.197	
2026-08-11 18:30:34,365 Num updates: 5240	Num frames 838400
2026-08-11 18:30:34,365 Average window size: 50  distance_to_goal: 0.185  distance_to_goal_reward: 0.000  reward: 4.072  spl: 0.799  success: 0.915
2026-08-11 18:30:34,365 	Perf Stats: trainer.rollout_collect: 0.287 trainer.sample_action: 0.003 trainer.obs_insert: 0.000 trainer.step_env: 0.005 trainer.update_stats: 0.001 trainer.update_agent: 0.035
2026-08-11 18:30:37,457 update: 5250	fps: 492.242	
2026-08-11 18:30:37,457 Num updates: 5250	Num frames 840000
2026-08-11 18:30:37,457 Average window size: 50  distance_to_goal: 0.183  distance_to_goal_reward: 0.000  reward: 3.999  spl: 0.803  success: 0.917
2026-08-11 18:30:37,457 	Perf Stats: trainer.rollout_collect: 0.287 trainer.sample_action: 0.003 trainer.obs_insert: 0.000 trainer.step_env: 0.005 trainer.update_stats: 0.001 trainer.update_agent: 0.035
2026-08-11 18:30:40,572 update: 5260	fps: 492.282	
2026-08-11 18:30:40,572 Num updates: 5260	Num frames 841600
2026-08-11 18:30:40,572 Average window size: 50  distance_to_goal: 0.195  distance_to_goal_reward: 0.000  reward: 3.963  spl: 0.807  success: 0.912
2026-08-11 18:30:40,572 	Perf Stats: trainer.rollout_collect: 0.287 trainer.sample_action: 0.003 trainer.obs_insert: 0.000 trainer.step_env: 0.005 trainer.update_stats: 0.001 trainer.update_agent: 0.035
2026-08-11 18:30:43,674 update: 5270	fps: 492.324	
2026-08-11 18:30:43,675 Num updates: 5270	Num frames 843200
2026-08-11 18:30:43,675 Average window size: 50  distance_to_goal: 0.201  distance_to_goal_reward: 0.000  reward: 4.040  spl: 0.809  success: 0.915
2026-08-11 18:30:43,675 	Perf Stats: trainer.rollout_collect: 0.287 trainer.sample_action: 0.003 trainer.obs_insert: 0.000 trainer.step_env: 0.005 trainer.update_stats: 0.001 trainer.update_agent: 0.035
2026-08-11 18:30:46,773 update: 5280	fps: 492.367	
2026-08-11 18:30:46,773 Num updates: 5280	Num frames 844800
2026-08-11 18:30:46,773 Average window size: 50  distance_to_goal: 0.177  distance_to_goal_reward: 0.000  reward: 4.076  spl: 0.804  success: 0.910
2026-08-11 18:30:46,773 	Perf Stats: trainer.rollout_collect: 0.287 trainer.sample_action: 0.003 trainer.obs_insert: 0.000 trainer.step_env: 0.005 trainer.update_stats: 0.001 trainer.update_agent: 0.035
2026-08-11 18:30:49,858 update: 5290	fps: 492.414	
2026-08-11 18:30:49,858 Num updates: 5290	Num frames 846400
2026-08-11 18:30:49,858 Average window size: 50  distance_to_goal: 0.202  distance_to_goal_reward: 0.000  reward: 3.921  spl: 0.786  success: 0.893
2026-08-11 18:30:49,858 	Perf Stats: trainer.rollout_collect: 0.287 trainer.sample_action: 0.003 trainer.obs_insert: 0.000 trainer.step_env: 0.005 trainer.update_stats: 0.001 trainer.update_agent: 0.035
2026-08-11 18:30:53,057 update: 5300	fps: 492.429	
2026-08-11 18:30:53,057 Num updates: 5300	Num frames 848000
2026-08-11 18:30:53,057 Average window size: 50  distance_to_goal: 0.188  distance_to_goal_reward: 0.000  reward: 3.997  spl: 0.795  success: 0.903
2026-08-11 18:30:53,057 	Perf Stats: trainer.rollout_collect: 0.287 trainer.sample_action: 0.003 trainer.obs_insert: 0.000 trainer.step_env: 0.005 trainer.update_stats: 0.001 trainer.update_agent: 0.035
2026-08-11 18:30:56,145 update: 5310	fps: 492.475	
2026-08-11 18:30:56,145 Num updates: 5310	Num frames 849600
2026-08-11 18:30:56,145 Average window size: 50  distance_to_goal: 0.144  distance_to_goal_reward: 0.000  reward: 4.026  spl: 0.803  success: 0.915
2026-08-11 18:30:56,146 	Perf Stats: trainer.rollout_collect: 0.287 trainer.sample_action: 0.003 trainer.obs_insert: 0.000 trainer.step_env: 0.005 trainer.update_stats: 0.001 trainer.update_agent: 0.035
2026-08-11 18:30:59,262 update: 5320	fps: 492.512	
2026-08-11 18:30:59,263 Num updates: 5320	Num frames 851200
2026-08-11 18:30:59,263 Average window size: 50  distance_to_goal: 0.142  distance_to_goal_reward: 0.000  reward: 3.918  spl: 0.794  success: 0.899
2026-08-11 18:30:59,263 	Perf Stats: trainer.rollout_collect: 0.287 trainer.sample_action: 0.003 trainer.obs_insert: 0.000 trainer.step_env: 0.005 trainer.update_stats: 0.001 trainer.update_agent: 0.035
PluginManager::Manager: duplicate static plugin StbImageImporter, ignoring
PluginManager::Manager: duplicate static plugin GltfImporter, ignoring
PluginManager::Manager: duplicate static plugin BasisImporter, ignoring
PluginManager::Manager: duplicate static plugin AssimpImporter, ignoring
PluginManager::Manager: duplicate static plugin AnySceneImporter, ignoring
PluginManager::Manager: duplicate static plugin AnyImageImporter, ignoring
Renderer: NVIDIA GeForce RTX 4070/PCIe/SSE2 by NVIDIA Corporation
OpenGL version: 4.6.0 NVIDIA 580.173.02
Using optional features:
    GL_ARB_vertex_array_object
    GL_ARB_separate_shader_objects
    GL_ARB_robustness
    GL_ARB_texture_storage
    GL_ARB_texture_view
    GL_ARB_framebuffer_no_attachments
    GL_ARB_invalidate_subdata
    GL_ARB_texture_storage_multisample
    GL_ARB_multi_bind
    GL_ARB_direct_state_access
    GL_ARB_get_texture_sub_image
    GL_ARB_texture_filter_anisotropic
    GL_KHR_debug
    GL_KHR_parallel_shader_compile
    GL_NV_depth_buffer_float
Using driver workarounds:
    no-forward-compatible-core-context
    nv-egl-incorrect-gl11-function-pointers
    no-layout-qualifiers-on-old-glsl
    nv-zero-context-profile-mask
    nv-implementation-color-read-format-dsa-broken
    nv-cubemap-inconsistent-compressed-image-size
    nv-cubemap-broken-full-compressed-image-query
    nv-compressed-block-size-in-bits
[18:31:01:374321]:[Warning]:[Scene] SemanticScene.h(331)::checkFileExists : ::loadSemanticSceneDescriptor: File `data/scene_datasets/habitat-test-scenes/van-gogh-room.scn` does not exist.  Aborting load.
[18:31:01:374338]:[Warning]:[Scene] SemanticScene.cpp(123)::loadSemanticSceneDescriptor : SSD File Naming Issue! Neither SemanticAttributes-provided name : `data/scene_datasets/habitat-test-scenes/van-gogh-room.scn` nor constructed filename : `data/scene_datasets/habitat-test-scenes/info_semantic.json` exist on disk.
[18:31:01:374343]:[Error]:[Scene] SemanticScene.cpp(139)::loadSemanticSceneDescriptor : SSD Load Failure! File with SemanticAttributes-provided name `data/scene_datasets/habitat-test-scenes/van-gogh-room.scn` exists but failed to load.
[18:31:01:829168]:[Warning]:[Sim] Simulator.cpp(595)::instanceStageForSceneAttributes : The active scene does not contain semantic annotations : activeSemanticSceneID_ = 0
2026-08-11 18:31:02,837 update: 5330	fps: 492.420	
2026-08-11 18:31:02,837 Num updates: 5330	Num frames 852800
2026-08-11 18:31:02,837 Average window size: 50  distance_to_goal: 0.164  distance_to_goal_reward: 0.000  reward: 3.868  spl: 0.804  success: 0.900
2026-08-11 18:31:02,837 	Perf Stats: trainer.rollout_collect: 0.287 trainer.sample_action: 0.003 trainer.obs_insert: 0.000 trainer.step_env: 0.005 trainer.update_stats: 0.001 trainer.update_agent: 0.035
2026-08-11 18:31:05,911 update: 5340	fps: 492.469	
2026-08-11 18:31:05,911 Num updates: 5340	Num frames 854400
2026-08-11 18:31:05,911 Average window size: 50  distance_to_goal: 0.142  distance_to_goal_reward: 0.000  reward: 3.982  spl: 0.838  success: 0.940
2026-08-11 18:31:05,911 	Perf Stats: trainer.rollout_collect: 0.287 trainer.sample_action: 0.003 trainer.obs_insert: 0.000 trainer.step_env: 0.005 trainer.update_stats: 0.001 trainer.update_agent: 0.035
2026-08-11 18:31:09,010 update: 5350	fps: 492.512	
2026-08-11 18:31:09,011 Num updates: 5350	Num frames 856000
2026-08-11 18:31:09,011 Average window size: 50  distance_to_goal: 0.149  distance_to_goal_reward: 0.000  reward: 3.940  spl: 0.833  success: 0.939
2026-08-11 18:31:09,011 	Perf Stats: trainer.rollout_collect: 0.287 trainer.sample_action: 0.003 trainer.obs_insert: 0.000 trainer.step_env: 0.005 trainer.update_stats: 0.001 trainer.update_agent: 0.035
2026-08-11 18:31:12,130 update: 5360	fps: 492.548	
2026-08-11 18:31:12,130 Num updates: 5360	Num frames 857600
2026-08-11 18:31:12,130 Average window size: 50  distance_to_goal: 0.152  distance_to_goal_reward: 0.000  reward: 3.825  spl: 0.822  success: 0.930
2026-08-11 18:31:12,130 	Perf Stats: trainer.rollout_collect: 0.287 trainer.sample_action: 0.003 trainer.obs_insert: 0.000 trainer.step_env: 0.005 trainer.update_stats: 0.001 trainer.update_agent: 0.035
2026-08-11 18:31:15,206 update: 5370	fps: 492.597	
2026-08-11 18:31:15,206 Num updates: 5370	Num frames 859200
2026-08-11 18:31:15,206 Average window size: 50  distance_to_goal: 0.147  distance_to_goal_reward: 0.000  reward: 3.835  spl: 0.823  success: 0.936
2026-08-11 18:31:15,206 	Perf Stats: trainer.rollout_collect: 0.287 trainer.sample_action: 0.003 trainer.obs_insert: 0.000 trainer.step_env: 0.005 trainer.update_stats: 0.001 trainer.update_agent: 0.035
2026-08-11 18:31:18,223 update: 5380	fps: 492.662	
2026-08-11 18:31:18,223 Num updates: 5380	Num frames 860800
2026-08-11 18:31:18,223 Average window size: 50  distance_to_goal: 0.126  distance_to_goal_reward: 0.000  reward: 3.828  spl: 0.816  success: 0.935
2026-08-11 18:31:18,223 	Perf Stats: trainer.rollout_collect: 0.287 trainer.sample_action: 0.003 trainer.obs_insert: 0.000 trainer.step_env: 0.005 trainer.update_stats: 0.001 trainer.update_agent: 0.035
PluginManager::Manager: duplicate static plugin StbImageImporter, ignoring
PluginManager::Manager: duplicate static plugin GltfImporter, ignoring
PluginManager::Manager: duplicate static plugin BasisImporter, ignoring
PluginManager::Manager: duplicate static plugin AssimpImporter, ignoring
PluginManager::Manager: duplicate static plugin AnySceneImporter, ignoring
PluginManager::Manager: duplicate static plugin AnyImageImporter, ignoring
Renderer: NVIDIA GeForce RTX 4070/PCIe/SSE2 by NVIDIA Corporation
OpenGL version: 4.6.0 NVIDIA 580.173.02
Using optional features:
    GL_ARB_vertex_array_object
    GL_ARB_separate_shader_objects
    GL_ARB_robustness
    GL_ARB_texture_storage
    GL_ARB_texture_view
    GL_ARB_framebuffer_no_attachments
    GL_ARB_invalidate_subdata
    GL_ARB_texture_storage_multisample
    GL_ARB_multi_bind
    GL_ARB_direct_state_access
    GL_ARB_get_texture_sub_image
    GL_ARB_texture_filter_anisotropic
    GL_KHR_debug
    GL_KHR_parallel_shader_compile
    GL_NV_depth_buffer_float
Using driver workarounds:
    no-forward-compatible-core-context
    nv-egl-incorrect-gl11-function-pointers
    no-layout-qualifiers-on-old-glsl
    nv-zero-context-profile-mask
    nv-implementation-color-read-format-dsa-broken
    nv-cubemap-inconsistent-compressed-image-size
    nv-cubemap-broken-full-compressed-image-query
    nv-compressed-block-size-in-bits
[18:31:18:307593]:[Warning]:[Scene] SemanticScene.h(331)::checkFileExists : ::loadSemanticSceneDescriptor: File `data/scene_datasets/habitat-test-scenes/skokloster-castle.scn` does not exist.  Aborting load.
[18:31:18:307609]:[Warning]:[Scene] SemanticScene.cpp(123)::loadSemanticSceneDescriptor : SSD File Naming Issue! Neither SemanticAttributes-provided name : `data/scene_datasets/habitat-test-scenes/skokloster-castle.scn` nor constructed filename : `data/scene_datasets/habitat-test-scenes/info_semantic.json` exist on disk.
[18:31:18:307614]:[Error]:[Scene] SemanticScene.cpp(139)::loadSemanticSceneDescriptor : SSD Load Failure! File with SemanticAttributes-provided name `data/scene_datasets/habitat-test-scenes/skokloster-castle.scn` exists but failed to load.
[18:31:18:917414]:[Warning]:[Sim] Simulator.cpp(595)::instanceStageForSceneAttributes : The active scene does not contain semantic annotations : activeSemanticSceneID_ = 0
PluginManager::Manager: duplicate static plugin StbImageImporter, ignoring
PluginManager::Manager: duplicate static plugin GltfImporter, ignoring
PluginManager::Manager: duplicate static plugin BasisImporter, ignoring
PluginManager::Manager: duplicate static plugin AssimpImporter, ignoring
PluginManager::Manager: duplicate static plugin AnySceneImporter, ignoring
PluginManager::Manager: duplicate static plugin AnyImageImporter, ignoring
Renderer: NVIDIA GeForce RTX 4070/PCIe/SSE2 by NVIDIA Corporation
OpenGL version: 4.6.0 NVIDIA 580.173.02
Using optional features:
    GL_ARB_vertex_array_object
    GL_ARB_separate_shader_objects
    GL_ARB_robustness
    GL_ARB_texture_storage
    GL_ARB_texture_view
    GL_ARB_framebuffer_no_attachments
    GL_ARB_invalidate_subdata
    GL_ARB_texture_storage_multisample
    GL_ARB_multi_bind
    GL_ARB_direct_state_access
    GL_ARB_get_texture_sub_image
    GL_ARB_texture_filter_anisotropic
    GL_KHR_debug
    GL_KHR_parallel_shader_compile
    GL_NV_depth_buffer_float
Using driver workarounds:
    no-forward-compatible-core-context
    nv-egl-incorrect-gl11-function-pointers
    no-layout-qualifiers-on-old-glsl
    nv-zero-context-profile-mask
    nv-implementation-color-read-format-dsa-broken
    nv-cubemap-inconsistent-compressed-image-size
    nv-cubemap-broken-full-compressed-image-query
    nv-compressed-block-size-in-bits
[18:31:19:909589]:[Warning]:[Scene] SemanticScene.h(331)::checkFileExists : ::loadSemanticSceneDescriptor: File `data/scene_datasets/habitat-test-scenes/skokloster-castle.scn` does not exist.  Aborting load.
[18:31:19:909605]:[Warning]:[Scene] SemanticScene.cpp(123)::loadSemanticSceneDescriptor : SSD File Naming Issue! Neither SemanticAttributes-provided name : `data/scene_datasets/habitat-test-scenes/skokloster-castle.scn` nor constructed filename : `data/scene_datasets/habitat-test-scenes/info_semantic.json` exist on disk.
[18:31:19:909610]:[Error]:[Scene] SemanticScene.cpp(139)::loadSemanticSceneDescriptor : SSD Load Failure! File with SemanticAttributes-provided name `data/scene_datasets/habitat-test-scenes/skokloster-castle.scn` exists but failed to load.
[18:31:20:527410]:[Warning]:[Sim] Simulator.cpp(595)::instanceStageForSceneAttributes : The active scene does not contain semantic annotations : activeSemanticSceneID_ = 0
2026-08-11 18:31:22,581 update: 5390	fps: 492.350	
2026-08-11 18:31:22,581 Num updates: 5390	Num frames 862400
2026-08-11 18:31:22,581 Average window size: 50  distance_to_goal: 0.141  distance_to_goal_reward: 0.000  reward: 3.813  spl: 0.801  success: 0.916
2026-08-11 18:31:22,581 	Perf Stats: trainer.rollout_collect: 0.287 trainer.sample_action: 0.003 trainer.obs_insert: 0.000 trainer.step_env: 0.005 trainer.update_stats: 0.001 trainer.update_agent: 0.035
2026-08-11 18:31:25,797 update: 5400	fps: 492.359	
2026-08-11 18:31:25,797 Num updates: 5400	Num frames 864000
2026-08-11 18:31:25,797 Average window size: 50  distance_to_goal: 0.179  distance_to_goal_reward: 0.000  reward: 3.865  spl: 0.804  success: 0.917
2026-08-11 18:31:25,797 	Perf Stats: trainer.rollout_collect: 0.287 trainer.sample_action: 0.003 trainer.obs_insert: 0.000 trainer.step_env: 0.005 trainer.update_stats: 0.001 trainer.update_agent: 0.035
2026-08-11 18:31:28,906 update: 5410	fps: 492.399	
2026-08-11 18:31:28,906 Num updates: 5410	Num frames 865600
2026-08-11 18:31:28,906 Average window size: 50  distance_to_goal: 0.179  distance_to_goal_reward: 0.000  reward: 3.966  spl: 0.807  success: 0.919
2026-08-11 18:31:28,906 	Perf Stats: trainer.rollout_collect: 0.287 trainer.sample_action: 0.003 trainer.obs_insert: 0.000 trainer.step_env: 0.005 trainer.update_stats: 0.001 trainer.update_agent: 0.035
2026-08-11 18:31:31,996 update: 5420	fps: 492.443	
2026-08-11 18:31:31,996 Num updates: 5420	Num frames 867200
2026-08-11 18:31:31,996 Average window size: 50  distance_to_goal: 0.250  distance_to_goal_reward: 0.000  reward: 3.948  spl: 0.806  success: 0.918
2026-08-11 18:31:31,996 	Perf Stats: trainer.rollout_collect: 0.287 trainer.sample_action: 0.003 trainer.obs_insert: 0.000 trainer.step_env: 0.005 trainer.update_stats: 0.001 trainer.update_agent: 0.035
2026-08-11 18:31:35,096 update: 5430	fps: 492.485	
2026-08-11 18:31:35,096 Num updates: 5430	Num frames 868800
2026-08-11 18:31:35,096 Average window size: 50  distance_to_goal: 0.307  distance_to_goal_reward: 0.000  reward: 4.207  spl: 0.812  success: 0.928
2026-08-11 18:31:35,096 	Perf Stats: trainer.rollout_collect: 0.287 trainer.sample_action: 0.003 trainer.obs_insert: 0.000 trainer.step_env: 0.005 trainer.update_stats: 0.001 trainer.update_agent: 0.035
PluginManager::Manager: duplicate static plugin StbImageImporter, ignoring
PluginManager::Manager: duplicate static plugin GltfImporter, ignoring
PluginManager::Manager: duplicate static plugin BasisImporter, ignoring
PluginManager::Manager: duplicate static plugin AssimpImporter, ignoring
PluginManager::Manager: duplicate static plugin AnySceneImporter, ignoring
PluginManager::Manager: duplicate static plugin AnyImageImporter, ignoring
Renderer: NVIDIA GeForce RTX 4070/PCIe/SSE2 by NVIDIA Corporation
OpenGL version: 4.6.0 NVIDIA 580.173.02
Using optional features:
    GL_ARB_vertex_array_object
    GL_ARB_separate_shader_objects
    GL_ARB_robustness
    GL_ARB_texture_storage
    GL_ARB_texture_view
    GL_ARB_framebuffer_no_attachments
    GL_ARB_invalidate_subdata
    GL_ARB_texture_storage_multisample
    GL_ARB_multi_bind
    GL_ARB_direct_state_access
    GL_ARB_get_texture_sub_image
    GL_ARB_texture_filter_anisotropic
    GL_KHR_debug
    GL_KHR_parallel_shader_compile
    GL_NV_depth_buffer_float
Using driver workarounds:
    no-forward-compatible-core-context
    nv-egl-incorrect-gl11-function-pointers
    no-layout-qualifiers-on-old-glsl
    nv-zero-context-profile-mask
    nv-implementation-color-read-format-dsa-broken
    nv-cubemap-inconsistent-compressed-image-size
    nv-cubemap-broken-full-compressed-image-query
    nv-compressed-block-size-in-bits
[18:31:37:992966]:[Warning]:[Scene] SemanticScene.h(331)::checkFileExists : ::loadSemanticSceneDescriptor: File `data/scene_datasets/habitat-test-scenes/skokloster-castle.scn` does not exist.  Aborting load.
[18:31:37:992982]:[Warning]:[Scene] SemanticScene.cpp(123)::loadSemanticSceneDescriptor : SSD File Naming Issue! Neither SemanticAttributes-provided name : `data/scene_datasets/habitat-test-scenes/skokloster-castle.scn` nor constructed filename : `data/scene_datasets/habitat-test-scenes/info_semantic.json` exist on disk.
[18:31:37:992987]:[Error]:[Scene] SemanticScene.cpp(139)::loadSemanticSceneDescriptor : SSD Load Failure! File with SemanticAttributes-provided name `data/scene_datasets/habitat-test-scenes/skokloster-castle.scn` exists but failed to load.
[18:31:38:602287]:[Warning]:[Sim] Simulator.cpp(595)::instanceStageForSceneAttributes : The active scene does not contain semantic annotations : activeSemanticSceneID_ = 0
2026-08-11 18:31:38,817 update: 5440	fps: 492.353	
2026-08-11 18:31:38,817 Num updates: 5440	Num frames 870400
2026-08-11 18:31:38,817 Average window size: 50  distance_to_goal: 0.294  distance_to_goal_reward: 0.000  reward: 4.367  spl: 0.810  success: 0.931
2026-08-11 18:31:38,817 	Perf Stats: trainer.rollout_collect: 0.287 trainer.sample_action: 0.003 trainer.obs_insert: 0.000 trainer.step_env: 0.005 trainer.update_stats: 0.001 trainer.update_agent: 0.035
2026-08-11 18:31:41,949 update: 5450	fps: 492.386	
2026-08-11 18:31:41,949 Num updates: 5450	Num frames 872000
2026-08-11 18:31:41,949 Average window size: 50  distance_to_goal: 0.235  distance_to_goal_reward: 0.000  reward: 4.539  spl: 0.824  success: 0.940
2026-08-11 18:31:41,949 	Perf Stats: trainer.rollout_collect: 0.287 trainer.sample_action: 0.003 trainer.obs_insert: 0.000 trainer.step_env: 0.005 trainer.update_stats: 0.001 trainer.update_agent: 0.035
2026-08-11 18:31:45,093 update: 5460	fps: 492.415	
2026-08-11 18:31:45,093 Num updates: 5460	Num frames 873600
2026-08-11 18:31:45,093 Average window size: 50  distance_to_goal: 0.334  distance_to_goal_reward: 0.000  reward: 4.638  spl: 0.825  success: 0.943
2026-08-11 18:31:45,093 	Perf Stats: trainer.rollout_collect: 0.287 trainer.sample_action: 0.003 trainer.obs_insert: 0.000 trainer.step_env: 0.005 trainer.update_stats: 0.001 trainer.update_agent: 0.035
2026-08-11 18:31:48,229 update: 5470	fps: 492.447	
2026-08-11 18:31:48,230 Num updates: 5470	Num frames 875200
2026-08-11 18:31:48,230 Average window size: 50  distance_to_goal: 0.293  distance_to_goal_reward: 0.000  reward: 4.903  spl: 0.848  success: 0.955
2026-08-11 18:31:48,230 	Perf Stats: trainer.rollout_collect: 0.287 trainer.sample_action: 0.003 trainer.obs_insert: 0.000 trainer.step_env: 0.005 trainer.update_stats: 0.001 trainer.update_agent: 0.035
2026-08-11 18:31:51,354 update: 5480	fps: 492.481	
2026-08-11 18:31:51,354 Num updates: 5480	Num frames 876800
2026-08-11 18:31:51,354 Average window size: 50  distance_to_goal: 0.333  distance_to_goal_reward: 0.000  reward: 4.831  spl: 0.839  success: 0.951
2026-08-11 18:31:51,354 	Perf Stats: trainer.rollout_collect: 0.287 trainer.sample_action: 0.003 trainer.obs_insert: 0.000 trainer.step_env: 0.005 trainer.update_stats: 0.001 trainer.update_agent: 0.035
2026-08-11 18:31:54,488 update: 5490	fps: 492.513	
2026-08-11 18:31:54,488 Num updates: 5490	Num frames 878400
2026-08-11 18:31:54,488 Average window size: 50  distance_to_goal: 0.339  distance_to_goal_reward: 0.000  reward: 5.059  spl: 0.850  success: 0.949
2026-08-11 18:31:54,489 	Perf Stats: trainer.rollout_collect: 0.287 trainer.sample_action: 0.003 trainer.obs_insert: 0.000 trainer.step_env: 0.005 trainer.update_stats: 0.001 trainer.update_agent: 0.035
2026-08-11 18:31:57,743 update: 5500	fps: 492.511	
2026-08-11 18:31:57,743 Num updates: 5500	Num frames 880000
2026-08-11 18:31:57,743 Average window size: 50  distance_to_goal: 0.385  distance_to_goal_reward: 0.000  reward: 5.000  spl: 0.818  success: 0.921
2026-08-11 18:31:57,744 	Perf Stats: trainer.rollout_collect: 0.287 trainer.sample_action: 0.003 trainer.obs_insert: 0.000 trainer.step_env: 0.005 trainer.update_stats: 0.001 trainer.update_agent: 0.035
2026-08-11 18:32:00,880 update: 5510	fps: 492.542	
2026-08-11 18:32:00,880 Num updates: 5510	Num frames 881600
2026-08-11 18:32:00,880 Average window size: 50  distance_to_goal: 0.346  distance_to_goal_reward: 0.000  reward: 5.202  spl: 0.807  success: 0.910
2026-08-11 18:32:00,880 	Perf Stats: trainer.rollout_collect: 0.287 trainer.sample_action: 0.003 trainer.obs_insert: 0.000 trainer.step_env: 0.005 trainer.update_stats: 0.001 trainer.update_agent: 0.035
2026-08-11 18:32:04,030 update: 5520	fps: 492.569	
2026-08-11 18:32:04,030 Num updates: 5520	Num frames 883200
2026-08-11 18:32:04,030 Average window size: 50  distance_to_goal: 0.331  distance_to_goal_reward: 0.000  reward: 5.209  spl: 0.798  success: 0.910
2026-08-11 18:32:04,030 	Perf Stats: trainer.rollout_collect: 0.287 trainer.sample_action: 0.003 trainer.obs_insert: 0.000 trainer.step_env: 0.005 trainer.update_stats: 0.001 trainer.update_agent: 0.035
2026-08-11 18:32:07,142 update: 5530	fps: 492.606	
2026-08-11 18:32:07,142 Num updates: 5530	Num frames 884800
2026-08-11 18:32:07,142 Average window size: 50  distance_to_goal: 0.335  distance_to_goal_reward: 0.000  reward: 5.145  spl: 0.788  success: 0.896
2026-08-11 18:32:07,142 	Perf Stats: trainer.rollout_collect: 0.287 trainer.sample_action: 0.003 trainer.obs_insert: 0.000 trainer.step_env: 0.005 trainer.update_stats: 0.001 trainer.update_agent: 0.035
2026-08-11 18:32:10,292 update: 5540	fps: 492.633	
2026-08-11 18:32:10,292 Num updates: 5540	Num frames 886400
2026-08-11 18:32:10,292 Average window size: 50  distance_to_goal: 0.392  distance_to_goal_reward: 0.000  reward: 4.830  spl: 0.766  success: 0.875
2026-08-11 18:32:10,292 	Perf Stats: trainer.rollout_collect: 0.287 trainer.sample_action: 0.003 trainer.obs_insert: 0.000 trainer.step_env: 0.005 trainer.update_stats: 0.001 trainer.update_agent: 0.035
2026-08-11 18:32:13,443 update: 5550	fps: 492.660	
2026-08-11 18:32:13,443 Num updates: 5550	Num frames 888000
2026-08-11 18:32:13,443 Average window size: 50  distance_to_goal: 0.400  distance_to_goal_reward: 0.000  reward: 4.991  spl: 0.785  success: 0.894
2026-08-11 18:32:13,443 	Perf Stats: trainer.rollout_collect: 0.287 trainer.sample_action: 0.003 trainer.obs_insert: 0.000 trainer.step_env: 0.005 trainer.update_stats: 0.001 trainer.update_agent: 0.035
2026-08-11 18:32:16,566 update: 5560	fps: 492.693	
2026-08-11 18:32:16,566 Num updates: 5560	Num frames 889600
2026-08-11 18:32:16,566 Average window size: 50  distance_to_goal: 0.487  distance_to_goal_reward: 0.000  reward: 4.579  spl: 0.770  success: 0.879
2026-08-11 18:32:16,566 	Perf Stats: trainer.rollout_collect: 0.287 trainer.sample_action: 0.003 trainer.obs_insert: 0.000 trainer.step_env: 0.005 trainer.update_stats: 0.001 trainer.update_agent: 0.035
2026-08-11 18:32:19,693 update: 5570	fps: 492.726	
2026-08-11 18:32:19,693 Num updates: 5570	Num frames 891200
2026-08-11 18:32:19,693 Average window size: 50  distance_to_goal: 0.619  distance_to_goal_reward: 0.000  reward: 4.761  spl: 0.769  success: 0.874
2026-08-11 18:32:19,693 	Perf Stats: trainer.rollout_collect: 0.287 trainer.sample_action: 0.003 trainer.obs_insert: 0.000 trainer.step_env: 0.005 trainer.update_stats: 0.001 trainer.update_agent: 0.035
2026-08-11 18:32:22,809 update: 5580	fps: 492.762	
2026-08-11 18:32:22,809 Num updates: 5580	Num frames 892800
2026-08-11 18:32:22,809 Average window size: 50  distance_to_goal: 0.529  distance_to_goal_reward: 0.000  reward: 4.835  spl: 0.770  success: 0.874
2026-08-11 18:32:22,809 	Perf Stats: trainer.rollout_collect: 0.287 trainer.sample_action: 0.003 trainer.obs_insert: 0.000 trainer.step_env: 0.005 trainer.update_stats: 0.001 trainer.update_agent: 0.035
PluginManager::Manager: duplicate static plugin StbImageImporter, ignoring
PluginManager::Manager: duplicate static plugin GltfImporter, ignoring
PluginManager::Manager: duplicate static plugin BasisImporter, ignoring
PluginManager::Manager: duplicate static plugin AssimpImporter, ignoring
PluginManager::Manager: duplicate static plugin AnySceneImporter, ignoring
PluginManager::Manager: duplicate static plugin AnyImageImporter, ignoring
Renderer: NVIDIA GeForce RTX 4070/PCIe/SSE2 by NVIDIA Corporation
OpenGL version: 4.6.0 NVIDIA 580.173.02
Using optional features:
    GL_ARB_vertex_array_object
    GL_ARB_separate_shader_objects
    GL_ARB_robustness
    GL_ARB_texture_storage
    GL_ARB_texture_view
    GL_ARB_framebuffer_no_attachments
    GL_ARB_invalidate_subdata
    GL_ARB_texture_storage_multisample
    GL_ARB_multi_bind
    GL_ARB_direct_state_access
    GL_ARB_get_texture_sub_image
    GL_ARB_texture_filter_anisotropic
    GL_KHR_debug
    GL_KHR_parallel_shader_compile
    GL_NV_depth_buffer_float
Using driver workarounds:
    no-forward-compatible-core-context
    nv-egl-incorrect-gl11-function-pointers
    no-layout-qualifiers-on-old-glsl
    nv-zero-context-profile-mask
    nv-implementation-color-read-format-dsa-broken
    nv-cubemap-inconsistent-compressed-image-size
    nv-cubemap-broken-full-compressed-image-query
    nv-compressed-block-size-in-bits
[18:32:23:388312]:[Warning]:[Scene] SemanticScene.h(331)::checkFileExists : ::loadSemanticSceneDescriptor: File `data/scene_datasets/habitat-test-scenes/skokloster-castle.scn` does not exist.  Aborting load.
[18:32:23:388328]:[Warning]:[Scene] SemanticScene.cpp(123)::loadSemanticSceneDescriptor : SSD File Naming Issue! Neither SemanticAttributes-provided name : `data/scene_datasets/habitat-test-scenes/skokloster-castle.scn` nor constructed filename : `data/scene_datasets/habitat-test-scenes/info_semantic.json` exist on disk.
[18:32:23:388333]:[Error]:[Scene] SemanticScene.cpp(139)::loadSemanticSceneDescriptor : SSD Load Failure! File with SemanticAttributes-provided name `data/scene_datasets/habitat-test-scenes/skokloster-castle.scn` exists but failed to load.
[18:32:23:992413]:[Warning]:[Sim] Simulator.cpp(595)::instanceStageForSceneAttributes : The active scene does not contain semantic annotations : activeSemanticSceneID_ = 0
2026-08-11 18:32:26,593 update: 5590	fps: 492.616	
2026-08-11 18:32:26,593 Num updates: 5590	Num frames 894400
2026-08-11 18:32:26,593 Average window size: 50  distance_to_goal: 0.461  distance_to_goal_reward: 0.000  reward: 5.130  spl: 0.782  success: 0.894
2026-08-11 18:32:26,593 	Perf Stats: trainer.rollout_collect: 0.287 trainer.sample_action: 0.003 trainer.obs_insert: 0.000 trainer.step_env: 0.005 trainer.update_stats: 0.001 trainer.update_agent: 0.035
2026-08-11 18:32:29,882 update: 5600	fps: 492.605	
2026-08-11 18:32:29,883 Num updates: 5600	Num frames 896000
2026-08-11 18:32:29,883 Average window size: 50  distance_to_goal: 0.758  distance_to_goal_reward: 0.000  reward: 4.876  spl: 0.760  success: 0.870
2026-08-11 18:32:29,883 	Perf Stats: trainer.rollout_collect: 0.287 trainer.sample_action: 0.003 trainer.obs_insert: 0.000 trainer.step_env: 0.005 trainer.update_stats: 0.001 trainer.update_agent: 0.035
2026-08-11 18:32:33,082 update: 5610	fps: 492.618	
2026-08-11 18:32:33,082 Num updates: 5610	Num frames 897600
2026-08-11 18:32:33,082 Average window size: 50  distance_to_goal: 0.748  distance_to_goal_reward: 0.000  reward: 5.458  spl: 0.744  success: 0.852
2026-08-11 18:32:33,082 	Perf Stats: trainer.rollout_collect: 0.287 trainer.sample_action: 0.003 trainer.obs_insert: 0.000 trainer.step_env: 0.005 trainer.update_stats: 0.001 trainer.update_agent: 0.035
2026-08-11 18:32:36,263 update: 5620	fps: 492.636	
2026-08-11 18:32:36,263 Num updates: 5620	Num frames 899200
2026-08-11 18:32:36,263 Average window size: 50  distance_to_goal: 0.602  distance_to_goal_reward: 0.000  reward: 5.788  spl: 0.758  success: 0.873
2026-08-11 18:32:36,264 	Perf Stats: trainer.rollout_collect: 0.287 trainer.sample_action: 0.003 trainer.obs_insert: 0.000 trainer.step_env: 0.005 trainer.update_stats: 0.001 trainer.update_agent: 0.035
2026-08-11 18:32:39,506 update: 5630	fps: 492.638	
2026-08-11 18:32:39,508 Num updates: 5630	Num frames 900800
2026-08-11 18:32:39,508 Average window size: 50  distance_to_goal: 0.876  distance_to_goal_reward: 0.000  reward: 5.865  spl: 0.738  success: 0.845
2026-08-11 18:32:39,508 	Perf Stats: trainer.rollout_collect: 0.287 trainer.sample_action: 0.003 trainer.obs_insert: 0.000 trainer.step_env: 0.005 trainer.update_stats: 0.001 trainer.update_agent: 0.035
PluginManager::Manager: duplicate static plugin StbImageImporter, ignoring
PluginManager::Manager: duplicate static plugin GltfImporter, ignoring
PluginManager::Manager: duplicate static plugin BasisImporter, ignoring
PluginManager::Manager: duplicate static plugin AssimpImporter, ignoring
PluginManager::Manager: duplicate static plugin AnySceneImporter, ignoring
PluginManager::Manager: duplicate static plugin AnyImageImporter, ignoring
Renderer: NVIDIA GeForce RTX 4070/PCIe/SSE2 by NVIDIA Corporation
OpenGL version: 4.6.0 NVIDIA 580.173.02
Using optional features:
    GL_ARB_vertex_array_object
    GL_ARB_separate_shader_objects
    GL_ARB_robustness
    GL_ARB_texture_storage
    GL_ARB_texture_view
    GL_ARB_framebuffer_no_attachments
    GL_ARB_invalidate_subdata
    GL_ARB_texture_storage_multisample
    GL_ARB_multi_bind
    GL_ARB_direct_state_access
    GL_ARB_get_texture_sub_image
    GL_ARB_texture_filter_anisotropic
    GL_KHR_debug
    GL_KHR_parallel_shader_compile
    GL_NV_depth_buffer_float
Using driver workarounds:
    no-forward-compatible-core-context
    nv-egl-incorrect-gl11-function-pointers
    no-layout-qualifiers-on-old-glsl
    nv-zero-context-profile-mask
    nv-implementation-color-read-format-dsa-broken
    nv-cubemap-inconsistent-compressed-image-size
    nv-cubemap-broken-full-compressed-image-query
    nv-compressed-block-size-in-bits
[18:32:40:703790]:[Warning]:[Scene] SemanticScene.h(331)::checkFileExists : ::loadSemanticSceneDescriptor: File `data/scene_datasets/habitat-test-scenes/van-gogh-room.scn` does not exist.  Aborting load.
[18:32:40:703806]:[Warning]:[Scene] SemanticScene.cpp(123)::loadSemanticSceneDescriptor : SSD File Naming Issue! Neither SemanticAttributes-provided name : `data/scene_datasets/habitat-test-scenes/van-gogh-room.scn` nor constructed filename : `data/scene_datasets/habitat-test-scenes/info_semantic.json` exist on disk.
[18:32:40:703811]:[Error]:[Scene] SemanticScene.cpp(139)::loadSemanticSceneDescriptor : SSD Load Failure! File with SemanticAttributes-provided name `data/scene_datasets/habitat-test-scenes/van-gogh-room.scn` exists but failed to load.
[18:32:41:143124]:[Warning]:[Sim] Simulator.cpp(595)::instanceStageForSceneAttributes : The active scene does not contain semantic annotations : activeSemanticSceneID_ = 0
PluginManager::Manager: duplicate static plugin StbImageImporter, ignoring
PluginManager::Manager: duplicate static plugin GltfImporter, ignoring
PluginManager::Manager: duplicate static plugin BasisImporter, ignoring
PluginManager::Manager: duplicate static plugin AssimpImporter, ignoring
PluginManager::Manager: duplicate static plugin AnySceneImporter, ignoring
PluginManager::Manager: duplicate static plugin AnyImageImporter, ignoring
Renderer: NVIDIA GeForce RTX 4070/PCIe/SSE2 by NVIDIA Corporation
OpenGL version: 4.6.0 NVIDIA 580.173.02
Using optional features:
    GL_ARB_vertex_array_object
    GL_ARB_separate_shader_objects
    GL_ARB_robustness
    GL_ARB_texture_storage
    GL_ARB_texture_view
    GL_ARB_framebuffer_no_attachments
    GL_ARB_invalidate_subdata
    GL_ARB_texture_storage_multisample
    GL_ARB_multi_bind
    GL_ARB_direct_state_access
    GL_ARB_get_texture_sub_image
    GL_ARB_texture_filter_anisotropic
    GL_KHR_debug
    GL_KHR_parallel_shader_compile
    GL_NV_depth_buffer_float
Using driver workarounds:
    no-forward-compatible-core-context
    nv-egl-incorrect-gl11-function-pointers
    no-layout-qualifiers-on-old-glsl
    nv-zero-context-profile-mask
    nv-implementation-color-read-format-dsa-broken
    nv-cubemap-inconsistent-compressed-image-size
    nv-cubemap-broken-full-compressed-image-query
    nv-compressed-block-size-in-bits
[18:32:41:521118]:[Warning]:[Scene] SemanticScene.h(331)::checkFileExists : ::loadSemanticSceneDescriptor: File `data/scene_datasets/habitat-test-scenes/skokloster-castle.scn` does not exist.  Aborting load.
[18:32:41:521134]:[Warning]:[Scene] SemanticScene.cpp(123)::loadSemanticSceneDescriptor : SSD File Naming Issue! Neither SemanticAttributes-provided name : `data/scene_datasets/habitat-test-scenes/skokloster-castle.scn` nor constructed filename : `data/scene_datasets/habitat-test-scenes/info_semantic.json` exist on disk.
[18:32:41:521139]:[Error]:[Scene] SemanticScene.cpp(139)::loadSemanticSceneDescriptor : SSD Load Failure! File with SemanticAttributes-provided name `data/scene_datasets/habitat-test-scenes/skokloster-castle.scn` exists but failed to load.
[18:32:42:147226]:[Warning]:[Sim] Simulator.cpp(595)::instanceStageForSceneAttributes : The active scene does not contain semantic annotations : activeSemanticSceneID_ = 0
2026-08-11 18:32:43,782 update: 5640	fps: 492.361	
2026-08-11 18:32:43,782 Num updates: 5640	Num frames 902400
2026-08-11 18:32:43,782 Average window size: 50  distance_to_goal: 0.632  distance_to_goal_reward: 0.000  reward: 6.104  spl: 0.758  success: 0.862
2026-08-11 18:32:43,782 	Perf Stats: trainer.rollout_collect: 0.287 trainer.sample_action: 0.003 trainer.obs_insert: 0.000 trainer.step_env: 0.005 trainer.update_stats: 0.001 trainer.update_agent: 0.035
2026-08-11 18:32:46,990 update: 5650	fps: 492.372	
2026-08-11 18:32:46,990 Num updates: 5650	Num frames 904000
2026-08-11 18:32:46,990 Average window size: 50  distance_to_goal: 0.525  distance_to_goal_reward: 0.000  reward: 6.055  spl: 0.742  success: 0.845
2026-08-11 18:32:46,990 	Perf Stats: trainer.rollout_collect: 0.287 trainer.sample_action: 0.003 trainer.obs_insert: 0.000 trainer.step_env: 0.005 trainer.update_stats: 0.001 trainer.update_agent: 0.035
2026-08-11 18:32:50,168 update: 5660	fps: 492.392	
2026-08-11 18:32:50,168 Num updates: 5660	Num frames 905600
2026-08-11 18:32:50,168 Average window size: 50  distance_to_goal: 0.521  distance_to_goal_reward: 0.000  reward: 5.525  spl: 0.736  success: 0.845
2026-08-11 18:32:50,168 	Perf Stats: trainer.rollout_collect: 0.287 trainer.sample_action: 0.003 trainer.obs_insert: 0.000 trainer.step_env: 0.005 trainer.update_stats: 0.001 trainer.update_agent: 0.035
PluginManager::Manager: duplicate static plugin StbImageImporter, ignoring
PluginManager::Manager: duplicate static plugin GltfImporter, ignoring
PluginManager::Manager: duplicate static plugin BasisImporter, ignoring
PluginManager::Manager: duplicate static plugin AssimpImporter, ignoring
PluginManager::Manager: duplicate static plugin AnySceneImporter, ignoring
PluginManager::Manager: duplicate static plugin AnyImageImporter, ignoring
Renderer: NVIDIA GeForce RTX 4070/PCIe/SSE2 by NVIDIA Corporation
OpenGL version: 4.6.0 NVIDIA 580.173.02
Using optional features:
    GL_ARB_vertex_array_object
    GL_ARB_separate_shader_objects
    GL_ARB_robustness
    GL_ARB_texture_storage
    GL_ARB_texture_view
    GL_ARB_framebuffer_no_attachments
    GL_ARB_invalidate_subdata
    GL_ARB_texture_storage_multisample
    GL_ARB_multi_bind
    GL_ARB_direct_state_access
    GL_ARB_get_texture_sub_image
    GL_ARB_texture_filter_anisotropic
    GL_KHR_debug
    GL_KHR_parallel_shader_compile
    GL_NV_depth_buffer_float
Using driver workarounds:
    no-forward-compatible-core-context
    nv-egl-incorrect-gl11-function-pointers
    no-layout-qualifiers-on-old-glsl
    nv-zero-context-profile-mask
    nv-implementation-color-read-format-dsa-broken
    nv-cubemap-inconsistent-compressed-image-size
    nv-cubemap-broken-full-compressed-image-query
    nv-compressed-block-size-in-bits
[18:32:52:397217]:[Warning]:[Scene] SemanticScene.h(331)::checkFileExists : ::loadSemanticSceneDescriptor: File `data/scene_datasets/habitat-test-scenes/van-gogh-room.scn` does not exist.  Aborting load.
[18:32:52:397232]:[Warning]:[Scene] SemanticScene.cpp(123)::loadSemanticSceneDescriptor : SSD File Naming Issue! Neither SemanticAttributes-provided name : `data/scene_datasets/habitat-test-scenes/van-gogh-room.scn` nor constructed filename : `data/scene_datasets/habitat-test-scenes/info_semantic.json` exist on disk.
[18:32:52:397237]:[Error]:[Scene] SemanticScene.cpp(139)::loadSemanticSceneDescriptor : SSD Load Failure! File with SemanticAttributes-provided name `data/scene_datasets/habitat-test-scenes/van-gogh-room.scn` exists but failed to load.
[18:32:52:846292]:[Warning]:[Sim] Simulator.cpp(595)::instanceStageForSceneAttributes : The active scene does not contain semantic annotations : activeSemanticSceneID_ = 0
2026-08-11 18:32:53,829 update: 5670	fps: 492.281	
2026-08-11 18:32:53,829 Num updates: 5670	Num frames 907200
2026-08-11 18:32:53,829 Average window size: 50  distance_to_goal: 0.802  distance_to_goal_reward: 0.000  reward: 4.709  spl: 0.688  success: 0.778
2026-08-11 18:32:53,829 	Perf Stats: trainer.rollout_collect: 0.287 trainer.sample_action: 0.003 trainer.obs_insert: 0.000 trainer.step_env: 0.005 trainer.update_stats: 0.001 trainer.update_agent: 0.035
2026-08-11 18:32:57,002 update: 5680	fps: 492.302	
2026-08-11 18:32:57,002 Num updates: 5680	Num frames 908800
2026-08-11 18:32:57,003 Average window size: 50  distance_to_goal: 0.649  distance_to_goal_reward: 0.000  reward: 4.374  spl: 0.745  success: 0.842
2026-08-11 18:32:57,003 	Perf Stats: trainer.rollout_collect: 0.287 trainer.sample_action: 0.003 trainer.obs_insert: 0.000 trainer.step_env: 0.005 trainer.update_stats: 0.001 trainer.update_agent: 0.035
2026-08-11 18:33:00,149 update: 5690	fps: 492.329	
2026-08-11 18:33:00,150 Num updates: 5690	Num frames 910400
2026-08-11 18:33:00,150 Average window size: 50  distance_to_goal: 0.665  distance_to_goal_reward: 0.001  reward: 4.188  spl: 0.736  success: 0.828
2026-08-11 18:33:00,150 	Perf Stats: trainer.rollout_collect: 0.287 trainer.sample_action: 0.003 trainer.obs_insert: 0.000 trainer.step_env: 0.005 trainer.update_stats: 0.001 trainer.update_agent: 0.035
PluginManager::Manager: duplicate static plugin StbImageImporter, ignoring
PluginManager::Manager: duplicate static plugin GltfImporter, ignoring
PluginManager::Manager: duplicate static plugin BasisImporter, ignoring
PluginManager::Manager: duplicate static plugin AssimpImporter, ignoring
PluginManager::Manager: duplicate static plugin AnySceneImporter, ignoring
PluginManager::Manager: duplicate static plugin AnyImageImporter, ignoring
Renderer: NVIDIA GeForce RTX 4070/PCIe/SSE2 by NVIDIA Corporation
OpenGL version: 4.6.0 NVIDIA 580.173.02
Using optional features:
    GL_ARB_vertex_array_object
    GL_ARB_separate_shader_objects
    GL_ARB_robustness
    GL_ARB_texture_storage
    GL_ARB_texture_view
    GL_ARB_framebuffer_no_attachments
    GL_ARB_invalidate_subdata
    GL_ARB_texture_storage_multisample
    GL_ARB_multi_bind
    GL_ARB_direct_state_access
    GL_ARB_get_texture_sub_image
    GL_ARB_texture_filter_anisotropic
    GL_KHR_debug
    GL_KHR_parallel_shader_compile
    GL_NV_depth_buffer_float
Using driver workarounds:
    no-forward-compatible-core-context
    nv-egl-incorrect-gl11-function-pointers
    no-layout-qualifiers-on-old-glsl
    nv-zero-context-profile-mask
    nv-implementation-color-read-format-dsa-broken
    nv-cubemap-inconsistent-compressed-image-size
    nv-cubemap-broken-full-compressed-image-query
    nv-compressed-block-size-in-bits
[18:33:01:434682]:[Warning]:[Scene] SemanticScene.h(331)::checkFileExists : ::loadSemanticSceneDescriptor: File `data/scene_datasets/habitat-test-scenes/van-gogh-room.scn` does not exist.  Aborting load.
[18:33:01:434698]:[Warning]:[Scene] SemanticScene.cpp(123)::loadSemanticSceneDescriptor : SSD File Naming Issue! Neither SemanticAttributes-provided name : `data/scene_datasets/habitat-test-scenes/van-gogh-room.scn` nor constructed filename : `data/scene_datasets/habitat-test-scenes/info_semantic.json` exist on disk.
[18:33:01:434703]:[Error]:[Scene] SemanticScene.cpp(139)::loadSemanticSceneDescriptor : SSD Load Failure! File with SemanticAttributes-provided name `data/scene_datasets/habitat-test-scenes/van-gogh-room.scn` exists but failed to load.
[18:33:01:871544]:[Warning]:[Sim] Simulator.cpp(595)::instanceStageForSceneAttributes : The active scene does not contain semantic annotations : activeSemanticSceneID_ = 0
2026-08-11 18:33:03,852 update: 5700	fps: 492.209	
2026-08-11 18:33:03,853 Num updates: 5700	Num frames 912000
2026-08-11 18:33:03,853 Average window size: 50  distance_to_goal: 0.687  distance_to_goal_reward: 0.001  reward: 3.985  spl: 0.761  success: 0.860
2026-08-11 18:33:03,853 	Perf Stats: trainer.rollout_collect: 0.287 trainer.sample_action: 0.003 trainer.obs_insert: 0.000 trainer.step_env: 0.005 trainer.update_stats: 0.001 trainer.update_agent: 0.035
2026-08-11 18:33:06,999 update: 5710	fps: 492.236	
2026-08-11 18:33:07,000 Num updates: 5710	Num frames 913600
2026-08-11 18:33:07,000 Average window size: 50  distance_to_goal: 0.565  distance_to_goal_reward: 0.001  reward: 3.953  spl: 0.769  success: 0.874
2026-08-11 18:33:07,000 	Perf Stats: trainer.rollout_collect: 0.287 trainer.sample_action: 0.003 trainer.obs_insert: 0.000 trainer.step_env: 0.005 trainer.update_stats: 0.001 trainer.update_agent: 0.035
2026-08-11 18:33:10,144 update: 5720	fps: 492.265	
2026-08-11 18:33:10,144 Num updates: 5720	Num frames 915200
2026-08-11 18:33:10,144 Average window size: 50  distance_to_goal: 0.348  distance_to_goal_reward: 0.001  reward: 4.278  spl: 0.802  success: 0.917
2026-08-11 18:33:10,144 	Perf Stats: trainer.rollout_collect: 0.287 trainer.sample_action: 0.003 trainer.obs_insert: 0.000 trainer.step_env: 0.005 trainer.update_stats: 0.001 trainer.update_agent: 0.035
2026-08-11 18:33:13,296 update: 5730	fps: 492.291	
2026-08-11 18:33:13,296 Num updates: 5730	Num frames 916800
2026-08-11 18:33:13,296 Average window size: 50  distance_to_goal: 0.249  distance_to_goal_reward: 0.001  reward: 4.287  spl: 0.785  success: 0.903
2026-08-11 18:33:13,296 	Perf Stats: trainer.rollout_collect: 0.287 trainer.sample_action: 0.003 trainer.obs_insert: 0.000 trainer.step_env: 0.005 trainer.update_stats: 0.001 trainer.update_agent: 0.035
2026-08-11 18:33:16,439 update: 5740	fps: 492.319	
2026-08-11 18:33:16,439 Num updates: 5740	Num frames 918400
2026-08-11 18:33:16,439 Average window size: 50  distance_to_goal: 0.236  distance_to_goal_reward: 0.000  reward: 4.281  spl: 0.788  success: 0.909
2026-08-11 18:33:16,439 	Perf Stats: trainer.rollout_collect: 0.287 trainer.sample_action: 0.003 trainer.obs_insert: 0.000 trainer.step_env: 0.005 trainer.update_stats: 0.001 trainer.update_agent: 0.035
2026-08-11 18:33:19,586 update: 5750	fps: 492.346	
2026-08-11 18:33:19,586 Num updates: 5750	Num frames 920000
2026-08-11 18:33:19,586 Average window size: 50  distance_to_goal: 0.153  distance_to_goal_reward: 0.000  reward: 4.341  spl: 0.775  success: 0.902
2026-08-11 18:33:19,587 	Perf Stats: trainer.rollout_collect: 0.287 trainer.sample_action: 0.003 trainer.obs_insert: 0.000 trainer.step_env: 0.005 trainer.update_stats: 0.001 trainer.update_agent: 0.035
2026-08-11 18:33:22,735 update: 5760	fps: 492.372	
2026-08-11 18:33:22,735 Num updates: 5760	Num frames 921600
2026-08-11 18:33:22,735 Average window size: 50  distance_to_goal: 0.213  distance_to_goal_reward: 0.000  reward: 4.329  spl: 0.772  success: 0.897
2026-08-11 18:33:22,735 	Perf Stats: trainer.rollout_collect: 0.287 trainer.sample_action: 0.003 trainer.obs_insert: 0.000 trainer.step_env: 0.005 trainer.update_stats: 0.001 trainer.update_agent: 0.035
2026-08-11 18:33:25,907 update: 5770	fps: 492.393	
2026-08-11 18:33:25,907 Num updates: 5770	Num frames 923200
2026-08-11 18:33:25,907 Average window size: 50  distance_to_goal: 0.278  distance_to_goal_reward: 0.000  reward: 4.207  spl: 0.768  success: 0.892
2026-08-11 18:33:25,907 	Perf Stats: trainer.rollout_collect: 0.287 trainer.sample_action: 0.003 trainer.obs_insert: 0.000 trainer.step_env: 0.005 trainer.update_stats: 0.001 trainer.update_agent: 0.035
2026-08-11 18:33:29,055 update: 5780	fps: 492.419	
2026-08-11 18:33:29,055 Num updates: 5780	Num frames 924800
2026-08-11 18:33:29,055 Average window size: 50  distance_to_goal: 0.287  distance_to_goal_reward: 0.000  reward: 4.143  spl: 0.753  success: 0.872
2026-08-11 18:33:29,055 	Perf Stats: trainer.rollout_collect: 0.287 trainer.sample_action: 0.003 trainer.obs_insert: 0.000 trainer.step_env: 0.005 trainer.update_stats: 0.001 trainer.update_agent: 0.035
2026-08-11 18:33:32,219 update: 5790	fps: 492.442	
2026-08-11 18:33:32,219 Num updates: 5790	Num frames 926400
2026-08-11 18:33:32,219 Average window size: 50  distance_to_goal: 0.330  distance_to_goal_reward: 0.000  reward: 4.110  spl: 0.759  success: 0.873
2026-08-11 18:33:32,219 	Perf Stats: trainer.rollout_collect: 0.287 trainer.sample_action: 0.003 trainer.obs_insert: 0.000 trainer.step_env: 0.005 trainer.update_stats: 0.001 trainer.update_agent: 0.035
2026-08-11 18:33:35,479 update: 5800	fps: 492.439	
2026-08-11 18:33:35,479 Num updates: 5800	Num frames 928000
2026-08-11 18:33:35,479 Average window size: 50  distance_to_goal: 0.356  distance_to_goal_reward: 0.000  reward: 4.017  spl: 0.772  success: 0.878
2026-08-11 18:33:35,479 	Perf Stats: trainer.rollout_collect: 0.287 trainer.sample_action: 0.003 trainer.obs_insert: 0.000 trainer.step_env: 0.005 trainer.update_stats: 0.001 trainer.update_agent: 0.035
2026-08-11 18:33:38,640 update: 5810	fps: 492.462	
2026-08-11 18:33:38,640 Num updates: 5810	Num frames 929600
2026-08-11 18:33:38,640 Average window size: 50  distance_to_goal: 0.395  distance_to_goal_reward: 0.000  reward: 4.141  spl: 0.793  success: 0.898
2026-08-11 18:33:38,640 	Perf Stats: trainer.rollout_collect: 0.287 trainer.sample_action: 0.003 trainer.obs_insert: 0.000 trainer.step_env: 0.005 trainer.update_stats: 0.001 trainer.update_agent: 0.035
2026-08-11 18:33:41,783 update: 5820	fps: 492.489	
2026-08-11 18:33:41,783 Num updates: 5820	Num frames 931200
2026-08-11 18:33:41,783 Average window size: 50  distance_to_goal: 0.375  distance_to_goal_reward: 0.000  reward: 4.091  spl: 0.782  success: 0.888
2026-08-11 18:33:41,783 	Perf Stats: trainer.rollout_collect: 0.287 trainer.sample_action: 0.003 trainer.obs_insert: 0.000 trainer.step_env: 0.005 trainer.update_stats: 0.001 trainer.update_agent: 0.035
2026-08-11 18:33:44,927 update: 5830	fps: 492.517	
2026-08-11 18:33:44,927 Num updates: 5830	Num frames 932800
2026-08-11 18:33:44,927 Average window size: 50  distance_to_goal: 0.365  distance_to_goal_reward: 0.000  reward: 4.178  spl: 0.792  success: 0.903
2026-08-11 18:33:44,927 	Perf Stats: trainer.rollout_collect: 0.287 trainer.sample_action: 0.003 trainer.obs_insert: 0.000 trainer.step_env: 0.005 trainer.update_stats: 0.001 trainer.update_agent: 0.035
2026-08-11 18:33:48,098 update: 5840	fps: 492.537	
2026-08-11 18:33:48,098 Num updates: 5840	Num frames 934400
2026-08-11 18:33:48,098 Average window size: 50  distance_to_goal: 0.321  distance_to_goal_reward: 0.000  reward: 4.246  spl: 0.792  success: 0.906
2026-08-11 18:33:48,098 	Perf Stats: trainer.rollout_collect: 0.287 trainer.sample_action: 0.003 trainer.obs_insert: 0.000 trainer.step_env: 0.005 trainer.update_stats: 0.001 trainer.update_agent: 0.035
2026-08-11 18:33:51,263 update: 5850	fps: 492.559	
2026-08-11 18:33:51,263 Num updates: 5850	Num frames 936000
2026-08-11 18:33:51,263 Average window size: 50  distance_to_goal: 0.280  distance_to_goal_reward: 0.000  reward: 4.603  spl: 0.804  success: 0.913
2026-08-11 18:33:51,263 	Perf Stats: trainer.rollout_collect: 0.287 trainer.sample_action: 0.003 trainer.obs_insert: 0.000 trainer.step_env: 0.005 trainer.update_stats: 0.001 trainer.update_agent: 0.035
2026-08-11 18:33:54,412 update: 5860	fps: 492.584	
2026-08-11 18:33:54,413 Num updates: 5860	Num frames 937600
2026-08-11 18:33:54,413 Average window size: 50  distance_to_goal: 0.211  distance_to_goal_reward: 0.000  reward: 4.462  spl: 0.806  success: 0.916
2026-08-11 18:33:54,413 	Perf Stats: trainer.rollout_collect: 0.287 trainer.sample_action: 0.003 trainer.obs_insert: 0.000 trainer.step_env: 0.005 trainer.update_stats: 0.001 trainer.update_agent: 0.035
2026-08-11 18:33:57,564 update: 5870	fps: 492.609	
2026-08-11 18:33:57,564 Num updates: 5870	Num frames 939200
2026-08-11 18:33:57,565 Average window size: 50  distance_to_goal: 0.193  distance_to_goal_reward: 0.000  reward: 4.409  spl: 0.824  success: 0.934
2026-08-11 18:33:57,565 	Perf Stats: trainer.rollout_collect: 0.287 trainer.sample_action: 0.003 trainer.obs_insert: 0.000 trainer.step_env: 0.005 trainer.update_stats: 0.001 trainer.update_agent: 0.035
2026-08-11 18:34:00,724 update: 5880	fps: 492.632	
2026-08-11 18:34:00,724 Num updates: 5880	Num frames 940800
2026-08-11 18:34:00,724 Average window size: 50  distance_to_goal: 0.193  distance_to_goal_reward: 0.000  reward: 4.458  spl: 0.828  success: 0.941
2026-08-11 18:34:00,724 	Perf Stats: trainer.rollout_collect: 0.287 trainer.sample_action: 0.003 trainer.obs_insert: 0.000 trainer.step_env: 0.005 trainer.update_stats: 0.001 trainer.update_agent: 0.035
PluginManager::Manager: duplicate static plugin StbImageImporter, ignoring
PluginManager::Manager: duplicate static plugin GltfImporter, ignoring
PluginManager::Manager: duplicate static plugin BasisImporter, ignoring
PluginManager::Manager: duplicate static plugin AssimpImporter, ignoring
PluginManager::Manager: duplicate static plugin AnySceneImporter, ignoring
PluginManager::Manager: duplicate static plugin AnyImageImporter, ignoring
Renderer: NVIDIA GeForce RTX 4070/PCIe/SSE2 by NVIDIA Corporation
OpenGL version: 4.6.0 NVIDIA 580.173.02
Using optional features:
    GL_ARB_vertex_array_object
    GL_ARB_separate_shader_objects
    GL_ARB_robustness
    GL_ARB_texture_storage
    GL_ARB_texture_view
    GL_ARB_framebuffer_no_attachments
    GL_ARB_invalidate_subdata
    GL_ARB_texture_storage_multisample
    GL_ARB_multi_bind
    GL_ARB_direct_state_access
    GL_ARB_get_texture_sub_image
    GL_ARB_texture_filter_anisotropic
    GL_KHR_debug
    GL_KHR_parallel_shader_compile
    GL_NV_depth_buffer_float
Using driver workarounds:
    no-forward-compatible-core-context
    nv-egl-incorrect-gl11-function-pointers
    no-layout-qualifiers-on-old-glsl
    nv-zero-context-profile-mask
    nv-implementation-color-read-format-dsa-broken
    nv-cubemap-inconsistent-compressed-image-size
    nv-cubemap-broken-full-compressed-image-query
    nv-compressed-block-size-in-bits
[18:34:02:875661]:[Warning]:[Scene] SemanticScene.h(331)::checkFileExists : ::loadSemanticSceneDescriptor: File `data/scene_datasets/habitat-test-scenes/van-gogh-room.scn` does not exist.  Aborting load.
[18:34:02:875677]:[Warning]:[Scene] SemanticScene.cpp(123)::loadSemanticSceneDescriptor : SSD File Naming Issue! Neither SemanticAttributes-provided name : `data/scene_datasets/habitat-test-scenes/van-gogh-room.scn` nor constructed filename : `data/scene_datasets/habitat-test-scenes/info_semantic.json` exist on disk.
[18:34:02:875683]:[Error]:[Scene] SemanticScene.cpp(139)::loadSemanticSceneDescriptor : SSD Load Failure! File with SemanticAttributes-provided name `data/scene_datasets/habitat-test-scenes/van-gogh-room.scn` exists but failed to load.
[18:34:03:309844]:[Warning]:[Sim] Simulator.cpp(595)::instanceStageForSceneAttributes : The active scene does not contain semantic annotations : activeSemanticSceneID_ = 0
2026-08-11 18:34:04,308 update: 5890	fps: 492.545	
2026-08-11 18:34:04,308 Num updates: 5890	Num frames 942400
2026-08-11 18:34:04,308 Average window size: 50  distance_to_goal: 0.222  distance_to_goal_reward: 0.000  reward: 4.379  spl: 0.815  success: 0.928
2026-08-11 18:34:04,308 	Perf Stats: trainer.rollout_collect: 0.287 trainer.sample_action: 0.003 trainer.obs_insert: 0.000 trainer.step_env: 0.005 trainer.update_stats: 0.001 trainer.update_agent: 0.035
2026-08-11 18:34:07,493 update: 5900	fps: 492.561	
2026-08-11 18:34:07,493 Num updates: 5900	Num frames 944000
2026-08-11 18:34:07,493 Average window size: 50  distance_to_goal: 0.222  distance_to_goal_reward: 0.000  reward: 4.151  spl: 0.806  success: 0.930
2026-08-11 18:34:07,493 	Perf Stats: trainer.rollout_collect: 0.287 trainer.sample_action: 0.003 trainer.obs_insert: 0.000 trainer.step_env: 0.005 trainer.update_stats: 0.001 trainer.update_agent: 0.035
2026-08-11 18:34:10,593 update: 5910	fps: 492.600	
2026-08-11 18:34:10,593 Num updates: 5910	Num frames 945600
2026-08-11 18:34:10,593 Average window size: 50  distance_to_goal: 0.190  distance_to_goal_reward: 0.000  reward: 4.169  spl: 0.793  success: 0.910
2026-08-11 18:34:10,593 	Perf Stats: trainer.rollout_collect: 0.287 trainer.sample_action: 0.003 trainer.obs_insert: 0.000 trainer.step_env: 0.005 trainer.update_stats: 0.001 trainer.update_agent: 0.035
2026-08-11 18:34:13,716 update: 5920	fps: 492.631	
2026-08-11 18:34:13,717 Num updates: 5920	Num frames 947200
2026-08-11 18:34:13,717 Average window size: 50  distance_to_goal: 0.174  distance_to_goal_reward: 0.000  reward: 4.150  spl: 0.799  success: 0.919
2026-08-11 18:34:13,717 	Perf Stats: trainer.rollout_collect: 0.287 trainer.sample_action: 0.003 trainer.obs_insert: 0.000 trainer.step_env: 0.005 trainer.update_stats: 0.001 trainer.update_agent: 0.035
2026-08-11 18:34:16,826 update: 5930	fps: 492.667	
2026-08-11 18:34:16,827 Num updates: 5930	Num frames 948800
2026-08-11 18:34:16,827 Average window size: 50  distance_to_goal: 0.195  distance_to_goal_reward: 0.000  reward: 3.992  spl: 0.796  success: 0.908
2026-08-11 18:34:16,827 	Perf Stats: trainer.rollout_collect: 0.287 trainer.sample_action: 0.003 trainer.obs_insert: 0.000 trainer.step_env: 0.005 trainer.update_stats: 0.001 trainer.update_agent: 0.035
2026-08-11 18:34:19,937 update: 5940	fps: 492.702	
2026-08-11 18:34:19,937 Num updates: 5940	Num frames 950400
2026-08-11 18:34:19,937 Average window size: 50  distance_to_goal: 0.137  distance_to_goal_reward: 0.000  reward: 3.971  spl: 0.809  success: 0.924
2026-08-11 18:34:19,937 	Perf Stats: trainer.rollout_collect: 0.287 trainer.sample_action: 0.003 trainer.obs_insert: 0.000 trainer.step_env: 0.005 trainer.update_stats: 0.001 trainer.update_agent: 0.035
PluginManager::Manager: duplicate static plugin StbImageImporter, ignoring
PluginManager::Manager: duplicate static plugin GltfImporter, ignoring
PluginManager::Manager: duplicate static plugin BasisImporter, ignoring
PluginManager::Manager: duplicate static plugin AssimpImporter, ignoring
PluginManager::Manager: duplicate static plugin AnySceneImporter, ignoring
PluginManager::Manager: duplicate static plugin AnyImageImporter, ignoring
Renderer: NVIDIA GeForce RTX 4070/PCIe/SSE2 by NVIDIA Corporation
OpenGL version: 4.6.0 NVIDIA 580.173.02
Using optional features:
    GL_ARB_vertex_array_object
    GL_ARB_separate_shader_objects
    GL_ARB_robustness
    GL_ARB_texture_storage
    GL_ARB_texture_view
    GL_ARB_framebuffer_no_attachments
    GL_ARB_invalidate_subdata
    GL_ARB_texture_storage_multisample
    GL_ARB_multi_bind
    GL_ARB_direct_state_access
    GL_ARB_get_texture_sub_image
    GL_ARB_texture_filter_anisotropic
    GL_KHR_debug
    GL_KHR_parallel_shader_compile
    GL_NV_depth_buffer_float
Using driver workarounds:
    no-forward-compatible-core-context
    nv-egl-incorrect-gl11-function-pointers
    no-layout-qualifiers-on-old-glsl
    nv-zero-context-profile-mask
    nv-implementation-color-read-format-dsa-broken
    nv-cubemap-inconsistent-compressed-image-size
    nv-cubemap-broken-full-compressed-image-query
    nv-compressed-block-size-in-bits
[18:34:22:497034]:[Warning]:[Scene] SemanticScene.h(331)::checkFileExists : ::loadSemanticSceneDescriptor: File `data/scene_datasets/habitat-test-scenes/van-gogh-room.scn` does not exist.  Aborting load.
[18:34:22:497049]:[Warning]:[Scene] SemanticScene.cpp(123)::loadSemanticSceneDescriptor : SSD File Naming Issue! Neither SemanticAttributes-provided name : `data/scene_datasets/habitat-test-scenes/van-gogh-room.scn` nor constructed filename : `data/scene_datasets/habitat-test-scenes/info_semantic.json` exist on disk.
[18:34:22:497054]:[Error]:[Scene] SemanticScene.cpp(139)::loadSemanticSceneDescriptor : SSD Load Failure! File with SemanticAttributes-provided name `data/scene_datasets/habitat-test-scenes/van-gogh-room.scn` exists but failed to load.
[18:34:22:950431]:[Warning]:[Sim] Simulator.cpp(595)::instanceStageForSceneAttributes : The active scene does not contain semantic annotations : activeSemanticSceneID_ = 0
2026-08-11 18:34:23,521 update: 5950	fps: 492.616	
2026-08-11 18:34:23,522 Num updates: 5950	Num frames 952000
2026-08-11 18:34:23,522 Average window size: 50  distance_to_goal: 0.157  distance_to_goal_reward: 0.000  reward: 3.957  spl: 0.813  success: 0.921
2026-08-11 18:34:23,522 	Perf Stats: trainer.rollout_collect: 0.287 trainer.sample_action: 0.003 trainer.obs_insert: 0.000 trainer.step_env: 0.005 trainer.update_stats: 0.001 trainer.update_agent: 0.035
2026-08-11 18:34:26,566 update: 5960	fps: 492.667	
2026-08-11 18:34:26,567 Num updates: 5960	Num frames 953600
2026-08-11 18:34:26,567 Average window size: 50  distance_to_goal: 0.159  distance_to_goal_reward: 0.000  reward: 3.884  spl: 0.812  success: 0.919
2026-08-11 18:34:26,567 	Perf Stats: trainer.rollout_collect: 0.287 trainer.sample_action: 0.003 trainer.obs_insert: 0.000 trainer.step_env: 0.005 trainer.update_stats: 0.001 trainer.update_agent: 0.035
2026-08-11 18:34:29,608 update: 5970	fps: 492.720	
2026-08-11 18:34:29,608 Num updates: 5970	Num frames 955200
2026-08-11 18:34:29,608 Average window size: 50  distance_to_goal: 0.159  distance_to_goal_reward: 0.000  reward: 3.865  spl: 0.796  success: 0.908
2026-08-11 18:34:29,608 	Perf Stats: trainer.rollout_collect: 0.287 trainer.sample_action: 0.003 trainer.obs_insert: 0.000 trainer.step_env: 0.005 trainer.update_stats: 0.001 trainer.update_agent: 0.035
2026-08-11 18:34:32,630 update: 5980	fps: 492.777	
2026-08-11 18:34:32,630 Num updates: 5980	Num frames 956800
2026-08-11 18:34:32,630 Average window size: 50  distance_to_goal: 0.139  distance_to_goal_reward: 0.000  reward: 3.760  spl: 0.792  success: 0.905
2026-08-11 18:34:32,630 	Perf Stats: trainer.rollout_collect: 0.287 trainer.sample_action: 0.003 trainer.obs_insert: 0.000 trainer.step_env: 0.005 trainer.update_stats: 0.001 trainer.update_agent: 0.035
PluginManager::Manager: duplicate static plugin StbImageImporter, ignoring
PluginManager::Manager: duplicate static plugin GltfImporter, ignoring
PluginManager::Manager: duplicate static plugin BasisImporter, ignoring
PluginManager::Manager: duplicate static plugin AssimpImporter, ignoring
PluginManager::Manager: duplicate static plugin AnySceneImporter, ignoring
PluginManager::Manager: duplicate static plugin AnyImageImporter, ignoring
Renderer: NVIDIA GeForce RTX 4070/PCIe/SSE2 by NVIDIA Corporation
OpenGL version: 4.6.0 NVIDIA 580.173.02
Using optional features:
    GL_ARB_vertex_array_object
    GL_ARB_separate_shader_objects
    GL_ARB_robustness
    GL_ARB_texture_storage
    GL_ARB_texture_view
    GL_ARB_framebuffer_no_attachments
    GL_ARB_invalidate_subdata
    GL_ARB_texture_storage_multisample
    GL_ARB_multi_bind
    GL_ARB_direct_state_access
    GL_ARB_get_texture_sub_image
    GL_ARB_texture_filter_anisotropic
    GL_KHR_debug
    GL_KHR_parallel_shader_compile
    GL_NV_depth_buffer_float
Using driver workarounds:
    no-forward-compatible-core-context
    nv-egl-incorrect-gl11-function-pointers
    no-layout-qualifiers-on-old-glsl
    nv-zero-context-profile-mask
    nv-implementation-color-read-format-dsa-broken
    nv-cubemap-inconsistent-compressed-image-size
    nv-cubemap-broken-full-compressed-image-query
    nv-compressed-block-size-in-bits
[18:34:33:636156]:[Warning]:[Scene] SemanticScene.h(331)::checkFileExists : ::loadSemanticSceneDescriptor: File `data/scene_datasets/habitat-test-scenes/skokloster-castle.scn` does not exist.  Aborting load.
[18:34:33:636173]:[Warning]:[Scene] SemanticScene.cpp(123)::loadSemanticSceneDescriptor : SSD File Naming Issue! Neither SemanticAttributes-provided name : `data/scene_datasets/habitat-test-scenes/skokloster-castle.scn` nor constructed filename : `data/scene_datasets/habitat-test-scenes/info_semantic.json` exist on disk.
[18:34:33:636178]:[Error]:[Scene] SemanticScene.cpp(139)::loadSemanticSceneDescriptor : SSD Load Failure! File with SemanticAttributes-provided name `data/scene_datasets/habitat-test-scenes/skokloster-castle.scn` exists but failed to load.
[18:34:34:245617]:[Warning]:[Sim] Simulator.cpp(595)::instanceStageForSceneAttributes : The active scene does not contain semantic annotations : activeSemanticSceneID_ = 0
2026-08-11 18:34:36,334 update: 5990	fps: 492.661	
2026-08-11 18:34:36,334 Num updates: 5990	Num frames 958400
2026-08-11 18:34:36,335 Average window size: 50  distance_to_goal: 0.144  distance_to_goal_reward: 0.000  reward: 3.738  spl: 0.774  success: 0.885
2026-08-11 18:34:36,335 	Perf Stats: trainer.rollout_collect: 0.287 trainer.sample_action: 0.003 trainer.obs_insert: 0.000 trainer.step_env: 0.005 trainer.update_stats: 0.001 trainer.update_agent: 0.035
2026-08-11 18:34:39,507 update: 6000	fps: 492.680	
2026-08-11 18:34:39,507 Num updates: 6000	Num frames 960000
2026-08-11 18:34:39,507 Average window size: 50  distance_to_goal: 0.125  distance_to_goal_reward: 0.000  reward: 3.692  spl: 0.760  success: 0.874
2026-08-11 18:34:39,507 	Perf Stats: trainer.rollout_collect: 0.287 trainer.sample_action: 0.003 trainer.obs_insert: 0.000 trainer.step_env: 0.005 trainer.update_stats: 0.001 trainer.update_agent: 0.035
PluginManager::Manager: duplicate static plugin StbImageImporter, ignoring
PluginManager::Manager: duplicate static plugin GltfImporter, ignoring
PluginManager::Manager: duplicate static plugin BasisImporter, ignoring
PluginManager::Manager: duplicate static plugin AssimpImporter, ignoring
PluginManager::Manager: duplicate static plugin AnySceneImporter, ignoring
PluginManager::Manager: duplicate static plugin AnyImageImporter, ignoring
Renderer: NVIDIA GeForce RTX 4070/PCIe/SSE2 by NVIDIA Corporation
OpenGL version: 4.6.0 NVIDIA 580.173.02
Using optional features:
    GL_ARB_vertex_array_object
    GL_ARB_separate_shader_objects
    GL_ARB_robustness
    GL_ARB_texture_storage
    GL_ARB_texture_view
    GL_ARB_framebuffer_no_attachments
    GL_ARB_invalidate_subdata
    GL_ARB_texture_storage_multisample
    GL_ARB_multi_bind
    GL_ARB_direct_state_access
    GL_ARB_get_texture_sub_image
    GL_ARB_texture_filter_anisotropic
    GL_KHR_debug
    GL_KHR_parallel_shader_compile
    GL_NV_depth_buffer_float
Using driver workarounds:
    no-forward-compatible-core-context
    nv-egl-incorrect-gl11-function-pointers
    no-layout-qualifiers-on-old-glsl
    nv-zero-context-profile-mask
    nv-implementation-color-read-format-dsa-broken
    nv-cubemap-inconsistent-compressed-image-size
    nv-cubemap-broken-full-compressed-image-query
    nv-compressed-block-size-in-bits
[18:34:42:337139]:[Warning]:[Scene] SemanticScene.h(331)::checkFileExists : ::loadSemanticSceneDescriptor: File `data/scene_datasets/habitat-test-scenes/skokloster-castle.scn` does not exist.  Aborting load.
[18:34:42:337156]:[Warning]:[Scene] SemanticScene.cpp(123)::loadSemanticSceneDescriptor : SSD File Naming Issue! Neither SemanticAttributes-provided name : `data/scene_datasets/habitat-test-scenes/skokloster-castle.scn` nor constructed filename : `data/scene_datasets/habitat-test-scenes/info_semantic.json` exist on disk.
[18:34:42:337160]:[Error]:[Scene] SemanticScene.cpp(139)::loadSemanticSceneDescriptor : SSD Load Failure! File with SemanticAttributes-provided name `data/scene_datasets/habitat-test-scenes/skokloster-castle.scn` exists but failed to load.
[18:34:42:955761]:[Warning]:[Sim] Simulator.cpp(595)::instanceStageForSceneAttributes : The active scene does not contain semantic annotations : activeSemanticSceneID_ = 0
2026-08-11 18:34:43,229 update: 6010	fps: 492.563	
2026-08-11 18:34:43,229 Num updates: 6010	Num frames 961600
2026-08-11 18:34:43,229 Average window size: 50  distance_to_goal: 0.161  distance_to_goal_reward: 0.000  reward: 3.694  spl: 0.754  success: 0.876
2026-08-11 18:34:43,229 	Perf Stats: trainer.rollout_collect: 0.287 trainer.sample_action: 0.003 trainer.obs_insert: 0.000 trainer.step_env: 0.005 trainer.update_stats: 0.001 trainer.update_agent: 0.035
2026-08-11 18:34:46,354 update: 6020	fps: 492.591	
2026-08-11 18:34:46,354 Num updates: 6020	Num frames 963200
2026-08-11 18:34:46,354 Average window size: 50  distance_to_goal: 0.160  distance_to_goal_reward: 0.000  reward: 4.033  spl: 0.774  success: 0.891
2026-08-11 18:34:46,354 	Perf Stats: trainer.rollout_collect: 0.287 trainer.sample_action: 0.003 trainer.obs_insert: 0.000 trainer.step_env: 0.005 trainer.update_stats: 0.001 trainer.update_agent: 0.035
2026-08-11 18:34:49,417 update: 6030	fps: 492.638	
2026-08-11 18:34:49,418 Num updates: 6030	Num frames 964800
2026-08-11 18:34:49,418 Average window size: 50  distance_to_goal: 0.227  distance_to_goal_reward: 0.000  reward: 4.043  spl: 0.775  success: 0.892
2026-08-11 18:34:49,418 	Perf Stats: trainer.rollout_collect: 0.287 trainer.sample_action: 0.003 trainer.obs_insert: 0.000 trainer.step_env: 0.005 trainer.update_stats: 0.001 trainer.update_agent: 0.035
2026-08-11 18:34:52,476 update: 6040	fps: 492.685	
2026-08-11 18:34:52,477 Num updates: 6040	Num frames 966400
2026-08-11 18:34:52,477 Average window size: 50  distance_to_goal: 0.232  distance_to_goal_reward: 0.000  reward: 4.262  spl: 0.782  success: 0.907
2026-08-11 18:34:52,477 	Perf Stats: trainer.rollout_collect: 0.287 trainer.sample_action: 0.003 trainer.obs_insert: 0.000 trainer.step_env: 0.005 trainer.update_stats: 0.001 trainer.update_agent: 0.035
2026-08-11 18:34:55,602 update: 6050	fps: 492.716	
2026-08-11 18:34:55,602 Num updates: 6050	Num frames 968000
2026-08-11 18:34:55,602 Average window size: 50  distance_to_goal: 0.232  distance_to_goal_reward: 0.000  reward: 4.355  spl: 0.803  success: 0.923
2026-08-11 18:34:55,602 	Perf Stats: trainer.rollout_collect: 0.287 trainer.sample_action: 0.003 trainer.obs_insert: 0.000 trainer.step_env: 0.005 trainer.update_stats: 0.001 trainer.update_agent: 0.035
2026-08-11 18:34:58,712 update: 6060	fps: 492.750	
2026-08-11 18:34:58,712 Num updates: 6060	Num frames 969600
2026-08-11 18:34:58,712 Average window size: 50  distance_to_goal: 0.224  distance_to_goal_reward: 0.000  reward: 4.517  spl: 0.812  success: 0.927
2026-08-11 18:34:58,712 	Perf Stats: trainer.rollout_collect: 0.287 trainer.sample_action: 0.003 trainer.obs_insert: 0.000 trainer.step_env: 0.005 trainer.update_stats: 0.001 trainer.update_agent: 0.035
PluginManager::Manager: duplicate static plugin StbImageImporter, ignoring
PluginManager::Manager: duplicate static plugin GltfImporter, ignoring
PluginManager::Manager: duplicate static plugin BasisImporter, ignoring
PluginManager::Manager: duplicate static plugin AssimpImporter, ignoring
PluginManager::Manager: duplicate static plugin AnySceneImporter, ignoring
PluginManager::Manager: duplicate static plugin AnyImageImporter, ignoring
Renderer: NVIDIA GeForce RTX 4070/PCIe/SSE2 by NVIDIA Corporation
OpenGL version: 4.6.0 NVIDIA 580.173.02
Using optional features:
    GL_ARB_vertex_array_object
    GL_ARB_separate_shader_objects
    GL_ARB_robustness
    GL_ARB_texture_storage
    GL_ARB_texture_view
    GL_ARB_framebuffer_no_attachments
    GL_ARB_invalidate_subdata
    GL_ARB_texture_storage_multisample
    GL_ARB_multi_bind
    GL_ARB_direct_state_access
    GL_ARB_get_texture_sub_image
    GL_ARB_texture_filter_anisotropic
    GL_KHR_debug
    GL_KHR_parallel_shader_compile
    GL_NV_depth_buffer_float
Using driver workarounds:
    no-forward-compatible-core-context
    nv-egl-incorrect-gl11-function-pointers
    no-layout-qualifiers-on-old-glsl
    nv-zero-context-profile-mask
    nv-implementation-color-read-format-dsa-broken
    nv-cubemap-inconsistent-compressed-image-size
    nv-cubemap-broken-full-compressed-image-query
    nv-compressed-block-size-in-bits
[18:34:58:761916]:[Warning]:[Scene] SemanticScene.h(331)::checkFileExists : ::loadSemanticSceneDescriptor: File `data/scene_datasets/habitat-test-scenes/skokloster-castle.scn` does not exist.  Aborting load.
[18:34:58:761931]:[Warning]:[Scene] SemanticScene.cpp(123)::loadSemanticSceneDescriptor : SSD File Naming Issue! Neither SemanticAttributes-provided name : `data/scene_datasets/habitat-test-scenes/skokloster-castle.scn` nor constructed filename : `data/scene_datasets/habitat-test-scenes/info_semantic.json` exist on disk.
[18:34:58:761936]:[Error]:[Scene] SemanticScene.cpp(139)::loadSemanticSceneDescriptor : SSD Load Failure! File with SemanticAttributes-provided name `data/scene_datasets/habitat-test-scenes/skokloster-castle.scn` exists but failed to load.
[18:34:59:370751]:[Warning]:[Sim] Simulator.cpp(595)::instanceStageForSceneAttributes : The active scene does not contain semantic annotations : activeSemanticSceneID_ = 0
2026-08-11 18:35:02,484 update: 6070	fps: 492.619	
2026-08-11 18:35:02,484 Num updates: 6070	Num frames 971200
2026-08-11 18:35:02,484 Average window size: 50  distance_to_goal: 0.272  distance_to_goal_reward: -0.000  reward: 4.239  spl: 0.794  success: 0.909
2026-08-11 18:35:02,484 	Perf Stats: trainer.rollout_collect: 0.287 trainer.sample_action: 0.003 trainer.obs_insert: 0.000 trainer.step_env: 0.005 trainer.update_stats: 0.001 trainer.update_agent: 0.035
2026-08-11 18:35:05,629 update: 6080	fps: 492.645	
2026-08-11 18:35:05,629 Num updates: 6080	Num frames 972800
2026-08-11 18:35:05,629 Average window size: 50  distance_to_goal: 0.319  distance_to_goal_reward: -0.000  reward: 4.333  spl: 0.800  success: 0.911
2026-08-11 18:35:05,629 	Perf Stats: trainer.rollout_collect: 0.287 trainer.sample_action: 0.003 trainer.obs_insert: 0.000 trainer.step_env: 0.005 trainer.update_stats: 0.001 trainer.update_agent: 0.035
2026-08-11 18:35:08,757 update: 6090	fps: 492.675	
2026-08-11 18:35:08,757 Num updates: 6090	Num frames 974400
2026-08-11 18:35:08,757 Average window size: 50  distance_to_goal: 0.460  distance_to_goal_reward: -0.000  reward: 4.110  spl: 0.783  success: 0.889
2026-08-11 18:35:08,757 	Perf Stats: trainer.rollout_collect: 0.287 trainer.sample_action: 0.003 trainer.obs_insert: 0.000 trainer.step_env: 0.005 trainer.update_stats: 0.001 trainer.update_agent: 0.035
2026-08-11 18:35:11,997 update: 6100	fps: 492.679	
2026-08-11 18:35:11,997 Num updates: 6100	Num frames 976000
2026-08-11 18:35:11,997 Average window size: 50  distance_to_goal: 0.588  distance_to_goal_reward: -0.000  reward: 4.004  spl: 0.751  success: 0.858
2026-08-11 18:35:11,997 	Perf Stats: trainer.rollout_collect: 0.287 trainer.sample_action: 0.003 trainer.obs_insert: 0.000 trainer.step_env: 0.005 trainer.update_stats: 0.001 trainer.update_agent: 0.035
2026-08-11 18:35:15,137 update: 6110	fps: 492.703	
2026-08-11 18:35:15,137 Num updates: 6110	Num frames 977600
2026-08-11 18:35:15,138 Average window size: 50  distance_to_goal: 0.581  distance_to_goal_reward: -0.000  reward: 3.978  spl: 0.753  success: 0.859
2026-08-11 18:35:15,138 	Perf Stats: trainer.rollout_collect: 0.287 trainer.sample_action: 0.003 trainer.obs_insert: 0.000 trainer.step_env: 0.005 trainer.update_stats: 0.001 trainer.update_agent: 0.035
2026-08-11 18:35:18,285 update: 6120	fps: 492.728	
2026-08-11 18:35:18,285 Num updates: 6120	Num frames 979200
2026-08-11 18:35:18,285 Average window size: 50  distance_to_goal: 0.618  distance_to_goal_reward: 0.000  reward: 4.093  spl: 0.724  success: 0.833
2026-08-11 18:35:18,285 	Perf Stats: trainer.rollout_collect: 0.287 trainer.sample_action: 0.003 trainer.obs_insert: 0.000 trainer.step_env: 0.005 trainer.update_stats: 0.001 trainer.update_agent: 0.035
2026-08-11 18:35:21,437 update: 6130	fps: 492.751	
2026-08-11 18:35:21,437 Num updates: 6130	Num frames 980800
2026-08-11 18:35:21,437 Average window size: 50  distance_to_goal: 0.486  distance_to_goal_reward: 0.000  reward: 4.169  spl: 0.725  success: 0.848
2026-08-11 18:35:21,437 	Perf Stats: trainer.rollout_collect: 0.287 trainer.sample_action: 0.003 trainer.obs_insert: 0.000 trainer.step_env: 0.005 trainer.update_stats: 0.001 trainer.update_agent: 0.035
2026-08-11 18:35:24,589 update: 6140	fps: 492.775	
2026-08-11 18:35:24,589 Num updates: 6140	Num frames 982400
2026-08-11 18:35:24,589 Average window size: 50  distance_to_goal: 0.343  distance_to_goal_reward: 0.000  reward: 4.543  spl: 0.752  success: 0.870
2026-08-11 18:35:24,589 	Perf Stats: trainer.rollout_collect: 0.287 trainer.sample_action: 0.003 trainer.obs_insert: 0.000 trainer.step_env: 0.005 trainer.update_stats: 0.001 trainer.update_agent: 0.035
PluginManager::Manager: duplicate static plugin StbImageImporter, ignoring
PluginManager::Manager: duplicate static plugin GltfImporter, ignoring
PluginManager::Manager: duplicate static plugin BasisImporter, ignoring
PluginManager::Manager: duplicate static plugin AssimpImporter, ignoring
PluginManager::Manager: duplicate static plugin AnySceneImporter, ignoring
PluginManager::Manager: duplicate static plugin AnyImageImporter, ignoring
Renderer: NVIDIA GeForce RTX 4070/PCIe/SSE2 by NVIDIA Corporation
OpenGL version: 4.6.0 NVIDIA 580.173.02
Using optional features:
    GL_ARB_vertex_array_object
    GL_ARB_separate_shader_objects
    GL_ARB_robustness
    GL_ARB_texture_storage
    GL_ARB_texture_view
    GL_ARB_framebuffer_no_attachments
    GL_ARB_invalidate_subdata
    GL_ARB_texture_storage_multisample
    GL_ARB_multi_bind
    GL_ARB_direct_state_access
    GL_ARB_get_texture_sub_image
    GL_ARB_texture_filter_anisotropic
    GL_KHR_debug
    GL_KHR_parallel_shader_compile
    GL_NV_depth_buffer_float
Using driver workarounds:
    no-forward-compatible-core-context
    nv-egl-incorrect-gl11-function-pointers
    no-layout-qualifiers-on-old-glsl
    nv-zero-context-profile-mask
    nv-implementation-color-read-format-dsa-broken
    nv-cubemap-inconsistent-compressed-image-size
    nv-cubemap-broken-full-compressed-image-query
    nv-compressed-block-size-in-bits
[18:35:26:682150]:[Warning]:[Scene] SemanticScene.h(331)::checkFileExists : ::loadSemanticSceneDescriptor: File `data/scene_datasets/habitat-test-scenes/skokloster-castle.scn` does not exist.  Aborting load.
[18:35:26:682167]:[Warning]:[Scene] SemanticScene.cpp(123)::loadSemanticSceneDescriptor : SSD File Naming Issue! Neither SemanticAttributes-provided name : `data/scene_datasets/habitat-test-scenes/skokloster-castle.scn` nor constructed filename : `data/scene_datasets/habitat-test-scenes/info_semantic.json` exist on disk.
[18:35:26:682172]:[Error]:[Scene] SemanticScene.cpp(139)::loadSemanticSceneDescriptor : SSD Load Failure! File with SemanticAttributes-provided name `data/scene_datasets/habitat-test-scenes/skokloster-castle.scn` exists but failed to load.
[18:35:27:289449]:[Warning]:[Sim] Simulator.cpp(595)::instanceStageForSceneAttributes : The active scene does not contain semantic annotations : activeSemanticSceneID_ = 0
2026-08-11 18:35:28,371 update: 6150	fps: 492.643	
2026-08-11 18:35:28,371 Num updates: 6150	Num frames 984000
2026-08-11 18:35:28,371 Average window size: 50  distance_to_goal: 0.284  distance_to_goal_reward: 0.000  reward: 4.729  spl: 0.744  success: 0.858
2026-08-11 18:35:28,371 	Perf Stats: trainer.rollout_collect: 0.287 trainer.sample_action: 0.003 trainer.obs_insert: 0.000 trainer.step_env: 0.005 trainer.update_stats: 0.001 trainer.update_agent: 0.035
2026-08-11 18:35:31,539 update: 6160	fps: 492.663	
2026-08-11 18:35:31,539 Num updates: 6160	Num frames 985600
2026-08-11 18:35:31,539 Average window size: 50  distance_to_goal: 0.505  distance_to_goal_reward: 0.000  reward: 4.607  spl: 0.725  success: 0.843
2026-08-11 18:35:31,539 	Perf Stats: trainer.rollout_collect: 0.287 trainer.sample_action: 0.003 trainer.obs_insert: 0.000 trainer.step_env: 0.005 trainer.update_stats: 0.001 trainer.update_agent: 0.035
2026-08-11 18:35:34,739 update: 6170	fps: 492.674	
2026-08-11 18:35:34,739 Num updates: 6170	Num frames 987200
2026-08-11 18:35:34,739 Average window size: 50  distance_to_goal: 0.515  distance_to_goal_reward: 0.000  reward: 4.868  spl: 0.748  success: 0.862
2026-08-11 18:35:34,739 	Perf Stats: trainer.rollout_collect: 0.287 trainer.sample_action: 0.003 trainer.obs_insert: 0.000 trainer.step_env: 0.005 trainer.update_stats: 0.001 trainer.update_agent: 0.035
2026-08-11 18:35:37,939 update: 6180	fps: 492.686	
2026-08-11 18:35:37,939 Num updates: 6180	Num frames 988800
2026-08-11 18:35:37,939 Average window size: 50  distance_to_goal: 0.618  distance_to_goal_reward: 0.000  reward: 4.867  spl: 0.726  success: 0.838
2026-08-11 18:35:37,939 	Perf Stats: trainer.rollout_collect: 0.287 trainer.sample_action: 0.003 trainer.obs_insert: 0.000 trainer.step_env: 0.005 trainer.update_stats: 0.001 trainer.update_agent: 0.035
2026-08-11 18:35:41,122 update: 6190	fps: 492.702	
2026-08-11 18:35:41,123 Num updates: 6190	Num frames 990400
2026-08-11 18:35:41,123 Average window size: 50  distance_to_goal: 0.743  distance_to_goal_reward: 0.000  reward: 4.978  spl: 0.722  success: 0.845
2026-08-11 18:35:41,123 	Perf Stats: trainer.rollout_collect: 0.287 trainer.sample_action: 0.003 trainer.obs_insert: 0.000 trainer.step_env: 0.005 trainer.update_stats: 0.001 trainer.update_agent: 0.035
2026-08-11 18:35:44,416 update: 6200	fps: 492.690	
2026-08-11 18:35:44,416 Num updates: 6200	Num frames 992000
2026-08-11 18:35:44,416 Average window size: 50  distance_to_goal: 0.915  distance_to_goal_reward: 0.000  reward: 4.924  spl: 0.735  success: 0.868
2026-08-11 18:35:44,416 	Perf Stats: trainer.rollout_collect: 0.287 trainer.sample_action: 0.003 trainer.obs_insert: 0.000 trainer.step_env: 0.005 trainer.update_stats: 0.001 trainer.update_agent: 0.035
2026-08-11 18:35:47,596 update: 6210	fps: 492.707	
2026-08-11 18:35:47,596 Num updates: 6210	Num frames 993600
2026-08-11 18:35:47,596 Average window size: 50  distance_to_goal: 0.567  distance_to_goal_reward: 0.000  reward: 5.466  spl: 0.757  success: 0.886
2026-08-11 18:35:47,597 	Perf Stats: trainer.rollout_collect: 0.287 trainer.sample_action: 0.003 trainer.obs_insert: 0.000 trainer.step_env: 0.005 trainer.update_stats: 0.001 trainer.update_agent: 0.035
2026-08-11 18:35:50,778 update: 6220	fps: 492.723	
2026-08-11 18:35:50,778 Num updates: 6220	Num frames 995200
2026-08-11 18:35:50,778 Average window size: 50  distance_to_goal: 0.783  distance_to_goal_reward: 0.001  reward: 4.901  spl: 0.731  success: 0.867
2026-08-11 18:35:50,778 	Perf Stats: trainer.rollout_collect: 0.287 trainer.sample_action: 0.003 trainer.obs_insert: 0.000 trainer.step_env: 0.005 trainer.update_stats: 0.001 trainer.update_agent: 0.035
2026-08-11 18:35:53,968 update: 6230	fps: 492.737	
2026-08-11 18:35:53,968 Num updates: 6230	Num frames 996800
2026-08-11 18:35:53,968 Average window size: 50  distance_to_goal: 0.840  distance_to_goal_reward: 0.001  reward: 4.971  spl: 0.757  success: 0.893
2026-08-11 18:35:53,968 	Perf Stats: trainer.rollout_collect: 0.287 trainer.sample_action: 0.003 trainer.obs_insert: 0.000 trainer.step_env: 0.005 trainer.update_stats: 0.001 trainer.update_agent: 0.035
2026-08-11 18:35:57,165 update: 6240	fps: 492.749	
2026-08-11 18:35:57,165 Num updates: 6240	Num frames 998400
2026-08-11 18:35:57,165 Average window size: 50  distance_to_goal: 1.009  distance_to_goal_reward: 0.001  reward: 4.708  spl: 0.744  success: 0.873
2026-08-11 18:35:57,165 	Perf Stats: trainer.rollout_collect: 0.287 trainer.sample_action: 0.003 trainer.obs_insert: 0.000 trainer.step_env: 0.005 trainer.update_stats: 0.001 trainer.update_agent: 0.035
2026-08-11 18:36:00,352 update: 6250	fps: 492.763	
2026-08-11 18:36:00,353 Num updates: 6250	Num frames 1000000
2026-08-11 18:36:00,353 Average window size: 50  distance_to_goal: 0.794  distance_to_goal_reward: 0.001  reward: 5.537  spl: 0.778  success: 0.894
2026-08-11 18:36:00,353 	Perf Stats: trainer.rollout_collect: 0.287 trainer.sample_action: 0.003 trainer.obs_insert: 0.000 trainer.step_env: 0.005 trainer.update_stats: 0.001 trainer.update_agent: 0.035
