Gym has been unmaintained since 2022 and does not support NumPy 2.0 amongst other critical functionality.
Please upgrade to Gymnasium, the maintained drop-in replacement of Gym, or contact the authors of your software and request that they upgrade.
See the migration guide at https://gymnasium.farama.org/introduction/migration_guide/ for additional information.
PluginManager::Manager: duplicate static plugin StbImageImporter, ignoring
PluginManager::Manager: duplicate static plugin GltfImporter, ignoring
PluginManager::Manager: duplicate static plugin BasisImporter, ignoring
PluginManager::Manager: duplicate static plugin AssimpImporter, ignoring
PluginManager::Manager: duplicate static plugin AnySceneImporter, ignoring
PluginManager::Manager: duplicate static plugin AnyImageImporter, ignoring
2026-08-11 18:36:53,413 config: habitat:
  seed: 200
  env_task: DynamicSuccessRewardGymHabitatEnv
  env_task_gym_dependencies: []
  env_task_gym_id: ''
  environment:
    max_episode_steps: 500
    max_episode_seconds: 10000000
    iterator_options:
      cycle: true
      shuffle: true
      group_by_scene: true
      num_episode_sample: -1
      max_scene_repeat_episodes: -1
      max_scene_repeat_steps: 10000
      step_repetition_range: 0.2
  simulator:
    type: Sim-v0
    forward_step_size: 0.25
    turn_angle: 10
    create_renderer: false
    requires_textures: true
    auto_sleep: false
    step_physics: true
    concur_render: false
    needs_markers: true
    update_articulated_agent: true
    scene: data/scene_datasets/habitat-test-scenes/van-gogh-room.glb
    scene_dataset: default
    additional_object_paths: []
    seed: ${habitat.seed}
    default_agent_id: 0
    debug_render: false
    debug_render_articulated_agent: false
    kinematic_mode: false
    should_setup_semantic_ids: true
    debug_render_goal: true
    robot_joint_start_noise: 0.0
    ctrl_freq: 120.0
    ac_freq_ratio: 4
    load_objs: true
    hold_thresh: 0.15
    grasp_impulse: 10000.0
    agents:
      main_agent:
        height: 1.5
        radius: 0.1
        max_climb: 0.2
        max_slope: 45.0
        grasp_managers: 1
        sim_sensors:
          rgb_sensor:
            type: HabitatSimRGBSensor
            height: 256
            width: 256
            position:
            - 0.0
            - 1.25
            - 0.0
            orientation:
            - 0.0
            - 0.0
            - 0.0
            hfov: 90
            sensor_subtype: PINHOLE
            noise_model: None
            noise_model_kwargs: {}
          depth_sensor:
            type: HabitatSimDepthSensor
            height: 256
            width: 256
            position:
            - 0.0
            - 1.25
            - 0.0
            orientation:
            - 0.0
            - 0.0
            - 0.0
            hfov: 90
            sensor_subtype: PINHOLE
            noise_model: None
            noise_model_kwargs: {}
            min_depth: 0.0
            max_depth: 10.0
            normalize_depth: true
        is_set_start_state: false
        start_position:
        - 0.0
        - 0.0
        - 0.0
        start_rotation:
        - 0.0
        - 0.0
        - 0.0
        - 1.0
        joint_start_noise: 0.1
        joint_that_can_control: null
        joint_start_override: null
        articulated_agent_urdf: null
        articulated_agent_type: null
        ik_arm_urdf: null
        motion_data_path: ''
        auto_update_sensor_transform: true
    agents_order:
    - main_agent
    default_agent_navmesh: true
    navmesh_include_static_objects: false
    habitat_sim_v0:
      gpu_device_id: 0
      gpu_gpu: false
      allow_sliding: true
      frustum_culling: true
      enable_physics: false
      enable_hbao: false
      physics_config_file: ./data/default.physics_config.json
      leave_context_with_background_renderer: false
      enable_gfx_replay_save: false
    ep_info: null
    object_ids_start: 100
    renderer:
      enable_batch_renderer: false
      composite_files: null
      classic_replay_renderer: false
  task:
    physics_target_sps: 60.0
    reward_measure: distance_to_goal_reward
    success_measure: spl
    success_reward: 2.5
    slack_reward: -0.01
    end_on_success: true
    type: Nav-v0
    lab_sensors:
      pointgoal_with_gps_compass_sensor:
        type: PointGoalWithGPSCompassSensor
        goal_format: POLAR
        dimensionality: 2
    measurements:
      distance_to_goal:
        type: DistanceToGoal
        distance_to: POINT
      success:
        type: Success
        success_distance: 0.2
      spl:
        type: SPL
      distance_to_goal_reward:
        type: DistanceToGoalReward
    rank0_env0_measure_names:
    - habitat_perf
    rank0_measure_names: []
    goal_sensor_uuid: pointgoal_with_gps_compass
    count_obj_collisions: true
    settle_steps: 5
    constraint_violation_ends_episode: true
    constraint_violation_drops_object: false
    force_regenerate: false
    should_save_to_cache: false
    object_in_hand_sample_prob: 0.167
    min_start_distance: 3.0
    render_target: true
    filter_colliding_states: true
    num_spawn_attempts: 200
    spawn_max_dist_to_obj: 2.0
    base_angle_noise: 0.523599
    spawn_max_dist_to_obj_delta: 0.02
    recep_place_shrink_factor: 0.8
    ee_sample_factor: 0.2
    ee_exclude_region: 0.0
    base_noise: 0.05
    spawn_region_scale: 0.2
    joint_max_impulse: -1.0
    desired_resting_position:
    - 0.5
    - 0.0
    - 1.0
    use_marker_t: true
    cache_robot_init: false
    success_state: 0.0
    should_enforce_target_within_reach: false
    task_spec_base_path: habitat/task/rearrange/pddl/
    task_spec: ''
    pddl_domain_def: replica_cad
    obj_succ_thresh: 0.3
    enable_safe_drop: false
    art_succ_thresh: 0.15
    robot_at_thresh: 2.0
    min_distance_start_agents: -1.0
    actions:
      stop:
        type: StopAction
      move_forward:
        type: MoveForwardAction
        tilt_angle: 15
      turn_left:
        type: TurnLeftAction
        tilt_angle: 15
      turn_right:
        type: TurnRightAction
        tilt_angle: 15
  dataset:
    type: PointNav-v1
    split: train
    scenes_dir: data/scene_datasets
    content_scenes:
    - '*'
    data_path: data/datasets/pointnav/habitat-test-scenes/v1/{split}/{split}.json.gz
    metadata: null
  gym:
    obs_keys: null
    action_keys: null
    achieved_goal_keys: []
    desired_goal_keys: []
habitat_baselines:
  evaluate: false
  trainer_name: ppo
  updater_name: PPO
  distrib_updater_name: DDPPO
  torch_gpu_id: 0
  tensorboard_dir: /home/furp/FURP-2026-AoyeZHANG-RL-Navigation-for-AMR/src/results/closeout_dsr/closeout_dsr_trainseed200_1m_env5/tb
  writer_type: tb
  video_dir: /home/furp/FURP-2026-AoyeZHANG-RL-Navigation-for-AMR/src/results/closeout_dsr/closeout_dsr_trainseed200_1m_env5/video
  video_fps: 10
  test_episode_count: 2
  eval_ckpt_path_dir: data/new_checkpoints
  num_environments: 5
  num_processes: -1
  rollout_storage_name: RolloutStorage
  checkpoint_folder: /home/furp/FURP-2026-AoyeZHANG-RL-Navigation-for-AMR/src/results/closeout_dsr/closeout_dsr_trainseed200_1m_env5/checkpoints
  num_updates: -1
  num_checkpoints: -1
  checkpoint_interval: 625
  total_num_steps: 1000000.0
  log_interval: 10
  log_file: train.log
  force_blind_policy: false
  verbose: true
  vector_env_factory:
    _target_: habitat_baselines.common.HabitatVectorEnvFactory
  evaluator:
    _target_: habitat_baselines.rl.ppo.habitat_evaluator.HabitatEvaluator
  eval_keys_to_include_in_name: []
  force_torch_single_threaded: true
  wb:
    project_name: ''
    entity: ''
    group: ''
    run_name: ''
  load_resume_state_config: true
  eval:
    split: val
    use_ckpt_config: true
    should_load_ckpt: true
    evals_per_ep: 1
    video_option:
    - disk
    - tensorboard
    extra_sim_sensors: {}
  profiling:
    capture_start_step: -1
    num_steps_to_capture: -1
  should_log_single_proc_infos: false
  on_save_ckpt_callback: null
  rl:
    agent:
      type: SingleAgentAccessMgr
      num_agent_types: 1
      num_active_agents_per_type:
      - 1
      num_pool_agents_per_type:
      - 1
      agent_sample_interval: 20
      force_partner_sample_idx: -1
      behavior_latent_dim: -1
      force_all_agents: false
      discrim_reward_weight: 1.0
      allow_self_play: false
      self_play_batched: false
      load_type1_pop_ckpts: null
    preemption:
      append_slurm_job_id: false
      save_resume_state_interval: 100
      save_state_batch_only: false
    policy:
      main_agent:
        name: PointNavResNetPolicy
        action_distribution_type: categorical
        action_dist:
          use_log_std: true
          use_softplus: false
          std_init: ???
          log_std_init: 0.0
          use_std_param: false
          clamp_std: true
          min_std: 1.0e-06
          max_std: 1
          min_log_std: -5
          max_log_std: 2
          action_activation: tanh
          scheduled_std: false
        obs_transforms: {}
        hierarchical_policy: ???
    ppo:
      clip_param: 0.1
      ppo_epoch: 1
      num_mini_batch: 1
      value_loss_coef: 0.5
      entropy_coef: 0.01
      lr: 0.00025
      eps: 1.0e-05
      max_grad_norm: 0.5
      num_steps: 32
      use_gae: true
      use_linear_lr_decay: true
      use_linear_clip_decay: true
      gamma: 0.99
      tau: 0.95
      reward_window_size: 50
      use_normalized_advantage: false
      hidden_size: 512
      entropy_target_factor: 0.0
      use_adaptive_entropy_pen: false
      use_clipped_value_loss: true
      use_double_buffered_sampler: false
    ddppo:
      sync_frac: 0.6
      distrib_backend: GLOO
      rnn_type: GRU
      num_recurrent_layers: 1
      backbone: resnet18
      pretrained_weights: data/ddppo-models/gibson-2plus-resnet50.pth
      pretrained: false
      pretrained_encoder: false
      train_encoder: true
      reset_critic: true
      force_distributed: false
    ver:
      variable_experience: true
      num_inference_workers: 2
      overlap_rollouts_and_learn: false
    auxiliary_losses: {}

2026-08-11 18:36:53,414 Initializing dataset PointNav-v1
2026-08-11 18:36:53,799 There are less scenes (2) than environments (5). Each environment will use all the scenes instead of using a subset.
Gym has been unmaintained since 2022 and does not support NumPy 2.0 amongst other critical functionality.
Please upgrade to Gymnasium, the maintained drop-in replacement of Gym, or contact the authors of your software and request that they upgrade.
See the migration guide at https://gymnasium.farama.org/introduction/migration_guide/ for additional information.
PluginManager::Manager: duplicate static plugin StbImageImporter, ignoring
PluginManager::Manager: duplicate static plugin GltfImporter, ignoring
PluginManager::Manager: duplicate static plugin BasisImporter, ignoring
PluginManager::Manager: duplicate static plugin AssimpImporter, ignoring
PluginManager::Manager: duplicate static plugin AnySceneImporter, ignoring
PluginManager::Manager: duplicate static plugin AnyImageImporter, ignoring
2026-08-11 18:36:56,024 Initializing dataset PointNav-v1
2026-08-11 18:36:56,027 Initializing dataset PointNav-v1
2026-08-11 18:36:56,035 Initializing dataset PointNav-v1
2026-08-11 18:36:56,038 Initializing dataset PointNav-v1
2026-08-11 18:36:56,039 Initializing dataset PointNav-v1
2026-08-11 18:36:56,270 initializing sim Sim-v0
PluginManager::Manager: duplicate static plugin StbImageImporter, ignoring
PluginManager::Manager: duplicate static plugin GltfImporter, ignoring
PluginManager::Manager: duplicate static plugin BasisImporter, ignoring
PluginManager::Manager: duplicate static plugin AssimpImporter, ignoring
PluginManager::Manager: duplicate static plugin AnySceneImporter, ignoring
PluginManager::Manager: duplicate static plugin AnyImageImporter, ignoring
2026-08-11 18:36:56,275 initializing sim Sim-v0
PluginManager::Manager: duplicate static plugin StbImageImporter, ignoring
PluginManager::Manager: duplicate static plugin GltfImporter, ignoring
PluginManager::Manager: duplicate static plugin BasisImporter, ignoring
PluginManager::Manager: duplicate static plugin AssimpImporter, ignoring
PluginManager::Manager: duplicate static plugin AnySceneImporter, ignoring
PluginManager::Manager: duplicate static plugin AnyImageImporter, ignoring
2026-08-11 18:36:56,283 initializing sim Sim-v0
2026-08-11 18:36:56,284 initializing sim Sim-v0
PluginManager::Manager: duplicate static plugin StbImageImporter, ignoring
PluginManager::Manager: duplicate static plugin GltfImporter, ignoring
PluginManager::Manager: duplicate static plugin BasisImporter, ignoring
PluginManager::Manager: duplicate static plugin AssimpImporter, ignoring
PluginManager::Manager: duplicate static plugin AnySceneImporter, ignoring
PluginManager::Manager: duplicate static plugin AnyImageImporter, ignoring
PluginManager::Manager: duplicate static plugin StbImageImporter, ignoring
PluginManager::Manager: duplicate static plugin GltfImporter, ignoring
PluginManager::Manager: duplicate static plugin BasisImporter, ignoring
PluginManager::Manager: duplicate static plugin AssimpImporter, ignoring
PluginManager::Manager: duplicate static plugin AnySceneImporter, ignoring
PluginManager::Manager: duplicate static plugin AnyImageImporter, ignoring
2026-08-11 18:36:56,289 initializing sim Sim-v0
PluginManager::Manager: duplicate static plugin StbImageImporter, ignoring
PluginManager::Manager: duplicate static plugin GltfImporter, ignoring
PluginManager::Manager: duplicate static plugin BasisImporter, ignoring
PluginManager::Manager: duplicate static plugin AssimpImporter, ignoring
PluginManager::Manager: duplicate static plugin AnySceneImporter, ignoring
PluginManager::Manager: duplicate static plugin AnyImageImporter, ignoring
Renderer: NVIDIA GeForce RTX 4070/PCIe/SSE2 by NVIDIA Corporation
OpenGL version: 4.6.0 NVIDIA 580.173.02
Using optional features:
    GL_ARB_vertex_array_object
    GL_ARB_separate_shader_objects
    GL_ARB_robustness
    GL_ARB_texture_storage
    GL_ARB_texture_view
    GL_ARB_framebuffer_no_attachments
    GL_ARB_invalidate_subdata
    GL_ARB_texture_storage_multisample
    GL_ARB_multi_bind
    GL_ARB_direct_state_access
    GL_ARB_get_texture_sub_image
    GL_ARB_texture_filter_anisotropic
    GL_KHR_debug
    GL_KHR_parallel_shader_compile
    GL_NV_depth_buffer_float
Using driver workarounds:
    no-forward-compatible-core-context
    nv-egl-incorrect-gl11-function-pointers
    no-layout-qualifiers-on-old-glsl
    nv-zero-context-profile-mask
    nv-implementation-color-read-format-dsa-broken
    nv-cubemap-inconsistent-compressed-image-size
    nv-cubemap-broken-full-compressed-image-query
    nv-compressed-block-size-in-bits
[18:36:56:498216]:[Warning]:[Metadata] SceneDatasetAttributes.cpp(107)::addNewSceneInstanceToDataset : Dataset : 'default' : Lighting Layout Attributes 'no_lights' specified in Scene Attributes but does not exist in dataset, so creating default.
[18:36:56:498286]:[Warning]:[Scene] SemanticScene.h(331)::checkFileExists : ::loadSemanticSceneDescriptor: File `data/scene_datasets/habitat-test-scenes/van-gogh-room.scn` does not exist.  Aborting load.
[18:36:56:498295]:[Warning]:[Scene] SemanticScene.cpp(123)::loadSemanticSceneDescriptor : SSD File Naming Issue! Neither SemanticAttributes-provided name : `data/scene_datasets/habitat-test-scenes/van-gogh-room.scn` nor constructed filename : `data/scene_datasets/habitat-test-scenes/info_semantic.json` exist on disk.
[18:36:56:498300]:[Error]:[Scene] SemanticScene.cpp(139)::loadSemanticSceneDescriptor : SSD Load Failure! File with SemanticAttributes-provided name `data/scene_datasets/habitat-test-scenes/van-gogh-room.scn` exists but failed to load.
Renderer: NVIDIA GeForce RTX 4070/PCIe/SSE2 by NVIDIA Corporation
OpenGL version: 4.6.0 NVIDIA 580.173.02
Using optional features:
    GL_ARB_vertex_array_object
    GL_ARB_separate_shader_objects
    GL_ARB_robustness
    GL_ARB_texture_storage
    GL_ARB_texture_view
    GL_ARB_framebuffer_no_attachments
    GL_ARB_invalidate_subdata
    GL_ARB_texture_storage_multisample
    GL_ARB_multi_bind
    GL_ARB_direct_state_access
    GL_ARB_get_texture_sub_image
    GL_ARB_texture_filter_anisotropic
    GL_KHR_debug
    GL_KHR_parallel_shader_compile
    GL_NV_depth_buffer_float
Using driver workarounds:
    no-forward-compatible-core-context
    nv-egl-incorrect-gl11-function-pointers
    no-layout-qualifiers-on-old-glsl
    nv-zero-context-profile-mask
    nv-implementation-color-read-format-dsa-broken
    nv-cubemap-inconsistent-compressed-image-size
    nv-cubemap-broken-full-compressed-image-query
    nv-compressed-block-size-in-bits
[18:36:56:515326]:[Warning]:[Metadata] SceneDatasetAttributes.cpp(107)::addNewSceneInstanceToDataset : Dataset : 'default' : Lighting Layout Attributes 'no_lights' specified in Scene Attributes but does not exist in dataset, so creating default.
[18:36:56:515465]:[Warning]:[Scene] SemanticScene.h(331)::checkFileExists : ::loadSemanticSceneDescriptor: File `data/scene_datasets/habitat-test-scenes/skokloster-castle.scn` does not exist.  Aborting load.
[18:36:56:515479]:[Warning]:[Scene] SemanticScene.cpp(123)::loadSemanticSceneDescriptor : SSD File Naming Issue! Neither SemanticAttributes-provided name : `data/scene_datasets/habitat-test-scenes/skokloster-castle.scn` nor constructed filename : `data/scene_datasets/habitat-test-scenes/info_semantic.json` exist on disk.
[18:36:56:515486]:[Error]:[Scene] SemanticScene.cpp(139)::loadSemanticSceneDescriptor : SSD Load Failure! File with SemanticAttributes-provided name `data/scene_datasets/habitat-test-scenes/skokloster-castle.scn` exists but failed to load.
Renderer: NVIDIA GeForce RTX 4070/PCIe/SSE2 by NVIDIA Corporation
OpenGL version: 4.6.0 NVIDIA 580.173.02
Using optional features:
    GL_ARB_vertex_array_object
    GL_ARB_separate_shader_objects
    GL_ARB_robustness
    GL_ARB_texture_storage
    GL_ARB_texture_view
    GL_ARB_framebuffer_no_attachments
    GL_ARB_invalidate_subdata
    GL_ARB_texture_storage_multisample
    GL_ARB_multi_bind
    GL_ARB_direct_state_access
    GL_ARB_get_texture_sub_image
    GL_ARB_texture_filter_anisotropic
    GL_KHR_debug
    GL_KHR_parallel_shader_compile
    GL_NV_depth_buffer_float
Using driver workarounds:
    no-forward-compatible-core-context
    nv-egl-incorrect-gl11-function-pointers
    no-layout-qualifiers-on-old-glsl
    nv-zero-context-profile-mask
    nv-implementation-color-read-format-dsa-broken
    nv-cubemap-inconsistent-compressed-image-size
    nv-cubemap-broken-full-compressed-image-query
    nv-compressed-block-size-in-bits
Renderer: NVIDIA GeForce RTX 4070/PCIe/SSE2 by NVIDIA Corporation
OpenGL version: 4.6.0 NVIDIA 580.173.02
Using optional features:
    GL_ARB_vertex_array_object
    GL_ARB_separate_shader_objects
    GL_ARB_robustness
    GL_ARB_texture_storage
    GL_ARB_texture_view
    GL_ARB_framebuffer_no_attachments
    GL_ARB_invalidate_subdata
    GL_ARB_texture_storage_multisample
    GL_ARB_multi_bind
    GL_ARB_direct_state_access
    GL_ARB_get_texture_sub_image
    GL_ARB_texture_filter_anisotropic
    GL_KHR_debug
    GL_KHR_parallel_shader_compile
    GL_NV_depth_buffer_float
Using driver workarounds:
    no-forward-compatible-core-context
    nv-egl-incorrect-gl11-function-pointers
    no-layout-qualifiers-on-old-glsl
    nv-zero-context-profile-mask
    nv-implementation-color-read-format-dsa-broken
    nv-cubemap-inconsistent-compressed-image-size
    nv-cubemap-broken-full-compressed-image-query
    nv-compressed-block-size-in-bits
[18:36:56:518253]:[Warning]:[Metadata] SceneDatasetAttributes.cpp(107)::addNewSceneInstanceToDataset : Dataset : 'default' : Lighting Layout Attributes 'no_lights' specified in Scene Attributes but does not exist in dataset, so creating default.
[18:36:56:518355]:[Warning]:[Scene] SemanticScene.h(331)::checkFileExists : ::loadSemanticSceneDescriptor: File `data/scene_datasets/habitat-test-scenes/skokloster-castle.scn` does not exist.  Aborting load.
[18:36:56:518365]:[Warning]:[Scene] SemanticScene.cpp(123)::loadSemanticSceneDescriptor : SSD File Naming Issue! Neither SemanticAttributes-provided name : `data/scene_datasets/habitat-test-scenes/skokloster-castle.scn` nor constructed filename : `data/scene_datasets/habitat-test-scenes/info_semantic.json` exist on disk.
[18:36:56:518370]:[Error]:[Scene] SemanticScene.cpp(139)::loadSemanticSceneDescriptor : SSD Load Failure! File with SemanticAttributes-provided name `data/scene_datasets/habitat-test-scenes/skokloster-castle.scn` exists but failed to load.
[18:36:56:518364]:[Warning]:[Metadata] SceneDatasetAttributes.cpp(107)::addNewSceneInstanceToDataset : Dataset : 'default' : Lighting Layout Attributes 'no_lights' specified in Scene Attributes but does not exist in dataset, so creating default.
[18:36:56:518431]:[Warning]:[Scene] SemanticScene.h(331)::checkFileExists : ::loadSemanticSceneDescriptor: File `data/scene_datasets/habitat-test-scenes/van-gogh-room.scn` does not exist.  Aborting load.
[18:36:56:518443]:[Warning]:[Scene] SemanticScene.cpp(123)::loadSemanticSceneDescriptor : SSD File Naming Issue! Neither SemanticAttributes-provided name : `data/scene_datasets/habitat-test-scenes/van-gogh-room.scn` nor constructed filename : `data/scene_datasets/habitat-test-scenes/info_semantic.json` exist on disk.
[18:36:56:518451]:[Error]:[Scene] SemanticScene.cpp(139)::loadSemanticSceneDescriptor : SSD Load Failure! File with SemanticAttributes-provided name `data/scene_datasets/habitat-test-scenes/van-gogh-room.scn` exists but failed to load.
Renderer: NVIDIA GeForce RTX 4070/PCIe/SSE2 by NVIDIA Corporation
OpenGL version: 4.6.0 NVIDIA 580.173.02
Using optional features:
    GL_ARB_vertex_array_object
    GL_ARB_separate_shader_objects
    GL_ARB_robustness
    GL_ARB_texture_storage
    GL_ARB_texture_view
    GL_ARB_framebuffer_no_attachments
    GL_ARB_invalidate_subdata
    GL_ARB_texture_storage_multisample
    GL_ARB_multi_bind
    GL_ARB_direct_state_access
    GL_ARB_get_texture_sub_image
    GL_ARB_texture_filter_anisotropic
    GL_KHR_debug
    GL_KHR_parallel_shader_compile
    GL_NV_depth_buffer_float
Using driver workarounds:
    no-forward-compatible-core-context
    nv-egl-incorrect-gl11-function-pointers
    no-layout-qualifiers-on-old-glsl
    nv-zero-context-profile-mask
    nv-implementation-color-read-format-dsa-broken
    nv-cubemap-inconsistent-compressed-image-size
    nv-cubemap-broken-full-compressed-image-query
    nv-compressed-block-size-in-bits
[18:36:56:522496]:[Warning]:[Metadata] SceneDatasetAttributes.cpp(107)::addNewSceneInstanceToDataset : Dataset : 'default' : Lighting Layout Attributes 'no_lights' specified in Scene Attributes but does not exist in dataset, so creating default.
[18:36:56:522577]:[Warning]:[Scene] SemanticScene.h(331)::checkFileExists : ::loadSemanticSceneDescriptor: File `data/scene_datasets/habitat-test-scenes/van-gogh-room.scn` does not exist.  Aborting load.
[18:36:56:522587]:[Warning]:[Scene] SemanticScene.cpp(123)::loadSemanticSceneDescriptor : SSD File Naming Issue! Neither SemanticAttributes-provided name : `data/scene_datasets/habitat-test-scenes/van-gogh-room.scn` nor constructed filename : `data/scene_datasets/habitat-test-scenes/info_semantic.json` exist on disk.
[18:36:56:522592]:[Error]:[Scene] SemanticScene.cpp(139)::loadSemanticSceneDescriptor : SSD Load Failure! File with SemanticAttributes-provided name `data/scene_datasets/habitat-test-scenes/van-gogh-room.scn` exists but failed to load.
[18:36:57:071579]:[Warning]:[Sim] Simulator.cpp(595)::instanceStageForSceneAttributes : The active scene does not contain semantic annotations : activeSemanticSceneID_ = 0
2026-08-11 18:36:57,073 Initializing task Nav-v0
[18:36:57:120370]:[Warning]:[Sim] Simulator.cpp(595)::instanceStageForSceneAttributes : The active scene does not contain semantic annotations : activeSemanticSceneID_ = 0
2026-08-11 18:36:57,122 Initializing task Nav-v0
[18:36:57:125818]:[Warning]:[Sim] Simulator.cpp(595)::instanceStageForSceneAttributes : The active scene does not contain semantic annotations : activeSemanticSceneID_ = 0
2026-08-11 18:36:57,127 Initializing task Nav-v0
[18:36:57:356984]:[Warning]:[Sim] Simulator.cpp(595)::instanceStageForSceneAttributes : [18:36:57:356983]:[Warning]:[Sim] Simulator.cpp(595)::instanceStageForSceneAttributes : The active scene does not contain semantic annotations : activeSemanticSceneID_ =The active scene does not contain semantic annotations : activeSemanticSceneID_ =  00

2026-08-11 18:36:57,359 Initializing task Nav-v0
2026-08-11 18:36:57,359 Initializing task Nav-v0
2026-08-11 18:36:57,796 Number of params to train: 5821797
2026-08-11 18:36:57,797 Agent number of parameters: 5821797
2026-08-11 18:37:02,016 update: 10	fps: 381.358	
2026-08-11 18:37:02,017 Num updates: 10	Num frames 1600
2026-08-11 18:37:02,017 Average window size: 10  distance_to_goal: 4.430  distance_to_goal_reward: 0.000  reward: -0.022  spl: 0.000  success: 0.000
2026-08-11 18:37:02,017 	Perf Stats: trainer.rollout_collect: 0.370 trainer.sample_action: 0.004 trainer.obs_insert: 0.000 trainer.step_env: 0.007 trainer.update_stats: 0.001 trainer.update_agent: 0.048
2026-08-11 18:37:05,800 update: 20	fps: 401.021	
2026-08-11 18:37:05,801 Num updates: 20	Num frames 3200
2026-08-11 18:37:05,801 Average window size: 20  distance_to_goal: 4.596  distance_to_goal_reward: 0.000  reward: -0.038  spl: 0.000  success: 0.000
2026-08-11 18:37:05,801 	Perf Stats: trainer.rollout_collect: 0.356 trainer.sample_action: 0.003 trainer.obs_insert: 0.000 trainer.step_env: 0.007 trainer.update_stats: 0.001 trainer.update_agent: 0.041
2026-08-11 18:37:09,593 update: 30	fps: 407.750	
2026-08-11 18:37:09,593 Num updates: 30	Num frames 4800
2026-08-11 18:37:09,593 Average window size: 30  distance_to_goal: 4.686  distance_to_goal_reward: 0.000  reward: -0.045  spl: 0.000  success: 0.000
2026-08-11 18:37:09,593 	Perf Stats: trainer.rollout_collect: 0.351 trainer.sample_action: 0.003 trainer.obs_insert: 0.000 trainer.step_env: 0.007 trainer.update_stats: 0.001 trainer.update_agent: 0.039
2026-08-11 18:37:13,340 update: 40	fps: 412.391	
2026-08-11 18:37:13,340 Num updates: 40	Num frames 6400
2026-08-11 18:37:13,340 Average window size: 40  distance_to_goal: 4.649  distance_to_goal_reward: 0.000  reward: -0.031  spl: 0.000  success: 0.000
2026-08-11 18:37:13,340 	Perf Stats: trainer.rollout_collect: 0.348 trainer.sample_action: 0.003 trainer.obs_insert: 0.000 trainer.step_env: 0.007 trainer.update_stats: 0.001 trainer.update_agent: 0.038
2026-08-11 18:37:17,100 update: 50	fps: 414.947	
2026-08-11 18:37:17,101 Num updates: 50	Num frames 8000
2026-08-11 18:37:17,101 Average window size: 50  distance_to_goal: 4.566  distance_to_goal_reward: 0.000  reward: -0.035  spl: 0.000  success: 0.000
2026-08-11 18:37:17,101 	Perf Stats: trainer.rollout_collect: 0.347 trainer.sample_action: 0.003 trainer.obs_insert: 0.000 trainer.step_env: 0.007 trainer.update_stats: 0.001 trainer.update_agent: 0.037
2026-08-11 18:37:20,911 update: 60	fps: 415.759	
2026-08-11 18:37:20,911 Num updates: 60	Num frames 9600
2026-08-11 18:37:20,911 Average window size: 50  distance_to_goal: 4.569  distance_to_goal_reward: 0.000  reward: -0.030  spl: 0.001  success: 0.001
2026-08-11 18:37:20,911 	Perf Stats: trainer.rollout_collect: 0.346 trainer.sample_action: 0.003 trainer.obs_insert: 0.000 trainer.step_env: 0.007 trainer.update_stats: 0.001 trainer.update_agent: 0.037
2026-08-11 18:37:24,675 update: 70	fps: 417.061	
2026-08-11 18:37:24,676 Num updates: 70	Num frames 11200
2026-08-11 18:37:24,676 Average window size: 50  distance_to_goal: 4.511  distance_to_goal_reward: 0.000  reward: -0.025  spl: 0.001  success: 0.001
2026-08-11 18:37:24,676 	Perf Stats: trainer.rollout_collect: 0.345 trainer.sample_action: 0.003 trainer.obs_insert: 0.000 trainer.step_env: 0.007 trainer.update_stats: 0.001 trainer.update_agent: 0.037
2026-08-11 18:37:28,465 update: 80	fps: 417.693	
2026-08-11 18:37:28,465 Num updates: 80	Num frames 12800
2026-08-11 18:37:28,466 Average window size: 50  distance_to_goal: 4.432  distance_to_goal_reward: 0.000  reward: -0.021  spl: 0.001  success: 0.001
2026-08-11 18:37:28,466 	Perf Stats: trainer.rollout_collect: 0.345 trainer.sample_action: 0.003 trainer.obs_insert: 0.000 trainer.step_env: 0.007 trainer.update_stats: 0.001 trainer.update_agent: 0.036
2026-08-11 18:37:32,316 update: 90	fps: 417.455	
2026-08-11 18:37:32,316 Num updates: 90	Num frames 14400
2026-08-11 18:37:32,316 Average window size: 50  distance_to_goal: 4.401  distance_to_goal_reward: 0.000  reward: -0.025  spl: 0.001  success: 0.001
2026-08-11 18:37:32,316 	Perf Stats: trainer.rollout_collect: 0.345 trainer.sample_action: 0.003 trainer.obs_insert: 0.000 trainer.step_env: 0.007 trainer.update_stats: 0.001 trainer.update_agent: 0.036
2026-08-11 18:37:36,266 update: 100	fps: 416.181	
2026-08-11 18:37:36,266 Num updates: 100	Num frames 16000
2026-08-11 18:37:36,266 Average window size: 50  distance_to_goal: 4.417  distance_to_goal_reward: 0.000  reward: -0.007  spl: 0.001  success: 0.001
2026-08-11 18:37:36,266 	Perf Stats: trainer.rollout_collect: 0.346 trainer.sample_action: 0.003 trainer.obs_insert: 0.000 trainer.step_env: 0.007 trainer.update_stats: 0.001 trainer.update_agent: 0.036
2026-08-11 18:37:39,895 update: 110	fps: 418.306	
2026-08-11 18:37:39,895 Num updates: 110	Num frames 17600
2026-08-11 18:37:39,895 Average window size: 50  distance_to_goal: 4.241  distance_to_goal_reward: 0.000  reward: -0.007  spl: 0.000  success: 0.001
2026-08-11 18:37:39,896 	Perf Stats: trainer.rollout_collect: 0.344 trainer.sample_action: 0.003 trainer.obs_insert: 0.000 trainer.step_env: 0.007 trainer.update_stats: 0.001 trainer.update_agent: 0.036
2026-08-11 18:37:43,509 update: 120	fps: 420.236	
2026-08-11 18:37:43,510 Num updates: 120	Num frames 19200
2026-08-11 18:37:43,510 Average window size: 50  distance_to_goal: 4.024  distance_to_goal_reward: 0.000  reward: 0.006  spl: 0.001  success: 0.001
2026-08-11 18:37:43,510 	Perf Stats: trainer.rollout_collect: 0.343 trainer.sample_action: 0.003 trainer.obs_insert: 0.000 trainer.step_env: 0.007 trainer.update_stats: 0.001 trainer.update_agent: 0.036
2026-08-11 18:37:47,214 update: 130	fps: 421.114	
2026-08-11 18:37:47,214 Num updates: 130	Num frames 20800
2026-08-11 18:37:47,214 Average window size: 50  distance_to_goal: 3.871  distance_to_goal_reward: 0.000  reward: 0.047  spl: 0.003  success: 0.003
2026-08-11 18:37:47,214 	Perf Stats: trainer.rollout_collect: 0.342 trainer.sample_action: 0.003 trainer.obs_insert: 0.000 trainer.step_env: 0.007 trainer.update_stats: 0.001 trainer.update_agent: 0.036
2026-08-11 18:37:50,781 update: 140	fps: 422.956	
2026-08-11 18:37:50,782 Num updates: 140	Num frames 22400
2026-08-11 18:37:50,782 Average window size: 50  distance_to_goal: 3.487  distance_to_goal_reward: 0.000  reward: 0.069  spl: 0.003  success: 0.003
2026-08-11 18:37:50,782 	Perf Stats: trainer.rollout_collect: 0.340 trainer.sample_action: 0.003 trainer.obs_insert: 0.000 trainer.step_env: 0.007 trainer.update_stats: 0.001 trainer.update_agent: 0.036
2026-08-11 18:37:54,299 update: 150	fps: 424.943	
2026-08-11 18:37:54,308 Num updates: 150	Num frames 24000
2026-08-11 18:37:54,308 Average window size: 50  distance_to_goal: 3.015  distance_to_goal_reward: 0.000  reward: 0.089  spl: 0.004  success: 0.004
2026-08-11 18:37:54,308 	Perf Stats: trainer.rollout_collect: 0.339 trainer.sample_action: 0.003 trainer.obs_insert: 0.000 trainer.step_env: 0.006 trainer.update_stats: 0.001 trainer.update_agent: 0.036
2026-08-11 18:37:57,684 update: 160	fps: 427.639	
2026-08-11 18:37:57,684 Num updates: 160	Num frames 25600
2026-08-11 18:37:57,685 Average window size: 50  distance_to_goal: 2.867  distance_to_goal_reward: 0.000  reward: 0.135  spl: 0.004  success: 0.004
2026-08-11 18:37:57,685 	Perf Stats: trainer.rollout_collect: 0.336 trainer.sample_action: 0.003 trainer.obs_insert: 0.000 trainer.step_env: 0.006 trainer.update_stats: 0.001 trainer.update_agent: 0.036
2026-08-11 18:38:01,217 update: 170	fps: 429.048	
2026-08-11 18:38:01,217 Num updates: 170	Num frames 27200
2026-08-11 18:38:01,217 Average window size: 50  distance_to_goal: 2.834  distance_to_goal_reward: 0.000  reward: 0.172  spl: 0.005  success: 0.005
2026-08-11 18:38:01,217 	Perf Stats: trainer.rollout_collect: 0.335 trainer.sample_action: 0.003 trainer.obs_insert: 0.000 trainer.step_env: 0.006 trainer.update_stats: 0.001 trainer.update_agent: 0.036
2026-08-11 18:38:04,749 update: 180	fps: 430.310	
2026-08-11 18:38:04,758 Num updates: 180	Num frames 28800
2026-08-11 18:38:04,758 Average window size: 50  distance_to_goal: 2.551  distance_to_goal_reward: 0.000  reward: 0.198  spl: 0.005  success: 0.006
2026-08-11 18:38:04,758 	Perf Stats: trainer.rollout_collect: 0.334 trainer.sample_action: 0.003 trainer.obs_insert: 0.000 trainer.step_env: 0.006 trainer.update_stats: 0.001 trainer.update_agent: 0.036
2026-08-11 18:38:08,148 update: 190	fps: 432.267	
2026-08-11 18:38:08,148 Num updates: 190	Num frames 30400
2026-08-11 18:38:08,148 Average window size: 50  distance_to_goal: 2.497  distance_to_goal_reward: 0.000  reward: 0.259  spl: 0.008  success: 0.009
2026-08-11 18:38:08,148 	Perf Stats: trainer.rollout_collect: 0.332 trainer.sample_action: 0.003 trainer.obs_insert: 0.000 trainer.step_env: 0.006 trainer.update_stats: 0.001 trainer.update_agent: 0.036
2026-08-11 18:38:11,675 update: 200	fps: 433.287	
2026-08-11 18:38:11,675 Num updates: 200	Num frames 32000
2026-08-11 18:38:11,675 Average window size: 50  distance_to_goal: 2.390  distance_to_goal_reward: 0.000  reward: 0.303  spl: 0.012  success: 0.012
2026-08-11 18:38:11,675 	Perf Stats: trainer.rollout_collect: 0.331 trainer.sample_action: 0.003 trainer.obs_insert: 0.000 trainer.step_env: 0.006 trainer.update_stats: 0.001 trainer.update_agent: 0.036
2026-08-11 18:38:15,154 update: 210	fps: 434.486	
2026-08-11 18:38:15,162 Num updates: 210	Num frames 33600
2026-08-11 18:38:15,162 Average window size: 50  distance_to_goal: 2.363  distance_to_goal_reward: 0.000  reward: 0.307  spl: 0.015  success: 0.015
2026-08-11 18:38:15,162 	Perf Stats: trainer.rollout_collect: 0.330 trainer.sample_action: 0.003 trainer.obs_insert: 0.000 trainer.step_env: 0.006 trainer.update_stats: 0.001 trainer.update_agent: 0.036
2026-08-11 18:38:18,598 update: 220	fps: 435.766	
2026-08-11 18:38:18,598 Num updates: 220	Num frames 35200
2026-08-11 18:38:18,598 Average window size: 50  distance_to_goal: 2.358  distance_to_goal_reward: 0.000  reward: 0.351  spl: 0.019  success: 0.020
2026-08-11 18:38:18,598 	Perf Stats: trainer.rollout_collect: 0.329 trainer.sample_action: 0.003 trainer.obs_insert: 0.000 trainer.step_env: 0.006 trainer.update_stats: 0.001 trainer.update_agent: 0.036
2026-08-11 18:38:22,022 update: 230	fps: 437.047	
2026-08-11 18:38:22,022 Num updates: 230	Num frames 36800
2026-08-11 18:38:22,023 Average window size: 50  distance_to_goal: 2.283  distance_to_goal_reward: 0.000  reward: 0.355  spl: 0.017  success: 0.018
2026-08-11 18:38:22,023 	Perf Stats: trainer.rollout_collect: 0.328 trainer.sample_action: 0.003 trainer.obs_insert: 0.000 trainer.step_env: 0.006 trainer.update_stats: 0.001 trainer.update_agent: 0.036
2026-08-11 18:38:25,414 update: 240	fps: 438.437	
2026-08-11 18:38:25,414 Num updates: 240	Num frames 38400
2026-08-11 18:38:25,414 Average window size: 50  distance_to_goal: 2.242  distance_to_goal_reward: 0.000  reward: 0.367  spl: 0.018  success: 0.020
2026-08-11 18:38:25,414 	Perf Stats: trainer.rollout_collect: 0.327 trainer.sample_action: 0.003 trainer.obs_insert: 0.000 trainer.step_env: 0.006 trainer.update_stats: 0.001 trainer.update_agent: 0.036
2026-08-11 18:38:28,866 update: 250	fps: 439.344	
2026-08-11 18:38:28,866 Num updates: 250	Num frames 40000
2026-08-11 18:38:28,866 Average window size: 50  distance_to_goal: 2.388  distance_to_goal_reward: 0.000  reward: 0.355  spl: 0.018  success: 0.019
2026-08-11 18:38:28,866 	Perf Stats: trainer.rollout_collect: 0.326 trainer.sample_action: 0.003 trainer.obs_insert: 0.000 trainer.step_env: 0.006 trainer.update_stats: 0.001 trainer.update_agent: 0.036
2026-08-11 18:38:32,223 update: 260	fps: 440.668	
2026-08-11 18:38:32,223 Num updates: 260	Num frames 41600
2026-08-11 18:38:32,223 Average window size: 50  distance_to_goal: 2.276  distance_to_goal_reward: 0.000  reward: 0.350  spl: 0.014  success: 0.015
2026-08-11 18:38:32,223 	Perf Stats: trainer.rollout_collect: 0.325 trainer.sample_action: 0.003 trainer.obs_insert: 0.000 trainer.step_env: 0.006 trainer.update_stats: 0.001 trainer.update_agent: 0.036
PluginManager::Manager: duplicate static plugin StbImageImporter, ignoring
PluginManager::Manager: duplicate static plugin GltfImporter, ignoring
PluginManager::Manager: duplicate static plugin BasisImporter, ignoring
PluginManager::Manager: duplicate static plugin AssimpImporter, ignoring
PluginManager::Manager: duplicate static plugin AnySceneImporter, ignoring
PluginManager::Manager: duplicate static plugin AnyImageImporter, ignoring
Renderer: NVIDIA GeForce RTX 4070/PCIe/SSE2 by NVIDIA Corporation
OpenGL version: 4.6.0 NVIDIA 580.173.02
Using optional features:
    GL_ARB_vertex_array_object
    GL_ARB_separate_shader_objects
    GL_ARB_robustness
    GL_ARB_texture_storage
    GL_ARB_texture_view
    GL_ARB_framebuffer_no_attachments
    GL_ARB_invalidate_subdata
    GL_ARB_texture_storage_multisample
    GL_ARB_multi_bind
    GL_ARB_direct_state_access
    GL_ARB_get_texture_sub_image
    GL_ARB_texture_filter_anisotropic
    GL_KHR_debug
    GL_KHR_parallel_shader_compile
    GL_NV_depth_buffer_float
Using driver workarounds:
    no-forward-compatible-core-context
    nv-egl-incorrect-gl11-function-pointers
    no-layout-qualifiers-on-old-glsl
    nv-zero-context-profile-mask
    nv-implementation-color-read-format-dsa-broken
    nv-cubemap-inconsistent-compressed-image-size
    nv-cubemap-broken-full-compressed-image-query
    nv-compressed-block-size-in-bits
[18:38:32:810689]:[Warning]:[Scene] SemanticScene.h(331)::checkFileExists : ::loadSemanticSceneDescriptor: File `data/scene_datasets/habitat-test-scenes/skokloster-castle.scn` does not exist.  Aborting load.
[18:38:32:810704]:[Warning]:[Scene] SemanticScene.cpp(123)::loadSemanticSceneDescriptor : SSD File Naming Issue! Neither SemanticAttributes-provided name : `data/scene_datasets/habitat-test-scenes/skokloster-castle.scn` nor constructed filename : `data/scene_datasets/habitat-test-scenes/info_semantic.json` exist on disk.
[18:38:32:810709]:[Error]:[Scene] SemanticScene.cpp(139)::loadSemanticSceneDescriptor : SSD Load Failure! File with SemanticAttributes-provided name `data/scene_datasets/habitat-test-scenes/skokloster-castle.scn` exists but failed to load.
[18:38:33:424782]:[Warning]:[Sim] Simulator.cpp(595)::instanceStageForSceneAttributes : The active scene does not contain semantic annotations : activeSemanticSceneID_ = 0
2026-08-11 18:38:36,156 update: 270	fps: 439.312	
2026-08-11 18:38:36,157 Num updates: 270	Num frames 43200
2026-08-11 18:38:36,157 Average window size: 50  distance_to_goal: 2.115  distance_to_goal_reward: 0.000  reward: 0.372  spl: 0.009  success: 0.010
2026-08-11 18:38:36,157 	Perf Stats: trainer.rollout_collect: 0.326 trainer.sample_action: 0.003 trainer.obs_insert: 0.000 trainer.step_env: 0.006 trainer.update_stats: 0.001 trainer.update_agent: 0.036
PluginManager::Manager: duplicate static plugin StbImageImporter, ignoring
PluginManager::Manager: duplicate static plugin GltfImporter, ignoring
PluginManager::Manager: duplicate static plugin BasisImporter, ignoring
PluginManager::Manager: duplicate static plugin AssimpImporter, ignoring
PluginManager::Manager: duplicate static plugin AnySceneImporter, ignoring
PluginManager::Manager: duplicate static plugin AnyImageImporter, ignoring
Renderer: NVIDIA GeForce RTX 4070/PCIe/SSE2 by NVIDIA Corporation
OpenGL version: 4.6.0 NVIDIA 580.173.02
Using optional features:
    GL_ARB_vertex_array_object
    GL_ARB_separate_shader_objects
    GL_ARB_robustness
    GL_ARB_texture_storage
    GL_ARB_texture_view
    GL_ARB_framebuffer_no_attachments
    GL_ARB_invalidate_subdata
    GL_ARB_texture_storage_multisample
    GL_ARB_multi_bind
    GL_ARB_direct_state_access
    GL_ARB_get_texture_sub_image
    GL_ARB_texture_filter_anisotropic
    GL_KHR_debug
    GL_KHR_parallel_shader_compile
    GL_NV_depth_buffer_float
Using driver workarounds:
    no-forward-compatible-core-context
    nv-egl-incorrect-gl11-function-pointers
    no-layout-qualifiers-on-old-glsl
    nv-zero-context-profile-mask
    nv-implementation-color-read-format-dsa-broken
    nv-cubemap-inconsistent-compressed-image-size
    nv-cubemap-broken-full-compressed-image-query
    nv-compressed-block-size-in-bits
[18:38:36:328867]:[Warning]:[Scene] SemanticScene.h(331)::checkFileExists : ::loadSemanticSceneDescriptor: File `data/scene_datasets/habitat-test-scenes/van-gogh-room.scn` does not exist.  Aborting load.
[18:38:36:328882]:[Warning]:[Scene] SemanticScene.cpp(123)::loadSemanticSceneDescriptor : SSD File Naming Issue! Neither SemanticAttributes-provided name : `data/scene_datasets/habitat-test-scenes/van-gogh-room.scn` nor constructed filename : `data/scene_datasets/habitat-test-scenes/info_semantic.json` exist on disk.
[18:38:36:328887]:[Error]:[Scene] SemanticScene.cpp(139)::loadSemanticSceneDescriptor : SSD Load Failure! File with SemanticAttributes-provided name `data/scene_datasets/habitat-test-scenes/van-gogh-room.scn` exists but failed to load.
[18:38:36:799685]:[Warning]:[Sim] Simulator.cpp(595)::instanceStageForSceneAttributes : The active scene does not contain semantic annotations : activeSemanticSceneID_ = 0
PluginManager::Manager: duplicate static plugin StbImageImporter, ignoring
PluginManager::Manager: duplicate static plugin GltfImporter, ignoring
PluginManager::Manager: duplicate static plugin BasisImporter, ignoring
PluginManager::Manager: duplicate static plugin AssimpImporter, ignoring
PluginManager::Manager: duplicate static plugin AnySceneImporter, ignoring
PluginManager::Manager: duplicate static plugin AnyImageImporter, ignoring
Renderer: NVIDIA GeForce RTX 4070/PCIe/SSE2 by NVIDIA Corporation
OpenGL version: 4.6.0 NVIDIA 580.173.02
Using optional features:
    GL_ARB_vertex_array_object
    GL_ARB_separate_shader_objects
    GL_ARB_robustness
    GL_ARB_texture_storage
    GL_ARB_texture_view
    GL_ARB_framebuffer_no_attachments
    GL_ARB_invalidate_subdata
    GL_ARB_texture_storage_multisample
    GL_ARB_multi_bind
    GL_ARB_direct_state_access
    GL_ARB_get_texture_sub_image
    GL_ARB_texture_filter_anisotropic
    GL_KHR_debug
    GL_KHR_parallel_shader_compile
    GL_NV_depth_buffer_float
Using driver workarounds:
    no-forward-compatible-core-context
    nv-egl-incorrect-gl11-function-pointers
    no-layout-qualifiers-on-old-glsl
    nv-zero-context-profile-mask
    nv-implementation-color-read-format-dsa-broken
    nv-cubemap-inconsistent-compressed-image-size
    nv-cubemap-broken-full-compressed-image-query
    nv-compressed-block-size-in-bits
[18:38:39:268078]:[Warning]:[Scene] SemanticScene.h(331)::checkFileExists : ::loadSemanticSceneDescriptor: File `data/scene_datasets/habitat-test-scenes/van-gogh-room.scn` does not exist.  Aborting load.
[18:38:39:268094]:[Warning]:[Scene] SemanticScene.cpp(123)::loadSemanticSceneDescriptor : SSD File Naming Issue! Neither SemanticAttributes-provided name : `data/scene_datasets/habitat-test-scenes/van-gogh-room.scn` nor constructed filename : `data/scene_datasets/habitat-test-scenes/info_semantic.json` exist on disk.
[18:38:39:268103]:[Error]:[Scene] SemanticScene.cpp(139)::loadSemanticSceneDescriptor : SSD Load Failure! File with SemanticAttributes-provided name `data/scene_datasets/habitat-test-scenes/van-gogh-room.scn` exists but failed to load.
[18:38:39:744594]:[Warning]:[Sim] Simulator.cpp(595)::instanceStageForSceneAttributes : The active scene does not contain semantic annotations : activeSemanticSceneID_ = 0
2026-08-11 18:38:40,409 update: 280	fps: 436.696	
2026-08-11 18:38:40,409 Num updates: 280	Num frames 44800
2026-08-11 18:38:40,409 Average window size: 50  distance_to_goal: 2.120  distance_to_goal_reward: 0.000  reward: 0.438  spl: 0.017  success: 0.019
2026-08-11 18:38:40,410 	Perf Stats: trainer.rollout_collect: 0.329 trainer.sample_action: 0.003 trainer.obs_insert: 0.000 trainer.step_env: 0.006 trainer.update_stats: 0.001 trainer.update_agent: 0.036
2026-08-11 18:38:43,757 update: 290	fps: 438.002	
2026-08-11 18:38:43,757 Num updates: 290	Num frames 46400
2026-08-11 18:38:43,757 Average window size: 50  distance_to_goal: 2.120  distance_to_goal_reward: 0.000  reward: 0.424  spl: 0.014  success: 0.015
2026-08-11 18:38:43,757 	Perf Stats: trainer.rollout_collect: 0.328 trainer.sample_action: 0.003 trainer.obs_insert: 0.000 trainer.step_env: 0.006 trainer.update_stats: 0.001 trainer.update_agent: 0.035
PluginManager::Manager: duplicate static plugin StbImageImporter, ignoring
PluginManager::Manager: duplicate static plugin GltfImporter, ignoring
PluginManager::Manager: duplicate static plugin BasisImporter, ignoring
PluginManager::Manager: duplicate static plugin AssimpImporter, ignoring
PluginManager::Manager: duplicate static plugin AnySceneImporter, ignoring
PluginManager::Manager: duplicate static plugin AnyImageImporter, ignoring
Renderer: NVIDIA GeForce RTX 4070/PCIe/SSE2 by NVIDIA Corporation
OpenGL version: 4.6.0 NVIDIA 580.173.02
Using optional features:
    GL_ARB_vertex_array_object
    GL_ARB_separate_shader_objects
    GL_ARB_robustness
    GL_ARB_texture_storage
    GL_ARB_texture_view
    GL_ARB_framebuffer_no_attachments
    GL_ARB_invalidate_subdata
    GL_ARB_texture_storage_multisample
    GL_ARB_multi_bind
    GL_ARB_direct_state_access
    GL_ARB_get_texture_sub_image
    GL_ARB_texture_filter_anisotropic
    GL_KHR_debug
    GL_KHR_parallel_shader_compile
    GL_NV_depth_buffer_float
Using driver workarounds:
    no-forward-compatible-core-context
    nv-egl-incorrect-gl11-function-pointers
    no-layout-qualifiers-on-old-glsl
    nv-zero-context-profile-mask
    nv-implementation-color-read-format-dsa-broken
    nv-cubemap-inconsistent-compressed-image-size
    nv-cubemap-broken-full-compressed-image-query
    nv-compressed-block-size-in-bits
[18:38:46:016103]:[Warning]:[Scene] SemanticScene.h(331)::checkFileExists : ::loadSemanticSceneDescriptor: File `data/scene_datasets/habitat-test-scenes/skokloster-castle.scn` does not exist.  Aborting load.
[18:38:46:016119]:[Warning]:[Scene] SemanticScene.cpp(123)::loadSemanticSceneDescriptor : SSD File Naming Issue! Neither SemanticAttributes-provided name : `data/scene_datasets/habitat-test-scenes/skokloster-castle.scn` nor constructed filename : `data/scene_datasets/habitat-test-scenes/info_semantic.json` exist on disk.
[18:38:46:016124]:[Error]:[Scene] SemanticScene.cpp(139)::loadSemanticSceneDescriptor : SSD Load Failure! File with SemanticAttributes-provided name `data/scene_datasets/habitat-test-scenes/skokloster-castle.scn` exists but failed to load.
[18:38:46:631229]:[Warning]:[Sim] Simulator.cpp(595)::instanceStageForSceneAttributes : The active scene does not contain semantic annotations : activeSemanticSceneID_ = 0
2026-08-11 18:38:47,822 update: 300	fps: 436.361	
2026-08-11 18:38:47,822 Num updates: 300	Num frames 48000
2026-08-11 18:38:47,822 Average window size: 50  distance_to_goal: 1.968  distance_to_goal_reward: 0.000  reward: 0.503  spl: 0.023  success: 0.025
2026-08-11 18:38:47,822 	Perf Stats: trainer.rollout_collect: 0.329 trainer.sample_action: 0.003 trainer.obs_insert: 0.000 trainer.step_env: 0.006 trainer.update_stats: 0.001 trainer.update_agent: 0.035
2026-08-11 18:38:51,091 update: 310	fps: 437.892	
2026-08-11 18:38:51,091 Num updates: 310	Num frames 49600
2026-08-11 18:38:51,091 Average window size: 50  distance_to_goal: 2.087  distance_to_goal_reward: 0.000  reward: 0.551  spl: 0.026  success: 0.028
2026-08-11 18:38:51,091 	Perf Stats: trainer.rollout_collect: 0.327 trainer.sample_action: 0.003 trainer.obs_insert: 0.000 trainer.step_env: 0.006 trainer.update_stats: 0.001 trainer.update_agent: 0.035
2026-08-11 18:38:54,420 update: 320	fps: 439.112	
2026-08-11 18:38:54,420 Num updates: 320	Num frames 51200
2026-08-11 18:38:54,420 Average window size: 50  distance_to_goal: 2.109  distance_to_goal_reward: 0.000  reward: 0.547  spl: 0.033  success: 0.036
2026-08-11 18:38:54,420 	Perf Stats: trainer.rollout_collect: 0.326 trainer.sample_action: 0.003 trainer.obs_insert: 0.000 trainer.step_env: 0.006 trainer.update_stats: 0.001 trainer.update_agent: 0.035
2026-08-11 18:38:57,679 update: 330	fps: 440.522	
2026-08-11 18:38:57,679 Num updates: 330	Num frames 52800
2026-08-11 18:38:57,679 Average window size: 50  distance_to_goal: 2.160  distance_to_goal_reward: 0.000  reward: 0.549  spl: 0.030  success: 0.033
2026-08-11 18:38:57,679 	Perf Stats: trainer.rollout_collect: 0.325 trainer.sample_action: 0.003 trainer.obs_insert: 0.000 trainer.step_env: 0.006 trainer.update_stats: 0.001 trainer.update_agent: 0.035
2026-08-11 18:39:01,005 update: 340	fps: 441.614	
2026-08-11 18:39:01,006 Num updates: 340	Num frames 54400
2026-08-11 18:39:01,006 Average window size: 50  distance_to_goal: 2.450  distance_to_goal_reward: 0.000  reward: 0.596  spl: 0.037  success: 0.042
2026-08-11 18:39:01,006 	Perf Stats: trainer.rollout_collect: 0.324 trainer.sample_action: 0.003 trainer.obs_insert: 0.000 trainer.step_env: 0.006 trainer.update_stats: 0.001 trainer.update_agent: 0.035
PluginManager::Manager: duplicate static plugin StbImageImporter, ignoring
PluginManager::Manager: duplicate static plugin GltfImporter, ignoring
PluginManager::Manager: duplicate static plugin BasisImporter, ignoring
PluginManager::Manager: duplicate static plugin AssimpImporter, ignoring
PluginManager::Manager: duplicate static plugin AnySceneImporter, ignoring
PluginManager::Manager: duplicate static plugin AnyImageImporter, ignoring
Renderer: NVIDIA GeForce RTX 4070/PCIe/SSE2 by NVIDIA Corporation
OpenGL version: 4.6.0 NVIDIA 580.173.02
Using optional features:
    GL_ARB_vertex_array_object
    GL_ARB_separate_shader_objects
    GL_ARB_robustness
    GL_ARB_texture_storage
    GL_ARB_texture_view
    GL_ARB_framebuffer_no_attachments
    GL_ARB_invalidate_subdata
    GL_ARB_texture_storage_multisample
    GL_ARB_multi_bind
    GL_ARB_direct_state_access
    GL_ARB_get_texture_sub_image
    GL_ARB_texture_filter_anisotropic
    GL_KHR_debug
    GL_KHR_parallel_shader_compile
    GL_NV_depth_buffer_float
Using driver workarounds:
    no-forward-compatible-core-context
    nv-egl-incorrect-gl11-function-pointers
    no-layout-qualifiers-on-old-glsl
    nv-zero-context-profile-mask
    nv-implementation-color-read-format-dsa-broken
    nv-cubemap-inconsistent-compressed-image-size
    nv-cubemap-broken-full-compressed-image-query
    nv-compressed-block-size-in-bits
[18:39:01:827360]:[Warning]:[Scene] SemanticScene.h(331)::checkFileExists : ::loadSemanticSceneDescriptor: File `data/scene_datasets/habitat-test-scenes/skokloster-castle.scn` does not exist.  Aborting load.
[18:39:01:827377]:[Warning]:[Scene] SemanticScene.cpp(123)::loadSemanticSceneDescriptor : SSD File Naming Issue! Neither SemanticAttributes-provided name : `data/scene_datasets/habitat-test-scenes/skokloster-castle.scn` nor constructed filename : `data/scene_datasets/habitat-test-scenes/info_semantic.json` exist on disk.
[18:39:01:827382]:[Error]:[Scene] SemanticScene.cpp(139)::loadSemanticSceneDescriptor : SSD Load Failure! File with SemanticAttributes-provided name `data/scene_datasets/habitat-test-scenes/skokloster-castle.scn` exists but failed to load.
[18:39:02:438070]:[Warning]:[Sim] Simulator.cpp(595)::instanceStageForSceneAttributes : The active scene does not contain semantic annotations : activeSemanticSceneID_ = 0
2026-08-11 18:39:04,934 update: 350	fps: 440.553	
2026-08-11 18:39:04,934 Num updates: 350	Num frames 56000
2026-08-11 18:39:04,934 Average window size: 50  distance_to_goal: 2.643  distance_to_goal_reward: 0.000  reward: 0.648  spl: 0.032  success: 0.038
2026-08-11 18:39:04,934 	Perf Stats: trainer.rollout_collect: 0.325 trainer.sample_action: 0.003 trainer.obs_insert: 0.000 trainer.step_env: 0.006 trainer.update_stats: 0.001 trainer.update_agent: 0.035
2026-08-11 18:39:08,093 update: 360	fps: 442.150	
2026-08-11 18:39:08,093 Num updates: 360	Num frames 57600
2026-08-11 18:39:08,094 Average window size: 50  distance_to_goal: 2.672  distance_to_goal_reward: 0.000  reward: 0.694  spl: 0.035  success: 0.041
2026-08-11 18:39:08,094 	Perf Stats: trainer.rollout_collect: 0.324 trainer.sample_action: 0.003 trainer.obs_insert: 0.000 trainer.step_env: 0.006 trainer.update_stats: 0.001 trainer.update_agent: 0.035
2026-08-11 18:39:11,281 update: 370	fps: 443.577	
2026-08-11 18:39:11,281 Num updates: 370	Num frames 59200
2026-08-11 18:39:11,281 Average window size: 50  distance_to_goal: 2.832  distance_to_goal_reward: 0.000  reward: 0.739  spl: 0.032  success: 0.038
2026-08-11 18:39:11,281 	Perf Stats: trainer.rollout_collect: 0.323 trainer.sample_action: 0.003 trainer.obs_insert: 0.000 trainer.step_env: 0.006 trainer.update_stats: 0.001 trainer.update_agent: 0.035
2026-08-11 18:39:14,500 update: 380	fps: 444.839	
2026-08-11 18:39:14,500 Num updates: 380	Num frames 60800
2026-08-11 18:39:14,500 Average window size: 50  distance_to_goal: 3.022  distance_to_goal_reward: 0.000  reward: 0.796  spl: 0.031  success: 0.037
2026-08-11 18:39:14,500 	Perf Stats: trainer.rollout_collect: 0.322 trainer.sample_action: 0.003 trainer.obs_insert: 0.000 trainer.step_env: 0.006 trainer.update_stats: 0.001 trainer.update_agent: 0.035
2026-08-11 18:39:17,700 update: 390	fps: 446.098	
2026-08-11 18:39:17,700 Num updates: 390	Num frames 62400
2026-08-11 18:39:17,700 Average window size: 50  distance_to_goal: 2.838  distance_to_goal_reward: 0.000  reward: 0.911  spl: 0.020  success: 0.024
2026-08-11 18:39:17,700 	Perf Stats: trainer.rollout_collect: 0.321 trainer.sample_action: 0.003 trainer.obs_insert: 0.000 trainer.step_env: 0.006 trainer.update_stats: 0.001 trainer.update_agent: 0.035
2026-08-11 18:39:20,956 update: 400	fps: 447.130	
2026-08-11 18:39:20,956 Num updates: 400	Num frames 64000
2026-08-11 18:39:20,956 Average window size: 50  distance_to_goal: 2.621  distance_to_goal_reward: 0.000  reward: 0.999  spl: 0.026  success: 0.031
2026-08-11 18:39:20,956 	Perf Stats: trainer.rollout_collect: 0.320 trainer.sample_action: 0.003 trainer.obs_insert: 0.000 trainer.step_env: 0.006 trainer.update_stats: 0.001 trainer.update_agent: 0.035
2026-08-11 18:39:24,058 update: 410	fps: 448.587	
2026-08-11 18:39:24,058 Num updates: 410	Num frames 65600
2026-08-11 18:39:24,058 Average window size: 50  distance_to_goal: 2.473  distance_to_goal_reward: 0.000  reward: 1.108  spl: 0.026  success: 0.034
2026-08-11 18:39:24,058 	Perf Stats: trainer.rollout_collect: 0.319 trainer.sample_action: 0.003 trainer.obs_insert: 0.000 trainer.step_env: 0.006 trainer.update_stats: 0.001 trainer.update_agent: 0.035
2026-08-11 18:39:27,157 update: 420	fps: 449.990	
2026-08-11 18:39:27,158 Num updates: 420	Num frames 67200
2026-08-11 18:39:27,158 Average window size: 50  distance_to_goal: 2.339  distance_to_goal_reward: 0.000  reward: 1.321  spl: 0.029  success: 0.042
2026-08-11 18:39:27,158 	Perf Stats: trainer.rollout_collect: 0.318 trainer.sample_action: 0.003 trainer.obs_insert: 0.000 trainer.step_env: 0.006 trainer.update_stats: 0.001 trainer.update_agent: 0.035
2026-08-11 18:39:30,306 update: 430	fps: 451.190	
2026-08-11 18:39:30,307 Num updates: 430	Num frames 68800
2026-08-11 18:39:30,307 Average window size: 50  distance_to_goal: 1.803  distance_to_goal_reward: 0.000  reward: 1.671  spl: 0.043  success: 0.065
2026-08-11 18:39:30,307 	Perf Stats: trainer.rollout_collect: 0.317 trainer.sample_action: 0.003 trainer.obs_insert: 0.000 trainer.step_env: 0.006 trainer.update_stats: 0.001 trainer.update_agent: 0.035
2026-08-11 18:39:33,409 update: 440	fps: 452.477	
2026-08-11 18:39:33,409 Num updates: 440	Num frames 70400
2026-08-11 18:39:33,409 Average window size: 50  distance_to_goal: 1.266  distance_to_goal_reward: 0.000  reward: 2.060  spl: 0.075  success: 0.108
2026-08-11 18:39:33,409 	Perf Stats: trainer.rollout_collect: 0.316 trainer.sample_action: 0.003 trainer.obs_insert: 0.000 trainer.step_env: 0.006 trainer.update_stats: 0.001 trainer.update_agent: 0.035
2026-08-11 18:39:36,471 update: 450	fps: 453.828	
2026-08-11 18:39:36,472 Num updates: 450	Num frames 72000
2026-08-11 18:39:36,472 Average window size: 50  distance_to_goal: 1.187  distance_to_goal_reward: 0.000  reward: 2.236  spl: 0.085  success: 0.128
2026-08-11 18:39:36,472 	Perf Stats: trainer.rollout_collect: 0.315 trainer.sample_action: 0.003 trainer.obs_insert: 0.000 trainer.step_env: 0.006 trainer.update_stats: 0.001 trainer.update_agent: 0.035
2026-08-11 18:39:39,601 update: 460	fps: 454.937	
2026-08-11 18:39:39,602 Num updates: 460	Num frames 73600
2026-08-11 18:39:39,602 Average window size: 50  distance_to_goal: 1.145  distance_to_goal_reward: 0.000  reward: 2.252  spl: 0.114  success: 0.160
2026-08-11 18:39:39,602 	Perf Stats: trainer.rollout_collect: 0.314 trainer.sample_action: 0.003 trainer.obs_insert: 0.000 trainer.step_env: 0.006 trainer.update_stats: 0.001 trainer.update_agent: 0.035
2026-08-11 18:39:42,708 update: 470	fps: 456.071	
2026-08-11 18:39:42,708 Num updates: 470	Num frames 75200
2026-08-11 18:39:42,708 Average window size: 50  distance_to_goal: 1.344  distance_to_goal_reward: 0.000  reward: 2.221  spl: 0.139  success: 0.188
2026-08-11 18:39:42,708 	Perf Stats: trainer.rollout_collect: 0.313 trainer.sample_action: 0.003 trainer.obs_insert: 0.000 trainer.step_env: 0.006 trainer.update_stats: 0.001 trainer.update_agent: 0.035
2026-08-11 18:39:45,805 update: 480	fps: 457.186	
2026-08-11 18:39:45,805 Num updates: 480	Num frames 76800
2026-08-11 18:39:45,805 Average window size: 50  distance_to_goal: 1.326  distance_to_goal_reward: 0.000  reward: 2.670  spl: 0.173  success: 0.238
2026-08-11 18:39:45,805 	Perf Stats: trainer.rollout_collect: 0.312 trainer.sample_action: 0.003 trainer.obs_insert: 0.000 trainer.step_env: 0.006 trainer.update_stats: 0.001 trainer.update_agent: 0.035
2026-08-11 18:39:48,990 update: 490	fps: 458.027	
2026-08-11 18:39:48,990 Num updates: 490	Num frames 78400
2026-08-11 18:39:48,990 Average window size: 50  distance_to_goal: 1.529  distance_to_goal_reward: 0.000  reward: 2.000  spl: 0.134  success: 0.179
2026-08-11 18:39:48,990 	Perf Stats: trainer.rollout_collect: 0.312 trainer.sample_action: 0.003 trainer.obs_insert: 0.000 trainer.step_env: 0.006 trainer.update_stats: 0.001 trainer.update_agent: 0.035
2026-08-11 18:39:52,490 update: 500	fps: 458.008	
2026-08-11 18:39:52,491 Num updates: 500	Num frames 80000
2026-08-11 18:39:52,491 Average window size: 50  distance_to_goal: 1.586  distance_to_goal_reward: 0.000  reward: 1.330  spl: 0.085  success: 0.110
2026-08-11 18:39:52,491 	Perf Stats: trainer.rollout_collect: 0.311 trainer.sample_action: 0.003 trainer.obs_insert: 0.000 trainer.step_env: 0.006 trainer.update_stats: 0.001 trainer.update_agent: 0.035
2026-08-11 18:39:55,680 update: 510	fps: 458.789	
2026-08-11 18:39:55,680 Num updates: 510	Num frames 81600
2026-08-11 18:39:55,680 Average window size: 50  distance_to_goal: 1.518  distance_to_goal_reward: 0.000  reward: 1.308  spl: 0.068  success: 0.090
2026-08-11 18:39:55,680 	Perf Stats: trainer.rollout_collect: 0.311 trainer.sample_action: 0.003 trainer.obs_insert: 0.000 trainer.step_env: 0.006 trainer.update_stats: 0.001 trainer.update_agent: 0.035
2026-08-11 18:39:58,778 update: 520	fps: 459.776	
2026-08-11 18:39:58,779 Num updates: 520	Num frames 83200
2026-08-11 18:39:58,779 Average window size: 50  distance_to_goal: 1.572  distance_to_goal_reward: 0.000  reward: 1.148  spl: 0.058  success: 0.074
2026-08-11 18:39:58,779 	Perf Stats: trainer.rollout_collect: 0.310 trainer.sample_action: 0.003 trainer.obs_insert: 0.000 trainer.step_env: 0.006 trainer.update_stats: 0.001 trainer.update_agent: 0.035
PluginManager::Manager: duplicate static plugin StbImageImporter, ignoring
PluginManager::Manager: duplicate static plugin GltfImporter, ignoring
PluginManager::Manager: duplicate static plugin BasisImporter, ignoring
PluginManager::Manager: duplicate static plugin AssimpImporter, ignoring
PluginManager::Manager: duplicate static plugin AnySceneImporter, ignoring
PluginManager::Manager: duplicate static plugin AnyImageImporter, ignoring
Renderer: NVIDIA GeForce RTX 4070/PCIe/SSE2 by NVIDIA Corporation
OpenGL version: 4.6.0 NVIDIA 580.173.02
Using optional features:
    GL_ARB_vertex_array_object
    GL_ARB_separate_shader_objects
    GL_ARB_robustness
    GL_ARB_texture_storage
    GL_ARB_texture_view
    GL_ARB_framebuffer_no_attachments
    GL_ARB_invalidate_subdata
    GL_ARB_texture_storage_multisample
    GL_ARB_multi_bind
    GL_ARB_direct_state_access
    GL_ARB_get_texture_sub_image
    GL_ARB_texture_filter_anisotropic
    GL_KHR_debug
    GL_KHR_parallel_shader_compile
    GL_NV_depth_buffer_float
Using driver workarounds:
    no-forward-compatible-core-context
    nv-egl-incorrect-gl11-function-pointers
    no-layout-qualifiers-on-old-glsl
    nv-zero-context-profile-mask
    nv-implementation-color-read-format-dsa-broken
    nv-cubemap-inconsistent-compressed-image-size
    nv-cubemap-broken-full-compressed-image-query
    nv-compressed-block-size-in-bits
[18:40:00:247397]:[Warning]:[Scene] SemanticScene.h(331)::checkFileExists : ::loadSemanticSceneDescriptor: File `data/scene_datasets/habitat-test-scenes/van-gogh-room.scn` does not exist.  Aborting load.
[18:40:00:247413]:[Warning]:[Scene] SemanticScene.cpp(123)::loadSemanticSceneDescriptor : SSD File Naming Issue! Neither SemanticAttributes-provided name : `data/scene_datasets/habitat-test-scenes/van-gogh-room.scn` nor constructed filename : `data/scene_datasets/habitat-test-scenes/info_semantic.json` exist on disk.
[18:40:00:247418]:[Error]:[Scene] SemanticScene.cpp(139)::loadSemanticSceneDescriptor : SSD Load Failure! File with SemanticAttributes-provided name `data/scene_datasets/habitat-test-scenes/van-gogh-room.scn` exists but failed to load.
[18:40:00:684937]:[Warning]:[Sim] Simulator.cpp(595)::instanceStageForSceneAttributes : The active scene does not contain semantic annotations : activeSemanticSceneID_ = 0
2026-08-11 18:40:02,315 update: 530	fps: 459.635	
2026-08-11 18:40:02,315 Num updates: 530	Num frames 84800
2026-08-11 18:40:02,315 Average window size: 50  distance_to_goal: 1.612  distance_to_goal_reward: 0.000  reward: 1.067  spl: 0.053  success: 0.067
2026-08-11 18:40:02,315 	Perf Stats: trainer.rollout_collect: 0.310 trainer.sample_action: 0.003 trainer.obs_insert: 0.000 trainer.step_env: 0.006 trainer.update_stats: 0.001 trainer.update_agent: 0.035
PluginManager::Manager: duplicate static plugin StbImageImporter, ignoring
PluginManager::Manager: duplicate static plugin GltfImporter, ignoring
PluginManager::Manager: duplicate static plugin BasisImporter, ignoring
PluginManager::Manager: duplicate static plugin AssimpImporter, ignoring
PluginManager::Manager: duplicate static plugin AnySceneImporter, ignoring
PluginManager::Manager: duplicate static plugin AnyImageImporter, ignoring
Renderer: NVIDIA GeForce RTX 4070/PCIe/SSE2 by NVIDIA Corporation
OpenGL version: 4.6.0 NVIDIA 580.173.02
Using optional features:
    GL_ARB_vertex_array_object
    GL_ARB_separate_shader_objects
    GL_ARB_robustness
    GL_ARB_texture_storage
    GL_ARB_texture_view
    GL_ARB_framebuffer_no_attachments
    GL_ARB_invalidate_subdata
    GL_ARB_texture_storage_multisample
    GL_ARB_multi_bind
    GL_ARB_direct_state_access
    GL_ARB_get_texture_sub_image
    GL_ARB_texture_filter_anisotropic
    GL_KHR_debug
    GL_KHR_parallel_shader_compile
    GL_NV_depth_buffer_float
Using driver workarounds:
    no-forward-compatible-core-context
    nv-egl-incorrect-gl11-function-pointers
    no-layout-qualifiers-on-old-glsl
    nv-zero-context-profile-mask
    nv-implementation-color-read-format-dsa-broken
    nv-cubemap-inconsistent-compressed-image-size
    nv-cubemap-broken-full-compressed-image-query
    nv-compressed-block-size-in-bits
[18:40:02:777760]:[Warning]:[Scene] SemanticScene.h(331)::checkFileExists : ::loadSemanticSceneDescriptor: File `data/scene_datasets/habitat-test-scenes/skokloster-castle.scn` does not exist.  Aborting load.
[18:40:02:777778]:[Warning]:[Scene] SemanticScene.cpp(123)::loadSemanticSceneDescriptor : SSD File Naming Issue! Neither SemanticAttributes-provided name : `data/scene_datasets/habitat-test-scenes/skokloster-castle.scn` nor constructed filename : `data/scene_datasets/habitat-test-scenes/info_semantic.json` exist on disk.
[18:40:02:777784]:[Error]:[Scene] SemanticScene.cpp(139)::loadSemanticSceneDescriptor : SSD Load Failure! File with SemanticAttributes-provided name `data/scene_datasets/habitat-test-scenes/skokloster-castle.scn` exists but failed to load.
[18:40:03:393041]:[Warning]:[Sim] Simulator.cpp(595)::instanceStageForSceneAttributes : The active scene does not contain semantic annotations : activeSemanticSceneID_ = 0
2026-08-11 18:40:06,081 update: 540	fps: 458.938	
2026-08-11 18:40:06,081 Num updates: 540	Num frames 86400
2026-08-11 18:40:06,082 Average window size: 50  distance_to_goal: 1.514  distance_to_goal_reward: 0.000  reward: 1.259  spl: 0.082  success: 0.109
2026-08-11 18:40:06,082 	Perf Stats: trainer.rollout_collect: 0.311 trainer.sample_action: 0.003 trainer.obs_insert: 0.000 trainer.step_env: 0.006 trainer.update_stats: 0.001 trainer.update_agent: 0.035
2026-08-11 18:40:09,180 update: 550	fps: 459.869	
2026-08-11 18:40:09,180 Num updates: 550	Num frames 88000
2026-08-11 18:40:09,180 Average window size: 50  distance_to_goal: 1.452  distance_to_goal_reward: 0.000  reward: 1.904  spl: 0.135  success: 0.190
2026-08-11 18:40:09,180 	Perf Stats: trainer.rollout_collect: 0.310 trainer.sample_action: 0.003 trainer.obs_insert: 0.000 trainer.step_env: 0.006 trainer.update_stats: 0.001 trainer.update_agent: 0.035
2026-08-11 18:40:12,293 update: 560	fps: 460.735	
2026-08-11 18:40:12,293 Num updates: 560	Num frames 89600
2026-08-11 18:40:12,293 Average window size: 50  distance_to_goal: 1.438  distance_to_goal_reward: 0.000  reward: 2.250  spl: 0.178  success: 0.260
2026-08-11 18:40:12,293 	Perf Stats: trainer.rollout_collect: 0.309 trainer.sample_action: 0.003 trainer.obs_insert: 0.000 trainer.step_env: 0.006 trainer.update_stats: 0.001 trainer.update_agent: 0.035
PluginManager::Manager: duplicate static plugin StbImageImporter, ignoring
PluginManager::Manager: duplicate static plugin GltfImporter, ignoring
PluginManager::Manager: duplicate static plugin BasisImporter, ignoring
PluginManager::Manager: duplicate static plugin AssimpImporter, ignoring
PluginManager::Manager: duplicate static plugin AnySceneImporter, ignoring
PluginManager::Manager: duplicate static plugin AnyImageImporter, ignoring
Renderer: NVIDIA GeForce RTX 4070/PCIe/SSE2 by NVIDIA Corporation
OpenGL version: 4.6.0 NVIDIA 580.173.02
Using optional features:
    GL_ARB_vertex_array_object
    GL_ARB_separate_shader_objects
    GL_ARB_robustness
    GL_ARB_texture_storage
    GL_ARB_texture_view
    GL_ARB_framebuffer_no_attachments
    GL_ARB_invalidate_subdata
    GL_ARB_texture_storage_multisample
    GL_ARB_multi_bind
    GL_ARB_direct_state_access
    GL_ARB_get_texture_sub_image
    GL_ARB_texture_filter_anisotropic
    GL_KHR_debug
    GL_KHR_parallel_shader_compile
    GL_NV_depth_buffer_float
Using driver workarounds:
    no-forward-compatible-core-context
    nv-egl-incorrect-gl11-function-pointers
    no-layout-qualifiers-on-old-glsl
    nv-zero-context-profile-mask
    nv-implementation-color-read-format-dsa-broken
    nv-cubemap-inconsistent-compressed-image-size
    nv-cubemap-broken-full-compressed-image-query
    nv-compressed-block-size-in-bits
[18:40:14:797472]:[Warning]:[Scene] SemanticScene.h(331)::checkFileExists : ::loadSemanticSceneDescriptor: File `data/scene_datasets/habitat-test-scenes/van-gogh-room.scn` does not exist.  Aborting load.
[18:40:14:797487]:[Warning]:[Scene] SemanticScene.cpp(123)::loadSemanticSceneDescriptor : SSD File Naming Issue! Neither SemanticAttributes-provided name : `data/scene_datasets/habitat-test-scenes/van-gogh-room.scn` nor constructed filename : `data/scene_datasets/habitat-test-scenes/info_semantic.json` exist on disk.
[18:40:14:797492]:[Error]:[Scene] SemanticScene.cpp(139)::loadSemanticSceneDescriptor : SSD Load Failure! File with SemanticAttributes-provided name `data/scene_datasets/habitat-test-scenes/van-gogh-room.scn` exists but failed to load.
[18:40:15:245793]:[Warning]:[Sim] Simulator.cpp(595)::instanceStageForSceneAttributes : The active scene does not contain semantic annotations : activeSemanticSceneID_ = 0
2026-08-11 18:40:15,837 update: 570	fps: 460.568	
2026-08-11 18:40:15,837 Num updates: 570	Num frames 91200
2026-08-11 18:40:15,837 Average window size: 50  distance_to_goal: 1.506  distance_to_goal_reward: 0.000  reward: 2.399  spl: 0.217  success: 0.308
2026-08-11 18:40:15,837 	Perf Stats: trainer.rollout_collect: 0.310 trainer.sample_action: 0.003 trainer.obs_insert: 0.000 trainer.step_env: 0.006 trainer.update_stats: 0.001 trainer.update_agent: 0.035
PluginManager::Manager: duplicate static plugin StbImageImporter, ignoring
PluginManager::Manager: duplicate static plugin GltfImporter, ignoring
PluginManager::Manager: duplicate static plugin BasisImporter, ignoring
PluginManager::Manager: duplicate static plugin AssimpImporter, ignoring
PluginManager::Manager: duplicate static plugin AnySceneImporter, ignoring
PluginManager::Manager: duplicate static plugin AnyImageImporter, ignoring
Renderer: NVIDIA GeForce RTX 4070/PCIe/SSE2 by NVIDIA Corporation
OpenGL version: 4.6.0 NVIDIA 580.173.02
Using optional features:
    GL_ARB_vertex_array_object
    GL_ARB_separate_shader_objects
    GL_ARB_robustness
    GL_ARB_texture_storage
    GL_ARB_texture_view
    GL_ARB_framebuffer_no_attachments
    GL_ARB_invalidate_subdata
    GL_ARB_texture_storage_multisample
    GL_ARB_multi_bind
    GL_ARB_direct_state_access
    GL_ARB_get_texture_sub_image
    GL_ARB_texture_filter_anisotropic
    GL_KHR_debug
    GL_KHR_parallel_shader_compile
    GL_NV_depth_buffer_float
Using driver workarounds:
    no-forward-compatible-core-context
    nv-egl-incorrect-gl11-function-pointers
    no-layout-qualifiers-on-old-glsl
    nv-zero-context-profile-mask
    nv-implementation-color-read-format-dsa-broken
    nv-cubemap-inconsistent-compressed-image-size
    nv-cubemap-broken-full-compressed-image-query
    nv-compressed-block-size-in-bits
[18:40:18:702873]:[Warning]:[Scene] SemanticScene.h(331)::checkFileExists : ::loadSemanticSceneDescriptor: File `data/scene_datasets/habitat-test-scenes/skokloster-castle.scn` does not exist.  Aborting load.
[18:40:18:702889]:[Warning]:[Scene] SemanticScene.cpp(123)::loadSemanticSceneDescriptor : SSD File Naming Issue! Neither SemanticAttributes-provided name : `data/scene_datasets/habitat-test-scenes/skokloster-castle.scn` nor constructed filename : `data/scene_datasets/habitat-test-scenes/info_semantic.json` exist on disk.
[18:40:18:702894]:[Error]:[Scene] SemanticScene.cpp(139)::loadSemanticSceneDescriptor : SSD Load Failure! File with SemanticAttributes-provided name `data/scene_datasets/habitat-test-scenes/skokloster-castle.scn` exists but failed to load.
[18:40:19:315581]:[Warning]:[Sim] Simulator.cpp(595)::instanceStageForSceneAttributes : The active scene does not contain semantic annotations : activeSemanticSceneID_ = 0
2026-08-11 18:40:19,527 update: 580	fps: 460.075	
2026-08-11 18:40:19,527 Num updates: 580	Num frames 92800
2026-08-11 18:40:19,527 Average window size: 50  distance_to_goal: 1.485  distance_to_goal_reward: 0.000  reward: 2.052  spl: 0.199  success: 0.288
2026-08-11 18:40:19,527 	Perf Stats: trainer.rollout_collect: 0.310 trainer.sample_action: 0.003 trainer.obs_insert: 0.000 trainer.step_env: 0.006 trainer.update_stats: 0.001 trainer.update_agent: 0.035
2026-08-11 18:40:22,641 update: 590	fps: 460.892	
2026-08-11 18:40:22,641 Num updates: 590	Num frames 94400
2026-08-11 18:40:22,641 Average window size: 50  distance_to_goal: 1.366  distance_to_goal_reward: 0.000  reward: 2.201  spl: 0.186  success: 0.295
2026-08-11 18:40:22,641 	Perf Stats: trainer.rollout_collect: 0.309 trainer.sample_action: 0.003 trainer.obs_insert: 0.000 trainer.step_env: 0.006 trainer.update_stats: 0.001 trainer.update_agent: 0.035
2026-08-11 18:40:25,832 update: 600	fps: 461.513	
2026-08-11 18:40:25,832 Num updates: 600	Num frames 96000
2026-08-11 18:40:25,832 Average window size: 50  distance_to_goal: 1.576  distance_to_goal_reward: 0.000  reward: 1.761  spl: 0.132  success: 0.204
2026-08-11 18:40:25,832 	Perf Stats: trainer.rollout_collect: 0.309 trainer.sample_action: 0.003 trainer.obs_insert: 0.000 trainer.step_env: 0.006 trainer.update_stats: 0.001 trainer.update_agent: 0.035
2026-08-11 18:40:28,944 update: 610	fps: 462.288	
2026-08-11 18:40:28,945 Num updates: 610	Num frames 97600
2026-08-11 18:40:28,945 Average window size: 50  distance_to_goal: 1.723  distance_to_goal_reward: 0.000  reward: 1.776  spl: 0.122  success: 0.202
2026-08-11 18:40:28,945 	Perf Stats: trainer.rollout_collect: 0.308 trainer.sample_action: 0.003 trainer.obs_insert: 0.000 trainer.step_env: 0.006 trainer.update_stats: 0.001 trainer.update_agent: 0.035
2026-08-11 18:40:32,084 update: 620	fps: 462.981	
2026-08-11 18:40:32,084 Num updates: 620	Num frames 99200
2026-08-11 18:40:32,085 Average window size: 50  distance_to_goal: 1.554  distance_to_goal_reward: 0.000  reward: 1.897  spl: 0.115  success: 0.196
2026-08-11 18:40:32,085 	Perf Stats: trainer.rollout_collect: 0.308 trainer.sample_action: 0.003 trainer.obs_insert: 0.000 trainer.step_env: 0.006 trainer.update_stats: 0.001 trainer.update_agent: 0.035
2026-08-11 18:40:35,262 update: 630	fps: 463.573	
2026-08-11 18:40:35,263 Num updates: 630	Num frames 100800
2026-08-11 18:40:35,263 Average window size: 50  distance_to_goal: 1.497  distance_to_goal_reward: 0.000  reward: 2.269  spl: 0.140  success: 0.224
2026-08-11 18:40:35,263 	Perf Stats: trainer.rollout_collect: 0.307 trainer.sample_action: 0.003 trainer.obs_insert: 0.000 trainer.step_env: 0.006 trainer.update_stats: 0.001 trainer.update_agent: 0.035
2026-08-11 18:40:38,384 update: 640	fps: 464.266	
2026-08-11 18:40:38,384 Num updates: 640	Num frames 102400
2026-08-11 18:40:38,384 Average window size: 50  distance_to_goal: 1.387  distance_to_goal_reward: 0.000  reward: 2.825  spl: 0.177  success: 0.265
2026-08-11 18:40:38,384 	Perf Stats: trainer.rollout_collect: 0.307 trainer.sample_action: 0.003 trainer.obs_insert: 0.000 trainer.step_env: 0.006 trainer.update_stats: 0.001 trainer.update_agent: 0.035
2026-08-11 18:40:41,490 update: 650	fps: 464.973	
2026-08-11 18:40:41,490 Num updates: 650	Num frames 104000
2026-08-11 18:40:41,490 Average window size: 50  distance_to_goal: 1.219  distance_to_goal_reward: 0.000  reward: 3.012  spl: 0.214  success: 0.320
2026-08-11 18:40:41,490 	Perf Stats: trainer.rollout_collect: 0.306 trainer.sample_action: 0.003 trainer.obs_insert: 0.000 trainer.step_env: 0.006 trainer.update_stats: 0.001 trainer.update_agent: 0.035
2026-08-11 18:40:44,592 update: 660	fps: 465.667	
2026-08-11 18:40:44,592 Num updates: 660	Num frames 105600
2026-08-11 18:40:44,592 Average window size: 50  distance_to_goal: 1.046  distance_to_goal_reward: -0.000  reward: 3.274  spl: 0.249  success: 0.376
2026-08-11 18:40:44,592 	Perf Stats: trainer.rollout_collect: 0.306 trainer.sample_action: 0.003 trainer.obs_insert: 0.000 trainer.step_env: 0.005 trainer.update_stats: 0.001 trainer.update_agent: 0.035
2026-08-11 18:40:47,726 update: 670	fps: 466.280	
2026-08-11 18:40:47,726 Num updates: 670	Num frames 107200
2026-08-11 18:40:47,726 Average window size: 50  distance_to_goal: 0.829  distance_to_goal_reward: -0.000  reward: 3.619  spl: 0.247  success: 0.380
2026-08-11 18:40:47,726 	Perf Stats: trainer.rollout_collect: 0.305 trainer.sample_action: 0.003 trainer.obs_insert: 0.000 trainer.step_env: 0.005 trainer.update_stats: 0.001 trainer.update_agent: 0.035
2026-08-11 18:40:50,849 update: 680	fps: 466.897	
2026-08-11 18:40:50,849 Num updates: 680	Num frames 108800
2026-08-11 18:40:50,849 Average window size: 50  distance_to_goal: 0.727  distance_to_goal_reward: -0.000  reward: 3.890  spl: 0.314  success: 0.455
2026-08-11 18:40:50,849 	Perf Stats: trainer.rollout_collect: 0.305 trainer.sample_action: 0.003 trainer.obs_insert: 0.000 trainer.step_env: 0.005 trainer.update_stats: 0.001 trainer.update_agent: 0.035
2026-08-11 18:40:53,960 update: 690	fps: 467.521	
2026-08-11 18:40:53,960 Num updates: 690	Num frames 110400
2026-08-11 18:40:53,960 Average window size: 50  distance_to_goal: 0.806  distance_to_goal_reward: 0.000  reward: 3.753  spl: 0.338  success: 0.477
2026-08-11 18:40:53,960 	Perf Stats: trainer.rollout_collect: 0.304 trainer.sample_action: 0.003 trainer.obs_insert: 0.000 trainer.step_env: 0.005 trainer.update_stats: 0.001 trainer.update_agent: 0.035
PluginManager::Manager: duplicate static plugin StbImageImporter, ignoring
PluginManager::Manager: duplicate static plugin GltfImporter, ignoring
PluginManager::Manager: duplicate static plugin BasisImporter, ignoring
PluginManager::Manager: duplicate static plugin AssimpImporter, ignoring
PluginManager::Manager: duplicate static plugin AnySceneImporter, ignoring
PluginManager::Manager: duplicate static plugin AnyImageImporter, ignoring
Renderer: NVIDIA GeForce RTX 4070/PCIe/SSE2 by NVIDIA Corporation
OpenGL version: 4.6.0 NVIDIA 580.173.02
Using optional features:
    GL_ARB_vertex_array_object
    GL_ARB_separate_shader_objects
    GL_ARB_robustness
    GL_ARB_texture_storage
    GL_ARB_texture_view
    GL_ARB_framebuffer_no_attachments
    GL_ARB_invalidate_subdata
    GL_ARB_texture_storage_multisample
    GL_ARB_multi_bind
    GL_ARB_direct_state_access
    GL_ARB_get_texture_sub_image
    GL_ARB_texture_filter_anisotropic
    GL_KHR_debug
    GL_KHR_parallel_shader_compile
    GL_NV_depth_buffer_float
Using driver workarounds:
    no-forward-compatible-core-context
    nv-egl-incorrect-gl11-function-pointers
    no-layout-qualifiers-on-old-glsl
    nv-zero-context-profile-mask
    nv-implementation-color-read-format-dsa-broken
    nv-cubemap-inconsistent-compressed-image-size
    nv-cubemap-broken-full-compressed-image-query
    nv-compressed-block-size-in-bits
[18:40:55:750568]:[Warning]:[Scene] SemanticScene.h(331)::checkFileExists : ::loadSemanticSceneDescriptor: File `data/scene_datasets/habitat-test-scenes/van-gogh-room.scn` does not exist.  Aborting load.
[18:40:55:750584]:[Warning]:[Scene] SemanticScene.cpp(123)::loadSemanticSceneDescriptor : SSD File Naming Issue! Neither SemanticAttributes-provided name : `data/scene_datasets/habitat-test-scenes/van-gogh-room.scn` nor constructed filename : `data/scene_datasets/habitat-test-scenes/info_semantic.json` exist on disk.
[18:40:55:750589]:[Error]:[Scene] SemanticScene.cpp(139)::loadSemanticSceneDescriptor : SSD Load Failure! File with SemanticAttributes-provided name `data/scene_datasets/habitat-test-scenes/van-gogh-room.scn` exists but failed to load.
[18:40:56:191629]:[Warning]:[Sim] Simulator.cpp(595)::instanceStageForSceneAttributes : The active scene does not contain semantic annotations : activeSemanticSceneID_ = 0
2026-08-11 18:40:57,614 update: 700	fps: 467.070	
2026-08-11 18:40:57,614 Num updates: 700	Num frames 112000
2026-08-11 18:40:57,614 Average window size: 50  distance_to_goal: 0.669  distance_to_goal_reward: 0.000  reward: 3.829  spl: 0.361  success: 0.494
2026-08-11 18:40:57,614 	Perf Stats: trainer.rollout_collect: 0.305 trainer.sample_action: 0.003 trainer.obs_insert: 0.000 trainer.step_env: 0.005 trainer.update_stats: 0.001 trainer.update_agent: 0.035
2026-08-11 18:41:00,674 update: 710	fps: 467.772	
2026-08-11 18:41:00,674 Num updates: 710	Num frames 113600
2026-08-11 18:41:00,674 Average window size: 50  distance_to_goal: 0.678  distance_to_goal_reward: 0.001  reward: 3.737  spl: 0.367  success: 0.500
2026-08-11 18:41:00,674 	Perf Stats: trainer.rollout_collect: 0.304 trainer.sample_action: 0.003 trainer.obs_insert: 0.000 trainer.step_env: 0.005 trainer.update_stats: 0.001 trainer.update_agent: 0.035
2026-08-11 18:41:03,777 update: 720	fps: 468.376	
2026-08-11 18:41:03,777 Num updates: 720	Num frames 115200
2026-08-11 18:41:03,777 Average window size: 50  distance_to_goal: 0.734  distance_to_goal_reward: 0.001  reward: 3.765  spl: 0.458  success: 0.611
2026-08-11 18:41:03,777 	Perf Stats: trainer.rollout_collect: 0.304 trainer.sample_action: 0.003 trainer.obs_insert: 0.000 trainer.step_env: 0.005 trainer.update_stats: 0.001 trainer.update_agent: 0.035
2026-08-11 18:41:06,868 update: 730	fps: 468.988	
2026-08-11 18:41:06,868 Num updates: 730	Num frames 116800
2026-08-11 18:41:06,868 Average window size: 50  distance_to_goal: 0.783  distance_to_goal_reward: 0.000  reward: 3.691  spl: 0.429  success: 0.583
2026-08-11 18:41:06,868 	Perf Stats: trainer.rollout_collect: 0.303 trainer.sample_action: 0.003 trainer.obs_insert: 0.000 trainer.step_env: 0.005 trainer.update_stats: 0.001 trainer.update_agent: 0.035
2026-08-11 18:41:09,946 update: 740	fps: 469.607	
2026-08-11 18:41:09,946 Num updates: 740	Num frames 118400
2026-08-11 18:41:09,946 Average window size: 50  distance_to_goal: 0.731  distance_to_goal_reward: 0.000  reward: 3.701  spl: 0.451  success: 0.616
2026-08-11 18:41:09,947 	Perf Stats: trainer.rollout_collect: 0.303 trainer.sample_action: 0.003 trainer.obs_insert: 0.000 trainer.step_env: 0.005 trainer.update_stats: 0.001 trainer.update_agent: 0.035
2026-08-11 18:41:13,036 update: 750	fps: 470.192	
2026-08-11 18:41:13,036 Num updates: 750	Num frames 120000
2026-08-11 18:41:13,036 Average window size: 50  distance_to_goal: 0.804  distance_to_goal_reward: 0.000  reward: 3.956  spl: 0.463  success: 0.625
2026-08-11 18:41:13,036 	Perf Stats: trainer.rollout_collect: 0.302 trainer.sample_action: 0.003 trainer.obs_insert: 0.000 trainer.step_env: 0.005 trainer.update_stats: 0.001 trainer.update_agent: 0.035
2026-08-11 18:41:16,102 update: 760	fps: 470.804	
2026-08-11 18:41:16,102 Num updates: 760	Num frames 121600
2026-08-11 18:41:16,103 Average window size: 50  distance_to_goal: 0.654  distance_to_goal_reward: 0.000  reward: 4.064  spl: 0.472  success: 0.635
2026-08-11 18:41:16,103 	Perf Stats: trainer.rollout_collect: 0.302 trainer.sample_action: 0.003 trainer.obs_insert: 0.000 trainer.step_env: 0.005 trainer.update_stats: 0.001 trainer.update_agent: 0.035
2026-08-11 18:41:19,167 update: 770	fps: 471.405	
2026-08-11 18:41:19,168 Num updates: 770	Num frames 123200
2026-08-11 18:41:19,168 Average window size: 50  distance_to_goal: 0.602  distance_to_goal_reward: 0.000  reward: 4.285  spl: 0.467  success: 0.632
2026-08-11 18:41:19,168 	Perf Stats: trainer.rollout_collect: 0.302 trainer.sample_action: 0.003 trainer.obs_insert: 0.000 trainer.step_env: 0.005 trainer.update_stats: 0.001 trainer.update_agent: 0.035
2026-08-11 18:41:22,218 update: 780	fps: 472.018	
2026-08-11 18:41:22,226 Num updates: 780	Num frames 124800
2026-08-11 18:41:22,226 Average window size: 50  distance_to_goal: 0.653  distance_to_goal_reward: -0.000  reward: 4.262  spl: 0.487  success: 0.653
2026-08-11 18:41:22,226 	Perf Stats: trainer.rollout_collect: 0.301 trainer.sample_action: 0.003 trainer.obs_insert: 0.000 trainer.step_env: 0.005 trainer.update_stats: 0.001 trainer.update_agent: 0.035
PluginManager::Manager: duplicate static plugin StbImageImporter, ignoring
PluginManager::Manager: duplicate static plugin GltfImporter, ignoring
PluginManager::Manager: duplicate static plugin BasisImporter, ignoring
PluginManager::Manager: duplicate static plugin AssimpImporter, ignoring
PluginManager::Manager: duplicate static plugin AnySceneImporter, ignoring
PluginManager::Manager: duplicate static plugin AnyImageImporter, ignoring
Renderer: NVIDIA GeForce RTX 4070/PCIe/SSE2 by NVIDIA Corporation
OpenGL version: 4.6.0 NVIDIA 580.173.02
Using optional features:
    GL_ARB_vertex_array_object
    GL_ARB_separate_shader_objects
    GL_ARB_robustness
    GL_ARB_texture_storage
    GL_ARB_texture_view
    GL_ARB_framebuffer_no_attachments
    GL_ARB_invalidate_subdata
    GL_ARB_texture_storage_multisample
    GL_ARB_multi_bind
    GL_ARB_direct_state_access
    GL_ARB_get_texture_sub_image
    GL_ARB_texture_filter_anisotropic
    GL_KHR_debug
    GL_KHR_parallel_shader_compile
    GL_NV_depth_buffer_float
Using driver workarounds:
    no-forward-compatible-core-context
    nv-egl-incorrect-gl11-function-pointers
    no-layout-qualifiers-on-old-glsl
    nv-zero-context-profile-mask
    nv-implementation-color-read-format-dsa-broken
    nv-cubemap-inconsistent-compressed-image-size
    nv-cubemap-broken-full-compressed-image-query
    nv-compressed-block-size-in-bits
[18:41:25:031453]:[Warning]:[Scene] SemanticScene.h(331)::checkFileExists : ::loadSemanticSceneDescriptor: File `data/scene_datasets/habitat-test-scenes/skokloster-castle.scn` does not exist.  Aborting load.
[18:41:25:031470]:[Warning]:[Scene] SemanticScene.cpp(123)::loadSemanticSceneDescriptor : SSD File Naming Issue! Neither SemanticAttributes-provided name : `data/scene_datasets/habitat-test-scenes/skokloster-castle.scn` nor constructed filename : `data/scene_datasets/habitat-test-scenes/info_semantic.json` exist on disk.
[18:41:25:031474]:[Error]:[Scene] SemanticScene.cpp(139)::loadSemanticSceneDescriptor : SSD Load Failure! File with SemanticAttributes-provided name `data/scene_datasets/habitat-test-scenes/skokloster-castle.scn` exists but failed to load.
[18:41:25:646585]:[Warning]:[Sim] Simulator.cpp(595)::instanceStageForSceneAttributes : The active scene does not contain semantic annotations : activeSemanticSceneID_ = 0
2026-08-11 18:41:25,901 update: 790	fps: 471.501	
2026-08-11 18:41:25,901 Num updates: 790	Num frames 126400
2026-08-11 18:41:25,901 Average window size: 50  distance_to_goal: 0.651  distance_to_goal_reward: -0.000  reward: 4.118  spl: 0.473  success: 0.639
2026-08-11 18:41:25,901 	Perf Stats: trainer.rollout_collect: 0.302 trainer.sample_action: 0.003 trainer.obs_insert: 0.000 trainer.step_env: 0.005 trainer.update_stats: 0.001 trainer.update_agent: 0.035
2026-08-11 18:41:29,148 update: 800	fps: 471.754	
2026-08-11 18:41:29,149 Num updates: 800	Num frames 128000
2026-08-11 18:41:29,149 Average window size: 50  distance_to_goal: 0.790  distance_to_goal_reward: -0.000  reward: 3.696  spl: 0.424  success: 0.582
2026-08-11 18:41:29,149 	Perf Stats: trainer.rollout_collect: 0.301 trainer.sample_action: 0.003 trainer.obs_insert: 0.000 trainer.step_env: 0.005 trainer.update_stats: 0.001 trainer.update_agent: 0.035
2026-08-11 18:41:32,271 update: 810	fps: 472.218	
2026-08-11 18:41:32,271 Num updates: 810	Num frames 129600
2026-08-11 18:41:32,271 Average window size: 50  distance_to_goal: 0.815  distance_to_goal_reward: -0.000  reward: 3.571  spl: 0.356  success: 0.487
2026-08-11 18:41:32,271 	Perf Stats: trainer.rollout_collect: 0.301 trainer.sample_action: 0.003 trainer.obs_insert: 0.000 trainer.step_env: 0.005 trainer.update_stats: 0.001 trainer.update_agent: 0.035
2026-08-11 18:41:35,389 update: 820	fps: 472.676	
2026-08-11 18:41:35,390 Num updates: 820	Num frames 131200
2026-08-11 18:41:35,390 Average window size: 50  distance_to_goal: 0.773  distance_to_goal_reward: -0.000  reward: 3.609  spl: 0.330  success: 0.493
2026-08-11 18:41:35,390 	Perf Stats: trainer.rollout_collect: 0.301 trainer.sample_action: 0.003 trainer.obs_insert: 0.000 trainer.step_env: 0.005 trainer.update_stats: 0.001 trainer.update_agent: 0.035
2026-08-11 18:41:38,486 update: 830	fps: 473.161	
2026-08-11 18:41:38,487 Num updates: 830	Num frames 132800
2026-08-11 18:41:38,487 Average window size: 50  distance_to_goal: 0.634  distance_to_goal_reward: 0.000  reward: 3.829  spl: 0.354  success: 0.520
2026-08-11 18:41:38,487 	Perf Stats: trainer.rollout_collect: 0.300 trainer.sample_action: 0.003 trainer.obs_insert: 0.000 trainer.step_env: 0.005 trainer.update_stats: 0.001 trainer.update_agent: 0.035
2026-08-11 18:41:41,610 update: 840	fps: 473.592	
2026-08-11 18:41:41,610 Num updates: 840	Num frames 134400
2026-08-11 18:41:41,610 Average window size: 50  distance_to_goal: 0.651  distance_to_goal_reward: 0.000  reward: 3.811  spl: 0.349  success: 0.494
2026-08-11 18:41:41,610 	Perf Stats: trainer.rollout_collect: 0.300 trainer.sample_action: 0.003 trainer.obs_insert: 0.000 trainer.step_env: 0.005 trainer.update_stats: 0.001 trainer.update_agent: 0.035
2026-08-11 18:41:44,745 update: 850	fps: 473.993	
2026-08-11 18:41:44,745 Num updates: 850	Num frames 136000
2026-08-11 18:41:44,745 Average window size: 50  distance_to_goal: 0.437  distance_to_goal_reward: 0.000  reward: 3.807  spl: 0.371  success: 0.519
2026-08-11 18:41:44,745 	Perf Stats: trainer.rollout_collect: 0.300 trainer.sample_action: 0.003 trainer.obs_insert: 0.000 trainer.step_env: 0.005 trainer.update_stats: 0.001 trainer.update_agent: 0.035
2026-08-11 18:41:47,861 update: 860	fps: 474.416	
2026-08-11 18:41:47,862 Num updates: 860	Num frames 137600
2026-08-11 18:41:47,862 Average window size: 50  distance_to_goal: 0.671  distance_to_goal_reward: 0.000  reward: 3.471  spl: 0.392  success: 0.524
2026-08-11 18:41:47,862 	Perf Stats: trainer.rollout_collect: 0.299 trainer.sample_action: 0.003 trainer.obs_insert: 0.000 trainer.step_env: 0.005 trainer.update_stats: 0.001 trainer.update_agent: 0.035
2026-08-11 18:41:50,955 update: 870	fps: 474.868	
2026-08-11 18:41:50,955 Num updates: 870	Num frames 139200
2026-08-11 18:41:50,955 Average window size: 50  distance_to_goal: 0.823  distance_to_goal_reward: 0.000  reward: 3.139  spl: 0.378  success: 0.481
2026-08-11 18:41:50,955 	Perf Stats: trainer.rollout_collect: 0.299 trainer.sample_action: 0.003 trainer.obs_insert: 0.000 trainer.step_env: 0.005 trainer.update_stats: 0.001 trainer.update_agent: 0.035
PluginManager::Manager: duplicate static plugin StbImageImporter, ignoring
PluginManager::Manager: duplicate static plugin GltfImporter, ignoring
PluginManager::Manager: duplicate static plugin BasisImporter, ignoring
PluginManager::Manager: duplicate static plugin AssimpImporter, ignoring
PluginManager::Manager: duplicate static plugin AnySceneImporter, ignoring
PluginManager::Manager: duplicate static plugin AnyImageImporter, ignoring
Renderer: NVIDIA GeForce RTX 4070/PCIe/SSE2 by NVIDIA Corporation
OpenGL version: 4.6.0 NVIDIA 580.173.02
Using optional features:
    GL_ARB_vertex_array_object
    GL_ARB_separate_shader_objects
    GL_ARB_robustness
    GL_ARB_texture_storage
    GL_ARB_texture_view
    GL_ARB_framebuffer_no_attachments
    GL_ARB_invalidate_subdata
    GL_ARB_texture_storage_multisample
    GL_ARB_multi_bind
    GL_ARB_direct_state_access
    GL_ARB_get_texture_sub_image
    GL_ARB_texture_filter_anisotropic
    GL_KHR_debug
    GL_KHR_parallel_shader_compile
    GL_NV_depth_buffer_float
Using driver workarounds:
    no-forward-compatible-core-context
    nv-egl-incorrect-gl11-function-pointers
    no-layout-qualifiers-on-old-glsl
    nv-zero-context-profile-mask
    nv-implementation-color-read-format-dsa-broken
    nv-cubemap-inconsistent-compressed-image-size
    nv-cubemap-broken-full-compressed-image-query
    nv-compressed-block-size-in-bits
[18:41:53:620989]:[Warning]:[Scene] SemanticScene.h(331)::checkFileExists : ::loadSemanticSceneDescriptor: File `data/scene_datasets/habitat-test-scenes/van-gogh-room.scn` does not exist.  Aborting load.
[18:41:53:621005]:[Warning]:[Scene] SemanticScene.cpp(123)::loadSemanticSceneDescriptor : SSD File Naming Issue! Neither SemanticAttributes-provided name : `data/scene_datasets/habitat-test-scenes/van-gogh-room.scn` nor constructed filename : `data/scene_datasets/habitat-test-scenes/info_semantic.json` exist on disk.
[18:41:53:621010]:[Error]:[Scene] SemanticScene.cpp(139)::loadSemanticSceneDescriptor : SSD Load Failure! File with SemanticAttributes-provided name `data/scene_datasets/habitat-test-scenes/van-gogh-room.scn` exists but failed to load.
[18:41:54:074322]:[Warning]:[Sim] Simulator.cpp(595)::instanceStageForSceneAttributes : The active scene does not contain semantic annotations : activeSemanticSceneID_ = 0
2026-08-11 18:41:54,535 update: 880	fps: 474.531	
2026-08-11 18:41:54,535 Num updates: 880	Num frames 140800
2026-08-11 18:41:54,535 Average window size: 50  distance_to_goal: 1.052  distance_to_goal_reward: 0.000  reward: 2.586  spl: 0.336  success: 0.443
2026-08-11 18:41:54,535 	Perf Stats: trainer.rollout_collect: 0.299 trainer.sample_action: 0.003 trainer.obs_insert: 0.000 trainer.step_env: 0.005 trainer.update_stats: 0.001 trainer.update_agent: 0.035
2026-08-11 18:41:57,544 update: 890	fps: 475.105	
2026-08-11 18:41:57,544 Num updates: 890	Num frames 142400
2026-08-11 18:41:57,544 Average window size: 50  distance_to_goal: 1.346  distance_to_goal_reward: 0.000  reward: 2.256  spl: 0.304  success: 0.412
2026-08-11 18:41:57,544 	Perf Stats: trainer.rollout_collect: 0.299 trainer.sample_action: 0.003 trainer.obs_insert: 0.000 trainer.step_env: 0.005 trainer.update_stats: 0.001 trainer.update_agent: 0.035
2026-08-11 18:42:00,704 update: 900	fps: 475.431	
2026-08-11 18:42:00,704 Num updates: 900	Num frames 144000
2026-08-11 18:42:00,704 Average window size: 50  distance_to_goal: 1.212  distance_to_goal_reward: 0.000  reward: 2.891  spl: 0.348  success: 0.493
2026-08-11 18:42:00,704 	Perf Stats: trainer.rollout_collect: 0.299 trainer.sample_action: 0.003 trainer.obs_insert: 0.000 trainer.step_env: 0.005 trainer.update_stats: 0.001 trainer.update_agent: 0.035
2026-08-11 18:42:03,775 update: 910	fps: 475.888	
2026-08-11 18:42:03,784 Num updates: 910	Num frames 145600
2026-08-11 18:42:03,784 Average window size: 50  distance_to_goal: 1.136  distance_to_goal_reward: 0.002  reward: 2.938  spl: 0.366  success: 0.513
2026-08-11 18:42:03,784 	Perf Stats: trainer.rollout_collect: 0.298 trainer.sample_action: 0.003 trainer.obs_insert: 0.000 trainer.step_env: 0.005 trainer.update_stats: 0.001 trainer.update_agent: 0.035
2026-08-11 18:42:06,842 update: 920	fps: 476.343	
2026-08-11 18:42:06,842 Num updates: 920	Num frames 147200
2026-08-11 18:42:06,842 Average window size: 50  distance_to_goal: 0.786  distance_to_goal_reward: 0.001  reward: 3.273  spl: 0.383  success: 0.522
2026-08-11 18:42:06,842 	Perf Stats: trainer.rollout_collect: 0.298 trainer.sample_action: 0.003 trainer.obs_insert: 0.000 trainer.step_env: 0.005 trainer.update_stats: 0.001 trainer.update_agent: 0.035
2026-08-11 18:42:09,891 update: 930	fps: 476.816	
2026-08-11 18:42:09,891 Num updates: 930	Num frames 148800
2026-08-11 18:42:09,891 Average window size: 50  distance_to_goal: 0.642  distance_to_goal_reward: 0.001  reward: 3.714  spl: 0.432  success: 0.592
2026-08-11 18:42:09,891 	Perf Stats: trainer.rollout_collect: 0.298 trainer.sample_action: 0.003 trainer.obs_insert: 0.000 trainer.step_env: 0.005 trainer.update_stats: 0.001 trainer.update_agent: 0.035
PluginManager::Manager: duplicate static plugin StbImageImporter, ignoring
PluginManager::Manager: duplicate static plugin GltfImporter, ignoring
PluginManager::Manager: duplicate static plugin BasisImporter, ignoring
PluginManager::Manager: duplicate static plugin AssimpImporter, ignoring
PluginManager::Manager: duplicate static plugin AnySceneImporter, ignoring
PluginManager::Manager: duplicate static plugin AnyImageImporter, ignoring
Renderer: NVIDIA GeForce RTX 4070/PCIe/SSE2 by NVIDIA Corporation
OpenGL version: 4.6.0 NVIDIA 580.173.02
Using optional features:
    GL_ARB_vertex_array_object
    GL_ARB_separate_shader_objects
    GL_ARB_robustness
    GL_ARB_texture_storage
    GL_ARB_texture_view
    GL_ARB_framebuffer_no_attachments
    GL_ARB_invalidate_subdata
    GL_ARB_texture_storage_multisample
    GL_ARB_multi_bind
    GL_ARB_direct_state_access
    GL_ARB_get_texture_sub_image
    GL_ARB_texture_filter_anisotropic
    GL_KHR_debug
    GL_KHR_parallel_shader_compile
    GL_NV_depth_buffer_float
Using driver workarounds:
    no-forward-compatible-core-context
    nv-egl-incorrect-gl11-function-pointers
    no-layout-qualifiers-on-old-glsl
    nv-zero-context-profile-mask
    nv-implementation-color-read-format-dsa-broken
    nv-cubemap-inconsistent-compressed-image-size
    nv-cubemap-broken-full-compressed-image-query
    nv-compressed-block-size-in-bits
[18:42:10:979972]:[Warning]:[Scene] SemanticScene.h(331)::checkFileExists : ::loadSemanticSceneDescriptor: File `data/scene_datasets/habitat-test-scenes/skokloster-castle.scn` does not exist.  Aborting load.
[18:42:10:979988]:[Warning]:[Scene] SemanticScene.cpp(123)::loadSemanticSceneDescriptor : SSD File Naming Issue! Neither SemanticAttributes-provided name : `data/scene_datasets/habitat-test-scenes/skokloster-castle.scn` nor constructed filename : `data/scene_datasets/habitat-test-scenes/info_semantic.json` exist on disk.
[18:42:10:979993]:[Error]:[Scene] SemanticScene.cpp(139)::loadSemanticSceneDescriptor : SSD Load Failure! File with SemanticAttributes-provided name `data/scene_datasets/habitat-test-scenes/skokloster-castle.scn` exists but failed to load.
[18:42:11:587187]:[Warning]:[Sim] Simulator.cpp(595)::instanceStageForSceneAttributes : The active scene does not contain semantic annotations : activeSemanticSceneID_ = 0
2026-08-11 18:42:13,586 update: 940	fps: 476.303	
2026-08-11 18:42:13,586 Num updates: 940	Num frames 150400
2026-08-11 18:42:13,586 Average window size: 50  distance_to_goal: 0.446  distance_to_goal_reward: 0.001  reward: 4.220  spl: 0.456  success: 0.620
2026-08-11 18:42:13,586 	Perf Stats: trainer.rollout_collect: 0.298 trainer.sample_action: 0.003 trainer.obs_insert: 0.000 trainer.step_env: 0.005 trainer.update_stats: 0.001 trainer.update_agent: 0.035
PluginManager::Manager: duplicate static plugin StbImageImporter, ignoring
PluginManager::Manager: duplicate static plugin GltfImporter, ignoring
PluginManager::Manager: duplicate static plugin BasisImporter, ignoring
PluginManager::Manager: duplicate static plugin AssimpImporter, ignoring
PluginManager::Manager: duplicate static plugin AnySceneImporter, ignoring
PluginManager::Manager: duplicate static plugin AnyImageImporter, ignoring
Renderer: NVIDIA GeForce RTX 4070/PCIe/SSE2 by NVIDIA Corporation
OpenGL version: 4.6.0 NVIDIA 580.173.02
Using optional features:
    GL_ARB_vertex_array_object
    GL_ARB_separate_shader_objects
    GL_ARB_robustness
    GL_ARB_texture_storage
    GL_ARB_texture_view
    GL_ARB_framebuffer_no_attachments
    GL_ARB_invalidate_subdata
    GL_ARB_texture_storage_multisample
    GL_ARB_multi_bind
    GL_ARB_direct_state_access
    GL_ARB_get_texture_sub_image
    GL_ARB_texture_filter_anisotropic
    GL_KHR_debug
    GL_KHR_parallel_shader_compile
    GL_NV_depth_buffer_float
Using driver workarounds:
    no-forward-compatible-core-context
    nv-egl-incorrect-gl11-function-pointers
    no-layout-qualifiers-on-old-glsl
    nv-zero-context-profile-mask
    nv-implementation-color-read-format-dsa-broken
    nv-cubemap-inconsistent-compressed-image-size
    nv-cubemap-broken-full-compressed-image-query
    nv-compressed-block-size-in-bits
[18:42:14:728726]:[Warning]:[Scene] SemanticScene.h(331)::checkFileExists : ::loadSemanticSceneDescriptor: File `data/scene_datasets/habitat-test-scenes/van-gogh-room.scn` does not exist.  Aborting load.
[18:42:14:728742]:[Warning]:[Scene] SemanticScene.cpp(123)::loadSemanticSceneDescriptor : SSD File Naming Issue! Neither SemanticAttributes-provided name : `data/scene_datasets/habitat-test-scenes/van-gogh-room.scn` nor constructed filename : `data/scene_datasets/habitat-test-scenes/info_semantic.json` exist on disk.
[18:42:14:728747]:[Error]:[Scene] SemanticScene.cpp(139)::loadSemanticSceneDescriptor : SSD Load Failure! File with SemanticAttributes-provided name `data/scene_datasets/habitat-test-scenes/van-gogh-room.scn` exists but failed to load.
[18:42:15:182554]:[Warning]:[Sim] Simulator.cpp(595)::instanceStageForSceneAttributes : The active scene does not contain semantic annotations : activeSemanticSceneID_ = 0
2026-08-11 18:42:17,077 update: 950	fps: 476.107	
2026-08-11 18:42:17,077 Num updates: 950	Num frames 152000
2026-08-11 18:42:17,077 Average window size: 50  distance_to_goal: 0.473  distance_to_goal_reward: 0.001  reward: 4.175  spl: 0.441  success: 0.600
2026-08-11 18:42:17,077 	Perf Stats: trainer.rollout_collect: 0.298 trainer.sample_action: 0.003 trainer.obs_insert: 0.000 trainer.step_env: 0.005 trainer.update_stats: 0.001 trainer.update_agent: 0.035
2026-08-11 18:42:20,115 update: 960	fps: 476.584	
2026-08-11 18:42:20,115 Num updates: 960	Num frames 153600
2026-08-11 18:42:20,115 Average window size: 50  distance_to_goal: 0.271  distance_to_goal_reward: 0.000  reward: 4.815  spl: 0.517  success: 0.696
2026-08-11 18:42:20,115 	Perf Stats: trainer.rollout_collect: 0.298 trainer.sample_action: 0.003 trainer.obs_insert: 0.000 trainer.step_env: 0.005 trainer.update_stats: 0.001 trainer.update_agent: 0.035
2026-08-11 18:42:23,132 update: 970	fps: 477.082	
2026-08-11 18:42:23,132 Num updates: 970	Num frames 155200
2026-08-11 18:42:23,132 Average window size: 50  distance_to_goal: 0.284  distance_to_goal_reward: 0.000  reward: 4.875  spl: 0.524  success: 0.701
2026-08-11 18:42:23,132 	Perf Stats: trainer.rollout_collect: 0.298 trainer.sample_action: 0.003 trainer.obs_insert: 0.000 trainer.step_env: 0.005 trainer.update_stats: 0.001 trainer.update_agent: 0.035
2026-08-11 18:42:26,169 update: 980	fps: 477.542	
2026-08-11 18:42:26,169 Num updates: 980	Num frames 156800
2026-08-11 18:42:26,169 Average window size: 50  distance_to_goal: 0.369  distance_to_goal_reward: 0.000  reward: 4.596  spl: 0.532  success: 0.688
2026-08-11 18:42:26,169 	Perf Stats: trainer.rollout_collect: 0.297 trainer.sample_action: 0.003 trainer.obs_insert: 0.000 trainer.step_env: 0.005 trainer.update_stats: 0.001 trainer.update_agent: 0.035
2026-08-11 18:42:29,188 update: 990	fps: 478.020	
2026-08-11 18:42:29,188 Num updates: 990	Num frames 158400
2026-08-11 18:42:29,188 Average window size: 50  distance_to_goal: 0.658  distance_to_goal_reward: 0.000  reward: 3.992  spl: 0.520  success: 0.659
2026-08-11 18:42:29,188 	Perf Stats: trainer.rollout_collect: 0.297 trainer.sample_action: 0.003 trainer.obs_insert: 0.000 trainer.step_env: 0.005 trainer.update_stats: 0.001 trainer.update_agent: 0.035
PluginManager::Manager: duplicate static plugin StbImageImporter, ignoring
PluginManager::Manager: duplicate static plugin GltfImporter, ignoring
PluginManager::Manager: duplicate static plugin BasisImporter, ignoring
PluginManager::Manager: duplicate static plugin AssimpImporter, ignoring
PluginManager::Manager: duplicate static plugin AnySceneImporter, ignoring
PluginManager::Manager: duplicate static plugin AnyImageImporter, ignoring
Renderer: NVIDIA GeForce RTX 4070/PCIe/SSE2 by NVIDIA Corporation
OpenGL version: 4.6.0 NVIDIA 580.173.02
Using optional features:
    GL_ARB_vertex_array_object
    GL_ARB_separate_shader_objects
    GL_ARB_robustness
    GL_ARB_texture_storage
    GL_ARB_texture_view
    GL_ARB_framebuffer_no_attachments
    GL_ARB_invalidate_subdata
    GL_ARB_texture_storage_multisample
    GL_ARB_multi_bind
    GL_ARB_direct_state_access
    GL_ARB_get_texture_sub_image
    GL_ARB_texture_filter_anisotropic
    GL_KHR_debug
    GL_KHR_parallel_shader_compile
    GL_NV_depth_buffer_float
Using driver workarounds:
    no-forward-compatible-core-context
    nv-egl-incorrect-gl11-function-pointers
    no-layout-qualifiers-on-old-glsl
    nv-zero-context-profile-mask
    nv-implementation-color-read-format-dsa-broken
    nv-cubemap-inconsistent-compressed-image-size
    nv-cubemap-broken-full-compressed-image-query
    nv-compressed-block-size-in-bits
[18:42:31:161332]:[Warning]:[Scene] SemanticScene.h(331)::checkFileExists : ::loadSemanticSceneDescriptor: File `data/scene_datasets/habitat-test-scenes/skokloster-castle.scn` does not exist.  Aborting load.
[18:42:31:161348]:[Warning]:[Scene] SemanticScene.cpp(123)::loadSemanticSceneDescriptor : SSD File Naming Issue! Neither SemanticAttributes-provided name : `data/scene_datasets/habitat-test-scenes/skokloster-castle.scn` nor constructed filename : `data/scene_datasets/habitat-test-scenes/info_semantic.json` exist on disk.
[18:42:31:161352]:[Error]:[Scene] SemanticScene.cpp(139)::loadSemanticSceneDescriptor : SSD Load Failure! File with SemanticAttributes-provided name `data/scene_datasets/habitat-test-scenes/skokloster-castle.scn` exists but failed to load.
[18:42:31:773930]:[Warning]:[Sim] Simulator.cpp(595)::instanceStageForSceneAttributes : The active scene does not contain semantic annotations : activeSemanticSceneID_ = 0
2026-08-11 18:42:32,939 update: 1000	fps: 477.443	
2026-08-11 18:42:32,940 Num updates: 1000	Num frames 160000
2026-08-11 18:42:32,940 Average window size: 50  distance_to_goal: 0.608  distance_to_goal_reward: 0.000  reward: 4.028  spl: 0.556  success: 0.707
2026-08-11 18:42:32,940 	Perf Stats: trainer.rollout_collect: 0.297 trainer.sample_action: 0.003 trainer.obs_insert: 0.000 trainer.step_env: 0.005 trainer.update_stats: 0.001 trainer.update_agent: 0.035
2026-08-11 18:42:36,031 update: 1010	fps: 477.810	
2026-08-11 18:42:36,031 Num updates: 1010	Num frames 161600
2026-08-11 18:42:36,031 Average window size: 50  distance_to_goal: 0.928  distance_to_goal_reward: 0.000  reward: 3.302  spl: 0.475  success: 0.613
2026-08-11 18:42:36,031 	Perf Stats: trainer.rollout_collect: 0.297 trainer.sample_action: 0.003 trainer.obs_insert: 0.000 trainer.step_env: 0.005 trainer.update_stats: 0.001 trainer.update_agent: 0.035
2026-08-11 18:42:39,120 update: 1020	fps: 478.173	
2026-08-11 18:42:39,120 Num updates: 1020	Num frames 163200
2026-08-11 18:42:39,120 Average window size: 50  distance_to_goal: 1.052  distance_to_goal_reward: 0.000  reward: 2.969  spl: 0.406  success: 0.514
2026-08-11 18:42:39,120 	Perf Stats: trainer.rollout_collect: 0.297 trainer.sample_action: 0.003 trainer.obs_insert: 0.000 trainer.step_env: 0.005 trainer.update_stats: 0.001 trainer.update_agent: 0.035
2026-08-11 18:42:42,171 update: 1030	fps: 478.582	
2026-08-11 18:42:42,171 Num updates: 1030	Num frames 164800
2026-08-11 18:42:42,171 Average window size: 50  distance_to_goal: 1.586  distance_to_goal_reward: 0.000  reward: 2.658  spl: 0.350  success: 0.444
2026-08-11 18:42:42,171 	Perf Stats: trainer.rollout_collect: 0.297 trainer.sample_action: 0.003 trainer.obs_insert: 0.000 trainer.step_env: 0.005 trainer.update_stats: 0.001 trainer.update_agent: 0.035
2026-08-11 18:42:45,243 update: 1040	fps: 478.956	
2026-08-11 18:42:45,243 Num updates: 1040	Num frames 166400
2026-08-11 18:42:45,244 Average window size: 50  distance_to_goal: 1.382  distance_to_goal_reward: 0.000  reward: 2.438  spl: 0.341  success: 0.419
2026-08-11 18:42:45,244 	Perf Stats: trainer.rollout_collect: 0.296 trainer.sample_action: 0.003 trainer.obs_insert: 0.000 trainer.step_env: 0.005 trainer.update_stats: 0.001 trainer.update_agent: 0.035
2026-08-11 18:42:48,341 update: 1050	fps: 479.288	
2026-08-11 18:42:48,341 Num updates: 1050	Num frames 168000
2026-08-11 18:42:48,341 Average window size: 50  distance_to_goal: 1.346  distance_to_goal_reward: 0.000  reward: 2.260  spl: 0.286  success: 0.344
2026-08-11 18:42:48,341 	Perf Stats: trainer.rollout_collect: 0.296 trainer.sample_action: 0.003 trainer.obs_insert: 0.000 trainer.step_env: 0.005 trainer.update_stats: 0.001 trainer.update_agent: 0.035
2026-08-11 18:42:51,431 update: 1060	fps: 479.624	
2026-08-11 18:42:51,431 Num updates: 1060	Num frames 169600
2026-08-11 18:42:51,431 Average window size: 50  distance_to_goal: 1.171  distance_to_goal_reward: 0.000  reward: 3.157  spl: 0.340  success: 0.409
2026-08-11 18:42:51,431 	Perf Stats: trainer.rollout_collect: 0.296 trainer.sample_action: 0.003 trainer.obs_insert: 0.000 trainer.step_env: 0.005 trainer.update_stats: 0.001 trainer.update_agent: 0.035
2026-08-11 18:42:54,530 update: 1070	fps: 479.943	
2026-08-11 18:42:54,530 Num updates: 1070	Num frames 171200
2026-08-11 18:42:54,530 Average window size: 50  distance_to_goal: 1.212  distance_to_goal_reward: 0.000  reward: 3.434  spl: 0.358  success: 0.453
2026-08-11 18:42:54,530 	Perf Stats: trainer.rollout_collect: 0.296 trainer.sample_action: 0.003 trainer.obs_insert: 0.000 trainer.step_env: 0.005 trainer.update_stats: 0.001 trainer.update_agent: 0.035
2026-08-11 18:42:57,595 update: 1080	fps: 480.302	
2026-08-11 18:42:57,595 Num updates: 1080	Num frames 172800
2026-08-11 18:42:57,595 Average window size: 50  distance_to_goal: 0.955  distance_to_goal_reward: 0.000  reward: 3.574  spl: 0.396  success: 0.506
2026-08-11 18:42:57,595 	Perf Stats: trainer.rollout_collect: 0.295 trainer.sample_action: 0.003 trainer.obs_insert: 0.000 trainer.step_env: 0.005 trainer.update_stats: 0.001 trainer.update_agent: 0.035
2026-08-11 18:43:00,691 update: 1090	fps: 480.613	
2026-08-11 18:43:00,691 Num updates: 1090	Num frames 174400
2026-08-11 18:43:00,691 Average window size: 50  distance_to_goal: 0.972  distance_to_goal_reward: 0.000  reward: 4.272  spl: 0.436  success: 0.567
2026-08-11 18:43:00,691 	Perf Stats: trainer.rollout_collect: 0.295 trainer.sample_action: 0.003 trainer.obs_insert: 0.000 trainer.step_env: 0.005 trainer.update_stats: 0.001 trainer.update_agent: 0.035
2026-08-11 18:43:03,855 update: 1100	fps: 480.830	
2026-08-11 18:43:03,855 Num updates: 1100	Num frames 176000
2026-08-11 18:43:03,855 Average window size: 50  distance_to_goal: 0.876  distance_to_goal_reward: 0.000  reward: 4.592  spl: 0.484  success: 0.629
2026-08-11 18:43:03,855 	Perf Stats: trainer.rollout_collect: 0.295 trainer.sample_action: 0.003 trainer.obs_insert: 0.000 trainer.step_env: 0.005 trainer.update_stats: 0.001 trainer.update_agent: 0.035
2026-08-11 18:43:06,928 update: 1110	fps: 481.161	
2026-08-11 18:43:06,929 Num updates: 1110	Num frames 177600
2026-08-11 18:43:06,929 Average window size: 50  distance_to_goal: 0.999  distance_to_goal_reward: 0.000  reward: 4.127  spl: 0.488  success: 0.627
2026-08-11 18:43:06,929 	Perf Stats: trainer.rollout_collect: 0.295 trainer.sample_action: 0.003 trainer.obs_insert: 0.000 trainer.step_env: 0.005 trainer.update_stats: 0.001 trainer.update_agent: 0.035
2026-08-11 18:43:09,978 update: 1120	fps: 481.517	
2026-08-11 18:43:09,978 Num updates: 1120	Num frames 179200
2026-08-11 18:43:09,978 Average window size: 50  distance_to_goal: 0.964  distance_to_goal_reward: 0.000  reward: 4.193  spl: 0.540  success: 0.686
2026-08-11 18:43:09,978 	Perf Stats: trainer.rollout_collect: 0.294 trainer.sample_action: 0.003 trainer.obs_insert: 0.000 trainer.step_env: 0.005 trainer.update_stats: 0.001 trainer.update_agent: 0.035
2026-08-11 18:43:13,030 update: 1130	fps: 481.864	
2026-08-11 18:43:13,030 Num updates: 1130	Num frames 180800
2026-08-11 18:43:13,030 Average window size: 50  distance_to_goal: 0.920  distance_to_goal_reward: 0.000  reward: 4.006  spl: 0.521  success: 0.643
2026-08-11 18:43:13,031 	Perf Stats: trainer.rollout_collect: 0.294 trainer.sample_action: 0.003 trainer.obs_insert: 0.000 trainer.step_env: 0.005 trainer.update_stats: 0.001 trainer.update_agent: 0.035
2026-08-11 18:43:16,105 update: 1140	fps: 482.177	
2026-08-11 18:43:16,106 Num updates: 1140	Num frames 182400
2026-08-11 18:43:16,106 Average window size: 50  distance_to_goal: 0.762  distance_to_goal_reward: 0.000  reward: 3.732  spl: 0.448  success: 0.539
2026-08-11 18:43:16,106 	Perf Stats: trainer.rollout_collect: 0.294 trainer.sample_action: 0.003 trainer.obs_insert: 0.000 trainer.step_env: 0.005 trainer.update_stats: 0.001 trainer.update_agent: 0.035
PluginManager::Manager: duplicate static plugin StbImageImporter, ignoring
PluginManager::Manager: duplicate static plugin GltfImporter, ignoring
PluginManager::Manager: duplicate static plugin BasisImporter, ignoring
PluginManager::Manager: duplicate static plugin AssimpImporter, ignoring
PluginManager::Manager: duplicate static plugin AnySceneImporter, ignoring
PluginManager::Manager: duplicate static plugin AnyImageImporter, ignoring
Renderer: NVIDIA GeForce RTX 4070/PCIe/SSE2 by NVIDIA Corporation
OpenGL version: 4.6.0 NVIDIA 580.173.02
Using optional features:
    GL_ARB_vertex_array_object
    GL_ARB_separate_shader_objects
    GL_ARB_robustness
    GL_ARB_texture_storage
    GL_ARB_texture_view
    GL_ARB_framebuffer_no_attachments
    GL_ARB_invalidate_subdata
    GL_ARB_texture_storage_multisample
    GL_ARB_multi_bind
    GL_ARB_direct_state_access
    GL_ARB_get_texture_sub_image
    GL_ARB_texture_filter_anisotropic
    GL_KHR_debug
    GL_KHR_parallel_shader_compile
    GL_NV_depth_buffer_float
Using driver workarounds:
    no-forward-compatible-core-context
    nv-egl-incorrect-gl11-function-pointers
    no-layout-qualifiers-on-old-glsl
    nv-zero-context-profile-mask
    nv-implementation-color-read-format-dsa-broken
    nv-cubemap-inconsistent-compressed-image-size
    nv-cubemap-broken-full-compressed-image-query
    nv-compressed-block-size-in-bits
[18:43:18:916436]:[Warning]:[Scene] SemanticScene.h(331)::checkFileExists : ::loadSemanticSceneDescriptor: File `data/scene_datasets/habitat-test-scenes/van-gogh-room.scn` does not exist.  Aborting load.
[18:43:18:916451]:[Warning]:[Scene] SemanticScene.cpp(123)::loadSemanticSceneDescriptor : SSD File Naming Issue! Neither SemanticAttributes-provided name : `data/scene_datasets/habitat-test-scenes/van-gogh-room.scn` nor constructed filename : `data/scene_datasets/habitat-test-scenes/info_semantic.json` exist on disk.
[18:43:18:916456]:[Error]:[Scene] SemanticScene.cpp(139)::loadSemanticSceneDescriptor : SSD Load Failure! File with SemanticAttributes-provided name `data/scene_datasets/habitat-test-scenes/van-gogh-room.scn` exists but failed to load.
[18:43:19:362304]:[Warning]:[Sim] Simulator.cpp(595)::instanceStageForSceneAttributes : The active scene does not contain semantic annotations : activeSemanticSceneID_ = 0
2026-08-11 18:43:19,643 update: 1150	fps: 481.900	
2026-08-11 18:43:19,643 Num updates: 1150	Num frames 184000
2026-08-11 18:43:19,643 Average window size: 50  distance_to_goal: 0.802  distance_to_goal_reward: 0.000  reward: 3.633  spl: 0.408  success: 0.500
2026-08-11 18:43:19,643 	Perf Stats: trainer.rollout_collect: 0.294 trainer.sample_action: 0.003 trainer.obs_insert: 0.000 trainer.step_env: 0.005 trainer.update_stats: 0.001 trainer.update_agent: 0.035
2026-08-11 18:43:22,703 update: 1160	fps: 482.226	
2026-08-11 18:43:22,703 Num updates: 1160	Num frames 185600
2026-08-11 18:43:22,703 Average window size: 50  distance_to_goal: 0.654  distance_to_goal_reward: 0.000  reward: 4.079  spl: 0.442  success: 0.553
2026-08-11 18:43:22,703 	Perf Stats: trainer.rollout_collect: 0.294 trainer.sample_action: 0.003 trainer.obs_insert: 0.000 trainer.step_env: 0.005 trainer.update_stats: 0.001 trainer.update_agent: 0.035
2026-08-11 18:43:25,698 update: 1170	fps: 482.627	
2026-08-11 18:43:25,706 Num updates: 1170	Num frames 187200
2026-08-11 18:43:25,706 Average window size: 50  distance_to_goal: 0.513  distance_to_goal_reward: 0.000  reward: 4.157  spl: 0.466  success: 0.578
2026-08-11 18:43:25,706 	Perf Stats: trainer.rollout_collect: 0.294 trainer.sample_action: 0.003 trainer.obs_insert: 0.000 trainer.step_env: 0.005 trainer.update_stats: 0.001 trainer.update_agent: 0.035
PluginManager::Manager: duplicate static plugin StbImageImporter, ignoring
PluginManager::Manager: duplicate static plugin GltfImporter, ignoring
PluginManager::Manager: duplicate static plugin BasisImporter, ignoring
PluginManager::Manager: duplicate static plugin AssimpImporter, ignoring
PluginManager::Manager: duplicate static plugin AnySceneImporter, ignoring
PluginManager::Manager: duplicate static plugin AnyImageImporter, ignoring
Renderer: NVIDIA GeForce RTX 4070/PCIe/SSE2 by NVIDIA Corporation
OpenGL version: 4.6.0 NVIDIA 580.173.02
Using optional features:
    GL_ARB_vertex_array_object
    GL_ARB_separate_shader_objects
    GL_ARB_robustness
    GL_ARB_texture_storage
    GL_ARB_texture_view
    GL_ARB_framebuffer_no_attachments
    GL_ARB_invalidate_subdata
    GL_ARB_texture_storage_multisample
    GL_ARB_multi_bind
    GL_ARB_direct_state_access
    GL_ARB_get_texture_sub_image
    GL_ARB_texture_filter_anisotropic
    GL_KHR_debug
    GL_KHR_parallel_shader_compile
    GL_NV_depth_buffer_float
Using driver workarounds:
    no-forward-compatible-core-context
    nv-egl-incorrect-gl11-function-pointers
    no-layout-qualifiers-on-old-glsl
    nv-zero-context-profile-mask
    nv-implementation-color-read-format-dsa-broken
    nv-cubemap-inconsistent-compressed-image-size
    nv-cubemap-broken-full-compressed-image-query
    nv-compressed-block-size-in-bits
[18:43:25:905694]:[Warning]:[Scene] SemanticScene.h(331)::checkFileExists : ::loadSemanticSceneDescriptor: File `data/scene_datasets/habitat-test-scenes/skokloster-castle.scn` does not exist.  Aborting load.
[18:43:25:905709]:[Warning]:[Scene] SemanticScene.cpp(123)::loadSemanticSceneDescriptor : SSD File Naming Issue! Neither SemanticAttributes-provided name : `data/scene_datasets/habitat-test-scenes/skokloster-castle.scn` nor constructed filename : `data/scene_datasets/habitat-test-scenes/info_semantic.json` exist on disk.
[18:43:25:905714]:[Error]:[Scene] SemanticScene.cpp(139)::loadSemanticSceneDescriptor : SSD Load Failure! File with SemanticAttributes-provided name `data/scene_datasets/habitat-test-scenes/skokloster-castle.scn` exists but failed to load.
[18:43:26:508426]:[Warning]:[Sim] Simulator.cpp(595)::instanceStageForSceneAttributes : The active scene does not contain semantic annotations : activeSemanticSceneID_ = 0
2026-08-11 18:43:29,428 update: 1180	fps: 482.116	
2026-08-11 18:43:29,428 Num updates: 1180	Num frames 188800
2026-08-11 18:43:29,428 Average window size: 50  distance_to_goal: 0.559  distance_to_goal_reward: -0.000  reward: 4.280  spl: 0.476  success: 0.596
2026-08-11 18:43:29,428 	Perf Stats: trainer.rollout_collect: 0.294 trainer.sample_action: 0.003 trainer.obs_insert: 0.000 trainer.step_env: 0.005 trainer.update_stats: 0.001 trainer.update_agent: 0.035
2026-08-11 18:43:32,555 update: 1190	fps: 482.350	
2026-08-11 18:43:32,555 Num updates: 1190	Num frames 190400
2026-08-11 18:43:32,555 Average window size: 50  distance_to_goal: 0.522  distance_to_goal_reward: -0.000  reward: 4.432  spl: 0.527  success: 0.670
2026-08-11 18:43:32,556 	Perf Stats: trainer.rollout_collect: 0.294 trainer.sample_action: 0.003 trainer.obs_insert: 0.000 trainer.step_env: 0.005 trainer.update_stats: 0.001 trainer.update_agent: 0.035
2026-08-11 18:43:35,762 update: 1200	fps: 482.484	
2026-08-11 18:43:35,762 Num updates: 1200	Num frames 192000
2026-08-11 18:43:35,762 Average window size: 50  distance_to_goal: 0.551  distance_to_goal_reward: -0.000  reward: 4.338  spl: 0.532  success: 0.670
2026-08-11 18:43:35,762 	Perf Stats: trainer.rollout_collect: 0.294 trainer.sample_action: 0.003 trainer.obs_insert: 0.000 trainer.step_env: 0.005 trainer.update_stats: 0.001 trainer.update_agent: 0.035
PluginManager::Manager: duplicate static plugin StbImageImporter, ignoring
PluginManager::Manager: duplicate static plugin GltfImporter, ignoring
PluginManager::Manager: duplicate static plugin BasisImporter, ignoring
PluginManager::Manager: duplicate static plugin AssimpImporter, ignoring
PluginManager::Manager: duplicate static plugin AnySceneImporter, ignoring
PluginManager::Manager: duplicate static plugin AnyImageImporter, ignoring
Renderer: NVIDIA GeForce RTX 4070/PCIe/SSE2 by NVIDIA Corporation
OpenGL version: 4.6.0 NVIDIA 580.173.02
Using optional features:
    GL_ARB_vertex_array_object
    GL_ARB_separate_shader_objects
    GL_ARB_robustness
    GL_ARB_texture_storage
    GL_ARB_texture_view
    GL_ARB_framebuffer_no_attachments
    GL_ARB_invalidate_subdata
    GL_ARB_texture_storage_multisample
    GL_ARB_multi_bind
    GL_ARB_direct_state_access
    GL_ARB_get_texture_sub_image
    GL_ARB_texture_filter_anisotropic
    GL_KHR_debug
    GL_KHR_parallel_shader_compile
    GL_NV_depth_buffer_float
Using driver workarounds:
    no-forward-compatible-core-context
    nv-egl-incorrect-gl11-function-pointers
    no-layout-qualifiers-on-old-glsl
    nv-zero-context-profile-mask
    nv-implementation-color-read-format-dsa-broken
    nv-cubemap-inconsistent-compressed-image-size
    nv-cubemap-broken-full-compressed-image-query
    nv-compressed-block-size-in-bits
[18:43:37:417621]:[Warning]:[Scene] SemanticScene.h(331)::checkFileExists : ::loadSemanticSceneDescriptor: File `data/scene_datasets/habitat-test-scenes/skokloster-castle.scn` does not exist.  Aborting load.
[18:43:37:417638]:[Warning]:[Scene] SemanticScene.cpp(123)::loadSemanticSceneDescriptor : SSD File Naming Issue! Neither SemanticAttributes-provided name : `data/scene_datasets/habitat-test-scenes/skokloster-castle.scn` nor constructed filename : `data/scene_datasets/habitat-test-scenes/info_semantic.json` exist on disk.
[18:43:37:417643]:[Error]:[Scene] SemanticScene.cpp(139)::loadSemanticSceneDescriptor : SSD Load Failure! File with SemanticAttributes-provided name `data/scene_datasets/habitat-test-scenes/skokloster-castle.scn` exists but failed to load.
[18:43:38:036501]:[Warning]:[Sim] Simulator.cpp(595)::instanceStageForSceneAttributes : The active scene does not contain semantic annotations : activeSemanticSceneID_ = 0
2026-08-11 18:43:39,516 update: 1210	fps: 481.957	
2026-08-11 18:43:39,516 Num updates: 1210	Num frames 193600
2026-08-11 18:43:39,517 Average window size: 50  distance_to_goal: 0.701  distance_to_goal_reward: -0.000  reward: 3.963  spl: 0.528  success: 0.658
2026-08-11 18:43:39,517 	Perf Stats: trainer.rollout_collect: 0.294 trainer.sample_action: 0.003 trainer.obs_insert: 0.000 trainer.step_env: 0.005 trainer.update_stats: 0.001 trainer.update_agent: 0.035
PluginManager::Manager: duplicate static plugin StbImageImporter, ignoring
PluginManager::Manager: duplicate static plugin GltfImporter, ignoring
PluginManager::Manager: duplicate static plugin BasisImporter, ignoring
PluginManager::Manager: duplicate static plugin AssimpImporter, ignoring
PluginManager::Manager: duplicate static plugin AnySceneImporter, ignoring
PluginManager::Manager: duplicate static plugin AnyImageImporter, ignoring
Renderer: NVIDIA GeForce RTX 4070/PCIe/SSE2 by NVIDIA Corporation
OpenGL version: 4.6.0 NVIDIA 580.173.02
Using optional features:
    GL_ARB_vertex_array_object
    GL_ARB_separate_shader_objects
    GL_ARB_robustness
    GL_ARB_texture_storage
    GL_ARB_texture_view
    GL_ARB_framebuffer_no_attachments
    GL_ARB_invalidate_subdata
    GL_ARB_texture_storage_multisample
    GL_ARB_multi_bind
    GL_ARB_direct_state_access
    GL_ARB_get_texture_sub_image
    GL_ARB_texture_filter_anisotropic
    GL_KHR_debug
    GL_KHR_parallel_shader_compile
    GL_NV_depth_buffer_float
Using driver workarounds:
    no-forward-compatible-core-context
    nv-egl-incorrect-gl11-function-pointers
    no-layout-qualifiers-on-old-glsl
    nv-zero-context-profile-mask
    nv-implementation-color-read-format-dsa-broken
    nv-cubemap-inconsistent-compressed-image-size
    nv-cubemap-broken-full-compressed-image-query
    nv-compressed-block-size-in-bits
[18:43:40:025002]:[Warning]:[Scene] SemanticScene.h(331)::checkFileExists : ::loadSemanticSceneDescriptor: File `data/scene_datasets/habitat-test-scenes/van-gogh-room.scn` does not exist.  Aborting load.
[18:43:40:025018]:[Warning]:[Scene] SemanticScene.cpp(123)::loadSemanticSceneDescriptor : SSD File Naming Issue! Neither SemanticAttributes-provided name : `data/scene_datasets/habitat-test-scenes/van-gogh-room.scn` nor constructed filename : `data/scene_datasets/habitat-test-scenes/info_semantic.json` exist on disk.
[18:43:40:025023]:[Error]:[Scene] SemanticScene.cpp(139)::loadSemanticSceneDescriptor : SSD Load Failure! File with SemanticAttributes-provided name `data/scene_datasets/habitat-test-scenes/van-gogh-room.scn` exists but failed to load.
[18:43:40:455701]:[Warning]:[Sim] Simulator.cpp(595)::instanceStageForSceneAttributes : The active scene does not contain semantic annotations : activeSemanticSceneID_ = 0
2026-08-11 18:43:43,099 update: 1220	fps: 481.644	
2026-08-11 18:43:43,099 Num updates: 1220	Num frames 195200
2026-08-11 18:43:43,100 Average window size: 50  distance_to_goal: 0.691  distance_to_goal_reward: -0.000  reward: 4.336  spl: 0.515  success: 0.658
2026-08-11 18:43:43,100 	Perf Stats: trainer.rollout_collect: 0.294 trainer.sample_action: 0.003 trainer.obs_insert: 0.000 trainer.step_env: 0.005 trainer.update_stats: 0.001 trainer.update_agent: 0.035
2026-08-11 18:43:46,242 update: 1230	fps: 481.855	
2026-08-11 18:43:46,243 Num updates: 1230	Num frames 196800
2026-08-11 18:43:46,243 Average window size: 50  distance_to_goal: 0.844  distance_to_goal_reward: 0.000  reward: 4.413  spl: 0.517  success: 0.667
2026-08-11 18:43:46,243 	Perf Stats: trainer.rollout_collect: 0.294 trainer.sample_action: 0.003 trainer.obs_insert: 0.000 trainer.step_env: 0.005 trainer.update_stats: 0.001 trainer.update_agent: 0.035
2026-08-11 18:43:49,372 update: 1240	fps: 482.079	
2026-08-11 18:43:49,372 Num updates: 1240	Num frames 198400
2026-08-11 18:43:49,372 Average window size: 50  distance_to_goal: 0.944  distance_to_goal_reward: 0.000  reward: 4.487  spl: 0.512  success: 0.679
2026-08-11 18:43:49,372 	Perf Stats: trainer.rollout_collect: 0.294 trainer.sample_action: 0.003 trainer.obs_insert: 0.000 trainer.step_env: 0.005 trainer.update_stats: 0.001 trainer.update_agent: 0.035
2026-08-11 18:43:52,487 update: 1250	fps: 482.315	
2026-08-11 18:43:52,487 Num updates: 1250	Num frames 200000
2026-08-11 18:43:52,487 Average window size: 50  distance_to_goal: 0.837  distance_to_goal_reward: 0.000  reward: 5.173  spl: 0.532  success: 0.699
2026-08-11 18:43:52,487 	Perf Stats: trainer.rollout_collect: 0.294 trainer.sample_action: 0.003 trainer.obs_insert: 0.000 trainer.step_env: 0.005 trainer.update_stats: 0.001 trainer.update_agent: 0.035
2026-08-11 18:43:55,670 update: 1260	fps: 482.471	
2026-08-11 18:43:55,670 Num updates: 1260	Num frames 201600
2026-08-11 18:43:55,670 Average window size: 50  distance_to_goal: 0.872  distance_to_goal_reward: 0.000  reward: 5.336  spl: 0.567  success: 0.739
2026-08-11 18:43:55,670 	Perf Stats: trainer.rollout_collect: 0.294 trainer.sample_action: 0.003 trainer.obs_insert: 0.000 trainer.step_env: 0.005 trainer.update_stats: 0.001 trainer.update_agent: 0.035
2026-08-11 18:43:58,805 update: 1270	fps: 482.678	
2026-08-11 18:43:58,805 Num updates: 1270	Num frames 203200
2026-08-11 18:43:58,805 Average window size: 50  distance_to_goal: 0.792  distance_to_goal_reward: 0.000  reward: 5.278  spl: 0.585  success: 0.759
2026-08-11 18:43:58,805 	Perf Stats: trainer.rollout_collect: 0.294 trainer.sample_action: 0.003 trainer.obs_insert: 0.000 trainer.step_env: 0.005 trainer.update_stats: 0.001 trainer.update_agent: 0.035
2026-08-11 18:44:01,927 update: 1280	fps: 482.898	
2026-08-11 18:44:01,927 Num updates: 1280	Num frames 204800
2026-08-11 18:44:01,927 Average window size: 50  distance_to_goal: 0.652  distance_to_goal_reward: 0.000  reward: 5.589  spl: 0.580  success: 0.765
2026-08-11 18:44:01,927 	Perf Stats: trainer.rollout_collect: 0.294 trainer.sample_action: 0.003 trainer.obs_insert: 0.000 trainer.step_env: 0.005 trainer.update_stats: 0.001 trainer.update_agent: 0.035
2026-08-11 18:44:05,012 update: 1290	fps: 483.157	
2026-08-11 18:44:05,012 Num updates: 1290	Num frames 206400
2026-08-11 18:44:05,012 Average window size: 50  distance_to_goal: 0.628  distance_to_goal_reward: 0.000  reward: 5.408  spl: 0.588  success: 0.765
2026-08-11 18:44:05,012 	Perf Stats: trainer.rollout_collect: 0.293 trainer.sample_action: 0.003 trainer.obs_insert: 0.000 trainer.step_env: 0.005 trainer.update_stats: 0.001 trainer.update_agent: 0.035
2026-08-11 18:44:08,218 update: 1300	fps: 483.275	
2026-08-11 18:44:08,218 Num updates: 1300	Num frames 208000
2026-08-11 18:44:08,218 Average window size: 50  distance_to_goal: 0.929  distance_to_goal_reward: 0.000  reward: 4.785  spl: 0.606  success: 0.779
2026-08-11 18:44:08,218 	Perf Stats: trainer.rollout_collect: 0.293 trainer.sample_action: 0.003 trainer.obs_insert: 0.000 trainer.step_env: 0.005 trainer.update_stats: 0.001 trainer.update_agent: 0.035
2026-08-11 18:44:11,348 update: 1310	fps: 483.476	
2026-08-11 18:44:11,348 Num updates: 1310	Num frames 209600
2026-08-11 18:44:11,348 Average window size: 50  distance_to_goal: 0.949  distance_to_goal_reward: 0.000  reward: 4.481  spl: 0.546  success: 0.718
2026-08-11 18:44:11,348 	Perf Stats: trainer.rollout_collect: 0.293 trainer.sample_action: 0.003 trainer.obs_insert: 0.000 trainer.step_env: 0.005 trainer.update_stats: 0.001 trainer.update_agent: 0.035
2026-08-11 18:44:14,479 update: 1320	fps: 483.673	
2026-08-11 18:44:14,480 Num updates: 1320	Num frames 211200
2026-08-11 18:44:14,480 Average window size: 50  distance_to_goal: 0.819  distance_to_goal_reward: -0.000  reward: 4.549  spl: 0.505  success: 0.667
2026-08-11 18:44:14,480 	Perf Stats: trainer.rollout_collect: 0.293 trainer.sample_action: 0.003 trainer.obs_insert: 0.000 trainer.step_env: 0.005 trainer.update_stats: 0.001 trainer.update_agent: 0.035
2026-08-11 18:44:17,624 update: 1330	fps: 483.853	
2026-08-11 18:44:17,624 Num updates: 1330	Num frames 212800
2026-08-11 18:44:17,624 Average window size: 50  distance_to_goal: 0.812  distance_to_goal_reward: -0.000  reward: 4.813  spl: 0.529  success: 0.675
2026-08-11 18:44:17,624 	Perf Stats: trainer.rollout_collect: 0.293 trainer.sample_action: 0.003 trainer.obs_insert: 0.000 trainer.step_env: 0.005 trainer.update_stats: 0.001 trainer.update_agent: 0.035
PluginManager::Manager: duplicate static plugin StbImageImporter, ignoring
PluginManager::Manager: duplicate static plugin GltfImporter, ignoring
PluginManager::Manager: duplicate static plugin BasisImporter, ignoring
PluginManager::Manager: duplicate static plugin AssimpImporter, ignoring
PluginManager::Manager: duplicate static plugin AnySceneImporter, ignoring
PluginManager::Manager: duplicate static plugin AnyImageImporter, ignoring
Renderer: NVIDIA GeForce RTX 4070/PCIe/SSE2 by NVIDIA Corporation
OpenGL version: 4.6.0 NVIDIA 580.173.02
Using optional features:
    GL_ARB_vertex_array_object
    GL_ARB_separate_shader_objects
    GL_ARB_robustness
    GL_ARB_texture_storage
    GL_ARB_texture_view
    GL_ARB_framebuffer_no_attachments
    GL_ARB_invalidate_subdata
    GL_ARB_texture_storage_multisample
    GL_ARB_multi_bind
    GL_ARB_direct_state_access
    GL_ARB_get_texture_sub_image
    GL_ARB_texture_filter_anisotropic
    GL_KHR_debug
    GL_KHR_parallel_shader_compile
    GL_NV_depth_buffer_float
Using driver workarounds:
    no-forward-compatible-core-context
    nv-egl-incorrect-gl11-function-pointers
    no-layout-qualifiers-on-old-glsl
    nv-zero-context-profile-mask
    nv-implementation-color-read-format-dsa-broken
    nv-cubemap-inconsistent-compressed-image-size
    nv-cubemap-broken-full-compressed-image-query
    nv-compressed-block-size-in-bits
[18:44:18:049221]:[Warning]:[Scene] SemanticScene.h(331)::checkFileExists : ::loadSemanticSceneDescriptor: File `data/scene_datasets/habitat-test-scenes/van-gogh-room.scn` does not exist.  Aborting load.
[18:44:18:049237]:[Warning]:[Scene] SemanticScene.cpp(123)::loadSemanticSceneDescriptor : SSD File Naming Issue! Neither SemanticAttributes-provided name : `data/scene_datasets/habitat-test-scenes/van-gogh-room.scn` nor constructed filename : `data/scene_datasets/habitat-test-scenes/info_semantic.json` exist on disk.
[18:44:18:049242]:[Error]:[Scene] SemanticScene.cpp(139)::loadSemanticSceneDescriptor : SSD Load Failure! File with SemanticAttributes-provided name `data/scene_datasets/habitat-test-scenes/van-gogh-room.scn` exists but failed to load.
[18:44:18:496854]:[Warning]:[Sim] Simulator.cpp(595)::instanceStageForSceneAttributes : The active scene does not contain semantic annotations : activeSemanticSceneID_ = 0
2026-08-11 18:44:21,179 update: 1340	fps: 483.581	
2026-08-11 18:44:21,180 Num updates: 1340	Num frames 214400
2026-08-11 18:44:21,180 Average window size: 50  distance_to_goal: 0.855  distance_to_goal_reward: -0.000  reward: 4.934  spl: 0.533  success: 0.688
2026-08-11 18:44:21,180 	Perf Stats: trainer.rollout_collect: 0.293 trainer.sample_action: 0.003 trainer.obs_insert: 0.000 trainer.step_env: 0.005 trainer.update_stats: 0.001 trainer.update_agent: 0.035
2026-08-11 18:44:24,275 update: 1350	fps: 483.812	
2026-08-11 18:44:24,276 Num updates: 1350	Num frames 216000
2026-08-11 18:44:24,276 Average window size: 50  distance_to_goal: 0.586  distance_to_goal_reward: -0.000  reward: 5.174  spl: 0.546  success: 0.735
2026-08-11 18:44:24,276 	Perf Stats: trainer.rollout_collect: 0.293 trainer.sample_action: 0.003 trainer.obs_insert: 0.000 trainer.step_env: 0.005 trainer.update_stats: 0.001 trainer.update_agent: 0.035
2026-08-11 18:44:27,377 update: 1360	fps: 484.033	
2026-08-11 18:44:27,377 Num updates: 1360	Num frames 217600
2026-08-11 18:44:27,377 Average window size: 50  distance_to_goal: 0.394  distance_to_goal_reward: -0.000  reward: 5.602  spl: 0.590  success: 0.802
2026-08-11 18:44:27,377 	Perf Stats: trainer.rollout_collect: 0.293 trainer.sample_action: 0.003 trainer.obs_insert: 0.000 trainer.step_env: 0.005 trainer.update_stats: 0.001 trainer.update_agent: 0.035
2026-08-11 18:44:30,461 update: 1370	fps: 484.270	
2026-08-11 18:44:30,461 Num updates: 1370	Num frames 219200
2026-08-11 18:44:30,461 Average window size: 50  distance_to_goal: 0.338  distance_to_goal_reward: 0.000  reward: 5.526  spl: 0.631  success: 0.857
2026-08-11 18:44:30,461 	Perf Stats: trainer.rollout_collect: 0.293 trainer.sample_action: 0.003 trainer.obs_insert: 0.000 trainer.step_env: 0.005 trainer.update_stats: 0.001 trainer.update_agent: 0.035
2026-08-11 18:44:33,563 update: 1380	fps: 484.485	
2026-08-11 18:44:33,563 Num updates: 1380	Num frames 220800
2026-08-11 18:44:33,563 Average window size: 50  distance_to_goal: 0.320  distance_to_goal_reward: 0.000  reward: 5.284  spl: 0.641  success: 0.876
2026-08-11 18:44:33,563 	Perf Stats: trainer.rollout_collect: 0.292 trainer.sample_action: 0.003 trainer.obs_insert: 0.000 trainer.step_env: 0.005 trainer.update_stats: 0.001 trainer.update_agent: 0.035
2026-08-11 18:44:36,629 update: 1390	fps: 484.734	
2026-08-11 18:44:36,630 Num updates: 1390	Num frames 222400
2026-08-11 18:44:36,630 Average window size: 50  distance_to_goal: 0.162  distance_to_goal_reward: 0.000  reward: 5.341  spl: 0.625  success: 0.858
2026-08-11 18:44:36,630 	Perf Stats: trainer.rollout_collect: 0.292 trainer.sample_action: 0.003 trainer.obs_insert: 0.000 trainer.step_env: 0.005 trainer.update_stats: 0.001 trainer.update_agent: 0.035
2026-08-11 18:44:39,788 update: 1400	fps: 484.883	
2026-08-11 18:44:39,788 Num updates: 1400	Num frames 224000
2026-08-11 18:44:39,789 Average window size: 50  distance_to_goal: 0.317  distance_to_goal_reward: 0.000  reward: 5.211  spl: 0.600  success: 0.800
2026-08-11 18:44:39,789 	Perf Stats: trainer.rollout_collect: 0.292 trainer.sample_action: 0.003 trainer.obs_insert: 0.000 trainer.step_env: 0.005 trainer.update_stats: 0.001 trainer.update_agent: 0.035
2026-08-11 18:44:42,884 update: 1410	fps: 485.096	
2026-08-11 18:44:42,884 Num updates: 1410	Num frames 225600
2026-08-11 18:44:42,884 Average window size: 50  distance_to_goal: 0.378  distance_to_goal_reward: 0.000  reward: 4.697  spl: 0.554  success: 0.712
2026-08-11 18:44:42,884 	Perf Stats: trainer.rollout_collect: 0.292 trainer.sample_action: 0.003 trainer.obs_insert: 0.000 trainer.step_env: 0.005 trainer.update_stats: 0.001 trainer.update_agent: 0.035
2026-08-11 18:44:45,996 update: 1420	fps: 485.288	
2026-08-11 18:44:45,996 Num updates: 1420	Num frames 227200
2026-08-11 18:44:45,996 Average window size: 50  distance_to_goal: 0.402  distance_to_goal_reward: 0.000  reward: 4.543  spl: 0.495  success: 0.628
2026-08-11 18:44:45,996 	Perf Stats: trainer.rollout_collect: 0.292 trainer.sample_action: 0.003 trainer.obs_insert: 0.000 trainer.step_env: 0.005 trainer.update_stats: 0.001 trainer.update_agent: 0.035
2026-08-11 18:44:49,074 update: 1430	fps: 485.514	
2026-08-11 18:44:49,075 Num updates: 1430	Num frames 228800
2026-08-11 18:44:49,075 Average window size: 50  distance_to_goal: 0.396  distance_to_goal_reward: 0.000  reward: 4.518  spl: 0.503  success: 0.632
2026-08-11 18:44:49,075 	Perf Stats: trainer.rollout_collect: 0.292 trainer.sample_action: 0.003 trainer.obs_insert: 0.000 trainer.step_env: 0.005 trainer.update_stats: 0.001 trainer.update_agent: 0.035
2026-08-11 18:44:52,152 update: 1440	fps: 485.736	
2026-08-11 18:44:52,153 Num updates: 1440	Num frames 230400
2026-08-11 18:44:52,153 Average window size: 50  distance_to_goal: 0.530  distance_to_goal_reward: 0.000  reward: 4.270  spl: 0.511  success: 0.642
2026-08-11 18:44:52,153 	Perf Stats: trainer.rollout_collect: 0.292 trainer.sample_action: 0.003 trainer.obs_insert: 0.000 trainer.step_env: 0.005 trainer.update_stats: 0.001 trainer.update_agent: 0.035
2026-08-11 18:44:55,224 update: 1450	fps: 485.962	
2026-08-11 18:44:55,225 Num updates: 1450	Num frames 232000
2026-08-11 18:44:55,225 Average window size: 50  distance_to_goal: 0.379  distance_to_goal_reward: 0.000  reward: 4.398  spl: 0.549  success: 0.698
2026-08-11 18:44:55,225 	Perf Stats: trainer.rollout_collect: 0.291 trainer.sample_action: 0.003 trainer.obs_insert: 0.000 trainer.step_env: 0.005 trainer.update_stats: 0.001 trainer.update_agent: 0.035
2026-08-11 18:44:58,322 update: 1460	fps: 486.160	
2026-08-11 18:44:58,330 Num updates: 1460	Num frames 233600
2026-08-11 18:44:58,330 Average window size: 50  distance_to_goal: 0.441  distance_to_goal_reward: -0.000  reward: 4.656  spl: 0.595  success: 0.761
2026-08-11 18:44:58,330 	Perf Stats: trainer.rollout_collect: 0.291 trainer.sample_action: 0.003 trainer.obs_insert: 0.000 trainer.step_env: 0.005 trainer.update_stats: 0.001 trainer.update_agent: 0.035
PluginManager::Manager: duplicate static plugin StbImageImporter, ignoring
PluginManager::Manager: duplicate static plugin GltfImporter, ignoring
PluginManager::Manager: duplicate static plugin BasisImporter, ignoring
PluginManager::Manager: duplicate static plugin AssimpImporter, ignoring
PluginManager::Manager: duplicate static plugin AnySceneImporter, ignoring
PluginManager::Manager: duplicate static plugin AnyImageImporter, ignoring
Renderer: NVIDIA GeForce RTX 4070/PCIe/SSE2 by NVIDIA Corporation
OpenGL version: 4.6.0 NVIDIA 580.173.02
Using optional features:
    GL_ARB_vertex_array_object
    GL_ARB_separate_shader_objects
    GL_ARB_robustness
    GL_ARB_texture_storage
    GL_ARB_texture_view
    GL_ARB_framebuffer_no_attachments
    GL_ARB_invalidate_subdata
    GL_ARB_texture_storage_multisample
    GL_ARB_multi_bind
    GL_ARB_direct_state_access
    GL_ARB_get_texture_sub_image
    GL_ARB_texture_filter_anisotropic
    GL_KHR_debug
    GL_KHR_parallel_shader_compile
    GL_NV_depth_buffer_float
Using driver workarounds:
    no-forward-compatible-core-context
    nv-egl-incorrect-gl11-function-pointers
    no-layout-qualifiers-on-old-glsl
    nv-zero-context-profile-mask
    nv-implementation-color-read-format-dsa-broken
    nv-cubemap-inconsistent-compressed-image-size
    nv-cubemap-broken-full-compressed-image-query
    nv-compressed-block-size-in-bits
[18:44:59:174824]:[Warning]:[Scene] SemanticScene.h(331)::checkFileExists : ::loadSemanticSceneDescriptor: File `data/scene_datasets/habitat-test-scenes/skokloster-castle.scn` does not exist.  Aborting load.
[18:44:59:174840]:[Warning]:[Scene] SemanticScene.cpp(123)::loadSemanticSceneDescriptor : SSD File Naming Issue! Neither SemanticAttributes-provided name : `data/scene_datasets/habitat-test-scenes/skokloster-castle.scn` nor constructed filename : `data/scene_datasets/habitat-test-scenes/info_semantic.json` exist on disk.
[18:44:59:174845]:[Error]:[Scene] SemanticScene.cpp(139)::loadSemanticSceneDescriptor : SSD Load Failure! File with SemanticAttributes-provided name `data/scene_datasets/habitat-test-scenes/skokloster-castle.scn` exists but failed to load.
[18:44:59:787367]:[Warning]:[Sim] Simulator.cpp(595)::instanceStageForSceneAttributes : The active scene does not contain semantic annotations : activeSemanticSceneID_ = 0
2026-08-11 18:45:02,058 update: 1470	fps: 485.713	
2026-08-11 18:45:02,058 Num updates: 1470	Num frames 235200
2026-08-11 18:45:02,058 Average window size: 50  distance_to_goal: 0.458  distance_to_goal_reward: -0.000  reward: 4.836  spl: 0.654  success: 0.828
2026-08-11 18:45:02,058 	Perf Stats: trainer.rollout_collect: 0.292 trainer.sample_action: 0.003 trainer.obs_insert: 0.000 trainer.step_env: 0.005 trainer.update_stats: 0.001 trainer.update_agent: 0.035
PluginManager::Manager: duplicate static plugin StbImageImporter, ignoring
PluginManager::Manager: duplicate static plugin GltfImporter, ignoring
PluginManager::Manager: duplicate static plugin BasisImporter, ignoring
PluginManager::Manager: duplicate static plugin AssimpImporter, ignoring
PluginManager::Manager: duplicate static plugin AnySceneImporter, ignoring
PluginManager::Manager: duplicate static plugin AnyImageImporter, ignoring
Renderer: NVIDIA GeForce RTX 4070/PCIe/SSE2 by NVIDIA Corporation
OpenGL version: 4.6.0 NVIDIA 580.173.02
Using optional features:
    GL_ARB_vertex_array_object
    GL_ARB_separate_shader_objects
    GL_ARB_robustness
    GL_ARB_texture_storage
    GL_ARB_texture_view
    GL_ARB_framebuffer_no_attachments
    GL_ARB_invalidate_subdata
    GL_ARB_texture_storage_multisample
    GL_ARB_multi_bind
    GL_ARB_direct_state_access
    GL_ARB_get_texture_sub_image
    GL_ARB_texture_filter_anisotropic
    GL_KHR_debug
    GL_KHR_parallel_shader_compile
    GL_NV_depth_buffer_float
Using driver workarounds:
    no-forward-compatible-core-context
    nv-egl-incorrect-gl11-function-pointers
    no-layout-qualifiers-on-old-glsl
    nv-zero-context-profile-mask
    nv-implementation-color-read-format-dsa-broken
    nv-cubemap-inconsistent-compressed-image-size
    nv-cubemap-broken-full-compressed-image-query
    nv-compressed-block-size-in-bits
[18:45:03:806192]:[Warning]:[Scene] SemanticScene.h(331)::checkFileExists : ::loadSemanticSceneDescriptor: File `data/scene_datasets/habitat-test-scenes/van-gogh-room.scn` does not exist.  Aborting load.
[18:45:03:806208]:[Warning]:[Scene] SemanticScene.cpp(123)::loadSemanticSceneDescriptor : SSD File Naming Issue! Neither SemanticAttributes-provided name : `data/scene_datasets/habitat-test-scenes/van-gogh-room.scn` nor constructed filename : `data/scene_datasets/habitat-test-scenes/info_semantic.json` exist on disk.
[18:45:03:806213]:[Error]:[Scene] SemanticScene.cpp(139)::loadSemanticSceneDescriptor : SSD Load Failure! File with SemanticAttributes-provided name `data/scene_datasets/habitat-test-scenes/van-gogh-room.scn` exists but failed to load.
[18:45:04:264787]:[Warning]:[Sim] Simulator.cpp(595)::instanceStageForSceneAttributes : The active scene does not contain semantic annotations : activeSemanticSceneID_ = 0
2026-08-11 18:45:05,643 update: 1480	fps: 485.422	
2026-08-11 18:45:05,643 Num updates: 1480	Num frames 236800
2026-08-11 18:45:05,644 Average window size: 50  distance_to_goal: 0.605  distance_to_goal_reward: 0.000  reward: 4.769  spl: 0.661  success: 0.817
2026-08-11 18:45:05,644 	Perf Stats: trainer.rollout_collect: 0.292 trainer.sample_action: 0.003 trainer.obs_insert: 0.000 trainer.step_env: 0.005 trainer.update_stats: 0.001 trainer.update_agent: 0.035
2026-08-11 18:45:08,711 update: 1490	fps: 485.657	
2026-08-11 18:45:08,712 Num updates: 1490	Num frames 238400
2026-08-11 18:45:08,712 Average window size: 50  distance_to_goal: 0.469  distance_to_goal_reward: 0.000  reward: 5.186  spl: 0.668  success: 0.812
2026-08-11 18:45:08,712 	Perf Stats: trainer.rollout_collect: 0.292 trainer.sample_action: 0.003 trainer.obs_insert: 0.000 trainer.step_env: 0.005 trainer.update_stats: 0.001 trainer.update_agent: 0.035
2026-08-11 18:45:11,879 update: 1500	fps: 485.773	
2026-08-11 18:45:11,879 Num updates: 1500	Num frames 240000
2026-08-11 18:45:11,879 Average window size: 50  distance_to_goal: 0.473  distance_to_goal_reward: 0.000  reward: 5.252  spl: 0.647  success: 0.781
2026-08-11 18:45:11,879 	Perf Stats: trainer.rollout_collect: 0.292 trainer.sample_action: 0.003 trainer.obs_insert: 0.000 trainer.step_env: 0.005 trainer.update_stats: 0.001 trainer.update_agent: 0.035
2026-08-11 18:45:14,899 update: 1510	fps: 486.040	
2026-08-11 18:45:14,900 Num updates: 1510	Num frames 241600
2026-08-11 18:45:14,900 Average window size: 50  distance_to_goal: 0.388  distance_to_goal_reward: 0.001  reward: 5.056  spl: 0.600  success: 0.717
2026-08-11 18:45:14,900 	Perf Stats: trainer.rollout_collect: 0.291 trainer.sample_action: 0.003 trainer.obs_insert: 0.000 trainer.step_env: 0.005 trainer.update_stats: 0.001 trainer.update_agent: 0.035
2026-08-11 18:45:17,898 update: 1520	fps: 486.325	
2026-08-11 18:45:17,898 Num updates: 1520	Num frames 243200
2026-08-11 18:45:17,898 Average window size: 50  distance_to_goal: 0.492  distance_to_goal_reward: 0.001  reward: 4.713  spl: 0.560  success: 0.663
2026-08-11 18:45:17,898 	Perf Stats: trainer.rollout_collect: 0.291 trainer.sample_action: 0.003 trainer.obs_insert: 0.000 trainer.step_env: 0.005 trainer.update_stats: 0.001 trainer.update_agent: 0.035
2026-08-11 18:45:20,974 update: 1530	fps: 486.532	
2026-08-11 18:45:20,974 Num updates: 1530	Num frames 244800
2026-08-11 18:45:20,974 Average window size: 50  distance_to_goal: 0.726  distance_to_goal_reward: 0.000  reward: 3.448  spl: 0.361  success: 0.429
2026-08-11 18:45:20,974 	Perf Stats: trainer.rollout_collect: 0.291 trainer.sample_action: 0.003 trainer.obs_insert: 0.000 trainer.step_env: 0.005 trainer.update_stats: 0.001 trainer.update_agent: 0.035
2026-08-11 18:45:24,433 update: 1540	fps: 486.369	
2026-08-11 18:45:24,441 Num updates: 1540	Num frames 246400
2026-08-11 18:45:24,441 Average window size: 50  distance_to_goal: 1.582  distance_to_goal_reward: 0.000  reward: 0.895  spl: 0.065  success: 0.077
2026-08-11 18:45:24,441 	Perf Stats: trainer.rollout_collect: 0.291 trainer.sample_action: 0.003 trainer.obs_insert: 0.000 trainer.step_env: 0.005 trainer.update_stats: 0.001 trainer.update_agent: 0.035
2026-08-11 18:45:28,101 update: 1550	fps: 486.007	
2026-08-11 18:45:28,101 Num updates: 1550	Num frames 248000
2026-08-11 18:45:28,101 Average window size: 50  distance_to_goal: 1.860  distance_to_goal_reward: 0.000  reward: 0.255  spl: 0.002  success: 0.002
2026-08-11 18:45:28,101 	Perf Stats: trainer.rollout_collect: 0.291 trainer.sample_action: 0.003 trainer.obs_insert: 0.000 trainer.step_env: 0.005 trainer.update_stats: 0.001 trainer.update_agent: 0.035
PluginManager::Manager: duplicate static plugin StbImageImporter, ignoring
PluginManager::Manager: duplicate static plugin GltfImporter, ignoring
PluginManager::Manager: duplicate static plugin BasisImporter, ignoring
PluginManager::Manager: duplicate static plugin AssimpImporter, ignoring
PluginManager::Manager: duplicate static plugin AnySceneImporter, ignoring
PluginManager::Manager: duplicate static plugin AnyImageImporter, ignoring
Renderer: NVIDIA GeForce RTX 4070/PCIe/SSE2 by NVIDIA Corporation
OpenGL version: 4.6.0 NVIDIA 580.173.02
Using optional features:
    GL_ARB_vertex_array_object
    GL_ARB_separate_shader_objects
    GL_ARB_robustness
    GL_ARB_texture_storage
    GL_ARB_texture_view
    GL_ARB_framebuffer_no_attachments
    GL_ARB_invalidate_subdata
    GL_ARB_texture_storage_multisample
    GL_ARB_multi_bind
    GL_ARB_direct_state_access
    GL_ARB_get_texture_sub_image
    GL_ARB_texture_filter_anisotropic
    GL_KHR_debug
    GL_KHR_parallel_shader_compile
    GL_NV_depth_buffer_float
Using driver workarounds:
    no-forward-compatible-core-context
    nv-egl-incorrect-gl11-function-pointers
    no-layout-qualifiers-on-old-glsl
    nv-zero-context-profile-mask
    nv-implementation-color-read-format-dsa-broken
    nv-cubemap-inconsistent-compressed-image-size
    nv-cubemap-broken-full-compressed-image-query
    nv-compressed-block-size-in-bits
[18:45:30:244036]:[Warning]:[Scene] SemanticScene.h(331)::checkFileExists : ::loadSemanticSceneDescriptor: File `data/scene_datasets/habitat-test-scenes/skokloster-castle.scn` does not exist.  Aborting load.
[18:45:30:244052]:[Warning]:[Scene] SemanticScene.cpp(123)::loadSemanticSceneDescriptor : SSD File Naming Issue! Neither SemanticAttributes-provided name : `data/scene_datasets/habitat-test-scenes/skokloster-castle.scn` nor constructed filename : `data/scene_datasets/habitat-test-scenes/info_semantic.json` exist on disk.
[18:45:30:244057]:[Error]:[Scene] SemanticScene.cpp(139)::loadSemanticSceneDescriptor : SSD Load Failure! File with SemanticAttributes-provided name `data/scene_datasets/habitat-test-scenes/skokloster-castle.scn` exists but failed to load.
[18:45:30:848972]:[Warning]:[Sim] Simulator.cpp(595)::instanceStageForSceneAttributes : The active scene does not contain semantic annotations : activeSemanticSceneID_ = 0
2026-08-11 18:45:32,316 update: 1560	fps: 485.135	
2026-08-11 18:45:32,317 Num updates: 1560	Num frames 249600
2026-08-11 18:45:32,317 Average window size: 50  distance_to_goal: 1.830  distance_to_goal_reward: 0.000  reward: 0.277  spl: 0.000  success: 0.000
2026-08-11 18:45:32,317 	Perf Stats: trainer.rollout_collect: 0.292 trainer.sample_action: 0.003 trainer.obs_insert: 0.000 trainer.step_env: 0.005 trainer.update_stats: 0.001 trainer.update_agent: 0.035
2026-08-11 18:45:35,741 update: 1570	fps: 485.017	
2026-08-11 18:45:35,741 Num updates: 1570	Num frames 251200
2026-08-11 18:45:35,741 Average window size: 50  distance_to_goal: 1.819  distance_to_goal_reward: 0.000  reward: 0.281  spl: 0.001  success: 0.001
2026-08-11 18:45:35,741 	Perf Stats: trainer.rollout_collect: 0.292 trainer.sample_action: 0.003 trainer.obs_insert: 0.000 trainer.step_env: 0.005 trainer.update_stats: 0.001 trainer.update_agent: 0.035
PluginManager::Manager: duplicate static plugin StbImageImporter, ignoring
PluginManager::Manager: duplicate static plugin GltfImporter, ignoring
PluginManager::Manager: duplicate static plugin BasisImporter, ignoring
PluginManager::Manager: duplicate static plugin AssimpImporter, ignoring
PluginManager::Manager: duplicate static plugin AnySceneImporter, ignoring
PluginManager::Manager: duplicate static plugin AnyImageImporter, ignoring
Renderer: NVIDIA GeForce RTX 4070/PCIe/SSE2 by NVIDIA Corporation
OpenGL version: 4.6.0 NVIDIA 580.173.02
Using optional features:
    GL_ARB_vertex_array_object
    GL_ARB_separate_shader_objects
    GL_ARB_robustness
    GL_ARB_texture_storage
    GL_ARB_texture_view
    GL_ARB_framebuffer_no_attachments
    GL_ARB_invalidate_subdata
    GL_ARB_texture_storage_multisample
    GL_ARB_multi_bind
    GL_ARB_direct_state_access
    GL_ARB_get_texture_sub_image
    GL_ARB_texture_filter_anisotropic
    GL_KHR_debug
    GL_KHR_parallel_shader_compile
    GL_NV_depth_buffer_float
Using driver workarounds:
    no-forward-compatible-core-context
    nv-egl-incorrect-gl11-function-pointers
    no-layout-qualifiers-on-old-glsl
    nv-zero-context-profile-mask
    nv-implementation-color-read-format-dsa-broken
    nv-cubemap-inconsistent-compressed-image-size
    nv-cubemap-broken-full-compressed-image-query
    nv-compressed-block-size-in-bits
[18:45:38:274456]:[Warning]:[Scene] SemanticScene.h(331)::checkFileExists : ::loadSemanticSceneDescriptor: File `data/scene_datasets/habitat-test-scenes/van-gogh-room.scn` does not exist.  Aborting load.
[18:45:38:274472]:[Warning]:[Scene] SemanticScene.cpp(123)::loadSemanticSceneDescriptor : SSD File Naming Issue! Neither SemanticAttributes-provided name : `data/scene_datasets/habitat-test-scenes/van-gogh-room.scn` nor constructed filename : `data/scene_datasets/habitat-test-scenes/info_semantic.json` exist on disk.
[18:45:38:274478]:[Error]:[Scene] SemanticScene.cpp(139)::loadSemanticSceneDescriptor : SSD Load Failure! File with SemanticAttributes-provided name `data/scene_datasets/habitat-test-scenes/van-gogh-room.scn` exists but failed to load.
[18:45:38:725957]:[Warning]:[Sim] Simulator.cpp(595)::instanceStageForSceneAttributes : The active scene does not contain semantic annotations : activeSemanticSceneID_ = 0
2026-08-11 18:45:39,623 update: 1580	fps: 484.475	
2026-08-11 18:45:39,623 Num updates: 1580	Num frames 252800
2026-08-11 18:45:39,623 Average window size: 50  distance_to_goal: 1.802  distance_to_goal_reward: 0.000  reward: 0.307  spl: 0.004  success: 0.005
2026-08-11 18:45:39,623 	Perf Stats: trainer.rollout_collect: 0.292 trainer.sample_action: 0.003 trainer.obs_insert: 0.000 trainer.step_env: 0.005 trainer.update_stats: 0.001 trainer.update_agent: 0.035
2026-08-11 18:45:42,915 update: 1590	fps: 484.484	
2026-08-11 18:45:42,916 Num updates: 1590	Num frames 254400
2026-08-11 18:45:42,916 Average window size: 50  distance_to_goal: 1.774  distance_to_goal_reward: 0.000  reward: 0.325  spl: 0.008  success: 0.010
2026-08-11 18:45:42,916 	Perf Stats: trainer.rollout_collect: 0.292 trainer.sample_action: 0.003 trainer.obs_insert: 0.000 trainer.step_env: 0.005 trainer.update_stats: 0.001 trainer.update_agent: 0.035
2026-08-11 18:45:46,326 update: 1600	fps: 484.385	
2026-08-11 18:45:46,326 Num updates: 1600	Num frames 256000
2026-08-11 18:45:46,326 Average window size: 50  distance_to_goal: 1.695  distance_to_goal_reward: 0.000  reward: 0.400  spl: 0.015  success: 0.017
2026-08-11 18:45:46,326 	Perf Stats: trainer.rollout_collect: 0.293 trainer.sample_action: 0.003 trainer.obs_insert: 0.000 trainer.step_env: 0.005 trainer.update_stats: 0.001 trainer.update_agent: 0.035
2026-08-11 18:45:49,512 update: 1610	fps: 484.491	
2026-08-11 18:45:49,513 Num updates: 1610	Num frames 257600
2026-08-11 18:45:49,513 Average window size: 50  distance_to_goal: 1.664  distance_to_goal_reward: 0.000  reward: 0.470  spl: 0.028  success: 0.033
2026-08-11 18:45:49,513 	Perf Stats: trainer.rollout_collect: 0.292 trainer.sample_action: 0.003 trainer.obs_insert: 0.000 trainer.step_env: 0.005 trainer.update_stats: 0.001 trainer.update_agent: 0.035
2026-08-11 18:45:52,696 update: 1620	fps: 484.599	
2026-08-11 18:45:52,696 Num updates: 1620	Num frames 259200
2026-08-11 18:45:52,696 Average window size: 50  distance_to_goal: 1.636  distance_to_goal_reward: 0.000  reward: 0.542  spl: 0.040  success: 0.047
2026-08-11 18:45:52,696 	Perf Stats: trainer.rollout_collect: 0.292 trainer.sample_action: 0.003 trainer.obs_insert: 0.000 trainer.step_env: 0.005 trainer.update_stats: 0.001 trainer.update_agent: 0.035
2026-08-11 18:45:55,803 update: 1630	fps: 484.774	
2026-08-11 18:45:55,803 Num updates: 1630	Num frames 260800
2026-08-11 18:45:55,803 Average window size: 50  distance_to_goal: 1.569  distance_to_goal_reward: 0.000  reward: 0.668  spl: 0.061  success: 0.072
2026-08-11 18:45:55,803 	Perf Stats: trainer.rollout_collect: 0.292 trainer.sample_action: 0.003 trainer.obs_insert: 0.000 trainer.step_env: 0.005 trainer.update_stats: 0.001 trainer.update_agent: 0.035
2026-08-11 18:45:58,943 update: 1640	fps: 484.918	
2026-08-11 18:45:58,944 Num updates: 1640	Num frames 262400
2026-08-11 18:45:58,944 Average window size: 50  distance_to_goal: 1.495  distance_to_goal_reward: 0.000  reward: 0.872  spl: 0.082  success: 0.097
2026-08-11 18:45:58,944 	Perf Stats: trainer.rollout_collect: 0.292 trainer.sample_action: 0.003 trainer.obs_insert: 0.000 trainer.step_env: 0.005 trainer.update_stats: 0.001 trainer.update_agent: 0.035
PluginManager::Manager: duplicate static plugin StbImageImporter, ignoring
PluginManager::Manager: duplicate static plugin GltfImporter, ignoring
PluginManager::Manager: duplicate static plugin BasisImporter, ignoring
PluginManager::Manager: duplicate static plugin AssimpImporter, ignoring
PluginManager::Manager: duplicate static plugin AnySceneImporter, ignoring
PluginManager::Manager: duplicate static plugin AnyImageImporter, ignoring
Renderer: NVIDIA GeForce RTX 4070/PCIe/SSE2 by NVIDIA Corporation
OpenGL version: 4.6.0 NVIDIA 580.173.02
Using optional features:
    GL_ARB_vertex_array_object
    GL_ARB_separate_shader_objects
    GL_ARB_robustness
    GL_ARB_texture_storage
    GL_ARB_texture_view
    GL_ARB_framebuffer_no_attachments
    GL_ARB_invalidate_subdata
    GL_ARB_texture_storage_multisample
    GL_ARB_multi_bind
    GL_ARB_direct_state_access
    GL_ARB_get_texture_sub_image
    GL_ARB_texture_filter_anisotropic
    GL_KHR_debug
    GL_KHR_parallel_shader_compile
    GL_NV_depth_buffer_float
Using driver workarounds:
    no-forward-compatible-core-context
    nv-egl-incorrect-gl11-function-pointers
    no-layout-qualifiers-on-old-glsl
    nv-zero-context-profile-mask
    nv-implementation-color-read-format-dsa-broken
    nv-cubemap-inconsistent-compressed-image-size
    nv-cubemap-broken-full-compressed-image-query
    nv-compressed-block-size-in-bits
[18:45:59:531806]:[Warning]:[Scene] SemanticScene.h(331)::checkFileExists : ::loadSemanticSceneDescriptor: File `data/scene_datasets/habitat-test-scenes/skokloster-castle.scn` does not exist.  Aborting load.
[18:45:59:531823]:[Warning]:[Scene] SemanticScene.cpp(123)::loadSemanticSceneDescriptor : SSD File Naming Issue! Neither SemanticAttributes-provided name : `data/scene_datasets/habitat-test-scenes/skokloster-castle.scn` nor constructed filename : `data/scene_datasets/habitat-test-scenes/info_semantic.json` exist on disk.
[18:45:59:531828]:[Error]:[Scene] SemanticScene.cpp(139)::loadSemanticSceneDescriptor : SSD Load Failure! File with SemanticAttributes-provided name `data/scene_datasets/habitat-test-scenes/skokloster-castle.scn` exists but failed to load.
[18:46:00:143285]:[Warning]:[Sim] Simulator.cpp(595)::instanceStageForSceneAttributes : The active scene does not contain semantic annotations : activeSemanticSceneID_ = 0
2026-08-11 18:46:02,731 update: 1650	fps: 484.484	
2026-08-11 18:46:02,731 Num updates: 1650	Num frames 264000
2026-08-11 18:46:02,731 Average window size: 50  distance_to_goal: 1.426  distance_to_goal_reward: 0.000  reward: 1.105  spl: 0.110  success: 0.129
2026-08-11 18:46:02,731 	Perf Stats: trainer.rollout_collect: 0.292 trainer.sample_action: 0.003 trainer.obs_insert: 0.000 trainer.step_env: 0.005 trainer.update_stats: 0.001 trainer.update_agent: 0.035
2026-08-11 18:46:05,906 update: 1660	fps: 484.596	
2026-08-11 18:46:05,908 Num updates: 1660	Num frames 265600
2026-08-11 18:46:05,908 Average window size: 50  distance_to_goal: 1.399  distance_to_goal_reward: 0.000  reward: 1.368  spl: 0.139  success: 0.160
2026-08-11 18:46:05,908 	Perf Stats: trainer.rollout_collect: 0.292 trainer.sample_action: 0.003 trainer.obs_insert: 0.000 trainer.step_env: 0.005 trainer.update_stats: 0.001 trainer.update_agent: 0.035
2026-08-11 18:46:09,029 update: 1670	fps: 484.753	
2026-08-11 18:46:09,029 Num updates: 1670	Num frames 267200
2026-08-11 18:46:09,029 Average window size: 50  distance_to_goal: 1.279  distance_to_goal_reward: 0.000  reward: 1.725  spl: 0.167  success: 0.193
2026-08-11 18:46:09,029 	Perf Stats: trainer.rollout_collect: 0.292 trainer.sample_action: 0.003 trainer.obs_insert: 0.000 trainer.step_env: 0.005 trainer.update_stats: 0.001 trainer.update_agent: 0.035
2026-08-11 18:46:12,119 update: 1680	fps: 484.938	
2026-08-11 18:46:12,119 Num updates: 1680	Num frames 268800
2026-08-11 18:46:12,119 Average window size: 50  distance_to_goal: 1.333  distance_to_goal_reward: -0.000  reward: 1.773  spl: 0.156  success: 0.184
2026-08-11 18:46:12,119 	Perf Stats: trainer.rollout_collect: 0.292 trainer.sample_action: 0.003 trainer.obs_insert: 0.000 trainer.step_env: 0.005 trainer.update_stats: 0.001 trainer.update_agent: 0.035
2026-08-11 18:46:15,293 update: 1690	fps: 485.046	
2026-08-11 18:46:15,294 Num updates: 1690	Num frames 270400
2026-08-11 18:46:15,294 Average window size: 50  distance_to_goal: 1.429  distance_to_goal_reward: -0.000  reward: 1.677  spl: 0.167  success: 0.197
2026-08-11 18:46:15,294 	Perf Stats: trainer.rollout_collect: 0.292 trainer.sample_action: 0.003 trainer.obs_insert: 0.000 trainer.step_env: 0.005 trainer.update_stats: 0.001 trainer.update_agent: 0.035
2026-08-11 18:46:18,548 update: 1700	fps: 485.084	
2026-08-11 18:46:18,549 Num updates: 1700	Num frames 272000
2026-08-11 18:46:18,549 Average window size: 50  distance_to_goal: 1.431  distance_to_goal_reward: -0.000  reward: 1.681  spl: 0.163  success: 0.195
2026-08-11 18:46:18,549 	Perf Stats: trainer.rollout_collect: 0.292 trainer.sample_action: 0.003 trainer.obs_insert: 0.000 trainer.step_env: 0.005 trainer.update_stats: 0.001 trainer.update_agent: 0.035
2026-08-11 18:46:21,719 update: 1710	fps: 485.194	
2026-08-11 18:46:21,719 Num updates: 1710	Num frames 273600
2026-08-11 18:46:21,719 Average window size: 50  distance_to_goal: 1.328  distance_to_goal_reward: -0.000  reward: 1.791  spl: 0.178  success: 0.212
2026-08-11 18:46:21,719 	Perf Stats: trainer.rollout_collect: 0.292 trainer.sample_action: 0.003 trainer.obs_insert: 0.000 trainer.step_env: 0.005 trainer.update_stats: 0.001 trainer.update_agent: 0.035
2026-08-11 18:46:24,855 update: 1720	fps: 485.333	
2026-08-11 18:46:24,855 Num updates: 1720	Num frames 275200
2026-08-11 18:46:24,855 Average window size: 50  distance_to_goal: 1.294  distance_to_goal_reward: -0.000  reward: 1.721  spl: 0.196  success: 0.230
2026-08-11 18:46:24,855 	Perf Stats: trainer.rollout_collect: 0.292 trainer.sample_action: 0.003 trainer.obs_insert: 0.000 trainer.step_env: 0.005 trainer.update_stats: 0.001 trainer.update_agent: 0.035
PluginManager::Manager: duplicate static plugin StbImageImporter, ignoring
PluginManager::Manager: duplicate static plugin GltfImporter, ignoring
PluginManager::Manager: duplicate static plugin BasisImporter, ignoring
PluginManager::Manager: duplicate static plugin AssimpImporter, ignoring
PluginManager::Manager: duplicate static plugin AnySceneImporter, ignoring
PluginManager::Manager: duplicate static plugin AnyImageImporter, ignoring
Renderer: NVIDIA GeForce RTX 4070/PCIe/SSE2 by NVIDIA Corporation
OpenGL version: 4.6.0 NVIDIA 580.173.02
Using optional features:
    GL_ARB_vertex_array_object
    GL_ARB_separate_shader_objects
    GL_ARB_robustness
    GL_ARB_texture_storage
    GL_ARB_texture_view
    GL_ARB_framebuffer_no_attachments
    GL_ARB_invalidate_subdata
    GL_ARB_texture_storage_multisample
    GL_ARB_multi_bind
    GL_ARB_direct_state_access
    GL_ARB_get_texture_sub_image
    GL_ARB_texture_filter_anisotropic
    GL_KHR_debug
    GL_KHR_parallel_shader_compile
    GL_NV_depth_buffer_float
Using driver workarounds:
    no-forward-compatible-core-context
    nv-egl-incorrect-gl11-function-pointers
    no-layout-qualifiers-on-old-glsl
    nv-zero-context-profile-mask
    nv-implementation-color-read-format-dsa-broken
    nv-cubemap-inconsistent-compressed-image-size
    nv-cubemap-broken-full-compressed-image-query
    nv-compressed-block-size-in-bits
[18:46:27:144228]:[Warning]:[Scene] SemanticScene.h(331)::checkFileExists : ::loadSemanticSceneDescriptor: File `data/scene_datasets/habitat-test-scenes/skokloster-castle.scn` does not exist.  Aborting load.
[18:46:27:144244]:[Warning]:[Scene] SemanticScene.cpp(123)::loadSemanticSceneDescriptor : SSD File Naming Issue! Neither SemanticAttributes-provided name : `data/scene_datasets/habitat-test-scenes/skokloster-castle.scn` nor constructed filename : `data/scene_datasets/habitat-test-scenes/info_semantic.json` exist on disk.
[18:46:27:144249]:[Error]:[Scene] SemanticScene.cpp(139)::loadSemanticSceneDescriptor : SSD Load Failure! File with SemanticAttributes-provided name `data/scene_datasets/habitat-test-scenes/skokloster-castle.scn` exists but failed to load.
[18:46:27:762667]:[Warning]:[Sim] Simulator.cpp(595)::instanceStageForSceneAttributes : The active scene does not contain semantic annotations : activeSemanticSceneID_ = 0
2026-08-11 18:46:28,656 update: 1730	fps: 484.904	
2026-08-11 18:46:28,656 Num updates: 1730	Num frames 276800
2026-08-11 18:46:28,656 Average window size: 50  distance_to_goal: 1.205  distance_to_goal_reward: 0.000  reward: 2.102  spl: 0.248  success: 0.290
2026-08-11 18:46:28,656 	Perf Stats: trainer.rollout_collect: 0.292 trainer.sample_action: 0.003 trainer.obs_insert: 0.000 trainer.step_env: 0.005 trainer.update_stats: 0.001 trainer.update_agent: 0.035
2026-08-11 18:46:31,808 update: 1740	fps: 485.029	
2026-08-11 18:46:31,808 Num updates: 1740	Num frames 278400
2026-08-11 18:46:31,808 Average window size: 50  distance_to_goal: 1.114  distance_to_goal_reward: 0.000  reward: 2.600  spl: 0.299  success: 0.350
2026-08-11 18:46:31,808 	Perf Stats: trainer.rollout_collect: 0.292 trainer.sample_action: 0.003 trainer.obs_insert: 0.000 trainer.step_env: 0.005 trainer.update_stats: 0.001 trainer.update_agent: 0.035
2026-08-11 18:46:34,962 update: 1750	fps: 485.150	
2026-08-11 18:46:34,962 Num updates: 1750	Num frames 280000
2026-08-11 18:46:34,962 Average window size: 50  distance_to_goal: 0.969  distance_to_goal_reward: 0.000  reward: 3.169  spl: 0.379  success: 0.451
2026-08-11 18:46:34,962 	Perf Stats: trainer.rollout_collect: 0.292 trainer.sample_action: 0.003 trainer.obs_insert: 0.000 trainer.step_env: 0.005 trainer.update_stats: 0.001 trainer.update_agent: 0.035
2026-08-11 18:46:38,105 update: 1760	fps: 485.279	
2026-08-11 18:46:38,105 Num updates: 1760	Num frames 281600
2026-08-11 18:46:38,105 Average window size: 50  distance_to_goal: 1.079  distance_to_goal_reward: 0.000  reward: 3.513  spl: 0.436  success: 0.526
2026-08-11 18:46:38,105 	Perf Stats: trainer.rollout_collect: 0.292 trainer.sample_action: 0.003 trainer.obs_insert: 0.000 trainer.step_env: 0.005 trainer.update_stats: 0.001 trainer.update_agent: 0.035
2026-08-11 18:46:41,274 update: 1770	fps: 485.386	
2026-08-11 18:46:41,283 Num updates: 1770	Num frames 283200
2026-08-11 18:46:41,283 Average window size: 50  distance_to_goal: 1.026  distance_to_goal_reward: 0.003  reward: 4.731  spl: 0.471  success: 0.582
2026-08-11 18:46:41,283 	Perf Stats: trainer.rollout_collect: 0.292 trainer.sample_action: 0.003 trainer.obs_insert: 0.000 trainer.step_env: 0.005 trainer.update_stats: 0.001 trainer.update_agent: 0.035
2026-08-11 18:46:44,424 update: 1780	fps: 485.507	
2026-08-11 18:46:44,424 Num updates: 1780	Num frames 284800
2026-08-11 18:46:44,424 Average window size: 50  distance_to_goal: 1.164  distance_to_goal_reward: 0.004  reward: 5.228  spl: 0.492  success: 0.633
2026-08-11 18:46:44,424 	Perf Stats: trainer.rollout_collect: 0.292 trainer.sample_action: 0.003 trainer.obs_insert: 0.000 trainer.step_env: 0.005 trainer.update_stats: 0.001 trainer.update_agent: 0.035
2026-08-11 18:46:47,577 update: 1790	fps: 485.625	
2026-08-11 18:46:47,577 Num updates: 1790	Num frames 286400
2026-08-11 18:46:47,577 Average window size: 50  distance_to_goal: 1.563  distance_to_goal_reward: 0.005  reward: 5.075  spl: 0.429  success: 0.548
2026-08-11 18:46:47,577 	Perf Stats: trainer.rollout_collect: 0.292 trainer.sample_action: 0.003 trainer.obs_insert: 0.000 trainer.step_env: 0.005 trainer.update_stats: 0.001 trainer.update_agent: 0.035
PluginManager::Manager: duplicate static plugin StbImageImporter, ignoring
PluginManager::Manager: duplicate static plugin GltfImporter, ignoring
PluginManager::Manager: duplicate static plugin BasisImporter, ignoring
PluginManager::Manager: duplicate static plugin AssimpImporter, ignoring
PluginManager::Manager: duplicate static plugin AnySceneImporter, ignoring
PluginManager::Manager: duplicate static plugin AnyImageImporter, ignoring
Renderer: NVIDIA GeForce RTX 4070/PCIe/SSE2 by NVIDIA Corporation
OpenGL version: 4.6.0 NVIDIA 580.173.02
Using optional features:
    GL_ARB_vertex_array_object
    GL_ARB_separate_shader_objects
    GL_ARB_robustness
    GL_ARB_texture_storage
    GL_ARB_texture_view
    GL_ARB_framebuffer_no_attachments
    GL_ARB_invalidate_subdata
    GL_ARB_texture_storage_multisample
    GL_ARB_multi_bind
    GL_ARB_direct_state_access
    GL_ARB_get_texture_sub_image
    GL_ARB_texture_filter_anisotropic
    GL_KHR_debug
    GL_KHR_parallel_shader_compile
    GL_NV_depth_buffer_float
Using driver workarounds:
    no-forward-compatible-core-context
    nv-egl-incorrect-gl11-function-pointers
    no-layout-qualifiers-on-old-glsl
    nv-zero-context-profile-mask
    nv-implementation-color-read-format-dsa-broken
    nv-cubemap-inconsistent-compressed-image-size
    nv-cubemap-broken-full-compressed-image-query
    nv-compressed-block-size-in-bits
[18:46:47:616983]:[Warning]:[Scene] SemanticScene.h(331)::checkFileExists : ::loadSemanticSceneDescriptor: File `data/scene_datasets/habitat-test-scenes/van-gogh-room.scn` does not exist.  Aborting load.
[18:46:47:617000]:[Warning]:[Scene] SemanticScene.cpp(123)::loadSemanticSceneDescriptor : SSD File Naming Issue! Neither SemanticAttributes-provided name : `data/scene_datasets/habitat-test-scenes/van-gogh-room.scn` nor constructed filename : `data/scene_datasets/habitat-test-scenes/info_semantic.json` exist on disk.
[18:46:47:617005]:[Error]:[Scene] SemanticScene.cpp(139)::loadSemanticSceneDescriptor : SSD Load Failure! File with SemanticAttributes-provided name `data/scene_datasets/habitat-test-scenes/van-gogh-room.scn` exists but failed to load.
[18:46:48:063725]:[Warning]:[Sim] Simulator.cpp(595)::instanceStageForSceneAttributes : The active scene does not contain semantic annotations : activeSemanticSceneID_ = 0
2026-08-11 18:46:51,207 update: 1800	fps: 485.350	
2026-08-11 18:46:51,207 Num updates: 1800	Num frames 288000
2026-08-11 18:46:51,207 Average window size: 50  distance_to_goal: 1.605  distance_to_goal_reward: 0.006  reward: 5.622  spl: 0.424  success: 0.540
2026-08-11 18:46:51,207 	Perf Stats: trainer.rollout_collect: 0.292 trainer.sample_action: 0.003 trainer.obs_insert: 0.000 trainer.step_env: 0.005 trainer.update_stats: 0.001 trainer.update_agent: 0.035
2026-08-11 18:46:54,332 update: 1810	fps: 485.489	
2026-08-11 18:46:54,333 Num updates: 1810	Num frames 289600
2026-08-11 18:46:54,333 Average window size: 50  distance_to_goal: 1.259  distance_to_goal_reward: 0.000  reward: 4.717  spl: 0.448  success: 0.561
2026-08-11 18:46:54,333 	Perf Stats: trainer.rollout_collect: 0.292 trainer.sample_action: 0.003 trainer.obs_insert: 0.000 trainer.step_env: 0.005 trainer.update_stats: 0.001 trainer.update_agent: 0.035
2026-08-11 18:46:57,434 update: 1820	fps: 485.646	
2026-08-11 18:46:57,434 Num updates: 1820	Num frames 291200
2026-08-11 18:46:57,434 Average window size: 50  distance_to_goal: 1.036  distance_to_goal_reward: 0.000  reward: 5.223  spl: 0.545  success: 0.662
2026-08-11 18:46:57,434 	Perf Stats: trainer.rollout_collect: 0.292 trainer.sample_action: 0.003 trainer.obs_insert: 0.000 trainer.step_env: 0.005 trainer.update_stats: 0.001 trainer.update_agent: 0.035
2026-08-11 18:47:00,544 update: 1830	fps: 485.795	
2026-08-11 18:47:00,545 Num updates: 1830	Num frames 292800
2026-08-11 18:47:00,545 Average window size: 50  distance_to_goal: 1.034  distance_to_goal_reward: 0.000  reward: 4.712  spl: 0.549  success: 0.653
2026-08-11 18:47:00,545 	Perf Stats: trainer.rollout_collect: 0.292 trainer.sample_action: 0.003 trainer.obs_insert: 0.000 trainer.step_env: 0.005 trainer.update_stats: 0.001 trainer.update_agent: 0.035
2026-08-11 18:47:03,678 update: 1840	fps: 485.923	
2026-08-11 18:47:03,678 Num updates: 1840	Num frames 294400
2026-08-11 18:47:03,678 Average window size: 50  distance_to_goal: 0.664  distance_to_goal_reward: -0.000  reward: 4.335  spl: 0.584  success: 0.693
2026-08-11 18:47:03,678 	Perf Stats: trainer.rollout_collect: 0.291 trainer.sample_action: 0.003 trainer.obs_insert: 0.000 trainer.step_env: 0.005 trainer.update_stats: 0.001 trainer.update_agent: 0.035
2026-08-11 18:47:06,799 update: 1850	fps: 486.060	
2026-08-11 18:47:06,799 Num updates: 1850	Num frames 296000
2026-08-11 18:47:06,799 Average window size: 50  distance_to_goal: 0.610  distance_to_goal_reward: -0.000  reward: 4.477  spl: 0.594  success: 0.702
2026-08-11 18:47:06,799 	Perf Stats: trainer.rollout_collect: 0.291 trainer.sample_action: 0.003 trainer.obs_insert: 0.000 trainer.step_env: 0.005 trainer.update_stats: 0.001 trainer.update_agent: 0.035
2026-08-11 18:47:09,924 update: 1860	fps: 486.193	
2026-08-11 18:47:09,924 Num updates: 1860	Num frames 297600
2026-08-11 18:47:09,924 Average window size: 50  distance_to_goal: 0.504  distance_to_goal_reward: -0.000  reward: 4.948  spl: 0.603  success: 0.707
2026-08-11 18:47:09,924 	Perf Stats: trainer.rollout_collect: 0.291 trainer.sample_action: 0.003 trainer.obs_insert: 0.000 trainer.step_env: 0.005 trainer.update_stats: 0.001 trainer.update_agent: 0.035
2026-08-11 18:47:13,065 update: 1870	fps: 486.311	
2026-08-11 18:47:13,065 Num updates: 1870	Num frames 299200
2026-08-11 18:47:13,065 Average window size: 50  distance_to_goal: 0.527  distance_to_goal_reward: -0.000  reward: 4.487  spl: 0.600  success: 0.708
2026-08-11 18:47:13,065 	Perf Stats: trainer.rollout_collect: 0.291 trainer.sample_action: 0.003 trainer.obs_insert: 0.000 trainer.step_env: 0.005 trainer.update_stats: 0.001 trainer.update_agent: 0.035
2026-08-11 18:47:16,212 update: 1880	fps: 486.423	
2026-08-11 18:47:16,213 Num updates: 1880	Num frames 300800
2026-08-11 18:47:16,213 Average window size: 50  distance_to_goal: 0.614  distance_to_goal_reward: -0.000  reward: 4.439  spl: 0.614  success: 0.719
2026-08-11 18:47:16,213 	Perf Stats: trainer.rollout_collect: 0.291 trainer.sample_action: 0.003 trainer.obs_insert: 0.000 trainer.step_env: 0.005 trainer.update_stats: 0.001 trainer.update_agent: 0.035
2026-08-11 18:47:19,279 update: 1890	fps: 486.598	
2026-08-11 18:47:19,279 Num updates: 1890	Num frames 302400
2026-08-11 18:47:19,279 Average window size: 50  distance_to_goal: 0.649  distance_to_goal_reward: -0.000  reward: 4.554  spl: 0.595  success: 0.707
2026-08-11 18:47:19,279 	Perf Stats: trainer.rollout_collect: 0.291 trainer.sample_action: 0.003 trainer.obs_insert: 0.000 trainer.step_env: 0.005 trainer.update_stats: 0.001 trainer.update_agent: 0.035
PluginManager::Manager: duplicate static plugin StbImageImporter, ignoring
PluginManager::Manager: duplicate static plugin GltfImporter, ignoring
PluginManager::Manager: duplicate static plugin BasisImporter, ignoring
PluginManager::Manager: duplicate static plugin AssimpImporter, ignoring
PluginManager::Manager: duplicate static plugin AnySceneImporter, ignoring
PluginManager::Manager: duplicate static plugin AnyImageImporter, ignoring
Renderer: NVIDIA GeForce RTX 4070/PCIe/SSE2 by NVIDIA Corporation
OpenGL version: 4.6.0 NVIDIA 580.173.02
Using optional features:
    GL_ARB_vertex_array_object
    GL_ARB_separate_shader_objects
    GL_ARB_robustness
    GL_ARB_texture_storage
    GL_ARB_texture_view
    GL_ARB_framebuffer_no_attachments
    GL_ARB_invalidate_subdata
    GL_ARB_texture_storage_multisample
    GL_ARB_multi_bind
    GL_ARB_direct_state_access
    GL_ARB_get_texture_sub_image
    GL_ARB_texture_filter_anisotropic
    GL_KHR_debug
    GL_KHR_parallel_shader_compile
    GL_NV_depth_buffer_float
Using driver workarounds:
    no-forward-compatible-core-context
    nv-egl-incorrect-gl11-function-pointers
    no-layout-qualifiers-on-old-glsl
    nv-zero-context-profile-mask
    nv-implementation-color-read-format-dsa-broken
    nv-cubemap-inconsistent-compressed-image-size
    nv-cubemap-broken-full-compressed-image-query
    nv-compressed-block-size-in-bits
[18:47:21:608240]:[Warning]:[Scene] SemanticScene.h(331)::checkFileExists : ::loadSemanticSceneDescriptor: File `data/scene_datasets/habitat-test-scenes/van-gogh-room.scn` does not exist.  Aborting load.
[18:47:21:608255]:[Warning]:[Scene] SemanticScene.cpp(123)::loadSemanticSceneDescriptor : SSD File Naming Issue! Neither SemanticAttributes-provided name : `data/scene_datasets/habitat-test-scenes/van-gogh-room.scn` nor constructed filename : `data/scene_datasets/habitat-test-scenes/info_semantic.json` exist on disk.
[18:47:21:608260]:[Error]:[Scene] SemanticScene.cpp(139)::loadSemanticSceneDescriptor : SSD Load Failure! File with SemanticAttributes-provided name `data/scene_datasets/habitat-test-scenes/van-gogh-room.scn` exists but failed to load.
[18:47:22:039010]:[Warning]:[Sim] Simulator.cpp(595)::instanceStageForSceneAttributes : The active scene does not contain semantic annotations : activeSemanticSceneID_ = 0
2026-08-11 18:47:22,918 update: 1900	fps: 486.325	
2026-08-11 18:47:22,918 Num updates: 1900	Num frames 304000
2026-08-11 18:47:22,918 Average window size: 50  distance_to_goal: 0.696  distance_to_goal_reward: -0.000  reward: 4.770  spl: 0.614  success: 0.732
2026-08-11 18:47:22,918 	Perf Stats: trainer.rollout_collect: 0.291 trainer.sample_action: 0.003 trainer.obs_insert: 0.000 trainer.step_env: 0.005 trainer.update_stats: 0.001 trainer.update_agent: 0.035
PluginManager::Manager: duplicate static plugin StbImageImporter, ignoring
PluginManager::Manager: duplicate static plugin GltfImporter, ignoring
PluginManager::Manager: duplicate static plugin BasisImporter, ignoring
PluginManager::Manager: duplicate static plugin AssimpImporter, ignoring
PluginManager::Manager: duplicate static plugin AnySceneImporter, ignoring
PluginManager::Manager: duplicate static plugin AnyImageImporter, ignoring
Renderer: NVIDIA GeForce RTX 4070/PCIe/SSE2 by NVIDIA Corporation
OpenGL version: 4.6.0 NVIDIA 580.173.02
Using optional features:
    GL_ARB_vertex_array_object
    GL_ARB_separate_shader_objects
    GL_ARB_robustness
    GL_ARB_texture_storage
    GL_ARB_texture_view
    GL_ARB_framebuffer_no_attachments
    GL_ARB_invalidate_subdata
    GL_ARB_texture_storage_multisample
    GL_ARB_multi_bind
    GL_ARB_direct_state_access
    GL_ARB_get_texture_sub_image
    GL_ARB_texture_filter_anisotropic
    GL_KHR_debug
    GL_KHR_parallel_shader_compile
    GL_NV_depth_buffer_float
Using driver workarounds:
    no-forward-compatible-core-context
    nv-egl-incorrect-gl11-function-pointers
    no-layout-qualifiers-on-old-glsl
    nv-zero-context-profile-mask
    nv-implementation-color-read-format-dsa-broken
    nv-cubemap-inconsistent-compressed-image-size
    nv-cubemap-broken-full-compressed-image-query
    nv-compressed-block-size-in-bits
[18:47:25:394325]:[Warning]:[Scene] SemanticScene.h(331)::checkFileExists : ::loadSemanticSceneDescriptor: File `data/scene_datasets/habitat-test-scenes/skokloster-castle.scn` does not exist.  Aborting load.
[18:47:25:394341]:[Warning]:[Scene] SemanticScene.cpp(123)::loadSemanticSceneDescriptor : SSD File Naming Issue! Neither SemanticAttributes-provided name : `data/scene_datasets/habitat-test-scenes/skokloster-castle.scn` nor constructed filename : `data/scene_datasets/habitat-test-scenes/info_semantic.json` exist on disk.
[18:47:25:394346]:[Error]:[Scene] SemanticScene.cpp(139)::loadSemanticSceneDescriptor : SSD Load Failure! File with SemanticAttributes-provided name `data/scene_datasets/habitat-test-scenes/skokloster-castle.scn` exists but failed to load.
[18:47:25:997693]:[Warning]:[Sim] Simulator.cpp(595)::instanceStageForSceneAttributes : The active scene does not contain semantic annotations : activeSemanticSceneID_ = 0
2026-08-11 18:47:26,614 update: 1910	fps: 486.011	
2026-08-11 18:47:26,614 Num updates: 1910	Num frames 305600
2026-08-11 18:47:26,614 Average window size: 50  distance_to_goal: 0.702  distance_to_goal_reward: -0.000  reward: 5.133  spl: 0.642  success: 0.757
2026-08-11 18:47:26,614 	Perf Stats: trainer.rollout_collect: 0.291 trainer.sample_action: 0.003 trainer.obs_insert: 0.000 trainer.step_env: 0.005 trainer.update_stats: 0.001 trainer.update_agent: 0.035
2026-08-11 18:47:29,741 update: 1920	fps: 486.138	
2026-08-11 18:47:29,741 Num updates: 1920	Num frames 307200
2026-08-11 18:47:29,741 Average window size: 50  distance_to_goal: 0.717  distance_to_goal_reward: -0.001  reward: 5.742  spl: 0.592  success: 0.710
2026-08-11 18:47:29,741 	Perf Stats: trainer.rollout_collect: 0.291 trainer.sample_action: 0.003 trainer.obs_insert: 0.000 trainer.step_env: 0.005 trainer.update_stats: 0.001 trainer.update_agent: 0.035
2026-08-11 18:47:32,897 update: 1930	fps: 486.241	
2026-08-11 18:47:32,897 Num updates: 1930	Num frames 308800
2026-08-11 18:47:32,897 Average window size: 50  distance_to_goal: 0.582  distance_to_goal_reward: -0.000  reward: 5.882  spl: 0.623  success: 0.747
2026-08-11 18:47:32,897 	Perf Stats: trainer.rollout_collect: 0.291 trainer.sample_action: 0.003 trainer.obs_insert: 0.000 trainer.step_env: 0.005 trainer.update_stats: 0.001 trainer.update_agent: 0.035
2026-08-11 18:47:36,046 update: 1940	fps: 486.348	
2026-08-11 18:47:36,047 Num updates: 1940	Num frames 310400
2026-08-11 18:47:36,047 Average window size: 50  distance_to_goal: 0.412  distance_to_goal_reward: -0.000  reward: 5.911  spl: 0.623  success: 0.743
2026-08-11 18:47:36,047 	Perf Stats: trainer.rollout_collect: 0.291 trainer.sample_action: 0.003 trainer.obs_insert: 0.000 trainer.step_env: 0.005 trainer.update_stats: 0.001 trainer.update_agent: 0.035
PluginManager::Manager: duplicate static plugin StbImageImporter, ignoring
PluginManager::Manager: duplicate static plugin GltfImporter, ignoring
PluginManager::Manager: duplicate static plugin BasisImporter, ignoring
PluginManager::Manager: duplicate static plugin AssimpImporter, ignoring
PluginManager::Manager: duplicate static plugin AnySceneImporter, ignoring
PluginManager::Manager: duplicate static plugin AnyImageImporter, ignoring
Renderer: NVIDIA GeForce RTX 4070/PCIe/SSE2 by NVIDIA Corporation
OpenGL version: 4.6.0 NVIDIA 580.173.02
Using optional features:
    GL_ARB_vertex_array_object
    GL_ARB_separate_shader_objects
    GL_ARB_robustness
    GL_ARB_texture_storage
    GL_ARB_texture_view
    GL_ARB_framebuffer_no_attachments
    GL_ARB_invalidate_subdata
    GL_ARB_texture_storage_multisample
    GL_ARB_multi_bind
    GL_ARB_direct_state_access
    GL_ARB_get_texture_sub_image
    GL_ARB_texture_filter_anisotropic
    GL_KHR_debug
    GL_KHR_parallel_shader_compile
    GL_NV_depth_buffer_float
Using driver workarounds:
    no-forward-compatible-core-context
    nv-egl-incorrect-gl11-function-pointers
    no-layout-qualifiers-on-old-glsl
    nv-zero-context-profile-mask
    nv-implementation-color-read-format-dsa-broken
    nv-cubemap-inconsistent-compressed-image-size
    nv-cubemap-broken-full-compressed-image-query
    nv-compressed-block-size-in-bits
[18:47:37:547851]:[Warning]:[Scene] SemanticScene.h(331)::checkFileExists : ::loadSemanticSceneDescriptor: File `data/scene_datasets/habitat-test-scenes/van-gogh-room.scn` does not exist.  Aborting load.
[18:47:37:547867]:[Warning]:[Scene] SemanticScene.cpp(123)::loadSemanticSceneDescriptor : SSD File Naming Issue! Neither SemanticAttributes-provided name : `data/scene_datasets/habitat-test-scenes/van-gogh-room.scn` nor constructed filename : `data/scene_datasets/habitat-test-scenes/info_semantic.json` exist on disk.
[18:47:37:547872]:[Error]:[Scene] SemanticScene.cpp(139)::loadSemanticSceneDescriptor : SSD Load Failure! File with SemanticAttributes-provided name `data/scene_datasets/habitat-test-scenes/van-gogh-room.scn` exists but failed to load.
[18:47:37:989041]:[Warning]:[Sim] Simulator.cpp(595)::instanceStageForSceneAttributes : The active scene does not contain semantic annotations : activeSemanticSceneID_ = 0
2026-08-11 18:47:39,634 update: 1950	fps: 486.123	
2026-08-11 18:47:39,634 Num updates: 1950	Num frames 312000
2026-08-11 18:47:39,634 Average window size: 50  distance_to_goal: 0.410  distance_to_goal_reward: -0.000  reward: 5.860  spl: 0.659  success: 0.780
2026-08-11 18:47:39,634 	Perf Stats: trainer.rollout_collect: 0.291 trainer.sample_action: 0.003 trainer.obs_insert: 0.000 trainer.step_env: 0.005 trainer.update_stats: 0.001 trainer.update_agent: 0.035
2026-08-11 18:47:42,751 update: 1960	fps: 486.254	
2026-08-11 18:47:42,751 Num updates: 1960	Num frames 313600
2026-08-11 18:47:42,751 Average window size: 50  distance_to_goal: 0.346  distance_to_goal_reward: 0.000  reward: 5.674  spl: 0.665  success: 0.786
2026-08-11 18:47:42,751 	Perf Stats: trainer.rollout_collect: 0.291 trainer.sample_action: 0.003 trainer.obs_insert: 0.000 trainer.step_env: 0.005 trainer.update_stats: 0.001 trainer.update_agent: 0.035
2026-08-11 18:47:45,874 update: 1970	fps: 486.380	
2026-08-11 18:47:45,874 Num updates: 1970	Num frames 315200
2026-08-11 18:47:45,874 Average window size: 50  distance_to_goal: 0.303  distance_to_goal_reward: 0.000  reward: 5.398  spl: 0.669  success: 0.797
2026-08-11 18:47:45,874 	Perf Stats: trainer.rollout_collect: 0.291 trainer.sample_action: 0.003 trainer.obs_insert: 0.000 trainer.step_env: 0.005 trainer.update_stats: 0.001 trainer.update_agent: 0.035
2026-08-11 18:47:48,976 update: 1980	fps: 486.520	
2026-08-11 18:47:48,976 Num updates: 1980	Num frames 316800
2026-08-11 18:47:48,976 Average window size: 50  distance_to_goal: 0.293  distance_to_goal_reward: 0.000  reward: 5.367  spl: 0.685  success: 0.812
2026-08-11 18:47:48,976 	Perf Stats: trainer.rollout_collect: 0.291 trainer.sample_action: 0.003 trainer.obs_insert: 0.000 trainer.step_env: 0.005 trainer.update_stats: 0.001 trainer.update_agent: 0.035
2026-08-11 18:47:52,069 update: 1990	fps: 486.665	
2026-08-11 18:47:52,070 Num updates: 1990	Num frames 318400
2026-08-11 18:47:52,070 Average window size: 50  distance_to_goal: 0.256  distance_to_goal_reward: 0.000  reward: 5.381  spl: 0.713  success: 0.847
2026-08-11 18:47:52,070 	Perf Stats: trainer.rollout_collect: 0.291 trainer.sample_action: 0.003 trainer.obs_insert: 0.000 trainer.step_env: 0.005 trainer.update_stats: 0.001 trainer.update_agent: 0.035
2026-08-11 18:47:55,276 update: 2000	fps: 486.726	
2026-08-11 18:47:55,276 Num updates: 2000	Num frames 320000
2026-08-11 18:47:55,276 Average window size: 50  distance_to_goal: 0.382  distance_to_goal_reward: 0.000  reward: 4.892  spl: 0.678  success: 0.807
2026-08-11 18:47:55,276 	Perf Stats: trainer.rollout_collect: 0.291 trainer.sample_action: 0.003 trainer.obs_insert: 0.000 trainer.step_env: 0.005 trainer.update_stats: 0.001 trainer.update_agent: 0.035
2026-08-11 18:47:58,323 update: 2010	fps: 486.902	
2026-08-11 18:47:58,324 Num updates: 2010	Num frames 321600
2026-08-11 18:47:58,324 Average window size: 50  distance_to_goal: 0.421  distance_to_goal_reward: 0.000  reward: 5.008  spl: 0.684  success: 0.820
2026-08-11 18:47:58,324 	Perf Stats: trainer.rollout_collect: 0.291 trainer.sample_action: 0.003 trainer.obs_insert: 0.000 trainer.step_env: 0.005 trainer.update_stats: 0.001 trainer.update_agent: 0.035
2026-08-11 18:48:01,358 update: 2020	fps: 487.087	
2026-08-11 18:48:01,358 Num updates: 2020	Num frames 323200
2026-08-11 18:48:01,358 Average window size: 50  distance_to_goal: 0.483  distance_to_goal_reward: 0.000  reward: 5.250  spl: 0.684  success: 0.827
2026-08-11 18:48:01,358 	Perf Stats: trainer.rollout_collect: 0.291 trainer.sample_action: 0.003 trainer.obs_insert: 0.000 trainer.step_env: 0.005 trainer.update_stats: 0.001 trainer.update_agent: 0.035
2026-08-11 18:48:04,427 update: 2030	fps: 487.244	
2026-08-11 18:48:04,427 Num updates: 2030	Num frames 324800
2026-08-11 18:48:04,427 Average window size: 50  distance_to_goal: 0.516  distance_to_goal_reward: 0.000  reward: 4.894  spl: 0.661  success: 0.792
2026-08-11 18:48:04,427 	Perf Stats: trainer.rollout_collect: 0.291 trainer.sample_action: 0.003 trainer.obs_insert: 0.000 trainer.step_env: 0.005 trainer.update_stats: 0.001 trainer.update_agent: 0.035
2026-08-11 18:48:07,539 update: 2040	fps: 487.370	
2026-08-11 18:48:07,539 Num updates: 2040	Num frames 326400
2026-08-11 18:48:07,539 Average window size: 50  distance_to_goal: 0.454  distance_to_goal_reward: 0.000  reward: 5.093  spl: 0.668  success: 0.800
2026-08-11 18:48:07,539 	Perf Stats: trainer.rollout_collect: 0.291 trainer.sample_action: 0.003 trainer.obs_insert: 0.000 trainer.step_env: 0.005 trainer.update_stats: 0.001 trainer.update_agent: 0.035
2026-08-11 18:48:10,623 update: 2050	fps: 487.513	
2026-08-11 18:48:10,632 Num updates: 2050	Num frames 328000
2026-08-11 18:48:10,632 Average window size: 50  distance_to_goal: 0.330  distance_to_goal_reward: 0.000  reward: 5.395  spl: 0.695  success: 0.833
2026-08-11 18:48:10,632 	Perf Stats: trainer.rollout_collect: 0.290 trainer.sample_action: 0.003 trainer.obs_insert: 0.000 trainer.step_env: 0.005 trainer.update_stats: 0.001 trainer.update_agent: 0.035
2026-08-11 18:48:13,711 update: 2060	fps: 487.653	
2026-08-11 18:48:13,711 Num updates: 2060	Num frames 329600
2026-08-11 18:48:13,711 Average window size: 50  distance_to_goal: 0.334  distance_to_goal_reward: 0.000  reward: 5.466  spl: 0.686  success: 0.825
2026-08-11 18:48:13,712 	Perf Stats: trainer.rollout_collect: 0.290 trainer.sample_action: 0.003 trainer.obs_insert: 0.000 trainer.step_env: 0.005 trainer.update_stats: 0.001 trainer.update_agent: 0.035
2026-08-11 18:48:16,806 update: 2070	fps: 487.787	
2026-08-11 18:48:16,806 Num updates: 2070	Num frames 331200
2026-08-11 18:48:16,806 Average window size: 50  distance_to_goal: 0.304  distance_to_goal_reward: 0.000  reward: 5.475  spl: 0.687  success: 0.803
2026-08-11 18:48:16,806 	Perf Stats: trainer.rollout_collect: 0.290 trainer.sample_action: 0.003 trainer.obs_insert: 0.000 trainer.step_env: 0.005 trainer.update_stats: 0.001 trainer.update_agent: 0.035
2026-08-11 18:48:19,893 update: 2080	fps: 487.925	
2026-08-11 18:48:19,893 Num updates: 2080	Num frames 332800
2026-08-11 18:48:19,893 Average window size: 50  distance_to_goal: 0.255  distance_to_goal_reward: 0.000  reward: 5.706  spl: 0.675  success: 0.792
2026-08-11 18:48:19,893 	Perf Stats: trainer.rollout_collect: 0.290 trainer.sample_action: 0.003 trainer.obs_insert: 0.000 trainer.step_env: 0.005 trainer.update_stats: 0.001 trainer.update_agent: 0.035
PluginManager::Manager: duplicate static plugin StbImageImporter, ignoring
PluginManager::Manager: duplicate static plugin GltfImporter, ignoring
PluginManager::Manager: duplicate static plugin BasisImporter, ignoring
PluginManager::Manager: duplicate static plugin AssimpImporter, ignoring
PluginManager::Manager: duplicate static plugin AnySceneImporter, ignoring
PluginManager::Manager: duplicate static plugin AnyImageImporter, ignoring
Renderer: NVIDIA GeForce RTX 4070/PCIe/SSE2 by NVIDIA Corporation
OpenGL version: 4.6.0 NVIDIA 580.173.02
Using optional features:
    GL_ARB_vertex_array_object
    GL_ARB_separate_shader_objects
    GL_ARB_robustness
    GL_ARB_texture_storage
    GL_ARB_texture_view
    GL_ARB_framebuffer_no_attachments
    GL_ARB_invalidate_subdata
    GL_ARB_texture_storage_multisample
    GL_ARB_multi_bind
    GL_ARB_direct_state_access
    GL_ARB_get_texture_sub_image
    GL_ARB_texture_filter_anisotropic
    GL_KHR_debug
    GL_KHR_parallel_shader_compile
    GL_NV_depth_buffer_float
Using driver workarounds:
    no-forward-compatible-core-context
    nv-egl-incorrect-gl11-function-pointers
    no-layout-qualifiers-on-old-glsl
    nv-zero-context-profile-mask
    nv-implementation-color-read-format-dsa-broken
    nv-cubemap-inconsistent-compressed-image-size
    nv-cubemap-broken-full-compressed-image-query
    nv-compressed-block-size-in-bits
[18:48:20:114223]:[Warning]:[Scene] SemanticScene.h(331)::checkFileExists : ::loadSemanticSceneDescriptor: File `data/scene_datasets/habitat-test-scenes/van-gogh-room.scn` does not exist.  Aborting load.
[18:48:20:114239]:[Warning]:[Scene] SemanticScene.cpp(123)::loadSemanticSceneDescriptor : SSD File Naming Issue! Neither SemanticAttributes-provided name : `data/scene_datasets/habitat-test-scenes/van-gogh-room.scn` nor constructed filename : `data/scene_datasets/habitat-test-scenes/info_semantic.json` exist on disk.
[18:48:20:114244]:[Error]:[Scene] SemanticScene.cpp(139)::loadSemanticSceneDescriptor : SSD Load Failure! File with SemanticAttributes-provided name `data/scene_datasets/habitat-test-scenes/van-gogh-room.scn` exists but failed to load.
[18:48:20:560601]:[Warning]:[Sim] Simulator.cpp(595)::instanceStageForSceneAttributes : The active scene does not contain semantic annotations : activeSemanticSceneID_ = 0
2026-08-11 18:48:23,350 update: 2090	fps: 487.798	
2026-08-11 18:48:23,351 Num updates: 2090	Num frames 334400
2026-08-11 18:48:23,351 Average window size: 50  distance_to_goal: 0.319  distance_to_goal_reward: 0.000  reward: 5.608  spl: 0.652  success: 0.764
2026-08-11 18:48:23,351 	Perf Stats: trainer.rollout_collect: 0.290 trainer.sample_action: 0.003 trainer.obs_insert: 0.000 trainer.step_env: 0.005 trainer.update_stats: 0.001 trainer.update_agent: 0.035
2026-08-11 18:48:26,436 update: 2100	fps: 487.936	
2026-08-11 18:48:26,436 Num updates: 2100	Num frames 336000
2026-08-11 18:48:26,436 Average window size: 50  distance_to_goal: 0.327  distance_to_goal_reward: 0.000  reward: 5.572  spl: 0.636  success: 0.743
2026-08-11 18:48:26,436 	Perf Stats: trainer.rollout_collect: 0.290 trainer.sample_action: 0.003 trainer.obs_insert: 0.000 trainer.step_env: 0.005 trainer.update_stats: 0.001 trainer.update_agent: 0.035
2026-08-11 18:48:29,481 update: 2110	fps: 488.101	
2026-08-11 18:48:29,482 Num updates: 2110	Num frames 337600
2026-08-11 18:48:29,482 Average window size: 50  distance_to_goal: 0.321  distance_to_goal_reward: 0.000  reward: 5.153  spl: 0.616  success: 0.733
2026-08-11 18:48:29,482 	Perf Stats: trainer.rollout_collect: 0.290 trainer.sample_action: 0.003 trainer.obs_insert: 0.000 trainer.step_env: 0.005 trainer.update_stats: 0.001 trainer.update_agent: 0.035
2026-08-11 18:48:32,487 update: 2120	fps: 488.292	
2026-08-11 18:48:32,487 Num updates: 2120	Num frames 339200
2026-08-11 18:48:32,487 Average window size: 50  distance_to_goal: 0.310  distance_to_goal_reward: 0.000  reward: 4.890  spl: 0.611  success: 0.741
2026-08-11 18:48:32,487 	Perf Stats: trainer.rollout_collect: 0.290 trainer.sample_action: 0.003 trainer.obs_insert: 0.000 trainer.step_env: 0.005 trainer.update_stats: 0.001 trainer.update_agent: 0.035
2026-08-11 18:48:35,487 update: 2130	fps: 488.486	
2026-08-11 18:48:35,487 Num updates: 2130	Num frames 340800
2026-08-11 18:48:35,487 Average window size: 50  distance_to_goal: 0.355  distance_to_goal_reward: 0.000  reward: 4.395  spl: 0.600  success: 0.728
2026-08-11 18:48:35,487 	Perf Stats: trainer.rollout_collect: 0.290 trainer.sample_action: 0.003 trainer.obs_insert: 0.000 trainer.step_env: 0.005 trainer.update_stats: 0.001 trainer.update_agent: 0.035
2026-08-11 18:48:38,458 update: 2140	fps: 488.698	
2026-08-11 18:48:38,458 Num updates: 2140	Num frames 342400
2026-08-11 18:48:38,458 Average window size: 50  distance_to_goal: 0.372  distance_to_goal_reward: 0.000  reward: 4.201  spl: 0.594  success: 0.725
2026-08-11 18:48:38,458 	Perf Stats: trainer.rollout_collect: 0.290 trainer.sample_action: 0.003 trainer.obs_insert: 0.000 trainer.step_env: 0.005 trainer.update_stats: 0.001 trainer.update_agent: 0.035
2026-08-11 18:48:41,417 update: 2150	fps: 488.917	
2026-08-11 18:48:41,417 Num updates: 2150	Num frames 344000
2026-08-11 18:48:41,417 Average window size: 50  distance_to_goal: 0.370  distance_to_goal_reward: 0.000  reward: 3.751  spl: 0.562  success: 0.706
2026-08-11 18:48:41,417 	Perf Stats: trainer.rollout_collect: 0.289 trainer.sample_action: 0.003 trainer.obs_insert: 0.000 trainer.step_env: 0.005 trainer.update_stats: 0.001 trainer.update_agent: 0.035
PluginManager::Manager: duplicate static plugin StbImageImporter, ignoring
PluginManager::Manager: duplicate static plugin GltfImporter, ignoring
PluginManager::Manager: duplicate static plugin BasisImporter, ignoring
PluginManager::Manager: duplicate static plugin AssimpImporter, ignoring
PluginManager::Manager: duplicate static plugin AnySceneImporter, ignoring
PluginManager::Manager: duplicate static plugin AnyImageImporter, ignoring
Renderer: NVIDIA GeForce RTX 4070/PCIe/SSE2 by NVIDIA Corporation
OpenGL version: 4.6.0 NVIDIA 580.173.02
Using optional features:
    GL_ARB_vertex_array_object
    GL_ARB_separate_shader_objects
    GL_ARB_robustness
    GL_ARB_texture_storage
    GL_ARB_texture_view
    GL_ARB_framebuffer_no_attachments
    GL_ARB_invalidate_subdata
    GL_ARB_texture_storage_multisample
    GL_ARB_multi_bind
    GL_ARB_direct_state_access
    GL_ARB_get_texture_sub_image
    GL_ARB_texture_filter_anisotropic
    GL_KHR_debug
    GL_KHR_parallel_shader_compile
    GL_NV_depth_buffer_float
Using driver workarounds:
    no-forward-compatible-core-context
    nv-egl-incorrect-gl11-function-pointers
    no-layout-qualifiers-on-old-glsl
    nv-zero-context-profile-mask
    nv-implementation-color-read-format-dsa-broken
    nv-cubemap-inconsistent-compressed-image-size
    nv-cubemap-broken-full-compressed-image-query
    nv-compressed-block-size-in-bits
[18:48:42:198273]:[Warning]:[Scene] SemanticScene.h(331)::checkFileExists : ::loadSemanticSceneDescriptor: File `data/scene_datasets/habitat-test-scenes/skokloster-castle.scn` does not exist.  Aborting load.
[18:48:42:198290]:[Warning]:[Scene] SemanticScene.cpp(123)::loadSemanticSceneDescriptor : SSD File Naming Issue! Neither SemanticAttributes-provided name : `data/scene_datasets/habitat-test-scenes/skokloster-castle.scn` nor constructed filename : `data/scene_datasets/habitat-test-scenes/info_semantic.json` exist on disk.
[18:48:42:198295]:[Error]:[Scene] SemanticScene.cpp(139)::loadSemanticSceneDescriptor : SSD Load Failure! File with SemanticAttributes-provided name `data/scene_datasets/habitat-test-scenes/skokloster-castle.scn` exists but failed to load.
[18:48:42:802790]:[Warning]:[Sim] Simulator.cpp(595)::instanceStageForSceneAttributes : The active scene does not contain semantic annotations : activeSemanticSceneID_ = 0
PluginManager::Manager: duplicate static plugin StbImageImporter, ignoring
PluginManager::Manager: duplicate static plugin GltfImporter, ignoring
PluginManager::Manager: duplicate static plugin BasisImporter, ignoring
PluginManager::Manager: duplicate static plugin AssimpImporter, ignoring
PluginManager::Manager: duplicate static plugin AnySceneImporter, ignoring
PluginManager::Manager: duplicate static plugin AnyImageImporter, ignoring
Renderer: NVIDIA GeForce RTX 4070/PCIe/SSE2 by NVIDIA Corporation
OpenGL version: 4.6.0 NVIDIA 580.173.02
Using optional features:
    GL_ARB_vertex_array_object
    GL_ARB_separate_shader_objects
    GL_ARB_robustness
    GL_ARB_texture_storage
    GL_ARB_texture_view
    GL_ARB_framebuffer_no_attachments
    GL_ARB_invalidate_subdata
    GL_ARB_texture_storage_multisample
    GL_ARB_multi_bind
    GL_ARB_direct_state_access
    GL_ARB_get_texture_sub_image
    GL_ARB_texture_filter_anisotropic
    GL_KHR_debug
    GL_KHR_parallel_shader_compile
    GL_NV_depth_buffer_float
Using driver workarounds:
    no-forward-compatible-core-context
    nv-egl-incorrect-gl11-function-pointers
    no-layout-qualifiers-on-old-glsl
    nv-zero-context-profile-mask
    nv-implementation-color-read-format-dsa-broken
    nv-cubemap-inconsistent-compressed-image-size
    nv-cubemap-broken-full-compressed-image-query
    nv-compressed-block-size-in-bits
[18:48:44:677452]:[Warning]:[Scene] SemanticScene.h(331)::checkFileExists : ::loadSemanticSceneDescriptor: File `data/scene_datasets/habitat-test-scenes/skokloster-castle.scn` does not exist.  Aborting load.
[18:48:44:677468]:[Warning]:[Scene] SemanticScene.cpp(123)::loadSemanticSceneDescriptor : SSD File Naming Issue! Neither SemanticAttributes-provided name : `data/scene_datasets/habitat-test-scenes/skokloster-castle.scn` nor constructed filename : `data/scene_datasets/habitat-test-scenes/info_semantic.json` exist on disk.
[18:48:44:677473]:[Error]:[Scene] SemanticScene.cpp(139)::loadSemanticSceneDescriptor : SSD Load Failure! File with SemanticAttributes-provided name `data/scene_datasets/habitat-test-scenes/skokloster-castle.scn` exists but failed to load.
[18:48:45:284491]:[Warning]:[Sim] Simulator.cpp(595)::instanceStageForSceneAttributes : The active scene does not contain semantic annotations : activeSemanticSceneID_ = 0
2026-08-11 18:48:45,697 update: 2160	fps: 488.221	
2026-08-11 18:48:45,697 Num updates: 2160	Num frames 345600
2026-08-11 18:48:45,697 Average window size: 50  distance_to_goal: 0.393  distance_to_goal_reward: 0.000  reward: 3.278  spl: 0.556  success: 0.706
2026-08-11 18:48:45,697 	Perf Stats: trainer.rollout_collect: 0.290 trainer.sample_action: 0.003 trainer.obs_insert: 0.000 trainer.step_env: 0.005 trainer.update_stats: 0.001 trainer.update_agent: 0.035
2026-08-11 18:48:48,831 update: 2170	fps: 488.319	
2026-08-11 18:48:48,831 Num updates: 2170	Num frames 347200
2026-08-11 18:48:48,831 Average window size: 50  distance_to_goal: 0.387  distance_to_goal_reward: 0.000  reward: 3.798  spl: 0.556  success: 0.712
2026-08-11 18:48:48,831 	Perf Stats: trainer.rollout_collect: 0.290 trainer.sample_action: 0.003 trainer.obs_insert: 0.000 trainer.step_env: 0.005 trainer.update_stats: 0.001 trainer.update_agent: 0.035
2026-08-11 18:48:51,942 update: 2180	fps: 488.432	
2026-08-11 18:48:51,943 Num updates: 2180	Num frames 348800
2026-08-11 18:48:51,943 Average window size: 50  distance_to_goal: 0.305  distance_to_goal_reward: 0.000  reward: 4.983  spl: 0.540  success: 0.718
2026-08-11 18:48:51,943 	Perf Stats: trainer.rollout_collect: 0.290 trainer.sample_action: 0.003 trainer.obs_insert: 0.000 trainer.step_env: 0.005 trainer.update_stats: 0.001 trainer.update_agent: 0.035
2026-08-11 18:48:55,071 update: 2190	fps: 488.532	
2026-08-11 18:48:55,071 Num updates: 2190	Num frames 350400
2026-08-11 18:48:55,072 Average window size: 50  distance_to_goal: 0.269  distance_to_goal_reward: 0.000  reward: 4.641  spl: 0.492  success: 0.646
2026-08-11 18:48:55,072 	Perf Stats: trainer.rollout_collect: 0.290 trainer.sample_action: 0.003 trainer.obs_insert: 0.000 trainer.step_env: 0.005 trainer.update_stats: 0.001 trainer.update_agent: 0.035
PluginManager::Manager: duplicate static plugin StbImageImporter, ignoring
PluginManager::Manager: duplicate static plugin GltfImporter, ignoring
PluginManager::Manager: duplicate static plugin BasisImporter, ignoring
PluginManager::Manager: duplicate static plugin AssimpImporter, ignoring
PluginManager::Manager: duplicate static plugin AnySceneImporter, ignoring
PluginManager::Manager: duplicate static plugin AnyImageImporter, ignoring
Renderer: NVIDIA GeForce RTX 4070/PCIe/SSE2 by NVIDIA Corporation
OpenGL version: 4.6.0 NVIDIA 580.173.02
Using optional features:
    GL_ARB_vertex_array_object
    GL_ARB_separate_shader_objects
    GL_ARB_robustness
    GL_ARB_texture_storage
    GL_ARB_texture_view
    GL_ARB_framebuffer_no_attachments
    GL_ARB_invalidate_subdata
    GL_ARB_texture_storage_multisample
    GL_ARB_multi_bind
    GL_ARB_direct_state_access
    GL_ARB_get_texture_sub_image
    GL_ARB_texture_filter_anisotropic
    GL_KHR_debug
    GL_KHR_parallel_shader_compile
    GL_NV_depth_buffer_float
Using driver workarounds:
    no-forward-compatible-core-context
    nv-egl-incorrect-gl11-function-pointers
    no-layout-qualifiers-on-old-glsl
    nv-zero-context-profile-mask
    nv-implementation-color-read-format-dsa-broken
    nv-cubemap-inconsistent-compressed-image-size
    nv-cubemap-broken-full-compressed-image-query
    nv-compressed-block-size-in-bits
[18:48:55:182111]:[Warning]:[Scene] SemanticScene.h(331)::checkFileExists : ::loadSemanticSceneDescriptor: File `data/scene_datasets/habitat-test-scenes/van-gogh-room.scn` does not exist.  Aborting load.
[18:48:55:182127]:[Warning]:[Scene] SemanticScene.cpp(123)::loadSemanticSceneDescriptor : SSD File Naming Issue! Neither SemanticAttributes-provided name : `data/scene_datasets/habitat-test-scenes/van-gogh-room.scn` nor constructed filename : `data/scene_datasets/habitat-test-scenes/info_semantic.json` exist on disk.
[18:48:55:182132]:[Error]:[Scene] SemanticScene.cpp(139)::loadSemanticSceneDescriptor : SSD Load Failure! File with SemanticAttributes-provided name `data/scene_datasets/habitat-test-scenes/van-gogh-room.scn` exists but failed to load.
[18:48:55:615890]:[Warning]:[Sim] Simulator.cpp(595)::instanceStageForSceneAttributes : The active scene does not contain semantic annotations : activeSemanticSceneID_ = 0
2026-08-11 18:48:58,700 update: 2200	fps: 488.293	
2026-08-11 18:48:58,700 Num updates: 2200	Num frames 352000
2026-08-11 18:48:58,700 Average window size: 50  distance_to_goal: 0.368  distance_to_goal_reward: 0.000  reward: 4.561  spl: 0.506  success: 0.639
2026-08-11 18:48:58,700 	Perf Stats: trainer.rollout_collect: 0.290 trainer.sample_action: 0.003 trainer.obs_insert: 0.000 trainer.step_env: 0.005 trainer.update_stats: 0.001 trainer.update_agent: 0.035
2026-08-11 18:49:01,767 update: 2210	fps: 488.434	
2026-08-11 18:49:01,767 Num updates: 2210	Num frames 353600
2026-08-11 18:49:01,767 Average window size: 50  distance_to_goal: 0.380  distance_to_goal_reward: 0.000  reward: 4.779  spl: 0.550  success: 0.672
2026-08-11 18:49:01,767 	Perf Stats: trainer.rollout_collect: 0.290 trainer.sample_action: 0.003 trainer.obs_insert: 0.000 trainer.step_env: 0.005 trainer.update_stats: 0.001 trainer.update_agent: 0.035
2026-08-11 18:49:04,846 update: 2220	fps: 488.566	
2026-08-11 18:49:04,846 Num updates: 2220	Num frames 355200
2026-08-11 18:49:04,846 Average window size: 50  distance_to_goal: 0.341  distance_to_goal_reward: 0.000  reward: 4.862  spl: 0.591  success: 0.713
2026-08-11 18:49:04,846 	Perf Stats: trainer.rollout_collect: 0.290 trainer.sample_action: 0.003 trainer.obs_insert: 0.000 trainer.step_env: 0.005 trainer.update_stats: 0.001 trainer.update_agent: 0.035
2026-08-11 18:49:07,938 update: 2230	fps: 488.689	
2026-08-11 18:49:07,947 Num updates: 2230	Num frames 356800
2026-08-11 18:49:07,947 Average window size: 50  distance_to_goal: 0.368  distance_to_goal_reward: 0.000  reward: 4.761  spl: 0.611  success: 0.727
2026-08-11 18:49:07,947 	Perf Stats: trainer.rollout_collect: 0.290 trainer.sample_action: 0.003 trainer.obs_insert: 0.000 trainer.step_env: 0.005 trainer.update_stats: 0.001 trainer.update_agent: 0.035
2026-08-11 18:49:11,007 update: 2240	fps: 488.825	
2026-08-11 18:49:11,007 Num updates: 2240	Num frames 358400
2026-08-11 18:49:11,008 Average window size: 50  distance_to_goal: 0.304  distance_to_goal_reward: 0.000  reward: 5.086  spl: 0.651  success: 0.779
2026-08-11 18:49:11,008 	Perf Stats: trainer.rollout_collect: 0.290 trainer.sample_action: 0.003 trainer.obs_insert: 0.000 trainer.step_env: 0.005 trainer.update_stats: 0.001 trainer.update_agent: 0.035
2026-08-11 18:49:14,050 update: 2250	fps: 488.978	
2026-08-11 18:49:14,050 Num updates: 2250	Num frames 360000
2026-08-11 18:49:14,050 Average window size: 50  distance_to_goal: 0.318  distance_to_goal_reward: 0.000  reward: 5.557  spl: 0.691  success: 0.826
2026-08-11 18:49:14,050 	Perf Stats: trainer.rollout_collect: 0.289 trainer.sample_action: 0.003 trainer.obs_insert: 0.000 trainer.step_env: 0.005 trainer.update_stats: 0.001 trainer.update_agent: 0.035
2026-08-11 18:49:17,112 update: 2260	fps: 489.117	
2026-08-11 18:49:17,112 Num updates: 2260	Num frames 361600
2026-08-11 18:49:17,112 Average window size: 50  distance_to_goal: 0.381  distance_to_goal_reward: 0.000  reward: 5.312  spl: 0.659  success: 0.789
2026-08-11 18:49:17,112 	Perf Stats: trainer.rollout_collect: 0.289 trainer.sample_action: 0.003 trainer.obs_insert: 0.000 trainer.step_env: 0.005 trainer.update_stats: 0.001 trainer.update_agent: 0.035
2026-08-11 18:49:20,130 update: 2270	fps: 489.284	
2026-08-11 18:49:20,130 Num updates: 2270	Num frames 363200
2026-08-11 18:49:20,130 Average window size: 50  distance_to_goal: 0.582  distance_to_goal_reward: 0.000  reward: 4.984  spl: 0.642  success: 0.756
2026-08-11 18:49:20,130 	Perf Stats: trainer.rollout_collect: 0.289 trainer.sample_action: 0.003 trainer.obs_insert: 0.000 trainer.step_env: 0.005 trainer.update_stats: 0.001 trainer.update_agent: 0.035
2026-08-11 18:49:23,166 update: 2280	fps: 489.438	
2026-08-11 18:49:23,166 Num updates: 2280	Num frames 364800
2026-08-11 18:49:23,166 Average window size: 50  distance_to_goal: 0.605  distance_to_goal_reward: -0.000  reward: 4.846  spl: 0.651  success: 0.769
2026-08-11 18:49:23,166 	Perf Stats: trainer.rollout_collect: 0.289 trainer.sample_action: 0.003 trainer.obs_insert: 0.000 trainer.step_env: 0.005 trainer.update_stats: 0.001 trainer.update_agent: 0.035
2026-08-11 18:49:26,234 update: 2290	fps: 489.569	
2026-08-11 18:49:26,234 Num updates: 2290	Num frames 366400
2026-08-11 18:49:26,234 Average window size: 50  distance_to_goal: 0.585  distance_to_goal_reward: -0.000  reward: 4.813  spl: 0.670  success: 0.787
2026-08-11 18:49:26,234 	Perf Stats: trainer.rollout_collect: 0.289 trainer.sample_action: 0.003 trainer.obs_insert: 0.000 trainer.step_env: 0.005 trainer.update_stats: 0.001 trainer.update_agent: 0.035
2026-08-11 18:49:29,379 update: 2300	fps: 489.650	
2026-08-11 18:49:29,379 Num updates: 2300	Num frames 368000
2026-08-11 18:49:29,379 Average window size: 50  distance_to_goal: 0.503  distance_to_goal_reward: -0.000  reward: 4.736  spl: 0.671  success: 0.800
2026-08-11 18:49:29,379 	Perf Stats: trainer.rollout_collect: 0.289 trainer.sample_action: 0.003 trainer.obs_insert: 0.000 trainer.step_env: 0.005 trainer.update_stats: 0.001 trainer.update_agent: 0.035
PluginManager::Manager: duplicate static plugin StbImageImporter, ignoring
PluginManager::Manager: duplicate static plugin GltfImporter, ignoring
PluginManager::Manager: duplicate static plugin BasisImporter, ignoring
PluginManager::Manager: duplicate static plugin AssimpImporter, ignoring
PluginManager::Manager: duplicate static plugin AnySceneImporter, ignoring
PluginManager::Manager: duplicate static plugin AnyImageImporter, ignoring
Renderer: NVIDIA GeForce RTX 4070/PCIe/SSE2 by NVIDIA Corporation
OpenGL version: 4.6.0 NVIDIA 580.173.02
Using optional features:
    GL_ARB_vertex_array_object
    GL_ARB_separate_shader_objects
    GL_ARB_robustness
    GL_ARB_texture_storage
    GL_ARB_texture_view
    GL_ARB_framebuffer_no_attachments
    GL_ARB_invalidate_subdata
    GL_ARB_texture_storage_multisample
    GL_ARB_multi_bind
    GL_ARB_direct_state_access
    GL_ARB_get_texture_sub_image
    GL_ARB_texture_filter_anisotropic
    GL_KHR_debug
    GL_KHR_parallel_shader_compile
    GL_NV_depth_buffer_float
Using driver workarounds:
    no-forward-compatible-core-context
    nv-egl-incorrect-gl11-function-pointers
    no-layout-qualifiers-on-old-glsl
    nv-zero-context-profile-mask
    nv-implementation-color-read-format-dsa-broken
    nv-cubemap-inconsistent-compressed-image-size
    nv-cubemap-broken-full-compressed-image-query
    nv-compressed-block-size-in-bits
[18:49:32:046105]:[Warning]:[Scene] SemanticScene.h(331)::checkFileExists : ::loadSemanticSceneDescriptor: File `data/scene_datasets/habitat-test-scenes/skokloster-castle.scn` does not exist.  Aborting load.
[18:49:32:046122]:[Warning]:[Scene] SemanticScene.cpp(123)::loadSemanticSceneDescriptor : SSD File Naming Issue! Neither SemanticAttributes-provided name : `data/scene_datasets/habitat-test-scenes/skokloster-castle.scn` nor constructed filename : `data/scene_datasets/habitat-test-scenes/info_semantic.json` exist on disk.
[18:49:32:046127]:[Error]:[Scene] SemanticScene.cpp(139)::loadSemanticSceneDescriptor : SSD Load Failure! File with SemanticAttributes-provided name `data/scene_datasets/habitat-test-scenes/skokloster-castle.scn` exists but failed to load.
[18:49:32:651589]:[Warning]:[Sim] Simulator.cpp(595)::instanceStageForSceneAttributes : The active scene does not contain semantic annotations : activeSemanticSceneID_ = 0
2026-08-11 18:49:33,049 update: 2310	fps: 489.389	
2026-08-11 18:49:33,049 Num updates: 2310	Num frames 369600
2026-08-11 18:49:33,049 Average window size: 50  distance_to_goal: 0.406  distance_to_goal_reward: -0.000  reward: 5.202  spl: 0.698  success: 0.841
2026-08-11 18:49:33,049 	Perf Stats: trainer.rollout_collect: 0.289 trainer.sample_action: 0.003 trainer.obs_insert: 0.000 trainer.step_env: 0.005 trainer.update_stats: 0.001 trainer.update_agent: 0.035
2026-08-11 18:49:36,155 update: 2320	fps: 489.494	
2026-08-11 18:49:36,155 Num updates: 2320	Num frames 371200
2026-08-11 18:49:36,155 Average window size: 50  distance_to_goal: 0.230  distance_to_goal_reward: -0.000  reward: 5.672  spl: 0.703  success: 0.864
2026-08-11 18:49:36,155 	Perf Stats: trainer.rollout_collect: 0.289 trainer.sample_action: 0.003 trainer.obs_insert: 0.000 trainer.step_env: 0.005 trainer.update_stats: 0.001 trainer.update_agent: 0.035
2026-08-11 18:49:39,289 update: 2330	fps: 489.581	
2026-08-11 18:49:39,289 Num updates: 2330	Num frames 372800
2026-08-11 18:49:39,289 Average window size: 50  distance_to_goal: 0.189  distance_to_goal_reward: 0.000  reward: 5.787  spl: 0.695  success: 0.864
2026-08-11 18:49:39,289 	Perf Stats: trainer.rollout_collect: 0.289 trainer.sample_action: 0.003 trainer.obs_insert: 0.000 trainer.step_env: 0.005 trainer.update_stats: 0.001 trainer.update_agent: 0.035
2026-08-11 18:49:42,408 update: 2340	fps: 489.676	
2026-08-11 18:49:42,408 Num updates: 2340	Num frames 374400
2026-08-11 18:49:42,408 Average window size: 50  distance_to_goal: 0.201  distance_to_goal_reward: 0.000  reward: 6.420  spl: 0.702  success: 0.862
2026-08-11 18:49:42,408 	Perf Stats: trainer.rollout_collect: 0.289 trainer.sample_action: 0.003 trainer.obs_insert: 0.000 trainer.step_env: 0.005 trainer.update_stats: 0.001 trainer.update_agent: 0.035
2026-08-11 18:49:45,507 update: 2350	fps: 489.784	
2026-08-11 18:49:45,507 Num updates: 2350	Num frames 376000
2026-08-11 18:49:45,507 Average window size: 50  distance_to_goal: 0.184  distance_to_goal_reward: 0.000  reward: 6.825  spl: 0.716  success: 0.864
2026-08-11 18:49:45,507 	Perf Stats: trainer.rollout_collect: 0.289 trainer.sample_action: 0.003 trainer.obs_insert: 0.000 trainer.step_env: 0.005 trainer.update_stats: 0.001 trainer.update_agent: 0.035
2026-08-11 18:49:48,613 update: 2360	fps: 489.886	
2026-08-11 18:49:48,613 Num updates: 2360	Num frames 377600
2026-08-11 18:49:48,613 Average window size: 50  distance_to_goal: 0.243  distance_to_goal_reward: 0.000  reward: 6.698  spl: 0.704  success: 0.845
2026-08-11 18:49:48,613 	Perf Stats: trainer.rollout_collect: 0.289 trainer.sample_action: 0.003 trainer.obs_insert: 0.000 trainer.step_env: 0.005 trainer.update_stats: 0.001 trainer.update_agent: 0.035
PluginManager::Manager: duplicate static plugin StbImageImporter, ignoring
PluginManager::Manager: duplicate static plugin GltfImporter, ignoring
PluginManager::Manager: duplicate static plugin BasisImporter, ignoring
PluginManager::Manager: duplicate static plugin AssimpImporter, ignoring
PluginManager::Manager: duplicate static plugin AnySceneImporter, ignoring
PluginManager::Manager: duplicate static plugin AnyImageImporter, ignoring
Renderer: NVIDIA GeForce RTX 4070/PCIe/SSE2 by NVIDIA Corporation
OpenGL version: 4.6.0 NVIDIA 580.173.02
Using optional features:
    GL_ARB_vertex_array_object
    GL_ARB_separate_shader_objects
    GL_ARB_robustness
    GL_ARB_texture_storage
    GL_ARB_texture_view
    GL_ARB_framebuffer_no_attachments
    GL_ARB_invalidate_subdata
    GL_ARB_texture_storage_multisample
    GL_ARB_multi_bind
    GL_ARB_direct_state_access
    GL_ARB_get_texture_sub_image
    GL_ARB_texture_filter_anisotropic
    GL_KHR_debug
    GL_KHR_parallel_shader_compile
    GL_NV_depth_buffer_float
Using driver workarounds:
    no-forward-compatible-core-context
    nv-egl-incorrect-gl11-function-pointers
    no-layout-qualifiers-on-old-glsl
    nv-zero-context-profile-mask
    nv-implementation-color-read-format-dsa-broken
    nv-cubemap-inconsistent-compressed-image-size
    nv-cubemap-broken-full-compressed-image-query
    nv-compressed-block-size-in-bits
[18:49:50:903204]:[Warning]:[Scene] SemanticScene.h(331)::checkFileExists : ::loadSemanticSceneDescriptor: File `data/scene_datasets/habitat-test-scenes/skokloster-castle.scn` does not exist.  Aborting load.
[18:49:50:903220]:[Warning]:[Scene] SemanticScene.cpp(123)::loadSemanticSceneDescriptor : SSD File Naming Issue! Neither SemanticAttributes-provided name : `data/scene_datasets/habitat-test-scenes/skokloster-castle.scn` nor constructed filename : `data/scene_datasets/habitat-test-scenes/info_semantic.json` exist on disk.
[18:49:50:903224]:[Error]:[Scene] SemanticScene.cpp(139)::loadSemanticSceneDescriptor : SSD Load Failure! File with SemanticAttributes-provided name `data/scene_datasets/habitat-test-scenes/skokloster-castle.scn` exists but failed to load.
[18:49:51:522627]:[Warning]:[Sim] Simulator.cpp(595)::instanceStageForSceneAttributes : The active scene does not contain semantic annotations : activeSemanticSceneID_ = 0
2026-08-11 18:49:52,371 update: 2370	fps: 489.574	
2026-08-11 18:49:52,371 Num updates: 2370	Num frames 379200
2026-08-11 18:49:52,371 Average window size: 50  distance_to_goal: 0.342  distance_to_goal_reward: 0.000  reward: 6.676  spl: 0.716  success: 0.840
2026-08-11 18:49:52,371 	Perf Stats: trainer.rollout_collect: 0.289 trainer.sample_action: 0.003 trainer.obs_insert: 0.000 trainer.step_env: 0.005 trainer.update_stats: 0.001 trainer.update_agent: 0.035
2026-08-11 18:49:55,535 update: 2380	fps: 489.640	
2026-08-11 18:49:55,535 Num updates: 2380	Num frames 380800
2026-08-11 18:49:55,535 Average window size: 50  distance_to_goal: 0.391  distance_to_goal_reward: 0.000  reward: 6.787  spl: 0.718  success: 0.841
2026-08-11 18:49:55,535 	Perf Stats: trainer.rollout_collect: 0.289 trainer.sample_action: 0.003 trainer.obs_insert: 0.000 trainer.step_env: 0.005 trainer.update_stats: 0.001 trainer.update_agent: 0.035
2026-08-11 18:49:58,695 update: 2390	fps: 489.707	
2026-08-11 18:49:58,695 Num updates: 2390	Num frames 382400
2026-08-11 18:49:58,696 Average window size: 50  distance_to_goal: 0.535  distance_to_goal_reward: 0.000  reward: 6.099  spl: 0.693  success: 0.823
2026-08-11 18:49:58,696 	Perf Stats: trainer.rollout_collect: 0.289 trainer.sample_action: 0.003 trainer.obs_insert: 0.000 trainer.step_env: 0.005 trainer.update_stats: 0.001 trainer.update_agent: 0.035
2026-08-11 18:50:01,938 update: 2400	fps: 489.723	
2026-08-11 18:50:01,938 Num updates: 2400	Num frames 384000
2026-08-11 18:50:01,938 Average window size: 50  distance_to_goal: 0.694  distance_to_goal_reward: -0.003  reward: 5.685  spl: 0.655  success: 0.779
2026-08-11 18:50:01,938 	Perf Stats: trainer.rollout_collect: 0.289 trainer.sample_action: 0.003 trainer.obs_insert: 0.000 trainer.step_env: 0.005 trainer.update_stats: 0.001 trainer.update_agent: 0.035
2026-08-11 18:50:05,088 update: 2410	fps: 489.796	
2026-08-11 18:50:05,088 Num updates: 2410	Num frames 385600
2026-08-11 18:50:05,088 Average window size: 50  distance_to_goal: 1.094  distance_to_goal_reward: -0.004  reward: 5.374  spl: 0.628  success: 0.759
2026-08-11 18:50:05,088 	Perf Stats: trainer.rollout_collect: 0.289 trainer.sample_action: 0.003 trainer.obs_insert: 0.000 trainer.step_env: 0.005 trainer.update_stats: 0.001 trainer.update_agent: 0.035
2026-08-11 18:50:08,237 update: 2420	fps: 489.868	
2026-08-11 18:50:08,237 Num updates: 2420	Num frames 387200
2026-08-11 18:50:08,237 Average window size: 50  distance_to_goal: 1.297  distance_to_goal_reward: -0.004  reward: 4.455  spl: 0.611  success: 0.722
2026-08-11 18:50:08,237 	Perf Stats: trainer.rollout_collect: 0.289 trainer.sample_action: 0.003 trainer.obs_insert: 0.000 trainer.step_env: 0.005 trainer.update_stats: 0.001 trainer.update_agent: 0.035
2026-08-11 18:50:11,373 update: 2430	fps: 489.949	
2026-08-11 18:50:11,373 Num updates: 2430	Num frames 388800
2026-08-11 18:50:11,373 Average window size: 50  distance_to_goal: 1.587  distance_to_goal_reward: -0.004  reward: 3.772  spl: 0.586  success: 0.684
2026-08-11 18:50:11,373 	Perf Stats: trainer.rollout_collect: 0.289 trainer.sample_action: 0.003 trainer.obs_insert: 0.000 trainer.step_env: 0.005 trainer.update_stats: 0.001 trainer.update_agent: 0.035
PluginManager::Manager: duplicate static plugin StbImageImporter, ignoring
PluginManager::Manager: duplicate static plugin GltfImporter, ignoring
PluginManager::Manager: duplicate static plugin BasisImporter, ignoring
PluginManager::Manager: duplicate static plugin AssimpImporter, ignoring
PluginManager::Manager: duplicate static plugin AnySceneImporter, ignoring
PluginManager::Manager: duplicate static plugin AnyImageImporter, ignoring
Renderer: NVIDIA GeForce RTX 4070/PCIe/SSE2 by NVIDIA Corporation
OpenGL version: 4.6.0 NVIDIA 580.173.02
Using optional features:
    GL_ARB_vertex_array_object
    GL_ARB_separate_shader_objects
    GL_ARB_robustness
    GL_ARB_texture_storage
    GL_ARB_texture_view
    GL_ARB_framebuffer_no_attachments
    GL_ARB_invalidate_subdata
    GL_ARB_texture_storage_multisample
    GL_ARB_multi_bind
    GL_ARB_direct_state_access
    GL_ARB_get_texture_sub_image
    GL_ARB_texture_filter_anisotropic
    GL_KHR_debug
    GL_KHR_parallel_shader_compile
    GL_NV_depth_buffer_float
Using driver workarounds:
    no-forward-compatible-core-context
    nv-egl-incorrect-gl11-function-pointers
    no-layout-qualifiers-on-old-glsl
    nv-zero-context-profile-mask
    nv-implementation-color-read-format-dsa-broken
    nv-cubemap-inconsistent-compressed-image-size
    nv-cubemap-broken-full-compressed-image-query
    nv-compressed-block-size-in-bits
[18:50:12:350450]:[Warning]:[Scene] SemanticScene.h(331)::checkFileExists : ::loadSemanticSceneDescriptor: File `data/scene_datasets/habitat-test-scenes/van-gogh-room.scn` does not exist.  Aborting load.
[18:50:12:350466]:[Warning]:[Scene] SemanticScene.cpp(123)::loadSemanticSceneDescriptor : SSD File Naming Issue! Neither SemanticAttributes-provided name : `data/scene_datasets/habitat-test-scenes/van-gogh-room.scn` nor constructed filename : `data/scene_datasets/habitat-test-scenes/info_semantic.json` exist on disk.
[18:50:12:350471]:[Error]:[Scene] SemanticScene.cpp(139)::loadSemanticSceneDescriptor : SSD Load Failure! File with SemanticAttributes-provided name `data/scene_datasets/habitat-test-scenes/van-gogh-room.scn` exists but failed to load.
[18:50:12:780748]:[Warning]:[Sim] Simulator.cpp(595)::instanceStageForSceneAttributes : The active scene does not contain semantic annotations : activeSemanticSceneID_ = 0
PluginManager::Manager: duplicate static plugin StbImageImporter, ignoring
PluginManager::Manager: duplicate static plugin GltfImporter, ignoring
PluginManager::Manager: duplicate static plugin BasisImporter, ignoring
PluginManager::Manager: duplicate static plugin AssimpImporter, ignoring
PluginManager::Manager: duplicate static plugin AnySceneImporter, ignoring
PluginManager::Manager: duplicate static plugin AnyImageImporter, ignoring
Renderer: NVIDIA GeForce RTX 4070/PCIe/SSE2 by NVIDIA Corporation
OpenGL version: 4.6.0 NVIDIA 580.173.02
Using optional features:
    GL_ARB_vertex_array_object
    GL_ARB_separate_shader_objects
    GL_ARB_robustness
    GL_ARB_texture_storage
    GL_ARB_texture_view
    GL_ARB_framebuffer_no_attachments
    GL_ARB_invalidate_subdata
    GL_ARB_texture_storage_multisample
    GL_ARB_multi_bind
    GL_ARB_direct_state_access
    GL_ARB_get_texture_sub_image
    GL_ARB_texture_filter_anisotropic
    GL_KHR_debug
    GL_KHR_parallel_shader_compile
    GL_NV_depth_buffer_float
Using driver workarounds:
    no-forward-compatible-core-context
    nv-egl-incorrect-gl11-function-pointers
    no-layout-qualifiers-on-old-glsl
    nv-zero-context-profile-mask
    nv-implementation-color-read-format-dsa-broken
    nv-cubemap-inconsistent-compressed-image-size
    nv-cubemap-broken-full-compressed-image-query
    nv-compressed-block-size-in-bits
[18:50:14:207909]:[Warning]:[Scene] SemanticScene.h(331)::checkFileExists : ::loadSemanticSceneDescriptor: File `data/scene_datasets/habitat-test-scenes/van-gogh-room.scn` does not exist.  Aborting load.
[18:50:14:207925]:[Warning]:[Scene] SemanticScene.cpp(123)::loadSemanticSceneDescriptor : SSD File Naming Issue! Neither SemanticAttributes-provided name : `data/scene_datasets/habitat-test-scenes/van-gogh-room.scn` nor constructed filename : `data/scene_datasets/habitat-test-scenes/info_semantic.json` exist on disk.
[18:50:14:207929]:[Error]:[Scene] SemanticScene.cpp(139)::loadSemanticSceneDescriptor : SSD Load Failure! File with SemanticAttributes-provided name `data/scene_datasets/habitat-test-scenes/van-gogh-room.scn` exists but failed to load.
[18:50:14:656156]:[Warning]:[Sim] Simulator.cpp(595)::instanceStageForSceneAttributes : The active scene does not contain semantic annotations : activeSemanticSceneID_ = 0
2026-08-11 18:50:15,409 update: 2440	fps: 489.475	
2026-08-11 18:50:15,410 Num updates: 2440	Num frames 390400
2026-08-11 18:50:15,410 Average window size: 50  distance_to_goal: 1.539  distance_to_goal_reward: -0.003  reward: 3.695  spl: 0.593  success: 0.705
2026-08-11 18:50:15,410 	Perf Stats: trainer.rollout_collect: 0.289 trainer.sample_action: 0.003 trainer.obs_insert: 0.000 trainer.step_env: 0.005 trainer.update_stats: 0.001 trainer.update_agent: 0.035
2026-08-11 18:50:18,517 update: 2450	fps: 489.574	
2026-08-11 18:50:18,517 Num updates: 2450	Num frames 392000
2026-08-11 18:50:18,517 Average window size: 50  distance_to_goal: 1.102  distance_to_goal_reward: 0.000  reward: 4.390  spl: 0.675  success: 0.812
2026-08-11 18:50:18,517 	Perf Stats: trainer.rollout_collect: 0.289 trainer.sample_action: 0.003 trainer.obs_insert: 0.000 trainer.step_env: 0.005 trainer.update_stats: 0.001 trainer.update_agent: 0.035
PluginManager::Manager: duplicate static plugin StbImageImporter, ignoring
PluginManager::Manager: duplicate static plugin GltfImporter, ignoring
PluginManager::Manager: duplicate static plugin BasisImporter, ignoring
PluginManager::Manager: duplicate static plugin AssimpImporter, ignoring
PluginManager::Manager: duplicate static plugin AnySceneImporter, ignoring
PluginManager::Manager: duplicate static plugin AnyImageImporter, ignoring
Renderer: NVIDIA GeForce RTX 4070/PCIe/SSE2 by NVIDIA Corporation
OpenGL version: 4.6.0 NVIDIA 580.173.02
Using optional features:
    GL_ARB_vertex_array_object
    GL_ARB_separate_shader_objects
    GL_ARB_robustness
    GL_ARB_texture_storage
    GL_ARB_texture_view
    GL_ARB_framebuffer_no_attachments
    GL_ARB_invalidate_subdata
    GL_ARB_texture_storage_multisample
    GL_ARB_multi_bind
    GL_ARB_direct_state_access
    GL_ARB_get_texture_sub_image
    GL_ARB_texture_filter_anisotropic
    GL_KHR_debug
    GL_KHR_parallel_shader_compile
    GL_NV_depth_buffer_float
Using driver workarounds:
    no-forward-compatible-core-context
    nv-egl-incorrect-gl11-function-pointers
    no-layout-qualifiers-on-old-glsl
    nv-zero-context-profile-mask
    nv-implementation-color-read-format-dsa-broken
    nv-cubemap-inconsistent-compressed-image-size
    nv-cubemap-broken-full-compressed-image-query
    nv-compressed-block-size-in-bits
[18:50:20:857438]:[Warning]:[Scene] SemanticScene.h(331)::checkFileExists : ::loadSemanticSceneDescriptor: File `data/scene_datasets/habitat-test-scenes/skokloster-castle.scn` does not exist.  Aborting load.
[18:50:20:857453]:[Warning]:[Scene] SemanticScene.cpp(123)::loadSemanticSceneDescriptor : SSD File Naming Issue! Neither SemanticAttributes-provided name : `data/scene_datasets/habitat-test-scenes/skokloster-castle.scn` nor constructed filename : `data/scene_datasets/habitat-test-scenes/info_semantic.json` exist on disk.
[18:50:20:857459]:[Error]:[Scene] SemanticScene.cpp(139)::loadSemanticSceneDescriptor : SSD Load Failure! File with SemanticAttributes-provided name `data/scene_datasets/habitat-test-scenes/skokloster-castle.scn` exists but failed to load.
[18:50:21:463542]:[Warning]:[Sim] Simulator.cpp(595)::instanceStageForSceneAttributes : The active scene does not contain semantic annotations : activeSemanticSceneID_ = 0
2026-08-11 18:50:22,225 update: 2460	fps: 489.306	
2026-08-11 18:50:22,225 Num updates: 2460	Num frames 393600
2026-08-11 18:50:22,226 Average window size: 50  distance_to_goal: 0.756  distance_to_goal_reward: 0.000  reward: 4.550  spl: 0.681  success: 0.806
2026-08-11 18:50:22,226 	Perf Stats: trainer.rollout_collect: 0.289 trainer.sample_action: 0.003 trainer.obs_insert: 0.000 trainer.step_env: 0.005 trainer.update_stats: 0.001 trainer.update_agent: 0.035
2026-08-11 18:50:25,374 update: 2470	fps: 489.380	
2026-08-11 18:50:25,374 Num updates: 2470	Num frames 395200
2026-08-11 18:50:25,374 Average window size: 50  distance_to_goal: 0.703  distance_to_goal_reward: 0.000  reward: 4.758  spl: 0.650  success: 0.781
2026-08-11 18:50:25,374 	Perf Stats: trainer.rollout_collect: 0.289 trainer.sample_action: 0.003 trainer.obs_insert: 0.000 trainer.step_env: 0.005 trainer.update_stats: 0.001 trainer.update_agent: 0.035
2026-08-11 18:50:28,520 update: 2480	fps: 489.454	
2026-08-11 18:50:28,520 Num updates: 2480	Num frames 396800
2026-08-11 18:50:28,520 Average window size: 50  distance_to_goal: 0.532  distance_to_goal_reward: 0.000  reward: 5.270  spl: 0.666  success: 0.798
2026-08-11 18:50:28,520 	Perf Stats: trainer.rollout_collect: 0.289 trainer.sample_action: 0.003 trainer.obs_insert: 0.000 trainer.step_env: 0.005 trainer.update_stats: 0.001 trainer.update_agent: 0.035
2026-08-11 18:50:31,681 update: 2490	fps: 489.519	
2026-08-11 18:50:31,681 Num updates: 2490	Num frames 398400
2026-08-11 18:50:31,681 Average window size: 50  distance_to_goal: 0.372  distance_to_goal_reward: 0.000  reward: 5.470  spl: 0.677  success: 0.805
2026-08-11 18:50:31,681 	Perf Stats: trainer.rollout_collect: 0.289 trainer.sample_action: 0.003 trainer.obs_insert: 0.000 trainer.step_env: 0.005 trainer.update_stats: 0.001 trainer.update_agent: 0.035
2026-08-11 18:50:34,921 update: 2500	fps: 489.537	
2026-08-11 18:50:34,921 Num updates: 2500	Num frames 400000
2026-08-11 18:50:34,921 Average window size: 50  distance_to_goal: 0.533  distance_to_goal_reward: 0.000  reward: 5.234  spl: 0.634  success: 0.755
2026-08-11 18:50:34,921 	Perf Stats: trainer.rollout_collect: 0.289 trainer.sample_action: 0.003 trainer.obs_insert: 0.000 trainer.step_env: 0.005 trainer.update_stats: 0.001 trainer.update_agent: 0.035
2026-08-11 18:50:38,116 update: 2510	fps: 489.580	
2026-08-11 18:50:38,116 Num updates: 2510	Num frames 401600
2026-08-11 18:50:38,116 Average window size: 50  distance_to_goal: 0.413  distance_to_goal_reward: 0.000  reward: 5.648  spl: 0.666  success: 0.793
2026-08-11 18:50:38,116 	Perf Stats: trainer.rollout_collect: 0.289 trainer.sample_action: 0.003 trainer.obs_insert: 0.000 trainer.step_env: 0.005 trainer.update_stats: 0.001 trainer.update_agent: 0.035
2026-08-11 18:50:41,224 update: 2520	fps: 489.675	
2026-08-11 18:50:41,224 Num updates: 2520	Num frames 403200
2026-08-11 18:50:41,224 Average window size: 50  distance_to_goal: 0.444  distance_to_goal_reward: -0.001  reward: 5.430  spl: 0.698  success: 0.838
2026-08-11 18:50:41,224 	Perf Stats: trainer.rollout_collect: 0.289 trainer.sample_action: 0.003 trainer.obs_insert: 0.000 trainer.step_env: 0.005 trainer.update_stats: 0.001 trainer.update_agent: 0.035
2026-08-11 18:50:44,358 update: 2530	fps: 489.754	
2026-08-11 18:50:44,358 Num updates: 2530	Num frames 404800
2026-08-11 18:50:44,358 Average window size: 50  distance_to_goal: 0.476  distance_to_goal_reward: -0.001  reward: 5.073  spl: 0.674  success: 0.824
2026-08-11 18:50:44,358 	Perf Stats: trainer.rollout_collect: 0.289 trainer.sample_action: 0.003 trainer.obs_insert: 0.000 trainer.step_env: 0.005 trainer.update_stats: 0.001 trainer.update_agent: 0.035
2026-08-11 18:50:47,522 update: 2540	fps: 489.815	
2026-08-11 18:50:47,522 Num updates: 2540	Num frames 406400
2026-08-11 18:50:47,522 Average window size: 50  distance_to_goal: 0.588  distance_to_goal_reward: -0.001  reward: 4.994  spl: 0.660  success: 0.814
2026-08-11 18:50:47,522 	Perf Stats: trainer.rollout_collect: 0.289 trainer.sample_action: 0.003 trainer.obs_insert: 0.000 trainer.step_env: 0.005 trainer.update_stats: 0.001 trainer.update_agent: 0.035
2026-08-11 18:50:50,672 update: 2550	fps: 489.883	
2026-08-11 18:50:50,681 Num updates: 2550	Num frames 408000
2026-08-11 18:50:50,681 Average window size: 50  distance_to_goal: 0.455  distance_to_goal_reward: -0.002  reward: 5.375  spl: 0.656  success: 0.830
2026-08-11 18:50:50,681 	Perf Stats: trainer.rollout_collect: 0.289 trainer.sample_action: 0.003 trainer.obs_insert: 0.000 trainer.step_env: 0.005 trainer.update_stats: 0.001 trainer.update_agent: 0.035
2026-08-11 18:50:53,817 update: 2560	fps: 489.955	
2026-08-11 18:50:53,817 Num updates: 2560	Num frames 409600
2026-08-11 18:50:53,817 Average window size: 50  distance_to_goal: 0.475  distance_to_goal_reward: -0.002  reward: 5.541  spl: 0.648  success: 0.848
2026-08-11 18:50:53,817 	Perf Stats: trainer.rollout_collect: 0.289 trainer.sample_action: 0.003 trainer.obs_insert: 0.000 trainer.step_env: 0.005 trainer.update_stats: 0.001 trainer.update_agent: 0.035
2026-08-11 18:50:56,985 update: 2570	fps: 490.012	
2026-08-11 18:50:56,985 Num updates: 2570	Num frames 411200
2026-08-11 18:50:56,985 Average window size: 50  distance_to_goal: 0.457  distance_to_goal_reward: 0.000  reward: 5.726  spl: 0.645  success: 0.845
2026-08-11 18:50:56,985 	Perf Stats: trainer.rollout_collect: 0.289 trainer.sample_action: 0.003 trainer.obs_insert: 0.000 trainer.step_env: 0.005 trainer.update_stats: 0.001 trainer.update_agent: 0.035
2026-08-11 18:51:00,162 update: 2580	fps: 490.063	
2026-08-11 18:51:00,162 Num updates: 2580	Num frames 412800
2026-08-11 18:51:00,162 Average window size: 50  distance_to_goal: 0.388  distance_to_goal_reward: 0.000  reward: 6.225  spl: 0.682  success: 0.878
2026-08-11 18:51:00,162 	Perf Stats: trainer.rollout_collect: 0.289 trainer.sample_action: 0.003 trainer.obs_insert: 0.000 trainer.step_env: 0.005 trainer.update_stats: 0.001 trainer.update_agent: 0.035
PluginManager::Manager: duplicate static plugin StbImageImporter, ignoring
PluginManager::Manager: duplicate static plugin GltfImporter, ignoring
PluginManager::Manager: duplicate static plugin BasisImporter, ignoring
PluginManager::Manager: duplicate static plugin AssimpImporter, ignoring
PluginManager::Manager: duplicate static plugin AnySceneImporter, ignoring
PluginManager::Manager: duplicate static plugin AnyImageImporter, ignoring
Renderer: NVIDIA GeForce RTX 4070/PCIe/SSE2 by NVIDIA Corporation
OpenGL version: 4.6.0 NVIDIA 580.173.02
Using optional features:
    GL_ARB_vertex_array_object
    GL_ARB_separate_shader_objects
    GL_ARB_robustness
    GL_ARB_texture_storage
    GL_ARB_texture_view
    GL_ARB_framebuffer_no_attachments
    GL_ARB_invalidate_subdata
    GL_ARB_texture_storage_multisample
    GL_ARB_multi_bind
    GL_ARB_direct_state_access
    GL_ARB_get_texture_sub_image
    GL_ARB_texture_filter_anisotropic
    GL_KHR_debug
    GL_KHR_parallel_shader_compile
    GL_NV_depth_buffer_float
Using driver workarounds:
    no-forward-compatible-core-context
    nv-egl-incorrect-gl11-function-pointers
    no-layout-qualifiers-on-old-glsl
    nv-zero-context-profile-mask
    nv-implementation-color-read-format-dsa-broken
    nv-cubemap-inconsistent-compressed-image-size
    nv-cubemap-broken-full-compressed-image-query
    nv-compressed-block-size-in-bits
[18:51:02:220249]:[Warning]:[Scene] SemanticScene.h(331)::checkFileExists : ::loadSemanticSceneDescriptor: File `data/scene_datasets/habitat-test-scenes/van-gogh-room.scn` does not exist.  Aborting load.
[18:51:02:220265]:[Warning]:[Scene] SemanticScene.cpp(123)::loadSemanticSceneDescriptor : SSD File Naming Issue! Neither SemanticAttributes-provided name : `data/scene_datasets/habitat-test-scenes/van-gogh-room.scn` nor constructed filename : `data/scene_datasets/habitat-test-scenes/info_semantic.json` exist on disk.
[18:51:02:220270]:[Error]:[Scene] SemanticScene.cpp(139)::loadSemanticSceneDescriptor : SSD Load Failure! File with SemanticAttributes-provided name `data/scene_datasets/habitat-test-scenes/van-gogh-room.scn` exists but failed to load.
[18:51:02:650794]:[Warning]:[Sim] Simulator.cpp(595)::instanceStageForSceneAttributes : The active scene does not contain semantic annotations : activeSemanticSceneID_ = 0
2026-08-11 18:51:03,752 update: 2590	fps: 489.874	
2026-08-11 18:51:03,753 Num updates: 2590	Num frames 414400
2026-08-11 18:51:03,753 Average window size: 50  distance_to_goal: 0.314  distance_to_goal_reward: 0.000  reward: 6.507  spl: 0.712  success: 0.912
2026-08-11 18:51:03,753 	Perf Stats: trainer.rollout_collect: 0.289 trainer.sample_action: 0.003 trainer.obs_insert: 0.000 trainer.step_env: 0.005 trainer.update_stats: 0.001 trainer.update_agent: 0.035
2026-08-11 18:51:06,954 update: 2600	fps: 489.911	
2026-08-11 18:51:06,954 Num updates: 2600	Num frames 416000
2026-08-11 18:51:06,954 Average window size: 50  distance_to_goal: 0.308  distance_to_goal_reward: 0.000  reward: 6.456  spl: 0.739  success: 0.928
2026-08-11 18:51:06,954 	Perf Stats: trainer.rollout_collect: 0.289 trainer.sample_action: 0.003 trainer.obs_insert: 0.000 trainer.step_env: 0.005 trainer.update_stats: 0.001 trainer.update_agent: 0.035
2026-08-11 18:51:10,048 update: 2610	fps: 490.010	
2026-08-11 18:51:10,048 Num updates: 2610	Num frames 417600
2026-08-11 18:51:10,048 Average window size: 50  distance_to_goal: 0.396  distance_to_goal_reward: 0.000  reward: 6.013  spl: 0.721  success: 0.896
2026-08-11 18:51:10,048 	Perf Stats: trainer.rollout_collect: 0.289 trainer.sample_action: 0.003 trainer.obs_insert: 0.000 trainer.step_env: 0.005 trainer.update_stats: 0.001 trainer.update_agent: 0.035
2026-08-11 18:51:13,184 update: 2620	fps: 490.084	
2026-08-11 18:51:13,184 Num updates: 2620	Num frames 419200
2026-08-11 18:51:13,184 Average window size: 50  distance_to_goal: 0.367  distance_to_goal_reward: 0.000  reward: 5.747  spl: 0.707  success: 0.873
2026-08-11 18:51:13,184 	Perf Stats: trainer.rollout_collect: 0.289 trainer.sample_action: 0.003 trainer.obs_insert: 0.000 trainer.step_env: 0.005 trainer.update_stats: 0.001 trainer.update_agent: 0.035
2026-08-11 18:51:16,300 update: 2630	fps: 490.169	
2026-08-11 18:51:16,301 Num updates: 2630	Num frames 420800
2026-08-11 18:51:16,301 Average window size: 50  distance_to_goal: 0.297  distance_to_goal_reward: 0.000  reward: 5.383  spl: 0.716  success: 0.882
2026-08-11 18:51:16,301 	Perf Stats: trainer.rollout_collect: 0.289 trainer.sample_action: 0.003 trainer.obs_insert: 0.000 trainer.step_env: 0.005 trainer.update_stats: 0.001 trainer.update_agent: 0.035
2026-08-11 18:51:19,377 update: 2640	fps: 490.276	
2026-08-11 18:51:19,377 Num updates: 2640	Num frames 422400
2026-08-11 18:51:19,377 Average window size: 50  distance_to_goal: 0.383  distance_to_goal_reward: 0.000  reward: 5.213  spl: 0.697  success: 0.856
2026-08-11 18:51:19,377 	Perf Stats: trainer.rollout_collect: 0.289 trainer.sample_action: 0.003 trainer.obs_insert: 0.000 trainer.step_env: 0.005 trainer.update_stats: 0.001 trainer.update_agent: 0.035
2026-08-11 18:51:22,503 update: 2650	fps: 490.354	
2026-08-11 18:51:22,503 Num updates: 2650	Num frames 424000
2026-08-11 18:51:22,503 Average window size: 50  distance_to_goal: 0.381  distance_to_goal_reward: 0.000  reward: 5.337  spl: 0.685  success: 0.849
2026-08-11 18:51:22,503 	Perf Stats: trainer.rollout_collect: 0.289 trainer.sample_action: 0.003 trainer.obs_insert: 0.000 trainer.step_env: 0.005 trainer.update_stats: 0.001 trainer.update_agent: 0.035
2026-08-11 18:51:25,624 update: 2660	fps: 490.434	
2026-08-11 18:51:25,625 Num updates: 2660	Num frames 425600
2026-08-11 18:51:25,625 Average window size: 50  distance_to_goal: 0.236  distance_to_goal_reward: 0.000  reward: 5.773  spl: 0.725  success: 0.886
2026-08-11 18:51:25,625 	Perf Stats: trainer.rollout_collect: 0.288 trainer.sample_action: 0.003 trainer.obs_insert: 0.000 trainer.step_env: 0.005 trainer.update_stats: 0.001 trainer.update_agent: 0.035
PluginManager::Manager: duplicate static plugin StbImageImporter, ignoring
PluginManager::Manager: duplicate static plugin GltfImporter, ignoring
PluginManager::Manager: duplicate static plugin BasisImporter, ignoring
PluginManager::Manager: duplicate static plugin AssimpImporter, ignoring
PluginManager::Manager: duplicate static plugin AnySceneImporter, ignoring
PluginManager::Manager: duplicate static plugin AnyImageImporter, ignoring
Renderer: NVIDIA GeForce RTX 4070/PCIe/SSE2 by NVIDIA Corporation
OpenGL version: 4.6.0 NVIDIA 580.173.02
Using optional features:
    GL_ARB_vertex_array_object
    GL_ARB_separate_shader_objects
    GL_ARB_robustness
    GL_ARB_texture_storage
    GL_ARB_texture_view
    GL_ARB_framebuffer_no_attachments
    GL_ARB_invalidate_subdata
    GL_ARB_texture_storage_multisample
    GL_ARB_multi_bind
    GL_ARB_direct_state_access
    GL_ARB_get_texture_sub_image
    GL_ARB_texture_filter_anisotropic
    GL_KHR_debug
    GL_KHR_parallel_shader_compile
    GL_NV_depth_buffer_float
Using driver workarounds:
    no-forward-compatible-core-context
    nv-egl-incorrect-gl11-function-pointers
    no-layout-qualifiers-on-old-glsl
    nv-zero-context-profile-mask
    nv-implementation-color-read-format-dsa-broken
    nv-cubemap-inconsistent-compressed-image-size
    nv-cubemap-broken-full-compressed-image-query
    nv-compressed-block-size-in-bits
[18:51:27:599383]:[Warning]:[Scene] SemanticScene.h(331)::checkFileExists : ::loadSemanticSceneDescriptor: File `data/scene_datasets/habitat-test-scenes/van-gogh-room.scn` does not exist.  Aborting load.
[18:51:27:599399]:[Warning]:[Scene] SemanticScene.cpp(123)::loadSemanticSceneDescriptor : SSD File Naming Issue! Neither SemanticAttributes-provided name : `data/scene_datasets/habitat-test-scenes/van-gogh-room.scn` nor constructed filename : `data/scene_datasets/habitat-test-scenes/info_semantic.json` exist on disk.
[18:51:27:599404]:[Error]:[Scene] SemanticScene.cpp(139)::loadSemanticSceneDescriptor : SSD Load Failure! File with SemanticAttributes-provided name `data/scene_datasets/habitat-test-scenes/van-gogh-room.scn` exists but failed to load.
[18:51:28:050710]:[Warning]:[Sim] Simulator.cpp(595)::instanceStageForSceneAttributes : The active scene does not contain semantic annotations : activeSemanticSceneID_ = 0
2026-08-11 18:51:29,198 update: 2670	fps: 490.259	
2026-08-11 18:51:29,198 Num updates: 2670	Num frames 427200
2026-08-11 18:51:29,198 Average window size: 50  distance_to_goal: 0.222  distance_to_goal_reward: 0.000  reward: 6.016  spl: 0.741  success: 0.907
2026-08-11 18:51:29,198 	Perf Stats: trainer.rollout_collect: 0.289 trainer.sample_action: 0.003 trainer.obs_insert: 0.000 trainer.step_env: 0.005 trainer.update_stats: 0.001 trainer.update_agent: 0.035
2026-08-11 18:51:32,221 update: 2680	fps: 490.393	
2026-08-11 18:51:32,222 Num updates: 2680	Num frames 428800
2026-08-11 18:51:32,222 Average window size: 50  distance_to_goal: 0.223  distance_to_goal_reward: 0.000  reward: 5.915  spl: 0.748  success: 0.907
2026-08-11 18:51:32,222 	Perf Stats: trainer.rollout_collect: 0.289 trainer.sample_action: 0.003 trainer.obs_insert: 0.000 trainer.step_env: 0.005 trainer.update_stats: 0.001 trainer.update_agent: 0.035
2026-08-11 18:51:35,272 update: 2690	fps: 490.512	
2026-08-11 18:51:35,272 Num updates: 2690	Num frames 430400
2026-08-11 18:51:35,272 Average window size: 50  distance_to_goal: 0.204  distance_to_goal_reward: 0.000  reward: 5.624  spl: 0.746  success: 0.898
2026-08-11 18:51:35,272 	Perf Stats: trainer.rollout_collect: 0.288 trainer.sample_action: 0.003 trainer.obs_insert: 0.000 trainer.step_env: 0.005 trainer.update_stats: 0.001 trainer.update_agent: 0.035
PluginManager::Manager: duplicate static plugin StbImageImporter, ignoring
PluginManager::Manager: duplicate static plugin GltfImporter, ignoring
PluginManager::Manager: duplicate static plugin BasisImporter, ignoring
PluginManager::Manager: duplicate static plugin AssimpImporter, ignoring
PluginManager::Manager: duplicate static plugin AnySceneImporter, ignoring
PluginManager::Manager: duplicate static plugin AnyImageImporter, ignoring
Renderer: NVIDIA GeForce RTX 4070/PCIe/SSE2 by NVIDIA Corporation
OpenGL version: 4.6.0 NVIDIA 580.173.02
Using optional features:
    GL_ARB_vertex_array_object
    GL_ARB_separate_shader_objects
    GL_ARB_robustness
    GL_ARB_texture_storage
    GL_ARB_texture_view
    GL_ARB_framebuffer_no_attachments
    GL_ARB_invalidate_subdata
    GL_ARB_texture_storage_multisample
    GL_ARB_multi_bind
    GL_ARB_direct_state_access
    GL_ARB_get_texture_sub_image
    GL_ARB_texture_filter_anisotropic
    GL_KHR_debug
    GL_KHR_parallel_shader_compile
    GL_NV_depth_buffer_float
Using driver workarounds:
    no-forward-compatible-core-context
    nv-egl-incorrect-gl11-function-pointers
    no-layout-qualifiers-on-old-glsl
    nv-zero-context-profile-mask
    nv-implementation-color-read-format-dsa-broken
    nv-cubemap-inconsistent-compressed-image-size
    nv-cubemap-broken-full-compressed-image-query
    nv-compressed-block-size-in-bits
[18:51:36:541586]:[Warning]:[Scene] SemanticScene.h(331)::checkFileExists : ::loadSemanticSceneDescriptor: File `data/scene_datasets/habitat-test-scenes/skokloster-castle.scn` does not exist.  Aborting load.
[18:51:36:541603]:[Warning]:[Scene] SemanticScene.cpp(123)::loadSemanticSceneDescriptor : SSD File Naming Issue! Neither SemanticAttributes-provided name : `data/scene_datasets/habitat-test-scenes/skokloster-castle.scn` nor constructed filename : `data/scene_datasets/habitat-test-scenes/info_semantic.json` exist on disk.
[18:51:36:541608]:[Error]:[Scene] SemanticScene.cpp(139)::loadSemanticSceneDescriptor : SSD Load Failure! File with SemanticAttributes-provided name `data/scene_datasets/habitat-test-scenes/skokloster-castle.scn` exists but failed to load.
[18:51:37:156118]:[Warning]:[Sim] Simulator.cpp(595)::instanceStageForSceneAttributes : The active scene does not contain semantic annotations : activeSemanticSceneID_ = 0
2026-08-11 18:51:39,122 update: 2700	fps: 490.184	
2026-08-11 18:51:39,122 Num updates: 2700	Num frames 432000
2026-08-11 18:51:39,122 Average window size: 50  distance_to_goal: 0.206  distance_to_goal_reward: 0.000  reward: 5.589  spl: 0.741  success: 0.893
2026-08-11 18:51:39,122 	Perf Stats: trainer.rollout_collect: 0.289 trainer.sample_action: 0.003 trainer.obs_insert: 0.000 trainer.step_env: 0.005 trainer.update_stats: 0.001 trainer.update_agent: 0.035
2026-08-11 18:51:42,234 update: 2710	fps: 490.268	
2026-08-11 18:51:42,235 Num updates: 2710	Num frames 433600
2026-08-11 18:51:42,235 Average window size: 50  distance_to_goal: 0.212  distance_to_goal_reward: 0.000  reward: 5.543  spl: 0.728  success: 0.886
2026-08-11 18:51:42,235 	Perf Stats: trainer.rollout_collect: 0.289 trainer.sample_action: 0.003 trainer.obs_insert: 0.000 trainer.step_env: 0.005 trainer.update_stats: 0.001 trainer.update_agent: 0.035
2026-08-11 18:51:45,328 update: 2720	fps: 490.362	
2026-08-11 18:51:45,329 Num updates: 2720	Num frames 435200
2026-08-11 18:51:45,329 Average window size: 50  distance_to_goal: 0.268  distance_to_goal_reward: 0.000  reward: 5.323  spl: 0.724  success: 0.880
2026-08-11 18:51:45,329 	Perf Stats: trainer.rollout_collect: 0.289 trainer.sample_action: 0.003 trainer.obs_insert: 0.000 trainer.step_env: 0.005 trainer.update_stats: 0.001 trainer.update_agent: 0.035
2026-08-11 18:51:48,425 update: 2730	fps: 490.454	
2026-08-11 18:51:48,425 Num updates: 2730	Num frames 436800
2026-08-11 18:51:48,425 Average window size: 50  distance_to_goal: 0.369  distance_to_goal_reward: 0.000  reward: 5.083  spl: 0.701  success: 0.855
2026-08-11 18:51:48,425 	Perf Stats: trainer.rollout_collect: 0.288 trainer.sample_action: 0.003 trainer.obs_insert: 0.000 trainer.step_env: 0.005 trainer.update_stats: 0.001 trainer.update_agent: 0.035
2026-08-11 18:51:51,510 update: 2740	fps: 490.551	
2026-08-11 18:51:51,510 Num updates: 2740	Num frames 438400
2026-08-11 18:51:51,510 Average window size: 50  distance_to_goal: 0.371  distance_to_goal_reward: 0.000  reward: 5.250  spl: 0.709  success: 0.871
2026-08-11 18:51:51,510 	Perf Stats: trainer.rollout_collect: 0.288 trainer.sample_action: 0.003 trainer.obs_insert: 0.000 trainer.step_env: 0.005 trainer.update_stats: 0.001 trainer.update_agent: 0.035
2026-08-11 18:51:54,610 update: 2750	fps: 490.639	
2026-08-11 18:51:54,610 Num updates: 2750	Num frames 440000
2026-08-11 18:51:54,610 Average window size: 50  distance_to_goal: 0.376  distance_to_goal_reward: 0.000  reward: 5.345  spl: 0.720  success: 0.879
2026-08-11 18:51:54,610 	Perf Stats: trainer.rollout_collect: 0.288 trainer.sample_action: 0.003 trainer.obs_insert: 0.000 trainer.step_env: 0.005 trainer.update_stats: 0.001 trainer.update_agent: 0.035
2026-08-11 18:51:57,745 update: 2760	fps: 490.708	
2026-08-11 18:51:57,745 Num updates: 2760	Num frames 441600
2026-08-11 18:51:57,745 Average window size: 50  distance_to_goal: 0.401  distance_to_goal_reward: 0.000  reward: 5.401  spl: 0.742  success: 0.894
2026-08-11 18:51:57,746 	Perf Stats: trainer.rollout_collect: 0.288 trainer.sample_action: 0.003 trainer.obs_insert: 0.000 trainer.step_env: 0.005 trainer.update_stats: 0.001 trainer.update_agent: 0.035
PluginManager::Manager: duplicate static plugin StbImageImporter, ignoring
PluginManager::Manager: duplicate static plugin GltfImporter, ignoring
PluginManager::Manager: duplicate static plugin BasisImporter, ignoring
PluginManager::Manager: duplicate static plugin AssimpImporter, ignoring
PluginManager::Manager: duplicate static plugin AnySceneImporter, ignoring
PluginManager::Manager: duplicate static plugin AnyImageImporter, ignoring
Renderer: NVIDIA GeForce RTX 4070/PCIe/SSE2 by NVIDIA Corporation
OpenGL version: 4.6.0 NVIDIA 580.173.02
Using optional features:
    GL_ARB_vertex_array_object
    GL_ARB_separate_shader_objects
    GL_ARB_robustness
    GL_ARB_texture_storage
    GL_ARB_texture_view
    GL_ARB_framebuffer_no_attachments
    GL_ARB_invalidate_subdata
    GL_ARB_texture_storage_multisample
    GL_ARB_multi_bind
    GL_ARB_direct_state_access
    GL_ARB_get_texture_sub_image
    GL_ARB_texture_filter_anisotropic
    GL_KHR_debug
    GL_KHR_parallel_shader_compile
    GL_NV_depth_buffer_float
Using driver workarounds:
    no-forward-compatible-core-context
    nv-egl-incorrect-gl11-function-pointers
    no-layout-qualifiers-on-old-glsl
    nv-zero-context-profile-mask
    nv-implementation-color-read-format-dsa-broken
    nv-cubemap-inconsistent-compressed-image-size
    nv-cubemap-broken-full-compressed-image-query
    nv-compressed-block-size-in-bits
[18:51:58:526976]:[Warning]:[Scene] SemanticScene.h(331)::checkFileExists : ::loadSemanticSceneDescriptor: File `data/scene_datasets/habitat-test-scenes/skokloster-castle.scn` does not exist.  Aborting load.
[18:51:58:526991]:[Warning]:[Scene] SemanticScene.cpp(123)::loadSemanticSceneDescriptor : SSD File Naming Issue! Neither SemanticAttributes-provided name : `data/scene_datasets/habitat-test-scenes/skokloster-castle.scn` nor constructed filename : `data/scene_datasets/habitat-test-scenes/info_semantic.json` exist on disk.
[18:51:58:526996]:[Error]:[Scene] SemanticScene.cpp(139)::loadSemanticSceneDescriptor : SSD Load Failure! File with SemanticAttributes-provided name `data/scene_datasets/habitat-test-scenes/skokloster-castle.scn` exists but failed to load.
[18:51:59:146297]:[Warning]:[Sim] Simulator.cpp(595)::instanceStageForSceneAttributes : The active scene does not contain semantic annotations : activeSemanticSceneID_ = 0
PluginManager::Manager: duplicate static plugin StbImageImporter, ignoring
PluginManager::Manager: duplicate static plugin GltfImporter, ignoring
PluginManager::Manager: duplicate static plugin BasisImporter, ignoring
PluginManager::Manager: duplicate static plugin AssimpImporter, ignoring
PluginManager::Manager: duplicate static plugin AnySceneImporter, ignoring
PluginManager::Manager: duplicate static plugin AnyImageImporter, ignoring
Renderer: NVIDIA GeForce RTX 4070/PCIe/SSE2 by NVIDIA Corporation
OpenGL version: 4.6.0 NVIDIA 580.173.02
Using optional features:
    GL_ARB_vertex_array_object
    GL_ARB_separate_shader_objects
    GL_ARB_robustness
    GL_ARB_texture_storage
    GL_ARB_texture_view
    GL_ARB_framebuffer_no_attachments
    GL_ARB_invalidate_subdata
    GL_ARB_texture_storage_multisample
    GL_ARB_multi_bind
    GL_ARB_direct_state_access
    GL_ARB_get_texture_sub_image
    GL_ARB_texture_filter_anisotropic
    GL_KHR_debug
    GL_KHR_parallel_shader_compile
    GL_NV_depth_buffer_float
Using driver workarounds:
    no-forward-compatible-core-context
    nv-egl-incorrect-gl11-function-pointers
    no-layout-qualifiers-on-old-glsl
    nv-zero-context-profile-mask
    nv-implementation-color-read-format-dsa-broken
    nv-cubemap-inconsistent-compressed-image-size
    nv-cubemap-broken-full-compressed-image-query
    nv-compressed-block-size-in-bits
[18:51:59:785053]:[Warning]:[Scene] SemanticScene.h(331)::checkFileExists : ::loadSemanticSceneDescriptor: File `data/scene_datasets/habitat-test-scenes/van-gogh-room.scn` does not exist.  Aborting load.
[18:51:59:785069]:[Warning]:[Scene] SemanticScene.cpp(123)::loadSemanticSceneDescriptor : SSD File Naming Issue! Neither SemanticAttributes-provided name : `data/scene_datasets/habitat-test-scenes/van-gogh-room.scn` nor constructed filename : `data/scene_datasets/habitat-test-scenes/info_semantic.json` exist on disk.
[18:51:59:785074]:[Error]:[Scene] SemanticScene.cpp(139)::loadSemanticSceneDescriptor : SSD Load Failure! File with SemanticAttributes-provided name `data/scene_datasets/habitat-test-scenes/van-gogh-room.scn` exists but failed to load.
[18:52:00:224683]:[Warning]:[Sim] Simulator.cpp(595)::instanceStageForSceneAttributes : The active scene does not contain semantic annotations : activeSemanticSceneID_ = 0
2026-08-11 18:52:01,895 update: 2770	fps: 490.225	
2026-08-11 18:52:01,895 Num updates: 2770	Num frames 443200
2026-08-11 18:52:01,895 Average window size: 50  distance_to_goal: 0.365  distance_to_goal_reward: 0.000  reward: 5.543  spl: 0.734  success: 0.879
2026-08-11 18:52:01,895 	Perf Stats: trainer.rollout_collect: 0.289 trainer.sample_action: 0.003 trainer.obs_insert: 0.000 trainer.step_env: 0.005 trainer.update_stats: 0.001 trainer.update_agent: 0.035
2026-08-11 18:52:04,903 update: 2780	fps: 490.364	
2026-08-11 18:52:04,903 Num updates: 2780	Num frames 444800
2026-08-11 18:52:04,903 Average window size: 50  distance_to_goal: 0.287  distance_to_goal_reward: 0.000  reward: 5.724  spl: 0.749  success: 0.896
2026-08-11 18:52:04,903 	Perf Stats: trainer.rollout_collect: 0.289 trainer.sample_action: 0.003 trainer.obs_insert: 0.000 trainer.step_env: 0.005 trainer.update_stats: 0.001 trainer.update_agent: 0.035
2026-08-11 18:52:07,955 update: 2790	fps: 490.477	
2026-08-11 18:52:07,955 Num updates: 2790	Num frames 446400
2026-08-11 18:52:07,955 Average window size: 50  distance_to_goal: 0.291  distance_to_goal_reward: 0.000  reward: 5.824  spl: 0.730  success: 0.881
2026-08-11 18:52:07,955 	Perf Stats: trainer.rollout_collect: 0.288 trainer.sample_action: 0.003 trainer.obs_insert: 0.000 trainer.step_env: 0.005 trainer.update_stats: 0.001 trainer.update_agent: 0.035
2026-08-11 18:52:11,144 update: 2800	fps: 490.516	
2026-08-11 18:52:11,144 Num updates: 2800	Num frames 448000
2026-08-11 18:52:11,144 Average window size: 50  distance_to_goal: 0.286  distance_to_goal_reward: 0.000  reward: 5.827  spl: 0.735  success: 0.875
2026-08-11 18:52:11,144 	Perf Stats: trainer.rollout_collect: 0.288 trainer.sample_action: 0.003 trainer.obs_insert: 0.000 trainer.step_env: 0.005 trainer.update_stats: 0.001 trainer.update_agent: 0.035
2026-08-11 18:52:14,221 update: 2810	fps: 490.615	
2026-08-11 18:52:14,221 Num updates: 2810	Num frames 449600
2026-08-11 18:52:14,221 Average window size: 50  distance_to_goal: 0.252  distance_to_goal_reward: 0.000  reward: 5.760  spl: 0.716  success: 0.859
2026-08-11 18:52:14,221 	Perf Stats: trainer.rollout_collect: 0.288 trainer.sample_action: 0.003 trainer.obs_insert: 0.000 trainer.step_env: 0.005 trainer.update_stats: 0.001 trainer.update_agent: 0.035
2026-08-11 18:52:17,293 update: 2820	fps: 490.716	
2026-08-11 18:52:17,293 Num updates: 2820	Num frames 451200
2026-08-11 18:52:17,293 Average window size: 50  distance_to_goal: 0.246  distance_to_goal_reward: 0.000  reward: 5.959  spl: 0.753  success: 0.901
2026-08-11 18:52:17,293 	Perf Stats: trainer.rollout_collect: 0.288 trainer.sample_action: 0.003 trainer.obs_insert: 0.000 trainer.step_env: 0.005 trainer.update_stats: 0.001 trainer.update_agent: 0.035
2026-08-11 18:52:20,348 update: 2830	fps: 490.826	
2026-08-11 18:52:20,348 Num updates: 2830	Num frames 452800
2026-08-11 18:52:20,348 Average window size: 50  distance_to_goal: 0.193  distance_to_goal_reward: 0.000  reward: 6.331  spl: 0.763  success: 0.909
2026-08-11 18:52:20,348 	Perf Stats: trainer.rollout_collect: 0.288 trainer.sample_action: 0.003 trainer.obs_insert: 0.000 trainer.step_env: 0.005 trainer.update_stats: 0.001 trainer.update_agent: 0.035
2026-08-11 18:52:23,396 update: 2840	fps: 490.942	
2026-08-11 18:52:23,396 Num updates: 2840	Num frames 454400
2026-08-11 18:52:23,397 Average window size: 50  distance_to_goal: 0.174  distance_to_goal_reward: 0.000  reward: 6.264  spl: 0.765  success: 0.902
2026-08-11 18:52:23,397 	Perf Stats: trainer.rollout_collect: 0.288 trainer.sample_action: 0.003 trainer.obs_insert: 0.000 trainer.step_env: 0.005 trainer.update_stats: 0.001 trainer.update_agent: 0.035
2026-08-11 18:52:26,448 update: 2850	fps: 491.048	
2026-08-11 18:52:26,448 Num updates: 2850	Num frames 456000
2026-08-11 18:52:26,448 Average window size: 50  distance_to_goal: 0.231  distance_to_goal_reward: 0.000  reward: 6.182  spl: 0.765  success: 0.908
2026-08-11 18:52:26,448 	Perf Stats: trainer.rollout_collect: 0.288 trainer.sample_action: 0.003 trainer.obs_insert: 0.000 trainer.step_env: 0.005 trainer.update_stats: 0.001 trainer.update_agent: 0.035
2026-08-11 18:52:29,481 update: 2860	fps: 491.166	
2026-08-11 18:52:29,481 Num updates: 2860	Num frames 457600
2026-08-11 18:52:29,481 Average window size: 50  distance_to_goal: 0.302  distance_to_goal_reward: 0.000  reward: 6.152  spl: 0.764  success: 0.908
2026-08-11 18:52:29,482 	Perf Stats: trainer.rollout_collect: 0.288 trainer.sample_action: 0.003 trainer.obs_insert: 0.000 trainer.step_env: 0.005 trainer.update_stats: 0.001 trainer.update_agent: 0.035
PluginManager::Manager: duplicate static plugin StbImageImporter, ignoring
PluginManager::Manager: duplicate static plugin GltfImporter, ignoring
PluginManager::Manager: duplicate static plugin BasisImporter, ignoring
PluginManager::Manager: duplicate static plugin AssimpImporter, ignoring
PluginManager::Manager: duplicate static plugin AnySceneImporter, ignoring
PluginManager::Manager: duplicate static plugin AnyImageImporter, ignoring
Renderer: NVIDIA GeForce RTX 4070/PCIe/SSE2 by NVIDIA Corporation
OpenGL version: 4.6.0 NVIDIA 580.173.02
Using optional features:
    GL_ARB_vertex_array_object
    GL_ARB_separate_shader_objects
    GL_ARB_robustness
    GL_ARB_texture_storage
    GL_ARB_texture_view
    GL_ARB_framebuffer_no_attachments
    GL_ARB_invalidate_subdata
    GL_ARB_texture_storage_multisample
    GL_ARB_multi_bind
    GL_ARB_direct_state_access
    GL_ARB_get_texture_sub_image
    GL_ARB_texture_filter_anisotropic
    GL_KHR_debug
    GL_KHR_parallel_shader_compile
    GL_NV_depth_buffer_float
Using driver workarounds:
    no-forward-compatible-core-context
    nv-egl-incorrect-gl11-function-pointers
    no-layout-qualifiers-on-old-glsl
    nv-zero-context-profile-mask
    nv-implementation-color-read-format-dsa-broken
    nv-cubemap-inconsistent-compressed-image-size
    nv-cubemap-broken-full-compressed-image-query
    nv-compressed-block-size-in-bits
[18:52:31:242284]:[Warning]:[Scene] SemanticScene.h(331)::checkFileExists : ::loadSemanticSceneDescriptor: File `data/scene_datasets/habitat-test-scenes/skokloster-castle.scn` does not exist.  Aborting load.
[18:52:31:242300]:[Warning]:[Scene] SemanticScene.cpp(123)::loadSemanticSceneDescriptor : SSD File Naming Issue! Neither SemanticAttributes-provided name : `data/scene_datasets/habitat-test-scenes/skokloster-castle.scn` nor constructed filename : `data/scene_datasets/habitat-test-scenes/info_semantic.json` exist on disk.
[18:52:31:242305]:[Error]:[Scene] SemanticScene.cpp(139)::loadSemanticSceneDescriptor : SSD Load Failure! File with SemanticAttributes-provided name `data/scene_datasets/habitat-test-scenes/skokloster-castle.scn` exists but failed to load.
[18:52:31:844768]:[Warning]:[Sim] Simulator.cpp(595)::instanceStageForSceneAttributes : The active scene does not contain semantic annotations : activeSemanticSceneID_ = 0
2026-08-11 18:52:33,123 update: 2870	fps: 490.964	
2026-08-11 18:52:33,123 Num updates: 2870	Num frames 459200
2026-08-11 18:52:33,123 Average window size: 50  distance_to_goal: 0.267  distance_to_goal_reward: 0.000  reward: 5.961  spl: 0.747  success: 0.906
2026-08-11 18:52:33,123 	Perf Stats: trainer.rollout_collect: 0.288 trainer.sample_action: 0.003 trainer.obs_insert: 0.000 trainer.step_env: 0.005 trainer.update_stats: 0.001 trainer.update_agent: 0.035
2026-08-11 18:52:36,205 update: 2880	fps: 491.057	
2026-08-11 18:52:36,205 Num updates: 2880	Num frames 460800
2026-08-11 18:52:36,205 Average window size: 50  distance_to_goal: 0.379  distance_to_goal_reward: -0.000  reward: 5.447  spl: 0.712  success: 0.877
2026-08-11 18:52:36,205 	Perf Stats: trainer.rollout_collect: 0.288 trainer.sample_action: 0.003 trainer.obs_insert: 0.000 trainer.step_env: 0.005 trainer.update_stats: 0.001 trainer.update_agent: 0.035
2026-08-11 18:52:39,322 update: 2890	fps: 491.130	
2026-08-11 18:52:39,323 Num updates: 2890	Num frames 462400
2026-08-11 18:52:39,323 Average window size: 50  distance_to_goal: 0.646  distance_to_goal_reward: 0.001  reward: 5.175  spl: 0.719  success: 0.879
2026-08-11 18:52:39,323 	Perf Stats: trainer.rollout_collect: 0.288 trainer.sample_action: 0.003 trainer.obs_insert: 0.000 trainer.step_env: 0.005 trainer.update_stats: 0.001 trainer.update_agent: 0.035
2026-08-11 18:52:42,522 update: 2900	fps: 491.161	
2026-08-11 18:52:42,522 Num updates: 2900	Num frames 464000
2026-08-11 18:52:42,522 Average window size: 50  distance_to_goal: 0.621  distance_to_goal_reward: 0.001  reward: 5.552  spl: 0.706  success: 0.868
2026-08-11 18:52:42,522 	Perf Stats: trainer.rollout_collect: 0.288 trainer.sample_action: 0.003 trainer.obs_insert: 0.000 trainer.step_env: 0.005 trainer.update_stats: 0.001 trainer.update_agent: 0.035
2026-08-11 18:52:45,618 update: 2910	fps: 491.244	
2026-08-11 18:52:45,619 Num updates: 2910	Num frames 465600
2026-08-11 18:52:45,619 Average window size: 50  distance_to_goal: 0.531  distance_to_goal_reward: 0.001  reward: 5.800  spl: 0.737  success: 0.890
2026-08-11 18:52:45,619 	Perf Stats: trainer.rollout_collect: 0.288 trainer.sample_action: 0.003 trainer.obs_insert: 0.000 trainer.step_env: 0.005 trainer.update_stats: 0.001 trainer.update_agent: 0.035
2026-08-11 18:52:48,717 update: 2920	fps: 491.326	
2026-08-11 18:52:48,717 Num updates: 2920	Num frames 467200
2026-08-11 18:52:48,717 Average window size: 50  distance_to_goal: 0.688  distance_to_goal_reward: 0.000  reward: 5.746  spl: 0.750  success: 0.881
2026-08-11 18:52:48,717 	Perf Stats: trainer.rollout_collect: 0.288 trainer.sample_action: 0.003 trainer.obs_insert: 0.000 trainer.step_env: 0.005 trainer.update_stats: 0.001 trainer.update_agent: 0.035
2026-08-11 18:52:51,818 update: 2930	fps: 491.406	
2026-08-11 18:52:51,818 Num updates: 2930	Num frames 468800
2026-08-11 18:52:51,818 Average window size: 50  distance_to_goal: 0.635  distance_to_goal_reward: 0.001  reward: 5.872  spl: 0.761  success: 0.888
2026-08-11 18:52:51,818 	Perf Stats: trainer.rollout_collect: 0.288 trainer.sample_action: 0.003 trainer.obs_insert: 0.000 trainer.step_env: 0.005 trainer.update_stats: 0.001 trainer.update_agent: 0.035
2026-08-11 18:52:54,899 update: 2940	fps: 491.496	
2026-08-11 18:52:54,900 Num updates: 2940	Num frames 470400
2026-08-11 18:52:54,900 Average window size: 50  distance_to_goal: 0.453  distance_to_goal_reward: -0.000  reward: 6.048  spl: 0.765  success: 0.904
2026-08-11 18:52:54,900 	Perf Stats: trainer.rollout_collect: 0.288 trainer.sample_action: 0.003 trainer.obs_insert: 0.000 trainer.step_env: 0.005 trainer.update_stats: 0.001 trainer.update_agent: 0.035
2026-08-11 18:52:58,016 update: 2950	fps: 491.567	
2026-08-11 18:52:58,016 Num updates: 2950	Num frames 472000
2026-08-11 18:52:58,017 Average window size: 50  distance_to_goal: 0.557  distance_to_goal_reward: -0.000  reward: 5.689  spl: 0.761  success: 0.897
2026-08-11 18:52:58,017 	Perf Stats: trainer.rollout_collect: 0.288 trainer.sample_action: 0.003 trainer.obs_insert: 0.000 trainer.step_env: 0.005 trainer.update_stats: 0.001 trainer.update_agent: 0.035
2026-08-11 18:53:01,107 update: 2960	fps: 491.650	
2026-08-11 18:53:01,107 Num updates: 2960	Num frames 473600
2026-08-11 18:53:01,107 Average window size: 50  distance_to_goal: 0.561  distance_to_goal_reward: -0.000  reward: 5.644  spl: 0.744  success: 0.874
2026-08-11 18:53:01,107 	Perf Stats: trainer.rollout_collect: 0.288 trainer.sample_action: 0.003 trainer.obs_insert: 0.000 trainer.step_env: 0.005 trainer.update_stats: 0.001 trainer.update_agent: 0.035
2026-08-11 18:53:04,213 update: 2970	fps: 491.726	
2026-08-11 18:53:04,213 Num updates: 2970	Num frames 475200
2026-08-11 18:53:04,213 Average window size: 50  distance_to_goal: 0.610  distance_to_goal_reward: -0.000  reward: 5.588  spl: 0.732  success: 0.866
2026-08-11 18:53:04,213 	Perf Stats: trainer.rollout_collect: 0.288 trainer.sample_action: 0.003 trainer.obs_insert: 0.000 trainer.step_env: 0.005 trainer.update_stats: 0.001 trainer.update_agent: 0.035
2026-08-11 18:53:07,333 update: 2980	fps: 491.794	
2026-08-11 18:53:07,333 Num updates: 2980	Num frames 476800
2026-08-11 18:53:07,333 Average window size: 50  distance_to_goal: 0.598  distance_to_goal_reward: -0.000  reward: 5.815  spl: 0.725  success: 0.855
2026-08-11 18:53:07,333 	Perf Stats: trainer.rollout_collect: 0.288 trainer.sample_action: 0.003 trainer.obs_insert: 0.000 trainer.step_env: 0.005 trainer.update_stats: 0.001 trainer.update_agent: 0.035
2026-08-11 18:53:10,427 update: 2990	fps: 491.874	
2026-08-11 18:53:10,427 Num updates: 2990	Num frames 478400
2026-08-11 18:53:10,427 Average window size: 50  distance_to_goal: 0.485  distance_to_goal_reward: -0.000  reward: 6.164  spl: 0.741  success: 0.867
2026-08-11 18:53:10,427 	Perf Stats: trainer.rollout_collect: 0.288 trainer.sample_action: 0.003 trainer.obs_insert: 0.000 trainer.step_env: 0.005 trainer.update_stats: 0.001 trainer.update_agent: 0.035
2026-08-11 18:53:13,640 update: 3000	fps: 491.894	
2026-08-11 18:53:13,640 Num updates: 3000	Num frames 480000
2026-08-11 18:53:13,640 Average window size: 50  distance_to_goal: 0.508  distance_to_goal_reward: 0.000  reward: 6.581  spl: 0.739  success: 0.860
2026-08-11 18:53:13,640 	Perf Stats: trainer.rollout_collect: 0.288 trainer.sample_action: 0.003 trainer.obs_insert: 0.000 trainer.step_env: 0.005 trainer.update_stats: 0.001 trainer.update_agent: 0.035
2026-08-11 18:53:16,731 update: 3010	fps: 491.976	
2026-08-11 18:53:16,731 Num updates: 3010	Num frames 481600
2026-08-11 18:53:16,731 Average window size: 50  distance_to_goal: 0.491  distance_to_goal_reward: 0.000  reward: 7.022  spl: 0.753  success: 0.878
2026-08-11 18:53:16,731 	Perf Stats: trainer.rollout_collect: 0.287 trainer.sample_action: 0.003 trainer.obs_insert: 0.000 trainer.step_env: 0.005 trainer.update_stats: 0.001 trainer.update_agent: 0.035
PluginManager::Manager: duplicate static plugin StbImageImporter, ignoring
PluginManager::Manager: duplicate static plugin GltfImporter, ignoring
PluginManager::Manager: duplicate static plugin BasisImporter, ignoring
PluginManager::Manager: duplicate static plugin AssimpImporter, ignoring
PluginManager::Manager: duplicate static plugin AnySceneImporter, ignoring
PluginManager::Manager: duplicate static plugin AnyImageImporter, ignoring
Renderer: NVIDIA GeForce RTX 4070/PCIe/SSE2 by NVIDIA Corporation
OpenGL version: 4.6.0 NVIDIA 580.173.02
Using optional features:
    GL_ARB_vertex_array_object
    GL_ARB_separate_shader_objects
    GL_ARB_robustness
    GL_ARB_texture_storage
    GL_ARB_texture_view
    GL_ARB_framebuffer_no_attachments
    GL_ARB_invalidate_subdata
    GL_ARB_texture_storage_multisample
    GL_ARB_multi_bind
    GL_ARB_direct_state_access
    GL_ARB_get_texture_sub_image
    GL_ARB_texture_filter_anisotropic
    GL_KHR_debug
    GL_KHR_parallel_shader_compile
    GL_NV_depth_buffer_float
Using driver workarounds:
    no-forward-compatible-core-context
    nv-egl-incorrect-gl11-function-pointers
    no-layout-qualifiers-on-old-glsl
    nv-zero-context-profile-mask
    nv-implementation-color-read-format-dsa-broken
    nv-cubemap-inconsistent-compressed-image-size
    nv-cubemap-broken-full-compressed-image-query
    nv-compressed-block-size-in-bits
[18:53:18:527396]:[Warning]:[Scene] SemanticScene.h(331)::checkFileExists : ::loadSemanticSceneDescriptor: File `data/scene_datasets/habitat-test-scenes/skokloster-castle.scn` does not exist.  Aborting load.
[18:53:18:527412]:[Warning]:[Scene] SemanticScene.cpp(123)::loadSemanticSceneDescriptor : SSD File Naming Issue! Neither SemanticAttributes-provided name : `data/scene_datasets/habitat-test-scenes/skokloster-castle.scn` nor constructed filename : `data/scene_datasets/habitat-test-scenes/info_semantic.json` exist on disk.
[18:53:18:527417]:[Error]:[Scene] SemanticScene.cpp(139)::loadSemanticSceneDescriptor : SSD Load Failure! File with SemanticAttributes-provided name `data/scene_datasets/habitat-test-scenes/skokloster-castle.scn` exists but failed to load.
[18:53:19:153796]:[Warning]:[Sim] Simulator.cpp(595)::instanceStageForSceneAttributes : The active scene does not contain semantic annotations : activeSemanticSceneID_ = 0
2026-08-11 18:53:20,467 update: 3020	fps: 491.733	
2026-08-11 18:53:20,467 Num updates: 3020	Num frames 483200
2026-08-11 18:53:20,467 Average window size: 50  distance_to_goal: 0.395  distance_to_goal_reward: 0.001  reward: 7.076  spl: 0.754  success: 0.873
2026-08-11 18:53:20,468 	Perf Stats: trainer.rollout_collect: 0.288 trainer.sample_action: 0.003 trainer.obs_insert: 0.000 trainer.step_env: 0.005 trainer.update_stats: 0.001 trainer.update_agent: 0.035
2026-08-11 18:53:23,629 update: 3030	fps: 491.779	
2026-08-11 18:53:23,629 Num updates: 3030	Num frames 484800
2026-08-11 18:53:23,629 Average window size: 50  distance_to_goal: 0.490  distance_to_goal_reward: 0.001  reward: 6.997  spl: 0.750  success: 0.877
2026-08-11 18:53:23,629 	Perf Stats: trainer.rollout_collect: 0.288 trainer.sample_action: 0.003 trainer.obs_insert: 0.000 trainer.step_env: 0.005 trainer.update_stats: 0.001 trainer.update_agent: 0.035
2026-08-11 18:53:26,778 update: 3040	fps: 491.831	
2026-08-11 18:53:26,778 Num updates: 3040	Num frames 486400
2026-08-11 18:53:26,778 Average window size: 50  distance_to_goal: 0.636  distance_to_goal_reward: 0.001  reward: 6.791  spl: 0.734  success: 0.862
2026-08-11 18:53:26,778 	Perf Stats: trainer.rollout_collect: 0.288 trainer.sample_action: 0.003 trainer.obs_insert: 0.000 trainer.step_env: 0.005 trainer.update_stats: 0.001 trainer.update_agent: 0.035
2026-08-11 18:53:29,908 update: 3050	fps: 491.892	
2026-08-11 18:53:29,909 Num updates: 3050	Num frames 488000
2026-08-11 18:53:29,909 Average window size: 50  distance_to_goal: 0.819  distance_to_goal_reward: 0.000  reward: 5.801  spl: 0.662  success: 0.783
2026-08-11 18:53:29,909 	Perf Stats: trainer.rollout_collect: 0.288 trainer.sample_action: 0.003 trainer.obs_insert: 0.000 trainer.step_env: 0.005 trainer.update_stats: 0.001 trainer.update_agent: 0.035
PluginManager::Manager: duplicate static plugin StbImageImporter, ignoring
PluginManager::Manager: duplicate static plugin GltfImporter, ignoring
PluginManager::Manager: duplicate static plugin BasisImporter, ignoring
PluginManager::Manager: duplicate static plugin AssimpImporter, ignoring
PluginManager::Manager: duplicate static plugin AnySceneImporter, ignoring
PluginManager::Manager: duplicate static plugin AnyImageImporter, ignoring
Renderer: NVIDIA GeForce RTX 4070/PCIe/SSE2 by NVIDIA Corporation
OpenGL version: 4.6.0 NVIDIA 580.173.02
Using optional features:
    GL_ARB_vertex_array_object
    GL_ARB_separate_shader_objects
    GL_ARB_robustness
    GL_ARB_texture_storage
    GL_ARB_texture_view
    GL_ARB_framebuffer_no_attachments
    GL_ARB_invalidate_subdata
    GL_ARB_texture_storage_multisample
    GL_ARB_multi_bind
    GL_ARB_direct_state_access
    GL_ARB_get_texture_sub_image
    GL_ARB_texture_filter_anisotropic
    GL_KHR_debug
    GL_KHR_parallel_shader_compile
    GL_NV_depth_buffer_float
Using driver workarounds:
    no-forward-compatible-core-context
    nv-egl-incorrect-gl11-function-pointers
    no-layout-qualifiers-on-old-glsl
    nv-zero-context-profile-mask
    nv-implementation-color-read-format-dsa-broken
    nv-cubemap-inconsistent-compressed-image-size
    nv-cubemap-broken-full-compressed-image-query
    nv-compressed-block-size-in-bits
[18:53:29:964793]:[Warning]:[Scene] SemanticScene.h(331)::checkFileExists : ::loadSemanticSceneDescriptor: File `data/scene_datasets/habitat-test-scenes/van-gogh-room.scn` does not exist.  Aborting load.
[18:53:29:964809]:[Warning]:[Scene] SemanticScene.cpp(123)::loadSemanticSceneDescriptor : SSD File Naming Issue! Neither SemanticAttributes-provided name : `data/scene_datasets/habitat-test-scenes/van-gogh-room.scn` nor constructed filename : `data/scene_datasets/habitat-test-scenes/info_semantic.json` exist on disk.
[18:53:29:964814]:[Error]:[Scene] SemanticScene.cpp(139)::loadSemanticSceneDescriptor : SSD Load Failure! File with SemanticAttributes-provided name `data/scene_datasets/habitat-test-scenes/van-gogh-room.scn` exists but failed to load.
[18:53:30:397880]:[Warning]:[Sim] Simulator.cpp(595)::instanceStageForSceneAttributes : The active scene does not contain semantic annotations : activeSemanticSceneID_ = 0
2026-08-11 18:53:33,471 update: 3060	fps: 491.739	
2026-08-11 18:53:33,471 Num updates: 3060	Num frames 489600
2026-08-11 18:53:33,471 Average window size: 50  distance_to_goal: 0.938  distance_to_goal_reward: 0.001  reward: 5.086  spl: 0.592  success: 0.742
2026-08-11 18:53:33,471 	Perf Stats: trainer.rollout_collect: 0.288 trainer.sample_action: 0.003 trainer.obs_insert: 0.000 trainer.step_env: 0.005 trainer.update_stats: 0.001 trainer.update_agent: 0.035
2026-08-11 18:53:36,611 update: 3070	fps: 491.795	
2026-08-11 18:53:36,611 Num updates: 3070	Num frames 491200
2026-08-11 18:53:36,611 Average window size: 50  distance_to_goal: 0.676  distance_to_goal_reward: 0.001  reward: 5.651  spl: 0.574  success: 0.753
2026-08-11 18:53:36,611 	Perf Stats: trainer.rollout_collect: 0.288 trainer.sample_action: 0.003 trainer.obs_insert: 0.000 trainer.step_env: 0.005 trainer.update_stats: 0.001 trainer.update_agent: 0.035
PluginManager::Manager: duplicate static plugin StbImageImporter, ignoring
PluginManager::Manager: duplicate static plugin GltfImporter, ignoring
PluginManager::Manager: duplicate static plugin BasisImporter, ignoring
PluginManager::Manager: duplicate static plugin AssimpImporter, ignoring
PluginManager::Manager: duplicate static plugin AnySceneImporter, ignoring
PluginManager::Manager: duplicate static plugin AnyImageImporter, ignoring
Renderer: NVIDIA GeForce RTX 4070/PCIe/SSE2 by NVIDIA Corporation
OpenGL version: 4.6.0 NVIDIA 580.173.02
Using optional features:
    GL_ARB_vertex_array_object
    GL_ARB_separate_shader_objects
    GL_ARB_robustness
    GL_ARB_texture_storage
    GL_ARB_texture_view
    GL_ARB_framebuffer_no_attachments
    GL_ARB_invalidate_subdata
    GL_ARB_texture_storage_multisample
    GL_ARB_multi_bind
    GL_ARB_direct_state_access
    GL_ARB_get_texture_sub_image
    GL_ARB_texture_filter_anisotropic
    GL_KHR_debug
    GL_KHR_parallel_shader_compile
    GL_NV_depth_buffer_float
Using driver workarounds:
    no-forward-compatible-core-context
    nv-egl-incorrect-gl11-function-pointers
    no-layout-qualifiers-on-old-glsl
    nv-zero-context-profile-mask
    nv-implementation-color-read-format-dsa-broken
    nv-cubemap-inconsistent-compressed-image-size
    nv-cubemap-broken-full-compressed-image-query
    nv-compressed-block-size-in-bits
[18:53:38:586159]:[Warning]:[Scene] SemanticScene.h(331)::checkFileExists : ::loadSemanticSceneDescriptor: File `data/scene_datasets/habitat-test-scenes/skokloster-castle.scn` does not exist.  Aborting load.
[18:53:38:586176]:[Warning]:[Scene] SemanticScene.cpp(123)::loadSemanticSceneDescriptor : SSD File Naming Issue! Neither SemanticAttributes-provided name : `data/scene_datasets/habitat-test-scenes/skokloster-castle.scn` nor constructed filename : `data/scene_datasets/habitat-test-scenes/info_semantic.json` exist on disk.
[18:53:38:586181]:[Error]:[Scene] SemanticScene.cpp(139)::loadSemanticSceneDescriptor : SSD Load Failure! File with SemanticAttributes-provided name `data/scene_datasets/habitat-test-scenes/skokloster-castle.scn` exists but failed to load.
[18:53:39:190436]:[Warning]:[Sim] Simulator.cpp(595)::instanceStageForSceneAttributes : The active scene does not contain semantic annotations : activeSemanticSceneID_ = 0
2026-08-11 18:53:40,379 update: 3080	fps: 491.543	
2026-08-11 18:53:40,379 Num updates: 3080	Num frames 492800
2026-08-11 18:53:40,379 Average window size: 50  distance_to_goal: 0.435  distance_to_goal_reward: 0.001  reward: 5.951  spl: 0.603  success: 0.792
2026-08-11 18:53:40,379 	Perf Stats: trainer.rollout_collect: 0.288 trainer.sample_action: 0.003 trainer.obs_insert: 0.000 trainer.step_env: 0.005 trainer.update_stats: 0.001 trainer.update_agent: 0.035
2026-08-11 18:53:43,543 update: 3090	fps: 491.587	
2026-08-11 18:53:43,544 Num updates: 3090	Num frames 494400
2026-08-11 18:53:43,544 Average window size: 50  distance_to_goal: 0.326  distance_to_goal_reward: 0.001  reward: 6.526  spl: 0.595  success: 0.811
2026-08-11 18:53:43,544 	Perf Stats: trainer.rollout_collect: 0.288 trainer.sample_action: 0.003 trainer.obs_insert: 0.000 trainer.step_env: 0.005 trainer.update_stats: 0.001 trainer.update_agent: 0.035
2026-08-11 18:53:46,832 update: 3100	fps: 491.570	
2026-08-11 18:53:46,832 Num updates: 3100	Num frames 496000
2026-08-11 18:53:46,832 Average window size: 50  distance_to_goal: 0.154  distance_to_goal_reward: 0.001  reward: 7.115  spl: 0.646  success: 0.869
2026-08-11 18:53:46,832 	Perf Stats: trainer.rollout_collect: 0.288 trainer.sample_action: 0.003 trainer.obs_insert: 0.000 trainer.step_env: 0.005 trainer.update_stats: 0.001 trainer.update_agent: 0.035
2026-08-11 18:53:50,028 update: 3110	fps: 491.599	
2026-08-11 18:53:50,029 Num updates: 3110	Num frames 497600
2026-08-11 18:53:50,029 Average window size: 50  distance_to_goal: 0.240  distance_to_goal_reward: 0.000  reward: 7.247  spl: 0.670  success: 0.869
2026-08-11 18:53:50,029 	Perf Stats: trainer.rollout_collect: 0.288 trainer.sample_action: 0.003 trainer.obs_insert: 0.000 trainer.step_env: 0.005 trainer.update_stats: 0.001 trainer.update_agent: 0.035
2026-08-11 18:53:53,240 update: 3120	fps: 491.620	
2026-08-11 18:53:53,240 Num updates: 3120	Num frames 499200
2026-08-11 18:53:53,240 Average window size: 50  distance_to_goal: 0.348  distance_to_goal_reward: 0.001  reward: 7.456  spl: 0.681  success: 0.850
2026-08-11 18:53:53,240 	Perf Stats: trainer.rollout_collect: 0.288 trainer.sample_action: 0.003 trainer.obs_insert: 0.000 trainer.step_env: 0.005 trainer.update_stats: 0.001 trainer.update_agent: 0.035
PluginManager::Manager: duplicate static plugin StbImageImporter, ignoring
PluginManager::Manager: duplicate static plugin GltfImporter, ignoring
PluginManager::Manager: duplicate static plugin BasisImporter, ignoring
PluginManager::Manager: duplicate static plugin AssimpImporter, ignoring
PluginManager::Manager: duplicate static plugin AnySceneImporter, ignoring
PluginManager::Manager: duplicate static plugin AnyImageImporter, ignoring
Renderer: NVIDIA GeForce RTX 4070/PCIe/SSE2 by NVIDIA Corporation
OpenGL version: 4.6.0 NVIDIA 580.173.02
Using optional features:
    GL_ARB_vertex_array_object
    GL_ARB_separate_shader_objects
    GL_ARB_robustness
    GL_ARB_texture_storage
    GL_ARB_texture_view
    GL_ARB_framebuffer_no_attachments
    GL_ARB_invalidate_subdata
    GL_ARB_texture_storage_multisample
    GL_ARB_multi_bind
    GL_ARB_direct_state_access
    GL_ARB_get_texture_sub_image
    GL_ARB_texture_filter_anisotropic
    GL_KHR_debug
    GL_KHR_parallel_shader_compile
    GL_NV_depth_buffer_float
Using driver workarounds:
    no-forward-compatible-core-context
    nv-egl-incorrect-gl11-function-pointers
    no-layout-qualifiers-on-old-glsl
    nv-zero-context-profile-mask
    nv-implementation-color-read-format-dsa-broken
    nv-cubemap-inconsistent-compressed-image-size
    nv-cubemap-broken-full-compressed-image-query
    nv-compressed-block-size-in-bits
[18:53:54:377406]:[Warning]:[Scene] SemanticScene.h(331)::checkFileExists : ::loadSemanticSceneDescriptor: File `data/scene_datasets/habitat-test-scenes/van-gogh-room.scn` does not exist.  Aborting load.
[18:53:54:377422]:[Warning]:[Scene] SemanticScene.cpp(123)::loadSemanticSceneDescriptor : SSD File Naming Issue! Neither SemanticAttributes-provided name : `data/scene_datasets/habitat-test-scenes/van-gogh-room.scn` nor constructed filename : `data/scene_datasets/habitat-test-scenes/info_semantic.json` exist on disk.
[18:53:54:377427]:[Error]:[Scene] SemanticScene.cpp(139)::loadSemanticSceneDescriptor : SSD Load Failure! File with SemanticAttributes-provided name `data/scene_datasets/habitat-test-scenes/van-gogh-room.scn` exists but failed to load.
[18:53:54:808698]:[Warning]:[Sim] Simulator.cpp(595)::instanceStageForSceneAttributes : The active scene does not contain semantic annotations : activeSemanticSceneID_ = 0
2026-08-11 18:53:56,935 update: 3130	fps: 491.407	
2026-08-11 18:53:56,935 Num updates: 3130	Num frames 500800
2026-08-11 18:53:56,935 Average window size: 50  distance_to_goal: 0.438  distance_to_goal_reward: 0.001  reward: 7.403  spl: 0.704  success: 0.864
2026-08-11 18:53:56,935 	Perf Stats: trainer.rollout_collect: 0.288 trainer.sample_action: 0.003 trainer.obs_insert: 0.000 trainer.step_env: 0.005 trainer.update_stats: 0.001 trainer.update_agent: 0.035
2026-08-11 18:54:00,094 update: 3140	fps: 491.454	
2026-08-11 18:54:00,094 Num updates: 3140	Num frames 502400
2026-08-11 18:54:00,094 Average window size: 50  distance_to_goal: 0.459  distance_to_goal_reward: 0.001  reward: 6.874  spl: 0.728  success: 0.863
2026-08-11 18:54:00,094 	Perf Stats: trainer.rollout_collect: 0.288 trainer.sample_action: 0.003 trainer.obs_insert: 0.000 trainer.step_env: 0.005 trainer.update_stats: 0.001 trainer.update_agent: 0.035
2026-08-11 18:54:03,255 update: 3150	fps: 491.499	
2026-08-11 18:54:03,255 Num updates: 3150	Num frames 504000
2026-08-11 18:54:03,255 Average window size: 50  distance_to_goal: 0.436  distance_to_goal_reward: 0.001  reward: 6.900  spl: 0.732  success: 0.868
2026-08-11 18:54:03,255 	Perf Stats: trainer.rollout_collect: 0.288 trainer.sample_action: 0.003 trainer.obs_insert: 0.000 trainer.step_env: 0.005 trainer.update_stats: 0.001 trainer.update_agent: 0.035
2026-08-11 18:54:06,416 update: 3160	fps: 491.544	
2026-08-11 18:54:06,416 Num updates: 3160	Num frames 505600
2026-08-11 18:54:06,416 Average window size: 50  distance_to_goal: 0.424  distance_to_goal_reward: 0.000  reward: 6.578  spl: 0.717  success: 0.844
2026-08-11 18:54:06,416 	Perf Stats: trainer.rollout_collect: 0.288 trainer.sample_action: 0.003 trainer.obs_insert: 0.000 trainer.step_env: 0.005 trainer.update_stats: 0.001 trainer.update_agent: 0.035
2026-08-11 18:54:09,573 update: 3170	fps: 491.591	
2026-08-11 18:54:09,573 Num updates: 3170	Num frames 507200
2026-08-11 18:54:09,573 Average window size: 50  distance_to_goal: 0.418  distance_to_goal_reward: 0.000  reward: 5.975  spl: 0.722  success: 0.844
2026-08-11 18:54:09,573 	Perf Stats: trainer.rollout_collect: 0.288 trainer.sample_action: 0.003 trainer.obs_insert: 0.000 trainer.step_env: 0.005 trainer.update_stats: 0.001 trainer.update_agent: 0.035
2026-08-11 18:54:12,706 update: 3180	fps: 491.649	
2026-08-11 18:54:12,715 Num updates: 3180	Num frames 508800
2026-08-11 18:54:12,715 Average window size: 50  distance_to_goal: 0.604  distance_to_goal_reward: -0.000  reward: 5.543  spl: 0.694  success: 0.802
2026-08-11 18:54:12,715 	Perf Stats: trainer.rollout_collect: 0.288 trainer.sample_action: 0.003 trainer.obs_insert: 0.000 trainer.step_env: 0.005 trainer.update_stats: 0.001 trainer.update_agent: 0.035
2026-08-11 18:54:15,866 update: 3190	fps: 491.693	
2026-08-11 18:54:15,866 Num updates: 3190	Num frames 510400
2026-08-11 18:54:15,866 Average window size: 50  distance_to_goal: 0.646  distance_to_goal_reward: -0.000  reward: 5.301  spl: 0.679  success: 0.774
2026-08-11 18:54:15,866 	Perf Stats: trainer.rollout_collect: 0.288 trainer.sample_action: 0.003 trainer.obs_insert: 0.000 trainer.step_env: 0.005 trainer.update_stats: 0.001 trainer.update_agent: 0.035
2026-08-11 18:54:19,139 update: 3200	fps: 491.684	
2026-08-11 18:54:19,139 Num updates: 3200	Num frames 512000
2026-08-11 18:54:19,140 Average window size: 50  distance_to_goal: 0.831  distance_to_goal_reward: -0.000  reward: 5.078  spl: 0.671  success: 0.760
2026-08-11 18:54:19,140 	Perf Stats: trainer.rollout_collect: 0.288 trainer.sample_action: 0.003 trainer.obs_insert: 0.000 trainer.step_env: 0.005 trainer.update_stats: 0.001 trainer.update_agent: 0.035
2026-08-11 18:54:22,262 update: 3210	fps: 491.746	
2026-08-11 18:54:22,263 Num updates: 3210	Num frames 513600
2026-08-11 18:54:22,263 Average window size: 50  distance_to_goal: 0.857  distance_to_goal_reward: -0.000  reward: 5.124  spl: 0.674  success: 0.769
2026-08-11 18:54:22,263 	Perf Stats: trainer.rollout_collect: 0.288 trainer.sample_action: 0.003 trainer.obs_insert: 0.000 trainer.step_env: 0.005 trainer.update_stats: 0.001 trainer.update_agent: 0.035
PluginManager::Manager: duplicate static plugin StbImageImporter, ignoring
PluginManager::Manager: duplicate static plugin GltfImporter, ignoring
PluginManager::Manager: duplicate static plugin BasisImporter, ignoring
PluginManager::Manager: duplicate static plugin AssimpImporter, ignoring
PluginManager::Manager: duplicate static plugin AnySceneImporter, ignoring
PluginManager::Manager: duplicate static plugin AnyImageImporter, ignoring
Renderer: NVIDIA GeForce RTX 4070/PCIe/SSE2 by NVIDIA Corporation
OpenGL version: 4.6.0 NVIDIA 580.173.02
Using optional features:
    GL_ARB_vertex_array_object
    GL_ARB_separate_shader_objects
    GL_ARB_robustness
    GL_ARB_texture_storage
    GL_ARB_texture_view
    GL_ARB_framebuffer_no_attachments
    GL_ARB_invalidate_subdata
    GL_ARB_texture_storage_multisample
    GL_ARB_multi_bind
    GL_ARB_direct_state_access
    GL_ARB_get_texture_sub_image
    GL_ARB_texture_filter_anisotropic
    GL_KHR_debug
    GL_KHR_parallel_shader_compile
    GL_NV_depth_buffer_float
Using driver workarounds:
    no-forward-compatible-core-context
    nv-egl-incorrect-gl11-function-pointers
    no-layout-qualifiers-on-old-glsl
    nv-zero-context-profile-mask
    nv-implementation-color-read-format-dsa-broken
    nv-cubemap-inconsistent-compressed-image-size
    nv-cubemap-broken-full-compressed-image-query
    nv-compressed-block-size-in-bits
[18:54:23:962789]:[Warning]:[Scene] SemanticScene.h(331)::checkFileExists : ::loadSemanticSceneDescriptor: File `data/scene_datasets/habitat-test-scenes/van-gogh-room.scn` does not exist.  Aborting load.
[18:54:23:962804]:[Warning]:[Scene] SemanticScene.cpp(123)::loadSemanticSceneDescriptor : SSD File Naming Issue! Neither SemanticAttributes-provided name : `data/scene_datasets/habitat-test-scenes/van-gogh-room.scn` nor constructed filename : `data/scene_datasets/habitat-test-scenes/info_semantic.json` exist on disk.
[18:54:23:962809]:[Error]:[Scene] SemanticScene.cpp(139)::loadSemanticSceneDescriptor : SSD Load Failure! File with SemanticAttributes-provided name `data/scene_datasets/habitat-test-scenes/van-gogh-room.scn` exists but failed to load.
[18:54:24:395480]:[Warning]:[Sim] Simulator.cpp(595)::instanceStageForSceneAttributes : The active scene does not contain semantic annotations : activeSemanticSceneID_ = 0
2026-08-11 18:54:25,847 update: 3220	fps: 491.591	
2026-08-11 18:54:25,847 Num updates: 3220	Num frames 515200
2026-08-11 18:54:25,847 Average window size: 50  distance_to_goal: 0.887  distance_to_goal_reward: -0.000  reward: 5.282  spl: 0.684  success: 0.779
2026-08-11 18:54:25,847 	Perf Stats: trainer.rollout_collect: 0.288 trainer.sample_action: 0.003 trainer.obs_insert: 0.000 trainer.step_env: 0.005 trainer.update_stats: 0.001 trainer.update_agent: 0.035
2026-08-11 18:54:28,967 update: 3230	fps: 491.654	
2026-08-11 18:54:28,967 Num updates: 3230	Num frames 516800
2026-08-11 18:54:28,967 Average window size: 50  distance_to_goal: 0.505  distance_to_goal_reward: 0.000  reward: 5.600  spl: 0.715  success: 0.832
2026-08-11 18:54:28,968 	Perf Stats: trainer.rollout_collect: 0.288 trainer.sample_action: 0.003 trainer.obs_insert: 0.000 trainer.step_env: 0.005 trainer.update_stats: 0.001 trainer.update_agent: 0.035
2026-08-11 18:54:32,092 update: 3240	fps: 491.714	
2026-08-11 18:54:32,092 Num updates: 3240	Num frames 518400
2026-08-11 18:54:32,092 Average window size: 50  distance_to_goal: 0.607  distance_to_goal_reward: 0.000  reward: 5.375  spl: 0.721  success: 0.841
2026-08-11 18:54:32,092 	Perf Stats: trainer.rollout_collect: 0.288 trainer.sample_action: 0.003 trainer.obs_insert: 0.000 trainer.step_env: 0.005 trainer.update_stats: 0.001 trainer.update_agent: 0.035
2026-08-11 18:54:35,215 update: 3250	fps: 491.775	
2026-08-11 18:54:35,215 Num updates: 3250	Num frames 520000
2026-08-11 18:54:35,215 Average window size: 50  distance_to_goal: 0.430  distance_to_goal_reward: 0.000  reward: 5.330  spl: 0.739  success: 0.865
2026-08-11 18:54:35,215 	Perf Stats: trainer.rollout_collect: 0.288 trainer.sample_action: 0.003 trainer.obs_insert: 0.000 trainer.step_env: 0.005 trainer.update_stats: 0.001 trainer.update_agent: 0.035
2026-08-11 18:54:38,324 update: 3260	fps: 491.842	
2026-08-11 18:54:38,324 Num updates: 3260	Num frames 521600
2026-08-11 18:54:38,324 Average window size: 50  distance_to_goal: 0.411  distance_to_goal_reward: 0.000  reward: 5.295  spl: 0.748  success: 0.867
2026-08-11 18:54:38,324 	Perf Stats: trainer.rollout_collect: 0.288 trainer.sample_action: 0.003 trainer.obs_insert: 0.000 trainer.step_env: 0.005 trainer.update_stats: 0.001 trainer.update_agent: 0.035
2026-08-11 18:54:41,457 update: 3270	fps: 491.898	
2026-08-11 18:54:41,457 Num updates: 3270	Num frames 523200
2026-08-11 18:54:41,457 Average window size: 50  distance_to_goal: 0.377  distance_to_goal_reward: 0.000  reward: 5.281  spl: 0.761  success: 0.871
2026-08-11 18:54:41,457 	Perf Stats: trainer.rollout_collect: 0.288 trainer.sample_action: 0.003 trainer.obs_insert: 0.000 trainer.step_env: 0.005 trainer.update_stats: 0.001 trainer.update_agent: 0.035
2026-08-11 18:54:44,587 update: 3280	fps: 491.954	
2026-08-11 18:54:44,587 Num updates: 3280	Num frames 524800
2026-08-11 18:54:44,587 Average window size: 50  distance_to_goal: 0.332  distance_to_goal_reward: -0.000  reward: 5.352  spl: 0.778  success: 0.880
2026-08-11 18:54:44,587 	Perf Stats: trainer.rollout_collect: 0.287 trainer.sample_action: 0.003 trainer.obs_insert: 0.000 trainer.step_env: 0.005 trainer.update_stats: 0.001 trainer.update_agent: 0.035
2026-08-11 18:54:47,718 update: 3290	fps: 492.010	
2026-08-11 18:54:47,718 Num updates: 3290	Num frames 526400
2026-08-11 18:54:47,718 Average window size: 50  distance_to_goal: 0.293  distance_to_goal_reward: -0.000  reward: 5.561  spl: 0.770  success: 0.873
2026-08-11 18:54:47,718 	Perf Stats: trainer.rollout_collect: 0.287 trainer.sample_action: 0.003 trainer.obs_insert: 0.000 trainer.step_env: 0.005 trainer.update_stats: 0.001 trainer.update_agent: 0.035
2026-08-11 18:54:50,943 update: 3300	fps: 492.022	
2026-08-11 18:54:50,943 Num updates: 3300	Num frames 528000
2026-08-11 18:54:50,943 Average window size: 50  distance_to_goal: 0.270  distance_to_goal_reward: -0.000  reward: 5.683  spl: 0.778  success: 0.885
2026-08-11 18:54:50,944 	Perf Stats: trainer.rollout_collect: 0.287 trainer.sample_action: 0.003 trainer.obs_insert: 0.000 trainer.step_env: 0.005 trainer.update_stats: 0.001 trainer.update_agent: 0.035
2026-08-11 18:54:54,087 update: 3310	fps: 492.071	
2026-08-11 18:54:54,087 Num updates: 3310	Num frames 529600
2026-08-11 18:54:54,088 Average window size: 50  distance_to_goal: 0.365  distance_to_goal_reward: -0.000  reward: 5.888  spl: 0.784  success: 0.902
2026-08-11 18:54:54,088 	Perf Stats: trainer.rollout_collect: 0.287 trainer.sample_action: 0.003 trainer.obs_insert: 0.000 trainer.step_env: 0.005 trainer.update_stats: 0.001 trainer.update_agent: 0.035
2026-08-11 18:54:57,242 update: 3320	fps: 492.115	
2026-08-11 18:54:57,242 Num updates: 3320	Num frames 531200
2026-08-11 18:54:57,242 Average window size: 50  distance_to_goal: 0.287  distance_to_goal_reward: -0.000  reward: 6.335  spl: 0.807  success: 0.934
2026-08-11 18:54:57,242 	Perf Stats: trainer.rollout_collect: 0.287 trainer.sample_action: 0.003 trainer.obs_insert: 0.000 trainer.step_env: 0.005 trainer.update_stats: 0.001 trainer.update_agent: 0.035
2026-08-11 18:55:00,370 update: 3330	fps: 492.172	
2026-08-11 18:55:00,370 Num updates: 3330	Num frames 532800
2026-08-11 18:55:00,370 Average window size: 50  distance_to_goal: 0.219  distance_to_goal_reward: 0.000  reward: 6.247  spl: 0.782  success: 0.918
2026-08-11 18:55:00,370 	Perf Stats: trainer.rollout_collect: 0.287 trainer.sample_action: 0.003 trainer.obs_insert: 0.000 trainer.step_env: 0.005 trainer.update_stats: 0.001 trainer.update_agent: 0.035
2026-08-11 18:55:03,488 update: 3340	fps: 492.232	
2026-08-11 18:55:03,488 Num updates: 3340	Num frames 534400
2026-08-11 18:55:03,488 Average window size: 50  distance_to_goal: 0.283  distance_to_goal_reward: 0.000  reward: 6.026  spl: 0.774  success: 0.908
2026-08-11 18:55:03,488 	Perf Stats: trainer.rollout_collect: 0.287 trainer.sample_action: 0.003 trainer.obs_insert: 0.000 trainer.step_env: 0.005 trainer.update_stats: 0.001 trainer.update_agent: 0.035
2026-08-11 18:55:06,627 update: 3350	fps: 492.282	
2026-08-11 18:55:06,627 Num updates: 3350	Num frames 536000
2026-08-11 18:55:06,627 Average window size: 50  distance_to_goal: 0.296  distance_to_goal_reward: 0.000  reward: 6.064  spl: 0.769  success: 0.905
2026-08-11 18:55:06,627 	Perf Stats: trainer.rollout_collect: 0.287 trainer.sample_action: 0.003 trainer.obs_insert: 0.000 trainer.step_env: 0.005 trainer.update_stats: 0.001 trainer.update_agent: 0.035
2026-08-11 18:55:09,764 update: 3360	fps: 492.333	
2026-08-11 18:55:09,764 Num updates: 3360	Num frames 537600
2026-08-11 18:55:09,764 Average window size: 50  distance_to_goal: 0.210  distance_to_goal_reward: 0.000  reward: 5.949  spl: 0.762  success: 0.897
2026-08-11 18:55:09,764 	Perf Stats: trainer.rollout_collect: 0.287 trainer.sample_action: 0.003 trainer.obs_insert: 0.000 trainer.step_env: 0.005 trainer.update_stats: 0.001 trainer.update_agent: 0.035
PluginManager::Manager: duplicate static plugin StbImageImporter, ignoring
PluginManager::Manager: duplicate static plugin GltfImporter, ignoring
PluginManager::Manager: duplicate static plugin BasisImporter, ignoring
PluginManager::Manager: duplicate static plugin AssimpImporter, ignoring
PluginManager::Manager: duplicate static plugin AnySceneImporter, ignoring
PluginManager::Manager: duplicate static plugin AnyImageImporter, ignoring
Renderer: NVIDIA GeForce RTX 4070/PCIe/SSE2 by NVIDIA Corporation
OpenGL version: 4.6.0 NVIDIA 580.173.02
Using optional features:
    GL_ARB_vertex_array_object
    GL_ARB_separate_shader_objects
    GL_ARB_robustness
    GL_ARB_texture_storage
    GL_ARB_texture_view
    GL_ARB_framebuffer_no_attachments
    GL_ARB_invalidate_subdata
    GL_ARB_texture_storage_multisample
    GL_ARB_multi_bind
    GL_ARB_direct_state_access
    GL_ARB_get_texture_sub_image
    GL_ARB_texture_filter_anisotropic
    GL_KHR_debug
    GL_KHR_parallel_shader_compile
    GL_NV_depth_buffer_float
Using driver workarounds:
    no-forward-compatible-core-context
    nv-egl-incorrect-gl11-function-pointers
    no-layout-qualifiers-on-old-glsl
    nv-zero-context-profile-mask
    nv-implementation-color-read-format-dsa-broken
    nv-cubemap-inconsistent-compressed-image-size
    nv-cubemap-broken-full-compressed-image-query
    nv-compressed-block-size-in-bits
[18:55:11:761118]:[Warning]:[Scene] SemanticScene.h(331)::checkFileExists : ::loadSemanticSceneDescriptor: File `data/scene_datasets/habitat-test-scenes/van-gogh-room.scn` does not exist.  Aborting load.
[18:55:11:761134]:[Warning]:[Scene] SemanticScene.cpp(123)::loadSemanticSceneDescriptor : SSD File Naming Issue! Neither SemanticAttributes-provided name : `data/scene_datasets/habitat-test-scenes/van-gogh-room.scn` nor constructed filename : `data/scene_datasets/habitat-test-scenes/info_semantic.json` exist on disk.
[18:55:11:761139]:[Error]:[Scene] SemanticScene.cpp(139)::loadSemanticSceneDescriptor : SSD Load Failure! File with SemanticAttributes-provided name `data/scene_datasets/habitat-test-scenes/van-gogh-room.scn` exists but failed to load.
[18:55:12:211170]:[Warning]:[Sim] Simulator.cpp(595)::instanceStageForSceneAttributes : The active scene does not contain semantic annotations : activeSemanticSceneID_ = 0
2026-08-11 18:55:13,330 update: 3370	fps: 492.191	
2026-08-11 18:55:13,330 Num updates: 3370	Num frames 539200
2026-08-11 18:55:13,330 Average window size: 50  distance_to_goal: 0.221  distance_to_goal_reward: 0.000  reward: 5.759  spl: 0.751  success: 0.882
2026-08-11 18:55:13,330 	Perf Stats: trainer.rollout_collect: 0.287 trainer.sample_action: 0.003 trainer.obs_insert: 0.000 trainer.step_env: 0.005 trainer.update_stats: 0.001 trainer.update_agent: 0.035
PluginManager::Manager: duplicate static plugin StbImageImporter, ignoring
PluginManager::Manager: duplicate static plugin GltfImporter, ignoring
PluginManager::Manager: duplicate static plugin BasisImporter, ignoring
PluginManager::Manager: duplicate static plugin AssimpImporter, ignoring
PluginManager::Manager: duplicate static plugin AnySceneImporter, ignoring
PluginManager::Manager: duplicate static plugin AnyImageImporter, ignoring
Renderer: NVIDIA GeForce RTX 4070/PCIe/SSE2 by NVIDIA Corporation
OpenGL version: 4.6.0 NVIDIA 580.173.02
Using optional features:
    GL_ARB_vertex_array_object
    GL_ARB_separate_shader_objects
    GL_ARB_robustness
    GL_ARB_texture_storage
    GL_ARB_texture_view
    GL_ARB_framebuffer_no_attachments
    GL_ARB_invalidate_subdata
    GL_ARB_texture_storage_multisample
    GL_ARB_multi_bind
    GL_ARB_direct_state_access
    GL_ARB_get_texture_sub_image
    GL_ARB_texture_filter_anisotropic
    GL_KHR_debug
    GL_KHR_parallel_shader_compile
    GL_NV_depth_buffer_float
Using driver workarounds:
    no-forward-compatible-core-context
    nv-egl-incorrect-gl11-function-pointers
    no-layout-qualifiers-on-old-glsl
    nv-zero-context-profile-mask
    nv-implementation-color-read-format-dsa-broken
    nv-cubemap-inconsistent-compressed-image-size
    nv-cubemap-broken-full-compressed-image-query
    nv-compressed-block-size-in-bits
[18:55:15:828112]:[Warning]:[Scene] SemanticScene.h(331)::checkFileExists : ::loadSemanticSceneDescriptor: File `data/scene_datasets/habitat-test-scenes/skokloster-castle.scn` does not exist.  Aborting load.
[18:55:15:828129]:[Warning]:[Scene] SemanticScene.cpp(123)::loadSemanticSceneDescriptor : SSD File Naming Issue! Neither SemanticAttributes-provided name : `data/scene_datasets/habitat-test-scenes/skokloster-castle.scn` nor constructed filename : `data/scene_datasets/habitat-test-scenes/info_semantic.json` exist on disk.
[18:55:15:828134]:[Error]:[Scene] SemanticScene.cpp(139)::loadSemanticSceneDescriptor : SSD Load Failure! File with SemanticAttributes-provided name `data/scene_datasets/habitat-test-scenes/skokloster-castle.scn` exists but failed to load.
[18:55:16:436860]:[Warning]:[Sim] Simulator.cpp(595)::instanceStageForSceneAttributes : The active scene does not contain semantic annotations : activeSemanticSceneID_ = 0
2026-08-11 18:55:17,012 update: 3380	fps: 491.998	
2026-08-11 18:55:17,012 Num updates: 3380	Num frames 540800
2026-08-11 18:55:17,012 Average window size: 50  distance_to_goal: 0.213  distance_to_goal_reward: 0.000  reward: 5.672  spl: 0.767  success: 0.893
2026-08-11 18:55:17,012 	Perf Stats: trainer.rollout_collect: 0.287 trainer.sample_action: 0.003 trainer.obs_insert: 0.000 trainer.step_env: 0.005 trainer.update_stats: 0.001 trainer.update_agent: 0.035
2026-08-11 18:55:20,105 update: 3390	fps: 492.069	
2026-08-11 18:55:20,105 Num updates: 3390	Num frames 542400
2026-08-11 18:55:20,105 Average window size: 50  distance_to_goal: 0.156  distance_to_goal_reward: 0.000  reward: 5.906  spl: 0.787  success: 0.911
2026-08-11 18:55:20,105 	Perf Stats: trainer.rollout_collect: 0.287 trainer.sample_action: 0.003 trainer.obs_insert: 0.000 trainer.step_env: 0.005 trainer.update_stats: 0.001 trainer.update_agent: 0.035
2026-08-11 18:55:23,281 update: 3400	fps: 492.103	
2026-08-11 18:55:23,281 Num updates: 3400	Num frames 544000
2026-08-11 18:55:23,281 Average window size: 50  distance_to_goal: 0.183  distance_to_goal_reward: 0.000  reward: 5.781  spl: 0.780  success: 0.905
2026-08-11 18:55:23,281 	Perf Stats: trainer.rollout_collect: 0.287 trainer.sample_action: 0.003 trainer.obs_insert: 0.000 trainer.step_env: 0.005 trainer.update_stats: 0.001 trainer.update_agent: 0.035
2026-08-11 18:55:26,394 update: 3410	fps: 492.164	
2026-08-11 18:55:26,394 Num updates: 3410	Num frames 545600
2026-08-11 18:55:26,394 Average window size: 50  distance_to_goal: 0.186  distance_to_goal_reward: 0.000  reward: 5.811  spl: 0.771  success: 0.899
2026-08-11 18:55:26,394 	Perf Stats: trainer.rollout_collect: 0.287 trainer.sample_action: 0.003 trainer.obs_insert: 0.000 trainer.step_env: 0.005 trainer.update_stats: 0.001 trainer.update_agent: 0.035
2026-08-11 18:55:29,501 update: 3420	fps: 492.228	
2026-08-11 18:55:29,501 Num updates: 3420	Num frames 547200
2026-08-11 18:55:29,501 Average window size: 50  distance_to_goal: 0.198  distance_to_goal_reward: 0.000  reward: 5.913  spl: 0.770  success: 0.905
2026-08-11 18:55:29,501 	Perf Stats: trainer.rollout_collect: 0.287 trainer.sample_action: 0.003 trainer.obs_insert: 0.000 trainer.step_env: 0.005 trainer.update_stats: 0.001 trainer.update_agent: 0.035
2026-08-11 18:55:32,607 update: 3430	fps: 492.292	
2026-08-11 18:55:32,607 Num updates: 3430	Num frames 548800
2026-08-11 18:55:32,607 Average window size: 50  distance_to_goal: 0.184  distance_to_goal_reward: 0.000  reward: 6.291  spl: 0.786  success: 0.926
2026-08-11 18:55:32,607 	Perf Stats: trainer.rollout_collect: 0.287 trainer.sample_action: 0.003 trainer.obs_insert: 0.000 trainer.step_env: 0.005 trainer.update_stats: 0.001 trainer.update_agent: 0.035
2026-08-11 18:55:35,700 update: 3440	fps: 492.361	
2026-08-11 18:55:35,700 Num updates: 3440	Num frames 550400
2026-08-11 18:55:35,700 Average window size: 50  distance_to_goal: 0.209  distance_to_goal_reward: 0.000  reward: 6.260  spl: 0.771  success: 0.916
2026-08-11 18:55:35,700 	Perf Stats: trainer.rollout_collect: 0.287 trainer.sample_action: 0.003 trainer.obs_insert: 0.000 trainer.step_env: 0.005 trainer.update_stats: 0.001 trainer.update_agent: 0.035
PluginManager::Manager: duplicate static plugin StbImageImporter, ignoring
PluginManager::Manager: duplicate static plugin GltfImporter, ignoring
PluginManager::Manager: duplicate static plugin BasisImporter, ignoring
PluginManager::Manager: duplicate static plugin AssimpImporter, ignoring
PluginManager::Manager: duplicate static plugin AnySceneImporter, ignoring
PluginManager::Manager: duplicate static plugin AnyImageImporter, ignoring
Renderer: NVIDIA GeForce RTX 4070/PCIe/SSE2 by NVIDIA Corporation
OpenGL version: 4.6.0 NVIDIA 580.173.02
Using optional features:
    GL_ARB_vertex_array_object
    GL_ARB_separate_shader_objects
    GL_ARB_robustness
    GL_ARB_texture_storage
    GL_ARB_texture_view
    GL_ARB_framebuffer_no_attachments
    GL_ARB_invalidate_subdata
    GL_ARB_texture_storage_multisample
    GL_ARB_multi_bind
    GL_ARB_direct_state_access
    GL_ARB_get_texture_sub_image
    GL_ARB_texture_filter_anisotropic
    GL_KHR_debug
    GL_KHR_parallel_shader_compile
    GL_NV_depth_buffer_float
Using driver workarounds:
    no-forward-compatible-core-context
    nv-egl-incorrect-gl11-function-pointers
    no-layout-qualifiers-on-old-glsl
    nv-zero-context-profile-mask
    nv-implementation-color-read-format-dsa-broken
    nv-cubemap-inconsistent-compressed-image-size
    nv-cubemap-broken-full-compressed-image-query
    nv-compressed-block-size-in-bits
[18:55:37:579956]:[Warning]:[Scene] SemanticScene.h(331)::checkFileExists : ::loadSemanticSceneDescriptor: File `data/scene_datasets/habitat-test-scenes/van-gogh-room.scn` does not exist.  Aborting load.
[18:55:37:579972]:[Warning]:[Scene] SemanticScene.cpp(123)::loadSemanticSceneDescriptor : SSD File Naming Issue! Neither SemanticAttributes-provided name : `data/scene_datasets/habitat-test-scenes/van-gogh-room.scn` nor constructed filename : `data/scene_datasets/habitat-test-scenes/info_semantic.json` exist on disk.
[18:55:37:579977]:[Error]:[Scene] SemanticScene.cpp(139)::loadSemanticSceneDescriptor : SSD Load Failure! File with SemanticAttributes-provided name `data/scene_datasets/habitat-test-scenes/van-gogh-room.scn` exists but failed to load.
[18:55:38:012127]:[Warning]:[Sim] Simulator.cpp(595)::instanceStageForSceneAttributes : The active scene does not contain semantic annotations : activeSemanticSceneID_ = 0
2026-08-11 18:55:39,236 update: 3450	fps: 492.235	
2026-08-11 18:55:39,236 Num updates: 3450	Num frames 552000
2026-08-11 18:55:39,236 Average window size: 50  distance_to_goal: 0.230  distance_to_goal_reward: 0.000  reward: 6.319  spl: 0.775  success: 0.921
2026-08-11 18:55:39,236 	Perf Stats: trainer.rollout_collect: 0.287 trainer.sample_action: 0.003 trainer.obs_insert: 0.000 trainer.step_env: 0.005 trainer.update_stats: 0.001 trainer.update_agent: 0.035
2026-08-11 18:55:42,281 update: 3460	fps: 492.325	
2026-08-11 18:55:42,281 Num updates: 3460	Num frames 553600
2026-08-11 18:55:42,281 Average window size: 50  distance_to_goal: 0.196  distance_to_goal_reward: 0.000  reward: 6.194  spl: 0.802  success: 0.941
2026-08-11 18:55:42,281 	Perf Stats: trainer.rollout_collect: 0.287 trainer.sample_action: 0.003 trainer.obs_insert: 0.000 trainer.step_env: 0.005 trainer.update_stats: 0.001 trainer.update_agent: 0.035
2026-08-11 18:55:45,324 update: 3470	fps: 492.415	
2026-08-11 18:55:45,333 Num updates: 3470	Num frames 555200
2026-08-11 18:55:45,333 Average window size: 50  distance_to_goal: 0.230  distance_to_goal_reward: 0.000  reward: 5.846  spl: 0.792  success: 0.926
2026-08-11 18:55:45,333 	Perf Stats: trainer.rollout_collect: 0.287 trainer.sample_action: 0.003 trainer.obs_insert: 0.000 trainer.step_env: 0.005 trainer.update_stats: 0.001 trainer.update_agent: 0.035
PluginManager::Manager: duplicate static plugin StbImageImporter, ignoring
PluginManager::Manager: duplicate static plugin GltfImporter, ignoring
PluginManager::Manager: duplicate static plugin BasisImporter, ignoring
PluginManager::Manager: duplicate static plugin AssimpImporter, ignoring
PluginManager::Manager: duplicate static plugin AnySceneImporter, ignoring
PluginManager::Manager: duplicate static plugin AnyImageImporter, ignoring
Renderer: NVIDIA GeForce RTX 4070/PCIe/SSE2 by NVIDIA Corporation
OpenGL version: 4.6.0 NVIDIA 580.173.02
Using optional features:
    GL_ARB_vertex_array_object
    GL_ARB_separate_shader_objects
    GL_ARB_robustness
    GL_ARB_texture_storage
    GL_ARB_texture_view
    GL_ARB_framebuffer_no_attachments
    GL_ARB_invalidate_subdata
    GL_ARB_texture_storage_multisample
    GL_ARB_multi_bind
    GL_ARB_direct_state_access
    GL_ARB_get_texture_sub_image
    GL_ARB_texture_filter_anisotropic
    GL_KHR_debug
    GL_KHR_parallel_shader_compile
    GL_NV_depth_buffer_float
Using driver workarounds:
    no-forward-compatible-core-context
    nv-egl-incorrect-gl11-function-pointers
    no-layout-qualifiers-on-old-glsl
    nv-zero-context-profile-mask
    nv-implementation-color-read-format-dsa-broken
    nv-cubemap-inconsistent-compressed-image-size
    nv-cubemap-broken-full-compressed-image-query
    nv-compressed-block-size-in-bits
[18:55:47:286912]:[Warning]:[Scene] SemanticScene.h(331)::checkFileExists : ::loadSemanticSceneDescriptor: File `data/scene_datasets/habitat-test-scenes/skokloster-castle.scn` does not exist.  Aborting load.
[18:55:47:286928]:[Warning]:[Scene] SemanticScene.cpp(123)::loadSemanticSceneDescriptor : SSD File Naming Issue! Neither SemanticAttributes-provided name : `data/scene_datasets/habitat-test-scenes/skokloster-castle.scn` nor constructed filename : `data/scene_datasets/habitat-test-scenes/info_semantic.json` exist on disk.
[18:55:47:286933]:[Error]:[Scene] SemanticScene.cpp(139)::loadSemanticSceneDescriptor : SSD Load Failure! File with SemanticAttributes-provided name `data/scene_datasets/habitat-test-scenes/skokloster-castle.scn` exists but failed to load.
[18:55:47:904321]:[Warning]:[Sim] Simulator.cpp(595)::instanceStageForSceneAttributes : The active scene does not contain semantic annotations : activeSemanticSceneID_ = 0
2026-08-11 18:55:49,042 update: 3480	fps: 492.212	
2026-08-11 18:55:49,042 Num updates: 3480	Num frames 556800
2026-08-11 18:55:49,042 Average window size: 50  distance_to_goal: 0.212  distance_to_goal_reward: 0.000  reward: 5.982  spl: 0.803  success: 0.925
2026-08-11 18:55:49,042 	Perf Stats: trainer.rollout_collect: 0.287 trainer.sample_action: 0.003 trainer.obs_insert: 0.000 trainer.step_env: 0.005 trainer.update_stats: 0.001 trainer.update_agent: 0.035
2026-08-11 18:55:52,101 update: 3490	fps: 492.294	
2026-08-11 18:55:52,102 Num updates: 3490	Num frames 558400
2026-08-11 18:55:52,102 Average window size: 50  distance_to_goal: 0.213  distance_to_goal_reward: 0.000  reward: 5.919  spl: 0.795  success: 0.914
2026-08-11 18:55:52,102 	Perf Stats: trainer.rollout_collect: 0.287 trainer.sample_action: 0.003 trainer.obs_insert: 0.000 trainer.step_env: 0.005 trainer.update_stats: 0.001 trainer.update_agent: 0.035
2026-08-11 18:55:55,261 update: 3500	fps: 492.333	
2026-08-11 18:55:55,262 Num updates: 3500	Num frames 560000
2026-08-11 18:55:55,262 Average window size: 50  distance_to_goal: 0.198  distance_to_goal_reward: 0.000  reward: 5.698  spl: 0.779  success: 0.889
2026-08-11 18:55:55,262 	Perf Stats: trainer.rollout_collect: 0.287 trainer.sample_action: 0.003 trainer.obs_insert: 0.000 trainer.step_env: 0.005 trainer.update_stats: 0.001 trainer.update_agent: 0.035
2026-08-11 18:55:58,319 update: 3510	fps: 492.416	
2026-08-11 18:55:58,319 Num updates: 3510	Num frames 561600
2026-08-11 18:55:58,319 Average window size: 50  distance_to_goal: 0.238  distance_to_goal_reward: 0.000  reward: 5.919  spl: 0.764  success: 0.878
2026-08-11 18:55:58,320 	Perf Stats: trainer.rollout_collect: 0.287 trainer.sample_action: 0.003 trainer.obs_insert: 0.000 trainer.step_env: 0.005 trainer.update_stats: 0.001 trainer.update_agent: 0.035
PluginManager::Manager: duplicate static plugin StbImageImporter, ignoring
PluginManager::Manager: duplicate static plugin GltfImporter, ignoring
PluginManager::Manager: duplicate static plugin BasisImporter, ignoring
PluginManager::Manager: duplicate static plugin AssimpImporter, ignoring
PluginManager::Manager: duplicate static plugin AnySceneImporter, ignoring
PluginManager::Manager: duplicate static plugin AnyImageImporter, ignoring
Renderer: NVIDIA GeForce RTX 4070/PCIe/SSE2 by NVIDIA Corporation
OpenGL version: 4.6.0 NVIDIA 580.173.02
Using optional features:
    GL_ARB_vertex_array_object
    GL_ARB_separate_shader_objects
    GL_ARB_robustness
    GL_ARB_texture_storage
    GL_ARB_texture_view
    GL_ARB_framebuffer_no_attachments
    GL_ARB_invalidate_subdata
    GL_ARB_texture_storage_multisample
    GL_ARB_multi_bind
    GL_ARB_direct_state_access
    GL_ARB_get_texture_sub_image
    GL_ARB_texture_filter_anisotropic
    GL_KHR_debug
    GL_KHR_parallel_shader_compile
    GL_NV_depth_buffer_float
Using driver workarounds:
    no-forward-compatible-core-context
    nv-egl-incorrect-gl11-function-pointers
    no-layout-qualifiers-on-old-glsl
    nv-zero-context-profile-mask
    nv-implementation-color-read-format-dsa-broken
    nv-cubemap-inconsistent-compressed-image-size
    nv-cubemap-broken-full-compressed-image-query
    nv-compressed-block-size-in-bits
[18:56:00:357561]:[Warning]:[Scene] SemanticScene.h(331)::checkFileExists : ::loadSemanticSceneDescriptor: File `data/scene_datasets/habitat-test-scenes/skokloster-castle.scn` does not exist.  Aborting load.
[18:56:00:357576]:[Warning]:[Scene] SemanticScene.cpp(123)::loadSemanticSceneDescriptor : SSD File Naming Issue! Neither SemanticAttributes-provided name : `data/scene_datasets/habitat-test-scenes/skokloster-castle.scn` nor constructed filename : `data/scene_datasets/habitat-test-scenes/info_semantic.json` exist on disk.
[18:56:00:357582]:[Error]:[Scene] SemanticScene.cpp(139)::loadSemanticSceneDescriptor : SSD Load Failure! File with SemanticAttributes-provided name `data/scene_datasets/habitat-test-scenes/skokloster-castle.scn` exists but failed to load.
[18:56:00:960816]:[Warning]:[Sim] Simulator.cpp(595)::instanceStageForSceneAttributes : The active scene does not contain semantic annotations : activeSemanticSceneID_ = 0
2026-08-11 18:56:02,027 update: 3520	fps: 492.219	
2026-08-11 18:56:02,028 Num updates: 3520	Num frames 563200
2026-08-11 18:56:02,028 Average window size: 50  distance_to_goal: 0.288  distance_to_goal_reward: 0.000  reward: 5.878  spl: 0.749  success: 0.871
2026-08-11 18:56:02,028 	Perf Stats: trainer.rollout_collect: 0.287 trainer.sample_action: 0.003 trainer.obs_insert: 0.000 trainer.step_env: 0.005 trainer.update_stats: 0.001 trainer.update_agent: 0.035
2026-08-11 18:56:05,138 update: 3530	fps: 492.279	
2026-08-11 18:56:05,138 Num updates: 3530	Num frames 564800
2026-08-11 18:56:05,138 Average window size: 50  distance_to_goal: 0.298  distance_to_goal_reward: 0.000  reward: 5.839  spl: 0.743  success: 0.878
2026-08-11 18:56:05,138 	Perf Stats: trainer.rollout_collect: 0.287 trainer.sample_action: 0.003 trainer.obs_insert: 0.000 trainer.step_env: 0.005 trainer.update_stats: 0.001 trainer.update_agent: 0.035
2026-08-11 18:56:08,276 update: 3540	fps: 492.327	
2026-08-11 18:56:08,276 Num updates: 3540	Num frames 566400
2026-08-11 18:56:08,277 Average window size: 50  distance_to_goal: 0.542  distance_to_goal_reward: 0.000  reward: 5.844  spl: 0.751  success: 0.874
2026-08-11 18:56:08,277 	Perf Stats: trainer.rollout_collect: 0.287 trainer.sample_action: 0.003 trainer.obs_insert: 0.000 trainer.step_env: 0.005 trainer.update_stats: 0.001 trainer.update_agent: 0.035
2026-08-11 18:56:11,393 update: 3550	fps: 492.383	
2026-08-11 18:56:11,402 Num updates: 3550	Num frames 568000
2026-08-11 18:56:11,402 Average window size: 50  distance_to_goal: 0.431  distance_to_goal_reward: 0.000  reward: 6.574  spl: 0.814  success: 0.935
2026-08-11 18:56:11,402 	Perf Stats: trainer.rollout_collect: 0.287 trainer.sample_action: 0.003 trainer.obs_insert: 0.000 trainer.step_env: 0.005 trainer.update_stats: 0.001 trainer.update_agent: 0.035
2026-08-11 18:56:14,502 update: 3560	fps: 492.444	
2026-08-11 18:56:14,502 Num updates: 3560	Num frames 569600
2026-08-11 18:56:14,502 Average window size: 50  distance_to_goal: 0.554  distance_to_goal_reward: 0.000  reward: 6.240  spl: 0.824  success: 0.937
2026-08-11 18:56:14,502 	Perf Stats: trainer.rollout_collect: 0.287 trainer.sample_action: 0.003 trainer.obs_insert: 0.000 trainer.step_env: 0.005 trainer.update_stats: 0.001 trainer.update_agent: 0.035
2026-08-11 18:56:17,649 update: 3570	fps: 492.487	
2026-08-11 18:56:17,649 Num updates: 3570	Num frames 571200
2026-08-11 18:56:17,650 Average window size: 50  distance_to_goal: 0.513  distance_to_goal_reward: 0.000  reward: 6.416  spl: 0.803  success: 0.915
2026-08-11 18:56:17,650 	Perf Stats: trainer.rollout_collect: 0.287 trainer.sample_action: 0.003 trainer.obs_insert: 0.000 trainer.step_env: 0.005 trainer.update_stats: 0.001 trainer.update_agent: 0.035
2026-08-11 18:56:20,765 update: 3580	fps: 492.543	
2026-08-11 18:56:20,765 Num updates: 3580	Num frames 572800
2026-08-11 18:56:20,765 Average window size: 50  distance_to_goal: 0.535  distance_to_goal_reward: 0.000  reward: 6.406  spl: 0.786  success: 0.902
2026-08-11 18:56:20,765 	Perf Stats: trainer.rollout_collect: 0.287 trainer.sample_action: 0.003 trainer.obs_insert: 0.000 trainer.step_env: 0.005 trainer.update_stats: 0.001 trainer.update_agent: 0.035
2026-08-11 18:56:23,887 update: 3590	fps: 492.596	
2026-08-11 18:56:23,887 Num updates: 3590	Num frames 574400
2026-08-11 18:56:23,887 Average window size: 50  distance_to_goal: 0.436  distance_to_goal_reward: 0.000  reward: 6.470  spl: 0.784  success: 0.915
2026-08-11 18:56:23,887 	Perf Stats: trainer.rollout_collect: 0.287 trainer.sample_action: 0.003 trainer.obs_insert: 0.000 trainer.step_env: 0.005 trainer.update_stats: 0.001 trainer.update_agent: 0.035
2026-08-11 18:56:27,094 update: 3600	fps: 492.614	
2026-08-11 18:56:27,094 Num updates: 3600	Num frames 576000
2026-08-11 18:56:27,094 Average window size: 50  distance_to_goal: 0.526  distance_to_goal_reward: 0.000  reward: 6.371  spl: 0.752  success: 0.883
2026-08-11 18:56:27,094 	Perf Stats: trainer.rollout_collect: 0.287 trainer.sample_action: 0.003 trainer.obs_insert: 0.000 trainer.step_env: 0.005 trainer.update_stats: 0.001 trainer.update_agent: 0.035
2026-08-11 18:56:30,167 update: 3610	fps: 492.687	
2026-08-11 18:56:30,168 Num updates: 3610	Num frames 577600
2026-08-11 18:56:30,168 Average window size: 50  distance_to_goal: 0.419  distance_to_goal_reward: 0.000  reward: 6.700  spl: 0.728  success: 0.868
2026-08-11 18:56:30,168 	Perf Stats: trainer.rollout_collect: 0.287 trainer.sample_action: 0.003 trainer.obs_insert: 0.000 trainer.step_env: 0.005 trainer.update_stats: 0.001 trainer.update_agent: 0.035
2026-08-11 18:56:33,292 update: 3620	fps: 492.739	
2026-08-11 18:56:33,292 Num updates: 3620	Num frames 579200
2026-08-11 18:56:33,292 Average window size: 50  distance_to_goal: 0.703  distance_to_goal_reward: 0.000  reward: 6.207  spl: 0.714  success: 0.846
2026-08-11 18:56:33,292 	Perf Stats: trainer.rollout_collect: 0.287 trainer.sample_action: 0.003 trainer.obs_insert: 0.000 trainer.step_env: 0.005 trainer.update_stats: 0.001 trainer.update_agent: 0.035
2026-08-11 18:56:36,393 update: 3630	fps: 492.800	
2026-08-11 18:56:36,393 Num updates: 3630	Num frames 580800
2026-08-11 18:56:36,393 Average window size: 50  distance_to_goal: 0.706  distance_to_goal_reward: 0.000  reward: 6.279  spl: 0.700  success: 0.825
2026-08-11 18:56:36,393 	Perf Stats: trainer.rollout_collect: 0.287 trainer.sample_action: 0.003 trainer.obs_insert: 0.000 trainer.step_env: 0.005 trainer.update_stats: 0.001 trainer.update_agent: 0.035
2026-08-11 18:56:39,519 update: 3640	fps: 492.850	
2026-08-11 18:56:39,519 Num updates: 3640	Num frames 582400
2026-08-11 18:56:39,519 Average window size: 50  distance_to_goal: 0.661  distance_to_goal_reward: 0.000  reward: 5.792  spl: 0.676  success: 0.785
2026-08-11 18:56:39,519 	Perf Stats: trainer.rollout_collect: 0.287 trainer.sample_action: 0.003 trainer.obs_insert: 0.000 trainer.step_env: 0.005 trainer.update_stats: 0.001 trainer.update_agent: 0.035
2026-08-11 18:56:42,630 update: 3650	fps: 492.906	
2026-08-11 18:56:42,630 Num updates: 3650	Num frames 584000
2026-08-11 18:56:42,630 Average window size: 50  distance_to_goal: 0.837  distance_to_goal_reward: 0.000  reward: 5.512  spl: 0.701  success: 0.810
2026-08-11 18:56:42,630 	Perf Stats: trainer.rollout_collect: 0.287 trainer.sample_action: 0.003 trainer.obs_insert: 0.000 trainer.step_env: 0.005 trainer.update_stats: 0.001 trainer.update_agent: 0.035
2026-08-11 18:56:45,740 update: 3660	fps: 492.963	
2026-08-11 18:56:45,741 Num updates: 3660	Num frames 585600
2026-08-11 18:56:45,741 Average window size: 50  distance_to_goal: 0.768  distance_to_goal_reward: 0.000  reward: 5.428  spl: 0.720  success: 0.820
2026-08-11 18:56:45,741 	Perf Stats: trainer.rollout_collect: 0.287 trainer.sample_action: 0.003 trainer.obs_insert: 0.000 trainer.step_env: 0.005 trainer.update_stats: 0.001 trainer.update_agent: 0.035
2026-08-11 18:56:48,864 update: 3670	fps: 493.013	
2026-08-11 18:56:48,864 Num updates: 3670	Num frames 587200
2026-08-11 18:56:48,864 Average window size: 50  distance_to_goal: 0.519  distance_to_goal_reward: -0.000  reward: 5.643  spl: 0.747  success: 0.850
2026-08-11 18:56:48,864 	Perf Stats: trainer.rollout_collect: 0.287 trainer.sample_action: 0.003 trainer.obs_insert: 0.000 trainer.step_env: 0.005 trainer.update_stats: 0.001 trainer.update_agent: 0.035
2026-08-11 18:56:51,980 update: 3680	fps: 493.067	
2026-08-11 18:56:51,980 Num updates: 3680	Num frames 588800
2026-08-11 18:56:51,980 Average window size: 50  distance_to_goal: 0.538  distance_to_goal_reward: -0.000  reward: 5.422  spl: 0.740  success: 0.855
2026-08-11 18:56:51,980 	Perf Stats: trainer.rollout_collect: 0.287 trainer.sample_action: 0.003 trainer.obs_insert: 0.000 trainer.step_env: 0.005 trainer.update_stats: 0.001 trainer.update_agent: 0.035
2026-08-11 18:56:55,095 update: 3690	fps: 493.120	
2026-08-11 18:56:55,095 Num updates: 3690	Num frames 590400
2026-08-11 18:56:55,095 Average window size: 50  distance_to_goal: 0.462  distance_to_goal_reward: -0.000  reward: 5.915  spl: 0.766  success: 0.889
2026-08-11 18:56:55,095 	Perf Stats: trainer.rollout_collect: 0.287 trainer.sample_action: 0.003 trainer.obs_insert: 0.000 trainer.step_env: 0.005 trainer.update_stats: 0.001 trainer.update_agent: 0.035
2026-08-11 18:56:58,305 update: 3700	fps: 493.134	
2026-08-11 18:56:58,305 Num updates: 3700	Num frames 592000
2026-08-11 18:56:58,305 Average window size: 50  distance_to_goal: 0.342  distance_to_goal_reward: -0.000  reward: 5.978  spl: 0.762  success: 0.889
2026-08-11 18:56:58,305 	Perf Stats: trainer.rollout_collect: 0.287 trainer.sample_action: 0.003 trainer.obs_insert: 0.000 trainer.step_env: 0.005 trainer.update_stats: 0.001 trainer.update_agent: 0.035
PluginManager::Manager: duplicate static plugin StbImageImporter, ignoring
PluginManager::Manager: duplicate static plugin GltfImporter, ignoring
PluginManager::Manager: duplicate static plugin BasisImporter, ignoring
PluginManager::Manager: duplicate static plugin AssimpImporter, ignoring
PluginManager::Manager: duplicate static plugin AnySceneImporter, ignoring
PluginManager::Manager: duplicate static plugin AnyImageImporter, ignoring
Renderer: NVIDIA GeForce RTX 4070/PCIe/SSE2 by NVIDIA Corporation
OpenGL version: 4.6.0 NVIDIA 580.173.02
Using optional features:
    GL_ARB_vertex_array_object
    GL_ARB_separate_shader_objects
    GL_ARB_robustness
    GL_ARB_texture_storage
    GL_ARB_texture_view
    GL_ARB_framebuffer_no_attachments
    GL_ARB_invalidate_subdata
    GL_ARB_texture_storage_multisample
    GL_ARB_multi_bind
    GL_ARB_direct_state_access
    GL_ARB_get_texture_sub_image
    GL_ARB_texture_filter_anisotropic
    GL_KHR_debug
    GL_KHR_parallel_shader_compile
    GL_NV_depth_buffer_float
Using driver workarounds:
    no-forward-compatible-core-context
    nv-egl-incorrect-gl11-function-pointers
    no-layout-qualifiers-on-old-glsl
    nv-zero-context-profile-mask
    nv-implementation-color-read-format-dsa-broken
    nv-cubemap-inconsistent-compressed-image-size
    nv-cubemap-broken-full-compressed-image-query
    nv-compressed-block-size-in-bits
[18:56:59:969239]:[Warning]:[Scene] SemanticScene.h(331)::checkFileExists : ::loadSemanticSceneDescriptor: File `data/scene_datasets/habitat-test-scenes/skokloster-castle.scn` does not exist.  Aborting load.
[18:56:59:969255]:[Warning]:[Scene] SemanticScene.cpp(123)::loadSemanticSceneDescriptor : SSD File Naming Issue! Neither SemanticAttributes-provided name : `data/scene_datasets/habitat-test-scenes/skokloster-castle.scn` nor constructed filename : `data/scene_datasets/habitat-test-scenes/info_semantic.json` exist on disk.
[18:56:59:969260]:[Error]:[Scene] SemanticScene.cpp(139)::loadSemanticSceneDescriptor : SSD Load Failure! File with SemanticAttributes-provided name `data/scene_datasets/habitat-test-scenes/skokloster-castle.scn` exists but failed to load.
[18:57:00:577626]:[Warning]:[Sim] Simulator.cpp(595)::instanceStageForSceneAttributes : The active scene does not contain semantic annotations : activeSemanticSceneID_ = 0
2026-08-11 18:57:02,061 update: 3710	fps: 492.925	
2026-08-11 18:57:02,062 Num updates: 3710	Num frames 593600
2026-08-11 18:57:02,062 Average window size: 50  distance_to_goal: 0.339  distance_to_goal_reward: -0.000  reward: 6.156  spl: 0.770  success: 0.905
2026-08-11 18:57:02,062 	Perf Stats: trainer.rollout_collect: 0.287 trainer.sample_action: 0.003 trainer.obs_insert: 0.000 trainer.step_env: 0.005 trainer.update_stats: 0.001 trainer.update_agent: 0.035
2026-08-11 18:57:05,239 update: 3720	fps: 492.952	
2026-08-11 18:57:05,240 Num updates: 3720	Num frames 595200
2026-08-11 18:57:05,240 Average window size: 50  distance_to_goal: 0.362  distance_to_goal_reward: 0.000  reward: 6.407  spl: 0.768  success: 0.906
2026-08-11 18:57:05,240 	Perf Stats: trainer.rollout_collect: 0.287 trainer.sample_action: 0.003 trainer.obs_insert: 0.000 trainer.step_env: 0.005 trainer.update_stats: 0.001 trainer.update_agent: 0.035
2026-08-11 18:57:08,417 update: 3730	fps: 492.980	
2026-08-11 18:57:08,417 Num updates: 3730	Num frames 596800
2026-08-11 18:57:08,417 Average window size: 50  distance_to_goal: 0.416  distance_to_goal_reward: 0.000  reward: 6.506  spl: 0.782  success: 0.914
2026-08-11 18:57:08,417 	Perf Stats: trainer.rollout_collect: 0.287 trainer.sample_action: 0.003 trainer.obs_insert: 0.000 trainer.step_env: 0.005 trainer.update_stats: 0.001 trainer.update_agent: 0.035
PluginManager::Manager: duplicate static plugin StbImageImporter, ignoring
PluginManager::Manager: duplicate static plugin GltfImporter, ignoring
PluginManager::Manager: duplicate static plugin BasisImporter, ignoring
PluginManager::Manager: duplicate static plugin AssimpImporter, ignoring
PluginManager::Manager: duplicate static plugin AnySceneImporter, ignoring
PluginManager::Manager: duplicate static plugin AnyImageImporter, ignoring
Renderer: NVIDIA GeForce RTX 4070/PCIe/SSE2 by NVIDIA Corporation
OpenGL version: 4.6.0 NVIDIA 580.173.02
Using optional features:
    GL_ARB_vertex_array_object
    GL_ARB_separate_shader_objects
    GL_ARB_robustness
    GL_ARB_texture_storage
    GL_ARB_texture_view
    GL_ARB_framebuffer_no_attachments
    GL_ARB_invalidate_subdata
    GL_ARB_texture_storage_multisample
    GL_ARB_multi_bind
    GL_ARB_direct_state_access
    GL_ARB_get_texture_sub_image
    GL_ARB_texture_filter_anisotropic
    GL_KHR_debug
    GL_KHR_parallel_shader_compile
    GL_NV_depth_buffer_float
Using driver workarounds:
    no-forward-compatible-core-context
    nv-egl-incorrect-gl11-function-pointers
    no-layout-qualifiers-on-old-glsl
    nv-zero-context-profile-mask
    nv-implementation-color-read-format-dsa-broken
    nv-cubemap-inconsistent-compressed-image-size
    nv-cubemap-broken-full-compressed-image-query
    nv-compressed-block-size-in-bits
[18:57:11:138204]:[Warning]:[Scene] SemanticScene.h(331)::checkFileExists : ::loadSemanticSceneDescriptor: File `data/scene_datasets/habitat-test-scenes/skokloster-castle.scn` does not exist.  Aborting load.
[18:57:11:138220]:[Warning]:[Scene] SemanticScene.cpp(123)::loadSemanticSceneDescriptor : SSD File Naming Issue! Neither SemanticAttributes-provided name : `data/scene_datasets/habitat-test-scenes/skokloster-castle.scn` nor constructed filename : `data/scene_datasets/habitat-test-scenes/info_semantic.json` exist on disk.
[18:57:11:138225]:[Error]:[Scene] SemanticScene.cpp(139)::loadSemanticSceneDescriptor : SSD Load Failure! File with SemanticAttributes-provided name `data/scene_datasets/habitat-test-scenes/skokloster-castle.scn` exists but failed to load.
[18:57:11:743942]:[Warning]:[Sim] Simulator.cpp(595)::instanceStageForSceneAttributes : The active scene does not contain semantic annotations : activeSemanticSceneID_ = 0
2026-08-11 18:57:12,204 update: 3740	fps: 492.761	
2026-08-11 18:57:12,204 Num updates: 3740	Num frames 598400
2026-08-11 18:57:12,204 Average window size: 50  distance_to_goal: 0.551  distance_to_goal_reward: 0.000  reward: 6.171  spl: 0.760  success: 0.889
2026-08-11 18:57:12,204 	Perf Stats: trainer.rollout_collect: 0.287 trainer.sample_action: 0.003 trainer.obs_insert: 0.000 trainer.step_env: 0.005 trainer.update_stats: 0.001 trainer.update_agent: 0.035
2026-08-11 18:57:15,434 update: 3750	fps: 492.767	
2026-08-11 18:57:15,434 Num updates: 3750	Num frames 600000
2026-08-11 18:57:15,434 Average window size: 50  distance_to_goal: 0.668  distance_to_goal_reward: 0.000  reward: 6.666  spl: 0.744  success: 0.872
2026-08-11 18:57:15,434 	Perf Stats: trainer.rollout_collect: 0.287 trainer.sample_action: 0.003 trainer.obs_insert: 0.000 trainer.step_env: 0.005 trainer.update_stats: 0.001 trainer.update_agent: 0.035
PluginManager::Manager: duplicate static plugin StbImageImporter, ignoring
PluginManager::Manager: duplicate static plugin GltfImporter, ignoring
PluginManager::Manager: duplicate static plugin BasisImporter, ignoring
PluginManager::Manager: duplicate static plugin AssimpImporter, ignoring
PluginManager::Manager: duplicate static plugin AnySceneImporter, ignoring
PluginManager::Manager: duplicate static plugin AnyImageImporter, ignoring
Renderer: NVIDIA GeForce RTX 4070/PCIe/SSE2 by NVIDIA Corporation
OpenGL version: 4.6.0 NVIDIA 580.173.02
Using optional features:
    GL_ARB_vertex_array_object
    GL_ARB_separate_shader_objects
    GL_ARB_robustness
    GL_ARB_texture_storage
    GL_ARB_texture_view
    GL_ARB_framebuffer_no_attachments
    GL_ARB_invalidate_subdata
    GL_ARB_texture_storage_multisample
    GL_ARB_multi_bind
    GL_ARB_direct_state_access
    GL_ARB_get_texture_sub_image
    GL_ARB_texture_filter_anisotropic
    GL_KHR_debug
    GL_KHR_parallel_shader_compile
    GL_NV_depth_buffer_float
Using driver workarounds:
    no-forward-compatible-core-context
    nv-egl-incorrect-gl11-function-pointers
    no-layout-qualifiers-on-old-glsl
    nv-zero-context-profile-mask
    nv-implementation-color-read-format-dsa-broken
    nv-cubemap-inconsistent-compressed-image-size
    nv-cubemap-broken-full-compressed-image-query
    nv-compressed-block-size-in-bits
[18:57:17:509284]:[Warning]:[Scene] SemanticScene.h(331)::checkFileExists : ::loadSemanticSceneDescriptor: File `data/scene_datasets/habitat-test-scenes/van-gogh-room.scn` does not exist.  Aborting load.
[18:57:17:509300]:[Warning]:[Scene] SemanticScene.cpp(123)::loadSemanticSceneDescriptor : SSD File Naming Issue! Neither SemanticAttributes-provided name : `data/scene_datasets/habitat-test-scenes/van-gogh-room.scn` nor constructed filename : `data/scene_datasets/habitat-test-scenes/info_semantic.json` exist on disk.
[18:57:17:509305]:[Error]:[Scene] SemanticScene.cpp(139)::loadSemanticSceneDescriptor : SSD Load Failure! File with SemanticAttributes-provided name `data/scene_datasets/habitat-test-scenes/van-gogh-room.scn` exists but failed to load.
[18:57:17:956539]:[Warning]:[Sim] Simulator.cpp(595)::instanceStageForSceneAttributes : The active scene does not contain semantic annotations : activeSemanticSceneID_ = 0
2026-08-11 18:57:19,181 update: 3760	fps: 492.566	
2026-08-11 18:57:19,181 Num updates: 3760	Num frames 601600
2026-08-11 18:57:19,181 Average window size: 50  distance_to_goal: 0.761  distance_to_goal_reward: 0.000  reward: 7.259  spl: 0.719  success: 0.831
2026-08-11 18:57:19,181 	Perf Stats: trainer.rollout_collect: 0.287 trainer.sample_action: 0.003 trainer.obs_insert: 0.000 trainer.step_env: 0.005 trainer.update_stats: 0.001 trainer.update_agent: 0.035
PluginManager::Manager: duplicate static plugin StbImageImporter, ignoring
PluginManager::Manager: duplicate static plugin GltfImporter, ignoring
PluginManager::Manager: duplicate static plugin BasisImporter, ignoring
PluginManager::Manager: duplicate static plugin AssimpImporter, ignoring
PluginManager::Manager: duplicate static plugin AnySceneImporter, ignoring
PluginManager::Manager: duplicate static plugin AnyImageImporter, ignoring
Renderer: NVIDIA GeForce RTX 4070/PCIe/SSE2 by NVIDIA Corporation
OpenGL version: 4.6.0 NVIDIA 580.173.02
Using optional features:
    GL_ARB_vertex_array_object
    GL_ARB_separate_shader_objects
    GL_ARB_robustness
    GL_ARB_texture_storage
    GL_ARB_texture_view
    GL_ARB_framebuffer_no_attachments
    GL_ARB_invalidate_subdata
    GL_ARB_texture_storage_multisample
    GL_ARB_multi_bind
    GL_ARB_direct_state_access
    GL_ARB_get_texture_sub_image
    GL_ARB_texture_filter_anisotropic
    GL_KHR_debug
    GL_KHR_parallel_shader_compile
    GL_NV_depth_buffer_float
Using driver workarounds:
    no-forward-compatible-core-context
    nv-egl-incorrect-gl11-function-pointers
    no-layout-qualifiers-on-old-glsl
    nv-zero-context-profile-mask
    nv-implementation-color-read-format-dsa-broken
    nv-cubemap-inconsistent-compressed-image-size
    nv-cubemap-broken-full-compressed-image-query
    nv-compressed-block-size-in-bits
[18:57:20:303311]:[Warning]:[Scene] SemanticScene.h(331)::checkFileExists : ::loadSemanticSceneDescriptor: File `data/scene_datasets/habitat-test-scenes/van-gogh-room.scn` does not exist.  Aborting load.
[18:57:20:303326]:[Warning]:[Scene] SemanticScene.cpp(123)::loadSemanticSceneDescriptor : SSD File Naming Issue! Neither SemanticAttributes-provided name : `data/scene_datasets/habitat-test-scenes/van-gogh-room.scn` nor constructed filename : `data/scene_datasets/habitat-test-scenes/info_semantic.json` exist on disk.
[18:57:20:303331]:[Error]:[Scene] SemanticScene.cpp(139)::loadSemanticSceneDescriptor : SSD Load Failure! File with SemanticAttributes-provided name `data/scene_datasets/habitat-test-scenes/van-gogh-room.scn` exists but failed to load.
[18:57:20:736462]:[Warning]:[Sim] Simulator.cpp(595)::instanceStageForSceneAttributes : The active scene does not contain semantic annotations : activeSemanticSceneID_ = 0
2026-08-11 18:57:22,791 update: 3770	fps: 492.420	
2026-08-11 18:57:22,791 Num updates: 3770	Num frames 603200
2026-08-11 18:57:22,791 Average window size: 50  distance_to_goal: 0.599  distance_to_goal_reward: 0.000  reward: 7.475  spl: 0.705  success: 0.835
2026-08-11 18:57:22,791 	Perf Stats: trainer.rollout_collect: 0.287 trainer.sample_action: 0.003 trainer.obs_insert: 0.000 trainer.step_env: 0.005 trainer.update_stats: 0.001 trainer.update_agent: 0.035
2026-08-11 18:57:25,950 update: 3780	fps: 492.456	
2026-08-11 18:57:25,950 Num updates: 3780	Num frames 604800
2026-08-11 18:57:25,950 Average window size: 50  distance_to_goal: 0.472  distance_to_goal_reward: 0.000  reward: 7.475  spl: 0.718  success: 0.849
2026-08-11 18:57:25,950 	Perf Stats: trainer.rollout_collect: 0.287 trainer.sample_action: 0.003 trainer.obs_insert: 0.000 trainer.step_env: 0.005 trainer.update_stats: 0.001 trainer.update_agent: 0.035
2026-08-11 18:57:29,122 update: 3790	fps: 492.487	
2026-08-11 18:57:29,123 Num updates: 3790	Num frames 606400
2026-08-11 18:57:29,123 Average window size: 50  distance_to_goal: 0.573  distance_to_goal_reward: 0.000  reward: 7.622  spl: 0.741  success: 0.870
2026-08-11 18:57:29,123 	Perf Stats: trainer.rollout_collect: 0.287 trainer.sample_action: 0.003 trainer.obs_insert: 0.000 trainer.step_env: 0.005 trainer.update_stats: 0.001 trainer.update_agent: 0.035
2026-08-11 18:57:32,398 update: 3800	fps: 492.476	
2026-08-11 18:57:32,398 Num updates: 3800	Num frames 608000
2026-08-11 18:57:32,398 Average window size: 50  distance_to_goal: 0.361  distance_to_goal_reward: 0.000  reward: 7.242  spl: 0.752  success: 0.885
2026-08-11 18:57:32,398 	Perf Stats: trainer.rollout_collect: 0.287 trainer.sample_action: 0.003 trainer.obs_insert: 0.000 trainer.step_env: 0.005 trainer.update_stats: 0.001 trainer.update_agent: 0.035
2026-08-11 18:57:35,577 update: 3810	fps: 492.504	
2026-08-11 18:57:35,577 Num updates: 3810	Num frames 609600
2026-08-11 18:57:35,577 Average window size: 50  distance_to_goal: 0.315  distance_to_goal_reward: 0.000  reward: 7.054  spl: 0.772  success: 0.905
2026-08-11 18:57:35,577 	Perf Stats: trainer.rollout_collect: 0.287 trainer.sample_action: 0.003 trainer.obs_insert: 0.000 trainer.step_env: 0.005 trainer.update_stats: 0.001 trainer.update_agent: 0.035
2026-08-11 18:57:38,725 update: 3820	fps: 492.544	
2026-08-11 18:57:38,733 Num updates: 3820	Num frames 611200
2026-08-11 18:57:38,733 Average window size: 50  distance_to_goal: 0.299  distance_to_goal_reward: 0.000  reward: 6.848  spl: 0.783  success: 0.917
2026-08-11 18:57:38,733 	Perf Stats: trainer.rollout_collect: 0.287 trainer.sample_action: 0.003 trainer.obs_insert: 0.000 trainer.step_env: 0.005 trainer.update_stats: 0.001 trainer.update_agent: 0.035
2026-08-11 18:57:41,893 update: 3830	fps: 492.576	
2026-08-11 18:57:41,893 Num updates: 3830	Num frames 612800
2026-08-11 18:57:41,893 Average window size: 50  distance_to_goal: 0.281  distance_to_goal_reward: 0.000  reward: 6.703  spl: 0.760  success: 0.883
2026-08-11 18:57:41,893 	Perf Stats: trainer.rollout_collect: 0.287 trainer.sample_action: 0.003 trainer.obs_insert: 0.000 trainer.step_env: 0.005 trainer.update_stats: 0.001 trainer.update_agent: 0.035
2026-08-11 18:57:45,047 update: 3840	fps: 492.613	
2026-08-11 18:57:45,047 Num updates: 3840	Num frames 614400
2026-08-11 18:57:45,047 Average window size: 50  distance_to_goal: 0.271  distance_to_goal_reward: 0.000  reward: 6.309  spl: 0.762  success: 0.880
2026-08-11 18:57:45,047 	Perf Stats: trainer.rollout_collect: 0.287 trainer.sample_action: 0.003 trainer.obs_insert: 0.000 trainer.step_env: 0.005 trainer.update_stats: 0.001 trainer.update_agent: 0.035
2026-08-11 18:57:48,203 update: 3850	fps: 492.649	
2026-08-11 18:57:48,203 Num updates: 3850	Num frames 616000
2026-08-11 18:57:48,203 Average window size: 50  distance_to_goal: 0.359  distance_to_goal_reward: 0.000  reward: 6.017  spl: 0.752  success: 0.871
2026-08-11 18:57:48,203 	Perf Stats: trainer.rollout_collect: 0.287 trainer.sample_action: 0.003 trainer.obs_insert: 0.000 trainer.step_env: 0.005 trainer.update_stats: 0.001 trainer.update_agent: 0.035
2026-08-11 18:57:51,361 update: 3860	fps: 492.685	
2026-08-11 18:57:51,361 Num updates: 3860	Num frames 617600
2026-08-11 18:57:51,361 Average window size: 50  distance_to_goal: 0.462  distance_to_goal_reward: 0.000  reward: 6.139  spl: 0.750  success: 0.871
2026-08-11 18:57:51,361 	Perf Stats: trainer.rollout_collect: 0.287 trainer.sample_action: 0.003 trainer.obs_insert: 0.000 trainer.step_env: 0.005 trainer.update_stats: 0.001 trainer.update_agent: 0.035
2026-08-11 18:57:54,540 update: 3870	fps: 492.711	
2026-08-11 18:57:54,540 Num updates: 3870	Num frames 619200
2026-08-11 18:57:54,540 Average window size: 50  distance_to_goal: 0.390  distance_to_goal_reward: 0.000  reward: 6.547  spl: 0.763  success: 0.884
2026-08-11 18:57:54,540 	Perf Stats: trainer.rollout_collect: 0.287 trainer.sample_action: 0.003 trainer.obs_insert: 0.000 trainer.step_env: 0.005 trainer.update_stats: 0.001 trainer.update_agent: 0.035
2026-08-11 18:57:57,696 update: 3880	fps: 492.747	
2026-08-11 18:57:57,697 Num updates: 3880	Num frames 620800
2026-08-11 18:57:57,697 Average window size: 50  distance_to_goal: 0.332  distance_to_goal_reward: 0.000  reward: 6.747  spl: 0.780  success: 0.910
2026-08-11 18:57:57,697 	Perf Stats: trainer.rollout_collect: 0.287 trainer.sample_action: 0.003 trainer.obs_insert: 0.000 trainer.step_env: 0.005 trainer.update_stats: 0.001 trainer.update_agent: 0.035
2026-08-11 18:58:00,851 update: 3890	fps: 492.783	
2026-08-11 18:58:00,852 Num updates: 3890	Num frames 622400
2026-08-11 18:58:00,852 Average window size: 50  distance_to_goal: 0.428  distance_to_goal_reward: 0.000  reward: 6.692  spl: 0.761  success: 0.898
2026-08-11 18:58:00,852 	Perf Stats: trainer.rollout_collect: 0.287 trainer.sample_action: 0.003 trainer.obs_insert: 0.000 trainer.step_env: 0.005 trainer.update_stats: 0.001 trainer.update_agent: 0.035
PluginManager::Manager: duplicate static plugin StbImageImporter, ignoring
PluginManager::Manager: duplicate static plugin GltfImporter, ignoring
PluginManager::Manager: duplicate static plugin BasisImporter, ignoring
PluginManager::Manager: duplicate static plugin AssimpImporter, ignoring
PluginManager::Manager: duplicate static plugin AnySceneImporter, ignoring
PluginManager::Manager: duplicate static plugin AnyImageImporter, ignoring
Renderer: NVIDIA GeForce RTX 4070/PCIe/SSE2 by NVIDIA Corporation
OpenGL version: 4.6.0 NVIDIA 580.173.02
Using optional features:
    GL_ARB_vertex_array_object
    GL_ARB_separate_shader_objects
    GL_ARB_robustness
    GL_ARB_texture_storage
    GL_ARB_texture_view
    GL_ARB_framebuffer_no_attachments
    GL_ARB_invalidate_subdata
    GL_ARB_texture_storage_multisample
    GL_ARB_multi_bind
    GL_ARB_direct_state_access
    GL_ARB_get_texture_sub_image
    GL_ARB_texture_filter_anisotropic
    GL_KHR_debug
    GL_KHR_parallel_shader_compile
    GL_NV_depth_buffer_float
Using driver workarounds:
    no-forward-compatible-core-context
    nv-egl-incorrect-gl11-function-pointers
    no-layout-qualifiers-on-old-glsl
    nv-zero-context-profile-mask
    nv-implementation-color-read-format-dsa-broken
    nv-cubemap-inconsistent-compressed-image-size
    nv-cubemap-broken-full-compressed-image-query
    nv-compressed-block-size-in-bits
[18:58:02:162392]:[Warning]:[Scene] SemanticScene.h(331)::checkFileExists : ::loadSemanticSceneDescriptor: File `data/scene_datasets/habitat-test-scenes/van-gogh-room.scn` does not exist.  Aborting load.
[18:58:02:162409]:[Warning]:[Scene] SemanticScene.cpp(123)::loadSemanticSceneDescriptor : SSD File Naming Issue! Neither SemanticAttributes-provided name : `data/scene_datasets/habitat-test-scenes/van-gogh-room.scn` nor constructed filename : `data/scene_datasets/habitat-test-scenes/info_semantic.json` exist on disk.
[18:58:02:162414]:[Error]:[Scene] SemanticScene.cpp(139)::loadSemanticSceneDescriptor : SSD Load Failure! File with SemanticAttributes-provided name `data/scene_datasets/habitat-test-scenes/van-gogh-room.scn` exists but failed to load.
[18:58:02:593483]:[Warning]:[Sim] Simulator.cpp(595)::instanceStageForSceneAttributes : The active scene does not contain semantic annotations : activeSemanticSceneID_ = 0
2026-08-11 18:58:04,532 update: 3900	fps: 492.614	
2026-08-11 18:58:04,532 Num updates: 3900	Num frames 624000
2026-08-11 18:58:04,532 Average window size: 50  distance_to_goal: 0.322  distance_to_goal_reward: 0.000  reward: 6.816  spl: 0.769  success: 0.915
2026-08-11 18:58:04,532 	Perf Stats: trainer.rollout_collect: 0.287 trainer.sample_action: 0.003 trainer.obs_insert: 0.000 trainer.step_env: 0.005 trainer.update_stats: 0.001 trainer.update_agent: 0.035
2026-08-11 18:58:07,665 update: 3910	fps: 492.659	
2026-08-11 18:58:07,666 Num updates: 3910	Num frames 625600
2026-08-11 18:58:07,666 Average window size: 50  distance_to_goal: 0.309  distance_to_goal_reward: 0.000  reward: 6.552  spl: 0.786  success: 0.926
2026-08-11 18:58:07,666 	Perf Stats: trainer.rollout_collect: 0.287 trainer.sample_action: 0.003 trainer.obs_insert: 0.000 trainer.step_env: 0.005 trainer.update_stats: 0.001 trainer.update_agent: 0.035
2026-08-11 18:58:10,788 update: 3920	fps: 492.707	
2026-08-11 18:58:10,788 Num updates: 3920	Num frames 627200
2026-08-11 18:58:10,789 Average window size: 50  distance_to_goal: 0.335  distance_to_goal_reward: 0.000  reward: 6.061  spl: 0.781  success: 0.912
2026-08-11 18:58:10,789 	Perf Stats: trainer.rollout_collect: 0.287 trainer.sample_action: 0.003 trainer.obs_insert: 0.000 trainer.step_env: 0.005 trainer.update_stats: 0.001 trainer.update_agent: 0.035
2026-08-11 18:58:13,925 update: 3930	fps: 492.750	
2026-08-11 18:58:13,925 Num updates: 3930	Num frames 628800
2026-08-11 18:58:13,925 Average window size: 50  distance_to_goal: 0.347  distance_to_goal_reward: -0.000  reward: 5.917  spl: 0.779  success: 0.900
2026-08-11 18:58:13,925 	Perf Stats: trainer.rollout_collect: 0.287 trainer.sample_action: 0.003 trainer.obs_insert: 0.000 trainer.step_env: 0.005 trainer.update_stats: 0.001 trainer.update_agent: 0.035
2026-08-11 18:58:17,058 update: 3940	fps: 492.794	
2026-08-11 18:58:17,058 Num updates: 3940	Num frames 630400
2026-08-11 18:58:17,058 Average window size: 50  distance_to_goal: 0.253  distance_to_goal_reward: -0.000  reward: 5.901  spl: 0.802  success: 0.912
2026-08-11 18:58:17,059 	Perf Stats: trainer.rollout_collect: 0.287 trainer.sample_action: 0.003 trainer.obs_insert: 0.000 trainer.step_env: 0.005 trainer.update_stats: 0.001 trainer.update_agent: 0.035
2026-08-11 18:58:20,174 update: 3950	fps: 492.844	
2026-08-11 18:58:20,175 Num updates: 3950	Num frames 632000
2026-08-11 18:58:20,175 Average window size: 50  distance_to_goal: 0.299  distance_to_goal_reward: -0.000  reward: 5.762  spl: 0.809  success: 0.908
2026-08-11 18:58:20,175 	Perf Stats: trainer.rollout_collect: 0.287 trainer.sample_action: 0.003 trainer.obs_insert: 0.000 trainer.step_env: 0.005 trainer.update_stats: 0.001 trainer.update_agent: 0.035
2026-08-11 18:58:23,305 update: 3960	fps: 492.888	
2026-08-11 18:58:23,305 Num updates: 3960	Num frames 633600
2026-08-11 18:58:23,305 Average window size: 50  distance_to_goal: 0.325  distance_to_goal_reward: -0.000  reward: 5.699  spl: 0.801  success: 0.902
2026-08-11 18:58:23,305 	Perf Stats: trainer.rollout_collect: 0.287 trainer.sample_action: 0.003 trainer.obs_insert: 0.000 trainer.step_env: 0.005 trainer.update_stats: 0.001 trainer.update_agent: 0.035
2026-08-11 18:58:26,443 update: 3970	fps: 492.930	
2026-08-11 18:58:26,443 Num updates: 3970	Num frames 635200
2026-08-11 18:58:26,443 Average window size: 50  distance_to_goal: 0.296  distance_to_goal_reward: -0.000  reward: 5.788  spl: 0.811  success: 0.917
2026-08-11 18:58:26,443 	Perf Stats: trainer.rollout_collect: 0.287 trainer.sample_action: 0.003 trainer.obs_insert: 0.000 trainer.step_env: 0.005 trainer.update_stats: 0.001 trainer.update_agent: 0.035
2026-08-11 18:58:29,572 update: 3980	fps: 492.974	
2026-08-11 18:58:29,572 Num updates: 3980	Num frames 636800
2026-08-11 18:58:29,572 Average window size: 50  distance_to_goal: 0.355  distance_to_goal_reward: 0.000  reward: 5.709  spl: 0.810  success: 0.922
2026-08-11 18:58:29,572 	Perf Stats: trainer.rollout_collect: 0.287 trainer.sample_action: 0.003 trainer.obs_insert: 0.000 trainer.step_env: 0.005 trainer.update_stats: 0.001 trainer.update_agent: 0.035
2026-08-11 18:58:32,693 update: 3990	fps: 493.022	
2026-08-11 18:58:32,693 Num updates: 3990	Num frames 638400
2026-08-11 18:58:32,693 Average window size: 50  distance_to_goal: 0.382  distance_to_goal_reward: 0.000  reward: 5.751  spl: 0.804  success: 0.927
2026-08-11 18:58:32,693 	Perf Stats: trainer.rollout_collect: 0.287 trainer.sample_action: 0.003 trainer.obs_insert: 0.000 trainer.step_env: 0.005 trainer.update_stats: 0.001 trainer.update_agent: 0.035
2026-08-11 18:58:35,909 update: 4000	fps: 493.033	
2026-08-11 18:58:35,909 Num updates: 4000	Num frames 640000
2026-08-11 18:58:35,909 Average window size: 50  distance_to_goal: 0.383  distance_to_goal_reward: 0.000  reward: 5.721  spl: 0.809  success: 0.936
2026-08-11 18:58:35,909 	Perf Stats: trainer.rollout_collect: 0.287 trainer.sample_action: 0.003 trainer.obs_insert: 0.000 trainer.step_env: 0.005 trainer.update_stats: 0.001 trainer.update_agent: 0.035
PluginManager::Manager: duplicate static plugin StbImageImporter, ignoring
PluginManager::Manager: duplicate static plugin GltfImporter, ignoring
PluginManager::Manager: duplicate static plugin BasisImporter, ignoring
PluginManager::Manager: duplicate static plugin AssimpImporter, ignoring
PluginManager::Manager: duplicate static plugin AnySceneImporter, ignoring
PluginManager::Manager: duplicate static plugin AnyImageImporter, ignoring
Renderer: NVIDIA GeForce RTX 4070/PCIe/SSE2 by NVIDIA Corporation
OpenGL version: 4.6.0 NVIDIA 580.173.02
Using optional features:
    GL_ARB_vertex_array_object
    GL_ARB_separate_shader_objects
    GL_ARB_robustness
    GL_ARB_texture_storage
    GL_ARB_texture_view
    GL_ARB_framebuffer_no_attachments
    GL_ARB_invalidate_subdata
    GL_ARB_texture_storage_multisample
    GL_ARB_multi_bind
    GL_ARB_direct_state_access
    GL_ARB_get_texture_sub_image
    GL_ARB_texture_filter_anisotropic
    GL_KHR_debug
    GL_KHR_parallel_shader_compile
    GL_NV_depth_buffer_float
Using driver workarounds:
    no-forward-compatible-core-context
    nv-egl-incorrect-gl11-function-pointers
    no-layout-qualifiers-on-old-glsl
    nv-zero-context-profile-mask
    nv-implementation-color-read-format-dsa-broken
    nv-cubemap-inconsistent-compressed-image-size
    nv-cubemap-broken-full-compressed-image-query
    nv-compressed-block-size-in-bits
[18:58:36:740970]:[Warning]:[Scene] SemanticScene.h(331)::checkFileExists : ::loadSemanticSceneDescriptor: File `data/scene_datasets/habitat-test-scenes/van-gogh-room.scn` does not exist.  Aborting load.
[18:58:36:740986]:[Warning]:[Scene] SemanticScene.cpp(123)::loadSemanticSceneDescriptor : SSD File Naming Issue! Neither SemanticAttributes-provided name : `data/scene_datasets/habitat-test-scenes/van-gogh-room.scn` nor constructed filename : `data/scene_datasets/habitat-test-scenes/info_semantic.json` exist on disk.
[18:58:36:740991]:[Error]:[Scene] SemanticScene.cpp(139)::loadSemanticSceneDescriptor : SSD Load Failure! File with SemanticAttributes-provided name `data/scene_datasets/habitat-test-scenes/van-gogh-room.scn` exists but failed to load.
[18:58:37:178462]:[Warning]:[Sim] Simulator.cpp(595)::instanceStageForSceneAttributes : The active scene does not contain semantic annotations : activeSemanticSceneID_ = 0
2026-08-11 18:58:39,446 update: 4010	fps: 492.922	
2026-08-11 18:58:39,447 Num updates: 4010	Num frames 641600
2026-08-11 18:58:39,447 Average window size: 50  distance_to_goal: 0.454  distance_to_goal_reward: 0.000  reward: 5.799  spl: 0.813  success: 0.945
2026-08-11 18:58:39,447 	Perf Stats: trainer.rollout_collect: 0.287 trainer.sample_action: 0.003 trainer.obs_insert: 0.000 trainer.step_env: 0.005 trainer.update_stats: 0.001 trainer.update_agent: 0.035
2026-08-11 18:58:42,504 update: 4020	fps: 492.993	
2026-08-11 18:58:42,504 Num updates: 4020	Num frames 643200
2026-08-11 18:58:42,504 Average window size: 50  distance_to_goal: 0.463  distance_to_goal_reward: 0.000  reward: 5.789  spl: 0.787  success: 0.927
2026-08-11 18:58:42,504 	Perf Stats: trainer.rollout_collect: 0.287 trainer.sample_action: 0.003 trainer.obs_insert: 0.000 trainer.step_env: 0.005 trainer.update_stats: 0.001 trainer.update_agent: 0.035
2026-08-11 18:58:45,598 update: 4030	fps: 493.050	
2026-08-11 18:58:45,598 Num updates: 4030	Num frames 644800
2026-08-11 18:58:45,598 Average window size: 50  distance_to_goal: 0.366  distance_to_goal_reward: 0.000  reward: 5.948  spl: 0.798  success: 0.935
2026-08-11 18:58:45,598 	Perf Stats: trainer.rollout_collect: 0.287 trainer.sample_action: 0.003 trainer.obs_insert: 0.000 trainer.step_env: 0.005 trainer.update_stats: 0.001 trainer.update_agent: 0.035
2026-08-11 18:58:48,663 update: 4040	fps: 493.118	
2026-08-11 18:58:48,663 Num updates: 4040	Num frames 646400
2026-08-11 18:58:48,663 Average window size: 50  distance_to_goal: 0.299  distance_to_goal_reward: 0.000  reward: 6.177  spl: 0.805  success: 0.948
2026-08-11 18:58:48,663 	Perf Stats: trainer.rollout_collect: 0.287 trainer.sample_action: 0.003 trainer.obs_insert: 0.000 trainer.step_env: 0.005 trainer.update_stats: 0.001 trainer.update_agent: 0.035
2026-08-11 18:58:51,726 update: 4050	fps: 493.186	
2026-08-11 18:58:51,726 Num updates: 4050	Num frames 648000
2026-08-11 18:58:51,726 Average window size: 50  distance_to_goal: 0.111  distance_to_goal_reward: 0.000  reward: 6.212  spl: 0.812  success: 0.956
2026-08-11 18:58:51,726 	Perf Stats: trainer.rollout_collect: 0.287 trainer.sample_action: 0.003 trainer.obs_insert: 0.000 trainer.step_env: 0.005 trainer.update_stats: 0.001 trainer.update_agent: 0.035
PluginManager::Manager: duplicate static plugin StbImageImporter, ignoring
PluginManager::Manager: duplicate static plugin GltfImporter, ignoring
PluginManager::Manager: duplicate static plugin BasisImporter, ignoring
PluginManager::Manager: duplicate static plugin AssimpImporter, ignoring
PluginManager::Manager: duplicate static plugin AnySceneImporter, ignoring
PluginManager::Manager: duplicate static plugin AnyImageImporter, ignoring
Renderer: NVIDIA GeForce RTX 4070/PCIe/SSE2 by NVIDIA Corporation
OpenGL version: 4.6.0 NVIDIA 580.173.02
Using optional features:
    GL_ARB_vertex_array_object
    GL_ARB_separate_shader_objects
    GL_ARB_robustness
    GL_ARB_texture_storage
    GL_ARB_texture_view
    GL_ARB_framebuffer_no_attachments
    GL_ARB_invalidate_subdata
    GL_ARB_texture_storage_multisample
    GL_ARB_multi_bind
    GL_ARB_direct_state_access
    GL_ARB_get_texture_sub_image
    GL_ARB_texture_filter_anisotropic
    GL_KHR_debug
    GL_KHR_parallel_shader_compile
    GL_NV_depth_buffer_float
Using driver workarounds:
    no-forward-compatible-core-context
    nv-egl-incorrect-gl11-function-pointers
    no-layout-qualifiers-on-old-glsl
    nv-zero-context-profile-mask
    nv-implementation-color-read-format-dsa-broken
    nv-cubemap-inconsistent-compressed-image-size
    nv-cubemap-broken-full-compressed-image-query
    nv-compressed-block-size-in-bits
[18:58:53:749556]:[Warning]:[Scene] SemanticScene.h(331)::checkFileExists : ::loadSemanticSceneDescriptor: File `data/scene_datasets/habitat-test-scenes/van-gogh-room.scn` does not exist.  Aborting load.
[18:58:53:749574]:[Warning]:[Scene] SemanticScene.cpp(123)::loadSemanticSceneDescriptor : SSD File Naming Issue! Neither SemanticAttributes-provided name : `data/scene_datasets/habitat-test-scenes/van-gogh-room.scn` nor constructed filename : `data/scene_datasets/habitat-test-scenes/info_semantic.json` exist on disk.
[18:58:53:749579]:[Error]:[Scene] SemanticScene.cpp(139)::loadSemanticSceneDescriptor : SSD Load Failure! File with SemanticAttributes-provided name `data/scene_datasets/habitat-test-scenes/van-gogh-room.scn` exists but failed to load.
[18:58:54:201047]:[Warning]:[Sim] Simulator.cpp(595)::instanceStageForSceneAttributes : The active scene does not contain semantic annotations : activeSemanticSceneID_ = 0
2026-08-11 18:58:55,256 update: 4060	fps: 493.083	
2026-08-11 18:58:55,257 Num updates: 4060	Num frames 649600
2026-08-11 18:58:55,257 Average window size: 50  distance_to_goal: 0.161  distance_to_goal_reward: 0.000  reward: 6.120  spl: 0.813  success: 0.950
2026-08-11 18:58:55,257 	Perf Stats: trainer.rollout_collect: 0.287 trainer.sample_action: 0.003 trainer.obs_insert: 0.000 trainer.step_env: 0.005 trainer.update_stats: 0.001 trainer.update_agent: 0.035
2026-08-11 18:58:58,302 update: 4070	fps: 493.153	
2026-08-11 18:58:58,302 Num updates: 4070	Num frames 651200
2026-08-11 18:58:58,302 Average window size: 50  distance_to_goal: 0.156  distance_to_goal_reward: 0.000  reward: 5.990  spl: 0.832  success: 0.962
2026-08-11 18:58:58,303 	Perf Stats: trainer.rollout_collect: 0.287 trainer.sample_action: 0.003 trainer.obs_insert: 0.000 trainer.step_env: 0.005 trainer.update_stats: 0.001 trainer.update_agent: 0.035
2026-08-11 18:59:01,293 update: 4080	fps: 493.248	
2026-08-11 18:59:01,293 Num updates: 4080	Num frames 652800
2026-08-11 18:59:01,293 Average window size: 50  distance_to_goal: 0.162  distance_to_goal_reward: 0.000  reward: 5.778  spl: 0.833  success: 0.954
2026-08-11 18:59:01,293 	Perf Stats: trainer.rollout_collect: 0.287 trainer.sample_action: 0.003 trainer.obs_insert: 0.000 trainer.step_env: 0.005 trainer.update_stats: 0.001 trainer.update_agent: 0.035
2026-08-11 18:59:04,265 update: 4090	fps: 493.349	
2026-08-11 18:59:04,265 Num updates: 4090	Num frames 654400
2026-08-11 18:59:04,265 Average window size: 50  distance_to_goal: 0.163  distance_to_goal_reward: 0.000  reward: 5.573  spl: 0.828  success: 0.943
2026-08-11 18:59:04,265 	Perf Stats: trainer.rollout_collect: 0.287 trainer.sample_action: 0.003 trainer.obs_insert: 0.000 trainer.step_env: 0.005 trainer.update_stats: 0.001 trainer.update_agent: 0.035
2026-08-11 18:59:07,417 update: 4100	fps: 493.383	
2026-08-11 18:59:07,417 Num updates: 4100	Num frames 656000
2026-08-11 18:59:07,417 Average window size: 50  distance_to_goal: 0.155  distance_to_goal_reward: 0.000  reward: 5.708  spl: 0.834  success: 0.945
2026-08-11 18:59:07,417 	Perf Stats: trainer.rollout_collect: 0.287 trainer.sample_action: 0.003 trainer.obs_insert: 0.000 trainer.step_env: 0.005 trainer.update_stats: 0.001 trainer.update_agent: 0.035
2026-08-11 18:59:10,495 update: 4110	fps: 493.444	
2026-08-11 18:59:10,503 Num updates: 4110	Num frames 657600
2026-08-11 18:59:10,503 Average window size: 50  distance_to_goal: 0.113  distance_to_goal_reward: 0.000  reward: 5.647  spl: 0.836  success: 0.952
2026-08-11 18:59:10,503 	Perf Stats: trainer.rollout_collect: 0.286 trainer.sample_action: 0.003 trainer.obs_insert: 0.000 trainer.step_env: 0.005 trainer.update_stats: 0.001 trainer.update_agent: 0.035
PluginManager::Manager: duplicate static plugin StbImageImporter, ignoring
PluginManager::Manager: duplicate static plugin GltfImporter, ignoring
PluginManager::Manager: duplicate static plugin BasisImporter, ignoring
PluginManager::Manager: duplicate static plugin AssimpImporter, ignoring
PluginManager::Manager: duplicate static plugin AnySceneImporter, ignoring
PluginManager::Manager: duplicate static plugin AnyImageImporter, ignoring
Renderer: NVIDIA GeForce RTX 4070/PCIe/SSE2 by NVIDIA Corporation
OpenGL version: 4.6.0 NVIDIA 580.173.02
Using optional features:
    GL_ARB_vertex_array_object
    GL_ARB_separate_shader_objects
    GL_ARB_robustness
    GL_ARB_texture_storage
    GL_ARB_texture_view
    GL_ARB_framebuffer_no_attachments
    GL_ARB_invalidate_subdata
    GL_ARB_texture_storage_multisample
    GL_ARB_multi_bind
    GL_ARB_direct_state_access
    GL_ARB_get_texture_sub_image
    GL_ARB_texture_filter_anisotropic
    GL_KHR_debug
    GL_KHR_parallel_shader_compile
    GL_NV_depth_buffer_float
Using driver workarounds:
    no-forward-compatible-core-context
    nv-egl-incorrect-gl11-function-pointers
    no-layout-qualifiers-on-old-glsl
    nv-zero-context-profile-mask
    nv-implementation-color-read-format-dsa-broken
    nv-cubemap-inconsistent-compressed-image-size
    nv-cubemap-broken-full-compressed-image-query
    nv-compressed-block-size-in-bits
[18:59:11:279745]:[Warning]:[Scene] SemanticScene.h(331)::checkFileExists : ::loadSemanticSceneDescriptor: File `data/scene_datasets/habitat-test-scenes/skokloster-castle.scn` does not exist.  Aborting load.
[18:59:11:279761]:[Warning]:[Scene] SemanticScene.cpp(123)::loadSemanticSceneDescriptor : SSD File Naming Issue! Neither SemanticAttributes-provided name : `data/scene_datasets/habitat-test-scenes/skokloster-castle.scn` nor constructed filename : `data/scene_datasets/habitat-test-scenes/info_semantic.json` exist on disk.
[18:59:11:279766]:[Error]:[Scene] SemanticScene.cpp(139)::loadSemanticSceneDescriptor : SSD Load Failure! File with SemanticAttributes-provided name `data/scene_datasets/habitat-test-scenes/skokloster-castle.scn` exists but failed to load.
[18:59:11:886345]:[Warning]:[Sim] Simulator.cpp(595)::instanceStageForSceneAttributes : The active scene does not contain semantic annotations : activeSemanticSceneID_ = 0
2026-08-11 18:59:14,164 update: 4120	fps: 493.286	
2026-08-11 18:59:14,164 Num updates: 4120	Num frames 659200
2026-08-11 18:59:14,164 Average window size: 50  distance_to_goal: 0.114  distance_to_goal_reward: 0.000  reward: 5.665  spl: 0.838  success: 0.954
2026-08-11 18:59:14,164 	Perf Stats: trainer.rollout_collect: 0.287 trainer.sample_action: 0.003 trainer.obs_insert: 0.000 trainer.step_env: 0.005 trainer.update_stats: 0.001 trainer.update_agent: 0.035
2026-08-11 18:59:17,230 update: 4130	fps: 493.352	
2026-08-11 18:59:17,230 Num updates: 4130	Num frames 660800
2026-08-11 18:59:17,230 Average window size: 50  distance_to_goal: 0.105  distance_to_goal_reward: 0.000  reward: 5.757  spl: 0.839  success: 0.956
2026-08-11 18:59:17,230 	Perf Stats: trainer.rollout_collect: 0.287 trainer.sample_action: 0.003 trainer.obs_insert: 0.000 trainer.step_env: 0.005 trainer.update_stats: 0.001 trainer.update_agent: 0.035
PluginManager::Manager: duplicate static plugin StbImageImporter, ignoring
PluginManager::Manager: duplicate static plugin GltfImporter, ignoring
PluginManager::Manager: duplicate static plugin BasisImporter, ignoring
PluginManager::Manager: duplicate static plugin AssimpImporter, ignoring
PluginManager::Manager: duplicate static plugin AnySceneImporter, ignoring
PluginManager::Manager: duplicate static plugin AnyImageImporter, ignoring
Renderer: NVIDIA GeForce RTX 4070/PCIe/SSE2 by NVIDIA Corporation
OpenGL version: 4.6.0 NVIDIA 580.173.02
Using optional features:
    GL_ARB_vertex_array_object
    GL_ARB_separate_shader_objects
    GL_ARB_robustness
    GL_ARB_texture_storage
    GL_ARB_texture_view
    GL_ARB_framebuffer_no_attachments
    GL_ARB_invalidate_subdata
    GL_ARB_texture_storage_multisample
    GL_ARB_multi_bind
    GL_ARB_direct_state_access
    GL_ARB_get_texture_sub_image
    GL_ARB_texture_filter_anisotropic
    GL_KHR_debug
    GL_KHR_parallel_shader_compile
    GL_NV_depth_buffer_float
Using driver workarounds:
    no-forward-compatible-core-context
    nv-egl-incorrect-gl11-function-pointers
    no-layout-qualifiers-on-old-glsl
    nv-zero-context-profile-mask
    nv-implementation-color-read-format-dsa-broken
    nv-cubemap-inconsistent-compressed-image-size
    nv-cubemap-broken-full-compressed-image-query
    nv-compressed-block-size-in-bits
[18:59:17:547426]:[Warning]:[Scene] SemanticScene.h(331)::checkFileExists : ::loadSemanticSceneDescriptor: File `data/scene_datasets/habitat-test-scenes/skokloster-castle.scn` does not exist.  Aborting load.
[18:59:17:547441]:[Warning]:[Scene] SemanticScene.cpp(123)::loadSemanticSceneDescriptor : SSD File Naming Issue! Neither SemanticAttributes-provided name : `data/scene_datasets/habitat-test-scenes/skokloster-castle.scn` nor constructed filename : `data/scene_datasets/habitat-test-scenes/info_semantic.json` exist on disk.
[18:59:17:547446]:[Error]:[Scene] SemanticScene.cpp(139)::loadSemanticSceneDescriptor : SSD Load Failure! File with SemanticAttributes-provided name `data/scene_datasets/habitat-test-scenes/skokloster-castle.scn` exists but failed to load.
[18:59:18:151317]:[Warning]:[Sim] Simulator.cpp(595)::instanceStageForSceneAttributes : The active scene does not contain semantic annotations : activeSemanticSceneID_ = 0
2026-08-11 18:59:20,919 update: 4140	fps: 493.188	
2026-08-11 18:59:20,928 Num updates: 4140	Num frames 662400
2026-08-11 18:59:20,928 Average window size: 50  distance_to_goal: 0.141  distance_to_goal_reward: 0.000  reward: 5.725  spl: 0.832  success: 0.949
2026-08-11 18:59:20,928 	Perf Stats: trainer.rollout_collect: 0.287 trainer.sample_action: 0.003 trainer.obs_insert: 0.000 trainer.step_env: 0.005 trainer.update_stats: 0.001 trainer.update_agent: 0.035
2026-08-11 18:59:23,985 update: 4150	fps: 493.253	
2026-08-11 18:59:23,985 Num updates: 4150	Num frames 664000
2026-08-11 18:59:23,985 Average window size: 50  distance_to_goal: 0.147  distance_to_goal_reward: 0.000  reward: 5.669  spl: 0.826  success: 0.938
2026-08-11 18:59:23,985 	Perf Stats: trainer.rollout_collect: 0.287 trainer.sample_action: 0.003 trainer.obs_insert: 0.000 trainer.step_env: 0.005 trainer.update_stats: 0.001 trainer.update_agent: 0.035
PluginManager::Manager: duplicate static plugin StbImageImporter, ignoring
PluginManager::Manager: duplicate static plugin GltfImporter, ignoring
PluginManager::Manager: duplicate static plugin BasisImporter, ignoring
PluginManager::Manager: duplicate static plugin AssimpImporter, ignoring
PluginManager::Manager: duplicate static plugin AnySceneImporter, ignoring
PluginManager::Manager: duplicate static plugin AnyImageImporter, ignoring
Renderer: NVIDIA GeForce RTX 4070/PCIe/SSE2 by NVIDIA Corporation
OpenGL version: 4.6.0 NVIDIA 580.173.02
Using optional features:
    GL_ARB_vertex_array_object
    GL_ARB_separate_shader_objects
    GL_ARB_robustness
    GL_ARB_texture_storage
    GL_ARB_texture_view
    GL_ARB_framebuffer_no_attachments
    GL_ARB_invalidate_subdata
    GL_ARB_texture_storage_multisample
    GL_ARB_multi_bind
    GL_ARB_direct_state_access
    GL_ARB_get_texture_sub_image
    GL_ARB_texture_filter_anisotropic
    GL_KHR_debug
    GL_KHR_parallel_shader_compile
    GL_NV_depth_buffer_float
Using driver workarounds:
    no-forward-compatible-core-context
    nv-egl-incorrect-gl11-function-pointers
    no-layout-qualifiers-on-old-glsl
    nv-zero-context-profile-mask
    nv-implementation-color-read-format-dsa-broken
    nv-cubemap-inconsistent-compressed-image-size
    nv-cubemap-broken-full-compressed-image-query
    nv-compressed-block-size-in-bits
[18:59:24:503151]:[Warning]:[Scene] SemanticScene.h(331)::checkFileExists : ::loadSemanticSceneDescriptor: File `data/scene_datasets/habitat-test-scenes/skokloster-castle.scn` does not exist.  Aborting load.
[18:59:24:503166]:[Warning]:[Scene] SemanticScene.cpp(123)::loadSemanticSceneDescriptor : SSD File Naming Issue! Neither SemanticAttributes-provided name : `data/scene_datasets/habitat-test-scenes/skokloster-castle.scn` nor constructed filename : `data/scene_datasets/habitat-test-scenes/info_semantic.json` exist on disk.
[18:59:24:503171]:[Error]:[Scene] SemanticScene.cpp(139)::loadSemanticSceneDescriptor : SSD Load Failure! File with SemanticAttributes-provided name `data/scene_datasets/habitat-test-scenes/skokloster-castle.scn` exists but failed to load.
[18:59:25:104579]:[Warning]:[Sim] Simulator.cpp(595)::instanceStageForSceneAttributes : The active scene does not contain semantic annotations : activeSemanticSceneID_ = 0
2026-08-11 18:59:27,722 update: 4160	fps: 493.073	
2026-08-11 18:59:27,722 Num updates: 4160	Num frames 665600
2026-08-11 18:59:27,723 Average window size: 50  distance_to_goal: 0.259  distance_to_goal_reward: -0.001  reward: 5.859  spl: 0.825  success: 0.933
2026-08-11 18:59:27,723 	Perf Stats: trainer.rollout_collect: 0.287 trainer.sample_action: 0.003 trainer.obs_insert: 0.000 trainer.step_env: 0.005 trainer.update_stats: 0.001 trainer.update_agent: 0.035
2026-08-11 18:59:30,838 update: 4170	fps: 493.120	
2026-08-11 18:59:30,838 Num updates: 4170	Num frames 667200
2026-08-11 18:59:30,839 Average window size: 50  distance_to_goal: 0.279  distance_to_goal_reward: -0.001  reward: 6.017  spl: 0.812  success: 0.927
2026-08-11 18:59:30,839 	Perf Stats: trainer.rollout_collect: 0.287 trainer.sample_action: 0.003 trainer.obs_insert: 0.000 trainer.step_env: 0.005 trainer.update_stats: 0.001 trainer.update_agent: 0.035
2026-08-11 18:59:33,976 update: 4180	fps: 493.159	
2026-08-11 18:59:33,976 Num updates: 4180	Num frames 668800
2026-08-11 18:59:33,976 Average window size: 50  distance_to_goal: 0.367  distance_to_goal_reward: -0.001  reward: 6.118  spl: 0.804  success: 0.921
2026-08-11 18:59:33,976 	Perf Stats: trainer.rollout_collect: 0.287 trainer.sample_action: 0.003 trainer.obs_insert: 0.000 trainer.step_env: 0.005 trainer.update_stats: 0.001 trainer.update_agent: 0.035
2026-08-11 18:59:37,136 update: 4190	fps: 493.190	
2026-08-11 18:59:37,136 Num updates: 4190	Num frames 670400
2026-08-11 18:59:37,136 Average window size: 50  distance_to_goal: 0.394  distance_to_goal_reward: -0.001  reward: 6.523  spl: 0.798  success: 0.920
2026-08-11 18:59:37,136 	Perf Stats: trainer.rollout_collect: 0.287 trainer.sample_action: 0.003 trainer.obs_insert: 0.000 trainer.step_env: 0.005 trainer.update_stats: 0.001 trainer.update_agent: 0.035
2026-08-11 18:59:40,362 update: 4200	fps: 493.196	
2026-08-11 18:59:40,363 Num updates: 4200	Num frames 672000
2026-08-11 18:59:40,363 Average window size: 50  distance_to_goal: 0.291  distance_to_goal_reward: -0.001  reward: 6.933  spl: 0.805  success: 0.925
2026-08-11 18:59:40,363 	Perf Stats: trainer.rollout_collect: 0.287 trainer.sample_action: 0.003 trainer.obs_insert: 0.000 trainer.step_env: 0.005 trainer.update_stats: 0.001 trainer.update_agent: 0.035
2026-08-11 18:59:43,471 update: 4210	fps: 493.245	
2026-08-11 18:59:43,471 Num updates: 4210	Num frames 673600
2026-08-11 18:59:43,471 Average window size: 50  distance_to_goal: 0.308  distance_to_goal_reward: 0.000  reward: 6.923  spl: 0.815  success: 0.928
2026-08-11 18:59:43,471 	Perf Stats: trainer.rollout_collect: 0.287 trainer.sample_action: 0.003 trainer.obs_insert: 0.000 trainer.step_env: 0.005 trainer.update_stats: 0.001 trainer.update_agent: 0.035
2026-08-11 18:59:46,592 update: 4220	fps: 493.289	
2026-08-11 18:59:46,592 Num updates: 4220	Num frames 675200
2026-08-11 18:59:46,592 Average window size: 50  distance_to_goal: 0.350  distance_to_goal_reward: 0.000  reward: 6.773  spl: 0.823  success: 0.926
2026-08-11 18:59:46,592 	Perf Stats: trainer.rollout_collect: 0.287 trainer.sample_action: 0.003 trainer.obs_insert: 0.000 trainer.step_env: 0.005 trainer.update_stats: 0.001 trainer.update_agent: 0.035
2026-08-11 18:59:49,726 update: 4230	fps: 493.329	
2026-08-11 18:59:49,726 Num updates: 4230	Num frames 676800
2026-08-11 18:59:49,726 Average window size: 50  distance_to_goal: 0.333  distance_to_goal_reward: 0.000  reward: 6.582  spl: 0.825  success: 0.925
2026-08-11 18:59:49,726 	Perf Stats: trainer.rollout_collect: 0.287 trainer.sample_action: 0.003 trainer.obs_insert: 0.000 trainer.step_env: 0.005 trainer.update_stats: 0.001 trainer.update_agent: 0.035
2026-08-11 18:59:52,838 update: 4240	fps: 493.376	
2026-08-11 18:59:52,838 Num updates: 4240	Num frames 678400
2026-08-11 18:59:52,838 Average window size: 50  distance_to_goal: 0.337  distance_to_goal_reward: 0.000  reward: 6.321  spl: 0.830  success: 0.930
2026-08-11 18:59:52,838 	Perf Stats: trainer.rollout_collect: 0.287 trainer.sample_action: 0.003 trainer.obs_insert: 0.000 trainer.step_env: 0.005 trainer.update_stats: 0.001 trainer.update_agent: 0.035
2026-08-11 18:59:55,949 update: 4250	fps: 493.423	
2026-08-11 18:59:55,949 Num updates: 4250	Num frames 680000
2026-08-11 18:59:55,949 Average window size: 50  distance_to_goal: 0.401  distance_to_goal_reward: 0.000  reward: 6.177  spl: 0.819  success: 0.927
2026-08-11 18:59:55,949 	Perf Stats: trainer.rollout_collect: 0.286 trainer.sample_action: 0.003 trainer.obs_insert: 0.000 trainer.step_env: 0.005 trainer.update_stats: 0.001 trainer.update_agent: 0.035
2026-08-11 18:59:59,063 update: 4260	fps: 493.469	
2026-08-11 18:59:59,063 Num updates: 4260	Num frames 681600
2026-08-11 18:59:59,063 Average window size: 50  distance_to_goal: 0.486  distance_to_goal_reward: 0.000  reward: 5.952  spl: 0.805  success: 0.920
2026-08-11 18:59:59,064 	Perf Stats: trainer.rollout_collect: 0.286 trainer.sample_action: 0.003 trainer.obs_insert: 0.000 trainer.step_env: 0.005 trainer.update_stats: 0.001 trainer.update_agent: 0.035
2026-08-11 19:00:02,189 update: 4270	fps: 493.510	
2026-08-11 19:00:02,189 Num updates: 4270	Num frames 683200
2026-08-11 19:00:02,189 Average window size: 50  distance_to_goal: 0.528  distance_to_goal_reward: 0.000  reward: 5.953  spl: 0.814  success: 0.923
2026-08-11 19:00:02,189 	Perf Stats: trainer.rollout_collect: 0.286 trainer.sample_action: 0.003 trainer.obs_insert: 0.000 trainer.step_env: 0.005 trainer.update_stats: 0.001 trainer.update_agent: 0.035
2026-08-11 19:00:05,315 update: 4280	fps: 493.552	
2026-08-11 19:00:05,315 Num updates: 4280	Num frames 684800
2026-08-11 19:00:05,315 Average window size: 50  distance_to_goal: 0.401  distance_to_goal_reward: 0.000  reward: 6.336  spl: 0.819  success: 0.932
2026-08-11 19:00:05,315 	Perf Stats: trainer.rollout_collect: 0.286 trainer.sample_action: 0.003 trainer.obs_insert: 0.000 trainer.step_env: 0.005 trainer.update_stats: 0.001 trainer.update_agent: 0.035
2026-08-11 19:00:08,444 update: 4290	fps: 493.592	
2026-08-11 19:00:08,444 Num updates: 4290	Num frames 686400
2026-08-11 19:00:08,445 Average window size: 50  distance_to_goal: 0.368  distance_to_goal_reward: 0.000  reward: 6.671  spl: 0.815  success: 0.926
2026-08-11 19:00:08,445 	Perf Stats: trainer.rollout_collect: 0.286 trainer.sample_action: 0.003 trainer.obs_insert: 0.000 trainer.step_env: 0.005 trainer.update_stats: 0.001 trainer.update_agent: 0.035
2026-08-11 19:00:11,672 update: 4300	fps: 493.596	
2026-08-11 19:00:11,672 Num updates: 4300	Num frames 688000
2026-08-11 19:00:11,672 Average window size: 50  distance_to_goal: 0.337  distance_to_goal_reward: 0.002  reward: 6.483  spl: 0.806  success: 0.901
2026-08-11 19:00:11,672 	Perf Stats: trainer.rollout_collect: 0.286 trainer.sample_action: 0.003 trainer.obs_insert: 0.000 trainer.step_env: 0.005 trainer.update_stats: 0.001 trainer.update_agent: 0.035
2026-08-11 19:00:14,779 update: 4310	fps: 493.644	
2026-08-11 19:00:14,779 Num updates: 4310	Num frames 689600
2026-08-11 19:00:14,779 Average window size: 50  distance_to_goal: 0.309  distance_to_goal_reward: 0.002  reward: 6.465  spl: 0.813  success: 0.905
2026-08-11 19:00:14,779 	Perf Stats: trainer.rollout_collect: 0.286 trainer.sample_action: 0.003 trainer.obs_insert: 0.000 trainer.step_env: 0.005 trainer.update_stats: 0.001 trainer.update_agent: 0.035
2026-08-11 19:00:17,882 update: 4320	fps: 493.696	
2026-08-11 19:00:17,882 Num updates: 4320	Num frames 691200
2026-08-11 19:00:17,882 Average window size: 50  distance_to_goal: 0.246  distance_to_goal_reward: 0.002  reward: 6.631  spl: 0.819  success: 0.915
2026-08-11 19:00:17,882 	Perf Stats: trainer.rollout_collect: 0.286 trainer.sample_action: 0.003 trainer.obs_insert: 0.000 trainer.step_env: 0.005 trainer.update_stats: 0.001 trainer.update_agent: 0.035
2026-08-11 19:00:20,990 update: 4330	fps: 493.740	
2026-08-11 19:00:20,990 Num updates: 4330	Num frames 692800
2026-08-11 19:00:20,990 Average window size: 50  distance_to_goal: 0.383  distance_to_goal_reward: 0.002  reward: 6.271  spl: 0.816  success: 0.919
2026-08-11 19:00:20,990 	Perf Stats: trainer.rollout_collect: 0.286 trainer.sample_action: 0.003 trainer.obs_insert: 0.000 trainer.step_env: 0.005 trainer.update_stats: 0.001 trainer.update_agent: 0.035
2026-08-11 19:00:24,110 update: 4340	fps: 493.782	
2026-08-11 19:00:24,110 Num updates: 4340	Num frames 694400
2026-08-11 19:00:24,110 Average window size: 50  distance_to_goal: 0.381  distance_to_goal_reward: 0.002  reward: 6.059  spl: 0.812  success: 0.920
2026-08-11 19:00:24,110 	Perf Stats: trainer.rollout_collect: 0.286 trainer.sample_action: 0.003 trainer.obs_insert: 0.000 trainer.step_env: 0.005 trainer.update_stats: 0.001 trainer.update_agent: 0.035
PluginManager::Manager: duplicate static plugin StbImageImporter, ignoring
PluginManager::Manager: duplicate static plugin GltfImporter, ignoring
PluginManager::Manager: duplicate static plugin BasisImporter, ignoring
PluginManager::Manager: duplicate static plugin AssimpImporter, ignoring
PluginManager::Manager: duplicate static plugin AnySceneImporter, ignoring
PluginManager::Manager: duplicate static plugin AnyImageImporter, ignoring
Renderer: NVIDIA GeForce RTX 4070/PCIe/SSE2 by NVIDIA Corporation
OpenGL version: 4.6.0 NVIDIA 580.173.02
Using optional features:
    GL_ARB_vertex_array_object
    GL_ARB_separate_shader_objects
    GL_ARB_robustness
    GL_ARB_texture_storage
    GL_ARB_texture_view
    GL_ARB_framebuffer_no_attachments
    GL_ARB_invalidate_subdata
    GL_ARB_texture_storage_multisample
    GL_ARB_multi_bind
    GL_ARB_direct_state_access
    GL_ARB_get_texture_sub_image
    GL_ARB_texture_filter_anisotropic
    GL_KHR_debug
    GL_KHR_parallel_shader_compile
    GL_NV_depth_buffer_float
Using driver workarounds:
    no-forward-compatible-core-context
    nv-egl-incorrect-gl11-function-pointers
    no-layout-qualifiers-on-old-glsl
    nv-zero-context-profile-mask
    nv-implementation-color-read-format-dsa-broken
    nv-cubemap-inconsistent-compressed-image-size
    nv-cubemap-broken-full-compressed-image-query
    nv-compressed-block-size-in-bits
[19:00:24:878716]:[Warning]:[Scene] SemanticScene.h(331)::checkFileExists : ::loadSemanticSceneDescriptor: File `data/scene_datasets/habitat-test-scenes/skokloster-castle.scn` does not exist.  Aborting load.
[19:00:24:878732]:[Warning]:[Scene] SemanticScene.cpp(123)::loadSemanticSceneDescriptor : SSD File Naming Issue! Neither SemanticAttributes-provided name : `data/scene_datasets/habitat-test-scenes/skokloster-castle.scn` nor constructed filename : `data/scene_datasets/habitat-test-scenes/info_semantic.json` exist on disk.
[19:00:24:878737]:[Error]:[Scene] SemanticScene.cpp(139)::loadSemanticSceneDescriptor : SSD Load Failure! File with SemanticAttributes-provided name `data/scene_datasets/habitat-test-scenes/skokloster-castle.scn` exists but failed to load.
[19:00:25:496760]:[Warning]:[Sim] Simulator.cpp(595)::instanceStageForSceneAttributes : The active scene does not contain semantic annotations : activeSemanticSceneID_ = 0
2026-08-11 19:00:27,914 update: 4350	fps: 493.584	
2026-08-11 19:00:27,914 Num updates: 4350	Num frames 696000
2026-08-11 19:00:27,914 Average window size: 50  distance_to_goal: 0.355  distance_to_goal_reward: 0.000  reward: 6.483  spl: 0.805  success: 0.933
2026-08-11 19:00:27,914 	Perf Stats: trainer.rollout_collect: 0.286 trainer.sample_action: 0.003 trainer.obs_insert: 0.000 trainer.step_env: 0.005 trainer.update_stats: 0.001 trainer.update_agent: 0.035
2026-08-11 19:00:31,070 update: 4360	fps: 493.614	
2026-08-11 19:00:31,070 Num updates: 4360	Num frames 697600
2026-08-11 19:00:31,071 Average window size: 50  distance_to_goal: 0.278  distance_to_goal_reward: 0.000  reward: 7.019  spl: 0.793  success: 0.936
2026-08-11 19:00:31,071 	Perf Stats: trainer.rollout_collect: 0.286 trainer.sample_action: 0.003 trainer.obs_insert: 0.000 trainer.step_env: 0.005 trainer.update_stats: 0.001 trainer.update_agent: 0.035
PluginManager::Manager: duplicate static plugin StbImageImporter, ignoring
PluginManager::Manager: duplicate static plugin GltfImporter, ignoring
PluginManager::Manager: duplicate static plugin BasisImporter, ignoring
PluginManager::Manager: duplicate static plugin AssimpImporter, ignoring
PluginManager::Manager: duplicate static plugin AnySceneImporter, ignoring
PluginManager::Manager: duplicate static plugin AnyImageImporter, ignoring
Renderer: NVIDIA GeForce RTX 4070/PCIe/SSE2 by NVIDIA Corporation
OpenGL version: 4.6.0 NVIDIA 580.173.02
Using optional features:
    GL_ARB_vertex_array_object
    GL_ARB_separate_shader_objects
    GL_ARB_robustness
    GL_ARB_texture_storage
    GL_ARB_texture_view
    GL_ARB_framebuffer_no_attachments
    GL_ARB_invalidate_subdata
    GL_ARB_texture_storage_multisample
    GL_ARB_multi_bind
    GL_ARB_direct_state_access
    GL_ARB_get_texture_sub_image
    GL_ARB_texture_filter_anisotropic
    GL_KHR_debug
    GL_KHR_parallel_shader_compile
    GL_NV_depth_buffer_float
Using driver workarounds:
    no-forward-compatible-core-context
    nv-egl-incorrect-gl11-function-pointers
    no-layout-qualifiers-on-old-glsl
    nv-zero-context-profile-mask
    nv-implementation-color-read-format-dsa-broken
    nv-cubemap-inconsistent-compressed-image-size
    nv-cubemap-broken-full-compressed-image-query
    nv-compressed-block-size-in-bits
[19:00:33:205524]:[Warning]:[Scene] SemanticScene.h(331)::checkFileExists : ::loadSemanticSceneDescriptor: File `data/scene_datasets/habitat-test-scenes/skokloster-castle.scn` does not exist.  Aborting load.
[19:00:33:205540]:[Warning]:[Scene] SemanticScene.cpp(123)::loadSemanticSceneDescriptor : SSD File Naming Issue! Neither SemanticAttributes-provided name : `data/scene_datasets/habitat-test-scenes/skokloster-castle.scn` nor constructed filename : `data/scene_datasets/habitat-test-scenes/info_semantic.json` exist on disk.
[19:00:33:205545]:[Error]:[Scene] SemanticScene.cpp(139)::loadSemanticSceneDescriptor : SSD Load Failure! File with SemanticAttributes-provided name `data/scene_datasets/habitat-test-scenes/skokloster-castle.scn` exists but failed to load.
[19:00:33:820907]:[Warning]:[Sim] Simulator.cpp(595)::instanceStageForSceneAttributes : The active scene does not contain semantic annotations : activeSemanticSceneID_ = 0
2026-08-11 19:00:34,896 update: 4370	fps: 493.411	
2026-08-11 19:00:34,896 Num updates: 4370	Num frames 699200
2026-08-11 19:00:34,896 Average window size: 50  distance_to_goal: 0.290  distance_to_goal_reward: 0.000  reward: 7.245  spl: 0.769  success: 0.934
2026-08-11 19:00:34,896 	Perf Stats: trainer.rollout_collect: 0.287 trainer.sample_action: 0.003 trainer.obs_insert: 0.000 trainer.step_env: 0.005 trainer.update_stats: 0.001 trainer.update_agent: 0.035
2026-08-11 19:00:38,190 update: 4380	fps: 493.393	
2026-08-11 19:00:38,190 Num updates: 4380	Num frames 700800
2026-08-11 19:00:38,190 Average window size: 50  distance_to_goal: 0.173  distance_to_goal_reward: 0.000  reward: 8.051  spl: 0.756  success: 0.935
2026-08-11 19:00:38,190 	Perf Stats: trainer.rollout_collect: 0.287 trainer.sample_action: 0.003 trainer.obs_insert: 0.000 trainer.step_env: 0.005 trainer.update_stats: 0.001 trainer.update_agent: 0.035
PluginManager::Manager: duplicate static plugin StbImageImporter, ignoring
PluginManager::Manager: duplicate static plugin GltfImporter, ignoring
PluginManager::Manager: duplicate static plugin BasisImporter, ignoring
PluginManager::Manager: duplicate static plugin AssimpImporter, ignoring
PluginManager::Manager: duplicate static plugin AnySceneImporter, ignoring
PluginManager::Manager: duplicate static plugin AnyImageImporter, ignoring
Renderer: NVIDIA GeForce RTX 4070/PCIe/SSE2 by NVIDIA Corporation
OpenGL version: 4.6.0 NVIDIA 580.173.02
Using optional features:
    GL_ARB_vertex_array_object
    GL_ARB_separate_shader_objects
    GL_ARB_robustness
    GL_ARB_texture_storage
    GL_ARB_texture_view
    GL_ARB_framebuffer_no_attachments
    GL_ARB_invalidate_subdata
    GL_ARB_texture_storage_multisample
    GL_ARB_multi_bind
    GL_ARB_direct_state_access
    GL_ARB_get_texture_sub_image
    GL_ARB_texture_filter_anisotropic
    GL_KHR_debug
    GL_KHR_parallel_shader_compile
    GL_NV_depth_buffer_float
Using driver workarounds:
    no-forward-compatible-core-context
    nv-egl-incorrect-gl11-function-pointers
    no-layout-qualifiers-on-old-glsl
    nv-zero-context-profile-mask
    nv-implementation-color-read-format-dsa-broken
    nv-cubemap-inconsistent-compressed-image-size
    nv-cubemap-broken-full-compressed-image-query
    nv-compressed-block-size-in-bits
[19:00:39:316378]:[Warning]:[Scene] SemanticScene.h(331)::checkFileExists : ::loadSemanticSceneDescriptor: File `data/scene_datasets/habitat-test-scenes/van-gogh-room.scn` does not exist.  Aborting load.
[19:00:39:316394]:[Warning]:[Scene] SemanticScene.cpp(123)::loadSemanticSceneDescriptor : SSD File Naming Issue! Neither SemanticAttributes-provided name : `data/scene_datasets/habitat-test-scenes/van-gogh-room.scn` nor constructed filename : `data/scene_datasets/habitat-test-scenes/info_semantic.json` exist on disk.
[19:00:39:316399]:[Error]:[Scene] SemanticScene.cpp(139)::loadSemanticSceneDescriptor : SSD Load Failure! File with SemanticAttributes-provided name `data/scene_datasets/habitat-test-scenes/van-gogh-room.scn` exists but failed to load.
[19:00:39:747994]:[Warning]:[Sim] Simulator.cpp(595)::instanceStageForSceneAttributes : The active scene does not contain semantic annotations : activeSemanticSceneID_ = 0
2026-08-11 19:00:41,865 update: 4390	fps: 493.243	
2026-08-11 19:00:41,865 Num updates: 4390	Num frames 702400
2026-08-11 19:00:41,865 Average window size: 50  distance_to_goal: 0.194  distance_to_goal_reward: 0.000  reward: 8.780  spl: 0.733  success: 0.940
2026-08-11 19:00:41,865 	Perf Stats: trainer.rollout_collect: 0.287 trainer.sample_action: 0.003 trainer.obs_insert: 0.000 trainer.step_env: 0.005 trainer.update_stats: 0.001 trainer.update_agent: 0.035
PluginManager::Manager: duplicate static plugin StbImageImporter, ignoring
PluginManager::Manager: duplicate static plugin GltfImporter, ignoring
PluginManager::Manager: duplicate static plugin BasisImporter, ignoring
PluginManager::Manager: duplicate static plugin AssimpImporter, ignoring
PluginManager::Manager: duplicate static plugin AnySceneImporter, ignoring
PluginManager::Manager: duplicate static plugin AnyImageImporter, ignoring
Renderer: NVIDIA GeForce RTX 4070/PCIe/SSE2 by NVIDIA Corporation
OpenGL version: 4.6.0 NVIDIA 580.173.02
Using optional features:
    GL_ARB_vertex_array_object
    GL_ARB_separate_shader_objects
    GL_ARB_robustness
    GL_ARB_texture_storage
    GL_ARB_texture_view
    GL_ARB_framebuffer_no_attachments
    GL_ARB_invalidate_subdata
    GL_ARB_texture_storage_multisample
    GL_ARB_multi_bind
    GL_ARB_direct_state_access
    GL_ARB_get_texture_sub_image
    GL_ARB_texture_filter_anisotropic
    GL_KHR_debug
    GL_KHR_parallel_shader_compile
    GL_NV_depth_buffer_float
Using driver workarounds:
    no-forward-compatible-core-context
    nv-egl-incorrect-gl11-function-pointers
    no-layout-qualifiers-on-old-glsl
    nv-zero-context-profile-mask
    nv-implementation-color-read-format-dsa-broken
    nv-cubemap-inconsistent-compressed-image-size
    nv-cubemap-broken-full-compressed-image-query
    nv-compressed-block-size-in-bits
[19:00:44:281503]:[Warning]:[Scene] SemanticScene.h(331)::checkFileExists : ::loadSemanticSceneDescriptor: File `data/scene_datasets/habitat-test-scenes/van-gogh-room.scn` does not exist.  Aborting load.
[19:00:44:281519]:[Warning]:[Scene] SemanticScene.cpp(123)::loadSemanticSceneDescriptor : SSD File Naming Issue! Neither SemanticAttributes-provided name : `data/scene_datasets/habitat-test-scenes/van-gogh-room.scn` nor constructed filename : `data/scene_datasets/habitat-test-scenes/info_semantic.json` exist on disk.
[19:00:44:281524]:[Error]:[Scene] SemanticScene.cpp(139)::loadSemanticSceneDescriptor : SSD Load Failure! File with SemanticAttributes-provided name `data/scene_datasets/habitat-test-scenes/van-gogh-room.scn` exists but failed to load.
[19:00:44:718889]:[Warning]:[Sim] Simulator.cpp(595)::instanceStageForSceneAttributes : The active scene does not contain semantic annotations : activeSemanticSceneID_ = 0
2026-08-11 19:00:45,614 update: 4400	fps: 493.069	
2026-08-11 19:00:45,614 Num updates: 4400	Num frames 704000
2026-08-11 19:00:45,614 Average window size: 50  distance_to_goal: 0.272  distance_to_goal_reward: 0.000  reward: 8.799  spl: 0.709  success: 0.925
2026-08-11 19:00:45,614 	Perf Stats: trainer.rollout_collect: 0.287 trainer.sample_action: 0.003 trainer.obs_insert: 0.000 trainer.step_env: 0.005 trainer.update_stats: 0.001 trainer.update_agent: 0.035
2026-08-11 19:00:48,766 update: 4410	fps: 493.100	
2026-08-11 19:00:48,767 Num updates: 4410	Num frames 705600
2026-08-11 19:00:48,767 Average window size: 50  distance_to_goal: 0.249  distance_to_goal_reward: 0.000  reward: 8.586  spl: 0.737  success: 0.933
2026-08-11 19:00:48,767 	Perf Stats: trainer.rollout_collect: 0.287 trainer.sample_action: 0.003 trainer.obs_insert: 0.000 trainer.step_env: 0.005 trainer.update_stats: 0.001 trainer.update_agent: 0.035
2026-08-11 19:00:51,934 update: 4420	fps: 493.127	
2026-08-11 19:00:51,934 Num updates: 4420	Num frames 707200
2026-08-11 19:00:51,934 Average window size: 50  distance_to_goal: 0.190  distance_to_goal_reward: 0.000  reward: 8.406  spl: 0.773  success: 0.953
2026-08-11 19:00:51,934 	Perf Stats: trainer.rollout_collect: 0.287 trainer.sample_action: 0.003 trainer.obs_insert: 0.000 trainer.step_env: 0.005 trainer.update_stats: 0.001 trainer.update_agent: 0.035
2026-08-11 19:00:55,076 update: 4430	fps: 493.162	
2026-08-11 19:00:55,076 Num updates: 4430	Num frames 708800
2026-08-11 19:00:55,076 Average window size: 50  distance_to_goal: 0.140  distance_to_goal_reward: 0.000  reward: 7.994  spl: 0.790  success: 0.957
2026-08-11 19:00:55,076 	Perf Stats: trainer.rollout_collect: 0.287 trainer.sample_action: 0.003 trainer.obs_insert: 0.000 trainer.step_env: 0.005 trainer.update_stats: 0.001 trainer.update_agent: 0.035
2026-08-11 19:00:58,242 update: 4440	fps: 493.189	
2026-08-11 19:00:58,242 Num updates: 4440	Num frames 710400
2026-08-11 19:00:58,242 Average window size: 50  distance_to_goal: 0.224  distance_to_goal_reward: 0.001  reward: 7.626  spl: 0.814  success: 0.955
2026-08-11 19:00:58,242 	Perf Stats: trainer.rollout_collect: 0.287 trainer.sample_action: 0.003 trainer.obs_insert: 0.000 trainer.step_env: 0.005 trainer.update_stats: 0.001 trainer.update_agent: 0.035
2026-08-11 19:01:01,406 update: 4450	fps: 493.216	
2026-08-11 19:01:01,407 Num updates: 4450	Num frames 712000
2026-08-11 19:01:01,407 Average window size: 50  distance_to_goal: 0.177  distance_to_goal_reward: 0.001  reward: 7.551  spl: 0.835  success: 0.965
2026-08-11 19:01:01,407 	Perf Stats: trainer.rollout_collect: 0.287 trainer.sample_action: 0.003 trainer.obs_insert: 0.000 trainer.step_env: 0.005 trainer.update_stats: 0.001 trainer.update_agent: 0.035
PluginManager::Manager: duplicate static plugin StbImageImporter, ignoring
PluginManager::Manager: duplicate static plugin GltfImporter, ignoring
PluginManager::Manager: duplicate static plugin BasisImporter, ignoring
PluginManager::Manager: duplicate static plugin AssimpImporter, ignoring
PluginManager::Manager: duplicate static plugin AnySceneImporter, ignoring
PluginManager::Manager: duplicate static plugin AnyImageImporter, ignoring
Renderer: NVIDIA GeForce RTX 4070/PCIe/SSE2 by NVIDIA Corporation
OpenGL version: 4.6.0 NVIDIA 580.173.02
Using optional features:
    GL_ARB_vertex_array_object
    GL_ARB_separate_shader_objects
    GL_ARB_robustness
    GL_ARB_texture_storage
    GL_ARB_texture_view
    GL_ARB_framebuffer_no_attachments
    GL_ARB_invalidate_subdata
    GL_ARB_texture_storage_multisample
    GL_ARB_multi_bind
    GL_ARB_direct_state_access
    GL_ARB_get_texture_sub_image
    GL_ARB_texture_filter_anisotropic
    GL_KHR_debug
    GL_KHR_parallel_shader_compile
    GL_NV_depth_buffer_float
Using driver workarounds:
    no-forward-compatible-core-context
    nv-egl-incorrect-gl11-function-pointers
    no-layout-qualifiers-on-old-glsl
    nv-zero-context-profile-mask
    nv-implementation-color-read-format-dsa-broken
    nv-cubemap-inconsistent-compressed-image-size
    nv-cubemap-broken-full-compressed-image-query
    nv-compressed-block-size-in-bits
[19:01:04:026271]:[Warning]:[Scene] SemanticScene.h(331)::checkFileExists : ::loadSemanticSceneDescriptor: File `data/scene_datasets/habitat-test-scenes/van-gogh-room.scn` does not exist.  Aborting load.
[19:01:04:026287]:[Warning]:[Scene] SemanticScene.cpp(123)::loadSemanticSceneDescriptor : SSD File Naming Issue! Neither SemanticAttributes-provided name : `data/scene_datasets/habitat-test-scenes/van-gogh-room.scn` nor constructed filename : `data/scene_datasets/habitat-test-scenes/info_semantic.json` exist on disk.
[19:01:04:026292]:[Error]:[Scene] SemanticScene.cpp(139)::loadSemanticSceneDescriptor : SSD Load Failure! File with SemanticAttributes-provided name `data/scene_datasets/habitat-test-scenes/van-gogh-room.scn` exists but failed to load.
[19:01:04:459228]:[Warning]:[Sim] Simulator.cpp(595)::instanceStageForSceneAttributes : The active scene does not contain semantic annotations : activeSemanticSceneID_ = 0
2026-08-11 19:01:05,016 update: 4460	fps: 493.092	
2026-08-11 19:01:05,016 Num updates: 4460	Num frames 713600
2026-08-11 19:01:05,016 Average window size: 50  distance_to_goal: 0.181  distance_to_goal_reward: 0.001  reward: 7.328  spl: 0.850  success: 0.966
2026-08-11 19:01:05,016 	Perf Stats: trainer.rollout_collect: 0.287 trainer.sample_action: 0.003 trainer.obs_insert: 0.000 trainer.step_env: 0.005 trainer.update_stats: 0.001 trainer.update_agent: 0.035
2026-08-11 19:01:08,119 update: 4470	fps: 493.140	
2026-08-11 19:01:08,119 Num updates: 4470	Num frames 715200
2026-08-11 19:01:08,119 Average window size: 50  distance_to_goal: 0.181  distance_to_goal_reward: 0.001  reward: 7.049  spl: 0.847  success: 0.960
2026-08-11 19:01:08,119 	Perf Stats: trainer.rollout_collect: 0.287 trainer.sample_action: 0.003 trainer.obs_insert: 0.000 trainer.step_env: 0.005 trainer.update_stats: 0.001 trainer.update_agent: 0.035
2026-08-11 19:01:11,231 update: 4480	fps: 493.185	
2026-08-11 19:01:11,231 Num updates: 4480	Num frames 716800
2026-08-11 19:01:11,231 Average window size: 50  distance_to_goal: 0.163  distance_to_goal_reward: 0.000  reward: 6.752  spl: 0.848  success: 0.954
2026-08-11 19:01:11,231 	Perf Stats: trainer.rollout_collect: 0.287 trainer.sample_action: 0.003 trainer.obs_insert: 0.000 trainer.step_env: 0.005 trainer.update_stats: 0.001 trainer.update_agent: 0.035
2026-08-11 19:01:14,341 update: 4490	fps: 493.230	
2026-08-11 19:01:14,341 Num updates: 4490	Num frames 718400
2026-08-11 19:01:14,341 Average window size: 50  distance_to_goal: 0.336  distance_to_goal_reward: 0.000  reward: 6.267  spl: 0.835  success: 0.934
2026-08-11 19:01:14,341 	Perf Stats: trainer.rollout_collect: 0.287 trainer.sample_action: 0.003 trainer.obs_insert: 0.000 trainer.step_env: 0.005 trainer.update_stats: 0.001 trainer.update_agent: 0.035
2026-08-11 19:01:17,549 update: 4500	fps: 493.243	
2026-08-11 19:01:17,549 Num updates: 4500	Num frames 720000
2026-08-11 19:01:17,549 Average window size: 50  distance_to_goal: 0.317  distance_to_goal_reward: 0.000  reward: 6.147  spl: 0.848  success: 0.944
2026-08-11 19:01:17,549 	Perf Stats: trainer.rollout_collect: 0.287 trainer.sample_action: 0.003 trainer.obs_insert: 0.000 trainer.step_env: 0.005 trainer.update_stats: 0.001 trainer.update_agent: 0.035
2026-08-11 19:01:20,663 update: 4510	fps: 493.286	
2026-08-11 19:01:20,663 Num updates: 4510	Num frames 721600
2026-08-11 19:01:20,663 Average window size: 50  distance_to_goal: 0.359  distance_to_goal_reward: 0.000  reward: 5.925  spl: 0.832  success: 0.928
2026-08-11 19:01:20,663 	Perf Stats: trainer.rollout_collect: 0.287 trainer.sample_action: 0.003 trainer.obs_insert: 0.000 trainer.step_env: 0.005 trainer.update_stats: 0.001 trainer.update_agent: 0.035
2026-08-11 19:01:23,777 update: 4520	fps: 493.330	
2026-08-11 19:01:23,777 Num updates: 4520	Num frames 723200
2026-08-11 19:01:23,777 Average window size: 50  distance_to_goal: 0.308  distance_to_goal_reward: 0.000  reward: 5.909  spl: 0.842  success: 0.933
2026-08-11 19:01:23,777 	Perf Stats: trainer.rollout_collect: 0.287 trainer.sample_action: 0.003 trainer.obs_insert: 0.000 trainer.step_env: 0.005 trainer.update_stats: 0.001 trainer.update_agent: 0.035
2026-08-11 19:01:26,895 update: 4530	fps: 493.372	
2026-08-11 19:01:26,895 Num updates: 4530	Num frames 724800
2026-08-11 19:01:26,896 Average window size: 50  distance_to_goal: 0.297  distance_to_goal_reward: 0.000  reward: 6.006  spl: 0.850  success: 0.948
2026-08-11 19:01:26,896 	Perf Stats: trainer.rollout_collect: 0.287 trainer.sample_action: 0.003 trainer.obs_insert: 0.000 trainer.step_env: 0.005 trainer.update_stats: 0.001 trainer.update_agent: 0.035
2026-08-11 19:01:29,999 update: 4540	fps: 493.418	
2026-08-11 19:01:29,999 Num updates: 4540	Num frames 726400
2026-08-11 19:01:29,999 Average window size: 50  distance_to_goal: 0.149  distance_to_goal_reward: 0.000  reward: 6.133  spl: 0.851  success: 0.959
2026-08-11 19:01:30,000 	Perf Stats: trainer.rollout_collect: 0.286 trainer.sample_action: 0.003 trainer.obs_insert: 0.000 trainer.step_env: 0.005 trainer.update_stats: 0.001 trainer.update_agent: 0.035
2026-08-11 19:01:33,122 update: 4550	fps: 493.458	
2026-08-11 19:01:33,123 Num updates: 4550	Num frames 728000
2026-08-11 19:01:33,123 Average window size: 50  distance_to_goal: 0.176  distance_to_goal_reward: 0.000  reward: 6.206  spl: 0.817  success: 0.931
2026-08-11 19:01:33,123 	Perf Stats: trainer.rollout_collect: 0.286 trainer.sample_action: 0.003 trainer.obs_insert: 0.000 trainer.step_env: 0.005 trainer.update_stats: 0.001 trainer.update_agent: 0.035
2026-08-11 19:01:36,251 update: 4560	fps: 493.496	
2026-08-11 19:01:36,260 Num updates: 4560	Num frames 729600
2026-08-11 19:01:36,260 Average window size: 50  distance_to_goal: 0.124  distance_to_goal_reward: 0.000  reward: 6.361  spl: 0.817  success: 0.938
2026-08-11 19:01:36,260 	Perf Stats: trainer.rollout_collect: 0.286 trainer.sample_action: 0.003 trainer.obs_insert: 0.000 trainer.step_env: 0.005 trainer.update_stats: 0.001 trainer.update_agent: 0.035
2026-08-11 19:01:39,387 update: 4570	fps: 493.532	
2026-08-11 19:01:39,387 Num updates: 4570	Num frames 731200
2026-08-11 19:01:39,387 Average window size: 50  distance_to_goal: 0.123  distance_to_goal_reward: 0.000  reward: 6.637  spl: 0.818  success: 0.935
2026-08-11 19:01:39,387 	Perf Stats: trainer.rollout_collect: 0.286 trainer.sample_action: 0.003 trainer.obs_insert: 0.000 trainer.step_env: 0.005 trainer.update_stats: 0.001 trainer.update_agent: 0.035
2026-08-11 19:01:42,506 update: 4580	fps: 493.573	
2026-08-11 19:01:42,506 Num updates: 4580	Num frames 732800
2026-08-11 19:01:42,506 Average window size: 50  distance_to_goal: 0.121  distance_to_goal_reward: 0.000  reward: 6.702  spl: 0.824  success: 0.940
2026-08-11 19:01:42,506 	Perf Stats: trainer.rollout_collect: 0.286 trainer.sample_action: 0.003 trainer.obs_insert: 0.000 trainer.step_env: 0.005 trainer.update_stats: 0.001 trainer.update_agent: 0.035
2026-08-11 19:01:45,632 update: 4590	fps: 493.611	
2026-08-11 19:01:45,633 Num updates: 4590	Num frames 734400
2026-08-11 19:01:45,633 Average window size: 50  distance_to_goal: 0.109  distance_to_goal_reward: 0.000  reward: 6.762  spl: 0.841  success: 0.951
2026-08-11 19:01:45,633 	Perf Stats: trainer.rollout_collect: 0.286 trainer.sample_action: 0.003 trainer.obs_insert: 0.000 trainer.step_env: 0.005 trainer.update_stats: 0.001 trainer.update_agent: 0.035
2026-08-11 19:01:48,841 update: 4600	fps: 493.622	
2026-08-11 19:01:48,842 Num updates: 4600	Num frames 736000
2026-08-11 19:01:48,842 Average window size: 50  distance_to_goal: 0.094  distance_to_goal_reward: 0.000  reward: 6.722  spl: 0.859  success: 0.962
2026-08-11 19:01:48,842 	Perf Stats: trainer.rollout_collect: 0.286 trainer.sample_action: 0.003 trainer.obs_insert: 0.000 trainer.step_env: 0.005 trainer.update_stats: 0.001 trainer.update_agent: 0.035
2026-08-11 19:01:51,978 update: 4610	fps: 493.656	
2026-08-11 19:01:51,978 Num updates: 4610	Num frames 737600
2026-08-11 19:01:51,978 Average window size: 50  distance_to_goal: 0.113  distance_to_goal_reward: 0.000  reward: 6.674  spl: 0.865  success: 0.962
2026-08-11 19:01:51,978 	Perf Stats: trainer.rollout_collect: 0.286 trainer.sample_action: 0.003 trainer.obs_insert: 0.000 trainer.step_env: 0.005 trainer.update_stats: 0.001 trainer.update_agent: 0.035
2026-08-11 19:01:55,112 update: 4620	fps: 493.692	
2026-08-11 19:01:55,112 Num updates: 4620	Num frames 739200
2026-08-11 19:01:55,112 Average window size: 50  distance_to_goal: 0.111  distance_to_goal_reward: 0.000  reward: 6.565  spl: 0.877  success: 0.973
2026-08-11 19:01:55,112 	Perf Stats: trainer.rollout_collect: 0.286 trainer.sample_action: 0.003 trainer.obs_insert: 0.000 trainer.step_env: 0.005 trainer.update_stats: 0.001 trainer.update_agent: 0.035
2026-08-11 19:01:58,250 update: 4630	fps: 493.725	
2026-08-11 19:01:58,251 Num updates: 4630	Num frames 740800
2026-08-11 19:01:58,251 Average window size: 50  distance_to_goal: 0.112  distance_to_goal_reward: 0.000  reward: 6.556  spl: 0.875  success: 0.964
2026-08-11 19:01:58,251 	Perf Stats: trainer.rollout_collect: 0.286 trainer.sample_action: 0.003 trainer.obs_insert: 0.000 trainer.step_env: 0.005 trainer.update_stats: 0.001 trainer.update_agent: 0.035
2026-08-11 19:02:01,353 update: 4640	fps: 493.771	
2026-08-11 19:02:01,353 Num updates: 4640	Num frames 742400
2026-08-11 19:02:01,353 Average window size: 50  distance_to_goal: 0.160  distance_to_goal_reward: 0.000  reward: 6.425  spl: 0.868  success: 0.957
2026-08-11 19:02:01,353 	Perf Stats: trainer.rollout_collect: 0.286 trainer.sample_action: 0.003 trainer.obs_insert: 0.000 trainer.step_env: 0.005 trainer.update_stats: 0.001 trainer.update_agent: 0.035
2026-08-11 19:02:04,462 update: 4650	fps: 493.814	
2026-08-11 19:02:04,462 Num updates: 4650	Num frames 744000
2026-08-11 19:02:04,462 Average window size: 50  distance_to_goal: 0.244  distance_to_goal_reward: 0.000  reward: 6.297  spl: 0.852  success: 0.937
2026-08-11 19:02:04,462 	Perf Stats: trainer.rollout_collect: 0.286 trainer.sample_action: 0.003 trainer.obs_insert: 0.000 trainer.step_env: 0.005 trainer.update_stats: 0.001 trainer.update_agent: 0.035
2026-08-11 19:02:07,587 update: 4660	fps: 493.851	
2026-08-11 19:02:07,587 Num updates: 4660	Num frames 745600
2026-08-11 19:02:07,587 Average window size: 50  distance_to_goal: 0.240  distance_to_goal_reward: 0.000  reward: 6.136  spl: 0.845  success: 0.930
2026-08-11 19:02:07,587 	Perf Stats: trainer.rollout_collect: 0.286 trainer.sample_action: 0.003 trainer.obs_insert: 0.000 trainer.step_env: 0.005 trainer.update_stats: 0.001 trainer.update_agent: 0.035
PluginManager::Manager: duplicate static plugin StbImageImporter, ignoring
PluginManager::Manager: duplicate static plugin GltfImporter, ignoring
PluginManager::Manager: duplicate static plugin BasisImporter, ignoring
PluginManager::Manager: duplicate static plugin AssimpImporter, ignoring
PluginManager::Manager: duplicate static plugin AnySceneImporter, ignoring
PluginManager::Manager: duplicate static plugin AnyImageImporter, ignoring
Renderer: NVIDIA GeForce RTX 4070/PCIe/SSE2 by NVIDIA Corporation
OpenGL version: 4.6.0 NVIDIA 580.173.02
Using optional features:
    GL_ARB_vertex_array_object
    GL_ARB_separate_shader_objects
    GL_ARB_robustness
    GL_ARB_texture_storage
    GL_ARB_texture_view
    GL_ARB_framebuffer_no_attachments
    GL_ARB_invalidate_subdata
    GL_ARB_texture_storage_multisample
    GL_ARB_multi_bind
    GL_ARB_direct_state_access
    GL_ARB_get_texture_sub_image
    GL_ARB_texture_filter_anisotropic
    GL_KHR_debug
    GL_KHR_parallel_shader_compile
    GL_NV_depth_buffer_float
Using driver workarounds:
    no-forward-compatible-core-context
    nv-egl-incorrect-gl11-function-pointers
    no-layout-qualifiers-on-old-glsl
    nv-zero-context-profile-mask
    nv-implementation-color-read-format-dsa-broken
    nv-cubemap-inconsistent-compressed-image-size
    nv-cubemap-broken-full-compressed-image-query
    nv-compressed-block-size-in-bits
[19:02:09:313046]:[Warning]:[Scene] SemanticScene.h(331)::checkFileExists : ::loadSemanticSceneDescriptor: File `data/scene_datasets/habitat-test-scenes/van-gogh-room.scn` does not exist.  Aborting load.
[19:02:09:313062]:[Warning]:[Scene] SemanticScene.cpp(123)::loadSemanticSceneDescriptor : SSD File Naming Issue! Neither SemanticAttributes-provided name : `data/scene_datasets/habitat-test-scenes/van-gogh-room.scn` nor constructed filename : `data/scene_datasets/habitat-test-scenes/info_semantic.json` exist on disk.
[19:02:09:313067]:[Error]:[Scene] SemanticScene.cpp(139)::loadSemanticSceneDescriptor : SSD Load Failure! File with SemanticAttributes-provided name `data/scene_datasets/habitat-test-scenes/van-gogh-room.scn` exists but failed to load.
[19:02:09:759578]:[Warning]:[Sim] Simulator.cpp(595)::instanceStageForSceneAttributes : The active scene does not contain semantic annotations : activeSemanticSceneID_ = 0
2026-08-11 19:02:11,161 update: 4670	fps: 493.742	
2026-08-11 19:02:11,161 Num updates: 4670	Num frames 747200
2026-08-11 19:02:11,161 Average window size: 50  distance_to_goal: 0.240  distance_to_goal_reward: 0.000  reward: 5.928  spl: 0.826  success: 0.906
2026-08-11 19:02:11,161 	Perf Stats: trainer.rollout_collect: 0.286 trainer.sample_action: 0.003 trainer.obs_insert: 0.000 trainer.step_env: 0.005 trainer.update_stats: 0.001 trainer.update_agent: 0.035
2026-08-11 19:02:14,267 update: 4680	fps: 493.786	
2026-08-11 19:02:14,267 Num updates: 4680	Num frames 748800
2026-08-11 19:02:14,267 Average window size: 50  distance_to_goal: 0.226  distance_to_goal_reward: 0.000  reward: 5.931  spl: 0.828  success: 0.912
2026-08-11 19:02:14,267 	Perf Stats: trainer.rollout_collect: 0.286 trainer.sample_action: 0.003 trainer.obs_insert: 0.000 trainer.step_env: 0.005 trainer.update_stats: 0.001 trainer.update_agent: 0.035
2026-08-11 19:02:17,358 update: 4690	fps: 493.834	
2026-08-11 19:02:17,358 Num updates: 4690	Num frames 750400
2026-08-11 19:02:17,358 Average window size: 50  distance_to_goal: 0.218  distance_to_goal_reward: 0.000  reward: 5.878  spl: 0.832  success: 0.917
2026-08-11 19:02:17,359 	Perf Stats: trainer.rollout_collect: 0.286 trainer.sample_action: 0.003 trainer.obs_insert: 0.000 trainer.step_env: 0.005 trainer.update_stats: 0.001 trainer.update_agent: 0.035
2026-08-11 19:02:20,545 update: 4700	fps: 493.852	
2026-08-11 19:02:20,545 Num updates: 4700	Num frames 752000
2026-08-11 19:02:20,546 Average window size: 50  distance_to_goal: 0.151  distance_to_goal_reward: 0.000  reward: 5.992  spl: 0.846  success: 0.933
2026-08-11 19:02:20,546 	Perf Stats: trainer.rollout_collect: 0.286 trainer.sample_action: 0.003 trainer.obs_insert: 0.000 trainer.step_env: 0.005 trainer.update_stats: 0.001 trainer.update_agent: 0.035
PluginManager::Manager: duplicate static plugin StbImageImporter, ignoring
PluginManager::Manager: duplicate static plugin GltfImporter, ignoring
PluginManager::Manager: duplicate static plugin BasisImporter, ignoring
PluginManager::Manager: duplicate static plugin AssimpImporter, ignoring
PluginManager::Manager: duplicate static plugin AnySceneImporter, ignoring
PluginManager::Manager: duplicate static plugin AnyImageImporter, ignoring
Renderer: NVIDIA GeForce RTX 4070/PCIe/SSE2 by NVIDIA Corporation
OpenGL version: 4.6.0 NVIDIA 580.173.02
Using optional features:
    GL_ARB_vertex_array_object
    GL_ARB_separate_shader_objects
    GL_ARB_robustness
    GL_ARB_texture_storage
    GL_ARB_texture_view
    GL_ARB_framebuffer_no_attachments
    GL_ARB_invalidate_subdata
    GL_ARB_texture_storage_multisample
    GL_ARB_multi_bind
    GL_ARB_direct_state_access
    GL_ARB_get_texture_sub_image
    GL_ARB_texture_filter_anisotropic
    GL_KHR_debug
    GL_KHR_parallel_shader_compile
    GL_NV_depth_buffer_float
Using driver workarounds:
    no-forward-compatible-core-context
    nv-egl-incorrect-gl11-function-pointers
    no-layout-qualifiers-on-old-glsl
    nv-zero-context-profile-mask
    nv-implementation-color-read-format-dsa-broken
    nv-cubemap-inconsistent-compressed-image-size
    nv-cubemap-broken-full-compressed-image-query
    nv-compressed-block-size-in-bits
[19:02:22:638127]:[Warning]:[Scene] SemanticScene.h(331)::checkFileExists : ::loadSemanticSceneDescriptor: File `data/scene_datasets/habitat-test-scenes/van-gogh-room.scn` does not exist.  Aborting load.
[19:02:22:638199]:[Warning]:[Scene] SemanticScene.cpp(123)::loadSemanticSceneDescriptor : SSD File Naming Issue! Neither SemanticAttributes-provided name : `data/scene_datasets/habitat-test-scenes/van-gogh-room.scn` nor constructed filename : `data/scene_datasets/habitat-test-scenes/info_semantic.json` exist on disk.
[19:02:22:638208]:[Error]:[Scene] SemanticScene.cpp(139)::loadSemanticSceneDescriptor : SSD Load Failure! File with SemanticAttributes-provided name `data/scene_datasets/habitat-test-scenes/van-gogh-room.scn` exists but failed to load.
[19:02:23:090708]:[Warning]:[Sim] Simulator.cpp(595)::instanceStageForSceneAttributes : The active scene does not contain semantic annotations : activeSemanticSceneID_ = 0
2026-08-11 19:02:24,082 update: 4710	fps: 493.756	
2026-08-11 19:02:24,082 Num updates: 4710	Num frames 753600
2026-08-11 19:02:24,082 Average window size: 50  distance_to_goal: 0.153  distance_to_goal_reward: 0.000  reward: 5.871  spl: 0.838  success: 0.927
2026-08-11 19:02:24,082 	Perf Stats: trainer.rollout_collect: 0.286 trainer.sample_action: 0.003 trainer.obs_insert: 0.000 trainer.step_env: 0.005 trainer.update_stats: 0.001 trainer.update_agent: 0.035
2026-08-11 19:02:27,129 update: 4720	fps: 493.818	
2026-08-11 19:02:27,130 Num updates: 4720	Num frames 755200
2026-08-11 19:02:27,130 Average window size: 50  distance_to_goal: 0.116  distance_to_goal_reward: 0.000  reward: 5.888  spl: 0.851  success: 0.950
2026-08-11 19:02:27,130 	Perf Stats: trainer.rollout_collect: 0.286 trainer.sample_action: 0.003 trainer.obs_insert: 0.000 trainer.step_env: 0.005 trainer.update_stats: 0.001 trainer.update_agent: 0.035
PluginManager::Manager: duplicate static plugin StbImageImporter, ignoring
PluginManager::Manager: duplicate static plugin GltfImporter, ignoring
PluginManager::Manager: duplicate static plugin BasisImporter, ignoring
PluginManager::Manager: duplicate static plugin AssimpImporter, ignoring
PluginManager::Manager: duplicate static plugin AnySceneImporter, ignoring
PluginManager::Manager: duplicate static plugin AnyImageImporter, ignoring
Renderer: NVIDIA GeForce RTX 4070/PCIe/SSE2 by NVIDIA Corporation
OpenGL version: 4.6.0 NVIDIA 580.173.02
Using optional features:
    GL_ARB_vertex_array_object
    GL_ARB_separate_shader_objects
    GL_ARB_robustness
    GL_ARB_texture_storage
    GL_ARB_texture_view
    GL_ARB_framebuffer_no_attachments
    GL_ARB_invalidate_subdata
    GL_ARB_texture_storage_multisample
    GL_ARB_multi_bind
    GL_ARB_direct_state_access
    GL_ARB_get_texture_sub_image
    GL_ARB_texture_filter_anisotropic
    GL_KHR_debug
    GL_KHR_parallel_shader_compile
    GL_NV_depth_buffer_float
Using driver workarounds:
    no-forward-compatible-core-context
    nv-egl-incorrect-gl11-function-pointers
    no-layout-qualifiers-on-old-glsl
    nv-zero-context-profile-mask
    nv-implementation-color-read-format-dsa-broken
    nv-cubemap-inconsistent-compressed-image-size
    nv-cubemap-broken-full-compressed-image-query
    nv-compressed-block-size-in-bits
[19:02:27:885946]:[Warning]:[Scene] SemanticScene.h(331)::checkFileExists : ::loadSemanticSceneDescriptor: File `data/scene_datasets/habitat-test-scenes/skokloster-castle.scn` does not exist.  Aborting load.
[19:02:27:885962]:[Warning]:[Scene] SemanticScene.cpp(123)::loadSemanticSceneDescriptor : SSD File Naming Issue! Neither SemanticAttributes-provided name : `data/scene_datasets/habitat-test-scenes/skokloster-castle.scn` nor constructed filename : `data/scene_datasets/habitat-test-scenes/info_semantic.json` exist on disk.
[19:02:27:885967]:[Error]:[Scene] SemanticScene.cpp(139)::loadSemanticSceneDescriptor : SSD Load Failure! File with SemanticAttributes-provided name `data/scene_datasets/habitat-test-scenes/skokloster-castle.scn` exists but failed to load.
[19:02:28:489370]:[Warning]:[Sim] Simulator.cpp(595)::instanceStageForSceneAttributes : The active scene does not contain semantic annotations : activeSemanticSceneID_ = 0
PluginManager::Manager: duplicate static plugin StbImageImporter, ignoring
PluginManager::Manager: duplicate static plugin GltfImporter, ignoring
PluginManager::Manager: duplicate static plugin BasisImporter, ignoring
PluginManager::Manager: duplicate static plugin AssimpImporter, ignoring
PluginManager::Manager: duplicate static plugin AnySceneImporter, ignoring
PluginManager::Manager: duplicate static plugin AnyImageImporter, ignoring
Renderer: NVIDIA GeForce RTX 4070/PCIe/SSE2 by NVIDIA Corporation
OpenGL version: 4.6.0 NVIDIA 580.173.02
Using optional features:
    GL_ARB_vertex_array_object
    GL_ARB_separate_shader_objects
    GL_ARB_robustness
    GL_ARB_texture_storage
    GL_ARB_texture_view
    GL_ARB_framebuffer_no_attachments
    GL_ARB_invalidate_subdata
    GL_ARB_texture_storage_multisample
    GL_ARB_multi_bind
    GL_ARB_direct_state_access
    GL_ARB_get_texture_sub_image
    GL_ARB_texture_filter_anisotropic
    GL_KHR_debug
    GL_KHR_parallel_shader_compile
    GL_NV_depth_buffer_float
Using driver workarounds:
    no-forward-compatible-core-context
    nv-egl-incorrect-gl11-function-pointers
    no-layout-qualifiers-on-old-glsl
    nv-zero-context-profile-mask
    nv-implementation-color-read-format-dsa-broken
    nv-cubemap-inconsistent-compressed-image-size
    nv-cubemap-broken-full-compressed-image-query
    nv-compressed-block-size-in-bits
[19:02:29:623700]:[Warning]:[Scene] SemanticScene.h(331)::checkFileExists : ::loadSemanticSceneDescriptor: File `data/scene_datasets/habitat-test-scenes/skokloster-castle.scn` does not exist.  Aborting load.
[19:02:29:623716]:[Warning]:[Scene] SemanticScene.cpp(123)::loadSemanticSceneDescriptor : SSD File Naming Issue! Neither SemanticAttributes-provided name : `data/scene_datasets/habitat-test-scenes/skokloster-castle.scn` nor constructed filename : `data/scene_datasets/habitat-test-scenes/info_semantic.json` exist on disk.
[19:02:29:623721]:[Error]:[Scene] SemanticScene.cpp(139)::loadSemanticSceneDescriptor : SSD Load Failure! File with SemanticAttributes-provided name `data/scene_datasets/habitat-test-scenes/skokloster-castle.scn` exists but failed to load.
[19:02:30:235682]:[Warning]:[Sim] Simulator.cpp(595)::instanceStageForSceneAttributes : The active scene does not contain semantic annotations : activeSemanticSceneID_ = 0
2026-08-11 19:02:31,437 update: 4730	fps: 493.474	
2026-08-11 19:02:31,437 Num updates: 4730	Num frames 756800
2026-08-11 19:02:31,437 Average window size: 50  distance_to_goal: 0.116  distance_to_goal_reward: 0.000  reward: 5.837  spl: 0.851  success: 0.953
2026-08-11 19:02:31,437 	Perf Stats: trainer.rollout_collect: 0.286 trainer.sample_action: 0.003 trainer.obs_insert: 0.000 trainer.step_env: 0.005 trainer.update_stats: 0.001 trainer.update_agent: 0.035
2026-08-11 19:02:34,518 update: 4740	fps: 493.526	
2026-08-11 19:02:34,518 Num updates: 4740	Num frames 758400
2026-08-11 19:02:34,518 Average window size: 50  distance_to_goal: 0.118  distance_to_goal_reward: 0.000  reward: 5.887  spl: 0.851  success: 0.956
2026-08-11 19:02:34,519 	Perf Stats: trainer.rollout_collect: 0.286 trainer.sample_action: 0.003 trainer.obs_insert: 0.000 trainer.step_env: 0.005 trainer.update_stats: 0.001 trainer.update_agent: 0.035
2026-08-11 19:02:37,580 update: 4750	fps: 493.584	
2026-08-11 19:02:37,580 Num updates: 4750	Num frames 760000
2026-08-11 19:02:37,580 Average window size: 50  distance_to_goal: 0.151  distance_to_goal_reward: 0.000  reward: 5.770  spl: 0.833  success: 0.940
2026-08-11 19:02:37,580 	Perf Stats: trainer.rollout_collect: 0.286 trainer.sample_action: 0.003 trainer.obs_insert: 0.000 trainer.step_env: 0.005 trainer.update_stats: 0.001 trainer.update_agent: 0.035
2026-08-11 19:02:40,674 update: 4760	fps: 493.631	
2026-08-11 19:02:40,674 Num updates: 4760	Num frames 761600
2026-08-11 19:02:40,674 Average window size: 50  distance_to_goal: 0.156  distance_to_goal_reward: 0.000  reward: 5.978  spl: 0.851  success: 0.957
2026-08-11 19:02:40,674 	Perf Stats: trainer.rollout_collect: 0.286 trainer.sample_action: 0.003 trainer.obs_insert: 0.000 trainer.step_env: 0.005 trainer.update_stats: 0.001 trainer.update_agent: 0.035
PluginManager::Manager: duplicate static plugin StbImageImporter, ignoring
PluginManager::Manager: duplicate static plugin GltfImporter, ignoring
PluginManager::Manager: duplicate static plugin BasisImporter, ignoring
PluginManager::Manager: duplicate static plugin AssimpImporter, ignoring
PluginManager::Manager: duplicate static plugin AnySceneImporter, ignoring
PluginManager::Manager: duplicate static plugin AnyImageImporter, ignoring
Renderer: NVIDIA GeForce RTX 4070/PCIe/SSE2 by NVIDIA Corporation
OpenGL version: 4.6.0 NVIDIA 580.173.02
Using optional features:
    GL_ARB_vertex_array_object
    GL_ARB_separate_shader_objects
    GL_ARB_robustness
    GL_ARB_texture_storage
    GL_ARB_texture_view
    GL_ARB_framebuffer_no_attachments
    GL_ARB_invalidate_subdata
    GL_ARB_texture_storage_multisample
    GL_ARB_multi_bind
    GL_ARB_direct_state_access
    GL_ARB_get_texture_sub_image
    GL_ARB_texture_filter_anisotropic
    GL_KHR_debug
    GL_KHR_parallel_shader_compile
    GL_NV_depth_buffer_float
Using driver workarounds:
    no-forward-compatible-core-context
    nv-egl-incorrect-gl11-function-pointers
    no-layout-qualifiers-on-old-glsl
    nv-zero-context-profile-mask
    nv-implementation-color-read-format-dsa-broken
    nv-cubemap-inconsistent-compressed-image-size
    nv-cubemap-broken-full-compressed-image-query
    nv-compressed-block-size-in-bits
[19:02:42:389301]:[Warning]:[Scene] SemanticScene.h(331)::checkFileExists : ::loadSemanticSceneDescriptor: File `data/scene_datasets/habitat-test-scenes/skokloster-castle.scn` does not exist.  Aborting load.
[19:02:42:389318]:[Warning]:[Scene] SemanticScene.cpp(123)::loadSemanticSceneDescriptor : SSD File Naming Issue! Neither SemanticAttributes-provided name : `data/scene_datasets/habitat-test-scenes/skokloster-castle.scn` nor constructed filename : `data/scene_datasets/habitat-test-scenes/info_semantic.json` exist on disk.
[19:02:42:389324]:[Error]:[Scene] SemanticScene.cpp(139)::loadSemanticSceneDescriptor : SSD Load Failure! File with SemanticAttributes-provided name `data/scene_datasets/habitat-test-scenes/skokloster-castle.scn` exists but failed to load.
[19:02:42:993378]:[Warning]:[Sim] Simulator.cpp(595)::instanceStageForSceneAttributes : The active scene does not contain semantic annotations : activeSemanticSceneID_ = 0
2026-08-11 19:02:44,406 update: 4770	fps: 493.474	
2026-08-11 19:02:44,414 Num updates: 4770	Num frames 763200
2026-08-11 19:02:44,414 Average window size: 50  distance_to_goal: 0.162  distance_to_goal_reward: 0.000  reward: 6.070  spl: 0.839  success: 0.946
2026-08-11 19:02:44,414 	Perf Stats: trainer.rollout_collect: 0.286 trainer.sample_action: 0.003 trainer.obs_insert: 0.000 trainer.step_env: 0.005 trainer.update_stats: 0.001 trainer.update_agent: 0.035
2026-08-11 19:02:47,527 update: 4780	fps: 493.513	
2026-08-11 19:02:47,527 Num updates: 4780	Num frames 764800
2026-08-11 19:02:47,527 Average window size: 50  distance_to_goal: 0.315  distance_to_goal_reward: 0.000  reward: 6.187  spl: 0.821  success: 0.929
2026-08-11 19:02:47,527 	Perf Stats: trainer.rollout_collect: 0.286 trainer.sample_action: 0.003 trainer.obs_insert: 0.000 trainer.step_env: 0.005 trainer.update_stats: 0.001 trainer.update_agent: 0.035
2026-08-11 19:02:50,638 update: 4790	fps: 493.554	
2026-08-11 19:02:50,639 Num updates: 4790	Num frames 766400
2026-08-11 19:02:50,639 Average window size: 50  distance_to_goal: 0.323  distance_to_goal_reward: 0.000  reward: 6.657  spl: 0.831  success: 0.939
2026-08-11 19:02:50,639 	Perf Stats: trainer.rollout_collect: 0.286 trainer.sample_action: 0.003 trainer.obs_insert: 0.000 trainer.step_env: 0.005 trainer.update_stats: 0.001 trainer.update_agent: 0.035
2026-08-11 19:02:53,884 update: 4800	fps: 493.553	
2026-08-11 19:02:53,884 Num updates: 4800	Num frames 768000
2026-08-11 19:02:53,884 Average window size: 50  distance_to_goal: 0.291  distance_to_goal_reward: 0.000  reward: 7.056  spl: 0.845  success: 0.950
2026-08-11 19:02:53,884 	Perf Stats: trainer.rollout_collect: 0.286 trainer.sample_action: 0.003 trainer.obs_insert: 0.000 trainer.step_env: 0.005 trainer.update_stats: 0.001 trainer.update_agent: 0.035
2026-08-11 19:02:57,001 update: 4810	fps: 493.593	
2026-08-11 19:02:57,001 Num updates: 4810	Num frames 769600
2026-08-11 19:02:57,001 Average window size: 50  distance_to_goal: 0.358  distance_to_goal_reward: 0.000  reward: 7.209  spl: 0.850  success: 0.952
2026-08-11 19:02:57,001 	Perf Stats: trainer.rollout_collect: 0.286 trainer.sample_action: 0.003 trainer.obs_insert: 0.000 trainer.step_env: 0.005 trainer.update_stats: 0.001 trainer.update_agent: 0.035
2026-08-11 19:03:00,123 update: 4820	fps: 493.630	
2026-08-11 19:03:00,124 Num updates: 4820	Num frames 771200
2026-08-11 19:03:00,124 Average window size: 50  distance_to_goal: 0.421  distance_to_goal_reward: 0.000  reward: 7.252  spl: 0.841  success: 0.950
2026-08-11 19:03:00,124 	Perf Stats: trainer.rollout_collect: 0.286 trainer.sample_action: 0.003 trainer.obs_insert: 0.000 trainer.step_env: 0.005 trainer.update_stats: 0.001 trainer.update_agent: 0.035
2026-08-11 19:03:03,276 update: 4830	fps: 493.658	
2026-08-11 19:03:03,276 Num updates: 4830	Num frames 772800
2026-08-11 19:03:03,276 Average window size: 50  distance_to_goal: 0.263  distance_to_goal_reward: 0.000  reward: 7.426  spl: 0.851  success: 0.958
2026-08-11 19:03:03,276 	Perf Stats: trainer.rollout_collect: 0.286 trainer.sample_action: 0.003 trainer.obs_insert: 0.000 trainer.step_env: 0.005 trainer.update_stats: 0.001 trainer.update_agent: 0.035
2026-08-11 19:03:06,420 update: 4840	fps: 493.689	
2026-08-11 19:03:06,420 Num updates: 4840	Num frames 774400
2026-08-11 19:03:06,420 Average window size: 50  distance_to_goal: 0.265  distance_to_goal_reward: 0.000  reward: 7.340  spl: 0.841  success: 0.951
2026-08-11 19:03:06,420 	Perf Stats: trainer.rollout_collect: 0.286 trainer.sample_action: 0.003 trainer.obs_insert: 0.000 trainer.step_env: 0.005 trainer.update_stats: 0.001 trainer.update_agent: 0.035
2026-08-11 19:03:09,546 update: 4850	fps: 493.725	
2026-08-11 19:03:09,546 Num updates: 4850	Num frames 776000
2026-08-11 19:03:09,546 Average window size: 50  distance_to_goal: 0.255  distance_to_goal_reward: 0.000  reward: 7.295  spl: 0.829  success: 0.942
2026-08-11 19:03:09,546 	Perf Stats: trainer.rollout_collect: 0.286 trainer.sample_action: 0.003 trainer.obs_insert: 0.000 trainer.step_env: 0.005 trainer.update_stats: 0.001 trainer.update_agent: 0.035
2026-08-11 19:03:12,680 update: 4860	fps: 493.758	
2026-08-11 19:03:12,680 Num updates: 4860	Num frames 777600
2026-08-11 19:03:12,680 Average window size: 50  distance_to_goal: 0.168  distance_to_goal_reward: 0.000  reward: 7.488  spl: 0.829  success: 0.944
2026-08-11 19:03:12,680 	Perf Stats: trainer.rollout_collect: 0.286 trainer.sample_action: 0.003 trainer.obs_insert: 0.000 trainer.step_env: 0.005 trainer.update_stats: 0.001 trainer.update_agent: 0.035
2026-08-11 19:03:15,830 update: 4870	fps: 493.787	
2026-08-11 19:03:15,830 Num updates: 4870	Num frames 779200
2026-08-11 19:03:15,830 Average window size: 50  distance_to_goal: 0.199  distance_to_goal_reward: 0.000  reward: 7.466  spl: 0.821  success: 0.926
2026-08-11 19:03:15,830 	Perf Stats: trainer.rollout_collect: 0.286 trainer.sample_action: 0.003 trainer.obs_insert: 0.000 trainer.step_env: 0.005 trainer.update_stats: 0.001 trainer.update_agent: 0.035
2026-08-11 19:03:18,939 update: 4880	fps: 493.828	
2026-08-11 19:03:18,939 Num updates: 4880	Num frames 780800
2026-08-11 19:03:18,939 Average window size: 50  distance_to_goal: 0.205  distance_to_goal_reward: -0.000  reward: 7.176  spl: 0.817  success: 0.921
2026-08-11 19:03:18,939 	Perf Stats: trainer.rollout_collect: 0.286 trainer.sample_action: 0.003 trainer.obs_insert: 0.000 trainer.step_env: 0.005 trainer.update_stats: 0.001 trainer.update_agent: 0.035
2026-08-11 19:03:22,069 update: 4890	fps: 493.862	
2026-08-11 19:03:22,069 Num updates: 4890	Num frames 782400
2026-08-11 19:03:22,069 Average window size: 50  distance_to_goal: 0.269  distance_to_goal_reward: -0.000  reward: 6.788  spl: 0.804  success: 0.904
2026-08-11 19:03:22,069 	Perf Stats: trainer.rollout_collect: 0.286 trainer.sample_action: 0.003 trainer.obs_insert: 0.000 trainer.step_env: 0.005 trainer.update_stats: 0.001 trainer.update_agent: 0.035
2026-08-11 19:03:25,279 update: 4900	fps: 493.871	
2026-08-11 19:03:25,279 Num updates: 4900	Num frames 784000
2026-08-11 19:03:25,279 Average window size: 50  distance_to_goal: 0.352  distance_to_goal_reward: -0.000  reward: 6.714  spl: 0.814  success: 0.907
2026-08-11 19:03:25,279 	Perf Stats: trainer.rollout_collect: 0.286 trainer.sample_action: 0.003 trainer.obs_insert: 0.000 trainer.step_env: 0.005 trainer.update_stats: 0.001 trainer.update_agent: 0.035
2026-08-11 19:03:28,412 update: 4910	fps: 493.904	
2026-08-11 19:03:28,412 Num updates: 4910	Num frames 785600
2026-08-11 19:03:28,412 Average window size: 50  distance_to_goal: 0.285  distance_to_goal_reward: -0.000  reward: 6.705  spl: 0.831  success: 0.917
2026-08-11 19:03:28,412 	Perf Stats: trainer.rollout_collect: 0.286 trainer.sample_action: 0.003 trainer.obs_insert: 0.000 trainer.step_env: 0.005 trainer.update_stats: 0.001 trainer.update_agent: 0.035
2026-08-11 19:03:31,545 update: 4920	fps: 493.938	
2026-08-11 19:03:31,545 Num updates: 4920	Num frames 787200
2026-08-11 19:03:31,545 Average window size: 50  distance_to_goal: 0.348  distance_to_goal_reward: -0.000  reward: 6.893  spl: 0.843  success: 0.931
2026-08-11 19:03:31,545 	Perf Stats: trainer.rollout_collect: 0.286 trainer.sample_action: 0.003 trainer.obs_insert: 0.000 trainer.step_env: 0.005 trainer.update_stats: 0.001 trainer.update_agent: 0.035
2026-08-11 19:03:34,681 update: 4930	fps: 493.969	
2026-08-11 19:03:34,682 Num updates: 4930	Num frames 788800
2026-08-11 19:03:34,682 Average window size: 50  distance_to_goal: 0.306  distance_to_goal_reward: 0.000  reward: 7.256  spl: 0.859  success: 0.956
2026-08-11 19:03:34,682 	Perf Stats: trainer.rollout_collect: 0.286 trainer.sample_action: 0.003 trainer.obs_insert: 0.000 trainer.step_env: 0.005 trainer.update_stats: 0.001 trainer.update_agent: 0.035
PluginManager::Manager: duplicate static plugin StbImageImporter, ignoring
PluginManager::Manager: duplicate static plugin GltfImporter, ignoring
PluginManager::Manager: duplicate static plugin BasisImporter, ignoring
PluginManager::Manager: duplicate static plugin AssimpImporter, ignoring
PluginManager::Manager: duplicate static plugin AnySceneImporter, ignoring
PluginManager::Manager: duplicate static plugin AnyImageImporter, ignoring
Renderer: NVIDIA GeForce RTX 4070/PCIe/SSE2 by NVIDIA Corporation
OpenGL version: 4.6.0 NVIDIA 580.173.02
Using optional features:
    GL_ARB_vertex_array_object
    GL_ARB_separate_shader_objects
    GL_ARB_robustness
    GL_ARB_texture_storage
    GL_ARB_texture_view
    GL_ARB_framebuffer_no_attachments
    GL_ARB_invalidate_subdata
    GL_ARB_texture_storage_multisample
    GL_ARB_multi_bind
    GL_ARB_direct_state_access
    GL_ARB_get_texture_sub_image
    GL_ARB_texture_filter_anisotropic
    GL_KHR_debug
    GL_KHR_parallel_shader_compile
    GL_NV_depth_buffer_float
Using driver workarounds:
    no-forward-compatible-core-context
    nv-egl-incorrect-gl11-function-pointers
    no-layout-qualifiers-on-old-glsl
    nv-zero-context-profile-mask
    nv-implementation-color-read-format-dsa-broken
    nv-cubemap-inconsistent-compressed-image-size
    nv-cubemap-broken-full-compressed-image-query
    nv-compressed-block-size-in-bits
[19:03:36:614283]:[Warning]:[Scene] SemanticScene.h(331)::checkFileExists : ::loadSemanticSceneDescriptor: File `data/scene_datasets/habitat-test-scenes/skokloster-castle.scn` does not exist.  Aborting load.
[19:03:36:614299]:[Warning]:[Scene] SemanticScene.cpp(123)::loadSemanticSceneDescriptor : SSD File Naming Issue! Neither SemanticAttributes-provided name : `data/scene_datasets/habitat-test-scenes/skokloster-castle.scn` nor constructed filename : `data/scene_datasets/habitat-test-scenes/info_semantic.json` exist on disk.
[19:03:36:614304]:[Error]:[Scene] SemanticScene.cpp(139)::loadSemanticSceneDescriptor : SSD Load Failure! File with SemanticAttributes-provided name `data/scene_datasets/habitat-test-scenes/skokloster-castle.scn` exists but failed to load.
[19:03:37:231582]:[Warning]:[Sim] Simulator.cpp(595)::instanceStageForSceneAttributes : The active scene does not contain semantic annotations : activeSemanticSceneID_ = 0
2026-08-11 19:03:38,473 update: 4940	fps: 493.799	
2026-08-11 19:03:38,473 Num updates: 4940	Num frames 790400
2026-08-11 19:03:38,473 Average window size: 50  distance_to_goal: 0.258  distance_to_goal_reward: 0.000  reward: 7.546  spl: 0.864  success: 0.962
2026-08-11 19:03:38,473 	Perf Stats: trainer.rollout_collect: 0.286 trainer.sample_action: 0.003 trainer.obs_insert: 0.000 trainer.step_env: 0.005 trainer.update_stats: 0.001 trainer.update_agent: 0.035
2026-08-11 19:03:41,646 update: 4950	fps: 493.820	
2026-08-11 19:03:41,646 Num updates: 4950	Num frames 792000
2026-08-11 19:03:41,646 Average window size: 50  distance_to_goal: 0.325  distance_to_goal_reward: 0.000  reward: 7.507  spl: 0.858  success: 0.951
2026-08-11 19:03:41,646 	Perf Stats: trainer.rollout_collect: 0.286 trainer.sample_action: 0.003 trainer.obs_insert: 0.000 trainer.step_env: 0.005 trainer.update_stats: 0.001 trainer.update_agent: 0.035
2026-08-11 19:03:44,818 update: 4960	fps: 493.840	
2026-08-11 19:03:44,819 Num updates: 4960	Num frames 793600
2026-08-11 19:03:44,819 Average window size: 50  distance_to_goal: 0.409  distance_to_goal_reward: 0.000  reward: 7.718  spl: 0.838  success: 0.940
2026-08-11 19:03:44,819 	Perf Stats: trainer.rollout_collect: 0.286 trainer.sample_action: 0.003 trainer.obs_insert: 0.000 trainer.step_env: 0.005 trainer.update_stats: 0.001 trainer.update_agent: 0.035
2026-08-11 19:03:48,004 update: 4970	fps: 493.857	
2026-08-11 19:03:48,004 Num updates: 4970	Num frames 795200
2026-08-11 19:03:48,004 Average window size: 50  distance_to_goal: 0.471  distance_to_goal_reward: 0.000  reward: 7.668  spl: 0.823  success: 0.923
2026-08-11 19:03:48,004 	Perf Stats: trainer.rollout_collect: 0.286 trainer.sample_action: 0.003 trainer.obs_insert: 0.000 trainer.step_env: 0.005 trainer.update_stats: 0.001 trainer.update_agent: 0.035
2026-08-11 19:03:51,190 update: 4980	fps: 493.873	
2026-08-11 19:03:51,191 Num updates: 4980	Num frames 796800
2026-08-11 19:03:51,191 Average window size: 50  distance_to_goal: 0.681  distance_to_goal_reward: 0.002  reward: 7.665  spl: 0.788  success: 0.896
2026-08-11 19:03:51,191 	Perf Stats: trainer.rollout_collect: 0.286 trainer.sample_action: 0.003 trainer.obs_insert: 0.000 trainer.step_env: 0.005 trainer.update_stats: 0.001 trainer.update_agent: 0.035
2026-08-11 19:03:54,367 update: 4990	fps: 493.892	
2026-08-11 19:03:54,368 Num updates: 4990	Num frames 798400
2026-08-11 19:03:54,368 Average window size: 50  distance_to_goal: 0.678  distance_to_goal_reward: 0.002  reward: 8.063  spl: 0.788  success: 0.916
2026-08-11 19:03:54,368 	Perf Stats: trainer.rollout_collect: 0.286 trainer.sample_action: 0.003 trainer.obs_insert: 0.000 trainer.step_env: 0.005 trainer.update_stats: 0.001 trainer.update_agent: 0.035
2026-08-11 19:03:57,652 update: 5000	fps: 493.879	
2026-08-11 19:03:57,652 Num updates: 5000	Num frames 800000
2026-08-11 19:03:57,652 Average window size: 50  distance_to_goal: 0.514  distance_to_goal_reward: 0.002  reward: 8.395  spl: 0.795  success: 0.932
2026-08-11 19:03:57,652 	Perf Stats: trainer.rollout_collect: 0.286 trainer.sample_action: 0.003 trainer.obs_insert: 0.000 trainer.step_env: 0.005 trainer.update_stats: 0.001 trainer.update_agent: 0.035
2026-08-11 19:04:00,899 update: 5010	fps: 493.876	
2026-08-11 19:04:00,899 Num updates: 5010	Num frames 801600
2026-08-11 19:04:00,900 Average window size: 50  distance_to_goal: 0.608  distance_to_goal_reward: 0.002  reward: 8.409  spl: 0.778  success: 0.911
2026-08-11 19:04:00,900 	Perf Stats: trainer.rollout_collect: 0.286 trainer.sample_action: 0.003 trainer.obs_insert: 0.000 trainer.step_env: 0.005 trainer.update_stats: 0.001 trainer.update_agent: 0.035
PluginManager::Manager: duplicate static plugin StbImageImporter, ignoring
PluginManager::Manager: duplicate static plugin GltfImporter, ignoring
PluginManager::Manager: duplicate static plugin BasisImporter, ignoring
PluginManager::Manager: duplicate static plugin AssimpImporter, ignoring
PluginManager::Manager: duplicate static plugin AnySceneImporter, ignoring
PluginManager::Manager: duplicate static plugin AnyImageImporter, ignoring
Renderer: NVIDIA GeForce RTX 4070/PCIe/SSE2 by NVIDIA Corporation
OpenGL version: 4.6.0 NVIDIA 580.173.02
Using optional features:
    GL_ARB_vertex_array_object
    GL_ARB_separate_shader_objects
    GL_ARB_robustness
    GL_ARB_texture_storage
    GL_ARB_texture_view
    GL_ARB_framebuffer_no_attachments
    GL_ARB_invalidate_subdata
    GL_ARB_texture_storage_multisample
    GL_ARB_multi_bind
    GL_ARB_direct_state_access
    GL_ARB_get_texture_sub_image
    GL_ARB_texture_filter_anisotropic
    GL_KHR_debug
    GL_KHR_parallel_shader_compile
    GL_NV_depth_buffer_float
Using driver workarounds:
    no-forward-compatible-core-context
    nv-egl-incorrect-gl11-function-pointers
    no-layout-qualifiers-on-old-glsl
    nv-zero-context-profile-mask
    nv-implementation-color-read-format-dsa-broken
    nv-cubemap-inconsistent-compressed-image-size
    nv-cubemap-broken-full-compressed-image-query
    nv-compressed-block-size-in-bits
[19:04:01:009330]:[Warning]:[Scene] SemanticScene.h(331)::checkFileExists : ::loadSemanticSceneDescriptor: File `data/scene_datasets/habitat-test-scenes/van-gogh-room.scn` does not exist.  Aborting load.
[19:04:01:009346]:[Warning]:[Scene] SemanticScene.cpp(123)::loadSemanticSceneDescriptor : SSD File Naming Issue! Neither SemanticAttributes-provided name : `data/scene_datasets/habitat-test-scenes/van-gogh-room.scn` nor constructed filename : `data/scene_datasets/habitat-test-scenes/info_semantic.json` exist on disk.
[19:04:01:009351]:[Error]:[Scene] SemanticScene.cpp(139)::loadSemanticSceneDescriptor : SSD Load Failure! File with SemanticAttributes-provided name `data/scene_datasets/habitat-test-scenes/van-gogh-room.scn` exists but failed to load.
[19:04:01:459979]:[Warning]:[Sim] Simulator.cpp(595)::instanceStageForSceneAttributes : The active scene does not contain semantic annotations : activeSemanticSceneID_ = 0
2026-08-11 19:04:04,500 update: 5020	fps: 493.767	
2026-08-11 19:04:04,501 Num updates: 5020	Num frames 803200
2026-08-11 19:04:04,501 Average window size: 50  distance_to_goal: 0.456  distance_to_goal_reward: 0.002  reward: 8.073  spl: 0.770  success: 0.915
2026-08-11 19:04:04,501 	Perf Stats: trainer.rollout_collect: 0.286 trainer.sample_action: 0.003 trainer.obs_insert: 0.000 trainer.step_env: 0.005 trainer.update_stats: 0.001 trainer.update_agent: 0.035
PluginManager::Manager: duplicate static plugin StbImageImporter, ignoring
PluginManager::Manager: duplicate static plugin GltfImporter, ignoring
PluginManager::Manager: duplicate static plugin BasisImporter, ignoring
PluginManager::Manager: duplicate static plugin AssimpImporter, ignoring
PluginManager::Manager: duplicate static plugin AnySceneImporter, ignoring
PluginManager::Manager: duplicate static plugin AnyImageImporter, ignoring
Renderer: NVIDIA GeForce RTX 4070/PCIe/SSE2 by NVIDIA Corporation
OpenGL version: 4.6.0 NVIDIA 580.173.02
Using optional features:
    GL_ARB_vertex_array_object
    GL_ARB_separate_shader_objects
    GL_ARB_robustness
    GL_ARB_texture_storage
    GL_ARB_texture_view
    GL_ARB_framebuffer_no_attachments
    GL_ARB_invalidate_subdata
    GL_ARB_texture_storage_multisample
    GL_ARB_multi_bind
    GL_ARB_direct_state_access
    GL_ARB_get_texture_sub_image
    GL_ARB_texture_filter_anisotropic
    GL_KHR_debug
    GL_KHR_parallel_shader_compile
    GL_NV_depth_buffer_float
Using driver workarounds:
    no-forward-compatible-core-context
    nv-egl-incorrect-gl11-function-pointers
    no-layout-qualifiers-on-old-glsl
    nv-zero-context-profile-mask
    nv-implementation-color-read-format-dsa-broken
    nv-cubemap-inconsistent-compressed-image-size
    nv-cubemap-broken-full-compressed-image-query
    nv-compressed-block-size-in-bits
[19:04:07:538938]:[Warning]:[Scene] SemanticScene.h(331)::checkFileExists : ::loadSemanticSceneDescriptor: File `data/scene_datasets/habitat-test-scenes/van-gogh-room.scn` does not exist.  Aborting load.
[19:04:07:538954]:[Warning]:[Scene] SemanticScene.cpp(123)::loadSemanticSceneDescriptor : SSD File Naming Issue! Neither SemanticAttributes-provided name : `data/scene_datasets/habitat-test-scenes/van-gogh-room.scn` nor constructed filename : `data/scene_datasets/habitat-test-scenes/info_semantic.json` exist on disk.
[19:04:07:538959]:[Error]:[Scene] SemanticScene.cpp(139)::loadSemanticSceneDescriptor : SSD Load Failure! File with SemanticAttributes-provided name `data/scene_datasets/habitat-test-scenes/van-gogh-room.scn` exists but failed to load.
[19:04:07:969719]:[Warning]:[Sim] Simulator.cpp(595)::instanceStageForSceneAttributes : The active scene does not contain semantic annotations : activeSemanticSceneID_ = 0
2026-08-11 19:04:08,045 update: 5030	fps: 493.674	
2026-08-11 19:04:08,045 Num updates: 5030	Num frames 804800
2026-08-11 19:04:08,045 Average window size: 50  distance_to_goal: 0.306  distance_to_goal_reward: 0.000  reward: 7.794  spl: 0.785  success: 0.926
2026-08-11 19:04:08,045 	Perf Stats: trainer.rollout_collect: 0.286 trainer.sample_action: 0.003 trainer.obs_insert: 0.000 trainer.step_env: 0.005 trainer.update_stats: 0.001 trainer.update_agent: 0.035
2026-08-11 19:04:11,130 update: 5040	fps: 493.721	
2026-08-11 19:04:11,131 Num updates: 5040	Num frames 806400
2026-08-11 19:04:11,131 Average window size: 50  distance_to_goal: 0.281  distance_to_goal_reward: 0.000  reward: 7.175  spl: 0.782  success: 0.920
2026-08-11 19:04:11,131 	Perf Stats: trainer.rollout_collect: 0.286 trainer.sample_action: 0.003 trainer.obs_insert: 0.000 trainer.step_env: 0.005 trainer.update_stats: 0.001 trainer.update_agent: 0.035
2026-08-11 19:04:14,216 update: 5050	fps: 493.768	
2026-08-11 19:04:14,216 Num updates: 5050	Num frames 808000
2026-08-11 19:04:14,216 Average window size: 50  distance_to_goal: 0.157  distance_to_goal_reward: 0.000  reward: 6.768  spl: 0.772  success: 0.910
2026-08-11 19:04:14,217 	Perf Stats: trainer.rollout_collect: 0.286 trainer.sample_action: 0.003 trainer.obs_insert: 0.000 trainer.step_env: 0.005 trainer.update_stats: 0.001 trainer.update_agent: 0.035
PluginManager::Manager: duplicate static plugin StbImageImporter, ignoring
PluginManager::Manager: duplicate static plugin GltfImporter, ignoring
PluginManager::Manager: duplicate static plugin BasisImporter, ignoring
PluginManager::Manager: duplicate static plugin AssimpImporter, ignoring
PluginManager::Manager: duplicate static plugin AnySceneImporter, ignoring
PluginManager::Manager: duplicate static plugin AnyImageImporter, ignoring
Renderer: NVIDIA GeForce RTX 4070/PCIe/SSE2 by NVIDIA Corporation
OpenGL version: 4.6.0 NVIDIA 580.173.02
Using optional features:
    GL_ARB_vertex_array_object
    GL_ARB_separate_shader_objects
    GL_ARB_robustness
    GL_ARB_texture_storage
    GL_ARB_texture_view
    GL_ARB_framebuffer_no_attachments
    GL_ARB_invalidate_subdata
    GL_ARB_texture_storage_multisample
    GL_ARB_multi_bind
    GL_ARB_direct_state_access
    GL_ARB_get_texture_sub_image
    GL_ARB_texture_filter_anisotropic
    GL_KHR_debug
    GL_KHR_parallel_shader_compile
    GL_NV_depth_buffer_float
Using driver workarounds:
    no-forward-compatible-core-context
    nv-egl-incorrect-gl11-function-pointers
    no-layout-qualifiers-on-old-glsl
    nv-zero-context-profile-mask
    nv-implementation-color-read-format-dsa-broken
    nv-cubemap-inconsistent-compressed-image-size
    nv-cubemap-broken-full-compressed-image-query
    nv-compressed-block-size-in-bits
[19:04:15:285014]:[Warning]:[Scene] SemanticScene.h(331)::checkFileExists : ::loadSemanticSceneDescriptor: File `data/scene_datasets/habitat-test-scenes/skokloster-castle.scn` does not exist.  Aborting load.
[19:04:15:285031]:[Warning]:[Scene] SemanticScene.cpp(123)::loadSemanticSceneDescriptor : SSD File Naming Issue! Neither SemanticAttributes-provided name : `data/scene_datasets/habitat-test-scenes/skokloster-castle.scn` nor constructed filename : `data/scene_datasets/habitat-test-scenes/info_semantic.json` exist on disk.
[19:04:15:285036]:[Error]:[Scene] SemanticScene.cpp(139)::loadSemanticSceneDescriptor : SSD Load Failure! File with SemanticAttributes-provided name `data/scene_datasets/habitat-test-scenes/skokloster-castle.scn` exists but failed to load.
[19:04:15:902627]:[Warning]:[Sim] Simulator.cpp(595)::instanceStageForSceneAttributes : The active scene does not contain semantic annotations : activeSemanticSceneID_ = 0
2026-08-11 19:04:17,982 update: 5060	fps: 493.610	
2026-08-11 19:04:17,982 Num updates: 5060	Num frames 809600
2026-08-11 19:04:17,982 Average window size: 50  distance_to_goal: 0.151  distance_to_goal_reward: 0.000  reward: 6.501  spl: 0.788  success: 0.933
2026-08-11 19:04:17,982 	Perf Stats: trainer.rollout_collect: 0.286 trainer.sample_action: 0.003 trainer.obs_insert: 0.000 trainer.step_env: 0.005 trainer.update_stats: 0.001 trainer.update_agent: 0.035
2026-08-11 19:04:21,147 update: 5070	fps: 493.633	
2026-08-11 19:04:21,148 Num updates: 5070	Num frames 811200
2026-08-11 19:04:21,148 Average window size: 50  distance_to_goal: 0.219  distance_to_goal_reward: 0.000  reward: 6.491  spl: 0.795  success: 0.938
2026-08-11 19:04:21,148 	Perf Stats: trainer.rollout_collect: 0.286 trainer.sample_action: 0.003 trainer.obs_insert: 0.000 trainer.step_env: 0.005 trainer.update_stats: 0.001 trainer.update_agent: 0.035
2026-08-11 19:04:24,311 update: 5080	fps: 493.656	
2026-08-11 19:04:24,311 Num updates: 5080	Num frames 812800
2026-08-11 19:04:24,311 Average window size: 50  distance_to_goal: 0.215  distance_to_goal_reward: 0.000  reward: 6.637  spl: 0.797  success: 0.940
2026-08-11 19:04:24,311 	Perf Stats: trainer.rollout_collect: 0.286 trainer.sample_action: 0.003 trainer.obs_insert: 0.000 trainer.step_env: 0.005 trainer.update_stats: 0.001 trainer.update_agent: 0.035
2026-08-11 19:04:27,486 update: 5090	fps: 493.679	
2026-08-11 19:04:27,486 Num updates: 5090	Num frames 814400
2026-08-11 19:04:27,486 Average window size: 50  distance_to_goal: 0.298  distance_to_goal_reward: 0.000  reward: 7.090  spl: 0.803  success: 0.937
2026-08-11 19:04:27,486 	Perf Stats: trainer.rollout_collect: 0.286 trainer.sample_action: 0.003 trainer.obs_insert: 0.000 trainer.step_env: 0.005 trainer.update_stats: 0.001 trainer.update_agent: 0.035
2026-08-11 19:04:30,735 update: 5100	fps: 493.673	
2026-08-11 19:04:30,735 Num updates: 5100	Num frames 816000
2026-08-11 19:04:30,736 Average window size: 50  distance_to_goal: 0.248  distance_to_goal_reward: 0.000  reward: 7.227  spl: 0.827  success: 0.957
2026-08-11 19:04:30,736 	Perf Stats: trainer.rollout_collect: 0.286 trainer.sample_action: 0.003 trainer.obs_insert: 0.000 trainer.step_env: 0.005 trainer.update_stats: 0.001 trainer.update_agent: 0.035
2026-08-11 19:04:33,888 update: 5110	fps: 493.700	
2026-08-11 19:04:33,888 Num updates: 5110	Num frames 817600
2026-08-11 19:04:33,888 Average window size: 50  distance_to_goal: 0.484  distance_to_goal_reward: 0.000  reward: 6.956  spl: 0.818  success: 0.934
2026-08-11 19:04:33,888 	Perf Stats: trainer.rollout_collect: 0.286 trainer.sample_action: 0.003 trainer.obs_insert: 0.000 trainer.step_env: 0.005 trainer.update_stats: 0.001 trainer.update_agent: 0.035
2026-08-11 19:04:37,030 update: 5120	fps: 493.729	
2026-08-11 19:04:37,030 Num updates: 5120	Num frames 819200
2026-08-11 19:04:37,030 Average window size: 50  distance_to_goal: 0.573  distance_to_goal_reward: 0.000  reward: 6.752  spl: 0.832  success: 0.939
2026-08-11 19:04:37,030 	Perf Stats: trainer.rollout_collect: 0.286 trainer.sample_action: 0.003 trainer.obs_insert: 0.000 trainer.step_env: 0.005 trainer.update_stats: 0.001 trainer.update_agent: 0.035
PluginManager::Manager: duplicate static plugin StbImageImporter, ignoring
PluginManager::Manager: duplicate static plugin GltfImporter, ignoring
PluginManager::Manager: duplicate static plugin BasisImporter, ignoring
PluginManager::Manager: duplicate static plugin AssimpImporter, ignoring
PluginManager::Manager: duplicate static plugin AnySceneImporter, ignoring
PluginManager::Manager: duplicate static plugin AnyImageImporter, ignoring
Renderer: NVIDIA GeForce RTX 4070/PCIe/SSE2 by NVIDIA Corporation
OpenGL version: 4.6.0 NVIDIA 580.173.02
Using optional features:
    GL_ARB_vertex_array_object
    GL_ARB_separate_shader_objects
    GL_ARB_robustness
    GL_ARB_texture_storage
    GL_ARB_texture_view
    GL_ARB_framebuffer_no_attachments
    GL_ARB_invalidate_subdata
    GL_ARB_texture_storage_multisample
    GL_ARB_multi_bind
    GL_ARB_direct_state_access
    GL_ARB_get_texture_sub_image
    GL_ARB_texture_filter_anisotropic
    GL_KHR_debug
    GL_KHR_parallel_shader_compile
    GL_NV_depth_buffer_float
Using driver workarounds:
    no-forward-compatible-core-context
    nv-egl-incorrect-gl11-function-pointers
    no-layout-qualifiers-on-old-glsl
    nv-zero-context-profile-mask
    nv-implementation-color-read-format-dsa-broken
    nv-cubemap-inconsistent-compressed-image-size
    nv-cubemap-broken-full-compressed-image-query
    nv-compressed-block-size-in-bits
[19:04:39:057878]:[Warning]:[Scene] SemanticScene.h(331)::checkFileExists : ::loadSemanticSceneDescriptor: File `data/scene_datasets/habitat-test-scenes/van-gogh-room.scn` does not exist.  Aborting load.
[19:04:39:057895]:[Warning]:[Scene] SemanticScene.cpp(123)::loadSemanticSceneDescriptor : SSD File Naming Issue! Neither SemanticAttributes-provided name : `data/scene_datasets/habitat-test-scenes/van-gogh-room.scn` nor constructed filename : `data/scene_datasets/habitat-test-scenes/info_semantic.json` exist on disk.
[19:04:39:057900]:[Error]:[Scene] SemanticScene.cpp(139)::loadSemanticSceneDescriptor : SSD Load Failure! File with SemanticAttributes-provided name `data/scene_datasets/habitat-test-scenes/van-gogh-room.scn` exists but failed to load.
[19:04:39:489183]:[Warning]:[Sim] Simulator.cpp(595)::instanceStageForSceneAttributes : The active scene does not contain semantic annotations : activeSemanticSceneID_ = 0
2026-08-11 19:04:40,610 update: 5130	fps: 493.628	
2026-08-11 19:04:40,610 Num updates: 5130	Num frames 820800
2026-08-11 19:04:40,610 Average window size: 50  distance_to_goal: 0.621  distance_to_goal_reward: 0.000  reward: 6.504  spl: 0.822  success: 0.930
2026-08-11 19:04:40,610 	Perf Stats: trainer.rollout_collect: 0.286 trainer.sample_action: 0.003 trainer.obs_insert: 0.000 trainer.step_env: 0.005 trainer.update_stats: 0.001 trainer.update_agent: 0.035
2026-08-11 19:04:43,741 update: 5140	fps: 493.661	
2026-08-11 19:04:43,741 Num updates: 5140	Num frames 822400
2026-08-11 19:04:43,741 Average window size: 50  distance_to_goal: 0.498  distance_to_goal_reward: 0.000  reward: 6.222  spl: 0.830  success: 0.936
2026-08-11 19:04:43,742 	Perf Stats: trainer.rollout_collect: 0.286 trainer.sample_action: 0.003 trainer.obs_insert: 0.000 trainer.step_env: 0.005 trainer.update_stats: 0.001 trainer.update_agent: 0.035
2026-08-11 19:04:46,861 update: 5150	fps: 493.697	
2026-08-11 19:04:46,861 Num updates: 5150	Num frames 824000
2026-08-11 19:04:46,861 Average window size: 50  distance_to_goal: 0.453  distance_to_goal_reward: 0.000  reward: 6.424  spl: 0.831  success: 0.943
2026-08-11 19:04:46,861 	Perf Stats: trainer.rollout_collect: 0.286 trainer.sample_action: 0.003 trainer.obs_insert: 0.000 trainer.step_env: 0.005 trainer.update_stats: 0.001 trainer.update_agent: 0.035
2026-08-11 19:04:49,967 update: 5160	fps: 493.737	
2026-08-11 19:04:49,967 Num updates: 5160	Num frames 825600
2026-08-11 19:04:49,967 Average window size: 50  distance_to_goal: 0.239  distance_to_goal_reward: 0.000  reward: 6.692  spl: 0.850  success: 0.964
2026-08-11 19:04:49,967 	Perf Stats: trainer.rollout_collect: 0.286 trainer.sample_action: 0.003 trainer.obs_insert: 0.000 trainer.step_env: 0.005 trainer.update_stats: 0.001 trainer.update_agent: 0.035
2026-08-11 19:04:53,093 update: 5170	fps: 493.771	
2026-08-11 19:04:53,093 Num updates: 5170	Num frames 827200
2026-08-11 19:04:53,093 Average window size: 50  distance_to_goal: 0.153  distance_to_goal_reward: 0.000  reward: 6.684  spl: 0.833  success: 0.942
2026-08-11 19:04:53,093 	Perf Stats: trainer.rollout_collect: 0.286 trainer.sample_action: 0.003 trainer.obs_insert: 0.000 trainer.step_env: 0.005 trainer.update_stats: 0.001 trainer.update_agent: 0.035
2026-08-11 19:04:56,247 update: 5180	fps: 493.796	
2026-08-11 19:04:56,247 Num updates: 5180	Num frames 828800
2026-08-11 19:04:56,247 Average window size: 50  distance_to_goal: 0.122  distance_to_goal_reward: 0.000  reward: 6.791  spl: 0.837  success: 0.941
2026-08-11 19:04:56,247 	Perf Stats: trainer.rollout_collect: 0.286 trainer.sample_action: 0.003 trainer.obs_insert: 0.000 trainer.step_env: 0.005 trainer.update_stats: 0.001 trainer.update_agent: 0.035
2026-08-11 19:04:59,372 update: 5190	fps: 493.830	
2026-08-11 19:04:59,372 Num updates: 5190	Num frames 830400
2026-08-11 19:04:59,372 Average window size: 50  distance_to_goal: 0.123  distance_to_goal_reward: 0.000  reward: 6.690  spl: 0.848  success: 0.949
2026-08-11 19:04:59,372 	Perf Stats: trainer.rollout_collect: 0.286 trainer.sample_action: 0.003 trainer.obs_insert: 0.000 trainer.step_env: 0.005 trainer.update_stats: 0.001 trainer.update_agent: 0.035
2026-08-11 19:05:02,581 update: 5200	fps: 493.839	
2026-08-11 19:05:02,581 Num updates: 5200	Num frames 832000
2026-08-11 19:05:02,581 Average window size: 50  distance_to_goal: 0.186  distance_to_goal_reward: 0.000  reward: 6.461  spl: 0.839  success: 0.929
2026-08-11 19:05:02,581 	Perf Stats: trainer.rollout_collect: 0.286 trainer.sample_action: 0.003 trainer.obs_insert: 0.000 trainer.step_env: 0.005 trainer.update_stats: 0.001 trainer.update_agent: 0.035
2026-08-11 19:05:05,700 update: 5210	fps: 493.874	
2026-08-11 19:05:05,700 Num updates: 5210	Num frames 833600
2026-08-11 19:05:05,700 Average window size: 50  distance_to_goal: 0.185  distance_to_goal_reward: 0.000  reward: 6.439  spl: 0.847  success: 0.935
2026-08-11 19:05:05,700 	Perf Stats: trainer.rollout_collect: 0.286 trainer.sample_action: 0.003 trainer.obs_insert: 0.000 trainer.step_env: 0.005 trainer.update_stats: 0.001 trainer.update_agent: 0.035
2026-08-11 19:05:08,821 update: 5220	fps: 493.909	
2026-08-11 19:05:08,821 Num updates: 5220	Num frames 835200
2026-08-11 19:05:08,821 Average window size: 50  distance_to_goal: 0.155  distance_to_goal_reward: 0.000  reward: 6.536  spl: 0.868  success: 0.953
2026-08-11 19:05:08,821 	Perf Stats: trainer.rollout_collect: 0.286 trainer.sample_action: 0.003 trainer.obs_insert: 0.000 trainer.step_env: 0.005 trainer.update_stats: 0.001 trainer.update_agent: 0.035
PluginManager::Manager: duplicate static plugin StbImageImporter, ignoring
PluginManager::Manager: duplicate static plugin GltfImporter, ignoring
PluginManager::Manager: duplicate static plugin BasisImporter, ignoring
PluginManager::Manager: duplicate static plugin AssimpImporter, ignoring
PluginManager::Manager: duplicate static plugin AnySceneImporter, ignoring
PluginManager::Manager: duplicate static plugin AnyImageImporter, ignoring
Renderer: NVIDIA GeForce RTX 4070/PCIe/SSE2 by NVIDIA Corporation
OpenGL version: 4.6.0 NVIDIA 580.173.02
Using optional features:
    GL_ARB_vertex_array_object
    GL_ARB_separate_shader_objects
    GL_ARB_robustness
    GL_ARB_texture_storage
    GL_ARB_texture_view
    GL_ARB_framebuffer_no_attachments
    GL_ARB_invalidate_subdata
    GL_ARB_texture_storage_multisample
    GL_ARB_multi_bind
    GL_ARB_direct_state_access
    GL_ARB_get_texture_sub_image
    GL_ARB_texture_filter_anisotropic
    GL_KHR_debug
    GL_KHR_parallel_shader_compile
    GL_NV_depth_buffer_float
Using driver workarounds:
    no-forward-compatible-core-context
    nv-egl-incorrect-gl11-function-pointers
    no-layout-qualifiers-on-old-glsl
    nv-zero-context-profile-mask
    nv-implementation-color-read-format-dsa-broken
    nv-cubemap-inconsistent-compressed-image-size
    nv-cubemap-broken-full-compressed-image-query
    nv-compressed-block-size-in-bits
[19:05:11:419378]:[Warning]:[Scene] SemanticScene.h(331)::checkFileExists : ::loadSemanticSceneDescriptor: File `data/scene_datasets/habitat-test-scenes/van-gogh-room.scn` does not exist.  Aborting load.
[19:05:11:419394]:[Warning]:[Scene] SemanticScene.cpp(123)::loadSemanticSceneDescriptor : SSD File Naming Issue! Neither SemanticAttributes-provided name : `data/scene_datasets/habitat-test-scenes/van-gogh-room.scn` nor constructed filename : `data/scene_datasets/habitat-test-scenes/info_semantic.json` exist on disk.
[19:05:11:419399]:[Error]:[Scene] SemanticScene.cpp(139)::loadSemanticSceneDescriptor : SSD Load Failure! File with SemanticAttributes-provided name `data/scene_datasets/habitat-test-scenes/van-gogh-room.scn` exists but failed to load.
[19:05:11:873260]:[Warning]:[Sim] Simulator.cpp(595)::instanceStageForSceneAttributes : The active scene does not contain semantic annotations : activeSemanticSceneID_ = 0
2026-08-11 19:05:12,409 update: 5230	fps: 493.807	
2026-08-11 19:05:12,409 Num updates: 5230	Num frames 836800
2026-08-11 19:05:12,409 Average window size: 50  distance_to_goal: 0.154  distance_to_goal_reward: 0.000  reward: 6.788  spl: 0.878  success: 0.963
2026-08-11 19:05:12,409 	Perf Stats: trainer.rollout_collect: 0.286 trainer.sample_action: 0.003 trainer.obs_insert: 0.000 trainer.step_env: 0.005 trainer.update_stats: 0.001 trainer.update_agent: 0.035
2026-08-11 19:05:15,492 update: 5240	fps: 493.853	
2026-08-11 19:05:15,493 Num updates: 5240	Num frames 838400
2026-08-11 19:05:15,493 Average window size: 50  distance_to_goal: 0.116  distance_to_goal_reward: 0.000  reward: 6.846  spl: 0.886  success: 0.966
2026-08-11 19:05:15,493 	Perf Stats: trainer.rollout_collect: 0.286 trainer.sample_action: 0.003 trainer.obs_insert: 0.000 trainer.step_env: 0.005 trainer.update_stats: 0.001 trainer.update_agent: 0.035
2026-08-11 19:05:18,542 update: 5250	fps: 493.908	
2026-08-11 19:05:18,542 Num updates: 5250	Num frames 840000
2026-08-11 19:05:18,542 Average window size: 50  distance_to_goal: 0.089  distance_to_goal_reward: 0.000  reward: 6.740  spl: 0.893  success: 0.975
2026-08-11 19:05:18,543 	Perf Stats: trainer.rollout_collect: 0.286 trainer.sample_action: 0.003 trainer.obs_insert: 0.000 trainer.step_env: 0.005 trainer.update_stats: 0.001 trainer.update_agent: 0.035
2026-08-11 19:05:21,643 update: 5260	fps: 493.948	
2026-08-11 19:05:21,643 Num updates: 5260	Num frames 841600
2026-08-11 19:05:21,643 Average window size: 50  distance_to_goal: 0.145  distance_to_goal_reward: 0.000  reward: 6.544  spl: 0.885  success: 0.973
2026-08-11 19:05:21,643 	Perf Stats: trainer.rollout_collect: 0.286 trainer.sample_action: 0.003 trainer.obs_insert: 0.000 trainer.step_env: 0.005 trainer.update_stats: 0.001 trainer.update_agent: 0.035
2026-08-11 19:05:24,726 update: 5270	fps: 493.993	
2026-08-11 19:05:24,726 Num updates: 5270	Num frames 843200
2026-08-11 19:05:24,726 Average window size: 50  distance_to_goal: 0.142  distance_to_goal_reward: 0.000  reward: 6.473  spl: 0.889  success: 0.983
2026-08-11 19:05:24,727 	Perf Stats: trainer.rollout_collect: 0.286 trainer.sample_action: 0.003 trainer.obs_insert: 0.000 trainer.step_env: 0.005 trainer.update_stats: 0.001 trainer.update_agent: 0.035
2026-08-11 19:05:27,799 update: 5280	fps: 494.041	
2026-08-11 19:05:27,799 Num updates: 5280	Num frames 844800
2026-08-11 19:05:27,799 Average window size: 50  distance_to_goal: 0.180  distance_to_goal_reward: 0.000  reward: 6.088  spl: 0.879  success: 0.974
2026-08-11 19:05:27,799 	Perf Stats: trainer.rollout_collect: 0.286 trainer.sample_action: 0.003 trainer.obs_insert: 0.000 trainer.step_env: 0.005 trainer.update_stats: 0.001 trainer.update_agent: 0.035
2026-08-11 19:05:30,904 update: 5290	fps: 494.080	
2026-08-11 19:05:30,904 Num updates: 5290	Num frames 846400
2026-08-11 19:05:30,904 Average window size: 50  distance_to_goal: 0.181  distance_to_goal_reward: 0.000  reward: 6.086  spl: 0.873  success: 0.979
2026-08-11 19:05:30,904 	Perf Stats: trainer.rollout_collect: 0.286 trainer.sample_action: 0.003 trainer.obs_insert: 0.000 trainer.step_env: 0.005 trainer.update_stats: 0.001 trainer.update_agent: 0.035
2026-08-11 19:05:34,101 update: 5300	fps: 494.092	
2026-08-11 19:05:34,101 Num updates: 5300	Num frames 848000
2026-08-11 19:05:34,101 Average window size: 50  distance_to_goal: 0.179  distance_to_goal_reward: 0.000  reward: 6.165  spl: 0.862  success: 0.971
2026-08-11 19:05:34,101 	Perf Stats: trainer.rollout_collect: 0.286 trainer.sample_action: 0.003 trainer.obs_insert: 0.000 trainer.step_env: 0.005 trainer.update_stats: 0.001 trainer.update_agent: 0.035
2026-08-11 19:05:37,204 update: 5310	fps: 494.131	
2026-08-11 19:05:37,204 Num updates: 5310	Num frames 849600
2026-08-11 19:05:37,204 Average window size: 50  distance_to_goal: 0.129  distance_to_goal_reward: 0.000  reward: 6.222  spl: 0.860  success: 0.967
2026-08-11 19:05:37,204 	Perf Stats: trainer.rollout_collect: 0.286 trainer.sample_action: 0.003 trainer.obs_insert: 0.000 trainer.step_env: 0.005 trainer.update_stats: 0.001 trainer.update_agent: 0.035
2026-08-11 19:05:40,284 update: 5320	fps: 494.176	
2026-08-11 19:05:40,284 Num updates: 5320	Num frames 851200
2026-08-11 19:05:40,284 Average window size: 50  distance_to_goal: 0.136  distance_to_goal_reward: 0.000  reward: 6.118  spl: 0.851  success: 0.957
2026-08-11 19:05:40,284 	Perf Stats: trainer.rollout_collect: 0.286 trainer.sample_action: 0.003 trainer.obs_insert: 0.000 trainer.step_env: 0.005 trainer.update_stats: 0.001 trainer.update_agent: 0.035
2026-08-11 19:05:43,373 update: 5330	fps: 494.219	
2026-08-11 19:05:43,373 Num updates: 5330	Num frames 852800
2026-08-11 19:05:43,373 Average window size: 50  distance_to_goal: 0.096  distance_to_goal_reward: 0.000  reward: 6.237  spl: 0.850  success: 0.957
2026-08-11 19:05:43,373 	Perf Stats: trainer.rollout_collect: 0.286 trainer.sample_action: 0.003 trainer.obs_insert: 0.000 trainer.step_env: 0.005 trainer.update_stats: 0.001 trainer.update_agent: 0.035
PluginManager::Manager: duplicate static plugin StbImageImporter, ignoring
PluginManager::Manager: duplicate static plugin GltfImporter, ignoring
PluginManager::Manager: duplicate static plugin BasisImporter, ignoring
PluginManager::Manager: duplicate static plugin AssimpImporter, ignoring
PluginManager::Manager: duplicate static plugin AnySceneImporter, ignoring
PluginManager::Manager: duplicate static plugin AnyImageImporter, ignoring
Renderer: NVIDIA GeForce RTX 4070/PCIe/SSE2 by NVIDIA Corporation
OpenGL version: 4.6.0 NVIDIA 580.173.02
Using optional features:
    GL_ARB_vertex_array_object
    GL_ARB_separate_shader_objects
    GL_ARB_robustness
    GL_ARB_texture_storage
    GL_ARB_texture_view
    GL_ARB_framebuffer_no_attachments
    GL_ARB_invalidate_subdata
    GL_ARB_texture_storage_multisample
    GL_ARB_multi_bind
    GL_ARB_direct_state_access
    GL_ARB_get_texture_sub_image
    GL_ARB_texture_filter_anisotropic
    GL_KHR_debug
    GL_KHR_parallel_shader_compile
    GL_NV_depth_buffer_float
Using driver workarounds:
    no-forward-compatible-core-context
    nv-egl-incorrect-gl11-function-pointers
    no-layout-qualifiers-on-old-glsl
    nv-zero-context-profile-mask
    nv-implementation-color-read-format-dsa-broken
    nv-cubemap-inconsistent-compressed-image-size
    nv-cubemap-broken-full-compressed-image-query
    nv-compressed-block-size-in-bits
[19:05:46:310895]:[Warning]:[Scene] SemanticScene.h(331)::checkFileExists : ::loadSemanticSceneDescriptor: File `data/scene_datasets/habitat-test-scenes/van-gogh-room.scn` does not exist.  Aborting load.
[19:05:46:310911]:[Warning]:[Scene] SemanticScene.cpp(123)::loadSemanticSceneDescriptor : SSD File Naming Issue! Neither SemanticAttributes-provided name : `data/scene_datasets/habitat-test-scenes/van-gogh-room.scn` nor constructed filename : `data/scene_datasets/habitat-test-scenes/info_semantic.json` exist on disk.
[19:05:46:310917]:[Error]:[Scene] SemanticScene.cpp(139)::loadSemanticSceneDescriptor : SSD Load Failure! File with SemanticAttributes-provided name `data/scene_datasets/habitat-test-scenes/van-gogh-room.scn` exists but failed to load.
[19:05:46:752919]:[Warning]:[Sim] Simulator.cpp(595)::instanceStageForSceneAttributes : The active scene does not contain semantic annotations : activeSemanticSceneID_ = 0
2026-08-11 19:05:46,932 update: 5340	fps: 494.127	
2026-08-11 19:05:46,932 Num updates: 5340	Num frames 854400
2026-08-11 19:05:46,932 Average window size: 50  distance_to_goal: 0.130  distance_to_goal_reward: 0.000  reward: 6.111  spl: 0.849  success: 0.953
2026-08-11 19:05:46,932 	Perf Stats: trainer.rollout_collect: 0.286 trainer.sample_action: 0.003 trainer.obs_insert: 0.000 trainer.step_env: 0.005 trainer.update_stats: 0.001 trainer.update_agent: 0.035
2026-08-11 19:05:49,980 update: 5350	fps: 494.184	
2026-08-11 19:05:49,980 Num updates: 5350	Num frames 856000
2026-08-11 19:05:49,980 Average window size: 50  distance_to_goal: 0.129  distance_to_goal_reward: 0.000  reward: 5.970  spl: 0.856  success: 0.962
2026-08-11 19:05:49,980 	Perf Stats: trainer.rollout_collect: 0.286 trainer.sample_action: 0.003 trainer.obs_insert: 0.000 trainer.step_env: 0.005 trainer.update_stats: 0.001 trainer.update_agent: 0.035
PluginManager::Manager: duplicate static plugin StbImageImporter, ignoring
PluginManager::Manager: duplicate static plugin GltfImporter, ignoring
PluginManager::Manager: duplicate static plugin BasisImporter, ignoring
PluginManager::Manager: duplicate static plugin AssimpImporter, ignoring
PluginManager::Manager: duplicate static plugin AnySceneImporter, ignoring
PluginManager::Manager: duplicate static plugin AnyImageImporter, ignoring
Renderer: NVIDIA GeForce RTX 4070/PCIe/SSE2 by NVIDIA Corporation
OpenGL version: 4.6.0 NVIDIA 580.173.02
Using optional features:
    GL_ARB_vertex_array_object
    GL_ARB_separate_shader_objects
    GL_ARB_robustness
    GL_ARB_texture_storage
    GL_ARB_texture_view
    GL_ARB_framebuffer_no_attachments
    GL_ARB_invalidate_subdata
    GL_ARB_texture_storage_multisample
    GL_ARB_multi_bind
    GL_ARB_direct_state_access
    GL_ARB_get_texture_sub_image
    GL_ARB_texture_filter_anisotropic
    GL_KHR_debug
    GL_KHR_parallel_shader_compile
    GL_NV_depth_buffer_float
Using driver workarounds:
    no-forward-compatible-core-context
    nv-egl-incorrect-gl11-function-pointers
    no-layout-qualifiers-on-old-glsl
    nv-zero-context-profile-mask
    nv-implementation-color-read-format-dsa-broken
    nv-cubemap-inconsistent-compressed-image-size
    nv-cubemap-broken-full-compressed-image-query
    nv-compressed-block-size-in-bits
[19:05:51:032577]:[Warning]:[Scene] SemanticScene.h(331)::checkFileExists : ::loadSemanticSceneDescriptor: File `data/scene_datasets/habitat-test-scenes/skokloster-castle.scn` does not exist.  Aborting load.
[19:05:51:032593]:[Warning]:[Scene] SemanticScene.cpp(123)::loadSemanticSceneDescriptor : SSD File Naming Issue! Neither SemanticAttributes-provided name : `data/scene_datasets/habitat-test-scenes/skokloster-castle.scn` nor constructed filename : `data/scene_datasets/habitat-test-scenes/info_semantic.json` exist on disk.
[19:05:51:032598]:[Error]:[Scene] SemanticScene.cpp(139)::loadSemanticSceneDescriptor : SSD Load Failure! File with SemanticAttributes-provided name `data/scene_datasets/habitat-test-scenes/skokloster-castle.scn` exists but failed to load.
[19:05:51:635065]:[Warning]:[Sim] Simulator.cpp(595)::instanceStageForSceneAttributes : The active scene does not contain semantic annotations : activeSemanticSceneID_ = 0
2026-08-11 19:05:53,625 update: 5360	fps: 494.065	
2026-08-11 19:05:53,625 Num updates: 5360	Num frames 857600
2026-08-11 19:05:53,625 Average window size: 50  distance_to_goal: 0.132  distance_to_goal_reward: 0.000  reward: 5.894  spl: 0.859  success: 0.965
2026-08-11 19:05:53,625 	Perf Stats: trainer.rollout_collect: 0.286 trainer.sample_action: 0.003 trainer.obs_insert: 0.000 trainer.step_env: 0.005 trainer.update_stats: 0.001 trainer.update_agent: 0.035
2026-08-11 19:05:56,689 update: 5370	fps: 494.115	
2026-08-11 19:05:56,689 Num updates: 5370	Num frames 859200
2026-08-11 19:05:56,689 Average window size: 50  distance_to_goal: 0.177  distance_to_goal_reward: 0.000  reward: 5.819  spl: 0.868  success: 0.975
2026-08-11 19:05:56,689 	Perf Stats: trainer.rollout_collect: 0.286 trainer.sample_action: 0.003 trainer.obs_insert: 0.000 trainer.step_env: 0.005 trainer.update_stats: 0.001 trainer.update_agent: 0.035
PluginManager::Manager: duplicate static plugin StbImageImporter, ignoring
PluginManager::Manager: duplicate static plugin GltfImporter, ignoring
PluginManager::Manager: duplicate static plugin BasisImporter, ignoring
PluginManager::Manager: duplicate static plugin AssimpImporter, ignoring
PluginManager::Manager: duplicate static plugin AnySceneImporter, ignoring
PluginManager::Manager: duplicate static plugin AnyImageImporter, ignoring
Renderer: NVIDIA GeForce RTX 4070/PCIe/SSE2 by NVIDIA Corporation
OpenGL version: 4.6.0 NVIDIA 580.173.02
Using optional features:
    GL_ARB_vertex_array_object
    GL_ARB_separate_shader_objects
    GL_ARB_robustness
    GL_ARB_texture_storage
    GL_ARB_texture_view
    GL_ARB_framebuffer_no_attachments
    GL_ARB_invalidate_subdata
    GL_ARB_texture_storage_multisample
    GL_ARB_multi_bind
    GL_ARB_direct_state_access
    GL_ARB_get_texture_sub_image
    GL_ARB_texture_filter_anisotropic
    GL_KHR_debug
    GL_KHR_parallel_shader_compile
    GL_NV_depth_buffer_float
Using driver workarounds:
    no-forward-compatible-core-context
    nv-egl-incorrect-gl11-function-pointers
    no-layout-qualifiers-on-old-glsl
    nv-zero-context-profile-mask
    nv-implementation-color-read-format-dsa-broken
    nv-cubemap-inconsistent-compressed-image-size
    nv-cubemap-broken-full-compressed-image-query
    nv-compressed-block-size-in-bits
[19:05:56:962863]:[Warning]:[Scene] SemanticScene.h(331)::checkFileExists : ::loadSemanticSceneDescriptor: File `data/scene_datasets/habitat-test-scenes/skokloster-castle.scn` does not exist.  Aborting load.
[19:05:56:962879]:[Warning]:[Scene] SemanticScene.cpp(123)::loadSemanticSceneDescriptor : SSD File Naming Issue! Neither SemanticAttributes-provided name : `data/scene_datasets/habitat-test-scenes/skokloster-castle.scn` nor constructed filename : `data/scene_datasets/habitat-test-scenes/info_semantic.json` exist on disk.
[19:05:56:962884]:[Error]:[Scene] SemanticScene.cpp(139)::loadSemanticSceneDescriptor : SSD Load Failure! File with SemanticAttributes-provided name `data/scene_datasets/habitat-test-scenes/skokloster-castle.scn` exists but failed to load.
[19:05:57:566320]:[Warning]:[Sim] Simulator.cpp(595)::instanceStageForSceneAttributes : The active scene does not contain semantic annotations : activeSemanticSceneID_ = 0
2026-08-11 19:06:00,389 update: 5380	fps: 493.983	
2026-08-11 19:06:00,398 Num updates: 5380	Num frames 860800
2026-08-11 19:06:00,398 Average window size: 50  distance_to_goal: 0.183  distance_to_goal_reward: 0.000  reward: 5.844  spl: 0.864  success: 0.970
2026-08-11 19:06:00,398 	Perf Stats: trainer.rollout_collect: 0.286 trainer.sample_action: 0.003 trainer.obs_insert: 0.000 trainer.step_env: 0.005 trainer.update_stats: 0.001 trainer.update_agent: 0.035
2026-08-11 19:06:03,503 update: 5390	fps: 494.019	
2026-08-11 19:06:03,503 Num updates: 5390	Num frames 862400
2026-08-11 19:06:03,503 Average window size: 50  distance_to_goal: 0.186  distance_to_goal_reward: 0.000  reward: 5.980  spl: 0.874  success: 0.973
2026-08-11 19:06:03,503 	Perf Stats: trainer.rollout_collect: 0.286 trainer.sample_action: 0.003 trainer.obs_insert: 0.000 trainer.step_env: 0.005 trainer.update_stats: 0.001 trainer.update_agent: 0.035
2026-08-11 19:06:06,705 update: 5400	fps: 494.029	
2026-08-11 19:06:06,705 Num updates: 5400	Num frames 864000
2026-08-11 19:06:06,705 Average window size: 50  distance_to_goal: 0.192  distance_to_goal_reward: 0.000  reward: 6.159  spl: 0.867  success: 0.967
2026-08-11 19:06:06,705 	Perf Stats: trainer.rollout_collect: 0.286 trainer.sample_action: 0.003 trainer.obs_insert: 0.000 trainer.step_env: 0.005 trainer.update_stats: 0.001 trainer.update_agent: 0.035
2026-08-11 19:06:09,783 update: 5410	fps: 494.075	
2026-08-11 19:06:09,783 Num updates: 5410	Num frames 865600
2026-08-11 19:06:09,783 Average window size: 50  distance_to_goal: 0.196  distance_to_goal_reward: 0.000  reward: 6.284  spl: 0.853  success: 0.950
2026-08-11 19:06:09,783 	Perf Stats: trainer.rollout_collect: 0.286 trainer.sample_action: 0.003 trainer.obs_insert: 0.000 trainer.step_env: 0.005 trainer.update_stats: 0.001 trainer.update_agent: 0.035
2026-08-11 19:06:12,879 update: 5420	fps: 494.115	
2026-08-11 19:06:12,879 Num updates: 5420	Num frames 867200
2026-08-11 19:06:12,880 Average window size: 50  distance_to_goal: 0.206  distance_to_goal_reward: 0.000  reward: 6.423  spl: 0.846  success: 0.929
2026-08-11 19:06:12,880 	Perf Stats: trainer.rollout_collect: 0.286 trainer.sample_action: 0.003 trainer.obs_insert: 0.000 trainer.step_env: 0.005 trainer.update_stats: 0.001 trainer.update_agent: 0.035
2026-08-11 19:06:15,944 update: 5430	fps: 494.163	
2026-08-11 19:06:15,952 Num updates: 5430	Num frames 868800
2026-08-11 19:06:15,952 Average window size: 50  distance_to_goal: 0.225  distance_to_goal_reward: 0.000  reward: 6.325  spl: 0.846  success: 0.929
2026-08-11 19:06:15,952 	Perf Stats: trainer.rollout_collect: 0.286 trainer.sample_action: 0.003 trainer.obs_insert: 0.000 trainer.step_env: 0.005 trainer.update_stats: 0.001 trainer.update_agent: 0.035
PluginManager::Manager: duplicate static plugin StbImageImporter, ignoring
PluginManager::Manager: duplicate static plugin GltfImporter, ignoring
PluginManager::Manager: duplicate static plugin BasisImporter, ignoring
PluginManager::Manager: duplicate static plugin AssimpImporter, ignoring
PluginManager::Manager: duplicate static plugin AnySceneImporter, ignoring
PluginManager::Manager: duplicate static plugin AnyImageImporter, ignoring
Renderer: NVIDIA GeForce RTX 4070/PCIe/SSE2 by NVIDIA Corporation
OpenGL version: 4.6.0 NVIDIA 580.173.02
Using optional features:
    GL_ARB_vertex_array_object
    GL_ARB_separate_shader_objects
    GL_ARB_robustness
    GL_ARB_texture_storage
    GL_ARB_texture_view
    GL_ARB_framebuffer_no_attachments
    GL_ARB_invalidate_subdata
    GL_ARB_texture_storage_multisample
    GL_ARB_multi_bind
    GL_ARB_direct_state_access
    GL_ARB_get_texture_sub_image
    GL_ARB_texture_filter_anisotropic
    GL_KHR_debug
    GL_KHR_parallel_shader_compile
    GL_NV_depth_buffer_float
Using driver workarounds:
    no-forward-compatible-core-context
    nv-egl-incorrect-gl11-function-pointers
    no-layout-qualifiers-on-old-glsl
    nv-zero-context-profile-mask
    nv-implementation-color-read-format-dsa-broken
    nv-cubemap-inconsistent-compressed-image-size
    nv-cubemap-broken-full-compressed-image-query
    nv-compressed-block-size-in-bits
[19:06:17:317394]:[Warning]:[Scene] SemanticScene.h(331)::checkFileExists : ::loadSemanticSceneDescriptor: File `data/scene_datasets/habitat-test-scenes/skokloster-castle.scn` does not exist.  Aborting load.
[19:06:17:317410]:[Warning]:[Scene] SemanticScene.cpp(123)::loadSemanticSceneDescriptor : SSD File Naming Issue! Neither SemanticAttributes-provided name : `data/scene_datasets/habitat-test-scenes/skokloster-castle.scn` nor constructed filename : `data/scene_datasets/habitat-test-scenes/info_semantic.json` exist on disk.
[19:06:17:317415]:[Error]:[Scene] SemanticScene.cpp(139)::loadSemanticSceneDescriptor : SSD Load Failure! File with SemanticAttributes-provided name `data/scene_datasets/habitat-test-scenes/skokloster-castle.scn` exists but failed to load.
[19:06:17:917824]:[Warning]:[Sim] Simulator.cpp(595)::instanceStageForSceneAttributes : The active scene does not contain semantic annotations : activeSemanticSceneID_ = 0
2026-08-11 19:06:19,661 update: 5440	fps: 494.029	
2026-08-11 19:06:19,661 Num updates: 5440	Num frames 870400
2026-08-11 19:06:19,661 Average window size: 50  distance_to_goal: 0.185  distance_to_goal_reward: 0.000  reward: 6.397  spl: 0.838  success: 0.926
2026-08-11 19:06:19,661 	Perf Stats: trainer.rollout_collect: 0.286 trainer.sample_action: 0.003 trainer.obs_insert: 0.000 trainer.step_env: 0.005 trainer.update_stats: 0.001 trainer.update_agent: 0.035
2026-08-11 19:06:22,772 update: 5450	fps: 494.065	
2026-08-11 19:06:22,772 Num updates: 5450	Num frames 872000
2026-08-11 19:06:22,772 Average window size: 50  distance_to_goal: 0.210  distance_to_goal_reward: 0.000  reward: 6.385  spl: 0.836  success: 0.925
2026-08-11 19:06:22,772 	Perf Stats: trainer.rollout_collect: 0.286 trainer.sample_action: 0.003 trainer.obs_insert: 0.000 trainer.step_env: 0.005 trainer.update_stats: 0.001 trainer.update_agent: 0.035
2026-08-11 19:06:25,917 update: 5460	fps: 494.091	
2026-08-11 19:06:25,917 Num updates: 5460	Num frames 873600
2026-08-11 19:06:25,917 Average window size: 50  distance_to_goal: 0.282  distance_to_goal_reward: 0.000  reward: 6.550  spl: 0.840  success: 0.931
2026-08-11 19:06:25,917 	Perf Stats: trainer.rollout_collect: 0.286 trainer.sample_action: 0.003 trainer.obs_insert: 0.000 trainer.step_env: 0.005 trainer.update_stats: 0.001 trainer.update_agent: 0.035
2026-08-11 19:06:29,041 update: 5470	fps: 494.123	
2026-08-11 19:06:29,042 Num updates: 5470	Num frames 875200
2026-08-11 19:06:29,042 Average window size: 50  distance_to_goal: 0.217  distance_to_goal_reward: 0.000  reward: 6.703  spl: 0.856  success: 0.955
2026-08-11 19:06:29,042 	Perf Stats: trainer.rollout_collect: 0.286 trainer.sample_action: 0.003 trainer.obs_insert: 0.000 trainer.step_env: 0.005 trainer.update_stats: 0.001 trainer.update_agent: 0.035
2026-08-11 19:06:32,168 update: 5480	fps: 494.154	
2026-08-11 19:06:32,168 Num updates: 5480	Num frames 876800
2026-08-11 19:06:32,168 Average window size: 50  distance_to_goal: 0.311  distance_to_goal_reward: 0.000  reward: 6.898  spl: 0.844  success: 0.952
2026-08-11 19:06:32,168 	Perf Stats: trainer.rollout_collect: 0.286 trainer.sample_action: 0.003 trainer.obs_insert: 0.000 trainer.step_env: 0.005 trainer.update_stats: 0.001 trainer.update_agent: 0.035
2026-08-11 19:06:35,293 update: 5490	fps: 494.185	
2026-08-11 19:06:35,294 Num updates: 5490	Num frames 878400
2026-08-11 19:06:35,294 Average window size: 50  distance_to_goal: 0.321  distance_to_goal_reward: 0.000  reward: 6.861  spl: 0.852  success: 0.950
2026-08-11 19:06:35,294 	Perf Stats: trainer.rollout_collect: 0.286 trainer.sample_action: 0.003 trainer.obs_insert: 0.000 trainer.step_env: 0.005 trainer.update_stats: 0.001 trainer.update_agent: 0.035
2026-08-11 19:06:38,539 update: 5500	fps: 494.183	
2026-08-11 19:06:38,540 Num updates: 5500	Num frames 880000
2026-08-11 19:06:38,540 Average window size: 50  distance_to_goal: 0.470  distance_to_goal_reward: 0.000  reward: 6.426  spl: 0.821  success: 0.921
2026-08-11 19:06:38,540 	Perf Stats: trainer.rollout_collect: 0.286 trainer.sample_action: 0.003 trainer.obs_insert: 0.000 trainer.step_env: 0.005 trainer.update_stats: 0.001 trainer.update_agent: 0.035
2026-08-11 19:06:41,668 update: 5510	fps: 494.213	
2026-08-11 19:06:41,677 Num updates: 5510	Num frames 881600
2026-08-11 19:06:41,677 Average window size: 50  distance_to_goal: 0.387  distance_to_goal_reward: 0.000  reward: 6.881  spl: 0.832  success: 0.932
2026-08-11 19:06:41,677 	Perf Stats: trainer.rollout_collect: 0.286 trainer.sample_action: 0.003 trainer.obs_insert: 0.000 trainer.step_env: 0.005 trainer.update_stats: 0.001 trainer.update_agent: 0.035
2026-08-11 19:06:44,803 update: 5520	fps: 494.241	
2026-08-11 19:06:44,803 Num updates: 5520	Num frames 883200
2026-08-11 19:06:44,803 Average window size: 50  distance_to_goal: 0.412  distance_to_goal_reward: 0.000  reward: 6.872  spl: 0.827  success: 0.928
2026-08-11 19:06:44,803 	Perf Stats: trainer.rollout_collect: 0.286 trainer.sample_action: 0.003 trainer.obs_insert: 0.000 trainer.step_env: 0.005 trainer.update_stats: 0.001 trainer.update_agent: 0.035
2026-08-11 19:06:47,934 update: 5530	fps: 494.270	
2026-08-11 19:06:47,934 Num updates: 5530	Num frames 884800
2026-08-11 19:06:47,934 Average window size: 50  distance_to_goal: 0.333  distance_to_goal_reward: 0.000  reward: 6.898  spl: 0.842  success: 0.933
2026-08-11 19:06:47,934 	Perf Stats: trainer.rollout_collect: 0.286 trainer.sample_action: 0.003 trainer.obs_insert: 0.000 trainer.step_env: 0.005 trainer.update_stats: 0.001 trainer.update_agent: 0.035
2026-08-11 19:06:51,038 update: 5540	fps: 494.307	
2026-08-11 19:06:51,038 Num updates: 5540	Num frames 886400
2026-08-11 19:06:51,038 Average window size: 50  distance_to_goal: 0.392  distance_to_goal_reward: 0.000  reward: 6.847  spl: 0.834  success: 0.929
2026-08-11 19:06:51,039 	Perf Stats: trainer.rollout_collect: 0.286 trainer.sample_action: 0.003 trainer.obs_insert: 0.000 trainer.step_env: 0.005 trainer.update_stats: 0.001 trainer.update_agent: 0.035
2026-08-11 19:06:54,158 update: 5550	fps: 494.339	
2026-08-11 19:06:54,159 Num updates: 5550	Num frames 888000
2026-08-11 19:06:54,159 Average window size: 50  distance_to_goal: 0.220  distance_to_goal_reward: 0.000  reward: 7.340  spl: 0.858  success: 0.951
2026-08-11 19:06:54,159 	Perf Stats: trainer.rollout_collect: 0.286 trainer.sample_action: 0.003 trainer.obs_insert: 0.000 trainer.step_env: 0.005 trainer.update_stats: 0.001 trainer.update_agent: 0.035
2026-08-11 19:06:57,305 update: 5560	fps: 494.364	
2026-08-11 19:06:57,305 Num updates: 5560	Num frames 889600
2026-08-11 19:06:57,305 Average window size: 50  distance_to_goal: 0.285  distance_to_goal_reward: 0.000  reward: 7.153  spl: 0.852  success: 0.939
2026-08-11 19:06:57,305 	Perf Stats: trainer.rollout_collect: 0.286 trainer.sample_action: 0.003 trainer.obs_insert: 0.000 trainer.step_env: 0.005 trainer.update_stats: 0.001 trainer.update_agent: 0.035
2026-08-11 19:07:00,438 update: 5570	fps: 494.392	
2026-08-11 19:07:00,439 Num updates: 5570	Num frames 891200
2026-08-11 19:07:00,439 Average window size: 50  distance_to_goal: 0.285  distance_to_goal_reward: 0.000  reward: 7.327  spl: 0.847  success: 0.940
2026-08-11 19:07:00,439 	Perf Stats: trainer.rollout_collect: 0.286 trainer.sample_action: 0.003 trainer.obs_insert: 0.000 trainer.step_env: 0.005 trainer.update_stats: 0.001 trainer.update_agent: 0.035
2026-08-11 19:07:03,577 update: 5580	fps: 494.419	
2026-08-11 19:07:03,577 Num updates: 5580	Num frames 892800
2026-08-11 19:07:03,577 Average window size: 50  distance_to_goal: 0.210  distance_to_goal_reward: 0.000  reward: 7.564  spl: 0.851  success: 0.948
2026-08-11 19:07:03,577 	Perf Stats: trainer.rollout_collect: 0.286 trainer.sample_action: 0.003 trainer.obs_insert: 0.000 trainer.step_env: 0.005 trainer.update_stats: 0.001 trainer.update_agent: 0.035
2026-08-11 19:07:06,687 update: 5590	fps: 494.453	
2026-08-11 19:07:06,687 Num updates: 5590	Num frames 894400
2026-08-11 19:07:06,687 Average window size: 50  distance_to_goal: 0.193  distance_to_goal_reward: 0.000  reward: 7.488  spl: 0.847  success: 0.946
2026-08-11 19:07:06,687 	Perf Stats: trainer.rollout_collect: 0.286 trainer.sample_action: 0.003 trainer.obs_insert: 0.000 trainer.step_env: 0.005 trainer.update_stats: 0.001 trainer.update_agent: 0.035
2026-08-11 19:07:09,929 update: 5600	fps: 494.452	
2026-08-11 19:07:09,929 Num updates: 5600	Num frames 896000
2026-08-11 19:07:09,929 Average window size: 50  distance_to_goal: 0.300  distance_to_goal_reward: 0.000  reward: 7.099  spl: 0.847  success: 0.940
2026-08-11 19:07:09,929 	Perf Stats: trainer.rollout_collect: 0.286 trainer.sample_action: 0.003 trainer.obs_insert: 0.000 trainer.step_env: 0.005 trainer.update_stats: 0.001 trainer.update_agent: 0.035
PluginManager::Manager: duplicate static plugin StbImageImporter, ignoring
PluginManager::Manager: duplicate static plugin GltfImporter, ignoring
PluginManager::Manager: duplicate static plugin BasisImporter, ignoring
PluginManager::Manager: duplicate static plugin AssimpImporter, ignoring
PluginManager::Manager: duplicate static plugin AnySceneImporter, ignoring
PluginManager::Manager: duplicate static plugin AnyImageImporter, ignoring
Renderer: NVIDIA GeForce RTX 4070/PCIe/SSE2 by NVIDIA Corporation
OpenGL version: 4.6.0 NVIDIA 580.173.02
Using optional features:
    GL_ARB_vertex_array_object
    GL_ARB_separate_shader_objects
    GL_ARB_robustness
    GL_ARB_texture_storage
    GL_ARB_texture_view
    GL_ARB_framebuffer_no_attachments
    GL_ARB_invalidate_subdata
    GL_ARB_texture_storage_multisample
    GL_ARB_multi_bind
    GL_ARB_direct_state_access
    GL_ARB_get_texture_sub_image
    GL_ARB_texture_filter_anisotropic
    GL_KHR_debug
    GL_KHR_parallel_shader_compile
    GL_NV_depth_buffer_float
Using driver workarounds:
    no-forward-compatible-core-context
    nv-egl-incorrect-gl11-function-pointers
    no-layout-qualifiers-on-old-glsl
    nv-zero-context-profile-mask
    nv-implementation-color-read-format-dsa-broken
    nv-cubemap-inconsistent-compressed-image-size
    nv-cubemap-broken-full-compressed-image-query
    nv-compressed-block-size-in-bits
[19:07:10:880647]:[Warning]:[Scene] SemanticScene.h(331)::checkFileExists : ::loadSemanticSceneDescriptor: File `data/scene_datasets/habitat-test-scenes/skokloster-castle.scn` does not exist.  Aborting load.
[19:07:10:880663]:[Warning]:[Scene] SemanticScene.cpp(123)::loadSemanticSceneDescriptor : SSD File Naming Issue! Neither SemanticAttributes-provided name : `data/scene_datasets/habitat-test-scenes/skokloster-castle.scn` nor constructed filename : `data/scene_datasets/habitat-test-scenes/info_semantic.json` exist on disk.
[19:07:10:880668]:[Error]:[Scene] SemanticScene.cpp(139)::loadSemanticSceneDescriptor : SSD Load Failure! File with SemanticAttributes-provided name `data/scene_datasets/habitat-test-scenes/skokloster-castle.scn` exists but failed to load.
[19:07:11:484517]:[Warning]:[Sim] Simulator.cpp(595)::instanceStageForSceneAttributes : The active scene does not contain semantic annotations : activeSemanticSceneID_ = 0
2026-08-11 19:07:13,715 update: 5610	fps: 494.302	
2026-08-11 19:07:13,715 Num updates: 5610	Num frames 897600
2026-08-11 19:07:13,715 Average window size: 50  distance_to_goal: 0.247  distance_to_goal_reward: 0.000  reward: 7.253  spl: 0.857  success: 0.950
2026-08-11 19:07:13,715 	Perf Stats: trainer.rollout_collect: 0.286 trainer.sample_action: 0.003 trainer.obs_insert: 0.000 trainer.step_env: 0.005 trainer.update_stats: 0.001 trainer.update_agent: 0.035
PluginManager::Manager: duplicate static plugin StbImageImporter, ignoring
PluginManager::Manager: duplicate static plugin GltfImporter, ignoring
PluginManager::Manager: duplicate static plugin BasisImporter, ignoring
PluginManager::Manager: duplicate static plugin AssimpImporter, ignoring
PluginManager::Manager: duplicate static plugin AnySceneImporter, ignoring
PluginManager::Manager: duplicate static plugin AnyImageImporter, ignoring
Renderer: NVIDIA GeForce RTX 4070/PCIe/SSE2 by NVIDIA Corporation
OpenGL version: 4.6.0 NVIDIA 580.173.02
Using optional features:
    GL_ARB_vertex_array_object
    GL_ARB_separate_shader_objects
    GL_ARB_robustness
    GL_ARB_texture_storage
    GL_ARB_texture_view
    GL_ARB_framebuffer_no_attachments
    GL_ARB_invalidate_subdata
    GL_ARB_texture_storage_multisample
    GL_ARB_multi_bind
    GL_ARB_direct_state_access
    GL_ARB_get_texture_sub_image
    GL_ARB_texture_filter_anisotropic
    GL_KHR_debug
    GL_KHR_parallel_shader_compile
    GL_NV_depth_buffer_float
Using driver workarounds:
    no-forward-compatible-core-context
    nv-egl-incorrect-gl11-function-pointers
    no-layout-qualifiers-on-old-glsl
    nv-zero-context-profile-mask
    nv-implementation-color-read-format-dsa-broken
    nv-cubemap-inconsistent-compressed-image-size
    nv-cubemap-broken-full-compressed-image-query
    nv-compressed-block-size-in-bits
[19:07:14:238687]:[Warning]:[Scene] SemanticScene.h(331)::checkFileExists : ::loadSemanticSceneDescriptor: File `data/scene_datasets/habitat-test-scenes/van-gogh-room.scn` does not exist.  Aborting load.
[19:07:14:238703]:[Warning]:[Scene] SemanticScene.cpp(123)::loadSemanticSceneDescriptor : SSD File Naming Issue! Neither SemanticAttributes-provided name : `data/scene_datasets/habitat-test-scenes/van-gogh-room.scn` nor constructed filename : `data/scene_datasets/habitat-test-scenes/info_semantic.json` exist on disk.
[19:07:14:238708]:[Error]:[Scene] SemanticScene.cpp(139)::loadSemanticSceneDescriptor : SSD Load Failure! File with SemanticAttributes-provided name `data/scene_datasets/habitat-test-scenes/van-gogh-room.scn` exists but failed to load.
[19:07:14:675791]:[Warning]:[Sim] Simulator.cpp(595)::instanceStageForSceneAttributes : The active scene does not contain semantic annotations : activeSemanticSceneID_ = 0
2026-08-11 19:07:17,311 update: 5620	fps: 494.204	
2026-08-11 19:07:17,311 Num updates: 5620	Num frames 899200
2026-08-11 19:07:17,311 Average window size: 50  distance_to_goal: 0.263  distance_to_goal_reward: -0.000  reward: 7.406  spl: 0.855  success: 0.950
2026-08-11 19:07:17,311 	Perf Stats: trainer.rollout_collect: 0.286 trainer.sample_action: 0.003 trainer.obs_insert: 0.000 trainer.step_env: 0.005 trainer.update_stats: 0.001 trainer.update_agent: 0.035
2026-08-11 19:07:20,530 update: 5630	fps: 494.209	
2026-08-11 19:07:20,530 Num updates: 5630	Num frames 900800
2026-08-11 19:07:20,530 Average window size: 50  distance_to_goal: 0.266  distance_to_goal_reward: -0.000  reward: 7.661  spl: 0.859  success: 0.949
2026-08-11 19:07:20,530 	Perf Stats: trainer.rollout_collect: 0.286 trainer.sample_action: 0.003 trainer.obs_insert: 0.000 trainer.step_env: 0.005 trainer.update_stats: 0.001 trainer.update_agent: 0.035
2026-08-11 19:07:23,651 update: 5640	fps: 494.241	
2026-08-11 19:07:23,651 Num updates: 5640	Num frames 902400
2026-08-11 19:07:23,651 Average window size: 50  distance_to_goal: 0.295  distance_to_goal_reward: -0.000  reward: 7.521  spl: 0.858  success: 0.943
2026-08-11 19:07:23,651 	Perf Stats: trainer.rollout_collect: 0.286 trainer.sample_action: 0.003 trainer.obs_insert: 0.000 trainer.step_env: 0.005 trainer.update_stats: 0.001 trainer.update_agent: 0.035
PluginManager::Manager: duplicate static plugin StbImageImporter, ignoring
PluginManager::Manager: duplicate static plugin GltfImporter, ignoring
PluginManager::Manager: duplicate static plugin BasisImporter, ignoring
PluginManager::Manager: duplicate static plugin AssimpImporter, ignoring
PluginManager::Manager: duplicate static plugin AnySceneImporter, ignoring
PluginManager::Manager: duplicate static plugin AnyImageImporter, ignoring
Renderer: NVIDIA GeForce RTX 4070/PCIe/SSE2 by NVIDIA Corporation
OpenGL version: 4.6.0 NVIDIA 580.173.02
Using optional features:
    GL_ARB_vertex_array_object
    GL_ARB_separate_shader_objects
    GL_ARB_robustness
    GL_ARB_texture_storage
    GL_ARB_texture_view
    GL_ARB_framebuffer_no_attachments
    GL_ARB_invalidate_subdata
    GL_ARB_texture_storage_multisample
    GL_ARB_multi_bind
    GL_ARB_direct_state_access
    GL_ARB_get_texture_sub_image
    GL_ARB_texture_filter_anisotropic
    GL_KHR_debug
    GL_KHR_parallel_shader_compile
    GL_NV_depth_buffer_float
Using driver workarounds:
    no-forward-compatible-core-context
    nv-egl-incorrect-gl11-function-pointers
    no-layout-qualifiers-on-old-glsl
    nv-zero-context-profile-mask
    nv-implementation-color-read-format-dsa-broken
    nv-cubemap-inconsistent-compressed-image-size
    nv-cubemap-broken-full-compressed-image-query
    nv-compressed-block-size-in-bits
[19:07:26:017264]:[Warning]:[Scene] SemanticScene.h(331)::checkFileExists : ::loadSemanticSceneDescriptor: File `data/scene_datasets/habitat-test-scenes/skokloster-castle.scn` does not exist.  Aborting load.
[19:07:26:017280]:[Warning]:[Scene] SemanticScene.cpp(123)::loadSemanticSceneDescriptor : SSD File Naming Issue! Neither SemanticAttributes-provided name : `data/scene_datasets/habitat-test-scenes/skokloster-castle.scn` nor constructed filename : `data/scene_datasets/habitat-test-scenes/info_semantic.json` exist on disk.
[19:07:26:017285]:[Error]:[Scene] SemanticScene.cpp(139)::loadSemanticSceneDescriptor : SSD Load Failure! File with SemanticAttributes-provided name `data/scene_datasets/habitat-test-scenes/skokloster-castle.scn` exists but failed to load.
[19:07:26:633997]:[Warning]:[Sim] Simulator.cpp(595)::instanceStageForSceneAttributes : The active scene does not contain semantic annotations : activeSemanticSceneID_ = 0
2026-08-11 19:07:27,417 update: 5650	fps: 494.098	
2026-08-11 19:07:27,417 Num updates: 5650	Num frames 904000
2026-08-11 19:07:27,417 Average window size: 50  distance_to_goal: 0.204  distance_to_goal_reward: -0.000  reward: 7.717  spl: 0.859  success: 0.947
2026-08-11 19:07:27,417 	Perf Stats: trainer.rollout_collect: 0.286 trainer.sample_action: 0.003 trainer.obs_insert: 0.000 trainer.step_env: 0.005 trainer.update_stats: 0.001 trainer.update_agent: 0.035
PluginManager::Manager: duplicate static plugin StbImageImporter, ignoring
PluginManager::Manager: duplicate static plugin GltfImporter, ignoring
PluginManager::Manager: duplicate static plugin BasisImporter, ignoring
PluginManager::Manager: duplicate static plugin AssimpImporter, ignoring
PluginManager::Manager: duplicate static plugin AnySceneImporter, ignoring
PluginManager::Manager: duplicate static plugin AnyImageImporter, ignoring
Renderer: NVIDIA GeForce RTX 4070/PCIe/SSE2 by NVIDIA Corporation
OpenGL version: 4.6.0 NVIDIA 580.173.02
Using optional features:
    GL_ARB_vertex_array_object
    GL_ARB_separate_shader_objects
    GL_ARB_robustness
    GL_ARB_texture_storage
    GL_ARB_texture_view
    GL_ARB_framebuffer_no_attachments
    GL_ARB_invalidate_subdata
    GL_ARB_texture_storage_multisample
    GL_ARB_multi_bind
    GL_ARB_direct_state_access
    GL_ARB_get_texture_sub_image
    GL_ARB_texture_filter_anisotropic
    GL_KHR_debug
    GL_KHR_parallel_shader_compile
    GL_NV_depth_buffer_float
Using driver workarounds:
    no-forward-compatible-core-context
    nv-egl-incorrect-gl11-function-pointers
    no-layout-qualifiers-on-old-glsl
    nv-zero-context-profile-mask
    nv-implementation-color-read-format-dsa-broken
    nv-cubemap-inconsistent-compressed-image-size
    nv-cubemap-broken-full-compressed-image-query
    nv-compressed-block-size-in-bits
[19:07:29:896350]:[Warning]:[Scene] SemanticScene.h(331)::checkFileExists : ::loadSemanticSceneDescriptor: File `data/scene_datasets/habitat-test-scenes/van-gogh-room.scn` does not exist.  Aborting load.
[19:07:29:896366]:[Warning]:[Scene] SemanticScene.cpp(123)::loadSemanticSceneDescriptor : SSD File Naming Issue! Neither SemanticAttributes-provided name : `data/scene_datasets/habitat-test-scenes/van-gogh-room.scn` nor constructed filename : `data/scene_datasets/habitat-test-scenes/info_semantic.json` exist on disk.
[19:07:29:896371]:[Error]:[Scene] SemanticScene.cpp(139)::loadSemanticSceneDescriptor : SSD Load Failure! File with SemanticAttributes-provided name `data/scene_datasets/habitat-test-scenes/van-gogh-room.scn` exists but failed to load.
[19:07:30:326337]:[Warning]:[Sim] Simulator.cpp(595)::instanceStageForSceneAttributes : The active scene does not contain semantic annotations : activeSemanticSceneID_ = 0
2026-08-11 19:07:31,036 update: 5660	fps: 493.995	
2026-08-11 19:07:31,037 Num updates: 5660	Num frames 905600
2026-08-11 19:07:31,037 Average window size: 50  distance_to_goal: 0.354  distance_to_goal_reward: -0.000  reward: 7.093  spl: 0.845  success: 0.929
2026-08-11 19:07:31,037 	Perf Stats: trainer.rollout_collect: 0.286 trainer.sample_action: 0.003 trainer.obs_insert: 0.000 trainer.step_env: 0.005 trainer.update_stats: 0.001 trainer.update_agent: 0.035
2026-08-11 19:07:34,200 update: 5670	fps: 494.016	
2026-08-11 19:07:34,200 Num updates: 5670	Num frames 907200
2026-08-11 19:07:34,200 Average window size: 50  distance_to_goal: 0.470  distance_to_goal_reward: 0.000  reward: 6.653  spl: 0.840  success: 0.920
2026-08-11 19:07:34,201 	Perf Stats: trainer.rollout_collect: 0.286 trainer.sample_action: 0.003 trainer.obs_insert: 0.000 trainer.step_env: 0.005 trainer.update_stats: 0.001 trainer.update_agent: 0.035
2026-08-11 19:07:37,369 update: 5680	fps: 494.034	
2026-08-11 19:07:37,369 Num updates: 5680	Num frames 908800
2026-08-11 19:07:37,369 Average window size: 50  distance_to_goal: 0.587  distance_to_goal_reward: 0.001  reward: 6.364  spl: 0.824  success: 0.911
2026-08-11 19:07:37,369 	Perf Stats: trainer.rollout_collect: 0.286 trainer.sample_action: 0.003 trainer.obs_insert: 0.000 trainer.step_env: 0.005 trainer.update_stats: 0.001 trainer.update_agent: 0.035
2026-08-11 19:07:40,541 update: 5690	fps: 494.052	
2026-08-11 19:07:40,542 Num updates: 5690	Num frames 910400
2026-08-11 19:07:40,542 Average window size: 50  distance_to_goal: 0.539  distance_to_goal_reward: 0.001  reward: 6.881  spl: 0.829  success: 0.925
2026-08-11 19:07:40,542 	Perf Stats: trainer.rollout_collect: 0.286 trainer.sample_action: 0.003 trainer.obs_insert: 0.000 trainer.step_env: 0.005 trainer.update_stats: 0.001 trainer.update_agent: 0.035
PluginManager::Manager: duplicate static plugin StbImageImporter, ignoring
PluginManager::Manager: duplicate static plugin GltfImporter, ignoring
PluginManager::Manager: duplicate static plugin BasisImporter, ignoring
PluginManager::Manager: duplicate static plugin AssimpImporter, ignoring
PluginManager::Manager: duplicate static plugin AnySceneImporter, ignoring
PluginManager::Manager: duplicate static plugin AnyImageImporter, ignoring
Renderer: NVIDIA GeForce RTX 4070/PCIe/SSE2 by NVIDIA Corporation
OpenGL version: 4.6.0 NVIDIA 580.173.02
Using optional features:
    GL_ARB_vertex_array_object
    GL_ARB_separate_shader_objects
    GL_ARB_robustness
    GL_ARB_texture_storage
    GL_ARB_texture_view
    GL_ARB_framebuffer_no_attachments
    GL_ARB_invalidate_subdata
    GL_ARB_texture_storage_multisample
    GL_ARB_multi_bind
    GL_ARB_direct_state_access
    GL_ARB_get_texture_sub_image
    GL_ARB_texture_filter_anisotropic
    GL_KHR_debug
    GL_KHR_parallel_shader_compile
    GL_NV_depth_buffer_float
Using driver workarounds:
    no-forward-compatible-core-context
    nv-egl-incorrect-gl11-function-pointers
    no-layout-qualifiers-on-old-glsl
    nv-zero-context-profile-mask
    nv-implementation-color-read-format-dsa-broken
    nv-cubemap-inconsistent-compressed-image-size
    nv-cubemap-broken-full-compressed-image-query
    nv-compressed-block-size-in-bits
[19:07:40:774283]:[Warning]:[Scene] SemanticScene.h(331)::checkFileExists : ::loadSemanticSceneDescriptor: File `data/scene_datasets/habitat-test-scenes/van-gogh-room.scn` does not exist.  Aborting load.
[19:07:40:774299]:[Warning]:[Scene] SemanticScene.cpp(123)::loadSemanticSceneDescriptor : SSD File Naming Issue! Neither SemanticAttributes-provided name : `data/scene_datasets/habitat-test-scenes/van-gogh-room.scn` nor constructed filename : `data/scene_datasets/habitat-test-scenes/info_semantic.json` exist on disk.
[19:07:40:774304]:[Error]:[Scene] SemanticScene.cpp(139)::loadSemanticSceneDescriptor : SSD Load Failure! File with SemanticAttributes-provided name `data/scene_datasets/habitat-test-scenes/van-gogh-room.scn` exists but failed to load.
[19:07:41:208371]:[Warning]:[Sim] Simulator.cpp(595)::instanceStageForSceneAttributes : The active scene does not contain semantic annotations : activeSemanticSceneID_ = 0
2026-08-11 19:07:44,228 update: 5700	fps: 493.932	
2026-08-11 19:07:44,229 Num updates: 5700	Num frames 912000
2026-08-11 19:07:44,229 Average window size: 50  distance_to_goal: 0.483  distance_to_goal_reward: 0.001  reward: 7.120  spl: 0.843  success: 0.942
2026-08-11 19:07:44,229 	Perf Stats: trainer.rollout_collect: 0.286 trainer.sample_action: 0.003 trainer.obs_insert: 0.000 trainer.step_env: 0.005 trainer.update_stats: 0.001 trainer.update_agent: 0.035
2026-08-11 19:07:47,379 update: 5710	fps: 493.956	
2026-08-11 19:07:47,379 Num updates: 5710	Num frames 913600
2026-08-11 19:07:47,379 Average window size: 50  distance_to_goal: 0.238  distance_to_goal_reward: 0.001  reward: 7.355  spl: 0.854  success: 0.957
2026-08-11 19:07:47,379 	Perf Stats: trainer.rollout_collect: 0.286 trainer.sample_action: 0.003 trainer.obs_insert: 0.000 trainer.step_env: 0.005 trainer.update_stats: 0.001 trainer.update_agent: 0.035
2026-08-11 19:07:50,528 update: 5720	fps: 493.980	
2026-08-11 19:07:50,528 Num updates: 5720	Num frames 915200
2026-08-11 19:07:50,528 Average window size: 50  distance_to_goal: 0.129  distance_to_goal_reward: -0.001  reward: 7.540  spl: 0.870  success: 0.965
2026-08-11 19:07:50,528 	Perf Stats: trainer.rollout_collect: 0.286 trainer.sample_action: 0.003 trainer.obs_insert: 0.000 trainer.step_env: 0.005 trainer.update_stats: 0.001 trainer.update_agent: 0.035
2026-08-11 19:07:53,664 update: 5730	fps: 494.007	
2026-08-11 19:07:53,664 Num updates: 5730	Num frames 916800
2026-08-11 19:07:53,664 Average window size: 50  distance_to_goal: 0.160  distance_to_goal_reward: 0.000  reward: 7.204  spl: 0.874  success: 0.962
2026-08-11 19:07:53,664 	Perf Stats: trainer.rollout_collect: 0.286 trainer.sample_action: 0.003 trainer.obs_insert: 0.000 trainer.step_env: 0.005 trainer.update_stats: 0.001 trainer.update_agent: 0.035
2026-08-11 19:07:56,797 update: 5740	fps: 494.035	
2026-08-11 19:07:56,798 Num updates: 5740	Num frames 918400
2026-08-11 19:07:56,798 Average window size: 50  distance_to_goal: 0.189  distance_to_goal_reward: 0.000  reward: 6.826  spl: 0.870  success: 0.953
2026-08-11 19:07:56,798 	Perf Stats: trainer.rollout_collect: 0.286 trainer.sample_action: 0.003 trainer.obs_insert: 0.000 trainer.step_env: 0.005 trainer.update_stats: 0.001 trainer.update_agent: 0.035
2026-08-11 19:07:59,950 update: 5750	fps: 494.058	
2026-08-11 19:07:59,950 Num updates: 5750	Num frames 920000
2026-08-11 19:07:59,950 Average window size: 50  distance_to_goal: 0.189  distance_to_goal_reward: 0.000  reward: 6.649  spl: 0.864  success: 0.954
2026-08-11 19:07:59,950 	Perf Stats: trainer.rollout_collect: 0.286 trainer.sample_action: 0.003 trainer.obs_insert: 0.000 trainer.step_env: 0.005 trainer.update_stats: 0.001 trainer.update_agent: 0.035
2026-08-11 19:08:03,082 update: 5760	fps: 494.086	
2026-08-11 19:08:03,082 Num updates: 5760	Num frames 921600
2026-08-11 19:08:03,082 Average window size: 50  distance_to_goal: 0.198  distance_to_goal_reward: 0.000  reward: 6.539  spl: 0.860  success: 0.952
2026-08-11 19:08:03,082 	Perf Stats: trainer.rollout_collect: 0.286 trainer.sample_action: 0.003 trainer.obs_insert: 0.000 trainer.step_env: 0.005 trainer.update_stats: 0.001 trainer.update_agent: 0.035
2026-08-11 19:08:06,228 update: 5770	fps: 494.111	
2026-08-11 19:08:06,228 Num updates: 5770	Num frames 923200
2026-08-11 19:08:06,228 Average window size: 50  distance_to_goal: 0.235  distance_to_goal_reward: 0.000  reward: 6.508  spl: 0.856  success: 0.952
2026-08-11 19:08:06,228 	Perf Stats: trainer.rollout_collect: 0.286 trainer.sample_action: 0.003 trainer.obs_insert: 0.000 trainer.step_env: 0.005 trainer.update_stats: 0.001 trainer.update_agent: 0.035
2026-08-11 19:08:09,345 update: 5780	fps: 494.143	
2026-08-11 19:08:09,345 Num updates: 5780	Num frames 924800
2026-08-11 19:08:09,345 Average window size: 50  distance_to_goal: 0.168  distance_to_goal_reward: 0.000  reward: 6.772  spl: 0.854  success: 0.956
2026-08-11 19:08:09,345 	Perf Stats: trainer.rollout_collect: 0.286 trainer.sample_action: 0.003 trainer.obs_insert: 0.000 trainer.step_env: 0.005 trainer.update_stats: 0.001 trainer.update_agent: 0.035
2026-08-11 19:08:12,489 update: 5790	fps: 494.167	
2026-08-11 19:08:12,490 Num updates: 5790	Num frames 926400
2026-08-11 19:08:12,490 Average window size: 50  distance_to_goal: 0.127  distance_to_goal_reward: 0.000  reward: 7.084  spl: 0.859  success: 0.967
2026-08-11 19:08:12,490 	Perf Stats: trainer.rollout_collect: 0.286 trainer.sample_action: 0.003 trainer.obs_insert: 0.000 trainer.step_env: 0.005 trainer.update_stats: 0.001 trainer.update_agent: 0.035
2026-08-11 19:08:15,730 update: 5800	fps: 494.167	
2026-08-11 19:08:15,730 Num updates: 5800	Num frames 928000
2026-08-11 19:08:15,731 Average window size: 50  distance_to_goal: 0.127  distance_to_goal_reward: 0.000  reward: 6.902  spl: 0.857  success: 0.960
2026-08-11 19:08:15,731 	Perf Stats: trainer.rollout_collect: 0.286 trainer.sample_action: 0.003 trainer.obs_insert: 0.000 trainer.step_env: 0.005 trainer.update_stats: 0.001 trainer.update_agent: 0.035
2026-08-11 19:08:18,864 update: 5810	fps: 494.194	
2026-08-11 19:08:18,864 Num updates: 5810	Num frames 929600
2026-08-11 19:08:18,864 Average window size: 50  distance_to_goal: 0.226  distance_to_goal_reward: 0.000  reward: 6.792  spl: 0.863  success: 0.960
2026-08-11 19:08:18,864 	Perf Stats: trainer.rollout_collect: 0.286 trainer.sample_action: 0.003 trainer.obs_insert: 0.000 trainer.step_env: 0.005 trainer.update_stats: 0.001 trainer.update_agent: 0.035
2026-08-11 19:08:22,007 update: 5820	fps: 494.219	
2026-08-11 19:08:22,007 Num updates: 5820	Num frames 931200
2026-08-11 19:08:22,007 Average window size: 50  distance_to_goal: 0.187  distance_to_goal_reward: 0.000  reward: 6.722  spl: 0.871  success: 0.967
2026-08-11 19:08:22,007 	Perf Stats: trainer.rollout_collect: 0.286 trainer.sample_action: 0.003 trainer.obs_insert: 0.000 trainer.step_env: 0.005 trainer.update_stats: 0.001 trainer.update_agent: 0.035
2026-08-11 19:08:25,128 update: 5830	fps: 494.249	
2026-08-11 19:08:25,128 Num updates: 5830	Num frames 932800
2026-08-11 19:08:25,128 Average window size: 50  distance_to_goal: 0.187  distance_to_goal_reward: 0.000  reward: 6.575  spl: 0.885  success: 0.977
2026-08-11 19:08:25,128 	Perf Stats: trainer.rollout_collect: 0.286 trainer.sample_action: 0.003 trainer.obs_insert: 0.000 trainer.step_env: 0.005 trainer.update_stats: 0.001 trainer.update_agent: 0.035
2026-08-11 19:08:28,266 update: 5840	fps: 494.275	
2026-08-11 19:08:28,266 Num updates: 5840	Num frames 934400
2026-08-11 19:08:28,266 Average window size: 50  distance_to_goal: 0.314  distance_to_goal_reward: 0.000  reward: 6.224  spl: 0.878  success: 0.965
2026-08-11 19:08:28,266 	Perf Stats: trainer.rollout_collect: 0.286 trainer.sample_action: 0.003 trainer.obs_insert: 0.000 trainer.step_env: 0.005 trainer.update_stats: 0.001 trainer.update_agent: 0.035
2026-08-11 19:08:31,414 update: 5850	fps: 494.298	
2026-08-11 19:08:31,414 Num updates: 5850	Num frames 936000
2026-08-11 19:08:31,414 Average window size: 50  distance_to_goal: 0.260  distance_to_goal_reward: 0.000  reward: 6.433  spl: 0.872  success: 0.954
2026-08-11 19:08:31,414 	Perf Stats: trainer.rollout_collect: 0.286 trainer.sample_action: 0.003 trainer.obs_insert: 0.000 trainer.step_env: 0.005 trainer.update_stats: 0.001 trainer.update_agent: 0.035
2026-08-11 19:08:34,568 update: 5860	fps: 494.320	
2026-08-11 19:08:34,569 Num updates: 5860	Num frames 937600
2026-08-11 19:08:34,569 Average window size: 50  distance_to_goal: 0.251  distance_to_goal_reward: 0.000  reward: 6.313  spl: 0.867  success: 0.950
2026-08-11 19:08:34,569 	Perf Stats: trainer.rollout_collect: 0.286 trainer.sample_action: 0.003 trainer.obs_insert: 0.000 trainer.step_env: 0.005 trainer.update_stats: 0.001 trainer.update_agent: 0.035
2026-08-11 19:08:37,702 update: 5870	fps: 494.347	
2026-08-11 19:08:37,702 Num updates: 5870	Num frames 939200
2026-08-11 19:08:37,702 Average window size: 50  distance_to_goal: 0.308  distance_to_goal_reward: 0.000  reward: 6.161  spl: 0.858  success: 0.943
2026-08-11 19:08:37,702 	Perf Stats: trainer.rollout_collect: 0.286 trainer.sample_action: 0.003 trainer.obs_insert: 0.000 trainer.step_env: 0.005 trainer.update_stats: 0.001 trainer.update_agent: 0.035
2026-08-11 19:08:40,828 update: 5880	fps: 494.375	
2026-08-11 19:08:40,837 Num updates: 5880	Num frames 940800
2026-08-11 19:08:40,837 Average window size: 50  distance_to_goal: 0.304  distance_to_goal_reward: 0.000  reward: 6.461  spl: 0.864  success: 0.950
2026-08-11 19:08:40,837 	Perf Stats: trainer.rollout_collect: 0.286 trainer.sample_action: 0.003 trainer.obs_insert: 0.000 trainer.step_env: 0.005 trainer.update_stats: 0.001 trainer.update_agent: 0.035
2026-08-11 19:08:43,978 update: 5890	fps: 494.398	
2026-08-11 19:08:43,979 Num updates: 5890	Num frames 942400
2026-08-11 19:08:43,979 Average window size: 50  distance_to_goal: 0.258  distance_to_goal_reward: 0.000  reward: 6.499  spl: 0.848  success: 0.934
2026-08-11 19:08:43,979 	Perf Stats: trainer.rollout_collect: 0.286 trainer.sample_action: 0.003 trainer.obs_insert: 0.000 trainer.step_env: 0.005 trainer.update_stats: 0.001 trainer.update_agent: 0.035
2026-08-11 19:08:47,212 update: 5900	fps: 494.398	
2026-08-11 19:08:47,213 Num updates: 5900	Num frames 944000
2026-08-11 19:08:47,213 Average window size: 50  distance_to_goal: 0.258  distance_to_goal_reward: 0.000  reward: 6.388  spl: 0.858  success: 0.950
2026-08-11 19:08:47,213 	Perf Stats: trainer.rollout_collect: 0.286 trainer.sample_action: 0.003 trainer.obs_insert: 0.000 trainer.step_env: 0.005 trainer.update_stats: 0.001 trainer.update_agent: 0.035
2026-08-11 19:08:50,344 update: 5910	fps: 494.426	
2026-08-11 19:08:50,344 Num updates: 5910	Num frames 945600
2026-08-11 19:08:50,344 Average window size: 50  distance_to_goal: 0.360  distance_to_goal_reward: 0.000  reward: 6.298  spl: 0.853  success: 0.947
2026-08-11 19:08:50,344 	Perf Stats: trainer.rollout_collect: 0.286 trainer.sample_action: 0.003 trainer.obs_insert: 0.000 trainer.step_env: 0.005 trainer.update_stats: 0.001 trainer.update_agent: 0.035
PluginManager::Manager: duplicate static plugin StbImageImporter, ignoring
PluginManager::Manager: duplicate static plugin GltfImporter, ignoring
PluginManager::Manager: duplicate static plugin BasisImporter, ignoring
PluginManager::Manager: duplicate static plugin AssimpImporter, ignoring
PluginManager::Manager: duplicate static plugin AnySceneImporter, ignoring
PluginManager::Manager: duplicate static plugin AnyImageImporter, ignoring
Renderer: NVIDIA GeForce RTX 4070/PCIe/SSE2 by NVIDIA Corporation
OpenGL version: 4.6.0 NVIDIA 580.173.02
Using optional features:
    GL_ARB_vertex_array_object
    GL_ARB_separate_shader_objects
    GL_ARB_robustness
    GL_ARB_texture_storage
    GL_ARB_texture_view
    GL_ARB_framebuffer_no_attachments
    GL_ARB_invalidate_subdata
    GL_ARB_texture_storage_multisample
    GL_ARB_multi_bind
    GL_ARB_direct_state_access
    GL_ARB_get_texture_sub_image
    GL_ARB_texture_filter_anisotropic
    GL_KHR_debug
    GL_KHR_parallel_shader_compile
    GL_NV_depth_buffer_float
Using driver workarounds:
    no-forward-compatible-core-context
    nv-egl-incorrect-gl11-function-pointers
    no-layout-qualifiers-on-old-glsl
    nv-zero-context-profile-mask
    nv-implementation-color-read-format-dsa-broken
    nv-cubemap-inconsistent-compressed-image-size
    nv-cubemap-broken-full-compressed-image-query
    nv-compressed-block-size-in-bits
[19:08:53:280510]:[Warning]:[Scene] SemanticScene.h(331)::checkFileExists : ::loadSemanticSceneDescriptor: File `data/scene_datasets/habitat-test-scenes/van-gogh-room.scn` does not exist.  Aborting load.
[19:08:53:280527]:[Warning]:[Scene] SemanticScene.cpp(123)::loadSemanticSceneDescriptor : SSD File Naming Issue! Neither SemanticAttributes-provided name : `data/scene_datasets/habitat-test-scenes/van-gogh-room.scn` nor constructed filename : `data/scene_datasets/habitat-test-scenes/info_semantic.json` exist on disk.
[19:08:53:280532]:[Error]:[Scene] SemanticScene.cpp(139)::loadSemanticSceneDescriptor : SSD Load Failure! File with SemanticAttributes-provided name `data/scene_datasets/habitat-test-scenes/van-gogh-room.scn` exists but failed to load.
[19:08:53:719572]:[Warning]:[Sim] Simulator.cpp(595)::instanceStageForSceneAttributes : The active scene does not contain semantic annotations : activeSemanticSceneID_ = 0
2026-08-11 19:08:53,902 update: 5920	fps: 494.342	
2026-08-11 19:08:53,902 Num updates: 5920	Num frames 947200
2026-08-11 19:08:53,902 Average window size: 50  distance_to_goal: 0.391  distance_to_goal_reward: 0.001  reward: 6.367  spl: 0.854  success: 0.952
2026-08-11 19:08:53,902 	Perf Stats: trainer.rollout_collect: 0.286 trainer.sample_action: 0.003 trainer.obs_insert: 0.000 trainer.step_env: 0.005 trainer.update_stats: 0.001 trainer.update_agent: 0.035
2026-08-11 19:08:56,996 update: 5930	fps: 494.379	
2026-08-11 19:08:56,996 Num updates: 5930	Num frames 948800
2026-08-11 19:08:56,996 Average window size: 50  distance_to_goal: 0.374  distance_to_goal_reward: 0.001  reward: 6.116  spl: 0.868  success: 0.966
2026-08-11 19:08:56,996 	Perf Stats: trainer.rollout_collect: 0.286 trainer.sample_action: 0.003 trainer.obs_insert: 0.000 trainer.step_env: 0.005 trainer.update_stats: 0.001 trainer.update_agent: 0.035
2026-08-11 19:09:00,097 update: 5940	fps: 494.414	
2026-08-11 19:09:00,097 Num updates: 5940	Num frames 950400
2026-08-11 19:09:00,097 Average window size: 50  distance_to_goal: 0.327  distance_to_goal_reward: 0.001  reward: 5.986  spl: 0.870  success: 0.972
2026-08-11 19:09:00,097 	Perf Stats: trainer.rollout_collect: 0.286 trainer.sample_action: 0.003 trainer.obs_insert: 0.000 trainer.step_env: 0.005 trainer.update_stats: 0.001 trainer.update_agent: 0.035
2026-08-11 19:09:03,205 update: 5950	fps: 494.447	
2026-08-11 19:09:03,205 Num updates: 5950	Num frames 952000
2026-08-11 19:09:03,206 Average window size: 50  distance_to_goal: 0.352  distance_to_goal_reward: 0.000  reward: 5.900  spl: 0.862  success: 0.963
2026-08-11 19:09:03,206 	Perf Stats: trainer.rollout_collect: 0.286 trainer.sample_action: 0.003 trainer.obs_insert: 0.000 trainer.step_env: 0.005 trainer.update_stats: 0.001 trainer.update_agent: 0.035
2026-08-11 19:09:06,312 update: 5960	fps: 494.480	
2026-08-11 19:09:06,312 Num updates: 5960	Num frames 953600
2026-08-11 19:09:06,312 Average window size: 50  distance_to_goal: 0.212  distance_to_goal_reward: 0.000  reward: 5.929  spl: 0.876  success: 0.971
2026-08-11 19:09:06,312 	Perf Stats: trainer.rollout_collect: 0.286 trainer.sample_action: 0.003 trainer.obs_insert: 0.000 trainer.step_env: 0.005 trainer.update_stats: 0.001 trainer.update_agent: 0.035
PluginManager::Manager: duplicate static plugin StbImageImporter, ignoring
PluginManager::Manager: duplicate static plugin GltfImporter, ignoring
PluginManager::Manager: duplicate static plugin BasisImporter, ignoring
PluginManager::Manager: duplicate static plugin AssimpImporter, ignoring
PluginManager::Manager: duplicate static plugin AnySceneImporter, ignoring
PluginManager::Manager: duplicate static plugin AnyImageImporter, ignoring
Renderer: NVIDIA GeForce RTX 4070/PCIe/SSE2 by NVIDIA Corporation
OpenGL version: 4.6.0 NVIDIA 580.173.02
Using optional features:
    GL_ARB_vertex_array_object
    GL_ARB_separate_shader_objects
    GL_ARB_robustness
    GL_ARB_texture_storage
    GL_ARB_texture_view
    GL_ARB_framebuffer_no_attachments
    GL_ARB_invalidate_subdata
    GL_ARB_texture_storage_multisample
    GL_ARB_multi_bind
    GL_ARB_direct_state_access
    GL_ARB_get_texture_sub_image
    GL_ARB_texture_filter_anisotropic
    GL_KHR_debug
    GL_KHR_parallel_shader_compile
    GL_NV_depth_buffer_float
Using driver workarounds:
    no-forward-compatible-core-context
    nv-egl-incorrect-gl11-function-pointers
    no-layout-qualifiers-on-old-glsl
    nv-zero-context-profile-mask
    nv-implementation-color-read-format-dsa-broken
    nv-cubemap-inconsistent-compressed-image-size
    nv-cubemap-broken-full-compressed-image-query
    nv-compressed-block-size-in-bits
[19:09:06:732539]:[Warning]:[Scene] SemanticScene.h(331)::checkFileExists : ::loadSemanticSceneDescriptor: File `data/scene_datasets/habitat-test-scenes/skokloster-castle.scn` does not exist.  Aborting load.
[19:09:06:732556]:[Warning]:[Scene] SemanticScene.cpp(123)::loadSemanticSceneDescriptor : SSD File Naming Issue! Neither SemanticAttributes-provided name : `data/scene_datasets/habitat-test-scenes/skokloster-castle.scn` nor constructed filename : `data/scene_datasets/habitat-test-scenes/info_semantic.json` exist on disk.
[19:09:06:732561]:[Error]:[Scene] SemanticScene.cpp(139)::loadSemanticSceneDescriptor : SSD Load Failure! File with SemanticAttributes-provided name `data/scene_datasets/habitat-test-scenes/skokloster-castle.scn` exists but failed to load.
[19:09:07:338167]:[Warning]:[Sim] Simulator.cpp(595)::instanceStageForSceneAttributes : The active scene does not contain semantic annotations : activeSemanticSceneID_ = 0
PluginManager::Manager: duplicate static plugin StbImageImporter, ignoring
PluginManager::Manager: duplicate static plugin GltfImporter, ignoring
PluginManager::Manager: duplicate static plugin BasisImporter, ignoring
PluginManager::Manager: duplicate static plugin AssimpImporter, ignoring
PluginManager::Manager: duplicate static plugin AnySceneImporter, ignoring
PluginManager::Manager: duplicate static plugin AnyImageImporter, ignoring
Renderer: NVIDIA GeForce RTX 4070/PCIe/SSE2 by NVIDIA Corporation
OpenGL version: 4.6.0 NVIDIA 580.173.02
Using optional features:
    GL_ARB_vertex_array_object
    GL_ARB_separate_shader_objects
    GL_ARB_robustness
    GL_ARB_texture_storage
    GL_ARB_texture_view
    GL_ARB_framebuffer_no_attachments
    GL_ARB_invalidate_subdata
    GL_ARB_texture_storage_multisample
    GL_ARB_multi_bind
    GL_ARB_direct_state_access
    GL_ARB_get_texture_sub_image
    GL_ARB_texture_filter_anisotropic
    GL_KHR_debug
    GL_KHR_parallel_shader_compile
    GL_NV_depth_buffer_float
Using driver workarounds:
    no-forward-compatible-core-context
    nv-egl-incorrect-gl11-function-pointers
    no-layout-qualifiers-on-old-glsl
    nv-zero-context-profile-mask
    nv-implementation-color-read-format-dsa-broken
    nv-cubemap-inconsistent-compressed-image-size
    nv-cubemap-broken-full-compressed-image-query
    nv-compressed-block-size-in-bits
[19:09:07:785687]:[Warning]:[Scene] SemanticScene.h(331)::checkFileExists : ::loadSemanticSceneDescriptor: File `data/scene_datasets/habitat-test-scenes/van-gogh-room.scn` does not exist.  Aborting load.
[19:09:07:785703]:[Warning]:[Scene] SemanticScene.cpp(123)::loadSemanticSceneDescriptor : SSD File Naming Issue! Neither SemanticAttributes-provided name : `data/scene_datasets/habitat-test-scenes/van-gogh-room.scn` nor constructed filename : `data/scene_datasets/habitat-test-scenes/info_semantic.json` exist on disk.
[19:09:07:785708]:[Error]:[Scene] SemanticScene.cpp(139)::loadSemanticSceneDescriptor : SSD Load Failure! File with SemanticAttributes-provided name `data/scene_datasets/habitat-test-scenes/van-gogh-room.scn` exists but failed to load.
[19:09:08:233662]:[Warning]:[Sim] Simulator.cpp(595)::instanceStageForSceneAttributes : The active scene does not contain semantic annotations : activeSemanticSceneID_ = 0
2026-08-11 19:09:10,490 update: 5970	fps: 494.239	
2026-08-11 19:09:10,490 Num updates: 5970	Num frames 955200
2026-08-11 19:09:10,490 Average window size: 50  distance_to_goal: 0.169  distance_to_goal_reward: 0.000  reward: 6.070  spl: 0.878  success: 0.967
2026-08-11 19:09:10,490 	Perf Stats: trainer.rollout_collect: 0.286 trainer.sample_action: 0.003 trainer.obs_insert: 0.000 trainer.step_env: 0.005 trainer.update_stats: 0.001 trainer.update_agent: 0.035
2026-08-11 19:09:13,537 update: 5980	fps: 494.287	
2026-08-11 19:09:13,537 Num updates: 5980	Num frames 956800
2026-08-11 19:09:13,537 Average window size: 50  distance_to_goal: 0.167  distance_to_goal_reward: 0.000  reward: 6.112  spl: 0.866  success: 0.963
2026-08-11 19:09:13,538 	Perf Stats: trainer.rollout_collect: 0.286 trainer.sample_action: 0.003 trainer.obs_insert: 0.000 trainer.step_env: 0.005 trainer.update_stats: 0.001 trainer.update_agent: 0.035
PluginManager::Manager: duplicate static plugin StbImageImporter, ignoring
PluginManager::Manager: duplicate static plugin GltfImporter, ignoring
PluginManager::Manager: duplicate static plugin BasisImporter, ignoring
PluginManager::Manager: duplicate static plugin AssimpImporter, ignoring
PluginManager::Manager: duplicate static plugin AnySceneImporter, ignoring
PluginManager::Manager: duplicate static plugin AnyImageImporter, ignoring
Renderer: NVIDIA GeForce RTX 4070/PCIe/SSE2 by NVIDIA Corporation
OpenGL version: 4.6.0 NVIDIA 580.173.02
Using optional features:
    GL_ARB_vertex_array_object
    GL_ARB_separate_shader_objects
    GL_ARB_robustness
    GL_ARB_texture_storage
    GL_ARB_texture_view
    GL_ARB_framebuffer_no_attachments
    GL_ARB_invalidate_subdata
    GL_ARB_texture_storage_multisample
    GL_ARB_multi_bind
    GL_ARB_direct_state_access
    GL_ARB_get_texture_sub_image
    GL_ARB_texture_filter_anisotropic
    GL_KHR_debug
    GL_KHR_parallel_shader_compile
    GL_NV_depth_buffer_float
Using driver workarounds:
    no-forward-compatible-core-context
    nv-egl-incorrect-gl11-function-pointers
    no-layout-qualifiers-on-old-glsl
    nv-zero-context-profile-mask
    nv-implementation-color-read-format-dsa-broken
    nv-cubemap-inconsistent-compressed-image-size
    nv-cubemap-broken-full-compressed-image-query
    nv-compressed-block-size-in-bits
[19:09:16:085227]:[Warning]:[Scene] SemanticScene.h(331)::checkFileExists : ::loadSemanticSceneDescriptor: File `data/scene_datasets/habitat-test-scenes/skokloster-castle.scn` does not exist.  Aborting load.
[19:09:16:085245]:[Warning]:[Scene] SemanticScene.cpp(123)::loadSemanticSceneDescriptor : SSD File Naming Issue! Neither SemanticAttributes-provided name : `data/scene_datasets/habitat-test-scenes/skokloster-castle.scn` nor constructed filename : `data/scene_datasets/habitat-test-scenes/info_semantic.json` exist on disk.
[19:09:16:085250]:[Error]:[Scene] SemanticScene.cpp(139)::loadSemanticSceneDescriptor : SSD Load Failure! File with SemanticAttributes-provided name `data/scene_datasets/habitat-test-scenes/skokloster-castle.scn` exists but failed to load.
[19:09:16:690986]:[Warning]:[Sim] Simulator.cpp(595)::instanceStageForSceneAttributes : The active scene does not contain semantic annotations : activeSemanticSceneID_ = 0
2026-08-11 19:09:17,231 update: 5990	fps: 494.171	
2026-08-11 19:09:17,231 Num updates: 5990	Num frames 958400
2026-08-11 19:09:17,231 Average window size: 50  distance_to_goal: 0.145  distance_to_goal_reward: 0.000  reward: 6.317  spl: 0.874  success: 0.973
2026-08-11 19:09:17,231 	Perf Stats: trainer.rollout_collect: 0.286 trainer.sample_action: 0.003 trainer.obs_insert: 0.000 trainer.step_env: 0.005 trainer.update_stats: 0.001 trainer.update_agent: 0.035
2026-08-11 19:09:20,443 update: 6000	fps: 494.177	
2026-08-11 19:09:20,443 Num updates: 6000	Num frames 960000
2026-08-11 19:09:20,443 Average window size: 50  distance_to_goal: 0.117  distance_to_goal_reward: 0.000  reward: 6.515  spl: 0.867  success: 0.967
2026-08-11 19:09:20,443 	Perf Stats: trainer.rollout_collect: 0.286 trainer.sample_action: 0.003 trainer.obs_insert: 0.000 trainer.step_env: 0.005 trainer.update_stats: 0.001 trainer.update_agent: 0.035
PluginManager::Manager: duplicate static plugin StbImageImporter, ignoring
PluginManager::Manager: duplicate static plugin GltfImporter, ignoring
PluginManager::Manager: duplicate static plugin BasisImporter, ignoring
PluginManager::Manager: duplicate static plugin AssimpImporter, ignoring
PluginManager::Manager: duplicate static plugin AnySceneImporter, ignoring
PluginManager::Manager: duplicate static plugin AnyImageImporter, ignoring
Renderer: NVIDIA GeForce RTX 4070/PCIe/SSE2 by NVIDIA Corporation
OpenGL version: 4.6.0 NVIDIA 580.173.02
Using optional features:
    GL_ARB_vertex_array_object
    GL_ARB_separate_shader_objects
    GL_ARB_robustness
    GL_ARB_texture_storage
    GL_ARB_texture_view
    GL_ARB_framebuffer_no_attachments
    GL_ARB_invalidate_subdata
    GL_ARB_texture_storage_multisample
    GL_ARB_multi_bind
    GL_ARB_direct_state_access
    GL_ARB_get_texture_sub_image
    GL_ARB_texture_filter_anisotropic
    GL_KHR_debug
    GL_KHR_parallel_shader_compile
    GL_NV_depth_buffer_float
Using driver workarounds:
    no-forward-compatible-core-context
    nv-egl-incorrect-gl11-function-pointers
    no-layout-qualifiers-on-old-glsl
    nv-zero-context-profile-mask
    nv-implementation-color-read-format-dsa-broken
    nv-cubemap-inconsistent-compressed-image-size
    nv-cubemap-broken-full-compressed-image-query
    nv-compressed-block-size-in-bits
[19:09:20:535142]:[Warning]:[Scene] SemanticScene.h(331)::checkFileExists : ::loadSemanticSceneDescriptor: File `data/scene_datasets/habitat-test-scenes/skokloster-castle.scn` does not exist.  Aborting load.
[19:09:20:535158]:[Warning]:[Scene] SemanticScene.cpp(123)::loadSemanticSceneDescriptor : SSD File Naming Issue! Neither SemanticAttributes-provided name : `data/scene_datasets/habitat-test-scenes/skokloster-castle.scn` nor constructed filename : `data/scene_datasets/habitat-test-scenes/info_semantic.json` exist on disk.
[19:09:20:535163]:[Error]:[Scene] SemanticScene.cpp(139)::loadSemanticSceneDescriptor : SSD Load Failure! File with SemanticAttributes-provided name `data/scene_datasets/habitat-test-scenes/skokloster-castle.scn` exists but failed to load.
[19:09:21:136193]:[Warning]:[Sim] Simulator.cpp(595)::instanceStageForSceneAttributes : The active scene does not contain semantic annotations : activeSemanticSceneID_ = 0
2026-08-11 19:09:24,179 update: 6010	fps: 494.051	
2026-08-11 19:09:24,180 Num updates: 6010	Num frames 961600
2026-08-11 19:09:24,180 Average window size: 50  distance_to_goal: 0.138  distance_to_goal_reward: 0.000  reward: 6.811  spl: 0.862  success: 0.964
2026-08-11 19:09:24,180 	Perf Stats: trainer.rollout_collect: 0.286 trainer.sample_action: 0.003 trainer.obs_insert: 0.000 trainer.step_env: 0.005 trainer.update_stats: 0.001 trainer.update_agent: 0.035
2026-08-11 19:09:27,298 update: 6020	fps: 494.081	
2026-08-11 19:09:27,298 Num updates: 6020	Num frames 963200
2026-08-11 19:09:27,298 Average window size: 50  distance_to_goal: 0.185  distance_to_goal_reward: 0.000  reward: 6.902  spl: 0.863  success: 0.967
2026-08-11 19:09:27,298 	Perf Stats: trainer.rollout_collect: 0.286 trainer.sample_action: 0.003 trainer.obs_insert: 0.000 trainer.step_env: 0.005 trainer.update_stats: 0.001 trainer.update_agent: 0.035
2026-08-11 19:09:30,421 update: 6030	fps: 494.110	
2026-08-11 19:09:30,421 Num updates: 6030	Num frames 964800
2026-08-11 19:09:30,421 Average window size: 50  distance_to_goal: 0.232  distance_to_goal_reward: 0.000  reward: 7.013  spl: 0.859  success: 0.957
2026-08-11 19:09:30,421 	Perf Stats: trainer.rollout_collect: 0.286 trainer.sample_action: 0.003 trainer.obs_insert: 0.000 trainer.step_env: 0.005 trainer.update_stats: 0.001 trainer.update_agent: 0.035
2026-08-11 19:09:33,547 update: 6040	fps: 494.139	
2026-08-11 19:09:33,547 Num updates: 6040	Num frames 966400
2026-08-11 19:09:33,547 Average window size: 50  distance_to_goal: 0.367  distance_to_goal_reward: 0.000  reward: 6.900  spl: 0.833  success: 0.932
2026-08-11 19:09:33,547 	Perf Stats: trainer.rollout_collect: 0.286 trainer.sample_action: 0.003 trainer.obs_insert: 0.000 trainer.step_env: 0.005 trainer.update_stats: 0.001 trainer.update_agent: 0.035
2026-08-11 19:09:36,636 update: 6050	fps: 494.176	
2026-08-11 19:09:36,636 Num updates: 6050	Num frames 968000
2026-08-11 19:09:36,636 Average window size: 50  distance_to_goal: 0.401  distance_to_goal_reward: 0.000  reward: 6.804  spl: 0.843  success: 0.945
2026-08-11 19:09:36,636 	Perf Stats: trainer.rollout_collect: 0.286 trainer.sample_action: 0.003 trainer.obs_insert: 0.000 trainer.step_env: 0.005 trainer.update_stats: 0.001 trainer.update_agent: 0.035
2026-08-11 19:09:39,769 update: 6060	fps: 494.203	
2026-08-11 19:09:39,769 Num updates: 6060	Num frames 969600
2026-08-11 19:09:39,769 Average window size: 50  distance_to_goal: 0.655  distance_to_goal_reward: 0.000  reward: 6.260  spl: 0.785  success: 0.892
2026-08-11 19:09:39,769 	Perf Stats: trainer.rollout_collect: 0.286 trainer.sample_action: 0.003 trainer.obs_insert: 0.000 trainer.step_env: 0.005 trainer.update_stats: 0.001 trainer.update_agent: 0.035
2026-08-11 19:09:42,884 update: 6070	fps: 494.233	
2026-08-11 19:09:42,884 Num updates: 6070	Num frames 971200
2026-08-11 19:09:42,884 Average window size: 50  distance_to_goal: 0.549  distance_to_goal_reward: 0.000  reward: 6.152  spl: 0.779  success: 0.893
2026-08-11 19:09:42,884 	Perf Stats: trainer.rollout_collect: 0.286 trainer.sample_action: 0.003 trainer.obs_insert: 0.000 trainer.step_env: 0.005 trainer.update_stats: 0.001 trainer.update_agent: 0.035
2026-08-11 19:09:45,995 update: 6080	fps: 494.265	
2026-08-11 19:09:45,995 Num updates: 6080	Num frames 972800
2026-08-11 19:09:45,995 Average window size: 50  distance_to_goal: 0.637  distance_to_goal_reward: 0.000  reward: 6.137  spl: 0.783  success: 0.885
2026-08-11 19:09:45,995 	Perf Stats: trainer.rollout_collect: 0.286 trainer.sample_action: 0.003 trainer.obs_insert: 0.000 trainer.step_env: 0.005 trainer.update_stats: 0.001 trainer.update_agent: 0.035
2026-08-11 19:09:49,107 update: 6090	fps: 494.297	
2026-08-11 19:09:49,107 Num updates: 6090	Num frames 974400
2026-08-11 19:09:49,107 Average window size: 50  distance_to_goal: 0.667  distance_to_goal_reward: 0.000  reward: 6.125  spl: 0.793  success: 0.891
2026-08-11 19:09:49,107 	Perf Stats: trainer.rollout_collect: 0.286 trainer.sample_action: 0.003 trainer.obs_insert: 0.000 trainer.step_env: 0.005 trainer.update_stats: 0.001 trainer.update_agent: 0.035
2026-08-11 19:09:52,321 update: 6100	fps: 494.302	
2026-08-11 19:09:52,321 Num updates: 6100	Num frames 976000
2026-08-11 19:09:52,321 Average window size: 50  distance_to_goal: 0.616  distance_to_goal_reward: 0.000  reward: 6.203  spl: 0.802  success: 0.891
2026-08-11 19:09:52,321 	Perf Stats: trainer.rollout_collect: 0.286 trainer.sample_action: 0.003 trainer.obs_insert: 0.000 trainer.step_env: 0.005 trainer.update_stats: 0.001 trainer.update_agent: 0.035
2026-08-11 19:09:55,443 update: 6110	fps: 494.331	
2026-08-11 19:09:55,443 Num updates: 6110	Num frames 977600
2026-08-11 19:09:55,443 Average window size: 50  distance_to_goal: 0.562  distance_to_goal_reward: 0.000  reward: 6.267  spl: 0.838  success: 0.925
2026-08-11 19:09:55,443 	Perf Stats: trainer.rollout_collect: 0.286 trainer.sample_action: 0.003 trainer.obs_insert: 0.000 trainer.step_env: 0.005 trainer.update_stats: 0.001 trainer.update_agent: 0.035
2026-08-11 19:09:58,587 update: 6120	fps: 494.356	
2026-08-11 19:09:58,587 Num updates: 6120	Num frames 979200
2026-08-11 19:09:58,587 Average window size: 50  distance_to_goal: 0.531  distance_to_goal_reward: 0.000  reward: 6.559  spl: 0.855  success: 0.941
2026-08-11 19:09:58,587 	Perf Stats: trainer.rollout_collect: 0.286 trainer.sample_action: 0.003 trainer.obs_insert: 0.000 trainer.step_env: 0.005 trainer.update_stats: 0.001 trainer.update_agent: 0.035
2026-08-11 19:10:01,713 update: 6130	fps: 494.382	
2026-08-11 19:10:01,714 Num updates: 6130	Num frames 980800
2026-08-11 19:10:01,714 Average window size: 50  distance_to_goal: 0.521  distance_to_goal_reward: 0.000  reward: 6.641  spl: 0.845  success: 0.942
2026-08-11 19:10:01,714 	Perf Stats: trainer.rollout_collect: 0.286 trainer.sample_action: 0.003 trainer.obs_insert: 0.000 trainer.step_env: 0.005 trainer.update_stats: 0.001 trainer.update_agent: 0.035
2026-08-11 19:10:04,834 update: 6140	fps: 494.410	
2026-08-11 19:10:04,835 Num updates: 6140	Num frames 982400
2026-08-11 19:10:04,835 Average window size: 50  distance_to_goal: 0.306  distance_to_goal_reward: 0.000  reward: 7.018  spl: 0.866  success: 0.964
2026-08-11 19:10:04,835 	Perf Stats: trainer.rollout_collect: 0.286 trainer.sample_action: 0.003 trainer.obs_insert: 0.000 trainer.step_env: 0.005 trainer.update_stats: 0.001 trainer.update_agent: 0.035
2026-08-11 19:10:07,959 update: 6150	fps: 494.438	
2026-08-11 19:10:07,959 Num updates: 6150	Num frames 984000
2026-08-11 19:10:07,959 Average window size: 50  distance_to_goal: 0.303  distance_to_goal_reward: 0.000  reward: 7.138  spl: 0.858  success: 0.964
2026-08-11 19:10:07,959 	Perf Stats: trainer.rollout_collect: 0.286 trainer.sample_action: 0.003 trainer.obs_insert: 0.000 trainer.step_env: 0.005 trainer.update_stats: 0.001 trainer.update_agent: 0.035
2026-08-11 19:10:11,073 update: 6160	fps: 494.468	
2026-08-11 19:10:11,073 Num updates: 6160	Num frames 985600
2026-08-11 19:10:11,073 Average window size: 50  distance_to_goal: 0.329  distance_to_goal_reward: 0.000  reward: 7.069  spl: 0.858  success: 0.963
2026-08-11 19:10:11,073 	Perf Stats: trainer.rollout_collect: 0.286 trainer.sample_action: 0.003 trainer.obs_insert: 0.000 trainer.step_env: 0.005 trainer.update_stats: 0.001 trainer.update_agent: 0.035
2026-08-11 19:10:14,193 update: 6170	fps: 494.497	
2026-08-11 19:10:14,193 Num updates: 6170	Num frames 987200
2026-08-11 19:10:14,193 Average window size: 50  distance_to_goal: 0.364  distance_to_goal_reward: 0.000  reward: 6.846  spl: 0.842  success: 0.946
2026-08-11 19:10:14,193 	Perf Stats: trainer.rollout_collect: 0.286 trainer.sample_action: 0.003 trainer.obs_insert: 0.000 trainer.step_env: 0.005 trainer.update_stats: 0.001 trainer.update_agent: 0.035
PluginManager::Manager: duplicate static plugin StbImageImporter, ignoring
PluginManager::Manager: duplicate static plugin GltfImporter, ignoring
PluginManager::Manager: duplicate static plugin BasisImporter, ignoring
PluginManager::Manager: duplicate static plugin AssimpImporter, ignoring
PluginManager::Manager: duplicate static plugin AnySceneImporter, ignoring
PluginManager::Manager: duplicate static plugin AnyImageImporter, ignoring
Renderer: NVIDIA GeForce RTX 4070/PCIe/SSE2 by NVIDIA Corporation
OpenGL version: 4.6.0 NVIDIA 580.173.02
Using optional features:
    GL_ARB_vertex_array_object
    GL_ARB_separate_shader_objects
    GL_ARB_robustness
    GL_ARB_texture_storage
    GL_ARB_texture_view
    GL_ARB_framebuffer_no_attachments
    GL_ARB_invalidate_subdata
    GL_ARB_texture_storage_multisample
    GL_ARB_multi_bind
    GL_ARB_direct_state_access
    GL_ARB_get_texture_sub_image
    GL_ARB_texture_filter_anisotropic
    GL_KHR_debug
    GL_KHR_parallel_shader_compile
    GL_NV_depth_buffer_float
Using driver workarounds:
    no-forward-compatible-core-context
    nv-egl-incorrect-gl11-function-pointers
    no-layout-qualifiers-on-old-glsl
    nv-zero-context-profile-mask
    nv-implementation-color-read-format-dsa-broken
    nv-cubemap-inconsistent-compressed-image-size
    nv-cubemap-broken-full-compressed-image-query
    nv-compressed-block-size-in-bits
[19:10:17:080309]:[Warning]:[Scene] SemanticScene.h(331)::checkFileExists : ::loadSemanticSceneDescriptor: File `data/scene_datasets/habitat-test-scenes/skokloster-castle.scn` does not exist.  Aborting load.
[19:10:17:080325]:[Warning]:[Scene] SemanticScene.cpp(123)::loadSemanticSceneDescriptor : SSD File Naming Issue! Neither SemanticAttributes-provided name : `data/scene_datasets/habitat-test-scenes/skokloster-castle.scn` nor constructed filename : `data/scene_datasets/habitat-test-scenes/info_semantic.json` exist on disk.
[19:10:17:080330]:[Error]:[Scene] SemanticScene.cpp(139)::loadSemanticSceneDescriptor : SSD Load Failure! File with SemanticAttributes-provided name `data/scene_datasets/habitat-test-scenes/skokloster-castle.scn` exists but failed to load.
[19:10:17:681097]:[Warning]:[Sim] Simulator.cpp(595)::instanceStageForSceneAttributes : The active scene does not contain semantic annotations : activeSemanticSceneID_ = 0
2026-08-11 19:10:17,926 update: 6180	fps: 494.374	
2026-08-11 19:10:17,926 Num updates: 6180	Num frames 988800
2026-08-11 19:10:17,926 Average window size: 50  distance_to_goal: 0.529  distance_to_goal_reward: 0.000  reward: 6.489  spl: 0.831  success: 0.930
2026-08-11 19:10:17,926 	Perf Stats: trainer.rollout_collect: 0.286 trainer.sample_action: 0.003 trainer.obs_insert: 0.000 trainer.step_env: 0.005 trainer.update_stats: 0.001 trainer.update_agent: 0.035
2026-08-11 19:10:21,084 update: 6190	fps: 494.393	
2026-08-11 19:10:21,084 Num updates: 6190	Num frames 990400
2026-08-11 19:10:21,084 Average window size: 50  distance_to_goal: 0.639  distance_to_goal_reward: 0.000  reward: 6.230  spl: 0.797  success: 0.897
2026-08-11 19:10:21,084 	Perf Stats: trainer.rollout_collect: 0.286 trainer.sample_action: 0.003 trainer.obs_insert: 0.000 trainer.step_env: 0.005 trainer.update_stats: 0.001 trainer.update_agent: 0.035
2026-08-11 19:10:24,356 update: 6200	fps: 494.385	
2026-08-11 19:10:24,364 Num updates: 6200	Num frames 992000
2026-08-11 19:10:24,365 Average window size: 50  distance_to_goal: 0.737  distance_to_goal_reward: -0.000  reward: 6.637  spl: 0.786  success: 0.883
2026-08-11 19:10:24,365 	Perf Stats: trainer.rollout_collect: 0.286 trainer.sample_action: 0.003 trainer.obs_insert: 0.000 trainer.step_env: 0.005 trainer.update_stats: 0.001 trainer.update_agent: 0.035
2026-08-11 19:10:27,520 update: 6210	fps: 494.402	
2026-08-11 19:10:27,521 Num updates: 6210	Num frames 993600
2026-08-11 19:10:27,521 Average window size: 50  distance_to_goal: 0.638  distance_to_goal_reward: -0.000  reward: 7.485  spl: 0.808  success: 0.906
2026-08-11 19:10:27,521 	Perf Stats: trainer.rollout_collect: 0.286 trainer.sample_action: 0.003 trainer.obs_insert: 0.000 trainer.step_env: 0.005 trainer.update_stats: 0.001 trainer.update_agent: 0.035
2026-08-11 19:10:30,682 update: 6220	fps: 494.421	
2026-08-11 19:10:30,682 Num updates: 6220	Num frames 995200
2026-08-11 19:10:30,682 Average window size: 50  distance_to_goal: 0.752  distance_to_goal_reward: -0.000  reward: 7.644  spl: 0.794  success: 0.898
2026-08-11 19:10:30,682 	Perf Stats: trainer.rollout_collect: 0.286 trainer.sample_action: 0.003 trainer.obs_insert: 0.000 trainer.step_env: 0.005 trainer.update_stats: 0.001 trainer.update_agent: 0.035
2026-08-11 19:10:33,866 update: 6230	fps: 494.433	
2026-08-11 19:10:33,866 Num updates: 6230	Num frames 996800
2026-08-11 19:10:33,866 Average window size: 50  distance_to_goal: 0.691  distance_to_goal_reward: -0.000  reward: 8.442  spl: 0.803  success: 0.910
2026-08-11 19:10:33,866 	Perf Stats: trainer.rollout_collect: 0.286 trainer.sample_action: 0.003 trainer.obs_insert: 0.000 trainer.step_env: 0.005 trainer.update_stats: 0.001 trainer.update_agent: 0.035
2026-08-11 19:10:37,026 update: 6240	fps: 494.452	
2026-08-11 19:10:37,026 Num updates: 6240	Num frames 998400
2026-08-11 19:10:37,026 Average window size: 50  distance_to_goal: 0.830  distance_to_goal_reward: -0.000  reward: 8.364  spl: 0.808  success: 0.918
2026-08-11 19:10:37,026 	Perf Stats: trainer.rollout_collect: 0.286 trainer.sample_action: 0.003 trainer.obs_insert: 0.000 trainer.step_env: 0.005 trainer.update_stats: 0.001 trainer.update_agent: 0.035
PluginManager::Manager: duplicate static plugin StbImageImporter, ignoring
PluginManager::Manager: duplicate static plugin GltfImporter, ignoring
PluginManager::Manager: duplicate static plugin BasisImporter, ignoring
PluginManager::Manager: duplicate static plugin AssimpImporter, ignoring
PluginManager::Manager: duplicate static plugin AnySceneImporter, ignoring
PluginManager::Manager: duplicate static plugin AnyImageImporter, ignoring
Renderer: NVIDIA GeForce RTX 4070/PCIe/SSE2 by NVIDIA Corporation
OpenGL version: 4.6.0 NVIDIA 580.173.02
Using optional features:
    GL_ARB_vertex_array_object
    GL_ARB_separate_shader_objects
    GL_ARB_robustness
    GL_ARB_texture_storage
    GL_ARB_texture_view
    GL_ARB_framebuffer_no_attachments
    GL_ARB_invalidate_subdata
    GL_ARB_texture_storage_multisample
    GL_ARB_multi_bind
    GL_ARB_direct_state_access
    GL_ARB_get_texture_sub_image
    GL_ARB_texture_filter_anisotropic
    GL_KHR_debug
    GL_KHR_parallel_shader_compile
    GL_NV_depth_buffer_float
Using driver workarounds:
    no-forward-compatible-core-context
    nv-egl-incorrect-gl11-function-pointers
    no-layout-qualifiers-on-old-glsl
    nv-zero-context-profile-mask
    nv-implementation-color-read-format-dsa-broken
    nv-cubemap-inconsistent-compressed-image-size
    nv-cubemap-broken-full-compressed-image-query
    nv-compressed-block-size-in-bits
[19:10:39:078766]:[Warning]:[Scene] SemanticScene.h(331)::checkFileExists : ::loadSemanticSceneDescriptor: File `data/scene_datasets/habitat-test-scenes/van-gogh-room.scn` does not exist.  Aborting load.
[19:10:39:078782]:[Warning]:[Scene] SemanticScene.cpp(123)::loadSemanticSceneDescriptor : SSD File Naming Issue! Neither SemanticAttributes-provided name : `data/scene_datasets/habitat-test-scenes/van-gogh-room.scn` nor constructed filename : `data/scene_datasets/habitat-test-scenes/info_semantic.json` exist on disk.
[19:10:39:078787]:[Error]:[Scene] SemanticScene.cpp(139)::loadSemanticSceneDescriptor : SSD Load Failure! File with SemanticAttributes-provided name `data/scene_datasets/habitat-test-scenes/van-gogh-room.scn` exists but failed to load.
[19:10:39:514350]:[Warning]:[Sim] Simulator.cpp(595)::instanceStageForSceneAttributes : The active scene does not contain semantic annotations : activeSemanticSceneID_ = 0
2026-08-11 19:10:40,611 update: 6250	fps: 494.367	
2026-08-11 19:10:40,611 Num updates: 6250	Num frames 1000000
2026-08-11 19:10:40,611 Average window size: 50  distance_to_goal: 0.809  distance_to_goal_reward: 0.000  reward: 8.474  spl: 0.814  success: 0.928
2026-08-11 19:10:40,611 	Perf Stats: trainer.rollout_collect: 0.286 trainer.sample_action: 0.003 trainer.obs_insert: 0.000 trainer.step_env: 0.005 trainer.update_stats: 0.001 trainer.update_agent: 0.035
